odfpath	srcext	srcpath	family	batch	feature
slides/chartset-005/odp/076_Hexadonut_Charts_for_PowerPoint_and_Google_Slides_2b879835.odp	pptx	slides/chartset-005/pptx/076_Hexadonut_Charts_for_PowerPoint_and_Google_Slides_2b879835.pptx	slides	chartset-005	class:chart:circle
slides/chartset-005/odp/076_Hexadonut_Charts_for_PowerPoint_and_Google_Slides_2b879835.odp	pptx	slides/chartset-005/pptx/076_Hexadonut_Charts_for_PowerPoint_and_Google_Slides_2b879835.pptx	slides	chartset-005	series-class:chart:circle
slides/chartset-005/odp/076_Hexadonut_Charts_for_PowerPoint_and_Google_Slides_2b879835.odp	pptx	slides/chartset-005/pptx/076_Hexadonut_Charts_for_PowerPoint_and_Google_Slides_2b879835.pptx	slides	chartset-005	@solid_type
slides/chartset-005/odp/076_Hexadonut_Charts_for_PowerPoint_and_Google_Slides_2b879835.odp	pptx	slides/chartset-005/pptx/076_Hexadonut_Charts_for_PowerPoint_and_Google_Slides_2b879835.pptx	slides	chartset-005	class:chart:circle
slides/chartset-005/odp/076_Hexadonut_Charts_for_PowerPoint_and_Google_Slides_2b879835.odp	pptx	slides/chartset-005/pptx/076_Hexadonut_Charts_for_PowerPoint_and_Google_Slides_2b879835.pptx	slides	chartset-005	series-class:chart:circle
slides/chartset-005/odp/076_Hexadonut_Charts_for_PowerPoint_and_Google_Slides_2b879835.odp	pptx	slides/chartset-005/pptx/076_Hexadonut_Charts_for_PowerPoint_and_Google_Slides_2b879835.pptx	slides	chartset-005	@solid_type
slides/chartset-005/odp/076_Hexadonut_Charts_for_PowerPoint_and_Google_Slides_2b879835.odp	pptx	slides/chartset-005/pptx/076_Hexadonut_Charts_for_PowerPoint_and_Google_Slides_2b879835.pptx	slides	chartset-005	class:chart:circle
slides/chartset-005/odp/076_Hexadonut_Charts_for_PowerPoint_and_Google_Slides_2b879835.odp	pptx	slides/chartset-005/pptx/076_Hexadonut_Charts_for_PowerPoint_and_Google_Slides_2b879835.pptx	slides	chartset-005	series-class:chart:circle
slides/chartset-005/odp/076_Hexadonut_Charts_for_PowerPoint_and_Google_Slides_2b879835.odp	pptx	slides/chartset-005/pptx/076_Hexadonut_Charts_for_PowerPoint_and_Google_Slides_2b879835.pptx	slides	chartset-005	@solid_type
slides/chartset-005/odp/076_Hexadonut_Charts_for_PowerPoint_and_Google_Slides_2b879835.odp	pptx	slides/chartset-005/pptx/076_Hexadonut_Charts_for_PowerPoint_and_Google_Slides_2b879835.pptx	slides	chartset-005	class:chart:circle
slides/chartset-005/odp/076_Hexadonut_Charts_for_PowerPoint_and_Google_Slides_2b879835.odp	pptx	slides/chartset-005/pptx/076_Hexadonut_Charts_for_PowerPoint_and_Google_Slides_2b879835.pptx	slides	chartset-005	series-class:chart:circle
slides/chartset-005/odp/076_Hexadonut_Charts_for_PowerPoint_and_Google_Slides_2b879835.odp	pptx	slides/chartset-005/pptx/076_Hexadonut_Charts_for_PowerPoint_and_Google_Slides_2b879835.pptx	slides	chartset-005	@solid_type
slides/chartset-005/odp/076_Hexadonut_Charts_for_PowerPoint_and_Google_Slides_2b879835.odp	pptx	slides/chartset-005/pptx/076_Hexadonut_Charts_for_PowerPoint_and_Google_Slides_2b879835.pptx	slides	chartset-005	class:chart:circle
slides/chartset-005/odp/076_Hexadonut_Charts_for_PowerPoint_and_Google_Slides_2b879835.odp	pptx	slides/chartset-005/pptx/076_Hexadonut_Charts_for_PowerPoint_and_Google_Slides_2b879835.pptx	slides	chartset-005	series-class:chart:circle
slides/chartset-005/odp/076_Hexadonut_Charts_for_PowerPoint_and_Google_Slides_2b879835.odp	pptx	slides/chartset-005/pptx/076_Hexadonut_Charts_for_PowerPoint_and_Google_Slides_2b879835.pptx	slides	chartset-005	@solid_type
slides/chartset-005/odp/076_Hexadonut_Charts_for_PowerPoint_and_Google_Slides_2b879835.odp	pptx	slides/chartset-005/pptx/076_Hexadonut_Charts_for_PowerPoint_and_Google_Slides_2b879835.pptx	slides	chartset-005	class:chart:circle
slides/chartset-005/odp/076_Hexadonut_Charts_for_PowerPoint_and_Google_Slides_2b879835.odp	pptx	slides/chartset-005/pptx/076_Hexadonut_Charts_for_PowerPoint_and_Google_Slides_2b879835.pptx	slides	chartset-005	series-class:chart:circle
slides/chartset-005/odp/076_Hexadonut_Charts_for_PowerPoint_and_Google_Slides_2b879835.odp	pptx	slides/chartset-005/pptx/076_Hexadonut_Charts_for_PowerPoint_and_Google_Slides_2b879835.pptx	slides	chartset-005	@solid_type
slides/done-012/odp/Intersil_Italy_CAN_Bus_Transceiver_Presentation_Final.odp	pptx	slides/done-012/pptx/Intersil_Italy_CAN_Bus_Transceiver_Presentation_Final.pptx	slides	done-012	class:chart:bar
slides/done-012/odp/Intersil_Italy_CAN_Bus_Transceiver_Presentation_Final.odp	pptx	slides/done-012/pptx/Intersil_Italy_CAN_Bus_Transceiver_Presentation_Final.pptx	slides	done-012	series-class:chart:bar
slides/done-012/odp/Intersil_Italy_CAN_Bus_Transceiver_Presentation_Final.odp	pptx	slides/done-012/pptx/Intersil_Italy_CAN_Bus_Transceiver_Presentation_Final.pptx	slides	done-012	@solid_type
slides/done-007/odp/bitesize-writing-a-report.odp	pptx	slides/done-007/pptx/bitesize-writing-a-report.pptx	slides	done-007	class:chart:circle
slides/done-007/odp/bitesize-writing-a-report.odp	pptx	slides/done-007/pptx/bitesize-writing-a-report.pptx	slides	done-007	series-class:chart:circle
slides/done-007/odp/bitesize-writing-a-report.odp	pptx	slides/done-007/pptx/bitesize-writing-a-report.pptx	slides	done-007	@solid_type
slides/done-007/odp/bitesize-writing-a-report.odp	pptx	slides/done-007/pptx/bitesize-writing-a-report.pptx	slides	done-007	class:chart:circle
slides/done-007/odp/bitesize-writing-a-report.odp	pptx	slides/done-007/pptx/bitesize-writing-a-report.pptx	slides	done-007	series-class:chart:circle
slides/done-007/odp/bitesize-writing-a-report.odp	pptx	slides/done-007/pptx/bitesize-writing-a-report.pptx	slides	done-007	@solid_type
slides/done-007/odp/flying-by-numbers-presentation.odp	pptx	slides/done-007/pptx/flying-by-numbers-presentation.pptx	slides	done-007	class:chart:scatter
slides/done-007/odp/flying-by-numbers-presentation.odp	pptx	slides/done-007/pptx/flying-by-numbers-presentation.pptx	slides	done-007	series-class:chart:scatter
slides/done-007/odp/flying-by-numbers-presentation.odp	pptx	slides/done-007/pptx/flying-by-numbers-presentation.pptx	slides	done-007	@symbol_type
slides/chartset-009/odp/033_Battery_Percentage_Chart_c99c24b5.odp	pptx	slides/chartset-009/pptx/033_Battery_Percentage_Chart_c99c24b5.pptx	slides	chartset-009	class:chart:bar
slides/chartset-009/odp/033_Battery_Percentage_Chart_c99c24b5.odp	pptx	slides/chartset-009/pptx/033_Battery_Percentage_Chart_c99c24b5.pptx	slides	chartset-009	series-class:chart:bar
slides/chartset-009/odp/033_Battery_Percentage_Chart_c99c24b5.odp	pptx	slides/chartset-009/pptx/033_Battery_Percentage_Chart_c99c24b5.pptx	slides	chartset-009	@percentage_true
slides/chartset-009/odp/033_Battery_Percentage_Chart_c99c24b5.odp	pptx	slides/chartset-009/pptx/033_Battery_Percentage_Chart_c99c24b5.pptx	slides	chartset-009	@solid_type
slides/chartset-009/odp/033_Battery_Percentage_Chart_c99c24b5.odp	pptx	slides/chartset-009/pptx/033_Battery_Percentage_Chart_c99c24b5.pptx	slides	chartset-009	class:chart:bar
slides/chartset-009/odp/033_Battery_Percentage_Chart_c99c24b5.odp	pptx	slides/chartset-009/pptx/033_Battery_Percentage_Chart_c99c24b5.pptx	slides	chartset-009	series-class:chart:bar
slides/chartset-009/odp/033_Battery_Percentage_Chart_c99c24b5.odp	pptx	slides/chartset-009/pptx/033_Battery_Percentage_Chart_c99c24b5.pptx	slides	chartset-009	@percentage_true
slides/chartset-009/odp/033_Battery_Percentage_Chart_c99c24b5.odp	pptx	slides/chartset-009/pptx/033_Battery_Percentage_Chart_c99c24b5.pptx	slides	chartset-009	@solid_type
slides/chartset-009/odp/033_Battery_Percentage_Chart_c99c24b5.odp	pptx	slides/chartset-009/pptx/033_Battery_Percentage_Chart_c99c24b5.pptx	slides	chartset-009	class:chart:bar
slides/chartset-009/odp/033_Battery_Percentage_Chart_c99c24b5.odp	pptx	slides/chartset-009/pptx/033_Battery_Percentage_Chart_c99c24b5.pptx	slides	chartset-009	series-class:chart:bar
slides/chartset-009/odp/033_Battery_Percentage_Chart_c99c24b5.odp	pptx	slides/chartset-009/pptx/033_Battery_Percentage_Chart_c99c24b5.pptx	slides	chartset-009	@percentage_true
slides/chartset-009/odp/033_Battery_Percentage_Chart_c99c24b5.odp	pptx	slides/chartset-009/pptx/033_Battery_Percentage_Chart_c99c24b5.pptx	slides	chartset-009	@solid_type
slides/chartset-009/odp/033_Battery_Percentage_Chart_c99c24b5.odp	pptx	slides/chartset-009/pptx/033_Battery_Percentage_Chart_c99c24b5.pptx	slides	chartset-009	class:chart:bar
slides/chartset-009/odp/033_Battery_Percentage_Chart_c99c24b5.odp	pptx	slides/chartset-009/pptx/033_Battery_Percentage_Chart_c99c24b5.pptx	slides	chartset-009	series-class:chart:bar
slides/chartset-009/odp/033_Battery_Percentage_Chart_c99c24b5.odp	pptx	slides/chartset-009/pptx/033_Battery_Percentage_Chart_c99c24b5.pptx	slides	chartset-009	@percentage_true
slides/chartset-009/odp/033_Battery_Percentage_Chart_c99c24b5.odp	pptx	slides/chartset-009/pptx/033_Battery_Percentage_Chart_c99c24b5.pptx	slides	chartset-009	@solid_type
slides/chartset-009/odp/033_Battery_Percentage_Chart_c99c24b5.odp	pptx	slides/chartset-009/pptx/033_Battery_Percentage_Chart_c99c24b5.pptx	slides	chartset-009	class:chart:bar
slides/chartset-009/odp/033_Battery_Percentage_Chart_c99c24b5.odp	pptx	slides/chartset-009/pptx/033_Battery_Percentage_Chart_c99c24b5.pptx	slides	chartset-009	series-class:chart:bar
slides/chartset-009/odp/033_Battery_Percentage_Chart_c99c24b5.odp	pptx	slides/chartset-009/pptx/033_Battery_Percentage_Chart_c99c24b5.pptx	slides	chartset-009	@percentage_true
slides/chartset-009/odp/033_Battery_Percentage_Chart_c99c24b5.odp	pptx	slides/chartset-009/pptx/033_Battery_Percentage_Chart_c99c24b5.pptx	slides	chartset-009	@solid_type
slides/chartset-009/odp/033_Battery_Percentage_Chart_c99c24b5.odp	pptx	slides/chartset-009/pptx/033_Battery_Percentage_Chart_c99c24b5.pptx	slides	chartset-009	class:chart:bar
slides/chartset-009/odp/033_Battery_Percentage_Chart_c99c24b5.odp	pptx	slides/chartset-009/pptx/033_Battery_Percentage_Chart_c99c24b5.pptx	slides	chartset-009	series-class:chart:bar
slides/chartset-009/odp/033_Battery_Percentage_Chart_c99c24b5.odp	pptx	slides/chartset-009/pptx/033_Battery_Percentage_Chart_c99c24b5.pptx	slides	chartset-009	@percentage_true
slides/chartset-009/odp/033_Battery_Percentage_Chart_c99c24b5.odp	pptx	slides/chartset-009/pptx/033_Battery_Percentage_Chart_c99c24b5.pptx	slides	chartset-009	@solid_type
slides/chartset-009/odp/052_Flame_Percentage_Chart_d27d49c4.odp	pptx	slides/chartset-009/pptx/052_Flame_Percentage_Chart_d27d49c4.pptx	slides	chartset-009	class:chart:bar
slides/chartset-009/odp/052_Flame_Percentage_Chart_d27d49c4.odp	pptx	slides/chartset-009/pptx/052_Flame_Percentage_Chart_d27d49c4.pptx	slides	chartset-009	series-class:chart:bar
slides/chartset-009/odp/052_Flame_Percentage_Chart_d27d49c4.odp	pptx	slides/chartset-009/pptx/052_Flame_Percentage_Chart_d27d49c4.pptx	slides	chartset-009	@percentage_true
slides/chartset-009/odp/052_Flame_Percentage_Chart_d27d49c4.odp	pptx	slides/chartset-009/pptx/052_Flame_Percentage_Chart_d27d49c4.pptx	slides	chartset-009	@solid_type
slides/chartset-009/odp/052_Flame_Percentage_Chart_d27d49c4.odp	pptx	slides/chartset-009/pptx/052_Flame_Percentage_Chart_d27d49c4.pptx	slides	chartset-009	class:chart:bar
slides/chartset-009/odp/052_Flame_Percentage_Chart_d27d49c4.odp	pptx	slides/chartset-009/pptx/052_Flame_Percentage_Chart_d27d49c4.pptx	slides	chartset-009	series-class:chart:bar
slides/chartset-009/odp/052_Flame_Percentage_Chart_d27d49c4.odp	pptx	slides/chartset-009/pptx/052_Flame_Percentage_Chart_d27d49c4.pptx	slides	chartset-009	@percentage_true
slides/chartset-009/odp/052_Flame_Percentage_Chart_d27d49c4.odp	pptx	slides/chartset-009/pptx/052_Flame_Percentage_Chart_d27d49c4.pptx	slides	chartset-009	@solid_type
slides/chartset-009/odp/052_Flame_Percentage_Chart_d27d49c4.odp	pptx	slides/chartset-009/pptx/052_Flame_Percentage_Chart_d27d49c4.pptx	slides	chartset-009	class:chart:bar
slides/chartset-009/odp/052_Flame_Percentage_Chart_d27d49c4.odp	pptx	slides/chartset-009/pptx/052_Flame_Percentage_Chart_d27d49c4.pptx	slides	chartset-009	series-class:chart:bar
slides/chartset-009/odp/052_Flame_Percentage_Chart_d27d49c4.odp	pptx	slides/chartset-009/pptx/052_Flame_Percentage_Chart_d27d49c4.pptx	slides	chartset-009	@percentage_true
slides/chartset-009/odp/052_Flame_Percentage_Chart_d27d49c4.odp	pptx	slides/chartset-009/pptx/052_Flame_Percentage_Chart_d27d49c4.pptx	slides	chartset-009	@solid_type
slides/chartset-009/odp/052_Flame_Percentage_Chart_d27d49c4.odp	pptx	slides/chartset-009/pptx/052_Flame_Percentage_Chart_d27d49c4.pptx	slides	chartset-009	class:chart:bar
slides/chartset-009/odp/052_Flame_Percentage_Chart_d27d49c4.odp	pptx	slides/chartset-009/pptx/052_Flame_Percentage_Chart_d27d49c4.pptx	slides	chartset-009	series-class:chart:bar
slides/chartset-009/odp/052_Flame_Percentage_Chart_d27d49c4.odp	pptx	slides/chartset-009/pptx/052_Flame_Percentage_Chart_d27d49c4.pptx	slides	chartset-009	@percentage_true
slides/chartset-009/odp/052_Flame_Percentage_Chart_d27d49c4.odp	pptx	slides/chartset-009/pptx/052_Flame_Percentage_Chart_d27d49c4.pptx	slides	chartset-009	@solid_type
slides/chartset-009/odp/052_Flame_Percentage_Chart_d27d49c4.odp	pptx	slides/chartset-009/pptx/052_Flame_Percentage_Chart_d27d49c4.pptx	slides	chartset-009	class:chart:bar
slides/chartset-009/odp/052_Flame_Percentage_Chart_d27d49c4.odp	pptx	slides/chartset-009/pptx/052_Flame_Percentage_Chart_d27d49c4.pptx	slides	chartset-009	series-class:chart:bar
slides/chartset-009/odp/052_Flame_Percentage_Chart_d27d49c4.odp	pptx	slides/chartset-009/pptx/052_Flame_Percentage_Chart_d27d49c4.pptx	slides	chartset-009	@percentage_true
slides/chartset-009/odp/052_Flame_Percentage_Chart_d27d49c4.odp	pptx	slides/chartset-009/pptx/052_Flame_Percentage_Chart_d27d49c4.pptx	slides	chartset-009	@solid_type
slides/chartset-009/odp/052_Flame_Percentage_Chart_d27d49c4.odp	pptx	slides/chartset-009/pptx/052_Flame_Percentage_Chart_d27d49c4.pptx	slides	chartset-009	class:chart:bar
slides/chartset-009/odp/052_Flame_Percentage_Chart_d27d49c4.odp	pptx	slides/chartset-009/pptx/052_Flame_Percentage_Chart_d27d49c4.pptx	slides	chartset-009	series-class:chart:bar
slides/chartset-009/odp/052_Flame_Percentage_Chart_d27d49c4.odp	pptx	slides/chartset-009/pptx/052_Flame_Percentage_Chart_d27d49c4.pptx	slides	chartset-009	@percentage_true
slides/chartset-009/odp/052_Flame_Percentage_Chart_d27d49c4.odp	pptx	slides/chartset-009/pptx/052_Flame_Percentage_Chart_d27d49c4.pptx	slides	chartset-009	@solid_type
slides/chartset-009/odp/052_Flame_Percentage_Chart_d27d49c4.odp	pptx	slides/chartset-009/pptx/052_Flame_Percentage_Chart_d27d49c4.pptx	slides	chartset-009	class:chart:bar
slides/chartset-009/odp/052_Flame_Percentage_Chart_d27d49c4.odp	pptx	slides/chartset-009/pptx/052_Flame_Percentage_Chart_d27d49c4.pptx	slides	chartset-009	series-class:chart:bar
slides/chartset-009/odp/052_Flame_Percentage_Chart_d27d49c4.odp	pptx	slides/chartset-009/pptx/052_Flame_Percentage_Chart_d27d49c4.pptx	slides	chartset-009	@percentage_true
slides/chartset-009/odp/052_Flame_Percentage_Chart_d27d49c4.odp	pptx	slides/chartset-009/pptx/052_Flame_Percentage_Chart_d27d49c4.pptx	slides	chartset-009	@solid_type
slides/chartset-009/odp/052_Flame_Percentage_Chart_d27d49c4.odp	pptx	slides/chartset-009/pptx/052_Flame_Percentage_Chart_d27d49c4.pptx	slides	chartset-009	class:chart:bar
slides/chartset-009/odp/052_Flame_Percentage_Chart_d27d49c4.odp	pptx	slides/chartset-009/pptx/052_Flame_Percentage_Chart_d27d49c4.pptx	slides	chartset-009	series-class:chart:bar
slides/chartset-009/odp/052_Flame_Percentage_Chart_d27d49c4.odp	pptx	slides/chartset-009/pptx/052_Flame_Percentage_Chart_d27d49c4.pptx	slides	chartset-009	@percentage_true
slides/chartset-009/odp/052_Flame_Percentage_Chart_d27d49c4.odp	pptx	slides/chartset-009/pptx/052_Flame_Percentage_Chart_d27d49c4.pptx	slides	chartset-009	@solid_type
slides/chartset-004/odp/004_advanced_powerpoint_pie.odp	pptx	slides/chartset-004/pptx/004_advanced_powerpoint_pie.pptx	slides	chartset-004	class:chart:circle
slides/chartset-004/odp/004_advanced_powerpoint_pie.odp	pptx	slides/chartset-004/pptx/004_advanced_powerpoint_pie.pptx	slides	chartset-004	series-class:chart:circle
slides/chartset-004/odp/004_advanced_powerpoint_pie.odp	pptx	slides/chartset-004/pptx/004_advanced_powerpoint_pie.pptx	slides	chartset-004	@solid_type
slides/chartset-004/odp/013_advanced_powerpoint_doughnut.odp	pptx	slides/chartset-004/pptx/013_advanced_powerpoint_doughnut.pptx	slides	chartset-004	class:chart:ring
slides/chartset-004/odp/013_advanced_powerpoint_doughnut.odp	pptx	slides/chartset-004/pptx/013_advanced_powerpoint_doughnut.pptx	slides	chartset-004	series-class:chart:circle
slides/chartset-004/odp/013_advanced_powerpoint_doughnut.odp	pptx	slides/chartset-004/pptx/013_advanced_powerpoint_doughnut.pptx	slides	chartset-004	@solid_type
slides/chartset-004/odp/018_advanced_powerpoint_column.odp	pptx	slides/chartset-004/pptx/018_advanced_powerpoint_column.pptx	slides	chartset-004	class:chart:bar
slides/chartset-004/odp/018_advanced_powerpoint_column.odp	pptx	slides/chartset-004/pptx/018_advanced_powerpoint_column.pptx	slides	chartset-004	series-class:chart:bar
slides/chartset-004/odp/020_advanced_powerpoint_pie.odp	pptx	slides/chartset-004/pptx/020_advanced_powerpoint_pie.pptx	slides	chartset-004	class:chart:circle
slides/chartset-004/odp/020_advanced_powerpoint_pie.odp	pptx	slides/chartset-004/pptx/020_advanced_powerpoint_pie.pptx	slides	chartset-004	series-class:chart:circle
slides/chartset-004/odp/020_advanced_powerpoint_pie.odp	pptx	slides/chartset-004/pptx/020_advanced_powerpoint_pie.pptx	slides	chartset-004	@solid_type
slides/chartset-004/odp/021_advanced_powerpoint_doughnut.odp	pptx	slides/chartset-004/pptx/021_advanced_powerpoint_doughnut.pptx	slides	chartset-004	class:chart:ring
slides/chartset-004/odp/021_advanced_powerpoint_doughnut.odp	pptx	slides/chartset-004/pptx/021_advanced_powerpoint_doughnut.pptx	slides	chartset-004	series-class:chart:circle
slides/chartset-004/odp/021_advanced_powerpoint_doughnut.odp	pptx	slides/chartset-004/pptx/021_advanced_powerpoint_doughnut.pptx	slides	chartset-004	@solid_type
slides/chartset-004/odp/022_advanced_powerpoint_area.odp	pptx	slides/chartset-004/pptx/022_advanced_powerpoint_area.pptx	slides	chartset-004	class:chart:area
slides/chartset-004/odp/022_advanced_powerpoint_area.odp	pptx	slides/chartset-004/pptx/022_advanced_powerpoint_area.pptx	slides	chartset-004	series-class:chart:area
slides/chartset-004/odp/025_advanced_powerpoint_bar.odp	pptx	slides/chartset-004/pptx/025_advanced_powerpoint_bar.pptx	slides	chartset-004	class:chart:bar
slides/chartset-004/odp/025_advanced_powerpoint_bar.odp	pptx	slides/chartset-004/pptx/025_advanced_powerpoint_bar.pptx	slides	chartset-004	series-class:chart:bar
slides/chartset-004/odp/025_advanced_powerpoint_bar.odp	pptx	slides/chartset-004/pptx/025_advanced_powerpoint_bar.pptx	slides	chartset-004	@vertical_true
slides/chartset-004/odp/026_advanced_powerpoint_column.odp	pptx	slides/chartset-004/pptx/026_advanced_powerpoint_column.pptx	slides	chartset-004	class:chart:bar
slides/chartset-004/odp/026_advanced_powerpoint_column.odp	pptx	slides/chartset-004/pptx/026_advanced_powerpoint_column.pptx	slides	chartset-004	series-class:chart:bar
slides/chartset-004/odp/029_advanced_powerpoint_doughnut.odp	pptx	slides/chartset-004/pptx/029_advanced_powerpoint_doughnut.pptx	slides	chartset-004	class:chart:ring
slides/chartset-004/odp/029_advanced_powerpoint_doughnut.odp	pptx	slides/chartset-004/pptx/029_advanced_powerpoint_doughnut.pptx	slides	chartset-004	series-class:chart:circle
slides/chartset-004/odp/029_advanced_powerpoint_doughnut.odp	pptx	slides/chartset-004/pptx/029_advanced_powerpoint_doughnut.pptx	slides	chartset-004	@solid_type
slides/chartset-001/odp/008_advanced_powerpoint_bubble.odp	pptx	slides/chartset-001/pptx/008_advanced_powerpoint_bubble.pptx	slides	chartset-001	class:chart:bar
slides/chartset-001/odp/015_advanced_powerpoint_scatter.odp	pptx	slides/chartset-001/pptx/015_advanced_powerpoint_scatter.pptx	slides	chartset-001	class:chart:bar
slides/chartset-001/odp/016_advanced_powerpoint_bubble.odp	pptx	slides/chartset-001/pptx/016_advanced_powerpoint_bubble.pptx	slides	chartset-001	class:chart:bar
slides/chartset-001/odp/031_advanced_powerpoint_scatter.odp	pptx	slides/chartset-001/pptx/031_advanced_powerpoint_scatter.pptx	slides	chartset-001	class:chart:bar
slides/chartset-001/odp/bar_chart.odp	pptx	slides/chartset-001/pptx/bar_chart.pptx	slides	chartset-001	class:chart:bar
slides/chartset-001/odp/bar_chart.odp	pptx	slides/chartset-001/pptx/bar_chart.pptx	slides	chartset-001	series-class:chart:bar
slides/chartset-001/odp/combo_bar_line_chart.odp	pptx	slides/chartset-001/pptx/combo_bar_line_chart.pptx	slides	chartset-001	class:chart:bar
slides/chartset-001/odp/combo_bar_line_chart.odp	pptx	slides/chartset-001/pptx/combo_bar_line_chart.pptx	slides	chartset-001	series-class:chart:line
slides/chartset-001/odp/combo_bar_line_chart.odp	pptx	slides/chartset-001/pptx/combo_bar_line_chart.pptx	slides	chartset-001	series-class:chart:bar
slides/chartset-001/odp/combo_bar_line_chart.odp	pptx	slides/chartset-001/pptx/combo_bar_line_chart.pptx	slides	chartset-001	@symbol_type
slides/chartset-001/odp/line_chart.odp	pptx	slides/chartset-001/pptx/line_chart.pptx	slides	chartset-001	class:chart:line
slides/chartset-001/odp/line_chart.odp	pptx	slides/chartset-001/pptx/line_chart.pptx	slides	chartset-001	series-class:chart:line
slides/chartset-001/odp/line_chart.odp	pptx	slides/chartset-001/pptx/line_chart.pptx	slides	chartset-001	@symbol_type
slides/chartset-001/odp/scatter_chart.odp	pptx	slides/chartset-001/pptx/scatter_chart.pptx	slides	chartset-001	class:chart:scatter
slides/chartset-001/odp/scatter_chart.odp	pptx	slides/chartset-001/pptx/scatter_chart.pptx	slides	chartset-001	series-class:chart:scatter
slides/chartset-001/odp/scatter_chart.odp	pptx	slides/chartset-001/pptx/scatter_chart.pptx	slides	chartset-001	@symbol_type
slides/chartset-001/odp/scatter_chart.odp	pptx	slides/chartset-001/pptx/scatter_chart.pptx	slides	chartset-001	@solid_type
slides/chartset-001/odp/stacked_area_chart.odp	pptx	slides/chartset-001/pptx/stacked_area_chart.pptx	slides	chartset-001	class:chart:area
slides/chartset-001/odp/stacked_area_chart.odp	pptx	slides/chartset-001/pptx/stacked_area_chart.pptx	slides	chartset-001	series-class:chart:area
slides/chartset-001/odp/stacked_area_chart.odp	pptx	slides/chartset-001/pptx/stacked_area_chart.pptx	slides	chartset-001	@stacked_true
slides/chartset-001/odp/stacked_bar_chart.odp	pptx	slides/chartset-001/pptx/stacked_bar_chart.pptx	slides	chartset-001	class:chart:bar
slides/chartset-001/odp/stacked_bar_chart.odp	pptx	slides/chartset-001/pptx/stacked_bar_chart.pptx	slides	chartset-001	series-class:chart:bar
slides/chartset-001/odp/stacked_bar_chart.odp	pptx	slides/chartset-001/pptx/stacked_bar_chart.pptx	slides	chartset-001	@stacked_true
slides/done-004/odp/undp_presentation_revised_17_may.odp	ppt	slides/done-004/ppt/undp_presentation_revised_17_may.ppt	slides	done-004	class:chart:circle
slides/done-004/odp/undp_presentation_revised_17_may.odp	ppt	slides/done-004/ppt/undp_presentation_revised_17_may.ppt	slides	done-004	series-class:chart:circle
slides/done-004/odp/undp_presentation_revised_17_may.odp	ppt	slides/done-004/ppt/undp_presentation_revised_17_may.ppt	slides	done-004	@three_d_true
slides/done-004/odp/undp_presentation_revised_17_may.odp	ppt	slides/done-004/ppt/undp_presentation_revised_17_may.ppt	slides	done-004	@solid_type
slides/done-004/odp/undp_presentation_revised_17_may.odp	ppt	slides/done-004/ppt/undp_presentation_revised_17_may.ppt	slides	done-004	class:chart:circle
slides/done-004/odp/undp_presentation_revised_17_may.odp	ppt	slides/done-004/ppt/undp_presentation_revised_17_may.ppt	slides	done-004	series-class:chart:circle
slides/done-004/odp/undp_presentation_revised_17_may.odp	ppt	slides/done-004/ppt/undp_presentation_revised_17_may.ppt	slides	done-004	@three_d_true
slides/done-004/odp/undp_presentation_revised_17_may.odp	ppt	slides/done-004/ppt/undp_presentation_revised_17_may.ppt	slides	done-004	@solid_type
slides/chartset-003/odp/002_advanced_powerpoint_column.odp	pptx	slides/chartset-003/pptx/002_advanced_powerpoint_column.pptx	slides	chartset-003	class:chart:bar
slides/chartset-003/odp/002_advanced_powerpoint_column.odp	pptx	slides/chartset-003/pptx/002_advanced_powerpoint_column.pptx	slides	chartset-003	series-class:chart:bar
slides/chartset-003/odp/003_advanced_powerpoint_line.odp	pptx	slides/chartset-003/pptx/003_advanced_powerpoint_line.pptx	slides	chartset-003	class:chart:line
slides/chartset-003/odp/003_advanced_powerpoint_line.odp	pptx	slides/chartset-003/pptx/003_advanced_powerpoint_line.pptx	slides	chartset-003	series-class:chart:line
slides/chartset-003/odp/003_advanced_powerpoint_line.odp	pptx	slides/chartset-003/pptx/003_advanced_powerpoint_line.pptx	slides	chartset-003	@symbol_type
slides/chartset-003/odp/005_advanced_powerpoint_doughnut.odp	pptx	slides/chartset-003/pptx/005_advanced_powerpoint_doughnut.pptx	slides	chartset-003	class:chart:ring
slides/chartset-003/odp/005_advanced_powerpoint_doughnut.odp	pptx	slides/chartset-003/pptx/005_advanced_powerpoint_doughnut.pptx	slides	chartset-003	series-class:chart:circle
slides/chartset-003/odp/005_advanced_powerpoint_doughnut.odp	pptx	slides/chartset-003/pptx/005_advanced_powerpoint_doughnut.pptx	slides	chartset-003	@solid_type
slides/chartset-003/odp/009_advanced_powerpoint_bar.odp	pptx	slides/chartset-003/pptx/009_advanced_powerpoint_bar.pptx	slides	chartset-003	class:chart:bar
slides/chartset-003/odp/009_advanced_powerpoint_bar.odp	pptx	slides/chartset-003/pptx/009_advanced_powerpoint_bar.pptx	slides	chartset-003	series-class:chart:bar
slides/chartset-003/odp/009_advanced_powerpoint_bar.odp	pptx	slides/chartset-003/pptx/009_advanced_powerpoint_bar.pptx	slides	chartset-003	@vertical_true
slides/chartset-003/odp/010_advanced_powerpoint_column.odp	pptx	slides/chartset-003/pptx/010_advanced_powerpoint_column.pptx	slides	chartset-003	class:chart:bar
slides/chartset-003/odp/010_advanced_powerpoint_column.odp	pptx	slides/chartset-003/pptx/010_advanced_powerpoint_column.pptx	slides	chartset-003	series-class:chart:bar
slides/chartset-003/odp/011_advanced_powerpoint_line.odp	pptx	slides/chartset-003/pptx/011_advanced_powerpoint_line.pptx	slides	chartset-003	class:chart:line
slides/chartset-003/odp/011_advanced_powerpoint_line.odp	pptx	slides/chartset-003/pptx/011_advanced_powerpoint_line.pptx	slides	chartset-003	series-class:chart:line
slides/chartset-003/odp/011_advanced_powerpoint_line.odp	pptx	slides/chartset-003/pptx/011_advanced_powerpoint_line.pptx	slides	chartset-003	@symbol_type
slides/chartset-003/odp/012_advanced_powerpoint_pie.odp	pptx	slides/chartset-003/pptx/012_advanced_powerpoint_pie.pptx	slides	chartset-003	class:chart:circle
slides/chartset-003/odp/012_advanced_powerpoint_pie.odp	pptx	slides/chartset-003/pptx/012_advanced_powerpoint_pie.pptx	slides	chartset-003	series-class:chart:circle
slides/chartset-003/odp/012_advanced_powerpoint_pie.odp	pptx	slides/chartset-003/pptx/012_advanced_powerpoint_pie.pptx	slides	chartset-003	@solid_type
slides/chartset-003/odp/019_advanced_powerpoint_line.odp	pptx	slides/chartset-003/pptx/019_advanced_powerpoint_line.pptx	slides	chartset-003	class:chart:line
slides/chartset-003/odp/019_advanced_powerpoint_line.odp	pptx	slides/chartset-003/pptx/019_advanced_powerpoint_line.pptx	slides	chartset-003	series-class:chart:line
slides/chartset-003/odp/019_advanced_powerpoint_line.odp	pptx	slides/chartset-003/pptx/019_advanced_powerpoint_line.pptx	slides	chartset-003	@symbol_type
slides/chartset-003/odp/027_advanced_powerpoint_line.odp	pptx	slides/chartset-003/pptx/027_advanced_powerpoint_line.pptx	slides	chartset-003	class:chart:line
slides/chartset-003/odp/027_advanced_powerpoint_line.odp	pptx	slides/chartset-003/pptx/027_advanced_powerpoint_line.pptx	slides	chartset-003	series-class:chart:line
slides/chartset-003/odp/027_advanced_powerpoint_line.odp	pptx	slides/chartset-003/pptx/027_advanced_powerpoint_line.pptx	slides	chartset-003	@symbol_type
slides/chartset-003/odp/028_advanced_powerpoint_pie.odp	pptx	slides/chartset-003/pptx/028_advanced_powerpoint_pie.pptx	slides	chartset-003	class:chart:circle
slides/chartset-003/odp/028_advanced_powerpoint_pie.odp	pptx	slides/chartset-003/pptx/028_advanced_powerpoint_pie.pptx	slides	chartset-003	series-class:chart:circle
slides/chartset-003/odp/028_advanced_powerpoint_pie.odp	pptx	slides/chartset-003/pptx/028_advanced_powerpoint_pie.pptx	slides	chartset-003	@solid_type
slides/ceiling-001/odp/Fundamentals_Module_1_basics.odp	ppt	slides/ceiling-001/ppt/Fundamentals_Module_1_basics.ppt	slides	ceiling-001	class:chart:line
slides/ceiling-001/odp/Fundamentals_Module_1_basics.odp	ppt	slides/ceiling-001/ppt/Fundamentals_Module_1_basics.ppt	slides	ceiling-001	series-class:chart:line
slides/ceiling-001/odp/Fundamentals_Module_1_basics.odp	ppt	slides/ceiling-001/ppt/Fundamentals_Module_1_basics.ppt	slides	ceiling-001	@symbol_type
slides/ceiling-001/odp/Fundamentals_Module_1_basics.odp	ppt	slides/ceiling-001/ppt/Fundamentals_Module_1_basics.ppt	slides	ceiling-001	class:chart:line
slides/ceiling-001/odp/Fundamentals_Module_1_basics.odp	ppt	slides/ceiling-001/ppt/Fundamentals_Module_1_basics.ppt	slides	ceiling-001	series-class:chart:line
slides/ceiling-001/odp/Fundamentals_Module_1_basics.odp	ppt	slides/ceiling-001/ppt/Fundamentals_Module_1_basics.ppt	slides	ceiling-001	@symbol_type
slides/ceiling-001/odp/N2_E_Maestroni_Swarm_COP.odp	pptx	slides/ceiling-001/pptx/N2_E_Maestroni_Swarm_COP.pptx	slides	ceiling-001	class:chart:bar
slides/ceiling-001/odp/N2_E_Maestroni_Swarm_COP.odp	pptx	slides/ceiling-001/pptx/N2_E_Maestroni_Swarm_COP.pptx	slides	ceiling-001	series-class:chart:bar
slides/ceiling-001/odp/N2_E_Maestroni_Swarm_COP.odp	pptx	slides/ceiling-001/pptx/N2_E_Maestroni_Swarm_COP.pptx	slides	ceiling-001	@vertical_true
slides/ceiling-001/odp/N2_E_Maestroni_Swarm_COP.odp	pptx	slides/ceiling-001/pptx/N2_E_Maestroni_Swarm_COP.pptx	slides	ceiling-001	@stacked_true
slides/ceiling-001/odp/Sylva%20introduction%20session.odp	pptx	slides/ceiling-001/pptx/Sylva%20introduction%20session.pptx	slides	ceiling-001	class:chart:ring
slides/ceiling-001/odp/Sylva%20introduction%20session.odp	pptx	slides/ceiling-001/pptx/Sylva%20introduction%20session.pptx	slides	ceiling-001	series-class:chart:circle
slides/ceiling-001/odp/Sylva%20introduction%20session.odp	pptx	slides/ceiling-001/pptx/Sylva%20introduction%20session.pptx	slides	ceiling-001	@solid_type
slides/ceiling-001/odp/Thailand17.odp	ppt	slides/ceiling-001/ppt/Thailand17.ppt	slides	ceiling-001	class:chart:scatter
slides/ceiling-001/odp/Thailand17.odp	ppt	slides/ceiling-001/ppt/Thailand17.ppt	slides	ceiling-001	series-class:chart:scatter
slides/ceiling-001/odp/Thailand17.odp	ppt	slides/ceiling-001/ppt/Thailand17.ppt	slides	ceiling-001	@symbol_type
slides/ceiling-001/odp/Thailand17.odp	ppt	slides/ceiling-001/ppt/Thailand17.ppt	slides	ceiling-001	class:chart:scatter
slides/ceiling-001/odp/Thailand17.odp	ppt	slides/ceiling-001/ppt/Thailand17.ppt	slides	ceiling-001	series-class:chart:scatter
slides/ceiling-001/odp/Thailand17.odp	ppt	slides/ceiling-001/ppt/Thailand17.ppt	slides	ceiling-001	@symbol_type
slides/ceiling-001/odp/Thailand17.odp	ppt	slides/ceiling-001/ppt/Thailand17.ppt	slides	ceiling-001	class:chart:scatter
slides/ceiling-001/odp/Thailand17.odp	ppt	slides/ceiling-001/ppt/Thailand17.ppt	slides	ceiling-001	series-class:chart:scatter
slides/ceiling-001/odp/Thailand17.odp	ppt	slides/ceiling-001/ppt/Thailand17.ppt	slides	ceiling-001	@symbol_type
slides/extra-001/odp/FAAAIandtheArtandScienceofV&Vfinal.odp	pptx	slides/extra-001/pptx/FAAAIandtheArtandScienceofV&Vfinal.pptx	slides	extra-001	class:chart:scatter
slides/extra-001/odp/FAAAIandtheArtandScienceofV&Vfinal.odp	pptx	slides/extra-001/pptx/FAAAIandtheArtandScienceofV&Vfinal.pptx	slides	extra-001	series-class:chart:scatter
slides/extra-001/odp/FAAAIandtheArtandScienceofV&Vfinal.odp	pptx	slides/extra-001/pptx/FAAAIandtheArtandScienceofV&Vfinal.pptx	slides	extra-001	@symbol_type
slides/done-011/odp/171128IPAP.odp	pptx	slides/done-011/pptx/171128IPAP.pptx	slides	done-011	class:chart:line
slides/done-011/odp/171128IPAP.odp	pptx	slides/done-011/pptx/171128IPAP.pptx	slides	done-011	series-class:chart:line
slides/done-011/odp/171128IPAP.odp	pptx	slides/done-011/pptx/171128IPAP.pptx	slides	done-011	@symbol_type
slides/done-011/odp/171128IPAP.odp	pptx	slides/done-011/pptx/171128IPAP.pptx	slides	done-011	class:chart:bar
slides/done-011/odp/171128IPAP.odp	pptx	slides/done-011/pptx/171128IPAP.pptx	slides	done-011	series-class:chart:bar
slides/done-011/odp/171128IPAP.odp	pptx	slides/done-011/pptx/171128IPAP.pptx	slides	done-011	class:chart:line
slides/done-011/odp/171128IPAP.odp	pptx	slides/done-011/pptx/171128IPAP.pptx	slides	done-011	series-class:chart:line
slides/done-011/odp/171128IPAP.odp	pptx	slides/done-011/pptx/171128IPAP.pptx	slides	done-011	@symbol_type
slides/done-011/odp/171128IPAP.odp	pptx	slides/done-011/pptx/171128IPAP.pptx	slides	done-011	@interpolation
slides/done-011/odp/171128IPAP.odp	pptx	slides/done-011/pptx/171128IPAP.pptx	slides	done-011	class:chart:bar
slides/done-011/odp/171128IPAP.odp	pptx	slides/done-011/pptx/171128IPAP.pptx	slides	done-011	series-class:chart:line
slides/done-011/odp/171128IPAP.odp	pptx	slides/done-011/pptx/171128IPAP.pptx	slides	done-011	series-class:chart:bar
slides/done-011/odp/171128IPAP.odp	pptx	slides/done-011/pptx/171128IPAP.pptx	slides	done-011	@symbol_type
slides/done-011/odp/171128IPAP.odp	pptx	slides/done-011/pptx/171128IPAP.pptx	slides	done-011	@interpolation
slides/done-011/odp/171128IPAP.odp	pptx	slides/done-011/pptx/171128IPAP.pptx	slides	done-011	class:chart:bar
slides/done-011/odp/171128IPAP.odp	pptx	slides/done-011/pptx/171128IPAP.pptx	slides	done-011	series-class:chart:line
slides/done-011/odp/171128IPAP.odp	pptx	slides/done-011/pptx/171128IPAP.pptx	slides	done-011	series-class:chart:bar
slides/done-011/odp/171128IPAP.odp	pptx	slides/done-011/pptx/171128IPAP.pptx	slides	done-011	@symbol_type
slides/done-011/odp/171128IPAP.odp	pptx	slides/done-011/pptx/171128IPAP.pptx	slides	done-011	@interpolation
slides/done-011/odp/171128IPAP.odp	pptx	slides/done-011/pptx/171128IPAP.pptx	slides	done-011	class:chart:line
slides/done-011/odp/171128IPAP.odp	pptx	slides/done-011/pptx/171128IPAP.pptx	slides	done-011	series-class:chart:line
slides/done-011/odp/171128IPAP.odp	pptx	slides/done-011/pptx/171128IPAP.pptx	slides	done-011	@symbol_type
slides/done-011/odp/171128IPAP.odp	pptx	slides/done-011/pptx/171128IPAP.pptx	slides	done-011	@solid_type
slides/done-011/odp/171128IPAP.odp	pptx	slides/done-011/pptx/171128IPAP.pptx	slides	done-011	class:chart:bar
slides/done-011/odp/171128IPAP.odp	pptx	slides/done-011/pptx/171128IPAP.pptx	slides	done-011	series-class:chart:line
slides/done-011/odp/171128IPAP.odp	pptx	slides/done-011/pptx/171128IPAP.pptx	slides	done-011	series-class:chart:bar
slides/done-011/odp/171128IPAP.odp	pptx	slides/done-011/pptx/171128IPAP.pptx	slides	done-011	@symbol_type
slides/done-011/odp/171128IPAP.odp	pptx	slides/done-011/pptx/171128IPAP.pptx	slides	done-011	@interpolation
slides/done-011/odp/171128IPAP.odp	pptx	slides/done-011/pptx/171128IPAP.pptx	slides	done-011	class:chart:line
slides/done-011/odp/171128IPAP.odp	pptx	slides/done-011/pptx/171128IPAP.pptx	slides	done-011	series-class:chart:line
slides/done-011/odp/171128IPAP.odp	pptx	slides/done-011/pptx/171128IPAP.pptx	slides	done-011	@symbol_type
slides/done-011/odp/171128IPAP.odp	pptx	slides/done-011/pptx/171128IPAP.pptx	slides	done-011	class:chart:line
slides/done-011/odp/171128IPAP.odp	pptx	slides/done-011/pptx/171128IPAP.pptx	slides	done-011	series-class:chart:line
slides/done-011/odp/171128IPAP.odp	pptx	slides/done-011/pptx/171128IPAP.pptx	slides	done-011	@symbol_type
slides/done-011/odp/171128IPAP.odp	pptx	slides/done-011/pptx/171128IPAP.pptx	slides	done-011	@solid_type
slides/done-011/odp/1_Country-Updates_DRC_English.odp	pptx	slides/done-011/pptx/1_Country-Updates_DRC_English.pptx	slides	done-011	class:chart:line
slides/done-011/odp/1_Country-Updates_DRC_English.odp	pptx	slides/done-011/pptx/1_Country-Updates_DRC_English.pptx	slides	done-011	series-class:chart:line
slides/done-011/odp/1_Country-Updates_DRC_English.odp	pptx	slides/done-011/pptx/1_Country-Updates_DRC_English.pptx	slides	done-011	@symbol_type
slides/done-011/odp/1_Country-Updates_DRC_English.odp	pptx	slides/done-011/pptx/1_Country-Updates_DRC_English.pptx	slides	done-011	class:chart:bar
slides/done-011/odp/1_Country-Updates_DRC_English.odp	pptx	slides/done-011/pptx/1_Country-Updates_DRC_English.pptx	slides	done-011	series-class:chart:bar
slides/done-011/odp/1_Country-Updates_DRC_English.odp	pptx	slides/done-011/pptx/1_Country-Updates_DRC_English.pptx	slides	done-011	@stacked_true
slides/done-011/odp/1_Country-Updates_DRC_English.odp	pptx	slides/done-011/pptx/1_Country-Updates_DRC_English.pptx	slides	done-011	@solid_type
slides/done-011/odp/1_Country-Updates_DRC_English.odp	pptx	slides/done-011/pptx/1_Country-Updates_DRC_English.pptx	slides	done-011	class:chart:line
slides/done-011/odp/1_Country-Updates_DRC_English.odp	pptx	slides/done-011/pptx/1_Country-Updates_DRC_English.pptx	slides	done-011	series-class:chart:line
slides/done-011/odp/1_Country-Updates_DRC_English.odp	pptx	slides/done-011/pptx/1_Country-Updates_DRC_English.pptx	slides	done-011	@symbol_type
slides/done-011/odp/3492.odp	pptx	slides/done-011/pptx/3492.pptx	slides	done-011	class:chart:bar
slides/done-011/odp/3492.odp	pptx	slides/done-011/pptx/3492.pptx	slides	done-011	series-class:chart:bar
slides/done-011/odp/3492.odp	pptx	slides/done-011/pptx/3492.pptx	slides	done-011	class:chart:ring
slides/done-011/odp/3492.odp	pptx	slides/done-011/pptx/3492.pptx	slides	done-011	series-class:chart:circle
slides/done-011/odp/3492.odp	pptx	slides/done-011/pptx/3492.pptx	slides	done-011	@solid_type
slides/done-011/odp/3492.odp	pptx	slides/done-011/pptx/3492.pptx	slides	done-011	class:chart:bar
slides/done-011/odp/3492.odp	pptx	slides/done-011/pptx/3492.pptx	slides	done-011	series-class:chart:bar
slides/done-011/odp/3492.odp	pptx	slides/done-011/pptx/3492.pptx	slides	done-011	@stacked_true
slides/done-011/odp/3492.odp	pptx	slides/done-011/pptx/3492.pptx	slides	done-011	class:chart:bar
slides/done-011/odp/3492.odp	pptx	slides/done-011/pptx/3492.pptx	slides	done-011	series-class:chart:bar
slides/done-011/odp/3492.odp	pptx	slides/done-011/pptx/3492.pptx	slides	done-011	@percentage_true
slides/done-011/odp/3495.odp	pptx	slides/done-011/pptx/3495.pptx	slides	done-011	class:chart:circle
slides/done-011/odp/3495.odp	pptx	slides/done-011/pptx/3495.pptx	slides	done-011	series-class:chart:circle
slides/done-011/odp/3495.odp	pptx	slides/done-011/pptx/3495.pptx	slides	done-011	@solid_type
slides/done-011/odp/3495.odp	pptx	slides/done-011/pptx/3495.pptx	slides	done-011	class:chart:circle
slides/done-011/odp/3495.odp	pptx	slides/done-011/pptx/3495.pptx	slides	done-011	series-class:chart:circle
slides/done-011/odp/3495.odp	pptx	slides/done-011/pptx/3495.pptx	slides	done-011	@solid_type
slides/done-011/odp/3495.odp	pptx	slides/done-011/pptx/3495.pptx	slides	done-011	class:chart:circle
slides/done-011/odp/3495.odp	pptx	slides/done-011/pptx/3495.pptx	slides	done-011	series-class:chart:circle
slides/done-011/odp/3495.odp	pptx	slides/done-011/pptx/3495.pptx	slides	done-011	@solid_type
slides/done-011/odp/3495.odp	pptx	slides/done-011/pptx/3495.pptx	slides	done-011	class:chart:circle
slides/done-011/odp/3495.odp	pptx	slides/done-011/pptx/3495.pptx	slides	done-011	series-class:chart:circle
slides/done-011/odp/3495.odp	pptx	slides/done-011/pptx/3495.pptx	slides	done-011	@solid_type
slides/chartset-002/odp/001_advanced_powerpoint_bar.odp	pptx	slides/chartset-002/pptx/001_advanced_powerpoint_bar.pptx	slides	chartset-002	class:chart:bar
slides/chartset-002/odp/001_advanced_powerpoint_bar.odp	pptx	slides/chartset-002/pptx/001_advanced_powerpoint_bar.pptx	slides	chartset-002	series-class:chart:bar
slides/chartset-002/odp/001_advanced_powerpoint_bar.odp	pptx	slides/chartset-002/pptx/001_advanced_powerpoint_bar.pptx	slides	chartset-002	@vertical_true
slides/chartset-002/odp/006_advanced_powerpoint_area.odp	pptx	slides/chartset-002/pptx/006_advanced_powerpoint_area.pptx	slides	chartset-002	class:chart:area
slides/chartset-002/odp/006_advanced_powerpoint_area.odp	pptx	slides/chartset-002/pptx/006_advanced_powerpoint_area.pptx	slides	chartset-002	series-class:chart:area
slides/chartset-002/odp/007_advanced_powerpoint_scatter.odp	pptx	slides/chartset-002/pptx/007_advanced_powerpoint_scatter.pptx	slides	chartset-002	class:chart:bar
slides/chartset-002/odp/014_advanced_powerpoint_area.odp	pptx	slides/chartset-002/pptx/014_advanced_powerpoint_area.pptx	slides	chartset-002	class:chart:area
slides/chartset-002/odp/014_advanced_powerpoint_area.odp	pptx	slides/chartset-002/pptx/014_advanced_powerpoint_area.pptx	slides	chartset-002	series-class:chart:area
slides/chartset-002/odp/017_advanced_powerpoint_bar.odp	pptx	slides/chartset-002/pptx/017_advanced_powerpoint_bar.pptx	slides	chartset-002	class:chart:bar
slides/chartset-002/odp/017_advanced_powerpoint_bar.odp	pptx	slides/chartset-002/pptx/017_advanced_powerpoint_bar.pptx	slides	chartset-002	series-class:chart:bar
slides/chartset-002/odp/017_advanced_powerpoint_bar.odp	pptx	slides/chartset-002/pptx/017_advanced_powerpoint_bar.pptx	slides	chartset-002	@vertical_true
slides/chartset-002/odp/023_advanced_powerpoint_scatter.odp	pptx	slides/chartset-002/pptx/023_advanced_powerpoint_scatter.pptx	slides	chartset-002	class:chart:bar
slides/chartset-002/odp/024_advanced_powerpoint_bubble.odp	pptx	slides/chartset-002/pptx/024_advanced_powerpoint_bubble.pptx	slides	chartset-002	class:chart:bar
slides/chartset-002/odp/030_advanced_powerpoint_area.odp	pptx	slides/chartset-002/pptx/030_advanced_powerpoint_area.pptx	slides	chartset-002	class:chart:area
slides/chartset-002/odp/030_advanced_powerpoint_area.odp	pptx	slides/chartset-002/pptx/030_advanced_powerpoint_area.pptx	slides	chartset-002	series-class:chart:area
slides/chartset-002/odp/032_advanced_powerpoint_bubble.odp	pptx	slides/chartset-002/pptx/032_advanced_powerpoint_bubble.pptx	slides	chartset-002	class:chart:bar
slides/chartset-002/odp/033_advanced_powerpoint_bar.odp	pptx	slides/chartset-002/pptx/033_advanced_powerpoint_bar.pptx	slides	chartset-002	class:chart:bar
slides/chartset-002/odp/033_advanced_powerpoint_bar.odp	pptx	slides/chartset-002/pptx/033_advanced_powerpoint_bar.pptx	slides	chartset-002	series-class:chart:bar
slides/chartset-002/odp/033_advanced_powerpoint_bar.odp	pptx	slides/chartset-002/pptx/033_advanced_powerpoint_bar.pptx	slides	chartset-002	@vertical_true
slides/chartset-006/odp/031_Alarm_Clock_Pie-Chart_for_PowerPoint_and_Google_Slides_0b185a05.odp	pptx	slides/chartset-006/pptx/031_Alarm_Clock_Pie-Chart_for_PowerPoint_and_Google_Slides_0b185a05.pptx	slides	chartset-006	class:chart:circle
slides/chartset-006/odp/031_Alarm_Clock_Pie-Chart_for_PowerPoint_and_Google_Slides_0b185a05.odp	pptx	slides/chartset-006/pptx/031_Alarm_Clock_Pie-Chart_for_PowerPoint_and_Google_Slides_0b185a05.pptx	slides	chartset-006	series-class:chart:circle
slides/chartset-006/odp/031_Alarm_Clock_Pie-Chart_for_PowerPoint_and_Google_Slides_0b185a05.odp	pptx	slides/chartset-006/pptx/031_Alarm_Clock_Pie-Chart_for_PowerPoint_and_Google_Slides_0b185a05.pptx	slides	chartset-006	@solid_type
slides/chartset-006/odp/031_Alarm_Clock_Pie-Chart_for_PowerPoint_and_Google_Slides_0b185a05.odp	pptx	slides/chartset-006/pptx/031_Alarm_Clock_Pie-Chart_for_PowerPoint_and_Google_Slides_0b185a05.pptx	slides	chartset-006	class:chart:circle
slides/chartset-006/odp/031_Alarm_Clock_Pie-Chart_for_PowerPoint_and_Google_Slides_0b185a05.odp	pptx	slides/chartset-006/pptx/031_Alarm_Clock_Pie-Chart_for_PowerPoint_and_Google_Slides_0b185a05.pptx	slides	chartset-006	series-class:chart:circle
slides/chartset-006/odp/031_Alarm_Clock_Pie-Chart_for_PowerPoint_and_Google_Slides_0b185a05.odp	pptx	slides/chartset-006/pptx/031_Alarm_Clock_Pie-Chart_for_PowerPoint_and_Google_Slides_0b185a05.pptx	slides	chartset-006	@solid_type
slides/chartset-006/odp/044_Dual_Mind_Spark_Chart_for_PowerPoint_a83f890a.odp	pptx	slides/chartset-006/pptx/044_Dual_Mind_Spark_Chart_for_PowerPoint_a83f890a.pptx	slides	chartset-006	class:chart:bar
slides/chartset-006/odp/044_Dual_Mind_Spark_Chart_for_PowerPoint_a83f890a.odp	pptx	slides/chartset-006/pptx/044_Dual_Mind_Spark_Chart_for_PowerPoint_a83f890a.pptx	slides	chartset-006	series-class:chart:bar
slides/chartset-006/odp/044_Dual_Mind_Spark_Chart_for_PowerPoint_a83f890a.odp	pptx	slides/chartset-006/pptx/044_Dual_Mind_Spark_Chart_for_PowerPoint_a83f890a.pptx	slides	chartset-006	@percentage_true
slides/chartset-006/odp/044_Dual_Mind_Spark_Chart_for_PowerPoint_a83f890a.odp	pptx	slides/chartset-006/pptx/044_Dual_Mind_Spark_Chart_for_PowerPoint_a83f890a.pptx	slides	chartset-006	class:chart:bar
slides/chartset-006/odp/044_Dual_Mind_Spark_Chart_for_PowerPoint_a83f890a.odp	pptx	slides/chartset-006/pptx/044_Dual_Mind_Spark_Chart_for_PowerPoint_a83f890a.pptx	slides	chartset-006	series-class:chart:bar
slides/chartset-006/odp/044_Dual_Mind_Spark_Chart_for_PowerPoint_a83f890a.odp	pptx	slides/chartset-006/pptx/044_Dual_Mind_Spark_Chart_for_PowerPoint_a83f890a.pptx	slides	chartset-006	@percentage_true
slides/chartset-006/odp/044_Dual_Mind_Spark_Chart_for_PowerPoint_a83f890a.odp	pptx	slides/chartset-006/pptx/044_Dual_Mind_Spark_Chart_for_PowerPoint_a83f890a.pptx	slides	chartset-006	class:chart:bar
slides/chartset-006/odp/044_Dual_Mind_Spark_Chart_for_PowerPoint_a83f890a.odp	pptx	slides/chartset-006/pptx/044_Dual_Mind_Spark_Chart_for_PowerPoint_a83f890a.pptx	slides	chartset-006	series-class:chart:bar
slides/chartset-006/odp/044_Dual_Mind_Spark_Chart_for_PowerPoint_a83f890a.odp	pptx	slides/chartset-006/pptx/044_Dual_Mind_Spark_Chart_for_PowerPoint_a83f890a.pptx	slides	chartset-006	@percentage_true
slides/done-010/odp/Sector_Skills_Insights_Advanced_Manufacturing_summary_slide_pack.odp	pptx	slides/done-010/pptx/Sector_Skills_Insights_Advanced_Manufacturing_summary_slide_pack.pptx	slides	done-010	class:chart:bar
slides/done-010/odp/Sector_Skills_Insights_Advanced_Manufacturing_summary_slide_pack.odp	pptx	slides/done-010/pptx/Sector_Skills_Insights_Advanced_Manufacturing_summary_slide_pack.pptx	slides	done-010	series-class:chart:bar
slides/done-010/odp/Sector_Skills_Insights_Advanced_Manufacturing_summary_slide_pack.odp	pptx	slides/done-010/pptx/Sector_Skills_Insights_Advanced_Manufacturing_summary_slide_pack.pptx	slides	done-010	@vertical_true
slides/done-010/odp/Sector_Skills_Insights_Advanced_Manufacturing_summary_slide_pack.odp	pptx	slides/done-010/pptx/Sector_Skills_Insights_Advanced_Manufacturing_summary_slide_pack.pptx	slides	done-010	@stacked_true
slides/done-015/odp/RPA P4 - Advanced Material.odp	pptx	slides/done-015/pptx/RPA P4 - Advanced Material.pptx	slides	done-015	class:chart:scatter
slides/done-015/odp/RPA P4 - Advanced Material.odp	pptx	slides/done-015/pptx/RPA P4 - Advanced Material.pptx	slides	done-015	series-class:chart:scatter
slides/done-015/odp/RPA P4 - Advanced Material.odp	pptx	slides/done-015/pptx/RPA P4 - Advanced Material.pptx	slides	done-015	@symbol_type
slides/done-008/odp/EG1_dsrc tech.odp	ppt	slides/done-008/ppt/EG1_dsrc tech.ppt	slides	done-008	class:chart:scatter
slides/done-008/odp/EG1_dsrc tech.odp	ppt	slides/done-008/ppt/EG1_dsrc tech.ppt	slides	done-008	series-class:chart:scatter
slides/done-008/odp/EG1_dsrc tech.odp	ppt	slides/done-008/ppt/EG1_dsrc tech.ppt	slides	done-008	@symbol_type
slides/done-008/odp/EG1_dsrc tech.odp	ppt	slides/done-008/ppt/EG1_dsrc tech.ppt	slides	done-008	class:chart:scatter
slides/done-008/odp/EG1_dsrc tech.odp	ppt	slides/done-008/ppt/EG1_dsrc tech.ppt	slides	done-008	series-class:chart:scatter
slides/done-008/odp/EG1_dsrc tech.odp	ppt	slides/done-008/ppt/EG1_dsrc tech.ppt	slides	done-008	@symbol_type
slides/done-008/odp/EG1_dsrc tech.odp	ppt	slides/done-008/ppt/EG1_dsrc tech.ppt	slides	done-008	class:chart:bar
slides/done-008/odp/EG1_dsrc tech.odp	ppt	slides/done-008/ppt/EG1_dsrc tech.ppt	slides	done-008	series-class:chart:bar
slides/done-008/odp/EG1_dsrc tech.odp	ppt	slides/done-008/ppt/EG1_dsrc tech.ppt	slides	done-008	@stacked_true
slides/done-008/odp/EG1_dsrc tech.odp	ppt	slides/done-008/ppt/EG1_dsrc tech.ppt	slides	done-008	class:chart:line
slides/done-008/odp/EG1_dsrc tech.odp	ppt	slides/done-008/ppt/EG1_dsrc tech.ppt	slides	done-008	series-class:chart:line
slides/done-008/odp/EG1_dsrc tech.odp	ppt	slides/done-008/ppt/EG1_dsrc tech.ppt	slides	done-008	@symbol_type
slides/done-008/odp/EG1_dsrc tech.odp	ppt	slides/done-008/ppt/EG1_dsrc tech.ppt	slides	done-008	class:chart:line
slides/done-008/odp/EG1_dsrc tech.odp	ppt	slides/done-008/ppt/EG1_dsrc tech.ppt	slides	done-008	series-class:chart:line
slides/done-008/odp/EG1_dsrc tech.odp	ppt	slides/done-008/ppt/EG1_dsrc tech.ppt	slides	done-008	@symbol_type
slides/done-008/odp/EG1_dsrc tech.odp	ppt	slides/done-008/ppt/EG1_dsrc tech.ppt	slides	done-008	class:chart:line
slides/done-008/odp/EG1_dsrc tech.odp	ppt	slides/done-008/ppt/EG1_dsrc tech.ppt	slides	done-008	series-class:chart:line
slides/done-008/odp/EG1_dsrc tech.odp	ppt	slides/done-008/ppt/EG1_dsrc tech.ppt	slides	done-008	@symbol_type
slides/done-005/odp/pods05.odp	ppt	slides/done-005/ppt/pods05.ppt	slides	done-005	class:chart:scatter
slides/done-005/odp/pods05.odp	ppt	slides/done-005/ppt/pods05.ppt	slides	done-005	series-class:chart:scatter
slides/done-005/odp/pods05.odp	ppt	slides/done-005/ppt/pods05.ppt	slides	done-005	@symbol_type
slides/done-005/odp/pods05.odp	ppt	slides/done-005/ppt/pods05.ppt	slides	done-005	class:chart:scatter
slides/done-005/odp/pods05.odp	ppt	slides/done-005/ppt/pods05.ppt	slides	done-005	series-class:chart:scatter
slides/done-005/odp/pods05.odp	ppt	slides/done-005/ppt/pods05.ppt	slides	done-005	@symbol_type
slides/done-005/odp/pods05.odp	ppt	slides/done-005/ppt/pods05.ppt	slides	done-005	class:chart:scatter
slides/done-005/odp/pods05.odp	ppt	slides/done-005/ppt/pods05.ppt	slides	done-005	series-class:chart:scatter
slides/done-005/odp/pods05.odp	ppt	slides/done-005/ppt/pods05.ppt	slides	done-005	@symbol_type
slides/done-005/odp/pods05.odp	ppt	slides/done-005/ppt/pods05.ppt	slides	done-005	class:chart:scatter
slides/done-005/odp/pods05.odp	ppt	slides/done-005/ppt/pods05.ppt	slides	done-005	series-class:chart:scatter
slides/done-005/odp/pods05.odp	ppt	slides/done-005/ppt/pods05.ppt	slides	done-005	@symbol_type
slides/done-005/odp/pods05.odp	ppt	slides/done-005/ppt/pods05.ppt	slides	done-005	class:chart:bar
slides/done-005/odp/pods05.odp	ppt	slides/done-005/ppt/pods05.ppt	slides	done-005	series-class:chart:bar
slides/done-005/odp/pods05.odp	ppt	slides/done-005/ppt/pods05.ppt	slides	done-005	class:chart:bar
slides/done-005/odp/pods05.odp	ppt	slides/done-005/ppt/pods05.ppt	slides	done-005	series-class:chart:bar
slides/done-005/odp/pods05.odp	ppt	slides/done-005/ppt/pods05.ppt	slides	done-005	class:chart:scatter
slides/done-005/odp/pods05.odp	ppt	slides/done-005/ppt/pods05.ppt	slides	done-005	series-class:chart:scatter
slides/done-005/odp/pods05.odp	ppt	slides/done-005/ppt/pods05.ppt	slides	done-005	@symbol_type
slides/done-005/odp/pods05.odp	ppt	slides/done-005/ppt/pods05.ppt	slides	done-005	class:chart:scatter
slides/done-005/odp/pods05.odp	ppt	slides/done-005/ppt/pods05.ppt	slides	done-005	series-class:chart:scatter
slides/done-005/odp/pods05.odp	ppt	slides/done-005/ppt/pods05.ppt	slides	done-005	@symbol_type
slides/done-005/odp/pods05.odp	ppt	slides/done-005/ppt/pods05.ppt	slides	done-005	class:chart:scatter
slides/done-005/odp/pods05.odp	ppt	slides/done-005/ppt/pods05.ppt	slides	done-005	series-class:chart:scatter
slides/done-005/odp/pods05.odp	ppt	slides/done-005/ppt/pods05.ppt	slides	done-005	@symbol_type
slides/done-005/odp/pods05.odp	ppt	slides/done-005/ppt/pods05.ppt	slides	done-005	class:chart:scatter
slides/done-005/odp/pods05.odp	ppt	slides/done-005/ppt/pods05.ppt	slides	done-005	series-class:chart:scatter
slides/done-005/odp/pods05.odp	ppt	slides/done-005/ppt/pods05.ppt	slides	done-005	@symbol_type
slides/done-005/odp/pods05.odp	ppt	slides/done-005/ppt/pods05.ppt	slides	done-005	class:chart:scatter
slides/done-005/odp/pods05.odp	ppt	slides/done-005/ppt/pods05.ppt	slides	done-005	series-class:chart:scatter
slides/done-005/odp/pods05.odp	ppt	slides/done-005/ppt/pods05.ppt	slides	done-005	@symbol_type
slides/done-003/odp/outlook_of_nigerian_pension_sector.odp	ppt	slides/done-003/ppt/outlook_of_nigerian_pension_sector.ppt	slides	done-003	class:chart:bar
slides/done-003/odp/outlook_of_nigerian_pension_sector.odp	ppt	slides/done-003/ppt/outlook_of_nigerian_pension_sector.ppt	slides	done-003	series-class:chart:bar
slides/done-003/odp/outlook_of_nigerian_pension_sector.odp	ppt	slides/done-003/ppt/outlook_of_nigerian_pension_sector.ppt	slides	done-003	class:chart:bar
slides/done-003/odp/outlook_of_nigerian_pension_sector.odp	ppt	slides/done-003/ppt/outlook_of_nigerian_pension_sector.ppt	slides	done-003	series-class:chart:bar
slides/done-003/odp/outlook_of_nigerian_pension_sector.odp	ppt	slides/done-003/ppt/outlook_of_nigerian_pension_sector.ppt	slides	done-003	class:chart:line
slides/done-003/odp/outlook_of_nigerian_pension_sector.odp	ppt	slides/done-003/ppt/outlook_of_nigerian_pension_sector.ppt	slides	done-003	series-class:chart:line
slides/done-003/odp/outlook_of_nigerian_pension_sector.odp	ppt	slides/done-003/ppt/outlook_of_nigerian_pension_sector.ppt	slides	done-003	@symbol_type
slides/done-003/odp/outlook_of_nigerian_pension_sector.odp	ppt	slides/done-003/ppt/outlook_of_nigerian_pension_sector.ppt	slides	done-003	class:chart:line
slides/done-003/odp/outlook_of_nigerian_pension_sector.odp	ppt	slides/done-003/ppt/outlook_of_nigerian_pension_sector.ppt	slides	done-003	series-class:chart:line
slides/done-003/odp/outlook_of_nigerian_pension_sector.odp	ppt	slides/done-003/ppt/outlook_of_nigerian_pension_sector.ppt	slides	done-003	@symbol_type
slides/done-003/odp/outlook_of_nigerian_pension_sector.odp	ppt	slides/done-003/ppt/outlook_of_nigerian_pension_sector.ppt	slides	done-003	class:chart:bar
slides/done-003/odp/outlook_of_nigerian_pension_sector.odp	ppt	slides/done-003/ppt/outlook_of_nigerian_pension_sector.ppt	slides	done-003	series-class:chart:bar
slides/done-003/odp/outlook_of_nigerian_pension_sector.odp	ppt	slides/done-003/ppt/outlook_of_nigerian_pension_sector.ppt	slides	done-003	class:chart:line
slides/done-003/odp/outlook_of_nigerian_pension_sector.odp	ppt	slides/done-003/ppt/outlook_of_nigerian_pension_sector.ppt	slides	done-003	series-class:chart:line
slides/done-003/odp/outlook_of_nigerian_pension_sector.odp	ppt	slides/done-003/ppt/outlook_of_nigerian_pension_sector.ppt	slides	done-003	@symbol_type
slides/chartset-007/odp/035_Chemistry_Column_PowerPoint_Chart_45bf8a76.odp	pptx	slides/chartset-007/pptx/035_Chemistry_Column_PowerPoint_Chart_45bf8a76.pptx	slides	chartset-007	class:chart:bar
slides/chartset-007/odp/035_Chemistry_Column_PowerPoint_Chart_45bf8a76.odp	pptx	slides/chartset-007/pptx/035_Chemistry_Column_PowerPoint_Chart_45bf8a76.pptx	slides	chartset-007	series-class:chart:bar
slides/chartset-007/odp/035_Chemistry_Column_PowerPoint_Chart_45bf8a76.odp	pptx	slides/chartset-007/pptx/035_Chemistry_Column_PowerPoint_Chart_45bf8a76.pptx	slides	chartset-007	@percentage_true
slides/chartset-007/odp/035_Chemistry_Column_PowerPoint_Chart_45bf8a76.odp	pptx	slides/chartset-007/pptx/035_Chemistry_Column_PowerPoint_Chart_45bf8a76.pptx	slides	chartset-007	class:chart:bar
slides/chartset-007/odp/035_Chemistry_Column_PowerPoint_Chart_45bf8a76.odp	pptx	slides/chartset-007/pptx/035_Chemistry_Column_PowerPoint_Chart_45bf8a76.pptx	slides	chartset-007	series-class:chart:bar
slides/chartset-007/odp/035_Chemistry_Column_PowerPoint_Chart_45bf8a76.odp	pptx	slides/chartset-007/pptx/035_Chemistry_Column_PowerPoint_Chart_45bf8a76.pptx	slides	chartset-007	@percentage_true
slides/chartset-007/odp/047_Female_Radar_Brain_for_PowerPoint_and_Google_Slides_c2a541f6.odp	pptx	slides/chartset-007/pptx/047_Female_Radar_Brain_for_PowerPoint_and_Google_Slides_c2a541f6.pptx	slides	chartset-007	class:chart:filled-radar
slides/chartset-007/odp/047_Female_Radar_Brain_for_PowerPoint_and_Google_Slides_c2a541f6.odp	pptx	slides/chartset-007/pptx/047_Female_Radar_Brain_for_PowerPoint_and_Google_Slides_c2a541f6.pptx	slides	chartset-007	series-class:chart:filled-radar
slides/chartset-007/odp/047_Female_Radar_Brain_for_PowerPoint_and_Google_Slides_c2a541f6.odp	pptx	slides/chartset-007/pptx/047_Female_Radar_Brain_for_PowerPoint_and_Google_Slides_c2a541f6.pptx	slides	chartset-007	class:chart:filled-radar
slides/chartset-007/odp/047_Female_Radar_Brain_for_PowerPoint_and_Google_Slides_c2a541f6.odp	pptx	slides/chartset-007/pptx/047_Female_Radar_Brain_for_PowerPoint_and_Google_Slides_c2a541f6.pptx	slides	chartset-007	series-class:chart:filled-radar
slides/chartset-007/odp/096_Lab_Flask_Charts_for_PowerPoint_and_Google_Slides_91e3cbb5.odp	pptx	slides/chartset-007/pptx/096_Lab_Flask_Charts_for_PowerPoint_and_Google_Slides_91e3cbb5.pptx	slides	chartset-007	class:chart:bar
slides/chartset-007/odp/096_Lab_Flask_Charts_for_PowerPoint_and_Google_Slides_91e3cbb5.odp	pptx	slides/chartset-007/pptx/096_Lab_Flask_Charts_for_PowerPoint_and_Google_Slides_91e3cbb5.pptx	slides	chartset-007	series-class:chart:bar
slides/chartset-007/odp/096_Lab_Flask_Charts_for_PowerPoint_and_Google_Slides_91e3cbb5.odp	pptx	slides/chartset-007/pptx/096_Lab_Flask_Charts_for_PowerPoint_and_Google_Slides_91e3cbb5.pptx	slides	chartset-007	@percentage_true
slides/chartset-007/odp/096_Lab_Flask_Charts_for_PowerPoint_and_Google_Slides_91e3cbb5.odp	pptx	slides/chartset-007/pptx/096_Lab_Flask_Charts_for_PowerPoint_and_Google_Slides_91e3cbb5.pptx	slides	chartset-007	@solid_type
slides/chartset-007/odp/096_Lab_Flask_Charts_for_PowerPoint_and_Google_Slides_91e3cbb5.odp	pptx	slides/chartset-007/pptx/096_Lab_Flask_Charts_for_PowerPoint_and_Google_Slides_91e3cbb5.pptx	slides	chartset-007	class:chart:bar
slides/chartset-007/odp/096_Lab_Flask_Charts_for_PowerPoint_and_Google_Slides_91e3cbb5.odp	pptx	slides/chartset-007/pptx/096_Lab_Flask_Charts_for_PowerPoint_and_Google_Slides_91e3cbb5.pptx	slides	chartset-007	series-class:chart:bar
slides/chartset-007/odp/096_Lab_Flask_Charts_for_PowerPoint_and_Google_Slides_91e3cbb5.odp	pptx	slides/chartset-007/pptx/096_Lab_Flask_Charts_for_PowerPoint_and_Google_Slides_91e3cbb5.pptx	slides	chartset-007	@percentage_true
slides/chartset-007/odp/096_Lab_Flask_Charts_for_PowerPoint_and_Google_Slides_91e3cbb5.odp	pptx	slides/chartset-007/pptx/096_Lab_Flask_Charts_for_PowerPoint_and_Google_Slides_91e3cbb5.pptx	slides	chartset-007	@solid_type
slides/chartset-007/odp/096_Lab_Flask_Charts_for_PowerPoint_and_Google_Slides_91e3cbb5.odp	pptx	slides/chartset-007/pptx/096_Lab_Flask_Charts_for_PowerPoint_and_Google_Slides_91e3cbb5.pptx	slides	chartset-007	class:chart:bar
slides/chartset-007/odp/096_Lab_Flask_Charts_for_PowerPoint_and_Google_Slides_91e3cbb5.odp	pptx	slides/chartset-007/pptx/096_Lab_Flask_Charts_for_PowerPoint_and_Google_Slides_91e3cbb5.pptx	slides	chartset-007	series-class:chart:bar
slides/chartset-007/odp/096_Lab_Flask_Charts_for_PowerPoint_and_Google_Slides_91e3cbb5.odp	pptx	slides/chartset-007/pptx/096_Lab_Flask_Charts_for_PowerPoint_and_Google_Slides_91e3cbb5.pptx	slides	chartset-007	@percentage_true
slides/chartset-007/odp/096_Lab_Flask_Charts_for_PowerPoint_and_Google_Slides_91e3cbb5.odp	pptx	slides/chartset-007/pptx/096_Lab_Flask_Charts_for_PowerPoint_and_Google_Slides_91e3cbb5.pptx	slides	chartset-007	@solid_type
slides/chartset-007/odp/096_Lab_Flask_Charts_for_PowerPoint_and_Google_Slides_91e3cbb5.odp	pptx	slides/chartset-007/pptx/096_Lab_Flask_Charts_for_PowerPoint_and_Google_Slides_91e3cbb5.pptx	slides	chartset-007	class:chart:bar
slides/chartset-007/odp/096_Lab_Flask_Charts_for_PowerPoint_and_Google_Slides_91e3cbb5.odp	pptx	slides/chartset-007/pptx/096_Lab_Flask_Charts_for_PowerPoint_and_Google_Slides_91e3cbb5.pptx	slides	chartset-007	series-class:chart:bar
slides/chartset-007/odp/096_Lab_Flask_Charts_for_PowerPoint_and_Google_Slides_91e3cbb5.odp	pptx	slides/chartset-007/pptx/096_Lab_Flask_Charts_for_PowerPoint_and_Google_Slides_91e3cbb5.pptx	slides	chartset-007	@percentage_true
slides/chartset-007/odp/096_Lab_Flask_Charts_for_PowerPoint_and_Google_Slides_91e3cbb5.odp	pptx	slides/chartset-007/pptx/096_Lab_Flask_Charts_for_PowerPoint_and_Google_Slides_91e3cbb5.pptx	slides	chartset-007	@solid_type
slides/chartset-007/odp/096_Lab_Flask_Charts_for_PowerPoint_and_Google_Slides_91e3cbb5.odp	pptx	slides/chartset-007/pptx/096_Lab_Flask_Charts_for_PowerPoint_and_Google_Slides_91e3cbb5.pptx	slides	chartset-007	class:chart:bar
slides/chartset-007/odp/096_Lab_Flask_Charts_for_PowerPoint_and_Google_Slides_91e3cbb5.odp	pptx	slides/chartset-007/pptx/096_Lab_Flask_Charts_for_PowerPoint_and_Google_Slides_91e3cbb5.pptx	slides	chartset-007	series-class:chart:bar
slides/chartset-007/odp/096_Lab_Flask_Charts_for_PowerPoint_and_Google_Slides_91e3cbb5.odp	pptx	slides/chartset-007/pptx/096_Lab_Flask_Charts_for_PowerPoint_and_Google_Slides_91e3cbb5.pptx	slides	chartset-007	@percentage_true
slides/chartset-007/odp/096_Lab_Flask_Charts_for_PowerPoint_and_Google_Slides_91e3cbb5.odp	pptx	slides/chartset-007/pptx/096_Lab_Flask_Charts_for_PowerPoint_and_Google_Slides_91e3cbb5.pptx	slides	chartset-007	@solid_type
slides/chartset-007/odp/096_Lab_Flask_Charts_for_PowerPoint_and_Google_Slides_91e3cbb5.odp	pptx	slides/chartset-007/pptx/096_Lab_Flask_Charts_for_PowerPoint_and_Google_Slides_91e3cbb5.pptx	slides	chartset-007	class:chart:bar
slides/chartset-007/odp/096_Lab_Flask_Charts_for_PowerPoint_and_Google_Slides_91e3cbb5.odp	pptx	slides/chartset-007/pptx/096_Lab_Flask_Charts_for_PowerPoint_and_Google_Slides_91e3cbb5.pptx	slides	chartset-007	series-class:chart:bar
slides/chartset-007/odp/096_Lab_Flask_Charts_for_PowerPoint_and_Google_Slides_91e3cbb5.odp	pptx	slides/chartset-007/pptx/096_Lab_Flask_Charts_for_PowerPoint_and_Google_Slides_91e3cbb5.pptx	slides	chartset-007	@percentage_true
slides/chartset-007/odp/096_Lab_Flask_Charts_for_PowerPoint_and_Google_Slides_91e3cbb5.odp	pptx	slides/chartset-007/pptx/096_Lab_Flask_Charts_for_PowerPoint_and_Google_Slides_91e3cbb5.pptx	slides	chartset-007	@solid_type
slides/chartset-010/odp/093_Insightful_Zoom_Chart_22b5464e.odp	pptx	slides/chartset-010/pptx/093_Insightful_Zoom_Chart_22b5464e.pptx	slides	chartset-010	class:chart:ring
slides/chartset-010/odp/093_Insightful_Zoom_Chart_22b5464e.odp	pptx	slides/chartset-010/pptx/093_Insightful_Zoom_Chart_22b5464e.pptx	slides	chartset-010	series-class:chart:circle
slides/chartset-010/odp/093_Insightful_Zoom_Chart_22b5464e.odp	pptx	slides/chartset-010/pptx/093_Insightful_Zoom_Chart_22b5464e.pptx	slides	chartset-010	@solid_type
slides/chartset-010/odp/093_Insightful_Zoom_Chart_22b5464e.odp	pptx	slides/chartset-010/pptx/093_Insightful_Zoom_Chart_22b5464e.pptx	slides	chartset-010	class:chart:ring
slides/chartset-010/odp/093_Insightful_Zoom_Chart_22b5464e.odp	pptx	slides/chartset-010/pptx/093_Insightful_Zoom_Chart_22b5464e.pptx	slides	chartset-010	series-class:chart:circle
slides/chartset-010/odp/093_Insightful_Zoom_Chart_22b5464e.odp	pptx	slides/chartset-010/pptx/093_Insightful_Zoom_Chart_22b5464e.pptx	slides	chartset-010	@solid_type
slides/chart-001/odp/southern-classic-kennesaw-state-university-final.odp	pptx	slides/chart-001/pptx/southern-classic-kennesaw-state-university-final.pptx	slides	chart-001	class:chart:bar
slides/chart-001/odp/southern-classic-kennesaw-state-university-final.odp	pptx	slides/chart-001/pptx/southern-classic-kennesaw-state-university-final.pptx	slides	chart-001	series-class:chart:bar
slides/chart-001/odp/southern-classic-kennesaw-state-university-final.odp	pptx	slides/chart-001/pptx/southern-classic-kennesaw-state-university-final.pptx	slides	chart-001	class:chart:bar
slides/chart-001/odp/southern-classic-kennesaw-state-university-final.odp	pptx	slides/chart-001/pptx/southern-classic-kennesaw-state-university-final.pptx	slides	chart-001	series-class:chart:bar
slides/chart-001/odp/southern-classic-kennesaw-state-university-final.odp	pptx	slides/chart-001/pptx/southern-classic-kennesaw-state-university-final.pptx	slides	chart-001	class:chart:bar
slides/chart-001/odp/southern-classic-kennesaw-state-university-final.odp	pptx	slides/chart-001/pptx/southern-classic-kennesaw-state-university-final.pptx	slides	chart-001	series-class:chart:bar
slides/chart-001/odp/southern-classic-kennesaw-state-university-final.odp	pptx	slides/chart-001/pptx/southern-classic-kennesaw-state-university-final.pptx	slides	chart-001	@stacked_true
slides/chart-001/odp/southern-classic-kennesaw-state-university-final.odp	pptx	slides/chart-001/pptx/southern-classic-kennesaw-state-university-final.pptx	slides	chart-001	@solid_type
slides/chart-001/odp/southern-classic-kennesaw-state-university-final.odp	pptx	slides/chart-001/pptx/southern-classic-kennesaw-state-university-final.pptx	slides	chart-001	class:chart:bar
slides/chart-001/odp/southern-classic-kennesaw-state-university-final.odp	pptx	slides/chart-001/pptx/southern-classic-kennesaw-state-university-final.pptx	slides	chart-001	series-class:chart:bar
slides/chart-001/odp/southern-classic-kennesaw-state-university-final.odp	pptx	slides/chart-001/pptx/southern-classic-kennesaw-state-university-final.pptx	slides	chart-001	@vertical_true
slides/chart-001/odp/southern-classic-kennesaw-state-university-final.odp	pptx	slides/chart-001/pptx/southern-classic-kennesaw-state-university-final.pptx	slides	chart-001	class:chart:ring
slides/chart-001/odp/southern-classic-kennesaw-state-university-final.odp	pptx	slides/chart-001/pptx/southern-classic-kennesaw-state-university-final.pptx	slides	chart-001	series-class:chart:circle
slides/chart-001/odp/southern-classic-kennesaw-state-university-final.odp	pptx	slides/chart-001/pptx/southern-classic-kennesaw-state-university-final.pptx	slides	chart-001	@solid_type
slides/chart-001/odp/southern-classic-kennesaw-state-university-final.odp	pptx	slides/chart-001/pptx/southern-classic-kennesaw-state-university-final.pptx	slides	chart-001	class:chart:bar
slides/chart-001/odp/southern-classic-kennesaw-state-university-final.odp	pptx	slides/chart-001/pptx/southern-classic-kennesaw-state-university-final.pptx	slides	chart-001	series-class:chart:bar
slides/chart-001/odp/southern-classic-kennesaw-state-university-final.odp	pptx	slides/chart-001/pptx/southern-classic-kennesaw-state-university-final.pptx	slides	chart-001	@solid_type
slides/chart-001/odp/southern-classic-kennesaw-state-university-final.odp	pptx	slides/chart-001/pptx/southern-classic-kennesaw-state-university-final.pptx	slides	chart-001	class:chart:line
slides/chart-001/odp/southern-classic-kennesaw-state-university-final.odp	pptx	slides/chart-001/pptx/southern-classic-kennesaw-state-university-final.pptx	slides	chart-001	series-class:chart:line
slides/chart-001/odp/southern-classic-kennesaw-state-university-final.odp	pptx	slides/chart-001/pptx/southern-classic-kennesaw-state-university-final.pptx	slides	chart-001	@symbol_type
slides/chart-001/odp/southern-classic-kennesaw-state-university-final.odp	pptx	slides/chart-001/pptx/southern-classic-kennesaw-state-university-final.pptx	slides	chart-001	@solid_type
slides/chart-001/odp/southern-classic-kennesaw-state-university-final.odp	pptx	slides/chart-001/pptx/southern-classic-kennesaw-state-university-final.pptx	slides	chart-001	class:chart:bar
slides/chart-001/odp/southern-classic-kennesaw-state-university-final.odp	pptx	slides/chart-001/pptx/southern-classic-kennesaw-state-university-final.pptx	slides	chart-001	series-class:chart:bar
slides/chart-001/odp/southern-classic-kennesaw-state-university-final.odp	pptx	slides/chart-001/pptx/southern-classic-kennesaw-state-university-final.pptx	slides	chart-001	@solid_type
slides/chart-001/odp/southern-classic-kennesaw-state-university-final.odp	pptx	slides/chart-001/pptx/southern-classic-kennesaw-state-university-final.pptx	slides	chart-001	class:chart:line
slides/chart-001/odp/southern-classic-kennesaw-state-university-final.odp	pptx	slides/chart-001/pptx/southern-classic-kennesaw-state-university-final.pptx	slides	chart-001	series-class:chart:line
slides/chart-001/odp/southern-classic-kennesaw-state-university-final.odp	pptx	slides/chart-001/pptx/southern-classic-kennesaw-state-university-final.pptx	slides	chart-001	@symbol_type
slides/chart-001/odp/southern-classic-kennesaw-state-university-final.odp	pptx	slides/chart-001/pptx/southern-classic-kennesaw-state-university-final.pptx	slides	chart-001	@solid_type
slides/chart-001/odp/southern-classic-kennesaw-state-university-final.odp	pptx	slides/chart-001/pptx/southern-classic-kennesaw-state-university-final.pptx	slides	chart-001	class:chart:bar
slides/chart-001/odp/southern-classic-kennesaw-state-university-final.odp	pptx	slides/chart-001/pptx/southern-classic-kennesaw-state-university-final.pptx	slides	chart-001	series-class:chart:bar
slides/chart-001/odp/southern-classic-kennesaw-state-university-final.odp	pptx	slides/chart-001/pptx/southern-classic-kennesaw-state-university-final.pptx	slides	chart-001	@solid_type
slides/chart-001/odp/southern-classic-kennesaw-state-university-final.odp	pptx	slides/chart-001/pptx/southern-classic-kennesaw-state-university-final.pptx	slides	chart-001	class:chart:line
slides/chart-001/odp/southern-classic-kennesaw-state-university-final.odp	pptx	slides/chart-001/pptx/southern-classic-kennesaw-state-university-final.pptx	slides	chart-001	series-class:chart:line
slides/chart-001/odp/southern-classic-kennesaw-state-university-final.odp	pptx	slides/chart-001/pptx/southern-classic-kennesaw-state-university-final.pptx	slides	chart-001	@symbol_type
slides/chart-001/odp/southern-classic-kennesaw-state-university-final.odp	pptx	slides/chart-001/pptx/southern-classic-kennesaw-state-university-final.pptx	slides	chart-001	class:chart:bar
slides/chart-001/odp/southern-classic-kennesaw-state-university-final.odp	pptx	slides/chart-001/pptx/southern-classic-kennesaw-state-university-final.pptx	slides	chart-001	series-class:chart:bar
slides/chart-001/odp/southern-classic-kennesaw-state-university-final.odp	pptx	slides/chart-001/pptx/southern-classic-kennesaw-state-university-final.pptx	slides	chart-001	@stacked_true
slides/chart-001/odp/southern-classic-kennesaw-state-university-final.odp	pptx	slides/chart-001/pptx/southern-classic-kennesaw-state-university-final.pptx	slides	chart-001	class:chart:line
slides/chart-001/odp/southern-classic-kennesaw-state-university-final.odp	pptx	slides/chart-001/pptx/southern-classic-kennesaw-state-university-final.pptx	slides	chart-001	series-class:chart:line
slides/chart-001/odp/southern-classic-kennesaw-state-university-final.odp	pptx	slides/chart-001/pptx/southern-classic-kennesaw-state-university-final.pptx	slides	chart-001	@symbol_type
slides/chart-001/odp/southern-classic-kennesaw-state-university-final.odp	pptx	slides/chart-001/pptx/southern-classic-kennesaw-state-university-final.pptx	slides	chart-001	class:chart:radar
slides/chart-001/odp/southern-classic-kennesaw-state-university-final.odp	pptx	slides/chart-001/pptx/southern-classic-kennesaw-state-university-final.pptx	slides	chart-001	series-class:chart:radar
slides/chart-001/odp/southern-classic-kennesaw-state-university-final.odp	pptx	slides/chart-001/pptx/southern-classic-kennesaw-state-university-final.pptx	slides	chart-001	@symbol_type
slides/chart-001/odp/southern-classic-kennesaw-state-university-final.odp	pptx	slides/chart-001/pptx/southern-classic-kennesaw-state-university-final.pptx	slides	chart-001	class:chart:line
slides/chart-001/odp/southern-classic-kennesaw-state-university-final.odp	pptx	slides/chart-001/pptx/southern-classic-kennesaw-state-university-final.pptx	slides	chart-001	series-class:chart:line
slides/chart-001/odp/southern-classic-kennesaw-state-university-final.odp	pptx	slides/chart-001/pptx/southern-classic-kennesaw-state-university-final.pptx	slides	chart-001	@symbol_type
slides/chart-001/odp/southern-classic-kennesaw-state-university-final.odp	pptx	slides/chart-001/pptx/southern-classic-kennesaw-state-university-final.pptx	slides	chart-001	class:chart:line
slides/chart-001/odp/southern-classic-kennesaw-state-university-final.odp	pptx	slides/chart-001/pptx/southern-classic-kennesaw-state-university-final.pptx	slides	chart-001	series-class:chart:line
slides/chart-001/odp/southern-classic-kennesaw-state-university-final.odp	pptx	slides/chart-001/pptx/southern-classic-kennesaw-state-university-final.pptx	slides	chart-001	@symbol_type
slides/chart-001/odp/southern-classic-kennesaw-state-university-final.odp	pptx	slides/chart-001/pptx/southern-classic-kennesaw-state-university-final.pptx	slides	chart-001	@solid_type
slides/chart-001/odp/southern-classic-kennesaw-state-university-final.odp	pptx	slides/chart-001/pptx/southern-classic-kennesaw-state-university-final.pptx	slides	chart-001	class:chart:bubble
slides/chart-001/odp/southern-classic-kennesaw-state-university-final.odp	pptx	slides/chart-001/pptx/southern-classic-kennesaw-state-university-final.pptx	slides	chart-001	series-class:chart:bubble
slides/chart-001/odp/southern-classic-kennesaw-state-university-final.odp	pptx	slides/chart-001/pptx/southern-classic-kennesaw-state-university-final.pptx	slides	chart-001	class:chart:bar
slides/chart-001/odp/southern-classic-kennesaw-state-university-final.odp	pptx	slides/chart-001/pptx/southern-classic-kennesaw-state-university-final.pptx	slides	chart-001	series-class:chart:bar
slides/chart-001/odp/southern-classic-kennesaw-state-university-final.odp	pptx	slides/chart-001/pptx/southern-classic-kennesaw-state-university-final.pptx	slides	chart-001	@solid_type
slides/chart-001/odp/southern-classic-kennesaw-state-university-final.odp	pptx	slides/chart-001/pptx/southern-classic-kennesaw-state-university-final.pptx	slides	chart-001	class:chart:line
slides/chart-001/odp/southern-classic-kennesaw-state-university-final.odp	pptx	slides/chart-001/pptx/southern-classic-kennesaw-state-university-final.pptx	slides	chart-001	series-class:chart:line
slides/chart-001/odp/southern-classic-kennesaw-state-university-final.odp	pptx	slides/chart-001/pptx/southern-classic-kennesaw-state-university-final.pptx	slides	chart-001	@symbol_type
slides/chart-001/odp/southern-classic-kennesaw-state-university-final.odp	pptx	slides/chart-001/pptx/southern-classic-kennesaw-state-university-final.pptx	slides	chart-001	class:chart:bar
slides/chart-001/odp/southern-classic-kennesaw-state-university-final.odp	pptx	slides/chart-001/pptx/southern-classic-kennesaw-state-university-final.pptx	slides	chart-001	series-class:chart:bar
slides/chart-001/odp/southern-classic-kennesaw-state-university-final.odp	pptx	slides/chart-001/pptx/southern-classic-kennesaw-state-university-final.pptx	slides	chart-001	class:chart:line
slides/chart-001/odp/southern-classic-kennesaw-state-university-final.odp	pptx	slides/chart-001/pptx/southern-classic-kennesaw-state-university-final.pptx	slides	chart-001	series-class:chart:line
slides/chart-001/odp/southern-classic-kennesaw-state-university-final.odp	pptx	slides/chart-001/pptx/southern-classic-kennesaw-state-university-final.pptx	slides	chart-001	@symbol_type
slides/chart-001/odp/southern-classic-kennesaw-state-university-final.odp	pptx	slides/chart-001/pptx/southern-classic-kennesaw-state-university-final.pptx	slides	chart-001	@solid_type
slides/chartset-008/odp/038_Competitive_Advantage_Card_for_PowerPoint_and_Google_Slides_373720f6.odp	pptx	slides/chartset-008/pptx/038_Competitive_Advantage_Card_for_PowerPoint_and_Google_Slides_373720f6.pptx	slides	chartset-008	class:chart:bar
slides/chartset-008/odp/038_Competitive_Advantage_Card_for_PowerPoint_and_Google_Slides_373720f6.odp	pptx	slides/chartset-008/pptx/038_Competitive_Advantage_Card_for_PowerPoint_and_Google_Slides_373720f6.pptx	slides	chartset-008	series-class:chart:bar
slides/chartset-008/odp/038_Competitive_Advantage_Card_for_PowerPoint_and_Google_Slides_373720f6.odp	pptx	slides/chartset-008/pptx/038_Competitive_Advantage_Card_for_PowerPoint_and_Google_Slides_373720f6.pptx	slides	chartset-008	class:chart:bar
slides/chartset-008/odp/038_Competitive_Advantage_Card_for_PowerPoint_and_Google_Slides_373720f6.odp	pptx	slides/chartset-008/pptx/038_Competitive_Advantage_Card_for_PowerPoint_and_Google_Slides_373720f6.pptx	slides	chartset-008	series-class:chart:bar
slides/chartset-008/odp/072_Gear_Pie_Chart_for_PowerPoint_and_Google_Slides_d464d3a0.odp	pptx	slides/chartset-008/pptx/072_Gear_Pie_Chart_for_PowerPoint_and_Google_Slides_d464d3a0.pptx	slides	chartset-008	class:chart:ring
slides/chartset-008/odp/072_Gear_Pie_Chart_for_PowerPoint_and_Google_Slides_d464d3a0.odp	pptx	slides/chartset-008/pptx/072_Gear_Pie_Chart_for_PowerPoint_and_Google_Slides_d464d3a0.pptx	slides	chartset-008	series-class:chart:circle
slides/chartset-008/odp/072_Gear_Pie_Chart_for_PowerPoint_and_Google_Slides_d464d3a0.odp	pptx	slides/chartset-008/pptx/072_Gear_Pie_Chart_for_PowerPoint_and_Google_Slides_d464d3a0.pptx	slides	chartset-008	@solid_type
slides/chartset-008/odp/072_Gear_Pie_Chart_for_PowerPoint_and_Google_Slides_d464d3a0.odp	pptx	slides/chartset-008/pptx/072_Gear_Pie_Chart_for_PowerPoint_and_Google_Slides_d464d3a0.pptx	slides	chartset-008	class:chart:ring
slides/chartset-008/odp/072_Gear_Pie_Chart_for_PowerPoint_and_Google_Slides_d464d3a0.odp	pptx	slides/chartset-008/pptx/072_Gear_Pie_Chart_for_PowerPoint_and_Google_Slides_d464d3a0.pptx	slides	chartset-008	series-class:chart:circle
slides/chartset-008/odp/072_Gear_Pie_Chart_for_PowerPoint_and_Google_Slides_d464d3a0.odp	pptx	slides/chartset-008/pptx/072_Gear_Pie_Chart_for_PowerPoint_and_Google_Slides_d464d3a0.pptx	slides	chartset-008	@solid_type
slides/chartset-008/odp/072_Gear_Pie_Chart_for_PowerPoint_and_Google_Slides_d464d3a0.odp	pptx	slides/chartset-008/pptx/072_Gear_Pie_Chart_for_PowerPoint_and_Google_Slides_d464d3a0.pptx	slides	chartset-008	class:chart:ring
slides/chartset-008/odp/072_Gear_Pie_Chart_for_PowerPoint_and_Google_Slides_d464d3a0.odp	pptx	slides/chartset-008/pptx/072_Gear_Pie_Chart_for_PowerPoint_and_Google_Slides_d464d3a0.pptx	slides	chartset-008	series-class:chart:circle
slides/chartset-008/odp/072_Gear_Pie_Chart_for_PowerPoint_and_Google_Slides_d464d3a0.odp	pptx	slides/chartset-008/pptx/072_Gear_Pie_Chart_for_PowerPoint_and_Google_Slides_d464d3a0.pptx	slides	chartset-008	@solid_type
slides/chartset-008/odp/072_Gear_Pie_Chart_for_PowerPoint_and_Google_Slides_d464d3a0.odp	pptx	slides/chartset-008/pptx/072_Gear_Pie_Chart_for_PowerPoint_and_Google_Slides_d464d3a0.pptx	slides	chartset-008	class:chart:ring
slides/chartset-008/odp/072_Gear_Pie_Chart_for_PowerPoint_and_Google_Slides_d464d3a0.odp	pptx	slides/chartset-008/pptx/072_Gear_Pie_Chart_for_PowerPoint_and_Google_Slides_d464d3a0.pptx	slides	chartset-008	series-class:chart:circle
slides/chartset-008/odp/072_Gear_Pie_Chart_for_PowerPoint_and_Google_Slides_d464d3a0.odp	pptx	slides/chartset-008/pptx/072_Gear_Pie_Chart_for_PowerPoint_and_Google_Slides_d464d3a0.pptx	slides	chartset-008	@solid_type
slides/chartset-008/odp/072_Gear_Pie_Chart_for_PowerPoint_and_Google_Slides_d464d3a0.odp	pptx	slides/chartset-008/pptx/072_Gear_Pie_Chart_for_PowerPoint_and_Google_Slides_d464d3a0.pptx	slides	chartset-008	class:chart:ring
slides/chartset-008/odp/072_Gear_Pie_Chart_for_PowerPoint_and_Google_Slides_d464d3a0.odp	pptx	slides/chartset-008/pptx/072_Gear_Pie_Chart_for_PowerPoint_and_Google_Slides_d464d3a0.pptx	slides	chartset-008	series-class:chart:circle
slides/chartset-008/odp/072_Gear_Pie_Chart_for_PowerPoint_and_Google_Slides_d464d3a0.odp	pptx	slides/chartset-008/pptx/072_Gear_Pie_Chart_for_PowerPoint_and_Google_Slides_d464d3a0.pptx	slides	chartset-008	@solid_type
slides/chartset-008/odp/072_Gear_Pie_Chart_for_PowerPoint_and_Google_Slides_d464d3a0.odp	pptx	slides/chartset-008/pptx/072_Gear_Pie_Chart_for_PowerPoint_and_Google_Slides_d464d3a0.pptx	slides	chartset-008	class:chart:ring
slides/chartset-008/odp/072_Gear_Pie_Chart_for_PowerPoint_and_Google_Slides_d464d3a0.odp	pptx	slides/chartset-008/pptx/072_Gear_Pie_Chart_for_PowerPoint_and_Google_Slides_d464d3a0.pptx	slides	chartset-008	series-class:chart:circle
slides/chartset-008/odp/072_Gear_Pie_Chart_for_PowerPoint_and_Google_Slides_d464d3a0.odp	pptx	slides/chartset-008/pptx/072_Gear_Pie_Chart_for_PowerPoint_and_Google_Slides_d464d3a0.pptx	slides	chartset-008	@solid_type
slides/chartset-008/odp/100_Lime_and_Lemon_Data-Driven_Chart_for_PowerPoint_d7bb4a44.odp	pptx	slides/chartset-008/pptx/100_Lime_and_Lemon_Data-Driven_Chart_for_PowerPoint_d7bb4a44.pptx	slides	chartset-008	class:chart:circle
slides/chartset-008/odp/100_Lime_and_Lemon_Data-Driven_Chart_for_PowerPoint_d7bb4a44.odp	pptx	slides/chartset-008/pptx/100_Lime_and_Lemon_Data-Driven_Chart_for_PowerPoint_d7bb4a44.pptx	slides	chartset-008	series-class:chart:circle
slides/chartset-008/odp/100_Lime_and_Lemon_Data-Driven_Chart_for_PowerPoint_d7bb4a44.odp	pptx	slides/chartset-008/pptx/100_Lime_and_Lemon_Data-Driven_Chart_for_PowerPoint_d7bb4a44.pptx	slides	chartset-008	@solid_type
slides/chartset-008/odp/100_Lime_and_Lemon_Data-Driven_Chart_for_PowerPoint_d7bb4a44.odp	pptx	slides/chartset-008/pptx/100_Lime_and_Lemon_Data-Driven_Chart_for_PowerPoint_d7bb4a44.pptx	slides	chartset-008	class:chart:circle
slides/chartset-008/odp/100_Lime_and_Lemon_Data-Driven_Chart_for_PowerPoint_d7bb4a44.odp	pptx	slides/chartset-008/pptx/100_Lime_and_Lemon_Data-Driven_Chart_for_PowerPoint_d7bb4a44.pptx	slides	chartset-008	series-class:chart:circle
slides/chartset-008/odp/100_Lime_and_Lemon_Data-Driven_Chart_for_PowerPoint_d7bb4a44.odp	pptx	slides/chartset-008/pptx/100_Lime_and_Lemon_Data-Driven_Chart_for_PowerPoint_d7bb4a44.pptx	slides	chartset-008	@solid_type
slides/chartset-008/odp/100_Lime_and_Lemon_Data-Driven_Chart_for_PowerPoint_d7bb4a44.odp	pptx	slides/chartset-008/pptx/100_Lime_and_Lemon_Data-Driven_Chart_for_PowerPoint_d7bb4a44.pptx	slides	chartset-008	class:chart:circle
slides/chartset-008/odp/100_Lime_and_Lemon_Data-Driven_Chart_for_PowerPoint_d7bb4a44.odp	pptx	slides/chartset-008/pptx/100_Lime_and_Lemon_Data-Driven_Chart_for_PowerPoint_d7bb4a44.pptx	slides	chartset-008	series-class:chart:circle
slides/chartset-008/odp/100_Lime_and_Lemon_Data-Driven_Chart_for_PowerPoint_d7bb4a44.odp	pptx	slides/chartset-008/pptx/100_Lime_and_Lemon_Data-Driven_Chart_for_PowerPoint_d7bb4a44.pptx	slides	chartset-008	@solid_type
slides/chartset-008/odp/100_Lime_and_Lemon_Data-Driven_Chart_for_PowerPoint_d7bb4a44.odp	pptx	slides/chartset-008/pptx/100_Lime_and_Lemon_Data-Driven_Chart_for_PowerPoint_d7bb4a44.pptx	slides	chartset-008	class:chart:circle
slides/chartset-008/odp/100_Lime_and_Lemon_Data-Driven_Chart_for_PowerPoint_d7bb4a44.odp	pptx	slides/chartset-008/pptx/100_Lime_and_Lemon_Data-Driven_Chart_for_PowerPoint_d7bb4a44.pptx	slides	chartset-008	series-class:chart:circle
slides/chartset-008/odp/100_Lime_and_Lemon_Data-Driven_Chart_for_PowerPoint_d7bb4a44.odp	pptx	slides/chartset-008/pptx/100_Lime_and_Lemon_Data-Driven_Chart_for_PowerPoint_d7bb4a44.pptx	slides	chartset-008	@solid_type
slides/chartset-008/odp/100_Lime_and_Lemon_Data-Driven_Chart_for_PowerPoint_d7bb4a44.odp	pptx	slides/chartset-008/pptx/100_Lime_and_Lemon_Data-Driven_Chart_for_PowerPoint_d7bb4a44.pptx	slides	chartset-008	class:chart:circle
slides/chartset-008/odp/100_Lime_and_Lemon_Data-Driven_Chart_for_PowerPoint_d7bb4a44.odp	pptx	slides/chartset-008/pptx/100_Lime_and_Lemon_Data-Driven_Chart_for_PowerPoint_d7bb4a44.pptx	slides	chartset-008	series-class:chart:circle
slides/chartset-008/odp/100_Lime_and_Lemon_Data-Driven_Chart_for_PowerPoint_d7bb4a44.odp	pptx	slides/chartset-008/pptx/100_Lime_and_Lemon_Data-Driven_Chart_for_PowerPoint_d7bb4a44.pptx	slides	chartset-008	@solid_type
slides/chartset-008/odp/100_Lime_and_Lemon_Data-Driven_Chart_for_PowerPoint_d7bb4a44.odp	pptx	slides/chartset-008/pptx/100_Lime_and_Lemon_Data-Driven_Chart_for_PowerPoint_d7bb4a44.pptx	slides	chartset-008	class:chart:circle
slides/chartset-008/odp/100_Lime_and_Lemon_Data-Driven_Chart_for_PowerPoint_d7bb4a44.odp	pptx	slides/chartset-008/pptx/100_Lime_and_Lemon_Data-Driven_Chart_for_PowerPoint_d7bb4a44.pptx	slides	chartset-008	series-class:chart:circle
slides/chartset-008/odp/100_Lime_and_Lemon_Data-Driven_Chart_for_PowerPoint_d7bb4a44.odp	pptx	slides/chartset-008/pptx/100_Lime_and_Lemon_Data-Driven_Chart_for_PowerPoint_d7bb4a44.pptx	slides	chartset-008	@solid_type
slides/chartset-012/odp/061_Four-Stage_Serpentine_Chart_05699efe.odp	pptx	slides/chartset-012/pptx/061_Four-Stage_Serpentine_Chart_05699efe.pptx	slides	chartset-012	class:chart:circle
slides/chartset-012/odp/061_Four-Stage_Serpentine_Chart_05699efe.odp	pptx	slides/chartset-012/pptx/061_Four-Stage_Serpentine_Chart_05699efe.pptx	slides	chartset-012	series-class:chart:circle
slides/chartset-012/odp/061_Four-Stage_Serpentine_Chart_05699efe.odp	pptx	slides/chartset-012/pptx/061_Four-Stage_Serpentine_Chart_05699efe.pptx	slides	chartset-012	@solid_type
slides/chartset-012/odp/061_Four-Stage_Serpentine_Chart_05699efe.odp	pptx	slides/chartset-012/pptx/061_Four-Stage_Serpentine_Chart_05699efe.pptx	slides	chartset-012	class:chart:circle
slides/chartset-012/odp/061_Four-Stage_Serpentine_Chart_05699efe.odp	pptx	slides/chartset-012/pptx/061_Four-Stage_Serpentine_Chart_05699efe.pptx	slides	chartset-012	series-class:chart:circle
slides/chartset-012/odp/061_Four-Stage_Serpentine_Chart_05699efe.odp	pptx	slides/chartset-012/pptx/061_Four-Stage_Serpentine_Chart_05699efe.pptx	slides	chartset-012	@solid_type
slides/chartset-012/odp/061_Four-Stage_Serpentine_Chart_05699efe.odp	pptx	slides/chartset-012/pptx/061_Four-Stage_Serpentine_Chart_05699efe.pptx	slides	chartset-012	class:chart:circle
slides/chartset-012/odp/061_Four-Stage_Serpentine_Chart_05699efe.odp	pptx	slides/chartset-012/pptx/061_Four-Stage_Serpentine_Chart_05699efe.pptx	slides	chartset-012	series-class:chart:circle
slides/chartset-012/odp/061_Four-Stage_Serpentine_Chart_05699efe.odp	pptx	slides/chartset-012/pptx/061_Four-Stage_Serpentine_Chart_05699efe.pptx	slides	chartset-012	@solid_type
slides/chartset-012/odp/061_Four-Stage_Serpentine_Chart_05699efe.odp	pptx	slides/chartset-012/pptx/061_Four-Stage_Serpentine_Chart_05699efe.pptx	slides	chartset-012	class:chart:circle
slides/chartset-012/odp/061_Four-Stage_Serpentine_Chart_05699efe.odp	pptx	slides/chartset-012/pptx/061_Four-Stage_Serpentine_Chart_05699efe.pptx	slides	chartset-012	series-class:chart:circle
slides/chartset-012/odp/061_Four-Stage_Serpentine_Chart_05699efe.odp	pptx	slides/chartset-012/pptx/061_Four-Stage_Serpentine_Chart_05699efe.pptx	slides	chartset-012	@solid_type
slides/chartset-012/odp/061_Four-Stage_Serpentine_Chart_05699efe.odp	pptx	slides/chartset-012/pptx/061_Four-Stage_Serpentine_Chart_05699efe.pptx	slides	chartset-012	class:chart:circle
slides/chartset-012/odp/061_Four-Stage_Serpentine_Chart_05699efe.odp	pptx	slides/chartset-012/pptx/061_Four-Stage_Serpentine_Chart_05699efe.pptx	slides	chartset-012	series-class:chart:circle
slides/chartset-012/odp/061_Four-Stage_Serpentine_Chart_05699efe.odp	pptx	slides/chartset-012/pptx/061_Four-Stage_Serpentine_Chart_05699efe.pptx	slides	chartset-012	@solid_type
slides/chartset-012/odp/061_Four-Stage_Serpentine_Chart_05699efe.odp	pptx	slides/chartset-012/pptx/061_Four-Stage_Serpentine_Chart_05699efe.pptx	slides	chartset-012	class:chart:circle
slides/chartset-012/odp/061_Four-Stage_Serpentine_Chart_05699efe.odp	pptx	slides/chartset-012/pptx/061_Four-Stage_Serpentine_Chart_05699efe.pptx	slides	chartset-012	series-class:chart:circle
slides/chartset-012/odp/061_Four-Stage_Serpentine_Chart_05699efe.odp	pptx	slides/chartset-012/pptx/061_Four-Stage_Serpentine_Chart_05699efe.pptx	slides	chartset-012	@solid_type
slides/chartset-012/odp/061_Four-Stage_Serpentine_Chart_05699efe.odp	pptx	slides/chartset-012/pptx/061_Four-Stage_Serpentine_Chart_05699efe.pptx	slides	chartset-012	class:chart:circle
slides/chartset-012/odp/061_Four-Stage_Serpentine_Chart_05699efe.odp	pptx	slides/chartset-012/pptx/061_Four-Stage_Serpentine_Chart_05699efe.pptx	slides	chartset-012	series-class:chart:circle
slides/chartset-012/odp/061_Four-Stage_Serpentine_Chart_05699efe.odp	pptx	slides/chartset-012/pptx/061_Four-Stage_Serpentine_Chart_05699efe.pptx	slides	chartset-012	@solid_type
slides/chartset-012/odp/061_Four-Stage_Serpentine_Chart_05699efe.odp	pptx	slides/chartset-012/pptx/061_Four-Stage_Serpentine_Chart_05699efe.pptx	slides	chartset-012	class:chart:circle
slides/chartset-012/odp/061_Four-Stage_Serpentine_Chart_05699efe.odp	pptx	slides/chartset-012/pptx/061_Four-Stage_Serpentine_Chart_05699efe.pptx	slides	chartset-012	series-class:chart:circle
slides/chartset-012/odp/061_Four-Stage_Serpentine_Chart_05699efe.odp	pptx	slides/chartset-012/pptx/061_Four-Stage_Serpentine_Chart_05699efe.pptx	slides	chartset-012	@solid_type
slides/ceiling-002/odp/8_P-Pavese_AIRBUS-ATB-journee-CRATB.odp	pptx	slides/ceiling-002/pptx/8_P-Pavese_AIRBUS-ATB-journee-CRATB.pptx	slides	ceiling-002	class:chart:bar
slides/ceiling-002/odp/8_P-Pavese_AIRBUS-ATB-journee-CRATB.odp	pptx	slides/ceiling-002/pptx/8_P-Pavese_AIRBUS-ATB-journee-CRATB.pptx	slides	ceiling-002	series-class:chart:bar
slides/ceiling-002/odp/8_P-Pavese_AIRBUS-ATB-journee-CRATB.odp	pptx	slides/ceiling-002/pptx/8_P-Pavese_AIRBUS-ATB-journee-CRATB.pptx	slides	ceiling-002	@percentage_true
slides/ceiling-002/odp/8_P-Pavese_AIRBUS-ATB-journee-CRATB.odp	pptx	slides/ceiling-002/pptx/8_P-Pavese_AIRBUS-ATB-journee-CRATB.pptx	slides	ceiling-002	class:chart:bar
slides/ceiling-002/odp/8_P-Pavese_AIRBUS-ATB-journee-CRATB.odp	pptx	slides/ceiling-002/pptx/8_P-Pavese_AIRBUS-ATB-journee-CRATB.pptx	slides	ceiling-002	series-class:chart:bar
slides/ceiling-002/odp/8_P-Pavese_AIRBUS-ATB-journee-CRATB.odp	pptx	slides/ceiling-002/pptx/8_P-Pavese_AIRBUS-ATB-journee-CRATB.pptx	slides	ceiling-002	@solid_type
slides/ceiling-002/odp/8_P-Pavese_AIRBUS-ATB-journee-CRATB.odp	pptx	slides/ceiling-002/pptx/8_P-Pavese_AIRBUS-ATB-journee-CRATB.pptx	slides	ceiling-002	class:chart:bar
slides/ceiling-002/odp/8_P-Pavese_AIRBUS-ATB-journee-CRATB.odp	pptx	slides/ceiling-002/pptx/8_P-Pavese_AIRBUS-ATB-journee-CRATB.pptx	slides	ceiling-002	series-class:chart:bar
slides/ceiling-002/odp/8_P-Pavese_AIRBUS-ATB-journee-CRATB.odp	pptx	slides/ceiling-002/pptx/8_P-Pavese_AIRBUS-ATB-journee-CRATB.pptx	slides	ceiling-002	class:chart:bar
slides/ceiling-002/odp/8_P-Pavese_AIRBUS-ATB-journee-CRATB.odp	pptx	slides/ceiling-002/pptx/8_P-Pavese_AIRBUS-ATB-journee-CRATB.pptx	slides	ceiling-002	series-class:chart:bar
slides/ceiling-002/odp/8_P-Pavese_AIRBUS-ATB-journee-CRATB.odp	pptx	slides/ceiling-002/pptx/8_P-Pavese_AIRBUS-ATB-journee-CRATB.pptx	slides	ceiling-002	@solid_type
slides/ceiling-002/odp/8_P-Pavese_AIRBUS-ATB-journee-CRATB.odp	pptx	slides/ceiling-002/pptx/8_P-Pavese_AIRBUS-ATB-journee-CRATB.pptx	slides	ceiling-002	class:chart:scatter
slides/ceiling-002/odp/8_P-Pavese_AIRBUS-ATB-journee-CRATB.odp	pptx	slides/ceiling-002/pptx/8_P-Pavese_AIRBUS-ATB-journee-CRATB.pptx	slides	ceiling-002	series-class:chart:scatter
slides/ceiling-002/odp/8_P-Pavese_AIRBUS-ATB-journee-CRATB.odp	pptx	slides/ceiling-002/pptx/8_P-Pavese_AIRBUS-ATB-journee-CRATB.pptx	slides	ceiling-002	@symbol_type
slides/ceiling-002/odp/8_P-Pavese_AIRBUS-ATB-journee-CRATB.odp	pptx	slides/ceiling-002/pptx/8_P-Pavese_AIRBUS-ATB-journee-CRATB.pptx	slides	ceiling-002	@solid_type
slides/ceiling-002/odp/8_P-Pavese_AIRBUS-ATB-journee-CRATB.odp	pptx	slides/ceiling-002/pptx/8_P-Pavese_AIRBUS-ATB-journee-CRATB.pptx	slides	ceiling-002	class:chart:scatter
slides/ceiling-002/odp/8_P-Pavese_AIRBUS-ATB-journee-CRATB.odp	pptx	slides/ceiling-002/pptx/8_P-Pavese_AIRBUS-ATB-journee-CRATB.pptx	slides	ceiling-002	series-class:chart:scatter
slides/ceiling-002/odp/8_P-Pavese_AIRBUS-ATB-journee-CRATB.odp	pptx	slides/ceiling-002/pptx/8_P-Pavese_AIRBUS-ATB-journee-CRATB.pptx	slides	ceiling-002	@symbol_type
slides/ceiling-002/odp/8_P-Pavese_AIRBUS-ATB-journee-CRATB.odp	pptx	slides/ceiling-002/pptx/8_P-Pavese_AIRBUS-ATB-journee-CRATB.pptx	slides	ceiling-002	@solid_type
slides/ceiling-002/odp/Demick_JetBlue.odp	pptx	slides/ceiling-002/pptx/Demick_JetBlue.pptx	slides	ceiling-002	class:chart:line
slides/ceiling-002/odp/Demick_JetBlue.odp	pptx	slides/ceiling-002/pptx/Demick_JetBlue.pptx	slides	ceiling-002	series-class:chart:line
slides/ceiling-002/odp/Demick_JetBlue.odp	pptx	slides/ceiling-002/pptx/Demick_JetBlue.pptx	slides	ceiling-002	@symbol_type
slides/ceiling-002/odp/Demick_JetBlue.odp	pptx	slides/ceiling-002/pptx/Demick_JetBlue.pptx	slides	ceiling-002	class:chart:line
slides/ceiling-002/odp/Demick_JetBlue.odp	pptx	slides/ceiling-002/pptx/Demick_JetBlue.pptx	slides	ceiling-002	series-class:chart:line
slides/ceiling-002/odp/Demick_JetBlue.odp	pptx	slides/ceiling-002/pptx/Demick_JetBlue.pptx	slides	ceiling-002	@symbol_type
slides/ceiling-002/odp/Demick_JetBlue.odp	pptx	slides/ceiling-002/pptx/Demick_JetBlue.pptx	slides	ceiling-002	class:chart:line
slides/ceiling-002/odp/Demick_JetBlue.odp	pptx	slides/ceiling-002/pptx/Demick_JetBlue.pptx	slides	ceiling-002	series-class:chart:line
slides/ceiling-002/odp/Demick_JetBlue.odp	pptx	slides/ceiling-002/pptx/Demick_JetBlue.pptx	slides	ceiling-002	@symbol_type
slides/ceiling-002/odp/Demick_JetBlue.odp	pptx	slides/ceiling-002/pptx/Demick_JetBlue.pptx	slides	ceiling-002	class:chart:line
slides/ceiling-002/odp/Demick_JetBlue.odp	pptx	slides/ceiling-002/pptx/Demick_JetBlue.pptx	slides	ceiling-002	series-class:chart:line
slides/ceiling-002/odp/Demick_JetBlue.odp	pptx	slides/ceiling-002/pptx/Demick_JetBlue.pptx	slides	ceiling-002	@symbol_type
slides/ceiling-002/odp/Demick_JetBlue.odp	pptx	slides/ceiling-002/pptx/Demick_JetBlue.pptx	slides	ceiling-002	class:chart:line
slides/ceiling-002/odp/Demick_JetBlue.odp	pptx	slides/ceiling-002/pptx/Demick_JetBlue.pptx	slides	ceiling-002	series-class:chart:line
slides/ceiling-002/odp/Demick_JetBlue.odp	pptx	slides/ceiling-002/pptx/Demick_JetBlue.pptx	slides	ceiling-002	@symbol_type
words/chartset-009/odt/027_Unit_Circle_Chart_Graphical_Chart_5462a579.odt	docx	words/chartset-009/docx/027_Unit_Circle_Chart_Graphical_Chart_5462a579.docx	words	chartset-009	class:chart:circle
words/chartset-009/odt/027_Unit_Circle_Chart_Graphical_Chart_5462a579.odt	docx	words/chartset-009/docx/027_Unit_Circle_Chart_Graphical_Chart_5462a579.docx	words	chartset-009	series-class:chart:circle
words/chartset-009/odt/027_Unit_Circle_Chart_Graphical_Chart_5462a579.odt	docx	words/chartset-009/docx/027_Unit_Circle_Chart_Graphical_Chart_5462a579.docx	words	chartset-009	@solid_type
words/chartset-001/odt/clustered-column-result.odt	docx	words/chartset-001/docx/clustered-column-result.docx	words	chartset-001	class:chart:bar
words/chartset-001/odt/clustered-column-result.odt	docx	words/chartset-001/docx/clustered-column-result.docx	words	chartset-001	series-class:chart:bar
words/chartset-001/odt/clustered-column-template.odt	docx	words/chartset-001/docx/clustered-column-template.docx	words	chartset-001	class:chart:bar
words/chartset-001/odt/clustered-column-template.odt	docx	words/chartset-001/docx/clustered-column-template.docx	words	chartset-001	series-class:chart:bar
words/chartset-001/odt/pie-chart-result.odt	docx	words/chartset-001/docx/pie-chart-result.docx	words	chartset-001	class:chart:circle
words/chartset-001/odt/pie-chart-result.odt	docx	words/chartset-001/docx/pie-chart-result.docx	words	chartset-001	series-class:chart:circle
words/chartset-001/odt/pie-chart-result.odt	docx	words/chartset-001/docx/pie-chart-result.docx	words	chartset-001	@three_d_true
words/chartset-001/odt/pie-chart-result.odt	docx	words/chartset-001/docx/pie-chart-result.docx	words	chartset-001	@solid_type
words/chartset-001/odt/pie-chart-template.odt	docx	words/chartset-001/docx/pie-chart-template.docx	words	chartset-001	class:chart:circle
words/chartset-001/odt/pie-chart-template.odt	docx	words/chartset-001/docx/pie-chart-template.docx	words	chartset-001	series-class:chart:circle
words/chartset-001/odt/pie-chart-template.odt	docx	words/chartset-001/docx/pie-chart-template.docx	words	chartset-001	@three_d_true
words/chartset-001/odt/pie-chart-template.odt	docx	words/chartset-001/docx/pie-chart-template.docx	words	chartset-001	@solid_type
words/ceiling-001/odt/ABCD-FE-01-00 Flight Envelope - v1 08.03.16.odt	docx	words/ceiling-001/docx/ABCD-FE-01-00 Flight Envelope - v1 08.03.16.docx	words	ceiling-001	class:chart:scatter
words/ceiling-001/odt/ABCD-FE-01-00 Flight Envelope - v1 08.03.16.odt	docx	words/ceiling-001/docx/ABCD-FE-01-00 Flight Envelope - v1 08.03.16.docx	words	ceiling-001	series-class:chart:scatter
words/ceiling-001/odt/ABCD-FE-01-00 Flight Envelope - v1 08.03.16.odt	docx	words/ceiling-001/docx/ABCD-FE-01-00 Flight Envelope - v1 08.03.16.docx	words	ceiling-001	@symbol_type
words/ceiling-001/odt/ABCD-FE-01-00 Flight Envelope - v1 08.03.16.odt	docx	words/ceiling-001/docx/ABCD-FE-01-00 Flight Envelope - v1 08.03.16.docx	words	ceiling-001	@solid_type
words/chartset-011/odt/029_Unit_Circle_Chart_Pie_Theme_8a922142.odt	docx	words/chartset-011/docx/029_Unit_Circle_Chart_Pie_Theme_8a922142.docx	words	chartset-011	class:chart:circle
words/chartset-011/odt/029_Unit_Circle_Chart_Pie_Theme_8a922142.odt	docx	words/chartset-011/docx/029_Unit_Circle_Chart_Pie_Theme_8a922142.docx	words	chartset-011	series-class:chart:circle
words/chartset-011/odt/029_Unit_Circle_Chart_Pie_Theme_8a922142.odt	docx	words/chartset-011/docx/029_Unit_Circle_Chart_Pie_Theme_8a922142.docx	words	chartset-011	@solid_type
words/chartset-010/odt/023_Unit_Circle_Chart_Circular_Percentage_790f7b75.odt	docx	words/chartset-010/docx/023_Unit_Circle_Chart_Circular_Percentage_790f7b75.docx	words	chartset-010	class:chart:ring
words/chartset-010/odt/023_Unit_Circle_Chart_Circular_Percentage_790f7b75.odt	docx	words/chartset-010/docx/023_Unit_Circle_Chart_Circular_Percentage_790f7b75.docx	words	chartset-010	series-class:chart:circle
words/chartset-010/odt/023_Unit_Circle_Chart_Circular_Percentage_790f7b75.odt	docx	words/chartset-010/docx/023_Unit_Circle_Chart_Circular_Percentage_790f7b75.docx	words	chartset-010	@solid_type
words/chartset-010/odt/028_Unit_Circle_Chart_Optimized_Graph_83d9c756.odt	docx	words/chartset-010/docx/028_Unit_Circle_Chart_Optimized_Graph_83d9c756.docx	words	chartset-010	class:chart:circle
words/chartset-010/odt/028_Unit_Circle_Chart_Optimized_Graph_83d9c756.odt	docx	words/chartset-010/docx/028_Unit_Circle_Chart_Optimized_Graph_83d9c756.docx	words	chartset-010	series-class:chart:circle
words/chartset-010/odt/028_Unit_Circle_Chart_Optimized_Graph_83d9c756.odt	docx	words/chartset-010/docx/028_Unit_Circle_Chart_Optimized_Graph_83d9c756.docx	words	chartset-010	@solid_type
words/chartset-012/odt/021_Unit_Circle_Chart_3D_Pie_Chart_404247ab.odt	docx	words/chartset-012/docx/021_Unit_Circle_Chart_3D_Pie_Chart_404247ab.docx	words	chartset-012	class:chart:circle
words/chartset-012/odt/021_Unit_Circle_Chart_3D_Pie_Chart_404247ab.odt	docx	words/chartset-012/docx/021_Unit_Circle_Chart_3D_Pie_Chart_404247ab.docx	words	chartset-012	series-class:chart:circle
words/chartset-012/odt/021_Unit_Circle_Chart_3D_Pie_Chart_404247ab.odt	docx	words/chartset-012/docx/021_Unit_Circle_Chart_3D_Pie_Chart_404247ab.docx	words	chartset-012	@three_d_true
words/chartset-012/odt/021_Unit_Circle_Chart_3D_Pie_Chart_404247ab.odt	docx	words/chartset-012/docx/021_Unit_Circle_Chart_3D_Pie_Chart_404247ab.docx	words	chartset-012	@solid_type
sheets/chartset-005/ods/004_Contextures_chart_sample_de7c0671.ods	xlsx	sheets/chartset-005/xlsx/004_Contextures_chart_sample_de7c0671.xlsx	sheets	chartset-005	class:chart:bar
sheets/chartset-005/ods/004_Contextures_chart_sample_de7c0671.ods	xlsx	sheets/chartset-005/xlsx/004_Contextures_chart_sample_de7c0671.xlsx	sheets	chartset-005	series-class:chart:line
sheets/chartset-005/ods/004_Contextures_chart_sample_de7c0671.ods	xlsx	sheets/chartset-005/xlsx/004_Contextures_chart_sample_de7c0671.xlsx	sheets	chartset-005	series-class:chart:bar
sheets/chartset-005/ods/004_Contextures_chart_sample_de7c0671.ods	xlsx	sheets/chartset-005/xlsx/004_Contextures_chart_sample_de7c0671.xlsx	sheets	chartset-005	@stacked_true
sheets/chartset-005/ods/004_Contextures_chart_sample_de7c0671.ods	xlsx	sheets/chartset-005/xlsx/004_Contextures_chart_sample_de7c0671.xlsx	sheets	chartset-005	@symbol_type
sheets/chartset-005/ods/022_Pareto_Chart_Template_-_Pareto_Analysis_in_Excel_with_Pareto_Diagram_82b5a874.ods	xlsx	sheets/chartset-005/xlsx/022_Pareto_Chart_Template_-_Pareto_Analysis_in_Excel_with_Pareto_Diagram_82b5a874.xlsx	sheets	chartset-005	class:chart:bar
sheets/chartset-005/ods/022_Pareto_Chart_Template_-_Pareto_Analysis_in_Excel_with_Pareto_Diagram_82b5a874.ods	xlsx	sheets/chartset-005/xlsx/022_Pareto_Chart_Template_-_Pareto_Analysis_in_Excel_with_Pareto_Diagram_82b5a874.xlsx	sheets	chartset-005	series-class:chart:line
sheets/chartset-005/ods/022_Pareto_Chart_Template_-_Pareto_Analysis_in_Excel_with_Pareto_Diagram_82b5a874.ods	xlsx	sheets/chartset-005/xlsx/022_Pareto_Chart_Template_-_Pareto_Analysis_in_Excel_with_Pareto_Diagram_82b5a874.xlsx	sheets	chartset-005	series-class:chart:bar
sheets/chartset-005/ods/022_Pareto_Chart_Template_-_Pareto_Analysis_in_Excel_with_Pareto_Diagram_82b5a874.ods	xlsx	sheets/chartset-005/xlsx/022_Pareto_Chart_Template_-_Pareto_Analysis_in_Excel_with_Pareto_Diagram_82b5a874.xlsx	sheets	chartset-005	@symbol_type
sheets/chartset-009/ods/018_Weight_Loss_Chart_-_Free_Printable_Weight_Loss_Charts_and_Weight_Log_3337bd0a.ods	xlsx	sheets/chartset-009/xlsx/018_Weight_Loss_Chart_-_Free_Printable_Weight_Loss_Charts_and_Weight_Log_3337bd0a.xlsx	sheets	chartset-009	class:chart:scatter
sheets/chartset-009/ods/018_Weight_Loss_Chart_-_Free_Printable_Weight_Loss_Charts_and_Weight_Log_3337bd0a.ods	xlsx	sheets/chartset-009/xlsx/018_Weight_Loss_Chart_-_Free_Printable_Weight_Loss_Charts_and_Weight_Log_3337bd0a.xlsx	sheets	chartset-009	series-class:chart:scatter
sheets/chartset-009/ods/018_Weight_Loss_Chart_-_Free_Printable_Weight_Loss_Charts_and_Weight_Log_3337bd0a.ods	xlsx	sheets/chartset-009/xlsx/018_Weight_Loss_Chart_-_Free_Printable_Weight_Loss_Charts_and_Weight_Log_3337bd0a.xlsx	sheets	chartset-009	@symbol_type
sheets/chartset-009/ods/018_Weight_Loss_Chart_-_Free_Printable_Weight_Loss_Charts_and_Weight_Log_3337bd0a.ods	xlsx	sheets/chartset-009/xlsx/018_Weight_Loss_Chart_-_Free_Printable_Weight_Loss_Charts_and_Weight_Log_3337bd0a.xlsx	sheets	chartset-009	@solid_type
sheets/chartset-009/ods/018_Weight_Loss_Chart_-_Free_Printable_Weight_Loss_Charts_and_Weight_Log_3337bd0a.ods	xlsx	sheets/chartset-009/xlsx/018_Weight_Loss_Chart_-_Free_Printable_Weight_Loss_Charts_and_Weight_Log_3337bd0a.xlsx	sheets	chartset-009	class:chart:scatter
sheets/chartset-009/ods/018_Weight_Loss_Chart_-_Free_Printable_Weight_Loss_Charts_and_Weight_Log_3337bd0a.ods	xlsx	sheets/chartset-009/xlsx/018_Weight_Loss_Chart_-_Free_Printable_Weight_Loss_Charts_and_Weight_Log_3337bd0a.xlsx	sheets	chartset-009	series-class:chart:scatter
sheets/chartset-009/ods/018_Weight_Loss_Chart_-_Free_Printable_Weight_Loss_Charts_and_Weight_Log_3337bd0a.ods	xlsx	sheets/chartset-009/xlsx/018_Weight_Loss_Chart_-_Free_Printable_Weight_Loss_Charts_and_Weight_Log_3337bd0a.xlsx	sheets	chartset-009	@symbol_type
sheets/chartset-009/ods/018_Weight_Loss_Chart_-_Free_Printable_Weight_Loss_Charts_and_Weight_Log_3337bd0a.ods	xlsx	sheets/chartset-009/xlsx/018_Weight_Loss_Chart_-_Free_Printable_Weight_Loss_Charts_and_Weight_Log_3337bd0a.xlsx	sheets	chartset-009	@solid_type
sheets/chartset-009/ods/029_Annual_budget_Use_this_template_30324a97.ods	xlsx	sheets/chartset-009/xlsx/029_Annual_budget_Use_this_template_30324a97.xlsx	sheets	chartset-009	class:chart:bar
sheets/chartset-009/ods/029_Annual_budget_Use_this_template_30324a97.ods	xlsx	sheets/chartset-009/xlsx/029_Annual_budget_Use_this_template_30324a97.xlsx	sheets	chartset-009	class:chart:bar
sheets/chartset-009/ods/029_Annual_budget_Use_this_template_30324a97.ods	xlsx	sheets/chartset-009/xlsx/029_Annual_budget_Use_this_template_30324a97.xlsx	sheets	chartset-009	series-class:chart:bar
sheets/chartset-009/ods/029_Annual_budget_Use_this_template_30324a97.ods	xlsx	sheets/chartset-009/xlsx/029_Annual_budget_Use_this_template_30324a97.xlsx	sheets	chartset-009	class:chart:bar
sheets/chartset-009/ods/029_Annual_budget_Use_this_template_30324a97.ods	xlsx	sheets/chartset-009/xlsx/029_Annual_budget_Use_this_template_30324a97.xlsx	sheets	chartset-009	series-class:chart:bar
sheets/chartset-009/ods/029_Annual_budget_Use_this_template_30324a97.ods	xlsx	sheets/chartset-009/xlsx/029_Annual_budget_Use_this_template_30324a97.xlsx	sheets	chartset-009	@solid_type
sheets/chartset-009/ods/041_Business_budget_ef942467.ods	xlsx	sheets/chartset-009/xlsx/041_Business_budget_ef942467.xlsx	sheets	chartset-009	class:chart:bar
sheets/chartset-009/ods/041_Business_budget_ef942467.ods	xlsx	sheets/chartset-009/xlsx/041_Business_budget_ef942467.xlsx	sheets	chartset-009	series-class:chart:bar
sheets/chartset-009/ods/053_Personal_asset_inventory_5446d84b.ods	xlsx	sheets/chartset-009/xlsx/053_Personal_asset_inventory_5446d84b.xlsx	sheets	chartset-009	class:chart:bar
sheets/chartset-009/ods/053_Personal_asset_inventory_5446d84b.ods	xlsx	sheets/chartset-009/xlsx/053_Personal_asset_inventory_5446d84b.xlsx	sheets	chartset-009	series-class:chart:bar
sheets/chartset-009/ods/053_Personal_asset_inventory_5446d84b.ods	xlsx	sheets/chartset-009/xlsx/053_Personal_asset_inventory_5446d84b.xlsx	sheets	chartset-009	@vertical_true
sheets/chartset-009/ods/056_Quarterly_sale_report_baa6bb0d.ods	xlsx	sheets/chartset-009/xlsx/056_Quarterly_sale_report_baa6bb0d.xlsx	sheets	chartset-009	class:chart:bar
sheets/chartset-009/ods/056_Quarterly_sale_report_baa6bb0d.ods	xlsx	sheets/chartset-009/xlsx/056_Quarterly_sale_report_baa6bb0d.xlsx	sheets	chartset-009	series-class:chart:bar
sheets/chartset-009/ods/056_Quarterly_sale_report_baa6bb0d.ods	xlsx	sheets/chartset-009/xlsx/056_Quarterly_sale_report_baa6bb0d.xlsx	sheets	chartset-009	@vertical_true
sheets/chartset-009/ods/056_Quarterly_sale_report_baa6bb0d.ods	xlsx	sheets/chartset-009/xlsx/056_Quarterly_sale_report_baa6bb0d.xlsx	sheets	chartset-009	@stacked_true
sheets/chartset-004/ods/009_advanced_excel_bar.ods	xlsx	sheets/chartset-004/xlsx/009_advanced_excel_bar.xlsx	sheets	chartset-004	class:chart:bar
sheets/chartset-004/ods/009_advanced_excel_bar.ods	xlsx	sheets/chartset-004/xlsx/009_advanced_excel_bar.xlsx	sheets	chartset-004	series-class:chart:bar
sheets/chartset-004/ods/010_advanced_excel_line.ods	xlsx	sheets/chartset-004/xlsx/010_advanced_excel_line.xlsx	sheets	chartset-004	class:chart:line
sheets/chartset-004/ods/010_advanced_excel_line.ods	xlsx	sheets/chartset-004/xlsx/010_advanced_excel_line.xlsx	sheets	chartset-004	series-class:chart:line
sheets/chartset-004/ods/010_advanced_excel_line.ods	xlsx	sheets/chartset-004/xlsx/010_advanced_excel_line.xlsx	sheets	chartset-004	@symbol_type
sheets/chartset-004/ods/010_advanced_excel_line.ods	xlsx	sheets/chartset-004/xlsx/010_advanced_excel_line.xlsx	sheets	chartset-004	@interpolation
sheets/chartset-004/ods/019_advanced_excel_pie.ods	xlsx	sheets/chartset-004/xlsx/019_advanced_excel_pie.xlsx	sheets	chartset-004	class:chart:circle
sheets/chartset-004/ods/019_advanced_excel_pie.ods	xlsx	sheets/chartset-004/xlsx/019_advanced_excel_pie.xlsx	sheets	chartset-004	series-class:chart:circle
sheets/chartset-004/ods/019_advanced_excel_pie.ods	xlsx	sheets/chartset-004/xlsx/019_advanced_excel_pie.xlsx	sheets	chartset-004	@solid_type
sheets/chartset-004/ods/023_advanced_excel_bubble.ods	xlsx	sheets/chartset-004/xlsx/023_advanced_excel_bubble.xlsx	sheets	chartset-004	class:chart:bubble
sheets/chartset-004/ods/023_advanced_excel_bubble.ods	xlsx	sheets/chartset-004/xlsx/023_advanced_excel_bubble.xlsx	sheets	chartset-004	series-class:chart:bubble
sheets/chartset-004/ods/DynamicBubbleChart.ods	xlsx	sheets/chartset-004/xlsx/DynamicBubbleChart.xlsx	sheets	chartset-004	class:chart:bubble
sheets/chartset-004/ods/DynamicBubbleChart.ods	xlsx	sheets/chartset-004/xlsx/DynamicBubbleChart.xlsx	sheets	chartset-004	series-class:chart:bubble
sheets/chartset-004/ods/microsoft_learn_multi_chart_examples.ods	xlsx	sheets/chartset-004/xlsx/microsoft_learn_multi_chart_examples.xlsx	sheets	chartset-004	class:chart:line
sheets/chartset-004/ods/microsoft_learn_multi_chart_examples.ods	xlsx	sheets/chartset-004/xlsx/microsoft_learn_multi_chart_examples.xlsx	sheets	chartset-004	series-class:chart:line
sheets/chartset-004/ods/microsoft_learn_multi_chart_examples.ods	xlsx	sheets/chartset-004/xlsx/microsoft_learn_multi_chart_examples.xlsx	sheets	chartset-004	@symbol_type
sheets/chartset-004/ods/microsoft_learn_multi_chart_examples.ods	xlsx	sheets/chartset-004/xlsx/microsoft_learn_multi_chart_examples.xlsx	sheets	chartset-004	@interpolation
sheets/chartset-004/ods/microsoft_learn_multi_chart_examples.ods	xlsx	sheets/chartset-004/xlsx/microsoft_learn_multi_chart_examples.xlsx	sheets	chartset-004	class:chart:scatter
sheets/chartset-004/ods/microsoft_learn_multi_chart_examples.ods	xlsx	sheets/chartset-004/xlsx/microsoft_learn_multi_chart_examples.xlsx	sheets	chartset-004	series-class:chart:scatter
sheets/chartset-004/ods/microsoft_learn_multi_chart_examples.ods	xlsx	sheets/chartset-004/xlsx/microsoft_learn_multi_chart_examples.xlsx	sheets	chartset-004	@symbol_type
sheets/chartset-004/ods/microsoft_learn_multi_chart_examples.ods	xlsx	sheets/chartset-004/xlsx/microsoft_learn_multi_chart_examples.xlsx	sheets	chartset-004	@interpolation
sheets/chartset-004/ods/microsoft_learn_multi_chart_examples.ods	xlsx	sheets/chartset-004/xlsx/microsoft_learn_multi_chart_examples.xlsx	sheets	chartset-004	class:chart:circle
sheets/chartset-004/ods/microsoft_learn_multi_chart_examples.ods	xlsx	sheets/chartset-004/xlsx/microsoft_learn_multi_chart_examples.xlsx	sheets	chartset-004	series-class:chart:circle
sheets/chartset-004/ods/microsoft_learn_multi_chart_examples.ods	xlsx	sheets/chartset-004/xlsx/microsoft_learn_multi_chart_examples.xlsx	sheets	chartset-004	@solid_type
sheets/chartset-004/ods/microsoft_learn_multi_chart_examples.ods	xlsx	sheets/chartset-004/xlsx/microsoft_learn_multi_chart_examples.xlsx	sheets	chartset-004	class:chart:bar
sheets/chartset-004/ods/microsoft_learn_multi_chart_examples.ods	xlsx	sheets/chartset-004/xlsx/microsoft_learn_multi_chart_examples.xlsx	sheets	chartset-004	series-class:chart:bar
sheets/chartset-004/ods/microsoft_learn_multi_chart_examples.ods	xlsx	sheets/chartset-004/xlsx/microsoft_learn_multi_chart_examples.xlsx	sheets	chartset-004	class:chart:area
sheets/chartset-004/ods/microsoft_learn_multi_chart_examples.ods	xlsx	sheets/chartset-004/xlsx/microsoft_learn_multi_chart_examples.xlsx	sheets	chartset-004	series-class:chart:area
sheets/chartset-001/ods/001_advanced_excel_bar.ods	xlsx	sheets/chartset-001/xlsx/001_advanced_excel_bar.xlsx	sheets	chartset-001	class:chart:bar
sheets/chartset-001/ods/001_advanced_excel_bar.ods	xlsx	sheets/chartset-001/xlsx/001_advanced_excel_bar.xlsx	sheets	chartset-001	series-class:chart:bar
sheets/chartset-001/ods/002_advanced_excel_line.ods	xlsx	sheets/chartset-001/xlsx/002_advanced_excel_line.xlsx	sheets	chartset-001	class:chart:line
sheets/chartset-001/ods/002_advanced_excel_line.ods	xlsx	sheets/chartset-001/xlsx/002_advanced_excel_line.xlsx	sheets	chartset-001	series-class:chart:line
sheets/chartset-001/ods/002_advanced_excel_line.ods	xlsx	sheets/chartset-001/xlsx/002_advanced_excel_line.xlsx	sheets	chartset-001	@symbol_type
sheets/chartset-001/ods/002_advanced_excel_line.ods	xlsx	sheets/chartset-001/xlsx/002_advanced_excel_line.xlsx	sheets	chartset-001	@interpolation
sheets/chartset-001/ods/005_advanced_excel_area.ods	xlsx	sheets/chartset-001/xlsx/005_advanced_excel_area.xlsx	sheets	chartset-001	class:chart:area
sheets/chartset-001/ods/005_advanced_excel_area.ods	xlsx	sheets/chartset-001/xlsx/005_advanced_excel_area.xlsx	sheets	chartset-001	series-class:chart:area
sheets/chartset-001/ods/005_advanced_excel_area.ods	xlsx	sheets/chartset-001/xlsx/005_advanced_excel_area.xlsx	sheets	chartset-001	@stacked_true
sheets/chartset-001/ods/006_advanced_excel_scatter.ods	xlsx	sheets/chartset-001/xlsx/006_advanced_excel_scatter.xlsx	sheets	chartset-001	class:chart:scatter
sheets/chartset-001/ods/006_advanced_excel_scatter.ods	xlsx	sheets/chartset-001/xlsx/006_advanced_excel_scatter.xlsx	sheets	chartset-001	series-class:chart:scatter
sheets/chartset-001/ods/006_advanced_excel_scatter.ods	xlsx	sheets/chartset-001/xlsx/006_advanced_excel_scatter.xlsx	sheets	chartset-001	@symbol_type
sheets/chartset-001/ods/006_advanced_excel_scatter.ods	xlsx	sheets/chartset-001/xlsx/006_advanced_excel_scatter.xlsx	sheets	chartset-001	@interpolation
sheets/chartset-001/ods/016_advanced_excel_radar.ods	xlsx	sheets/chartset-001/xlsx/016_advanced_excel_radar.xlsx	sheets	chartset-001	class:chart:radar
sheets/chartset-001/ods/016_advanced_excel_radar.ods	xlsx	sheets/chartset-001/xlsx/016_advanced_excel_radar.xlsx	sheets	chartset-001	series-class:chart:radar
sheets/chartset-001/ods/016_advanced_excel_radar.ods	xlsx	sheets/chartset-001/xlsx/016_advanced_excel_radar.xlsx	sheets	chartset-001	@symbol_type
sheets/chartset-001/ods/022_advanced_excel_scatter.ods	xlsx	sheets/chartset-001/xlsx/022_advanced_excel_scatter.xlsx	sheets	chartset-001	class:chart:scatter
sheets/chartset-001/ods/022_advanced_excel_scatter.ods	xlsx	sheets/chartset-001/xlsx/022_advanced_excel_scatter.xlsx	sheets	chartset-001	series-class:chart:scatter
sheets/chartset-001/ods/022_advanced_excel_scatter.ods	xlsx	sheets/chartset-001/xlsx/022_advanced_excel_scatter.xlsx	sheets	chartset-001	@symbol_type
sheets/chartset-001/ods/022_advanced_excel_scatter.ods	xlsx	sheets/chartset-001/xlsx/022_advanced_excel_scatter.xlsx	sheets	chartset-001	@interpolation
sheets/chartset-001/ods/025_advanced_excel_bar.ods	xlsx	sheets/chartset-001/xlsx/025_advanced_excel_bar.xlsx	sheets	chartset-001	class:chart:bar
sheets/chartset-001/ods/025_advanced_excel_bar.ods	xlsx	sheets/chartset-001/xlsx/025_advanced_excel_bar.xlsx	sheets	chartset-001	series-class:chart:bar
sheets/chartset-001/ods/028_advanced_excel_doughnut.ods	xlsx	sheets/chartset-001/xlsx/028_advanced_excel_doughnut.xlsx	sheets	chartset-001	class:chart:ring
sheets/chartset-001/ods/028_advanced_excel_doughnut.ods	xlsx	sheets/chartset-001/xlsx/028_advanced_excel_doughnut.xlsx	sheets	chartset-001	series-class:chart:circle
sheets/chartset-001/ods/028_advanced_excel_doughnut.ods	xlsx	sheets/chartset-001/xlsx/028_advanced_excel_doughnut.xlsx	sheets	chartset-001	@solid_type
sheets/chartset-001/ods/032_advanced_excel_radar.ods	xlsx	sheets/chartset-001/xlsx/032_advanced_excel_radar.xlsx	sheets	chartset-001	class:chart:radar
sheets/chartset-001/ods/032_advanced_excel_radar.ods	xlsx	sheets/chartset-001/xlsx/032_advanced_excel_radar.xlsx	sheets	chartset-001	series-class:chart:radar
sheets/chartset-001/ods/032_advanced_excel_radar.ods	xlsx	sheets/chartset-001/xlsx/032_advanced_excel_radar.xlsx	sheets	chartset-001	@symbol_type
sheets/chartset-001/ods/033_advanced_excel_bar.ods	xlsx	sheets/chartset-001/xlsx/033_advanced_excel_bar.xlsx	sheets	chartset-001	class:chart:bar
sheets/chartset-001/ods/033_advanced_excel_bar.ods	xlsx	sheets/chartset-001/xlsx/033_advanced_excel_bar.xlsx	sheets	chartset-001	series-class:chart:bar
sheets/done-002/ods/2012-GA-Survey-Chapter-5-Tables-16Dec2013-V2.ods	xls	sheets/done-002/xls/2012-GA-Survey-Chapter-5-Tables-16Dec2013-V2.xls	sheets	done-002	class:chart:bar
sheets/done-002/ods/2012-GA-Survey-Chapter-5-Tables-16Dec2013-V2.ods	xls	sheets/done-002/xls/2012-GA-Survey-Chapter-5-Tables-16Dec2013-V2.xls	sheets	done-002	series-class:chart:bar
sheets/done-002/ods/2012-GA-Survey-Chapter-5-Tables-16Dec2013-V2.ods	xls	sheets/done-002/xls/2012-GA-Survey-Chapter-5-Tables-16Dec2013-V2.xls	sheets	done-002	@vertical_true
sheets/done-002/ods/2012-GA-Survey-Chapter-6-Tables-16Dec2013-V2.ods	xls	sheets/done-002/xls/2012-GA-Survey-Chapter-6-Tables-16Dec2013-V2.xls	sheets	done-002	class:chart:bar
sheets/done-002/ods/2012-GA-Survey-Chapter-6-Tables-16Dec2013-V2.ods	xls	sheets/done-002/xls/2012-GA-Survey-Chapter-6-Tables-16Dec2013-V2.xls	sheets	done-002	series-class:chart:bar
sheets/done-002/ods/2012-GA-Survey-Chapter-6-Tables-16Dec2013-V2.ods	xls	sheets/done-002/xls/2012-GA-Survey-Chapter-6-Tables-16Dec2013-V2.xls	sheets	done-002	@vertical_true
sheets/chartset-003/ods/004_advanced_excel_doughnut.ods	xlsx	sheets/chartset-003/xlsx/004_advanced_excel_doughnut.xlsx	sheets	chartset-003	class:chart:ring
sheets/chartset-003/ods/004_advanced_excel_doughnut.ods	xlsx	sheets/chartset-003/xlsx/004_advanced_excel_doughnut.xlsx	sheets	chartset-003	series-class:chart:circle
sheets/chartset-003/ods/004_advanced_excel_doughnut.ods	xlsx	sheets/chartset-003/xlsx/004_advanced_excel_doughnut.xlsx	sheets	chartset-003	@solid_type
sheets/chartset-003/ods/008_advanced_excel_radar.ods	xlsx	sheets/chartset-003/xlsx/008_advanced_excel_radar.xlsx	sheets	chartset-003	class:chart:radar
sheets/chartset-003/ods/008_advanced_excel_radar.ods	xlsx	sheets/chartset-003/xlsx/008_advanced_excel_radar.xlsx	sheets	chartset-003	series-class:chart:radar
sheets/chartset-003/ods/008_advanced_excel_radar.ods	xlsx	sheets/chartset-003/xlsx/008_advanced_excel_radar.xlsx	sheets	chartset-003	@symbol_type
sheets/chartset-003/ods/014_advanced_excel_scatter.ods	xlsx	sheets/chartset-003/xlsx/014_advanced_excel_scatter.xlsx	sheets	chartset-003	class:chart:scatter
sheets/chartset-003/ods/014_advanced_excel_scatter.ods	xlsx	sheets/chartset-003/xlsx/014_advanced_excel_scatter.xlsx	sheets	chartset-003	series-class:chart:scatter
sheets/chartset-003/ods/014_advanced_excel_scatter.ods	xlsx	sheets/chartset-003/xlsx/014_advanced_excel_scatter.xlsx	sheets	chartset-003	@symbol_type
sheets/chartset-003/ods/014_advanced_excel_scatter.ods	xlsx	sheets/chartset-003/xlsx/014_advanced_excel_scatter.xlsx	sheets	chartset-003	@interpolation
sheets/chartset-003/ods/015_advanced_excel_bubble.ods	xlsx	sheets/chartset-003/xlsx/015_advanced_excel_bubble.xlsx	sheets	chartset-003	class:chart:bubble
sheets/chartset-003/ods/015_advanced_excel_bubble.ods	xlsx	sheets/chartset-003/xlsx/015_advanced_excel_bubble.xlsx	sheets	chartset-003	series-class:chart:bubble
sheets/chartset-003/ods/017_advanced_excel_bar.ods	xlsx	sheets/chartset-003/xlsx/017_advanced_excel_bar.xlsx	sheets	chartset-003	class:chart:bar
sheets/chartset-003/ods/017_advanced_excel_bar.ods	xlsx	sheets/chartset-003/xlsx/017_advanced_excel_bar.xlsx	sheets	chartset-003	series-class:chart:bar
sheets/chartset-003/ods/018_advanced_excel_line.ods	xlsx	sheets/chartset-003/xlsx/018_advanced_excel_line.xlsx	sheets	chartset-003	class:chart:line
sheets/chartset-003/ods/018_advanced_excel_line.ods	xlsx	sheets/chartset-003/xlsx/018_advanced_excel_line.xlsx	sheets	chartset-003	series-class:chart:line
sheets/chartset-003/ods/018_advanced_excel_line.ods	xlsx	sheets/chartset-003/xlsx/018_advanced_excel_line.xlsx	sheets	chartset-003	@symbol_type
sheets/chartset-003/ods/018_advanced_excel_line.ods	xlsx	sheets/chartset-003/xlsx/018_advanced_excel_line.xlsx	sheets	chartset-003	@interpolation
sheets/chartset-003/ods/020_advanced_excel_doughnut.ods	xlsx	sheets/chartset-003/xlsx/020_advanced_excel_doughnut.xlsx	sheets	chartset-003	class:chart:ring
sheets/chartset-003/ods/020_advanced_excel_doughnut.ods	xlsx	sheets/chartset-003/xlsx/020_advanced_excel_doughnut.xlsx	sheets	chartset-003	series-class:chart:circle
sheets/chartset-003/ods/020_advanced_excel_doughnut.ods	xlsx	sheets/chartset-003/xlsx/020_advanced_excel_doughnut.xlsx	sheets	chartset-003	@solid_type
sheets/chartset-003/ods/024_advanced_excel_radar.ods	xlsx	sheets/chartset-003/xlsx/024_advanced_excel_radar.xlsx	sheets	chartset-003	class:chart:radar
sheets/chartset-003/ods/024_advanced_excel_radar.ods	xlsx	sheets/chartset-003/xlsx/024_advanced_excel_radar.xlsx	sheets	chartset-003	series-class:chart:radar
sheets/chartset-003/ods/024_advanced_excel_radar.ods	xlsx	sheets/chartset-003/xlsx/024_advanced_excel_radar.xlsx	sheets	chartset-003	@symbol_type
sheets/chartset-003/ods/029_advanced_excel_area.ods	xlsx	sheets/chartset-003/xlsx/029_advanced_excel_area.xlsx	sheets	chartset-003	class:chart:area
sheets/chartset-003/ods/029_advanced_excel_area.ods	xlsx	sheets/chartset-003/xlsx/029_advanced_excel_area.xlsx	sheets	chartset-003	series-class:chart:area
sheets/chartset-003/ods/029_advanced_excel_area.ods	xlsx	sheets/chartset-003/xlsx/029_advanced_excel_area.xlsx	sheets	chartset-003	@stacked_true
sheets/chartset-003/ods/031_advanced_excel_bubble.ods	xlsx	sheets/chartset-003/xlsx/031_advanced_excel_bubble.xlsx	sheets	chartset-003	class:chart:bubble
sheets/chartset-003/ods/031_advanced_excel_bubble.ods	xlsx	sheets/chartset-003/xlsx/031_advanced_excel_bubble.xlsx	sheets	chartset-003	series-class:chart:bubble
sheets/missing-001/ods/orbus_togaf_tool_csq.ods	xls	sheets/missing-001/xls/orbus_togaf_tool_csq.xls	sheets	missing-001	class:chart:bar
sheets/missing-001/ods/orbus_togaf_tool_csq.ods	xls	sheets/missing-001/xls/orbus_togaf_tool_csq.xls	sheets	missing-001	series-class:chart:bar
sheets/missing-001/ods/orbus_togaf_tool_csq.ods	xls	sheets/missing-001/xls/orbus_togaf_tool_csq.xls	sheets	missing-001	@three_d_true
sheets/ceiling-001/ods/Template Pilot Logbook JAR-FCL V3.0.ods	xls	sheets/ceiling-001/xls/Template Pilot Logbook JAR-FCL V3.0.xls	sheets	ceiling-001	class:chart:area
sheets/ceiling-001/ods/Template Pilot Logbook JAR-FCL V3.0.ods	xls	sheets/ceiling-001/xls/Template Pilot Logbook JAR-FCL V3.0.xls	sheets	ceiling-001	series-class:chart:area
sheets/ceiling-001/ods/Template Pilot Logbook JAR-FCL V3.0.ods	xls	sheets/ceiling-001/xls/Template Pilot Logbook JAR-FCL V3.0.xls	sheets	ceiling-001	class:chart:area
sheets/ceiling-001/ods/Template Pilot Logbook JAR-FCL V3.0.ods	xls	sheets/ceiling-001/xls/Template Pilot Logbook JAR-FCL V3.0.xls	sheets	ceiling-001	series-class:chart:area
sheets/chartset-014/ods/027_Simple_personal_cash_flow_statement_675c6584.ods	xlsx	sheets/chartset-014/xlsx/027_Simple_personal_cash_flow_statement_675c6584.xlsx	sheets	chartset-014	class:chart:bar
sheets/chartset-014/ods/027_Simple_personal_cash_flow_statement_675c6584.ods	xlsx	sheets/chartset-014/xlsx/027_Simple_personal_cash_flow_statement_675c6584.xlsx	sheets	chartset-014	series-class:chart:bar
sheets/chartset-014/ods/027_Simple_personal_cash_flow_statement_675c6584.ods	xlsx	sheets/chartset-014/xlsx/027_Simple_personal_cash_flow_statement_675c6584.xlsx	sheets	chartset-014	@vertical_true
sheets/chartset-014/ods/027_Simple_personal_cash_flow_statement_675c6584.ods	xlsx	sheets/chartset-014/xlsx/027_Simple_personal_cash_flow_statement_675c6584.xlsx	sheets	chartset-014	class:chart:bar
sheets/chartset-014/ods/027_Simple_personal_cash_flow_statement_675c6584.ods	xlsx	sheets/chartset-014/xlsx/027_Simple_personal_cash_flow_statement_675c6584.xlsx	sheets	chartset-014	series-class:chart:bar
sheets/chartset-014/ods/027_Simple_personal_cash_flow_statement_675c6584.ods	xlsx	sheets/chartset-014/xlsx/027_Simple_personal_cash_flow_statement_675c6584.xlsx	sheets	chartset-014	@vertical_true
sheets/chartset-014/ods/027_Simple_personal_cash_flow_statement_675c6584.ods	xlsx	sheets/chartset-014/xlsx/027_Simple_personal_cash_flow_statement_675c6584.xlsx	sheets	chartset-014	class:chart:bar
sheets/chartset-014/ods/027_Simple_personal_cash_flow_statement_675c6584.ods	xlsx	sheets/chartset-014/xlsx/027_Simple_personal_cash_flow_statement_675c6584.xlsx	sheets	chartset-014	series-class:chart:bar
sheets/chartset-014/ods/027_Simple_personal_cash_flow_statement_675c6584.ods	xlsx	sheets/chartset-014/xlsx/027_Simple_personal_cash_flow_statement_675c6584.xlsx	sheets	chartset-014	@vertical_true
sheets/chartset-014/ods/027_Simple_personal_cash_flow_statement_675c6584.ods	xlsx	sheets/chartset-014/xlsx/027_Simple_personal_cash_flow_statement_675c6584.xlsx	sheets	chartset-014	class:chart:bar
sheets/chartset-014/ods/027_Simple_personal_cash_flow_statement_675c6584.ods	xlsx	sheets/chartset-014/xlsx/027_Simple_personal_cash_flow_statement_675c6584.xlsx	sheets	chartset-014	series-class:chart:bar
sheets/chartset-014/ods/027_Simple_personal_cash_flow_statement_675c6584.ods	xlsx	sheets/chartset-014/xlsx/027_Simple_personal_cash_flow_statement_675c6584.xlsx	sheets	chartset-014	@vertical_true
sheets/chartset-014/ods/038_Baby_growth_chart_bb9cd672.ods	xlsx	sheets/chartset-014/xlsx/038_Baby_growth_chart_bb9cd672.xlsx	sheets	chartset-014	class:chart:bar
sheets/chartset-014/ods/038_Baby_growth_chart_bb9cd672.ods	xlsx	sheets/chartset-014/xlsx/038_Baby_growth_chart_bb9cd672.xlsx	sheets	chartset-014	series-class:chart:line
sheets/chartset-014/ods/038_Baby_growth_chart_bb9cd672.ods	xlsx	sheets/chartset-014/xlsx/038_Baby_growth_chart_bb9cd672.xlsx	sheets	chartset-014	series-class:chart:bar
sheets/chartset-014/ods/038_Baby_growth_chart_bb9cd672.ods	xlsx	sheets/chartset-014/xlsx/038_Baby_growth_chart_bb9cd672.xlsx	sheets	chartset-014	@symbol_type
sheets/chartset-014/ods/039_Baby_growth_tracker_e295ae56.ods	xlsx	sheets/chartset-014/xlsx/039_Baby_growth_tracker_e295ae56.xlsx	sheets	chartset-014	class:chart:bar
sheets/chartset-014/ods/039_Baby_growth_tracker_e295ae56.ods	xlsx	sheets/chartset-014/xlsx/039_Baby_growth_tracker_e295ae56.xlsx	sheets	chartset-014	series-class:chart:line
sheets/chartset-014/ods/039_Baby_growth_tracker_e295ae56.ods	xlsx	sheets/chartset-014/xlsx/039_Baby_growth_tracker_e295ae56.xlsx	sheets	chartset-014	series-class:chart:bar
sheets/chartset-014/ods/039_Baby_growth_tracker_e295ae56.ods	xlsx	sheets/chartset-014/xlsx/039_Baby_growth_tracker_e295ae56.xlsx	sheets	chartset-014	@symbol_type
sheets/chartset-014/ods/045_Check_register_with_chart_4becb8a0.ods	xlsx	sheets/chartset-014/xlsx/045_Check_register_with_chart_4becb8a0.xlsx	sheets	chartset-014	class:chart:bar
sheets/chartset-014/ods/045_Check_register_with_chart_4becb8a0.ods	xlsx	sheets/chartset-014/xlsx/045_Check_register_with_chart_4becb8a0.xlsx	sheets	chartset-014	series-class:chart:bar
sheets/chartset-014/ods/045_Check_register_with_chart_4becb8a0.ods	xlsx	sheets/chartset-014/xlsx/045_Check_register_with_chart_4becb8a0.xlsx	sheets	chartset-014	@vertical_true
sheets/chartset-014/ods/045_Check_register_with_chart_4becb8a0.ods	xlsx	sheets/chartset-014/xlsx/045_Check_register_with_chart_4becb8a0.xlsx	sheets	chartset-014	@solid_type
sheets/chartset-014/ods/048_Expense_trends_budget_18d1e8ba.ods	xlsx	sheets/chartset-014/xlsx/048_Expense_trends_budget_18d1e8ba.xlsx	sheets	chartset-014	class:chart:bar
sheets/chartset-014/ods/048_Expense_trends_budget_18d1e8ba.ods	xlsx	sheets/chartset-014/xlsx/048_Expense_trends_budget_18d1e8ba.xlsx	sheets	chartset-014	series-class:chart:bar
sheets/chartset-014/ods/064_Small_business_cash_flow_Use_this_template_0a640756.ods	xlsx	sheets/chartset-014/xlsx/064_Small_business_cash_flow_Use_this_template_0a640756.xlsx	sheets	chartset-014	class:chart:bar
sheets/chartset-014/ods/064_Small_business_cash_flow_Use_this_template_0a640756.ods	xlsx	sheets/chartset-014/xlsx/064_Small_business_cash_flow_Use_this_template_0a640756.xlsx	sheets	chartset-014	series-class:chart:line
sheets/chartset-014/ods/064_Small_business_cash_flow_Use_this_template_0a640756.ods	xlsx	sheets/chartset-014/xlsx/064_Small_business_cash_flow_Use_this_template_0a640756.xlsx	sheets	chartset-014	series-class:chart:bar
sheets/chartset-014/ods/064_Small_business_cash_flow_Use_this_template_0a640756.ods	xlsx	sheets/chartset-014/xlsx/064_Small_business_cash_flow_Use_this_template_0a640756.xlsx	sheets	chartset-014	@symbol_type
sheets/chartset-011/ods/010_Contextures_chart_sample_e6ea06a3.ods	xlsx	sheets/chartset-011/xlsx/010_Contextures_chart_sample_e6ea06a3.xlsx	sheets	chartset-011	class:chart:bar
sheets/chartset-011/ods/010_Contextures_chart_sample_e6ea06a3.ods	xlsx	sheets/chartset-011/xlsx/010_Contextures_chart_sample_e6ea06a3.xlsx	sheets	chartset-011	series-class:chart:bar
sheets/chartset-011/ods/010_Contextures_chart_sample_e6ea06a3.ods	xlsx	sheets/chartset-011/xlsx/010_Contextures_chart_sample_e6ea06a3.xlsx	sheets	chartset-011	@vertical_true
sheets/chartset-011/ods/010_Contextures_chart_sample_e6ea06a3.ods	xlsx	sheets/chartset-011/xlsx/010_Contextures_chart_sample_e6ea06a3.xlsx	sheets	chartset-011	@stacked_true
sheets/chartset-011/ods/028_Budget_summary_report_4aeefd13.ods	xlsx	sheets/chartset-011/xlsx/028_Budget_summary_report_4aeefd13.xlsx	sheets	chartset-011	class:chart:bar
sheets/chartset-011/ods/028_Budget_summary_report_4aeefd13.ods	xlsx	sheets/chartset-011/xlsx/028_Budget_summary_report_4aeefd13.xlsx	sheets	chartset-011	series-class:chart:bar
sheets/chartset-011/ods/028_Budget_summary_report_4aeefd13.ods	xlsx	sheets/chartset-011/xlsx/028_Budget_summary_report_4aeefd13.xlsx	sheets	chartset-011	@vertical_true
sheets/chartset-011/ods/028_Budget_summary_report_4aeefd13.ods	xlsx	sheets/chartset-011/xlsx/028_Budget_summary_report_4aeefd13.xlsx	sheets	chartset-011	class:chart:bar
sheets/chartset-011/ods/028_Budget_summary_report_4aeefd13.ods	xlsx	sheets/chartset-011/xlsx/028_Budget_summary_report_4aeefd13.xlsx	sheets	chartset-011	series-class:chart:bar
sheets/chartset-011/ods/028_Budget_summary_report_4aeefd13.ods	xlsx	sheets/chartset-011/xlsx/028_Budget_summary_report_4aeefd13.xlsx	sheets	chartset-011	@vertical_true
sheets/chartset-011/ods/028_Budget_summary_report_4aeefd13.ods	xlsx	sheets/chartset-011/xlsx/028_Budget_summary_report_4aeefd13.xlsx	sheets	chartset-011	class:chart:bar
sheets/chartset-011/ods/028_Budget_summary_report_4aeefd13.ods	xlsx	sheets/chartset-011/xlsx/028_Budget_summary_report_4aeefd13.xlsx	sheets	chartset-011	series-class:chart:bar
sheets/chartset-011/ods/028_Budget_summary_report_4aeefd13.ods	xlsx	sheets/chartset-011/xlsx/028_Budget_summary_report_4aeefd13.xlsx	sheets	chartset-011	@vertical_true
sheets/chartset-011/ods/030_Basic_balance_sheet_Use_this_template_10ed9144.ods	xlsx	sheets/chartset-011/xlsx/030_Basic_balance_sheet_Use_this_template_10ed9144.xlsx	sheets	chartset-011	class:chart:bar
sheets/chartset-011/ods/030_Basic_balance_sheet_Use_this_template_10ed9144.ods	xlsx	sheets/chartset-011/xlsx/030_Basic_balance_sheet_Use_this_template_10ed9144.xlsx	sheets	chartset-011	series-class:chart:bar
sheets/chartset-011/ods/030_Basic_balance_sheet_Use_this_template_10ed9144.ods	xlsx	sheets/chartset-011/xlsx/030_Basic_balance_sheet_Use_this_template_10ed9144.xlsx	sheets	chartset-011	@vertical_true
sheets/chartset-011/ods/030_Basic_balance_sheet_Use_this_template_10ed9144.ods	xlsx	sheets/chartset-011/xlsx/030_Basic_balance_sheet_Use_this_template_10ed9144.xlsx	sheets	chartset-011	class:chart:bar
sheets/chartset-011/ods/030_Basic_balance_sheet_Use_this_template_10ed9144.ods	xlsx	sheets/chartset-011/xlsx/030_Basic_balance_sheet_Use_this_template_10ed9144.xlsx	sheets	chartset-011	series-class:chart:bar
sheets/chartset-011/ods/030_Basic_balance_sheet_Use_this_template_10ed9144.ods	xlsx	sheets/chartset-011/xlsx/030_Basic_balance_sheet_Use_this_template_10ed9144.xlsx	sheets	chartset-011	@vertical_true
sheets/chartset-011/ods/042_Business_monthly_budget_4e4d092f.ods	xlsx	sheets/chartset-011/xlsx/042_Business_monthly_budget_4e4d092f.xlsx	sheets	chartset-011	class:chart:bar
sheets/chartset-011/ods/042_Business_monthly_budget_4e4d092f.ods	xlsx	sheets/chartset-011/xlsx/042_Business_monthly_budget_4e4d092f.xlsx	sheets	chartset-011	series-class:chart:bar
sheets/chartset-011/ods/057_Simple_balance_sheet_Use_this_template_e2d4cbb2.ods	xlsx	sheets/chartset-011/xlsx/057_Simple_balance_sheet_Use_this_template_e2d4cbb2.xlsx	sheets	chartset-011	class:chart:bar
sheets/chartset-011/ods/057_Simple_balance_sheet_Use_this_template_e2d4cbb2.ods	xlsx	sheets/chartset-011/xlsx/057_Simple_balance_sheet_Use_this_template_e2d4cbb2.xlsx	sheets	chartset-011	series-class:chart:bar
sheets/chartset-011/ods/060_Monthly_company_budget_47b2a99a.ods	xlsx	sheets/chartset-011/xlsx/060_Monthly_company_budget_47b2a99a.xlsx	sheets	chartset-011	class:chart:bar
sheets/chartset-011/ods/060_Monthly_company_budget_47b2a99a.ods	xlsx	sheets/chartset-011/xlsx/060_Monthly_company_budget_47b2a99a.xlsx	sheets	chartset-011	series-class:chart:bar
sheets/chartset-013/ods/001_Contextures_chart_sample_b089bc34.ods	xlsx	sheets/chartset-013/xlsx/001_Contextures_chart_sample_b089bc34.xlsx	sheets	chartset-013	class:chart:line
sheets/chartset-013/ods/001_Contextures_chart_sample_b089bc34.ods	xlsx	sheets/chartset-013/xlsx/001_Contextures_chart_sample_b089bc34.xlsx	sheets	chartset-013	series-class:chart:line
sheets/chartset-013/ods/001_Contextures_chart_sample_b089bc34.ods	xlsx	sheets/chartset-013/xlsx/001_Contextures_chart_sample_b089bc34.xlsx	sheets	chartset-013	@symbol_type
sheets/chartset-013/ods/019_Free_Blood_Sugar_Chart_for_Excel_-_Track_Your_Blood_Sugar_Level_36f4a782.ods	xlsx	sheets/chartset-013/xlsx/019_Free_Blood_Sugar_Chart_for_Excel_-_Track_Your_Blood_Sugar_Level_36f4a782.xlsx	sheets	chartset-013	class:chart:scatter
sheets/chartset-013/ods/019_Free_Blood_Sugar_Chart_for_Excel_-_Track_Your_Blood_Sugar_Level_36f4a782.ods	xlsx	sheets/chartset-013/xlsx/019_Free_Blood_Sugar_Chart_for_Excel_-_Track_Your_Blood_Sugar_Level_36f4a782.xlsx	sheets	chartset-013	series-class:chart:scatter
sheets/chartset-013/ods/019_Free_Blood_Sugar_Chart_for_Excel_-_Track_Your_Blood_Sugar_Level_36f4a782.ods	xlsx	sheets/chartset-013/xlsx/019_Free_Blood_Sugar_Chart_for_Excel_-_Track_Your_Blood_Sugar_Level_36f4a782.xlsx	sheets	chartset-013	@symbol_type
sheets/chartset-013/ods/019_Free_Blood_Sugar_Chart_for_Excel_-_Track_Your_Blood_Sugar_Level_36f4a782.ods	xlsx	sheets/chartset-013/xlsx/019_Free_Blood_Sugar_Chart_for_Excel_-_Track_Your_Blood_Sugar_Level_36f4a782.xlsx	sheets	chartset-013	class:chart:scatter
sheets/chartset-013/ods/019_Free_Blood_Sugar_Chart_for_Excel_-_Track_Your_Blood_Sugar_Level_36f4a782.ods	xlsx	sheets/chartset-013/xlsx/019_Free_Blood_Sugar_Chart_for_Excel_-_Track_Your_Blood_Sugar_Level_36f4a782.xlsx	sheets	chartset-013	series-class:chart:scatter
sheets/chartset-013/ods/019_Free_Blood_Sugar_Chart_for_Excel_-_Track_Your_Blood_Sugar_Level_36f4a782.ods	xlsx	sheets/chartset-013/xlsx/019_Free_Blood_Sugar_Chart_for_Excel_-_Track_Your_Blood_Sugar_Level_36f4a782.xlsx	sheets	chartset-013	@symbol_type
sheets/chartset-013/ods/019_Free_Blood_Sugar_Chart_for_Excel_-_Track_Your_Blood_Sugar_Level_36f4a782.ods	xlsx	sheets/chartset-013/xlsx/019_Free_Blood_Sugar_Chart_for_Excel_-_Track_Your_Blood_Sugar_Level_36f4a782.xlsx	sheets	chartset-013	class:chart:scatter
sheets/chartset-013/ods/019_Free_Blood_Sugar_Chart_for_Excel_-_Track_Your_Blood_Sugar_Level_36f4a782.ods	xlsx	sheets/chartset-013/xlsx/019_Free_Blood_Sugar_Chart_for_Excel_-_Track_Your_Blood_Sugar_Level_36f4a782.xlsx	sheets	chartset-013	series-class:chart:scatter
sheets/chartset-013/ods/019_Free_Blood_Sugar_Chart_for_Excel_-_Track_Your_Blood_Sugar_Level_36f4a782.ods	xlsx	sheets/chartset-013/xlsx/019_Free_Blood_Sugar_Chart_for_Excel_-_Track_Your_Blood_Sugar_Level_36f4a782.xlsx	sheets	chartset-013	@symbol_type
sheets/chartset-013/ods/031_Business_expense_budget_f3a46278.ods	xlsx	sheets/chartset-013/xlsx/031_Business_expense_budget_f3a46278.xlsx	sheets	chartset-013	class:chart:bar
sheets/chartset-013/ods/031_Business_expense_budget_f3a46278.ods	xlsx	sheets/chartset-013/xlsx/031_Business_expense_budget_f3a46278.xlsx	sheets	chartset-013	series-class:chart:line
sheets/chartset-013/ods/031_Business_expense_budget_f3a46278.ods	xlsx	sheets/chartset-013/xlsx/031_Business_expense_budget_f3a46278.xlsx	sheets	chartset-013	series-class:chart:bar
sheets/chartset-013/ods/031_Business_expense_budget_f3a46278.ods	xlsx	sheets/chartset-013/xlsx/031_Business_expense_budget_f3a46278.xlsx	sheets	chartset-013	@symbol_type
sheets/chartset-013/ods/031_Business_expense_budget_f3a46278.ods	xlsx	sheets/chartset-013/xlsx/031_Business_expense_budget_f3a46278.xlsx	sheets	chartset-013	class:chart:bar
sheets/chartset-013/ods/031_Business_expense_budget_f3a46278.ods	xlsx	sheets/chartset-013/xlsx/031_Business_expense_budget_f3a46278.xlsx	sheets	chartset-013	series-class:chart:bar
sheets/chartset-013/ods/031_Business_expense_budget_f3a46278.ods	xlsx	sheets/chartset-013/xlsx/031_Business_expense_budget_f3a46278.xlsx	sheets	chartset-013	@vertical_true
sheets/chartset-013/ods/031_Business_expense_budget_f3a46278.ods	xlsx	sheets/chartset-013/xlsx/031_Business_expense_budget_f3a46278.xlsx	sheets	chartset-013	@solid_type
sheets/chartset-013/ods/032_Business_expenses_budget_d377eaab.ods	xlsx	sheets/chartset-013/xlsx/032_Business_expenses_budget_d377eaab.xlsx	sheets	chartset-013	class:chart:bar
sheets/chartset-013/ods/032_Business_expenses_budget_d377eaab.ods	xlsx	sheets/chartset-013/xlsx/032_Business_expenses_budget_d377eaab.xlsx	sheets	chartset-013	series-class:chart:bar
sheets/chartset-013/ods/032_Business_expenses_budget_d377eaab.ods	xlsx	sheets/chartset-013/xlsx/032_Business_expenses_budget_d377eaab.xlsx	sheets	chartset-013	@vertical_true
sheets/chartset-013/ods/032_Business_expenses_budget_d377eaab.ods	xlsx	sheets/chartset-013/xlsx/032_Business_expenses_budget_d377eaab.xlsx	sheets	chartset-013	class:chart:bar
sheets/chartset-013/ods/032_Business_expenses_budget_d377eaab.ods	xlsx	sheets/chartset-013/xlsx/032_Business_expenses_budget_d377eaab.xlsx	sheets	chartset-013	series-class:chart:bar
sheets/chartset-013/ods/032_Business_expenses_budget_d377eaab.ods	xlsx	sheets/chartset-013/xlsx/032_Business_expenses_budget_d377eaab.xlsx	sheets	chartset-013	@vertical_true
sheets/chartset-013/ods/033_Event_planning_tracker_Use_this_template_f29a848e.ods	xlsx	sheets/chartset-013/xlsx/033_Event_planning_tracker_Use_this_template_f29a848e.xlsx	sheets	chartset-013	class:chart:bar
sheets/chartset-013/ods/033_Event_planning_tracker_Use_this_template_f29a848e.ods	xlsx	sheets/chartset-013/xlsx/033_Event_planning_tracker_Use_this_template_f29a848e.xlsx	sheets	chartset-013	series-class:chart:bar
sheets/chartset-013/ods/033_Event_planning_tracker_Use_this_template_f29a848e.ods	xlsx	sheets/chartset-013/xlsx/033_Event_planning_tracker_Use_this_template_f29a848e.xlsx	sheets	chartset-013	class:chart:bar
sheets/chartset-013/ods/033_Event_planning_tracker_Use_this_template_f29a848e.ods	xlsx	sheets/chartset-013/xlsx/033_Event_planning_tracker_Use_this_template_f29a848e.xlsx	sheets	chartset-013	series-class:chart:bar
sheets/chartset-013/ods/035_Project_plan_for_law_firms_aa2d4462.ods	xlsx	sheets/chartset-013/xlsx/035_Project_plan_for_law_firms_aa2d4462.xlsx	sheets	chartset-013	class:chart:bar
sheets/chartset-013/ods/035_Project_plan_for_law_firms_aa2d4462.ods	xlsx	sheets/chartset-013/xlsx/035_Project_plan_for_law_firms_aa2d4462.xlsx	sheets	chartset-013	series-class:chart:bar
sheets/chartset-013/ods/035_Project_plan_for_law_firms_aa2d4462.ods	xlsx	sheets/chartset-013/xlsx/035_Project_plan_for_law_firms_aa2d4462.xlsx	sheets	chartset-013	@vertical_true
sheets/chartset-013/ods/035_Project_plan_for_law_firms_aa2d4462.ods	xlsx	sheets/chartset-013/xlsx/035_Project_plan_for_law_firms_aa2d4462.xlsx	sheets	chartset-013	class:chart:bar
sheets/chartset-013/ods/035_Project_plan_for_law_firms_aa2d4462.ods	xlsx	sheets/chartset-013/xlsx/035_Project_plan_for_law_firms_aa2d4462.xlsx	sheets	chartset-013	series-class:chart:bar
sheets/chartset-013/ods/035_Project_plan_for_law_firms_aa2d4462.ods	xlsx	sheets/chartset-013/xlsx/035_Project_plan_for_law_firms_aa2d4462.xlsx	sheets	chartset-013	@vertical_true
sheets/chartset-013/ods/043_Buy_a_car_vs._rideshare_ff07c7e6.ods	xlsx	sheets/chartset-013/xlsx/043_Buy_a_car_vs._rideshare_ff07c7e6.xlsx	sheets	chartset-013	class:chart:bar
sheets/chartset-013/ods/043_Buy_a_car_vs._rideshare_ff07c7e6.ods	xlsx	sheets/chartset-013/xlsx/043_Buy_a_car_vs._rideshare_ff07c7e6.xlsx	sheets	chartset-013	series-class:chart:bar
sheets/chartset-013/ods/049_Expenses_calculator_c351f3d0.ods	xlsx	sheets/chartset-013/xlsx/049_Expenses_calculator_c351f3d0.xlsx	sheets	chartset-013	class:chart:bar
sheets/chartset-013/ods/049_Expenses_calculator_c351f3d0.ods	xlsx	sheets/chartset-013/xlsx/049_Expenses_calculator_c351f3d0.xlsx	sheets	chartset-013	series-class:chart:bar
sheets/chartset-013/ods/059_Milestone_and_task_project_timeline_Use_this_template_24f1e8f1.ods	xlsx	sheets/chartset-013/xlsx/059_Milestone_and_task_project_timeline_Use_this_template_24f1e8f1.xlsx	sheets	chartset-013	class:chart:scatter
sheets/chartset-013/ods/059_Milestone_and_task_project_timeline_Use_this_template_24f1e8f1.ods	xlsx	sheets/chartset-013/xlsx/059_Milestone_and_task_project_timeline_Use_this_template_24f1e8f1.xlsx	sheets	chartset-013	series-class:chart:scatter
sheets/chartset-013/ods/059_Milestone_and_task_project_timeline_Use_this_template_24f1e8f1.ods	xlsx	sheets/chartset-013/xlsx/059_Milestone_and_task_project_timeline_Use_this_template_24f1e8f1.xlsx	sheets	chartset-013	@symbol_type
sheets/chartset-013/ods/059_Milestone_and_task_project_timeline_Use_this_template_24f1e8f1.ods	xlsx	sheets/chartset-013/xlsx/059_Milestone_and_task_project_timeline_Use_this_template_24f1e8f1.xlsx	sheets	chartset-013	@solid_type
sheets/done-009/ods/EHEST-Pre-departure-checklist-Rev.-1-06-12-2016.ods	xls	sheets/done-009/xls/EHEST-Pre-departure-checklist-Rev.-1-06-12-2016.xls	sheets	done-009	class:chart:area
sheets/done-009/ods/EHEST-Pre-departure-checklist-Rev.-1-06-12-2016.ods	xls	sheets/done-009/xls/EHEST-Pre-departure-checklist-Rev.-1-06-12-2016.xls	sheets	done-009	series-class:chart:area
sheets/done-009/ods/EHEST-Pre-departure-checklist-Rev.-1-06-12-2016.ods	xls	sheets/done-009/xls/EHEST-Pre-departure-checklist-Rev.-1-06-12-2016.xls	sheets	done-009	class:chart:area
sheets/done-009/ods/EHEST-Pre-departure-checklist-Rev.-1-06-12-2016.ods	xls	sheets/done-009/xls/EHEST-Pre-departure-checklist-Rev.-1-06-12-2016.xls	sheets	done-009	series-class:chart:area
sheets/done-009/ods/EHEST-Pre-departure-checklist-Rev.-1-06-12-2016.ods	xls	sheets/done-009/xls/EHEST-Pre-departure-checklist-Rev.-1-06-12-2016.xls	sheets	done-009	class:chart:area
sheets/done-009/ods/EHEST-Pre-departure-checklist-Rev.-1-06-12-2016.ods	xls	sheets/done-009/xls/EHEST-Pre-departure-checklist-Rev.-1-06-12-2016.xls	sheets	done-009	series-class:chart:area
sheets/done-009/ods/EHEST-Pre-departure-checklist-Rev.-1-06-12-2016.ods	xls	sheets/done-009/xls/EHEST-Pre-departure-checklist-Rev.-1-06-12-2016.xls	sheets	done-009	class:chart:area
sheets/done-009/ods/EHEST-Pre-departure-checklist-Rev.-1-06-12-2016.ods	xls	sheets/done-009/xls/EHEST-Pre-departure-checklist-Rev.-1-06-12-2016.xls	sheets	done-009	series-class:chart:area
sheets/done-009/ods/EHEST-Pre-departure-checklist-Rev.-1-06-12-2016.ods	xls	sheets/done-009/xls/EHEST-Pre-departure-checklist-Rev.-1-06-12-2016.xls	sheets	done-009	class:chart:area
sheets/done-009/ods/EHEST-Pre-departure-checklist-Rev.-1-06-12-2016.ods	xls	sheets/done-009/xls/EHEST-Pre-departure-checklist-Rev.-1-06-12-2016.xls	sheets	done-009	series-class:chart:area
sheets/done-009/ods/EHEST-Pre-departure-checklist-Rev.-1-06-12-2016.ods	xls	sheets/done-009/xls/EHEST-Pre-departure-checklist-Rev.-1-06-12-2016.xls	sheets	done-009	class:chart:area
sheets/done-009/ods/EHEST-Pre-departure-checklist-Rev.-1-06-12-2016.ods	xls	sheets/done-009/xls/EHEST-Pre-departure-checklist-Rev.-1-06-12-2016.xls	sheets	done-009	series-class:chart:area
sheets/done-009/ods/EHEST-Pre-departure-checklist-Rev.-1-06-12-2016.ods	xls	sheets/done-009/xls/EHEST-Pre-departure-checklist-Rev.-1-06-12-2016.xls	sheets	done-009	class:chart:area
sheets/done-009/ods/EHEST-Pre-departure-checklist-Rev.-1-06-12-2016.ods	xls	sheets/done-009/xls/EHEST-Pre-departure-checklist-Rev.-1-06-12-2016.xls	sheets	done-009	series-class:chart:area
sheets/done-009/ods/EHEST-Pre-departure-checklist-Rev.-1-06-12-2016.ods	xls	sheets/done-009/xls/EHEST-Pre-departure-checklist-Rev.-1-06-12-2016.xls	sheets	done-009	class:chart:area
sheets/done-009/ods/EHEST-Pre-departure-checklist-Rev.-1-06-12-2016.ods	xls	sheets/done-009/xls/EHEST-Pre-departure-checklist-Rev.-1-06-12-2016.xls	sheets	done-009	series-class:chart:area
sheets/done-009/ods/EHEST-Pre-departure-checklist-Rev.-1-06-12-2016.ods	xls	sheets/done-009/xls/EHEST-Pre-departure-checklist-Rev.-1-06-12-2016.xls	sheets	done-009	class:chart:area
sheets/done-009/ods/EHEST-Pre-departure-checklist-Rev.-1-06-12-2016.ods	xls	sheets/done-009/xls/EHEST-Pre-departure-checklist-Rev.-1-06-12-2016.xls	sheets	done-009	series-class:chart:area
sheets/chartset-002/ods/003_advanced_excel_pie.ods	xlsx	sheets/chartset-002/xlsx/003_advanced_excel_pie.xlsx	sheets	chartset-002	class:chart:circle
sheets/chartset-002/ods/003_advanced_excel_pie.ods	xlsx	sheets/chartset-002/xlsx/003_advanced_excel_pie.xlsx	sheets	chartset-002	series-class:chart:circle
sheets/chartset-002/ods/003_advanced_excel_pie.ods	xlsx	sheets/chartset-002/xlsx/003_advanced_excel_pie.xlsx	sheets	chartset-002	@solid_type
sheets/chartset-002/ods/007_advanced_excel_bubble.ods	xlsx	sheets/chartset-002/xlsx/007_advanced_excel_bubble.xlsx	sheets	chartset-002	class:chart:bubble
sheets/chartset-002/ods/007_advanced_excel_bubble.ods	xlsx	sheets/chartset-002/xlsx/007_advanced_excel_bubble.xlsx	sheets	chartset-002	series-class:chart:bubble
sheets/chartset-002/ods/011_advanced_excel_pie.ods	xlsx	sheets/chartset-002/xlsx/011_advanced_excel_pie.xlsx	sheets	chartset-002	class:chart:circle
sheets/chartset-002/ods/011_advanced_excel_pie.ods	xlsx	sheets/chartset-002/xlsx/011_advanced_excel_pie.xlsx	sheets	chartset-002	series-class:chart:circle
sheets/chartset-002/ods/011_advanced_excel_pie.ods	xlsx	sheets/chartset-002/xlsx/011_advanced_excel_pie.xlsx	sheets	chartset-002	@solid_type
sheets/chartset-002/ods/012_advanced_excel_doughnut.ods	xlsx	sheets/chartset-002/xlsx/012_advanced_excel_doughnut.xlsx	sheets	chartset-002	class:chart:ring
sheets/chartset-002/ods/012_advanced_excel_doughnut.ods	xlsx	sheets/chartset-002/xlsx/012_advanced_excel_doughnut.xlsx	sheets	chartset-002	series-class:chart:circle
sheets/chartset-002/ods/012_advanced_excel_doughnut.ods	xlsx	sheets/chartset-002/xlsx/012_advanced_excel_doughnut.xlsx	sheets	chartset-002	@solid_type
sheets/chartset-002/ods/013_advanced_excel_area.ods	xlsx	sheets/chartset-002/xlsx/013_advanced_excel_area.xlsx	sheets	chartset-002	class:chart:area
sheets/chartset-002/ods/013_advanced_excel_area.ods	xlsx	sheets/chartset-002/xlsx/013_advanced_excel_area.xlsx	sheets	chartset-002	series-class:chart:area
sheets/chartset-002/ods/013_advanced_excel_area.ods	xlsx	sheets/chartset-002/xlsx/013_advanced_excel_area.xlsx	sheets	chartset-002	@stacked_true
sheets/chartset-002/ods/021_advanced_excel_area.ods	xlsx	sheets/chartset-002/xlsx/021_advanced_excel_area.xlsx	sheets	chartset-002	class:chart:area
sheets/chartset-002/ods/021_advanced_excel_area.ods	xlsx	sheets/chartset-002/xlsx/021_advanced_excel_area.xlsx	sheets	chartset-002	series-class:chart:area
sheets/chartset-002/ods/021_advanced_excel_area.ods	xlsx	sheets/chartset-002/xlsx/021_advanced_excel_area.xlsx	sheets	chartset-002	@stacked_true
sheets/chartset-002/ods/026_advanced_excel_line.ods	xlsx	sheets/chartset-002/xlsx/026_advanced_excel_line.xlsx	sheets	chartset-002	class:chart:line
sheets/chartset-002/ods/026_advanced_excel_line.ods	xlsx	sheets/chartset-002/xlsx/026_advanced_excel_line.xlsx	sheets	chartset-002	series-class:chart:line
sheets/chartset-002/ods/026_advanced_excel_line.ods	xlsx	sheets/chartset-002/xlsx/026_advanced_excel_line.xlsx	sheets	chartset-002	@symbol_type
sheets/chartset-002/ods/026_advanced_excel_line.ods	xlsx	sheets/chartset-002/xlsx/026_advanced_excel_line.xlsx	sheets	chartset-002	@interpolation
sheets/chartset-002/ods/027_advanced_excel_pie.ods	xlsx	sheets/chartset-002/xlsx/027_advanced_excel_pie.xlsx	sheets	chartset-002	class:chart:circle
sheets/chartset-002/ods/027_advanced_excel_pie.ods	xlsx	sheets/chartset-002/xlsx/027_advanced_excel_pie.xlsx	sheets	chartset-002	series-class:chart:circle
sheets/chartset-002/ods/027_advanced_excel_pie.ods	xlsx	sheets/chartset-002/xlsx/027_advanced_excel_pie.xlsx	sheets	chartset-002	@solid_type
sheets/chartset-002/ods/030_advanced_excel_scatter.ods	xlsx	sheets/chartset-002/xlsx/030_advanced_excel_scatter.xlsx	sheets	chartset-002	class:chart:scatter
sheets/chartset-002/ods/030_advanced_excel_scatter.ods	xlsx	sheets/chartset-002/xlsx/030_advanced_excel_scatter.xlsx	sheets	chartset-002	series-class:chart:scatter
sheets/chartset-002/ods/030_advanced_excel_scatter.ods	xlsx	sheets/chartset-002/xlsx/030_advanced_excel_scatter.xlsx	sheets	chartset-002	@symbol_type
sheets/chartset-002/ods/030_advanced_excel_scatter.ods	xlsx	sheets/chartset-002/xlsx/030_advanced_excel_scatter.xlsx	sheets	chartset-002	@interpolation
sheets/chartset-002/ods/034_advanced_excel_line.ods	xlsx	sheets/chartset-002/xlsx/034_advanced_excel_line.xlsx	sheets	chartset-002	class:chart:line
sheets/chartset-002/ods/034_advanced_excel_line.ods	xlsx	sheets/chartset-002/xlsx/034_advanced_excel_line.xlsx	sheets	chartset-002	series-class:chart:line
sheets/chartset-002/ods/034_advanced_excel_line.ods	xlsx	sheets/chartset-002/xlsx/034_advanced_excel_line.xlsx	sheets	chartset-002	@symbol_type
sheets/chartset-002/ods/034_advanced_excel_line.ods	xlsx	sheets/chartset-002/xlsx/034_advanced_excel_line.xlsx	sheets	chartset-002	@interpolation
sheets/chartset-006/ods/005_Contextures_chart_sample_6e279b08.ods	xlsx	sheets/chartset-006/xlsx/005_Contextures_chart_sample_6e279b08.xlsx	sheets	chartset-006	class:chart:circle
sheets/chartset-006/ods/005_Contextures_chart_sample_6e279b08.ods	xlsx	sheets/chartset-006/xlsx/005_Contextures_chart_sample_6e279b08.xlsx	sheets	chartset-006	series-class:chart:circle
sheets/chartset-006/ods/005_Contextures_chart_sample_6e279b08.ods	xlsx	sheets/chartset-006/xlsx/005_Contextures_chart_sample_6e279b08.xlsx	sheets	chartset-006	@solid_type
sheets/chartset-006/ods/005_Contextures_chart_sample_6e279b08.ods	xlsx	sheets/chartset-006/xlsx/005_Contextures_chart_sample_6e279b08.xlsx	sheets	chartset-006	class:chart:circle
sheets/chartset-006/ods/005_Contextures_chart_sample_6e279b08.ods	xlsx	sheets/chartset-006/xlsx/005_Contextures_chart_sample_6e279b08.xlsx	sheets	chartset-006	series-class:chart:circle
sheets/chartset-006/ods/005_Contextures_chart_sample_6e279b08.ods	xlsx	sheets/chartset-006/xlsx/005_Contextures_chart_sample_6e279b08.xlsx	sheets	chartset-006	@solid_type
sheets/chartset-006/ods/005_Contextures_chart_sample_6e279b08.ods	xlsx	sheets/chartset-006/xlsx/005_Contextures_chart_sample_6e279b08.xlsx	sheets	chartset-006	class:chart:circle
sheets/chartset-006/ods/005_Contextures_chart_sample_6e279b08.ods	xlsx	sheets/chartset-006/xlsx/005_Contextures_chart_sample_6e279b08.xlsx	sheets	chartset-006	series-class:chart:circle
sheets/chartset-006/ods/005_Contextures_chart_sample_6e279b08.ods	xlsx	sheets/chartset-006/xlsx/005_Contextures_chart_sample_6e279b08.xlsx	sheets	chartset-006	@solid_type
sheets/chartset-006/ods/005_Contextures_chart_sample_6e279b08.ods	xlsx	sheets/chartset-006/xlsx/005_Contextures_chart_sample_6e279b08.xlsx	sheets	chartset-006	class:chart:circle
sheets/chartset-006/ods/005_Contextures_chart_sample_6e279b08.ods	xlsx	sheets/chartset-006/xlsx/005_Contextures_chart_sample_6e279b08.xlsx	sheets	chartset-006	series-class:chart:circle
sheets/chartset-006/ods/005_Contextures_chart_sample_6e279b08.ods	xlsx	sheets/chartset-006/xlsx/005_Contextures_chart_sample_6e279b08.xlsx	sheets	chartset-006	@solid_type
sheets/chartset-006/ods/005_Contextures_chart_sample_6e279b08.ods	xlsx	sheets/chartset-006/xlsx/005_Contextures_chart_sample_6e279b08.xlsx	sheets	chartset-006	class:chart:bar
sheets/chartset-006/ods/005_Contextures_chart_sample_6e279b08.ods	xlsx	sheets/chartset-006/xlsx/005_Contextures_chart_sample_6e279b08.xlsx	sheets	chartset-006	series-class:chart:bar
sheets/chartset-006/ods/005_Contextures_chart_sample_6e279b08.ods	xlsx	sheets/chartset-006/xlsx/005_Contextures_chart_sample_6e279b08.xlsx	sheets	chartset-006	@vertical_true
sheets/chartset-006/ods/005_Contextures_chart_sample_6e279b08.ods	xlsx	sheets/chartset-006/xlsx/005_Contextures_chart_sample_6e279b08.xlsx	sheets	chartset-006	class:chart:bar
sheets/chartset-006/ods/005_Contextures_chart_sample_6e279b08.ods	xlsx	sheets/chartset-006/xlsx/005_Contextures_chart_sample_6e279b08.xlsx	sheets	chartset-006	series-class:chart:bar
sheets/chartset-006/ods/006_Contextures_chart_sample_afa23b53.ods	xlsx	sheets/chartset-006/xlsx/006_Contextures_chart_sample_afa23b53.xlsx	sheets	chartset-006	class:chart:bar
sheets/chartset-006/ods/006_Contextures_chart_sample_afa23b53.ods	xlsx	sheets/chartset-006/xlsx/006_Contextures_chart_sample_afa23b53.xlsx	sheets	chartset-006	series-class:chart:line
sheets/chartset-006/ods/006_Contextures_chart_sample_afa23b53.ods	xlsx	sheets/chartset-006/xlsx/006_Contextures_chart_sample_afa23b53.xlsx	sheets	chartset-006	series-class:chart:bar
sheets/chartset-006/ods/006_Contextures_chart_sample_afa23b53.ods	xlsx	sheets/chartset-006/xlsx/006_Contextures_chart_sample_afa23b53.xlsx	sheets	chartset-006	@stacked_true
sheets/chartset-006/ods/006_Contextures_chart_sample_afa23b53.ods	xlsx	sheets/chartset-006/xlsx/006_Contextures_chart_sample_afa23b53.xlsx	sheets	chartset-006	@symbol_type
sheets/chartset-006/ods/014_Contextures_chart_sample_991ecfc5.ods	xls	sheets/chartset-006/xls/014_Contextures_chart_sample_991ecfc5.xls	sheets	chartset-006	class:chart:bar
sheets/chartset-006/ods/014_Contextures_chart_sample_991ecfc5.ods	xls	sheets/chartset-006/xls/014_Contextures_chart_sample_991ecfc5.xls	sheets	chartset-006	series-class:chart:scatter
sheets/chartset-006/ods/014_Contextures_chart_sample_991ecfc5.ods	xls	sheets/chartset-006/xls/014_Contextures_chart_sample_991ecfc5.xls	sheets	chartset-006	series-class:chart:bar
sheets/chartset-006/ods/014_Contextures_chart_sample_991ecfc5.ods	xls	sheets/chartset-006/xls/014_Contextures_chart_sample_991ecfc5.xls	sheets	chartset-006	@symbol_type
sheets/chartset-006/ods/044_Cash_flow_forecast_Use_this_template_b8fa1f35.ods	xlsx	sheets/chartset-006/xlsx/044_Cash_flow_forecast_Use_this_template_b8fa1f35.xlsx	sheets	chartset-006	class:chart:bar
sheets/chartset-006/ods/044_Cash_flow_forecast_Use_this_template_b8fa1f35.ods	xlsx	sheets/chartset-006/xlsx/044_Cash_flow_forecast_Use_this_template_b8fa1f35.xlsx	sheets	chartset-006	series-class:chart:bar
sheets/chartset-006/ods/044_Cash_flow_forecast_Use_this_template_b8fa1f35.ods	xlsx	sheets/chartset-006/xlsx/044_Cash_flow_forecast_Use_this_template_b8fa1f35.xlsx	sheets	chartset-006	@stacked_true
sheets/chartset-006/ods/052_Manufacturing_output_chart_88570318.ods	xlsx	sheets/chartset-006/xlsx/052_Manufacturing_output_chart_88570318.xlsx	sheets	chartset-006	class:chart:bar
sheets/chartset-006/ods/052_Manufacturing_output_chart_88570318.ods	xlsx	sheets/chartset-006/xlsx/052_Manufacturing_output_chart_88570318.xlsx	sheets	chartset-006	series-class:chart:bar
sheets/chartset-006/ods/061_Regional_sales_chart_cb9eb690.ods	xlsx	sheets/chartset-006/xlsx/061_Regional_sales_chart_cb9eb690.xlsx	sheets	chartset-006	class:chart:line
sheets/chartset-006/ods/061_Regional_sales_chart_cb9eb690.ods	xlsx	sheets/chartset-006/xlsx/061_Regional_sales_chart_cb9eb690.xlsx	sheets	chartset-006	series-class:chart:line
sheets/chartset-006/ods/061_Regional_sales_chart_cb9eb690.ods	xlsx	sheets/chartset-006/xlsx/061_Regional_sales_chart_cb9eb690.xlsx	sheets	chartset-006	@symbol_type
sheets/done-010/ods/Keywords_Mapping_Graphs_and_Charts.ods	xlsx	sheets/done-010/xlsx/Keywords_Mapping_Graphs_and_Charts.xlsx	sheets	done-010	class:chart:bar
sheets/done-010/ods/Keywords_Mapping_Graphs_and_Charts.ods	xlsx	sheets/done-010/xlsx/Keywords_Mapping_Graphs_and_Charts.xlsx	sheets	done-010	series-class:chart:bar
sheets/done-010/ods/Keywords_Mapping_Graphs_and_Charts.ods	xlsx	sheets/done-010/xlsx/Keywords_Mapping_Graphs_and_Charts.xlsx	sheets	done-010	class:chart:bar
sheets/done-010/ods/Keywords_Mapping_Graphs_and_Charts.ods	xlsx	sheets/done-010/xlsx/Keywords_Mapping_Graphs_and_Charts.xlsx	sheets	done-010	series-class:chart:bar
sheets/done-010/ods/Keywords_Mapping_Graphs_and_Charts.ods	xlsx	sheets/done-010/xlsx/Keywords_Mapping_Graphs_and_Charts.xlsx	sheets	done-010	class:chart:bar
sheets/done-010/ods/Keywords_Mapping_Graphs_and_Charts.ods	xlsx	sheets/done-010/xlsx/Keywords_Mapping_Graphs_and_Charts.xlsx	sheets	done-010	series-class:chart:bar
sheets/done-010/ods/Keywords_Mapping_Graphs_and_Charts.ods	xlsx	sheets/done-010/xlsx/Keywords_Mapping_Graphs_and_Charts.xlsx	sheets	done-010	class:chart:bar
sheets/done-010/ods/Keywords_Mapping_Graphs_and_Charts.ods	xlsx	sheets/done-010/xlsx/Keywords_Mapping_Graphs_and_Charts.xlsx	sheets	done-010	series-class:chart:bar
sheets/done-010/ods/Keywords_Mapping_Graphs_and_Charts.ods	xlsx	sheets/done-010/xlsx/Keywords_Mapping_Graphs_and_Charts.xlsx	sheets	done-010	class:chart:bar
sheets/done-010/ods/Keywords_Mapping_Graphs_and_Charts.ods	xlsx	sheets/done-010/xlsx/Keywords_Mapping_Graphs_and_Charts.xlsx	sheets	done-010	series-class:chart:bar
sheets/done-010/ods/Keywords_Mapping_Graphs_and_Charts.ods	xlsx	sheets/done-010/xlsx/Keywords_Mapping_Graphs_and_Charts.xlsx	sheets	done-010	class:chart:bar
sheets/done-010/ods/Keywords_Mapping_Graphs_and_Charts.ods	xlsx	sheets/done-010/xlsx/Keywords_Mapping_Graphs_and_Charts.xlsx	sheets	done-010	series-class:chart:bar
sheets/done-010/ods/Keywords_Mapping_Graphs_and_Charts.ods	xlsx	sheets/done-010/xlsx/Keywords_Mapping_Graphs_and_Charts.xlsx	sheets	done-010	class:chart:bar
sheets/done-010/ods/Keywords_Mapping_Graphs_and_Charts.ods	xlsx	sheets/done-010/xlsx/Keywords_Mapping_Graphs_and_Charts.xlsx	sheets	done-010	series-class:chart:bar
sheets/done-010/ods/Keywords_Mapping_Graphs_and_Charts.ods	xlsx	sheets/done-010/xlsx/Keywords_Mapping_Graphs_and_Charts.xlsx	sheets	done-010	class:chart:bar
sheets/done-010/ods/Keywords_Mapping_Graphs_and_Charts.ods	xlsx	sheets/done-010/xlsx/Keywords_Mapping_Graphs_and_Charts.xlsx	sheets	done-010	series-class:chart:bar
sheets/done-010/ods/Keywords_Mapping_Graphs_and_Charts.ods	xlsx	sheets/done-010/xlsx/Keywords_Mapping_Graphs_and_Charts.xlsx	sheets	done-010	class:chart:bar
sheets/done-010/ods/Keywords_Mapping_Graphs_and_Charts.ods	xlsx	sheets/done-010/xlsx/Keywords_Mapping_Graphs_and_Charts.xlsx	sheets	done-010	series-class:chart:bar
sheets/done-010/ods/Keywords_Mapping_Graphs_and_Charts.ods	xlsx	sheets/done-010/xlsx/Keywords_Mapping_Graphs_and_Charts.xlsx	sheets	done-010	class:chart:bar
sheets/done-010/ods/Keywords_Mapping_Graphs_and_Charts.ods	xlsx	sheets/done-010/xlsx/Keywords_Mapping_Graphs_and_Charts.xlsx	sheets	done-010	series-class:chart:bar
sheets/done-010/ods/Keywords_Mapping_Graphs_and_Charts.ods	xlsx	sheets/done-010/xlsx/Keywords_Mapping_Graphs_and_Charts.xlsx	sheets	done-010	class:chart:bar
sheets/done-010/ods/Keywords_Mapping_Graphs_and_Charts.ods	xlsx	sheets/done-010/xlsx/Keywords_Mapping_Graphs_and_Charts.xlsx	sheets	done-010	series-class:chart:bar
sheets/done-010/ods/TOGAF9-Tool-ConfReqts-CSQ.ods	xls	sheets/done-010/xls/TOGAF9-Tool-ConfReqts-CSQ.xls	sheets	done-010	class:chart:bar
sheets/done-010/ods/TOGAF9-Tool-ConfReqts-CSQ.ods	xls	sheets/done-010/xls/TOGAF9-Tool-ConfReqts-CSQ.xls	sheets	done-010	series-class:chart:bar
sheets/done-010/ods/TOGAF9-Tool-ConfReqts-CSQ.ods	xls	sheets/done-010/xls/TOGAF9-Tool-ConfReqts-CSQ.xls	sheets	done-010	@three_d_true
sheets/chartset-007/ods/003_Contextures_chart_sample_9bda2719.ods	xlsm	sheets/chartset-007/xlsm/003_Contextures_chart_sample_9bda2719.xlsm	sheets	chartset-007	class:chart:circle
sheets/chartset-007/ods/003_Contextures_chart_sample_9bda2719.ods	xlsm	sheets/chartset-007/xlsm/003_Contextures_chart_sample_9bda2719.xlsm	sheets	chartset-007	series-class:chart:circle
sheets/chartset-007/ods/003_Contextures_chart_sample_9bda2719.ods	xlsm	sheets/chartset-007/xlsm/003_Contextures_chart_sample_9bda2719.xlsm	sheets	chartset-007	@solid_type
sheets/chartset-007/ods/003_Contextures_chart_sample_9bda2719.ods	xlsm	sheets/chartset-007/xlsm/003_Contextures_chart_sample_9bda2719.xlsm	sheets	chartset-007	class:chart:bar
sheets/chartset-007/ods/003_Contextures_chart_sample_9bda2719.ods	xlsm	sheets/chartset-007/xlsm/003_Contextures_chart_sample_9bda2719.xlsm	sheets	chartset-007	series-class:chart:bar
sheets/chartset-007/ods/003_Contextures_chart_sample_9bda2719.ods	xlsm	sheets/chartset-007/xlsm/003_Contextures_chart_sample_9bda2719.xlsm	sheets	chartset-007	@vertical_true
sheets/chartset-007/ods/003_Contextures_chart_sample_9bda2719.ods	xlsm	sheets/chartset-007/xlsm/003_Contextures_chart_sample_9bda2719.xlsm	sheets	chartset-007	@solid_type
sheets/chartset-007/ods/037_Personal_money_tracker_a57957bb.ods	xlsx	sheets/chartset-007/xlsx/037_Personal_money_tracker_a57957bb.xlsx	sheets	chartset-007	class:chart:bar
sheets/chartset-007/ods/037_Personal_money_tracker_a57957bb.ods	xlsx	sheets/chartset-007/xlsx/037_Personal_money_tracker_a57957bb.xlsx	sheets	chartset-007	series-class:chart:bar
sheets/chartset-007/ods/037_Personal_money_tracker_a57957bb.ods	xlsx	sheets/chartset-007/xlsx/037_Personal_money_tracker_a57957bb.xlsx	sheets	chartset-007	@solid_type
sheets/chartset-007/ods/037_Personal_money_tracker_a57957bb.ods	xlsx	sheets/chartset-007/xlsx/037_Personal_money_tracker_a57957bb.xlsx	sheets	chartset-007	class:chart:bar
sheets/chartset-007/ods/037_Personal_money_tracker_a57957bb.ods	xlsx	sheets/chartset-007/xlsx/037_Personal_money_tracker_a57957bb.xlsx	sheets	chartset-007	series-class:chart:bar
sheets/chartset-007/ods/040_Blood_pressure_tracker_872b6833.ods	xlsx	sheets/chartset-007/xlsx/040_Blood_pressure_tracker_872b6833.xlsx	sheets	chartset-007	class:chart:bar
sheets/chartset-007/ods/040_Blood_pressure_tracker_872b6833.ods	xlsx	sheets/chartset-007/xlsx/040_Blood_pressure_tracker_872b6833.xlsx	sheets	chartset-007	series-class:chart:line
sheets/chartset-007/ods/040_Blood_pressure_tracker_872b6833.ods	xlsx	sheets/chartset-007/xlsx/040_Blood_pressure_tracker_872b6833.xlsx	sheets	chartset-007	series-class:chart:bar
sheets/chartset-007/ods/040_Blood_pressure_tracker_872b6833.ods	xlsx	sheets/chartset-007/xlsx/040_Blood_pressure_tracker_872b6833.xlsx	sheets	chartset-007	@symbol_type
sheets/chartset-007/ods/050_Financial_vision_d44241e1.ods	xlsx	sheets/chartset-007/xlsx/050_Financial_vision_d44241e1.xlsx	sheets	chartset-007	class:chart:bar
sheets/chartset-007/ods/050_Financial_vision_d44241e1.ods	xlsx	sheets/chartset-007/xlsx/050_Financial_vision_d44241e1.xlsx	sheets	chartset-007	series-class:chart:bar
sheets/chartset-007/ods/050_Financial_vision_d44241e1.ods	xlsx	sheets/chartset-007/xlsx/050_Financial_vision_d44241e1.xlsx	sheets	chartset-007	@stacked_true
sheets/chartset-007/ods/054_Problem_analysis_with_Pareto_chart_11058329.ods	xlsx	sheets/chartset-007/xlsx/054_Problem_analysis_with_Pareto_chart_11058329.xlsx	sheets	chartset-007	class:ooo:com.sun.star.chart2.ClusteredColumnChartType
sheets/chartset-007/ods/054_Problem_analysis_with_Pareto_chart_11058329.ods	xlsx	sheets/chartset-007/xlsx/054_Problem_analysis_with_Pareto_chart_11058329.xlsx	sheets	chartset-007	series-class:chart:add-in
sheets/chartset-007/ods/058_Social_media_engagement_data_cfa1cb18.ods	xlsx	sheets/chartset-007/xlsx/058_Social_media_engagement_data_cfa1cb18.xlsx	sheets	chartset-007	class:chart:bar
sheets/chartset-007/ods/058_Social_media_engagement_data_cfa1cb18.ods	xlsx	sheets/chartset-007/xlsx/058_Social_media_engagement_data_cfa1cb18.xlsx	sheets	chartset-007	series-class:chart:bar
sheets/chartset-007/ods/063_Sales_pipeline_aec57013.ods	xlsx	sheets/chartset-007/xlsx/063_Sales_pipeline_aec57013.xlsx	sheets	chartset-007	class:chart:area
sheets/chartset-007/ods/063_Sales_pipeline_aec57013.ods	xlsx	sheets/chartset-007/xlsx/063_Sales_pipeline_aec57013.xlsx	sheets	chartset-007	series-class:chart:scatter
sheets/chartset-007/ods/063_Sales_pipeline_aec57013.ods	xlsx	sheets/chartset-007/xlsx/063_Sales_pipeline_aec57013.xlsx	sheets	chartset-007	series-class:chart:area
sheets/chartset-007/ods/063_Sales_pipeline_aec57013.ods	xlsx	sheets/chartset-007/xlsx/063_Sales_pipeline_aec57013.xlsx	sheets	chartset-007	@symbol_type
sheets/chartset-007/ods/063_Sales_pipeline_aec57013.ods	xlsx	sheets/chartset-007/xlsx/063_Sales_pipeline_aec57013.xlsx	sheets	chartset-007	@solid_type
sheets/chartset-010/ods/047_Date_tracker_Gantt_chart_bf34f3a8.ods	xlsx	sheets/chartset-010/xlsx/047_Date_tracker_Gantt_chart_bf34f3a8.xlsx	sheets	chartset-010	class:chart:scatter
sheets/chartset-010/ods/047_Date_tracker_Gantt_chart_bf34f3a8.ods	xlsx	sheets/chartset-010/xlsx/047_Date_tracker_Gantt_chart_bf34f3a8.xlsx	sheets	chartset-010	series-class:chart:scatter
sheets/chartset-010/ods/047_Date_tracker_Gantt_chart_bf34f3a8.ods	xlsx	sheets/chartset-010/xlsx/047_Date_tracker_Gantt_chart_bf34f3a8.xlsx	sheets	chartset-010	@symbol_type
sheets/chartset-010/ods/047_Date_tracker_Gantt_chart_bf34f3a8.ods	xlsx	sheets/chartset-010/xlsx/047_Date_tracker_Gantt_chart_bf34f3a8.xlsx	sheets	chartset-010	@solid_type
sheets/chartset-010/ods/062_Run_chart_cb7476ea.ods	xlsx	sheets/chartset-010/xlsx/062_Run_chart_cb7476ea.xlsx	sheets	chartset-010	class:chart:line
sheets/chartset-010/ods/062_Run_chart_cb7476ea.ods	xlsx	sheets/chartset-010/xlsx/062_Run_chart_cb7476ea.xlsx	sheets	chartset-010	series-class:chart:line
sheets/chartset-010/ods/062_Run_chart_cb7476ea.ods	xlsx	sheets/chartset-010/xlsx/062_Run_chart_cb7476ea.xlsx	sheets	chartset-010	@symbol_type
sheets/chartset-010/ods/065_Weight_loss_tracker_ff1c89af.ods	xlsx	sheets/chartset-010/xlsx/065_Weight_loss_tracker_ff1c89af.xlsx	sheets	chartset-010	class:chart:area
sheets/chartset-010/ods/065_Weight_loss_tracker_ff1c89af.ods	xlsx	sheets/chartset-010/xlsx/065_Weight_loss_tracker_ff1c89af.xlsx	sheets	chartset-010	series-class:chart:scatter
sheets/chartset-010/ods/065_Weight_loss_tracker_ff1c89af.ods	xlsx	sheets/chartset-010/xlsx/065_Weight_loss_tracker_ff1c89af.xlsx	sheets	chartset-010	series-class:chart:area
sheets/chartset-010/ods/065_Weight_loss_tracker_ff1c89af.ods	xlsx	sheets/chartset-010/xlsx/065_Weight_loss_tracker_ff1c89af.xlsx	sheets	chartset-010	@symbol_type
sheets/chartset-010/ods/065_Weight_loss_tracker_ff1c89af.ods	xlsx	sheets/chartset-010/xlsx/065_Weight_loss_tracker_ff1c89af.xlsx	sheets	chartset-010	@solid_type
sheets/chartset-008/ods/008_Contextures_chart_sample_7ea7a1d7.ods	xlsx	sheets/chartset-008/xlsx/008_Contextures_chart_sample_7ea7a1d7.xlsx	sheets	chartset-008	class:chart:bar
sheets/chartset-008/ods/008_Contextures_chart_sample_7ea7a1d7.ods	xlsx	sheets/chartset-008/xlsx/008_Contextures_chart_sample_7ea7a1d7.xlsx	sheets	chartset-008	series-class:chart:bar
sheets/chartset-008/ods/008_Contextures_chart_sample_7ea7a1d7.ods	xlsx	sheets/chartset-008/xlsx/008_Contextures_chart_sample_7ea7a1d7.xlsx	sheets	chartset-008	@vertical_true
sheets/chartset-008/ods/008_Contextures_chart_sample_7ea7a1d7.ods	xlsx	sheets/chartset-008/xlsx/008_Contextures_chart_sample_7ea7a1d7.xlsx	sheets	chartset-008	@stacked_true
sheets/chartset-008/ods/021_Control_Chart_Template_-_Create_Control_Charts_in_Excel_fd3b1a5d.ods	xlsx	sheets/chartset-008/xlsx/021_Control_Chart_Template_-_Create_Control_Charts_in_Excel_fd3b1a5d.xlsx	sheets	chartset-008	class:chart:line
sheets/chartset-008/ods/021_Control_Chart_Template_-_Create_Control_Charts_in_Excel_fd3b1a5d.ods	xlsx	sheets/chartset-008/xlsx/021_Control_Chart_Template_-_Create_Control_Charts_in_Excel_fd3b1a5d.xlsx	sheets	chartset-008	series-class:chart:line
sheets/chartset-008/ods/021_Control_Chart_Template_-_Create_Control_Charts_in_Excel_fd3b1a5d.ods	xlsx	sheets/chartset-008/xlsx/021_Control_Chart_Template_-_Create_Control_Charts_in_Excel_fd3b1a5d.xlsx	sheets	chartset-008	@symbol_type
sheets/chartset-008/ods/021_Control_Chart_Template_-_Create_Control_Charts_in_Excel_fd3b1a5d.ods	xlsx	sheets/chartset-008/xlsx/021_Control_Chart_Template_-_Create_Control_Charts_in_Excel_fd3b1a5d.xlsx	sheets	chartset-008	@solid_type
sheets/chartset-008/ods/021_Control_Chart_Template_-_Create_Control_Charts_in_Excel_fd3b1a5d.ods	xlsx	sheets/chartset-008/xlsx/021_Control_Chart_Template_-_Create_Control_Charts_in_Excel_fd3b1a5d.xlsx	sheets	chartset-008	class:chart:line
sheets/chartset-008/ods/021_Control_Chart_Template_-_Create_Control_Charts_in_Excel_fd3b1a5d.ods	xlsx	sheets/chartset-008/xlsx/021_Control_Chart_Template_-_Create_Control_Charts_in_Excel_fd3b1a5d.xlsx	sheets	chartset-008	series-class:chart:line
sheets/chartset-008/ods/021_Control_Chart_Template_-_Create_Control_Charts_in_Excel_fd3b1a5d.ods	xlsx	sheets/chartset-008/xlsx/021_Control_Chart_Template_-_Create_Control_Charts_in_Excel_fd3b1a5d.xlsx	sheets	chartset-008	@symbol_type
sheets/chartset-008/ods/021_Control_Chart_Template_-_Create_Control_Charts_in_Excel_fd3b1a5d.ods	xlsx	sheets/chartset-008/xlsx/021_Control_Chart_Template_-_Create_Control_Charts_in_Excel_fd3b1a5d.xlsx	sheets	chartset-008	@solid_type
sheets/chartset-008/ods/021_Control_Chart_Template_-_Create_Control_Charts_in_Excel_fd3b1a5d.ods	xlsx	sheets/chartset-008/xlsx/021_Control_Chart_Template_-_Create_Control_Charts_in_Excel_fd3b1a5d.xlsx	sheets	chartset-008	class:chart:line
sheets/chartset-008/ods/021_Control_Chart_Template_-_Create_Control_Charts_in_Excel_fd3b1a5d.ods	xlsx	sheets/chartset-008/xlsx/021_Control_Chart_Template_-_Create_Control_Charts_in_Excel_fd3b1a5d.xlsx	sheets	chartset-008	series-class:chart:line
sheets/chartset-008/ods/021_Control_Chart_Template_-_Create_Control_Charts_in_Excel_fd3b1a5d.ods	xlsx	sheets/chartset-008/xlsx/021_Control_Chart_Template_-_Create_Control_Charts_in_Excel_fd3b1a5d.xlsx	sheets	chartset-008	@symbol_type
sheets/chartset-008/ods/021_Control_Chart_Template_-_Create_Control_Charts_in_Excel_fd3b1a5d.ods	xlsx	sheets/chartset-008/xlsx/021_Control_Chart_Template_-_Create_Control_Charts_in_Excel_fd3b1a5d.xlsx	sheets	chartset-008	@solid_type
sheets/chartset-008/ods/021_Control_Chart_Template_-_Create_Control_Charts_in_Excel_fd3b1a5d.ods	xlsx	sheets/chartset-008/xlsx/021_Control_Chart_Template_-_Create_Control_Charts_in_Excel_fd3b1a5d.xlsx	sheets	chartset-008	class:chart:line
sheets/chartset-008/ods/021_Control_Chart_Template_-_Create_Control_Charts_in_Excel_fd3b1a5d.ods	xlsx	sheets/chartset-008/xlsx/021_Control_Chart_Template_-_Create_Control_Charts_in_Excel_fd3b1a5d.xlsx	sheets	chartset-008	series-class:chart:line
sheets/chartset-008/ods/021_Control_Chart_Template_-_Create_Control_Charts_in_Excel_fd3b1a5d.ods	xlsx	sheets/chartset-008/xlsx/021_Control_Chart_Template_-_Create_Control_Charts_in_Excel_fd3b1a5d.xlsx	sheets	chartset-008	@symbol_type
sheets/chartset-008/ods/021_Control_Chart_Template_-_Create_Control_Charts_in_Excel_fd3b1a5d.ods	xlsx	sheets/chartset-008/xlsx/021_Control_Chart_Template_-_Create_Control_Charts_in_Excel_fd3b1a5d.xlsx	sheets	chartset-008	@solid_type
sheets/chartset-008/ods/023_Waterfall_Chart_Template_for_Excel_349f7689.ods	xlsx	sheets/chartset-008/xlsx/023_Waterfall_Chart_Template_for_Excel_349f7689.xlsx	sheets	chartset-008	class:chart:bar
sheets/chartset-008/ods/023_Waterfall_Chart_Template_for_Excel_349f7689.ods	xlsx	sheets/chartset-008/xlsx/023_Waterfall_Chart_Template_for_Excel_349f7689.xlsx	sheets	chartset-008	series-class:chart:line
sheets/chartset-008/ods/023_Waterfall_Chart_Template_for_Excel_349f7689.ods	xlsx	sheets/chartset-008/xlsx/023_Waterfall_Chart_Template_for_Excel_349f7689.xlsx	sheets	chartset-008	series-class:chart:scatter
sheets/chartset-008/ods/023_Waterfall_Chart_Template_for_Excel_349f7689.ods	xlsx	sheets/chartset-008/xlsx/023_Waterfall_Chart_Template_for_Excel_349f7689.xlsx	sheets	chartset-008	series-class:chart:bar
sheets/chartset-008/ods/023_Waterfall_Chart_Template_for_Excel_349f7689.ods	xlsx	sheets/chartset-008/xlsx/023_Waterfall_Chart_Template_for_Excel_349f7689.xlsx	sheets	chartset-008	@stacked_true
sheets/chartset-008/ods/023_Waterfall_Chart_Template_for_Excel_349f7689.ods	xlsx	sheets/chartset-008/xlsx/023_Waterfall_Chart_Template_for_Excel_349f7689.xlsx	sheets	chartset-008	@symbol_type
sheets/chartset-008/ods/023_Waterfall_Chart_Template_for_Excel_349f7689.ods	xlsx	sheets/chartset-008/xlsx/023_Waterfall_Chart_Template_for_Excel_349f7689.xlsx	sheets	chartset-008	class:chart:bar
sheets/chartset-008/ods/023_Waterfall_Chart_Template_for_Excel_349f7689.ods	xlsx	sheets/chartset-008/xlsx/023_Waterfall_Chart_Template_for_Excel_349f7689.xlsx	sheets	chartset-008	series-class:chart:scatter
sheets/chartset-008/ods/023_Waterfall_Chart_Template_for_Excel_349f7689.ods	xlsx	sheets/chartset-008/xlsx/023_Waterfall_Chart_Template_for_Excel_349f7689.xlsx	sheets	chartset-008	series-class:chart:bar
sheets/chartset-008/ods/023_Waterfall_Chart_Template_for_Excel_349f7689.ods	xlsx	sheets/chartset-008/xlsx/023_Waterfall_Chart_Template_for_Excel_349f7689.xlsx	sheets	chartset-008	@vertical_true
sheets/chartset-008/ods/023_Waterfall_Chart_Template_for_Excel_349f7689.ods	xlsx	sheets/chartset-008/xlsx/023_Waterfall_Chart_Template_for_Excel_349f7689.xlsx	sheets	chartset-008	@stacked_true
sheets/chartset-008/ods/023_Waterfall_Chart_Template_for_Excel_349f7689.ods	xlsx	sheets/chartset-008/xlsx/023_Waterfall_Chart_Template_for_Excel_349f7689.xlsx	sheets	chartset-008	@symbol_type
sheets/chartset-008/ods/034_Personal_net_worth_calculator_f7b8fb57.ods	xlsx	sheets/chartset-008/xlsx/034_Personal_net_worth_calculator_f7b8fb57.xlsx	sheets	chartset-008	class:chart:bar
sheets/chartset-008/ods/034_Personal_net_worth_calculator_f7b8fb57.ods	xlsx	sheets/chartset-008/xlsx/034_Personal_net_worth_calculator_f7b8fb57.xlsx	sheets	chartset-008	series-class:chart:bar
sheets/chartset-008/ods/034_Personal_net_worth_calculator_f7b8fb57.ods	xlsx	sheets/chartset-008/xlsx/034_Personal_net_worth_calculator_f7b8fb57.xlsx	sheets	chartset-008	@vertical_true
sheets/chartset-008/ods/034_Personal_net_worth_calculator_f7b8fb57.ods	xlsx	sheets/chartset-008/xlsx/034_Personal_net_worth_calculator_f7b8fb57.xlsx	sheets	chartset-008	@solid_type
sheets/chartset-008/ods/034_Personal_net_worth_calculator_f7b8fb57.ods	xlsx	sheets/chartset-008/xlsx/034_Personal_net_worth_calculator_f7b8fb57.xlsx	sheets	chartset-008	class:chart:bar
sheets/chartset-008/ods/034_Personal_net_worth_calculator_f7b8fb57.ods	xlsx	sheets/chartset-008/xlsx/034_Personal_net_worth_calculator_f7b8fb57.xlsx	sheets	chartset-008	series-class:chart:bar
sheets/chartset-008/ods/034_Personal_net_worth_calculator_f7b8fb57.ods	xlsx	sheets/chartset-008/xlsx/034_Personal_net_worth_calculator_f7b8fb57.xlsx	sheets	chartset-008	@vertical_true
sheets/chartset-008/ods/034_Personal_net_worth_calculator_f7b8fb57.ods	xlsx	sheets/chartset-008/xlsx/034_Personal_net_worth_calculator_f7b8fb57.xlsx	sheets	chartset-008	@solid_type
sheets/chartset-008/ods/046_Cost_analysis_with_Pareto_chart_7db5ef69.ods	xlsx	sheets/chartset-008/xlsx/046_Cost_analysis_with_Pareto_chart_7db5ef69.xlsx	sheets	chartset-008	class:chart:bar
sheets/chartset-008/ods/046_Cost_analysis_with_Pareto_chart_7db5ef69.ods	xlsx	sheets/chartset-008/xlsx/046_Cost_analysis_with_Pareto_chart_7db5ef69.xlsx	sheets	chartset-008	series-class:chart:line
sheets/chartset-008/ods/046_Cost_analysis_with_Pareto_chart_7db5ef69.ods	xlsx	sheets/chartset-008/xlsx/046_Cost_analysis_with_Pareto_chart_7db5ef69.xlsx	sheets	chartset-008	series-class:chart:bar
sheets/chartset-008/ods/046_Cost_analysis_with_Pareto_chart_7db5ef69.ods	xlsx	sheets/chartset-008/xlsx/046_Cost_analysis_with_Pareto_chart_7db5ef69.xlsx	sheets	chartset-008	@symbol_type
sheets/chartset-008/ods/051_Manufacturer_defect_analysis_53db27ea.ods	xlsx	sheets/chartset-008/xlsx/051_Manufacturer_defect_analysis_53db27ea.xlsx	sheets	chartset-008	class:ooo:com.sun.star.chart2.ClusteredColumnChartType
sheets/chartset-008/ods/051_Manufacturer_defect_analysis_53db27ea.ods	xlsx	sheets/chartset-008/xlsx/051_Manufacturer_defect_analysis_53db27ea.xlsx	sheets	chartset-008	series-class:chart:add-in
sheets/chartset-008/ods/055_Project_timeline_with_milestones_Use_this_template_546cecc0.ods	xlsx	sheets/chartset-008/xlsx/055_Project_timeline_with_milestones_Use_this_template_546cecc0.xlsx	sheets	chartset-008	class:chart:bar
sheets/chartset-008/ods/055_Project_timeline_with_milestones_Use_this_template_546cecc0.ods	xlsx	sheets/chartset-008/xlsx/055_Project_timeline_with_milestones_Use_this_template_546cecc0.xlsx	sheets	chartset-008	series-class:chart:line
sheets/chartset-008/ods/055_Project_timeline_with_milestones_Use_this_template_546cecc0.ods	xlsx	sheets/chartset-008/xlsx/055_Project_timeline_with_milestones_Use_this_template_546cecc0.xlsx	sheets	chartset-008	series-class:chart:bar
sheets/chartset-008/ods/055_Project_timeline_with_milestones_Use_this_template_546cecc0.ods	xlsx	sheets/chartset-008/xlsx/055_Project_timeline_with_milestones_Use_this_template_546cecc0.xlsx	sheets	chartset-008	@symbol_type
sheets/chartset-008/ods/055_Project_timeline_with_milestones_Use_this_template_546cecc0.ods	xlsx	sheets/chartset-008/xlsx/055_Project_timeline_with_milestones_Use_this_template_546cecc0.xlsx	sheets	chartset-008	@interpolation
sheets/chartset-008/ods/055_Project_timeline_with_milestones_Use_this_template_546cecc0.ods	xlsx	sheets/chartset-008/xlsx/055_Project_timeline_with_milestones_Use_this_template_546cecc0.xlsx	sheets	chartset-008	@solid_type
sheets/chartset-012/ods/002_Contextures_chart_sample_f605e7bc.ods	xlsx	sheets/chartset-012/xlsx/002_Contextures_chart_sample_f605e7bc.xlsx	sheets	chartset-012	class:chart:ring
sheets/chartset-012/ods/002_Contextures_chart_sample_f605e7bc.ods	xlsx	sheets/chartset-012/xlsx/002_Contextures_chart_sample_f605e7bc.xlsx	sheets	chartset-012	series-class:chart:circle
sheets/chartset-012/ods/002_Contextures_chart_sample_f605e7bc.ods	xlsx	sheets/chartset-012/xlsx/002_Contextures_chart_sample_f605e7bc.xlsx	sheets	chartset-012	@solid_type
sheets/chartset-012/ods/002_Contextures_chart_sample_f605e7bc.ods	xlsx	sheets/chartset-012/xlsx/002_Contextures_chart_sample_f605e7bc.xlsx	sheets	chartset-012	class:chart:ring
sheets/chartset-012/ods/002_Contextures_chart_sample_f605e7bc.ods	xlsx	sheets/chartset-012/xlsx/002_Contextures_chart_sample_f605e7bc.xlsx	sheets	chartset-012	series-class:chart:circle
sheets/chartset-012/ods/002_Contextures_chart_sample_f605e7bc.ods	xlsx	sheets/chartset-012/xlsx/002_Contextures_chart_sample_f605e7bc.xlsx	sheets	chartset-012	@solid_type
sheets/chartset-012/ods/002_Contextures_chart_sample_f605e7bc.ods	xlsx	sheets/chartset-012/xlsx/002_Contextures_chart_sample_f605e7bc.xlsx	sheets	chartset-012	class:chart:ring
sheets/chartset-012/ods/002_Contextures_chart_sample_f605e7bc.ods	xlsx	sheets/chartset-012/xlsx/002_Contextures_chart_sample_f605e7bc.xlsx	sheets	chartset-012	series-class:chart:circle
sheets/chartset-012/ods/002_Contextures_chart_sample_f605e7bc.ods	xlsx	sheets/chartset-012/xlsx/002_Contextures_chart_sample_f605e7bc.xlsx	sheets	chartset-012	@solid_type
sheets/chartset-012/ods/012_Contextures_chart_sample_9900da76.ods	xlsx	sheets/chartset-012/xlsx/012_Contextures_chart_sample_9900da76.xlsx	sheets	chartset-012	class:chart:bar
sheets/chartset-012/ods/012_Contextures_chart_sample_9900da76.ods	xlsx	sheets/chartset-012/xlsx/012_Contextures_chart_sample_9900da76.xlsx	sheets	chartset-012	series-class:chart:bar
sheets/chartset-012/ods/013_Contextures_chart_sample_21b98e22.ods	xlsx	sheets/chartset-012/xlsx/013_Contextures_chart_sample_21b98e22.xlsx	sheets	chartset-012	class:chart:bar
sheets/chartset-012/ods/013_Contextures_chart_sample_21b98e22.ods	xlsx	sheets/chartset-012/xlsx/013_Contextures_chart_sample_21b98e22.xlsx	sheets	chartset-012	series-class:chart:bar
sheets/chartset-012/ods/013_Contextures_chart_sample_21b98e22.ods	xlsx	sheets/chartset-012/xlsx/013_Contextures_chart_sample_21b98e22.xlsx	sheets	chartset-012	class:chart:bar
sheets/chartset-012/ods/013_Contextures_chart_sample_21b98e22.ods	xlsx	sheets/chartset-012/xlsx/013_Contextures_chart_sample_21b98e22.xlsx	sheets	chartset-012	series-class:chart:bar
sheets/chartset-012/ods/026_Monthly_cash_flow_statement_Use_this_template_8aaebea1.ods	xlsx	sheets/chartset-012/xlsx/026_Monthly_cash_flow_statement_Use_this_template_8aaebea1.xlsx	sheets	chartset-012	class:chart:bar
sheets/chartset-012/ods/026_Monthly_cash_flow_statement_Use_this_template_8aaebea1.ods	xlsx	sheets/chartset-012/xlsx/026_Monthly_cash_flow_statement_Use_this_template_8aaebea1.xlsx	sheets	chartset-012	series-class:chart:bar
sheets/chartset-012/ods/026_Monthly_cash_flow_statement_Use_this_template_8aaebea1.ods	xlsx	sheets/chartset-012/xlsx/026_Monthly_cash_flow_statement_Use_this_template_8aaebea1.xlsx	sheets	chartset-012	@vertical_true
sheets/chartset-012/ods/026_Monthly_cash_flow_statement_Use_this_template_8aaebea1.ods	xlsx	sheets/chartset-012/xlsx/026_Monthly_cash_flow_statement_Use_this_template_8aaebea1.xlsx	sheets	chartset-012	class:chart:bar
sheets/chartset-012/ods/026_Monthly_cash_flow_statement_Use_this_template_8aaebea1.ods	xlsx	sheets/chartset-012/xlsx/026_Monthly_cash_flow_statement_Use_this_template_8aaebea1.xlsx	sheets	chartset-012	series-class:chart:bar
sheets/chartset-012/ods/026_Monthly_cash_flow_statement_Use_this_template_8aaebea1.ods	xlsx	sheets/chartset-012/xlsx/026_Monthly_cash_flow_statement_Use_this_template_8aaebea1.xlsx	sheets	chartset-012	@vertical_true
sheets/chartset-012/ods/026_Monthly_cash_flow_statement_Use_this_template_8aaebea1.ods	xlsx	sheets/chartset-012/xlsx/026_Monthly_cash_flow_statement_Use_this_template_8aaebea1.xlsx	sheets	chartset-012	class:chart:bar
sheets/chartset-012/ods/026_Monthly_cash_flow_statement_Use_this_template_8aaebea1.ods	xlsx	sheets/chartset-012/xlsx/026_Monthly_cash_flow_statement_Use_this_template_8aaebea1.xlsx	sheets	chartset-012	series-class:chart:bar
sheets/chartset-012/ods/026_Monthly_cash_flow_statement_Use_this_template_8aaebea1.ods	xlsx	sheets/chartset-012/xlsx/026_Monthly_cash_flow_statement_Use_this_template_8aaebea1.xlsx	sheets	chartset-012	@vertical_true
sheets/chartset-012/ods/026_Monthly_cash_flow_statement_Use_this_template_8aaebea1.ods	xlsx	sheets/chartset-012/xlsx/026_Monthly_cash_flow_statement_Use_this_template_8aaebea1.xlsx	sheets	chartset-012	class:chart:bar
sheets/chartset-012/ods/026_Monthly_cash_flow_statement_Use_this_template_8aaebea1.ods	xlsx	sheets/chartset-012/xlsx/026_Monthly_cash_flow_statement_Use_this_template_8aaebea1.xlsx	sheets	chartset-012	series-class:chart:bar
sheets/chartset-012/ods/026_Monthly_cash_flow_statement_Use_this_template_8aaebea1.ods	xlsx	sheets/chartset-012/xlsx/026_Monthly_cash_flow_statement_Use_this_template_8aaebea1.xlsx	sheets	chartset-012	@vertical_true
sheets/chartset-012/ods/036_Simple_to-do_list_Use_this_template_ba44373b.ods	xlsx	sheets/chartset-012/xlsx/036_Simple_to-do_list_Use_this_template_ba44373b.xlsx	sheets	chartset-012	class:chart:bar
sheets/chartset-012/ods/036_Simple_to-do_list_Use_this_template_ba44373b.ods	xlsx	sheets/chartset-012/xlsx/036_Simple_to-do_list_Use_this_template_ba44373b.xlsx	sheets	chartset-012	series-class:chart:bar
sheets/chartset-012/ods/036_Simple_to-do_list_Use_this_template_ba44373b.ods	xlsx	sheets/chartset-012/xlsx/036_Simple_to-do_list_Use_this_template_ba44373b.xlsx	sheets	chartset-012	@vertical_true
sheets/chartset-012/ods/036_Simple_to-do_list_Use_this_template_ba44373b.ods	xlsx	sheets/chartset-012/xlsx/036_Simple_to-do_list_Use_this_template_ba44373b.xlsx	sheets	chartset-012	@solid_type
sheets/chartset-012/ods/036_Simple_to-do_list_Use_this_template_ba44373b.ods	xlsx	sheets/chartset-012/xlsx/036_Simple_to-do_list_Use_this_template_ba44373b.xlsx	sheets	chartset-012	class:chart:bar
sheets/chartset-012/ods/036_Simple_to-do_list_Use_this_template_ba44373b.ods	xlsx	sheets/chartset-012/xlsx/036_Simple_to-do_list_Use_this_template_ba44373b.xlsx	sheets	chartset-012	series-class:chart:bar
sheets/chartset-012/ods/036_Simple_to-do_list_Use_this_template_ba44373b.ods	xlsx	sheets/chartset-012/xlsx/036_Simple_to-do_list_Use_this_template_ba44373b.xlsx	sheets	chartset-012	@vertical_true
sheets/chartset-012/ods/036_Simple_to-do_list_Use_this_template_ba44373b.ods	xlsx	sheets/chartset-012/xlsx/036_Simple_to-do_list_Use_this_template_ba44373b.xlsx	sheets	chartset-012	@solid_type
