document	sheet	sheet_state	origin	sqref	cells	dxfId	priority	accepted	formula_count	formula	hits_value_range	hits_walked_range	hits_print_area	dxf_paints	value_range	walked_range
sheets/chartset-005/xlsx/074_Idea_planner_bacaa123.xlsx	Idea planner	visible	main	F9:F12	4	10	1	yes	1	"$F9=""complete"""	yes	yes	n/a	yes	A1:H13	A1:J13
sheets/chartset-005/xlsx/074_Idea_planner_bacaa123.xlsx	Idea planner	visible	main	F9:F12	4	9	2	yes	1	"$F9=""not started"""	yes	yes	n/a	yes	A1:H13	A1:J13
sheets/chartset-006/xlsx/044_Cash_flow_forecast_Use_this_template_b8fa1f35.xlsx	Cash flow forecast	visible	main	C8:N8	12	1	1	no	1	C8<Cash_Minimum	yes	yes	n/a	yes	B1:P66	A1:XFD66
sheets/chartset-006/xlsx/088_To-do_list_with_progress_tracker_Use_this_template_8c438912.xlsx	To-Do List	visible	main	B3:I7	40	0	4	no	1	"AND($G3=0,$G3<>"""")"	yes	yes	n/a	yes	B1:I7	A1:J7
sheets/chartset-007/xlsx/037_Personal_money_tracker_a57957bb.xlsx	Cash summary	visible	main	B22	1	92	7	yes	1	$B$22>=0.5	yes	yes	n/a	yes	B1:G22	A1:L23
sheets/chartset-007/xlsx/037_Personal_money_tracker_a57957bb.xlsx	Cash summary	visible	main	B22	1	91	8	no	1	AND($B$22>=0.25,$B$22<0.5)	yes	yes	n/a	yes	B1:G22	A1:L23
sheets/chartset-007/xlsx/037_Personal_money_tracker_a57957bb.xlsx	Cash summary	visible	main	B22	1	90	9	yes	1	$B$22<0.25	yes	yes	n/a	yes	B1:G22	A1:L23
sheets/chartset-007/xlsx/040_Blood_pressure_tracker_872b6833.xlsx	BLOOD PRESSURE DATA	visible	main	F12:F19	8	8	3	no	1	F12>MaxDiastolic	yes	yes	n/a	yes	B1:H20	A1:I20
sheets/chartset-007/xlsx/040_Blood_pressure_tracker_872b6833.xlsx	BLOOD PRESSURE DATA	visible	main	E12:E19	8	7	4	no	1	E12>MaxSystolic	yes	yes	n/a	yes	B1:H20	A1:I20
sheets/chartset-007/xlsx/050_Financial_vision_d44241e1.xlsx	Financial vision	visible	main	D11	1	3	3	yes	1	D11<=0	yes	yes	n/a	yes	C2:I21	A1:K23
sheets/chartset-007/xlsx/050_Financial_vision_d44241e1.xlsx	Financial vision	visible	main	D11	1	2	4	yes	1	D11>0	yes	yes	n/a	yes	C2:I21	A1:K23
sheets/chartset-007/xlsx/050_Financial_vision_d44241e1.xlsx	Financial vision	visible	main	F11	1	1	1	yes	1	F11<=0	yes	yes	n/a	yes	C2:I21	A1:K23
sheets/chartset-007/xlsx/050_Financial_vision_d44241e1.xlsx	Financial vision	visible	main	F11	1	0	2	yes	1	F11>0	yes	yes	n/a	yes	C2:I21	A1:K23
sheets/chartset-007/xlsx/082_Project_to_do_list_28f80082.xlsx	To Do List	visible	main	B8:G16	54	0	2	no	1	AND($C8>=valHStart, $C8<=valHEnd)	yes	yes	yes	yes	B1:H16	A1:XFD100
sheets/chartset-007/xlsx/083_Project_tracker_Use_this_template_b38d057c.xlsx	Project tracker	visible	main	K5:K13	9	5	1	no	1	(ABS((K5-G5))/G5)>FlagPercent	yes	yes	n/a	yes	B2:M13	A1:XFD14
sheets/chartset-007/xlsx/083_Project_tracker_Use_this_template_b38d057c.xlsx	Project tracker	visible	main	L5:L13	9	4	2	no	1	(ABS((L5-H5))/H5)>FlagPercent	yes	yes	n/a	yes	B2:M13	A1:XFD14
sheets/chartset-008/xlsx/023_Waterfall_Chart_Template_for_Excel_349f7689.xlsx	Waterfall1	visible	main	K27:K35 D27:I35 D38:I38 K38	70	7	10	no	1	ISERROR(D27)	yes	yes	yes	yes	A3:M38	A1:M38
sheets/chartset-008/xlsx/023_Waterfall_Chart_Template_for_Excel_349f7689.xlsx	Waterfall1	visible	main	K36:K37 D36:I37	14	6	7	no	1	ISERROR(D36)	yes	yes	yes	yes	A3:M38	A1:M38
sheets/chartset-008/xlsx/023_Waterfall_Chart_Template_for_Excel_349f7689.xlsx	Waterfall1	visible	main	J27:J38	12	5	5	no	1	ISERROR(J27)	yes	yes	yes	yes	A3:M38	A1:M38
sheets/chartset-008/xlsx/023_Waterfall_Chart_Template_for_Excel_349f7689.xlsx	Waterfall2	visible	main	M27:N38 D27:K27 D28:J38	109	4	8	no	1	ISERROR(D27)	yes	yes	yes	yes	A3:P38	A1:XFD38
sheets/chartset-008/xlsx/023_Waterfall_Chart_Template_for_Excel_349f7689.xlsx	Waterfall2	visible	main	K38:L38	2	3	1	no	1	ISERROR(K38)	yes	yes	yes	yes	A3:P38	A1:XFD38
sheets/chartset-008/xlsx/023_Waterfall_Chart_Template_for_Excel_349f7689.xlsx	Waterfall2	visible	main	L27	1	2	4	no	1	ISERROR(L27)	yes	yes	yes	yes	A3:P38	A1:XFD38
sheets/chartset-008/xlsx/023_Waterfall_Chart_Template_for_Excel_349f7689.xlsx	Waterfall2	visible	main	L28:L37	10	1	3	no	1	ISERROR(L28)	yes	yes	yes	yes	A3:P38	A1:XFD38
sheets/chartset-008/xlsx/023_Waterfall_Chart_Template_for_Excel_349f7689.xlsx	Waterfall2	visible	main	K28:K37	10	0	2	no	1	ISERROR(K28)	yes	yes	yes	yes	A3:P38	A1:XFD38
sheets/chartset-009/xlsx/015_Free_Gantt_Chart_Template_for_Excel_414e86bf.xlsx	GanttChart	visible	main	K6:BN7	112	3	53	no	1	K$6=TODAY()	yes	yes	yes	yes	A1:BN44	A1:BN44
sheets/chartset-009/xlsx/015_Free_Gantt_Chart_Template_for_Excel_414e86bf.xlsx	GanttChart	visible	main	K6:BN43	2128	2	16	no	1	K$6=TODAY()	yes	yes	yes	no	A1:BN44	A1:BN44
sheets/chartset-009/xlsx/015_Free_Gantt_Chart_Template_for_Excel_414e86bf.xlsx	GanttChart	visible	main	K8:BN43	2016	1	56	no	1	AND($E8<=K$6,ROUNDDOWN(($F8-$E8+1)*$H8,0)+$E8-1>=K$6)	yes	yes	yes	yes	A1:BN44	A1:BN44
sheets/chartset-009/xlsx/015_Free_Gantt_Chart_Template_for_Excel_414e86bf.xlsx	GanttChart	visible	main	K8:BN43	2016	0	57	no	1	AND(NOT(ISBLANK($E8)),$E8<=K$6,$F8>=K$6)	yes	yes	yes	yes	A1:BN44	A1:BN44
sheets/chartset-009/xlsx/024_Free_Kids_Chore_Chart_Template_ad74bb34.xlsx	ChoreChart	visible	main	B5:J13	81	1	1	no	1	MOD(ROW(),2)=0	yes	yes	yes	yes	B2:J25	A1:M25
sheets/chartset-009/xlsx/024_Free_Kids_Chore_Chart_Template_ad74bb34.xlsx	BW	visible	main	B5:J13	81	0	1	no	1	MOD(ROW(),2)=0	yes	yes	yes	yes	B2:J25	A1:M25
sheets/chartset-009/xlsx/075_Idea_planner_tasks_f44ebd73.xlsx	Idea Planner	visible	main	F7:F10	4	2	1	yes	1	F7=1	yes	yes	n/a	yes	B2:G10	A1:H10
sheets/chartset-009/xlsx/075_Idea_planner_tasks_f44ebd73.xlsx	Idea Planner	visible	main	F7:F10	4	1	2	yes	1	F7=0	yes	yes	n/a	yes	B2:G10	A1:H10
sheets/chartset-009/xlsx/075_Idea_planner_tasks_f44ebd73.xlsx	Idea Planner	visible	main	F7:F10	4	0	3	yes	1	F7=-1	yes	yes	n/a	yes	B2:G10	A1:H10
sheets/chartset-009/xlsx/081_Project_performance_report_Use_this_template_be2468b3.xlsx	Performance report	visible	main	J5:M22 R5:S22	108	19	1	yes	1	J5<0	yes	yes	yes	yes	B1:U22	A1:W22
sheets/chartset-009/xlsx/081_Project_performance_report_Use_this_template_be2468b3.xlsx	Performance report	visible	main	U5:U22	18	18	4	yes	1	"$U5=""BLACK"""	yes	yes	yes	yes	B1:U22	A1:W22
sheets/chartset-009/xlsx/081_Project_performance_report_Use_this_template_be2468b3.xlsx	Performance report	visible	main	U5:U22	18	17	5	yes	1	"$U5=""GREEN"""	yes	yes	yes	yes	B1:U22	A1:W22
sheets/chartset-009/xlsx/081_Project_performance_report_Use_this_template_be2468b3.xlsx	Performance report	visible	main	U5:U22	18	16	6	yes	1	"$U5=""RED"""	yes	yes	yes	yes	B1:U22	A1:W22
sheets/chartset-009/xlsx/081_Project_performance_report_Use_this_template_be2468b3.xlsx	Performance report	visible	main	U5:U22	18	15	7	yes	1	"$U5=""ORANGE"""	yes	yes	yes	yes	B1:U22	A1:W22
sheets/chartset-009/xlsx/081_Project_performance_report_Use_this_template_be2468b3.xlsx	Performance report	visible	main	U5:U22	18	14	8	yes	1	"$U5="""""	yes	yes	yes	yes	B1:U22	A1:W22
sheets/chartset-009/xlsx/085_Simple_Gantt_chart_d65b8377.xlsx	Project schedule	visible	main	I9:BL13	280	8	6	no	1	AND(task_start<=I$5,ROUNDDOWN((task_end-task_start+1)*task_progress,0)+task_start-1>=I$5)	yes	yes	n/a	yes	A1:BL33	A1:BM36
sheets/chartset-009/xlsx/085_Simple_Gantt_chart_d65b8377.xlsx	Project schedule	visible	main	I9:BL13	280	7	7	no	1	AND(task_end>=I$5,task_start<J$5)	yes	yes	n/a	yes	A1:BL33	A1:BM36
sheets/chartset-009/xlsx/085_Simple_Gantt_chart_d65b8377.xlsx	Project schedule	visible	main	I15:BL19	280	6	4	no	1	AND(task_start<=I$5,ROUNDDOWN((task_end-task_start+1)*task_progress,0)+task_start-1>=I$5)	yes	yes	n/a	yes	A1:BL33	A1:BM36
sheets/chartset-009/xlsx/085_Simple_Gantt_chart_d65b8377.xlsx	Project schedule	visible	main	I15:BL19	280	5	5	no	1	AND(task_end>=I$5,task_start<J$5)	yes	yes	n/a	yes	A1:BL33	A1:BM36
sheets/chartset-009/xlsx/085_Simple_Gantt_chart_d65b8377.xlsx	Project schedule	visible	main	I21:BL25	280	4	2	no	1	AND(task_start<=I$5,ROUNDDOWN((task_end-task_start+1)*task_progress,0)+task_start-1>=I$5)	yes	yes	n/a	yes	A1:BL33	A1:BM36
sheets/chartset-009/xlsx/085_Simple_Gantt_chart_d65b8377.xlsx	Project schedule	visible	main	I21:BL25	280	3	3	no	1	AND(task_end>=I$5,task_start<J$5)	yes	yes	n/a	yes	A1:BL33	A1:BM36
sheets/chartset-009/xlsx/085_Simple_Gantt_chart_d65b8377.xlsx	Project schedule	visible	main	I27:BL31	280	2	36	no	1	AND(task_start<=I$5,ROUNDDOWN((task_end-task_start+1)*task_progress,0)+task_start-1>=I$5)	yes	yes	n/a	yes	A1:BL33	A1:BM36
sheets/chartset-009/xlsx/085_Simple_Gantt_chart_d65b8377.xlsx	Project schedule	visible	main	I27:BL31	280	1	37	no	1	AND(task_end>=I$5,task_start<J$5)	yes	yes	n/a	yes	A1:BL33	A1:BM36
sheets/chartset-009/xlsx/085_Simple_Gantt_chart_d65b8377.xlsx	Project schedule	visible	main	I4:BL31 I21:BL25 I15:BL19 I9:BL13 I27:BL31	2688	0	1	no	1	AND(TODAY()>=I$5, TODAY()<J$5)	yes	yes	n/a	no	A1:BL33	A1:BM36
sheets/chartset-010/xlsx/047_Date_tracker_Gantt_chart_bf34f3a8.xlsx	Gantt Chart	visible	main	C2:O2	13	0	4	no	1	#REF!<=TODAY()+7	no	yes	n/a	yes	A1:A1	A1:R3
sheets/chartset-010/xlsx/069_Blue_modern_balance_sheet_Use_this_template_6b4d70d3.xlsx	Summary	visible	main	C12	1	5	1	yes	1	$C$12>$C$11	yes	yes	n/a	yes	B2:D13	A1:E14
sheets/chartset-010/xlsx/069_Blue_modern_balance_sheet_Use_this_template_6b4d70d3.xlsx	Summary	visible	main	C12	1	4	2	yes	1	$C$12<$C$11	yes	yes	n/a	yes	B2:D13	A1:E14
sheets/chartset-010/xlsx/069_Blue_modern_balance_sheet_Use_this_template_6b4d70d3.xlsx	Summary	visible	main	C12	1	3	3	yes	1	$C$12=$C$11	yes	yes	n/a	yes	B2:D13	A1:E14
sheets/chartset-010/xlsx/069_Blue_modern_balance_sheet_Use_this_template_6b4d70d3.xlsx	Summary	visible	main	D12	1	2	5	yes	1	$D$12>$D$11	yes	yes	n/a	yes	B2:D13	A1:E14
sheets/chartset-010/xlsx/069_Blue_modern_balance_sheet_Use_this_template_6b4d70d3.xlsx	Summary	visible	main	D12	1	1	6	yes	1	$D$12<$D$11	yes	yes	n/a	yes	B2:D13	A1:E14
sheets/chartset-010/xlsx/069_Blue_modern_balance_sheet_Use_this_template_6b4d70d3.xlsx	Summary	visible	main	D12	1	0	7	yes	1	$D$12=$D$11	yes	yes	n/a	yes	B2:D13	A1:E14
sheets/chartset-010/xlsx/072_Gantt_project_planner_dde00e33.xlsx	Project Planner	visible	main	H5:BO30	1560	9	1	no	1	PercentComplete	yes	yes	n/a	yes	B1:BO30	A1:BO30
sheets/chartset-010/xlsx/072_Gantt_project_planner_dde00e33.xlsx	Project Planner	visible	main	H5:BO30	1560	8	3	no	1	PercentCompleteBeyond	yes	yes	n/a	yes	B1:BO30	A1:BO30
sheets/chartset-010/xlsx/072_Gantt_project_planner_dde00e33.xlsx	Project Planner	visible	main	H5:BO30	1560	7	4	no	1	Actual	yes	yes	n/a	yes	B1:BO30	A1:BO30
sheets/chartset-010/xlsx/072_Gantt_project_planner_dde00e33.xlsx	Project Planner	visible	main	H5:BO30	1560	6	5	no	1	ActualBeyond	yes	yes	n/a	yes	B1:BO30	A1:BO30
sheets/chartset-010/xlsx/072_Gantt_project_planner_dde00e33.xlsx	Project Planner	visible	main	H5:BO30	1560	5	6	no	1	Plan	yes	yes	n/a	yes	B1:BO30	A1:BO30
sheets/chartset-010/xlsx/072_Gantt_project_planner_dde00e33.xlsx	Project Planner	visible	main	H5:BO30	1560	4	7	no	1	H$4=period_selected	yes	yes	n/a	yes	B1:BO30	A1:BO30
sheets/chartset-010/xlsx/072_Gantt_project_planner_dde00e33.xlsx	Project Planner	visible	main	H5:BO30	1560	3	11	no	1	MOD(COLUMN(),2)	yes	yes	n/a	yes	B1:BO30	A1:BO30
sheets/chartset-010/xlsx/072_Gantt_project_planner_dde00e33.xlsx	Project Planner	visible	main	H5:BO30	1560	2	12	no	1	MOD(COLUMN(),2)=0	yes	yes	n/a	yes	B1:BO30	A1:BO30
sheets/chartset-010/xlsx/072_Gantt_project_planner_dde00e33.xlsx	Project Planner	visible	main	B31:BO31	66	1	2	no	1	TRUE	no	no	n/a	no	B1:BO30	A1:BO30
sheets/chartset-010/xlsx/072_Gantt_project_planner_dde00e33.xlsx	Project Planner	visible	main	H4:BO4	60	0	8	no	1	H$4=period_selected	yes	yes	n/a	yes	B1:BO30	A1:BO30
sheets/chartset-010/xlsx/078_Modern_inventory_list_Use_this_template_41abd5bf.xlsx	Inventory list	visible	main	C6:L30	250	7	21	yes	1	$B6=1	yes	yes	n/a	yes	B2:L30	A1:M31
sheets/chartset-010/xlsx/078_Modern_inventory_list_Use_this_template_41abd5bf.xlsx	Inventory list	visible	main	C6:L30	250	4	47	yes	1	"$L6=""yes"""	yes	yes	n/a	yes	B2:L30	A1:M31
sheets/chartset-010/xlsx/078_Modern_inventory_list_Use_this_template_41abd5bf.xlsx	Inventory list	visible	main	C31:L31	10	6	1	yes	1	$B31=1	no	yes	n/a	yes	B2:L30	A1:M31
sheets/chartset-010/xlsx/078_Modern_inventory_list_Use_this_template_41abd5bf.xlsx	Inventory list	visible	main	C31:L31	10	5	2	yes	1	"$L31=""yes"""	no	yes	n/a	yes	B2:L30	A1:M31
sheets/chartset-011/xlsx/028_Budget_summary_report_4aeefd13.xlsx	Budget summary	visible	main	C6:H17 C20:H30 C33:H36 C39:H42	186	46	9	no	1	_xlfn.ISFORMULA(C6)	yes	yes	n/a	yes	B1:J42	A1:XFD43
sheets/chartset-011/xlsx/066_Agile_Gantt_chart_08f9de45.xlsx	Light	visible	main	I7:BL36	1680	57	1	no	1	AND(TODAY()>=I$7,TODAY()<J$7)	yes	yes	n/a	yes	B2:BL36	A1:BP38
sheets/chartset-011/xlsx/066_Agile_Gantt_chart_08f9de45.xlsx	Light	visible	main	I6:AM6	31	56	4	no	1	I$7<=EOMONTH($I$7,0)	yes	yes	n/a	yes	B2:BL36	A1:BP38
sheets/chartset-011/xlsx/066_Agile_Gantt_chart_08f9de45.xlsx	Light	visible	main	J6:BL6	55	55	3	no	1	AND(J$7<=EOMONTH($I$7,2),J$7>EOMONTH($I$7,0),J$7>EOMONTH($I$7,1))	yes	yes	n/a	yes	B2:BL36	A1:BP38
sheets/chartset-011/xlsx/066_Agile_Gantt_chart_08f9de45.xlsx	Light	visible	main	I6:BL6	56	54	2	no	1	AND(I$7<=EOMONTH($I$7,1),I$7>EOMONTH($I$7,0))	yes	yes	n/a	yes	B2:BL36	A1:BP38
sheets/chartset-011/xlsx/066_Agile_Gantt_chart_08f9de45.xlsx	Light	visible	main	I10:BL35	1456	53	7	no	1	"AND($C10=""Low Risk"",I$7>=$F10,I$7<=$F10+$G10-1)"	yes	yes	n/a	yes	B2:BL36	A1:BP38
sheets/chartset-011/xlsx/066_Agile_Gantt_chart_08f9de45.xlsx	Light	visible	main	I10:BL35	1456	52	8	no	1	"AND($C10=""High Risk"",I$7>=$F10,I$7<=$F10+$G10-1)"	yes	yes	n/a	yes	B2:BL36	A1:BP38
sheets/chartset-011/xlsx/066_Agile_Gantt_chart_08f9de45.xlsx	Light	visible	main	I10:BL35	1456	51	9	no	1	"AND($C10=""On Track"",I$7>=$F10,I$7<=$F10+$G10-1)"	yes	yes	n/a	yes	B2:BL36	A1:BP38
sheets/chartset-011/xlsx/066_Agile_Gantt_chart_08f9de45.xlsx	Light	visible	main	I10:BL35	1456	50	10	no	1	"AND($C10=""Med Risk"",I$7>=$F10,I$7<=$F10+$G10-1)"	yes	yes	n/a	yes	B2:BL36	A1:BP38
sheets/chartset-011/xlsx/066_Agile_Gantt_chart_08f9de45.xlsx	Light	visible	main	I10:BL35	1456	49	11	no	1	AND(LEN($C10)=0,I$7>=$F10,I$7<=$F10+$G10-1)	yes	yes	n/a	yes	B2:BL36	A1:BP38
sheets/chartset-011/xlsx/066_Agile_Gantt_chart_08f9de45.xlsx	Light	visible	main	I36:BL36	56	48	13	no	1	"AND(#REF!=""Low Risk"",I$7>=#REF!,I$7<=#REF!+#REF!-1)"	yes	yes	n/a	yes	B2:BL36	A1:BP38
sheets/chartset-011/xlsx/066_Agile_Gantt_chart_08f9de45.xlsx	Light	visible	main	I36:BL36	56	47	14	no	1	"AND(#REF!=""High Risk"",I$7>=#REF!,I$7<=#REF!+#REF!-1)"	yes	yes	n/a	yes	B2:BL36	A1:BP38
sheets/chartset-011/xlsx/066_Agile_Gantt_chart_08f9de45.xlsx	Light	visible	main	I36:BL36	56	46	15	no	1	"AND(#REF!=""On Track"",I$7>=#REF!,I$7<=#REF!+#REF!-1)"	yes	yes	n/a	yes	B2:BL36	A1:BP38
sheets/chartset-011/xlsx/066_Agile_Gantt_chart_08f9de45.xlsx	Light	visible	main	I36:BL36	56	45	16	no	1	"AND(#REF!=""Med Risk"",I$7>=#REF!,I$7<=#REF!+#REF!-1)"	yes	yes	n/a	yes	B2:BL36	A1:BP38
sheets/chartset-011/xlsx/066_Agile_Gantt_chart_08f9de45.xlsx	Light	visible	main	I36:BL36	56	44	17	no	1	AND(LEN(#REF!)=0,I$7>=#REF!,I$7<=#REF!+#REF!-1)	yes	yes	n/a	yes	B2:BL36	A1:BP38
sheets/chartset-011/xlsx/066_Agile_Gantt_chart_08f9de45.xlsx	Dark	visible	main	I7:BL36	1680	35	1	no	1	AND(TODAY()>=I$7,TODAY()<J$7)	yes	yes	n/a	yes	B2:BL36	A1:BP38
sheets/chartset-011/xlsx/066_Agile_Gantt_chart_08f9de45.xlsx	Dark	visible	main	I6:AM6	31	34	4	no	1	I$7<=EOMONTH($I$7,0)	yes	yes	n/a	yes	B2:BL36	A1:BP38
sheets/chartset-011/xlsx/066_Agile_Gantt_chart_08f9de45.xlsx	Dark	visible	main	J6:BL6	55	33	3	no	1	AND(J$7<=EOMONTH($I$7,2),J$7>EOMONTH($I$7,0),J$7>EOMONTH($I$7,1))	yes	yes	n/a	yes	B2:BL36	A1:BP38
sheets/chartset-011/xlsx/066_Agile_Gantt_chart_08f9de45.xlsx	Dark	visible	main	I6:BL6	56	32	2	no	1	AND(I$7<=EOMONTH($I$7,1),I$7>EOMONTH($I$7,0))	yes	yes	n/a	yes	B2:BL36	A1:BP38
sheets/chartset-011/xlsx/066_Agile_Gantt_chart_08f9de45.xlsx	Dark	visible	main	I10:BL35	1456	31	7	no	1	"AND($C10=""Low Risk"",I$7>=$F10,I$7<=$F10+$G10-1)"	yes	yes	n/a	yes	B2:BL36	A1:BP38
sheets/chartset-011/xlsx/066_Agile_Gantt_chart_08f9de45.xlsx	Dark	visible	main	I10:BL35	1456	30	8	no	1	"AND($C10=""High Risk"",I$7>=$F10,I$7<=$F10+$G10-1)"	yes	yes	n/a	yes	B2:BL36	A1:BP38
sheets/chartset-011/xlsx/066_Agile_Gantt_chart_08f9de45.xlsx	Dark	visible	main	I10:BL35	1456	29	9	no	1	"AND($C10=""On Track"",I$7>=$F10,I$7<=$F10+$G10-1)"	yes	yes	n/a	yes	B2:BL36	A1:BP38
sheets/chartset-011/xlsx/066_Agile_Gantt_chart_08f9de45.xlsx	Dark	visible	main	I10:BL35	1456	28	10	no	1	"AND($C10=""Med Risk"",I$7>=$F10,I$7<=$F10+$G10-1)"	yes	yes	n/a	yes	B2:BL36	A1:BP38
sheets/chartset-011/xlsx/066_Agile_Gantt_chart_08f9de45.xlsx	Dark	visible	main	I10:BL35	1456	27	11	no	1	AND(LEN($C10)=0,I$7>=$F10,I$7<=$F10+$G10-1)	yes	yes	n/a	yes	B2:BL36	A1:BP38
sheets/chartset-011/xlsx/066_Agile_Gantt_chart_08f9de45.xlsx	Dark	visible	main	I36:BL36	56	26	13	no	1	"AND(#REF!=""Low Risk"",I$7>=#REF!,I$7<=#REF!+#REF!-1)"	yes	yes	n/a	yes	B2:BL36	A1:BP38
sheets/chartset-011/xlsx/066_Agile_Gantt_chart_08f9de45.xlsx	Dark	visible	main	I36:BL36	56	25	14	no	1	"AND(#REF!=""High Risk"",I$7>=#REF!,I$7<=#REF!+#REF!-1)"	yes	yes	n/a	yes	B2:BL36	A1:BP38
sheets/chartset-011/xlsx/066_Agile_Gantt_chart_08f9de45.xlsx	Dark	visible	main	I36:BL36	56	24	15	no	1	"AND(#REF!=""On Track"",I$7>=#REF!,I$7<=#REF!+#REF!-1)"	yes	yes	n/a	yes	B2:BL36	A1:BP38
sheets/chartset-011/xlsx/066_Agile_Gantt_chart_08f9de45.xlsx	Dark	visible	main	I36:BL36	56	23	16	no	1	"AND(#REF!=""Med Risk"",I$7>=#REF!,I$7<=#REF!+#REF!-1)"	yes	yes	n/a	yes	B2:BL36	A1:BP38
sheets/chartset-011/xlsx/066_Agile_Gantt_chart_08f9de45.xlsx	Dark	visible	main	I36:BL36	56	22	17	no	1	AND(LEN(#REF!)=0,I$7>=#REF!,I$7<=#REF!+#REF!-1)	yes	yes	n/a	yes	B2:BL36	A1:BP38
sheets/chartset-011/xlsx/066_Agile_Gantt_chart_08f9de45.xlsx	Color	visible	main	I7:BL36	1680	17	1	no	1	AND(TODAY()>=I$7,TODAY()<J$7)	yes	yes	n/a	yes	B2:BL36	A1:BP38
sheets/chartset-011/xlsx/066_Agile_Gantt_chart_08f9de45.xlsx	Color	visible	main	I6:AM6	31	16	4	no	1	I$7<=EOMONTH($I$7,0)	yes	yes	n/a	yes	B2:BL36	A1:BP38
sheets/chartset-011/xlsx/066_Agile_Gantt_chart_08f9de45.xlsx	Color	visible	main	J6:BL6	55	15	3	no	1	AND(J$7<=EOMONTH($I$7,2),J$7>EOMONTH($I$7,0),J$7>EOMONTH($I$7,1))	yes	yes	n/a	yes	B2:BL36	A1:BP38
sheets/chartset-011/xlsx/066_Agile_Gantt_chart_08f9de45.xlsx	Color	visible	main	I6:BL6	56	14	2	no	1	AND(I$7<=EOMONTH($I$7,1),I$7>EOMONTH($I$7,0))	yes	yes	n/a	yes	B2:BL36	A1:BP38
sheets/chartset-011/xlsx/066_Agile_Gantt_chart_08f9de45.xlsx	Color	visible	main	I10:BL35	1456	13	7	no	1	"AND($C10=""Low Risk"",I$7>=$F10,I$7<=$F10+$G10-1)"	yes	yes	n/a	yes	B2:BL36	A1:BP38
sheets/chartset-011/xlsx/066_Agile_Gantt_chart_08f9de45.xlsx	Color	visible	main	I10:BL35	1456	12	8	no	1	"AND($C10=""High Risk"",I$7>=$F10,I$7<=$F10+$G10-1)"	yes	yes	n/a	yes	B2:BL36	A1:BP38
sheets/chartset-011/xlsx/066_Agile_Gantt_chart_08f9de45.xlsx	Color	visible	main	I10:BL35	1456	11	9	no	1	"AND($C10=""On Track"",I$7>=$F10,I$7<=$F10+$G10-1)"	yes	yes	n/a	yes	B2:BL36	A1:BP38
sheets/chartset-011/xlsx/066_Agile_Gantt_chart_08f9de45.xlsx	Color	visible	main	I10:BL35	1456	10	10	no	1	"AND($C10=""Med Risk"",I$7>=$F10,I$7<=$F10+$G10-1)"	yes	yes	n/a	yes	B2:BL36	A1:BP38
sheets/chartset-011/xlsx/066_Agile_Gantt_chart_08f9de45.xlsx	Color	visible	main	I10:BL35	1456	9	11	no	1	AND(LEN($C10)=0,I$7>=$F10,I$7<=$F10+$G10-1)	yes	yes	n/a	yes	B2:BL36	A1:BP38
sheets/chartset-011/xlsx/066_Agile_Gantt_chart_08f9de45.xlsx	Color	visible	main	I36:BL36	56	8	13	no	1	"AND(#REF!=""Low Risk"",I$7>=#REF!,I$7<=#REF!+#REF!-1)"	yes	yes	n/a	yes	B2:BL36	A1:BP38
sheets/chartset-011/xlsx/066_Agile_Gantt_chart_08f9de45.xlsx	Color	visible	main	I36:BL36	56	7	14	no	1	"AND(#REF!=""High Risk"",I$7>=#REF!,I$7<=#REF!+#REF!-1)"	yes	yes	n/a	yes	B2:BL36	A1:BP38
sheets/chartset-011/xlsx/066_Agile_Gantt_chart_08f9de45.xlsx	Color	visible	main	I36:BL36	56	6	15	no	1	"AND(#REF!=""On Track"",I$7>=#REF!,I$7<=#REF!+#REF!-1)"	yes	yes	n/a	yes	B2:BL36	A1:BP38
sheets/chartset-011/xlsx/066_Agile_Gantt_chart_08f9de45.xlsx	Color	visible	main	I36:BL36	56	5	16	no	1	"AND(#REF!=""Med Risk"",I$7>=#REF!,I$7<=#REF!+#REF!-1)"	yes	yes	n/a	yes	B2:BL36	A1:BP38
sheets/chartset-011/xlsx/066_Agile_Gantt_chart_08f9de45.xlsx	Color	visible	main	I36:BL36	56	4	17	no	1	AND(LEN(#REF!)=0,I$7>=#REF!,I$7<=#REF!+#REF!-1)	yes	yes	n/a	yes	B2:BL36	A1:BP38
sheets/chartset-011/xlsx/071_Four-week_project_timeline_Use_this_template_4f05db49.xlsx	Project timeline	visible	main	E7:AF7	28	9	5	no	1	E$7=TODAY()	yes	yes	n/a	yes	D1:AG12	A1:XFD52
sheets/chartset-011/xlsx/071_Four-week_project_timeline_Use_this_template_4f05db49.xlsx	Project timeline	visible	main	E6:AF6	28	8	4	no	1	E$7=TODAY()	yes	yes	n/a	yes	D1:AG12	A1:XFD52
sheets/chartset-011/xlsx/071_Four-week_project_timeline_Use_this_template_4f05db49.xlsx	Project timeline	visible	main	AG8:AG25	18	7	2	yes	1	"$AG8=""in progress"""	yes	yes	n/a	yes	D1:AG12	A1:XFD52
sheets/chartset-011/xlsx/071_Four-week_project_timeline_Use_this_template_4f05db49.xlsx	Project timeline	visible	main	AG8:AG25	18	5	3	yes	1	"$AG8=""completed"""	yes	yes	n/a	yes	D1:AG12	A1:XFD52
sheets/chartset-011/xlsx/071_Four-week_project_timeline_Use_this_template_4f05db49.xlsx	Project timeline	visible	main	AG8:AG25	18	6	1	yes	1	"$AG8=""not started"""	yes	yes	n/a	yes	D1:AG12	A1:XFD52
sheets/chartset-011/xlsx/077_Inventory_list_with_highlighting_Use_this_template_36d8d57a.xlsx	Inventory list	visible	main	B6:L30	275	1	1	yes	1	"$L6=""Yes"""	yes	yes	n/a	yes	B1:M30	A1:XFD749
sheets/chartset-011/xlsx/077_Inventory_list_with_highlighting_Use_this_template_36d8d57a.xlsx	Inventory list	visible	main	B6:L30	275	0	2	yes	1	$B6=1	yes	yes	n/a	yes	B1:M30	A1:XFD749
sheets/chartset-012/xlsx/036_Simple_to-do_list_Use_this_template_ba44373b.xlsx	To-do list	visible	main	D6:F19	42	7	16	no	1	"AND($D6<>"""",$D6<TODAY())"	yes	yes	yes	yes	B1:Q11	A1:XFD20
sheets/chartset-012/xlsx/036_Simple_to-do_list_Use_this_template_ba44373b.xlsx	To-do list	visible	main	F6:F19	14	6	2	yes	1	"$F6=""completed"""	yes	yes	yes	yes	B1:Q11	A1:XFD20
sheets/chartset-012/xlsx/036_Simple_to-do_list_Use_this_template_ba44373b.xlsx	To-do list	visible	main	F6:F19	14	5	1	yes	1	"$F6=""in progress"""	yes	yes	yes	yes	B1:Q11	A1:XFD20
sheets/chartset-012/xlsx/068_Blue_inventory_list_Use_this_template_f9908489.xlsx	Inventory pick list	visible	main	E4:E8	5	0	7	yes	1	D4>E4	yes	yes	n/a	yes	B1:I8	A1:XFD9
sheets/chartset-013/xlsx/019_Free_Blood_Sugar_Chart_for_Excel_-_Track_Your_Blood_Sugar_Level_36f4a782.xlsx	Example	visible	main	C30:C106	77	5	2	no	1	AND(C30>0,C30<$B$5)	yes	yes	yes	yes	A1:O106	A1:XFD107
sheets/chartset-013/xlsx/019_Free_Blood_Sugar_Chart_for_Excel_-_Track_Your_Blood_Sugar_Level_36f4a782.xlsx	Example	visible	main	G30:O106	693	3	1	no	1	ISERROR(G30)	yes	yes	yes	yes	A1:O106	A1:XFD107
sheets/chartset-013/xlsx/019_Free_Blood_Sugar_Chart_for_Excel_-_Track_Your_Blood_Sugar_Level_36f4a782.xlsx	Chart	visible	main	C30:C106	77	2	2	no	1	AND(C30>0,C30<$B$5)	yes	yes	yes	yes	A1:O106	A1:XFD107
sheets/chartset-013/xlsx/019_Free_Blood_Sugar_Chart_for_Excel_-_Track_Your_Blood_Sugar_Level_36f4a782.xlsx	Chart	visible	main	G30:O106	693	0	1	no	1	ISERROR(G30)	yes	yes	yes	yes	A1:O106	A1:XFD107
sheets/chartset-014/xlsx/027_Simple_personal_cash_flow_statement_675c6584.xlsx	Daily cash flow	visible	main	B12:C55	88	11	9	no	1	"(MOD(ROW(),2)<>0)*($B12=""Income"")"	yes	yes	n/a	yes	B1:F55	A1:XFD55
sheets/chartset-014/xlsx/027_Simple_personal_cash_flow_statement_675c6584.xlsx	Daily cash flow	visible	main	B12:C55	88	10	10	no	1	"(MOD(ROW(),2)=0)*($B12=""Income"")"	yes	yes	n/a	yes	B1:F55	A1:XFD55
sheets/chartset-014/xlsx/027_Simple_personal_cash_flow_statement_675c6584.xlsx	Daily cash flow	visible	main	D12:D55	44	9	4	no	1	"(MOD(ROW(),2)<>0)*($B12<>""Income"")"	yes	yes	n/a	yes	B1:F55	A1:XFD55
sheets/chartset-014/xlsx/027_Simple_personal_cash_flow_statement_675c6584.xlsx	Daily cash flow	visible	main	D12:D55	44	8	7	no	1	"(MOD(ROW(),2)<>0)*($B12=""Income"")"	yes	yes	n/a	yes	B1:F55	A1:XFD55
sheets/chartset-014/xlsx/027_Simple_personal_cash_flow_statement_675c6584.xlsx	Daily cash flow	visible	main	D12:F55	132	7	1	no	1	"(MOD(ROW(),2)=0)*($B12<>""Income"")"	yes	yes	n/a	yes	B1:F55	A1:XFD55
sheets/chartset-014/xlsx/027_Simple_personal_cash_flow_statement_675c6584.xlsx	Daily cash flow	visible	main	D12:F55	132	6	8	no	1	"(MOD(ROW(),2)=0)*($B12=""Income"")"	yes	yes	n/a	yes	B1:F55	A1:XFD55
sheets/chartset-014/xlsx/027_Simple_personal_cash_flow_statement_675c6584.xlsx	Daily cash flow	visible	main	E12:E55	44	5	3	no	1	"(MOD(ROW(),2)<>0)*($B12<>""Income"")"	yes	yes	n/a	yes	B1:F55	A1:XFD55
sheets/chartset-014/xlsx/027_Simple_personal_cash_flow_statement_675c6584.xlsx	Daily cash flow	visible	main	E12:E55	44	4	6	no	1	"(MOD(ROW(),2)<>0)*($B12=""Income"")"	yes	yes	n/a	yes	B1:F55	A1:XFD55
sheets/chartset-014/xlsx/027_Simple_personal_cash_flow_statement_675c6584.xlsx	Daily cash flow	visible	main	F12:F55	44	3	2	no	1	"(MOD(ROW(),2)<>0)*($B12<>""Income"")"	yes	yes	n/a	yes	B1:F55	A1:XFD55
sheets/chartset-014/xlsx/027_Simple_personal_cash_flow_statement_675c6584.xlsx	Daily cash flow	visible	main	F12:F55	44	2	5	no	1	"(MOD(ROW(),2)<>0)*($B12=""Income"")"	yes	yes	n/a	yes	B1:F55	A1:XFD55
sheets/chartset-014/xlsx/027_Simple_personal_cash_flow_statement_675c6584.xlsx	Monthly cash flow	visible	main	B5:P47	645	1	1	no	1	"(MOD(ROW(),2)<>0)*($B5=""Income"")"	yes	yes	n/a	yes	B1:R48	A1:XFD49
sheets/chartset-014/xlsx/027_Simple_personal_cash_flow_statement_675c6584.xlsx	Monthly cash flow	visible	main	B5:P47	645	0	2	no	1	"(MOD(ROW(),2)=0)*($B5=""Income"")"	yes	yes	n/a	yes	B1:R48	A1:XFD49
sheets/chartset-014/xlsx/038_Baby_growth_chart_bb9cd672.xlsx	Growth data	visible	main	F5:F24	20	9	1	no	1	ISERROR(F5)	yes	yes	n/a	yes	C2:J24	A1:K25
sheets/chartset-014/xlsx/039_Baby_growth_tracker_e295ae56.xlsx	Growth data	visible	main	F5:F24	20	12	1	no	1	ISERROR(F5)	yes	yes	n/a	yes	C2:J24	A1:XFD25
sheets/chartset-014/xlsx/076_Inventory_list_accessibility_guide_Use_this_template_f43dab19.xlsx	Inventory list	visible	main	B6:K16	110	1	2	yes	1	$K6=1	yes	yes	n/a	yes	B1:L16	A1:XFD99
sheets/chartset-014/xlsx/076_Inventory_list_accessibility_guide_Use_this_template_f43dab19.xlsx	Inventory pick list	visible	main	E6:E10	5	0	7	yes	1	D6>E6	yes	yes	n/a	yes	B2:I10	A1:XFD947
sheets/done-003/xlsx/VOR Candidate Discontinuance List 2026-01-08.xlsx	Discontinued VORs	visible	main	A201:D201	4	7	21	no	1	MOD(ROW(),2)=0	yes	yes	n/a	yes	A1:E217	A1:E217
sheets/done-003/xlsx/VOR Candidate Discontinuance List 2026-01-08.xlsx	Discontinued VORs	visible	main	A203:D203	4	6	19	no	1	MOD(ROW(),2)=0	yes	yes	n/a	yes	A1:E217	A1:E217
sheets/done-003/xlsx/VOR Candidate Discontinuance List 2026-01-08.xlsx	Discontinued VORs	visible	main	A5:E200	980	5	23	no	1	MOD(ROW(),2)=0	yes	yes	n/a	yes	A1:E217	A1:E217
sheets/done-003/xlsx/VOR Candidate Discontinuance List 2026-01-08.xlsx	Discontinued VORs	visible	main	A202:E202	5	4	20	no	1	MOD(ROW(),2)=0	yes	yes	n/a	yes	A1:E217	A1:E217
sheets/done-003/xlsx/VOR Candidate Discontinuance List 2026-01-08.xlsx	Discontinued VORs	visible	main	A204:E216	65	3	3	no	1	MOD(ROW(),2)=0	yes	yes	n/a	yes	A1:E217	A1:E217
sheets/done-003/xlsx/VOR Candidate Discontinuance List 2026-01-08.xlsx	Discontinued VORs	visible	main	A217:D217	4	2	2	no	1	MOD(ROW(),2)=0	yes	yes	n/a	yes	A1:E217	A1:E217
sheets/done-003/xlsx/VOR Candidate Discontinuance List 2026-01-08.xlsx	Discontinued VORs	visible	main	E217	1	1	1	no	1	MOD(ROW(),2)=0	yes	yes	n/a	yes	A1:E217	A1:E217
sheets/done-003/xlsx/VOR Candidate Discontinuance List 2026-01-08.xlsx	VOR Candidate Disc List	visible	main	A5:D93	356	0	1	no	1	MOD(ROW(),2)=0	yes	yes	n/a	yes	A1:D93	A1:D93
sheets/done-011/xlsx/Application_Compliance_Checklist_5_Apr_2021.xlsx	Application Requirements	veryHidden	main	A41:S46 A48:S347	5814	377	71	yes	1	"$G41=""N/A"""	yes	yes	n/a	yes	A1:S346	A1:XFD360
sheets/done-011/xlsx/Application_Compliance_Checklist_5_Apr_2021.xlsx	Application Requirements	veryHidden	main	A47:S47	19	364	6	yes	1	"$G47=""N/A"""	yes	yes	n/a	yes	A1:S346	A1:XFD360
sheets/done-011/xlsx/Application_Compliance_Checklist_5_Apr_2021.xlsx	App. Compliance Checklist	visible	main	A2:K1029	11308	356	6	yes	1	"$G2=""N/A"""	yes	yes	n/a	yes	A1:K1029	A1:XFD1033
sheets/done-011/xlsx/Application_Compliance_Checklist_5_Apr_2021.xlsx	460 Regulations	hidden	main	B3 E3	2	355	497	yes	1	"$F3=""N/A"""	yes	yes	n/a	yes	A1:E107	A1:E108
sheets/done-011/xlsx/Application_Compliance_Checklist_5_Apr_2021.xlsx	460 Regulations	hidden	main	C4:D4	2	354	21	yes	1	"$G4=""N/A"""	yes	yes	n/a	yes	A1:E107	A1:E108
sheets/done-011/xlsx/Application_Compliance_Checklist_5_Apr_2021.xlsx	460 Regulations	hidden	main	C6:D6	2	353	20	yes	1	"$G6=""N/A"""	yes	yes	n/a	yes	A1:E107	A1:E108
sheets/done-011/xlsx/Application_Compliance_Checklist_5_Apr_2021.xlsx	460 Regulations	hidden	main	E4	1	352	19	yes	1	"$G4=""N/A"""	yes	yes	n/a	yes	A1:E107	A1:E108
sheets/done-011/xlsx/Application_Compliance_Checklist_5_Apr_2021.xlsx	460 Regulations	hidden	main	E6	1	351	18	yes	1	"$G6=""N/A"""	yes	yes	n/a	yes	A1:E107	A1:E108
sheets/done-011/xlsx/Application_Compliance_Checklist_5_Apr_2021.xlsx	460 Regulations	hidden	main	C12:E12	3	350	17	yes	1	"$G12=""N/A"""	yes	yes	n/a	yes	A1:E107	A1:E108
sheets/done-011/xlsx/Application_Compliance_Checklist_5_Apr_2021.xlsx	460 Regulations	hidden	main	C32:E32	3	349	16	yes	1	"$G32=""N/A"""	yes	yes	n/a	yes	A1:E107	A1:E108
sheets/done-011/xlsx/Application_Compliance_Checklist_5_Apr_2021.xlsx	460 Regulations	hidden	main	C41:E41	3	348	15	yes	1	"$G41=""N/A"""	yes	yes	n/a	yes	A1:E107	A1:E108
sheets/done-011/xlsx/Application_Compliance_Checklist_5_Apr_2021.xlsx	460 Regulations	hidden	main	C45:E45	3	347	14	yes	1	"$G45=""N/A"""	yes	yes	n/a	yes	A1:E107	A1:E108
sheets/done-011/xlsx/Application_Compliance_Checklist_5_Apr_2021.xlsx	460 Regulations	hidden	main	C55:E55	3	346	13	yes	1	"$G55=""N/A"""	yes	yes	n/a	yes	A1:E107	A1:E108
sheets/done-011/xlsx/Application_Compliance_Checklist_5_Apr_2021.xlsx	460 Regulations	hidden	main	C57:E57	3	345	12	yes	1	"$G57=""N/A"""	yes	yes	n/a	yes	A1:E107	A1:E108
sheets/done-011/xlsx/Application_Compliance_Checklist_5_Apr_2021.xlsx	460 Regulations	hidden	main	C63:E63	3	344	11	yes	1	"$G63=""N/A"""	yes	yes	n/a	yes	A1:E107	A1:E108
sheets/done-011/xlsx/Application_Compliance_Checklist_5_Apr_2021.xlsx	460 Regulations	hidden	main	C65:E65	3	343	10	yes	1	"$G65=""N/A"""	yes	yes	n/a	yes	A1:E107	A1:E108
sheets/done-011/xlsx/Application_Compliance_Checklist_5_Apr_2021.xlsx	460 Regulations	hidden	main	B68 E68	2	342	9	yes	1	"$F68=""N/A"""	yes	yes	n/a	yes	A1:E107	A1:E108
sheets/done-011/xlsx/Application_Compliance_Checklist_5_Apr_2021.xlsx	460 Regulations	hidden	main	C69:E69	3	341	8	yes	1	"$G69=""N/A"""	yes	yes	n/a	yes	A1:E107	A1:E108
sheets/done-011/xlsx/Application_Compliance_Checklist_5_Apr_2021.xlsx	460 Regulations	hidden	main	C71:E71	3	340	7	yes	1	"$G71=""N/A"""	yes	yes	n/a	yes	A1:E107	A1:E108
sheets/done-011/xlsx/Application_Compliance_Checklist_5_Apr_2021.xlsx	460 Regulations	hidden	main	C76:E76	3	339	6	yes	1	"$G76=""N/A"""	yes	yes	n/a	yes	A1:E107	A1:E108
sheets/done-011/xlsx/Application_Compliance_Checklist_5_Apr_2021.xlsx	460 Regulations	hidden	main	C101:E101	3	338	5	yes	1	"$G101=""N/A"""	yes	yes	n/a	yes	A1:E107	A1:E108
sheets/done-011/xlsx/Application_Compliance_Checklist_5_Apr_2021.xlsx	460 Regulations	hidden	main	C102:E102	3	337	4	yes	1	"$G102=""N/A"""	yes	yes	n/a	yes	A1:E107	A1:E108
sheets/done-011/xlsx/Application_Compliance_Checklist_5_Apr_2021.xlsx	460 Regulations	hidden	main	C104:E104	3	336	3	yes	1	"$G104=""N/A"""	yes	yes	n/a	yes	A1:E107	A1:E108
sheets/done-011/xlsx/Application_Compliance_Checklist_5_Apr_2021.xlsx	460 Regulations	hidden	main	C106:E106	3	335	2	yes	1	"$G106=""N/A"""	yes	yes	n/a	yes	A1:E107	A1:E108
sheets/done-011/xlsx/Application_Compliance_Checklist_5_Apr_2021.xlsx	460 Regulations	hidden	main	C67:E67	3	334	1	yes	1	"$G67=""N/A"""	yes	yes	n/a	yes	A1:E107	A1:E108
sheets/done-011/xlsx/Application_Compliance_Checklist_5_Apr_2021.xlsx	Sample Compliance Document List	visible	main	A492:AA492 D443:I443 G444:H444 C444 F377:I377 A92:AA375 A376:D376 F376:AA376 E376:E377 A378:AA442 D445:I479 D480:D489 E480:I490	9766	9	7	yes	1	"$G92=""N/A"""	yes	yes	n/a	yes	A1:S491	A1:XFD505
sheets/done-011/xlsx/Application_Compliance_Checklist_5_Apr_2021.xlsx	Sample Compliance Document List	visible	main	G443:G444 D491 G446:G490 G377	49	5	414	yes	1	"$G376=""N/A"""	yes	yes	n/a	yes	A1:S491	A1:XFD505
sheets/done-011/xlsx/Application_Compliance_Checklist_5_Apr_2021.xlsx	Sample Compliance Document List	visible	main	A377:D377 J377:AA377 A443:C443 J443:AA443 J445:AA490 L444:AA444 A445:C491 A444:B444 D490 L491:AA491	1047	4	416	no	1	"#REF!=""N/A"""	yes	yes	n/a	yes	A1:S491	A1:XFD505
sheets/done-011/xlsx/Application_Compliance_Checklist_5_Apr_2021.xlsx	Sample Compliance Document List	visible	main	G445	1	3	441	yes	1	"$G443=""N/A"""	yes	yes	n/a	yes	A1:S491	A1:XFD505
sheets/done-011/xlsx/Application_Compliance_Checklist_5_Apr_2021.xlsx	Sample Compliance Document List	visible	main	I444:K444	3	2	3	yes	1	"$G444=""N/A"""	yes	yes	n/a	yes	A1:S491	A1:XFD505
sheets/done-011/xlsx/Application_Compliance_Checklist_5_Apr_2021.xlsx	Sample Compliance Document List	visible	main	J491	1	1	1	yes	1	"$G490=""N/A"""	yes	yes	n/a	yes	A1:S491	A1:XFD505
sheets/done-011/xlsx/Application_Compliance_Checklist_5_Apr_2021.xlsx	Sample Compliance Document List	visible	main	I491	1	0	2	no	1	"#REF!=""N/A"""	yes	yes	n/a	yes	A1:S491	A1:XFD505
sheets/done-015/xlsx/tk-syllabus-comparison-document-v5.xlsx	021-AGK	visible	main	M1:T1	8	673	1	yes	1	"H1=""x"""	yes	yes	n/a	yes	A1:W902	A1:XFD903
sheets/done-015/xlsx/tk-syllabus-comparison-document-v5.xlsx	022-AGK-Instrumentation	visible	main	M1:T1	8	624	1	yes	1	"H1=""x"""	yes	yes	n/a	yes	A1:W652	A1:XFD653
sheets/done-015/xlsx/tk-syllabus-comparison-document-v5.xlsx	031-Mass-and-Balance	visible	main	M1:T1	8	575	1	yes	1	"H1=""x"""	yes	yes	n/a	yes	A1:W147	A1:W148
sheets/done-016/xlsx/TK-Syllabus-Comparison-Document-v2.xlsx	010 Air Law	visible	main	B1:B1048576	1048576	412	10	yes	1	"I1=""x"""	yes	yes	n/a	yes	A1:U823	A1:XFD824
sheets/done-016/xlsx/TK-Syllabus-Comparison-Document-v2.xlsx	010 Air Law	visible	main	C1:C1048576	1048576	411	11	yes	1	"H1=""x"""	yes	yes	n/a	yes	A1:U823	A1:XFD824
sheets/done-016/xlsx/TK-Syllabus-Comparison-Document-v2.xlsx	010 Air Law	visible	main	C1:C1048576	1048576	410	12	yes	1	"I1=""x"""	yes	yes	n/a	yes	A1:U823	A1:XFD824
sheets/done-016/xlsx/TK-Syllabus-Comparison-Document-v2.xlsx	010 Air Law	visible	main	D1:D1048576	1048576	409	9	yes	1	"H1=""x"""	yes	yes	n/a	yes	A1:U823	A1:XFD824
sheets/done-016/xlsx/TK-Syllabus-Comparison-Document-v2.xlsx	010 Air Law	visible	main	F1:F1048576	1048576	408	8	yes	1	"H1=""x"""	yes	yes	n/a	yes	A1:U823	A1:XFD824
sheets/done-016/xlsx/TK-Syllabus-Comparison-Document-v2.xlsx	010 Air Law	visible	main	M1:M1048576	1048576	407	7	yes	1	"H1=""x"""	yes	yes	n/a	yes	A1:U823	A1:XFD824
sheets/done-016/xlsx/TK-Syllabus-Comparison-Document-v2.xlsx	010 Air Law	visible	main	N1:N1048576	1048576	406	6	yes	1	"H1=""x"""	yes	yes	n/a	yes	A1:U823	A1:XFD824
sheets/done-016/xlsx/TK-Syllabus-Comparison-Document-v2.xlsx	010 Air Law	visible	main	O1:O1048576	1048576	405	5	yes	1	"H1=""x"""	yes	yes	n/a	yes	A1:U823	A1:XFD824
sheets/done-016/xlsx/TK-Syllabus-Comparison-Document-v2.xlsx	010 Air Law	visible	main	P1:P1048576	1048576	404	4	yes	1	"H1=""x"""	yes	yes	n/a	yes	A1:U823	A1:XFD824
sheets/done-016/xlsx/TK-Syllabus-Comparison-Document-v2.xlsx	010 Air Law	visible	main	Q1:Q1048576	1048576	403	3	yes	1	"H1=""x"""	yes	yes	n/a	yes	A1:U823	A1:XFD824
sheets/done-016/xlsx/TK-Syllabus-Comparison-Document-v2.xlsx	010 Air Law	visible	main	R1:R1048576	1048576	402	2	yes	1	"H1=""x"""	yes	yes	n/a	yes	A1:U823	A1:XFD824
sheets/done-016/xlsx/TK-Syllabus-Comparison-Document-v2.xlsx	010 Air Law	visible	main	S1:S1048576	1048576	401	1	yes	1	"H1=""x"""	yes	yes	n/a	yes	A1:U823	A1:XFD824
sheets/done-016/xlsx/TK-Syllabus-Comparison-Document-v2.xlsx	010 Air Law	visible	main	U1:U1048576	1048576	400	88	yes	1	"I1=""x"""	yes	yes	n/a	yes	A1:U823	A1:XFD824
sheets/done-016/xlsx/TK-Syllabus-Comparison-Document-v2.xlsx	021 AGK Airframe, Systems...	visible	main	T1:T1048576	1048576	399	71	yes	1	"H1=""X"""	yes	yes	n/a	yes	A1:U1002	A1:XFD1003
sheets/done-016/xlsx/TK-Syllabus-Comparison-Document-v2.xlsx	021 AGK Airframe, Systems...	visible	main	H1:H852 H854:H856 H859:H908 H910:H914 H916:H918 H920:H928 H930:H933 H935:H939 H941:H1048576	1048567	398	70	yes	1	"H1=""X"""	yes	yes	n/a	yes	A1:U1002	A1:XFD1003
sheets/done-016/xlsx/TK-Syllabus-Comparison-Document-v2.xlsx	021 AGK Airframe, Systems...	visible	main	B1:B852 B854:B856 B859:B865 B868:B908 B910:B914 B916:B918 B920:B928 B930:B933 B935:B939 B941:B1048576	1048565	397	69	yes	1	"I1=""x"""	yes	yes	n/a	yes	A1:U1002	A1:XFD1003
sheets/done-016/xlsx/TK-Syllabus-Comparison-Document-v2.xlsx	021 AGK Airframe, Systems...	visible	main	C1:C852 C854:C856 C859:C865 C867:C908 C910:C914 C916:C918 C920:C928 C930:C933 C935:C939 C941:C1048576	1048566	396	67	yes	1	"H1=""x"""	yes	yes	n/a	yes	A1:U1002	A1:XFD1003
sheets/done-016/xlsx/TK-Syllabus-Comparison-Document-v2.xlsx	021 AGK Airframe, Systems...	visible	main	C1:C852 C854:C856 C859:C865 C867:C908 C910:C914 C916:C918 C920:C928 C930:C933 C935:C939 C941:C1048576	1048566	395	68	yes	1	"I1=""x"""	yes	yes	n/a	yes	A1:U1002	A1:XFD1003
sheets/done-016/xlsx/TK-Syllabus-Comparison-Document-v2.xlsx	021 AGK Airframe, Systems...	visible	main	D1:D852 D854:D856 D859:D865 D867:D908 D910:D914 D916:D918 D920:D928 D930:D933 D935:D939 D941:D1048576	1048566	394	66	yes	1	"H1=""x"""	yes	yes	n/a	yes	A1:U1002	A1:XFD1003
sheets/done-016/xlsx/TK-Syllabus-Comparison-Document-v2.xlsx	021 AGK Airframe, Systems...	visible	main	F1:F852 F854:F856 F859:F908 F910:F914 F916:F918 F920:F928 F930:F933 F935:F939 F941:F1048576	1048567	393	65	yes	1	"H1=""x"""	yes	yes	n/a	yes	A1:U1002	A1:XFD1003
sheets/done-016/xlsx/TK-Syllabus-Comparison-Document-v2.xlsx	021 AGK Airframe, Systems...	visible	main	M1:M1048576	1048576	392	64	yes	1	"H1=""x"""	yes	yes	n/a	yes	A1:U1002	A1:XFD1003
sheets/done-016/xlsx/TK-Syllabus-Comparison-Document-v2.xlsx	021 AGK Airframe, Systems...	visible	main	N1:N42 N44:N1048576	1048575	391	63	yes	1	"H1=""x"""	yes	yes	n/a	yes	A1:U1002	A1:XFD1003
sheets/done-016/xlsx/TK-Syllabus-Comparison-Document-v2.xlsx	021 AGK Airframe, Systems...	visible	main	O1:O42 O44:O1048576	1048575	390	62	yes	1	"H1=""x"""	yes	yes	n/a	yes	A1:U1002	A1:XFD1003
sheets/done-016/xlsx/TK-Syllabus-Comparison-Document-v2.xlsx	021 AGK Airframe, Systems...	visible	main	P1:P42 P44:P1048576	1048575	389	61	yes	1	"H1=""x"""	yes	yes	n/a	yes	A1:U1002	A1:XFD1003
sheets/done-016/xlsx/TK-Syllabus-Comparison-Document-v2.xlsx	021 AGK Airframe, Systems...	visible	main	Q1:Q42 Q44:Q1048576	1048575	388	60	yes	1	"H1=""x"""	yes	yes	n/a	yes	A1:U1002	A1:XFD1003
sheets/done-016/xlsx/TK-Syllabus-Comparison-Document-v2.xlsx	021 AGK Airframe, Systems...	visible	main	R1:R1048576 U1:U1048576	2097152	387	59	yes	1	"H1=""x"""	yes	yes	n/a	yes	A1:U1002	A1:XFD1003
sheets/done-016/xlsx/TK-Syllabus-Comparison-Document-v2.xlsx	021 AGK Airframe, Systems...	visible	main	S1:S1048576	1048576	386	58	yes	1	"H1=""x"""	yes	yes	n/a	yes	A1:U1002	A1:XFD1003
sheets/done-016/xlsx/TK-Syllabus-Comparison-Document-v2.xlsx	021 AGK Airframe, Systems...	visible	main	H853	1	385	57	yes	1	"H853=""X"""	yes	yes	n/a	yes	A1:U1002	A1:XFD1003
sheets/done-016/xlsx/TK-Syllabus-Comparison-Document-v2.xlsx	021 AGK Airframe, Systems...	visible	main	B853	1	384	56	yes	1	"I853=""x"""	yes	yes	n/a	yes	A1:U1002	A1:XFD1003
sheets/done-016/xlsx/TK-Syllabus-Comparison-Document-v2.xlsx	021 AGK Airframe, Systems...	visible	main	C853	1	383	54	yes	1	"H853=""x"""	yes	yes	n/a	yes	A1:U1002	A1:XFD1003
sheets/done-016/xlsx/TK-Syllabus-Comparison-Document-v2.xlsx	021 AGK Airframe, Systems...	visible	main	C853	1	382	55	yes	1	"I853=""x"""	yes	yes	n/a	yes	A1:U1002	A1:XFD1003
sheets/done-016/xlsx/TK-Syllabus-Comparison-Document-v2.xlsx	021 AGK Airframe, Systems...	visible	main	D853	1	381	53	yes	1	"H853=""x"""	yes	yes	n/a	yes	A1:U1002	A1:XFD1003
sheets/done-016/xlsx/TK-Syllabus-Comparison-Document-v2.xlsx	021 AGK Airframe, Systems...	visible	main	F853	1	380	52	yes	1	"H853=""x"""	yes	yes	n/a	yes	A1:U1002	A1:XFD1003
sheets/done-016/xlsx/TK-Syllabus-Comparison-Document-v2.xlsx	021 AGK Airframe, Systems...	visible	main	H857:H858	2	379	51	yes	1	"H857=""X"""	yes	yes	n/a	yes	A1:U1002	A1:XFD1003
sheets/done-016/xlsx/TK-Syllabus-Comparison-Document-v2.xlsx	021 AGK Airframe, Systems...	visible	main	B857:B858	2	378	50	yes	1	"I857=""x"""	yes	yes	n/a	yes	A1:U1002	A1:XFD1003
sheets/done-016/xlsx/TK-Syllabus-Comparison-Document-v2.xlsx	021 AGK Airframe, Systems...	visible	main	C857:C858	2	377	48	yes	1	"H857=""x"""	yes	yes	n/a	yes	A1:U1002	A1:XFD1003
sheets/done-016/xlsx/TK-Syllabus-Comparison-Document-v2.xlsx	021 AGK Airframe, Systems...	visible	main	C857:C858	2	376	49	yes	1	"I857=""x"""	yes	yes	n/a	yes	A1:U1002	A1:XFD1003
sheets/done-016/xlsx/TK-Syllabus-Comparison-Document-v2.xlsx	021 AGK Airframe, Systems...	visible	main	D857:D858	2	375	47	yes	1	"H857=""x"""	yes	yes	n/a	yes	A1:U1002	A1:XFD1003
sheets/done-016/xlsx/TK-Syllabus-Comparison-Document-v2.xlsx	021 AGK Airframe, Systems...	visible	main	F857:F858	2	374	46	yes	1	"H857=""x"""	yes	yes	n/a	yes	A1:U1002	A1:XFD1003
sheets/done-016/xlsx/TK-Syllabus-Comparison-Document-v2.xlsx	021 AGK Airframe, Systems...	visible	main	B866	1	373	72	yes	1	"I867=""x"""	yes	yes	n/a	yes	A1:U1002	A1:XFD1003
sheets/done-016/xlsx/TK-Syllabus-Comparison-Document-v2.xlsx	021 AGK Airframe, Systems...	visible	main	B867	1	372	45	yes	1	"I868=""x"""	yes	yes	n/a	yes	A1:U1002	A1:XFD1003
sheets/done-016/xlsx/TK-Syllabus-Comparison-Document-v2.xlsx	021 AGK Airframe, Systems...	visible	main	C866	1	371	43	yes	1	"H866=""x"""	yes	yes	n/a	yes	A1:U1002	A1:XFD1003
sheets/done-016/xlsx/TK-Syllabus-Comparison-Document-v2.xlsx	021 AGK Airframe, Systems...	visible	main	C866	1	370	44	yes	1	"I866=""x"""	yes	yes	n/a	yes	A1:U1002	A1:XFD1003
sheets/done-016/xlsx/TK-Syllabus-Comparison-Document-v2.xlsx	021 AGK Airframe, Systems...	visible	main	D866	1	369	42	yes	1	"H866=""x"""	yes	yes	n/a	yes	A1:U1002	A1:XFD1003
sheets/done-016/xlsx/TK-Syllabus-Comparison-Document-v2.xlsx	021 AGK Airframe, Systems...	visible	main	H909	1	368	41	yes	1	"H909=""X"""	yes	yes	n/a	yes	A1:U1002	A1:XFD1003
sheets/done-016/xlsx/TK-Syllabus-Comparison-Document-v2.xlsx	021 AGK Airframe, Systems...	visible	main	C909	1	367	39	yes	1	"H909=""x"""	yes	yes	n/a	yes	A1:U1002	A1:XFD1003
sheets/done-016/xlsx/TK-Syllabus-Comparison-Document-v2.xlsx	021 AGK Airframe, Systems...	visible	main	C909	1	366	40	yes	1	"I909=""x"""	yes	yes	n/a	yes	A1:U1002	A1:XFD1003
sheets/done-016/xlsx/TK-Syllabus-Comparison-Document-v2.xlsx	021 AGK Airframe, Systems...	visible	main	D909	1	365	38	yes	1	"H909=""x"""	yes	yes	n/a	yes	A1:U1002	A1:XFD1003
sheets/done-016/xlsx/TK-Syllabus-Comparison-Document-v2.xlsx	021 AGK Airframe, Systems...	visible	main	F909	1	364	37	yes	1	"H909=""x"""	yes	yes	n/a	yes	A1:U1002	A1:XFD1003
sheets/done-016/xlsx/TK-Syllabus-Comparison-Document-v2.xlsx	021 AGK Airframe, Systems...	visible	main	B909	1	363	36	yes	1	"I910=""x"""	yes	yes	n/a	yes	A1:U1002	A1:XFD1003
sheets/done-016/xlsx/TK-Syllabus-Comparison-Document-v2.xlsx	021 AGK Airframe, Systems...	visible	main	H915	1	362	35	yes	1	"H915=""X"""	yes	yes	n/a	yes	A1:U1002	A1:XFD1003
sheets/done-016/xlsx/TK-Syllabus-Comparison-Document-v2.xlsx	021 AGK Airframe, Systems...	visible	main	C915	1	361	33	yes	1	"H915=""x"""	yes	yes	n/a	yes	A1:U1002	A1:XFD1003
sheets/done-016/xlsx/TK-Syllabus-Comparison-Document-v2.xlsx	021 AGK Airframe, Systems...	visible	main	C915	1	360	34	yes	1	"I915=""x"""	yes	yes	n/a	yes	A1:U1002	A1:XFD1003
sheets/done-016/xlsx/TK-Syllabus-Comparison-Document-v2.xlsx	021 AGK Airframe, Systems...	visible	main	D915	1	359	32	yes	1	"H915=""x"""	yes	yes	n/a	yes	A1:U1002	A1:XFD1003
sheets/done-016/xlsx/TK-Syllabus-Comparison-Document-v2.xlsx	021 AGK Airframe, Systems...	visible	main	F915	1	358	31	yes	1	"H915=""x"""	yes	yes	n/a	yes	A1:U1002	A1:XFD1003
sheets/done-016/xlsx/TK-Syllabus-Comparison-Document-v2.xlsx	021 AGK Airframe, Systems...	visible	main	B915	1	357	30	yes	1	"I916=""x"""	yes	yes	n/a	yes	A1:U1002	A1:XFD1003
sheets/done-016/xlsx/TK-Syllabus-Comparison-Document-v2.xlsx	021 AGK Airframe, Systems...	visible	main	H919	1	356	29	yes	1	"H919=""X"""	yes	yes	n/a	yes	A1:U1002	A1:XFD1003
sheets/done-016/xlsx/TK-Syllabus-Comparison-Document-v2.xlsx	021 AGK Airframe, Systems...	visible	main	C919	1	355	27	yes	1	"H919=""x"""	yes	yes	n/a	yes	A1:U1002	A1:XFD1003
sheets/done-016/xlsx/TK-Syllabus-Comparison-Document-v2.xlsx	021 AGK Airframe, Systems...	visible	main	C919	1	354	28	yes	1	"I919=""x"""	yes	yes	n/a	yes	A1:U1002	A1:XFD1003
sheets/done-016/xlsx/TK-Syllabus-Comparison-Document-v2.xlsx	021 AGK Airframe, Systems...	visible	main	D919	1	353	26	yes	1	"H919=""x"""	yes	yes	n/a	yes	A1:U1002	A1:XFD1003
sheets/done-016/xlsx/TK-Syllabus-Comparison-Document-v2.xlsx	021 AGK Airframe, Systems...	visible	main	F919	1	352	25	yes	1	"H919=""x"""	yes	yes	n/a	yes	A1:U1002	A1:XFD1003
sheets/done-016/xlsx/TK-Syllabus-Comparison-Document-v2.xlsx	021 AGK Airframe, Systems...	visible	main	B919	1	351	24	yes	1	"I920=""x"""	yes	yes	n/a	yes	A1:U1002	A1:XFD1003
sheets/done-016/xlsx/TK-Syllabus-Comparison-Document-v2.xlsx	021 AGK Airframe, Systems...	visible	main	H929	1	350	23	yes	1	"H929=""X"""	yes	yes	n/a	yes	A1:U1002	A1:XFD1003
sheets/done-016/xlsx/TK-Syllabus-Comparison-Document-v2.xlsx	021 AGK Airframe, Systems...	visible	main	C929	1	349	21	yes	1	"H929=""x"""	yes	yes	n/a	yes	A1:U1002	A1:XFD1003
sheets/done-016/xlsx/TK-Syllabus-Comparison-Document-v2.xlsx	021 AGK Airframe, Systems...	visible	main	C929	1	348	22	yes	1	"I929=""x"""	yes	yes	n/a	yes	A1:U1002	A1:XFD1003
sheets/done-016/xlsx/TK-Syllabus-Comparison-Document-v2.xlsx	021 AGK Airframe, Systems...	visible	main	D929	1	347	20	yes	1	"H929=""x"""	yes	yes	n/a	yes	A1:U1002	A1:XFD1003
sheets/done-016/xlsx/TK-Syllabus-Comparison-Document-v2.xlsx	021 AGK Airframe, Systems...	visible	main	F929	1	346	19	yes	1	"H929=""x"""	yes	yes	n/a	yes	A1:U1002	A1:XFD1003
sheets/done-016/xlsx/TK-Syllabus-Comparison-Document-v2.xlsx	021 AGK Airframe, Systems...	visible	main	B929	1	345	18	yes	1	"I930=""x"""	yes	yes	n/a	yes	A1:U1002	A1:XFD1003
sheets/done-016/xlsx/TK-Syllabus-Comparison-Document-v2.xlsx	021 AGK Airframe, Systems...	visible	main	H934	1	344	17	yes	1	"H934=""X"""	yes	yes	n/a	yes	A1:U1002	A1:XFD1003
sheets/done-016/xlsx/TK-Syllabus-Comparison-Document-v2.xlsx	021 AGK Airframe, Systems...	visible	main	C934	1	343	15	yes	1	"H934=""x"""	yes	yes	n/a	yes	A1:U1002	A1:XFD1003
sheets/done-016/xlsx/TK-Syllabus-Comparison-Document-v2.xlsx	021 AGK Airframe, Systems...	visible	main	C934	1	342	16	yes	1	"I934=""x"""	yes	yes	n/a	yes	A1:U1002	A1:XFD1003
sheets/done-016/xlsx/TK-Syllabus-Comparison-Document-v2.xlsx	021 AGK Airframe, Systems...	visible	main	D934	1	341	14	yes	1	"H934=""x"""	yes	yes	n/a	yes	A1:U1002	A1:XFD1003
sheets/done-016/xlsx/TK-Syllabus-Comparison-Document-v2.xlsx	021 AGK Airframe, Systems...	visible	main	F934	1	340	13	yes	1	"H934=""x"""	yes	yes	n/a	yes	A1:U1002	A1:XFD1003
sheets/done-016/xlsx/TK-Syllabus-Comparison-Document-v2.xlsx	021 AGK Airframe, Systems...	visible	main	B934	1	339	12	yes	1	"I935=""x"""	yes	yes	n/a	yes	A1:U1002	A1:XFD1003
sheets/done-016/xlsx/TK-Syllabus-Comparison-Document-v2.xlsx	021 AGK Airframe, Systems...	visible	main	H940	1	338	11	yes	1	"H940=""X"""	yes	yes	n/a	yes	A1:U1002	A1:XFD1003
sheets/done-016/xlsx/TK-Syllabus-Comparison-Document-v2.xlsx	021 AGK Airframe, Systems...	visible	main	C940	1	337	9	yes	1	"H940=""x"""	yes	yes	n/a	yes	A1:U1002	A1:XFD1003
sheets/done-016/xlsx/TK-Syllabus-Comparison-Document-v2.xlsx	021 AGK Airframe, Systems...	visible	main	C940	1	336	10	yes	1	"I940=""x"""	yes	yes	n/a	yes	A1:U1002	A1:XFD1003
sheets/done-016/xlsx/TK-Syllabus-Comparison-Document-v2.xlsx	021 AGK Airframe, Systems...	visible	main	D940	1	335	8	yes	1	"H940=""x"""	yes	yes	n/a	yes	A1:U1002	A1:XFD1003
sheets/done-016/xlsx/TK-Syllabus-Comparison-Document-v2.xlsx	021 AGK Airframe, Systems...	visible	main	F940	1	334	7	yes	1	"H940=""x"""	yes	yes	n/a	yes	A1:U1002	A1:XFD1003
sheets/done-016/xlsx/TK-Syllabus-Comparison-Document-v2.xlsx	021 AGK Airframe, Systems...	visible	main	B940	1	333	6	yes	1	"I941=""x"""	yes	yes	n/a	yes	A1:U1002	A1:XFD1003
sheets/done-016/xlsx/TK-Syllabus-Comparison-Document-v2.xlsx	021 AGK Airframe, Systems...	visible	main	N43	1	332	5	yes	1	"H43=""x"""	yes	yes	n/a	yes	A1:U1002	A1:XFD1003
sheets/done-016/xlsx/TK-Syllabus-Comparison-Document-v2.xlsx	021 AGK Airframe, Systems...	visible	main	O43	1	331	4	yes	1	"H43=""x"""	yes	yes	n/a	yes	A1:U1002	A1:XFD1003
sheets/done-016/xlsx/TK-Syllabus-Comparison-Document-v2.xlsx	021 AGK Airframe, Systems...	visible	main	P43	1	330	3	yes	1	"H43=""x"""	yes	yes	n/a	yes	A1:U1002	A1:XFD1003
sheets/done-016/xlsx/TK-Syllabus-Comparison-Document-v2.xlsx	021 AGK Airframe, Systems...	visible	main	Q43	1	329	2	yes	1	"H43=""x"""	yes	yes	n/a	yes	A1:U1002	A1:XFD1003
sheets/done-016/xlsx/TK-Syllabus-Comparison-Document-v2.xlsx	022 AGK Instrumentation	visible	main	B1:B61 B63:B1048576	1048575	328	12	yes	1	"I1=""x"""	yes	yes	n/a	yes	A1:U805	A1:U807
sheets/done-016/xlsx/TK-Syllabus-Comparison-Document-v2.xlsx	022 AGK Instrumentation	visible	main	C1:C61 C63:C1048576	1048575	327	7	yes	1	"H1=""x"""	yes	yes	n/a	yes	A1:U805	A1:U807
sheets/done-016/xlsx/TK-Syllabus-Comparison-Document-v2.xlsx	022 AGK Instrumentation	visible	main	C1:C61 C63:C1048576	1048575	326	10	yes	1	"I1=""x"""	yes	yes	n/a	yes	A1:U805	A1:U807
sheets/done-016/xlsx/TK-Syllabus-Comparison-Document-v2.xlsx	022 AGK Instrumentation	visible	main	D1:D1048576	1048576	325	11	yes	1	"H1=""x"""	yes	yes	n/a	yes	A1:U805	A1:U807
sheets/done-016/xlsx/TK-Syllabus-Comparison-Document-v2.xlsx	022 AGK Instrumentation	visible	main	F1:F1048576	1048576	324	13	yes	1	"H1=""x"""	yes	yes	n/a	yes	A1:U805	A1:U807
sheets/done-016/xlsx/TK-Syllabus-Comparison-Document-v2.xlsx	022 AGK Instrumentation	visible	main	M1:M1048576	1048576	323	14	yes	1	"H1=""x"""	yes	yes	n/a	yes	A1:U805	A1:U807
sheets/done-016/xlsx/TK-Syllabus-Comparison-Document-v2.xlsx	022 AGK Instrumentation	visible	main	N1:N1048576	1048576	322	15	yes	1	"H1=""x"""	yes	yes	n/a	yes	A1:U805	A1:U807
sheets/done-016/xlsx/TK-Syllabus-Comparison-Document-v2.xlsx	022 AGK Instrumentation	visible	main	O1:O1048576	1048576	321	9	yes	1	"H1=""x"""	yes	yes	n/a	yes	A1:U805	A1:U807
sheets/done-016/xlsx/TK-Syllabus-Comparison-Document-v2.xlsx	022 AGK Instrumentation	visible	main	P1:P1048576	1048576	320	8	yes	1	"H1=""x"""	yes	yes	n/a	yes	A1:U805	A1:U807
sheets/done-016/xlsx/TK-Syllabus-Comparison-Document-v2.xlsx	022 AGK Instrumentation	visible	main	Q1:Q1048576	1048576	319	16	yes	1	"H1=""x"""	yes	yes	n/a	yes	A1:U805	A1:U807
sheets/done-016/xlsx/TK-Syllabus-Comparison-Document-v2.xlsx	022 AGK Instrumentation	visible	main	R1:R1048576	1048576	318	6	yes	1	"H1=""x"""	yes	yes	n/a	yes	A1:U805	A1:U807
sheets/done-016/xlsx/TK-Syllabus-Comparison-Document-v2.xlsx	022 AGK Instrumentation	visible	main	S1:S1048576	1048576	317	5	yes	1	"H1=""x"""	yes	yes	n/a	yes	A1:U805	A1:U807
sheets/done-016/xlsx/TK-Syllabus-Comparison-Document-v2.xlsx	022 AGK Instrumentation	visible	main	H108	1	316	4	yes	1	"J108=""x"""	yes	yes	n/a	yes	A1:U805	A1:U807
sheets/done-016/xlsx/TK-Syllabus-Comparison-Document-v2.xlsx	022 AGK Instrumentation	visible	main	B62	1	315	3	yes	1	"I62=""x"""	yes	yes	n/a	yes	A1:U805	A1:U807
sheets/done-016/xlsx/TK-Syllabus-Comparison-Document-v2.xlsx	022 AGK Instrumentation	visible	main	C62	1	314	1	yes	1	"H62=""x"""	yes	yes	n/a	yes	A1:U805	A1:U807
sheets/done-016/xlsx/TK-Syllabus-Comparison-Document-v2.xlsx	022 AGK Instrumentation	visible	main	C62	1	313	2	yes	1	"I62=""x"""	yes	yes	n/a	yes	A1:U805	A1:U807
sheets/done-016/xlsx/TK-Syllabus-Comparison-Document-v2.xlsx	022 AGK Instrumentation	visible	main	U1:U1048576	1048576	312	90	yes	1	"I1=""x"""	yes	yes	n/a	yes	A1:U805	A1:U807
sheets/done-016/xlsx/TK-Syllabus-Comparison-Document-v2.xlsx	031-Mass-&-Balance-final	visible	main	B1:B1048576	1048576	311	12	yes	1	"I1=""x"""	yes	yes	n/a	yes	A1:U160	A1:U160
sheets/done-016/xlsx/TK-Syllabus-Comparison-Document-v2.xlsx	031-Mass-&-Balance-final	visible	main	C1:C1048576	1048576	310	10	yes	1	"H1=""x"""	yes	yes	n/a	yes	A1:U160	A1:U160
sheets/done-016/xlsx/TK-Syllabus-Comparison-Document-v2.xlsx	031-Mass-&-Balance-final	visible	main	C1:C1048576	1048576	309	11	yes	1	"I1=""x"""	yes	yes	n/a	yes	A1:U160	A1:U160
sheets/done-016/xlsx/TK-Syllabus-Comparison-Document-v2.xlsx	031-Mass-&-Balance-final	visible	main	D1:D1048576	1048576	308	9	yes	1	"H1=""x"""	yes	yes	n/a	yes	A1:U160	A1:U160
sheets/done-016/xlsx/TK-Syllabus-Comparison-Document-v2.xlsx	031-Mass-&-Balance-final	visible	main	F1:F1048576	1048576	307	8	yes	1	"H1=""x"""	yes	yes	n/a	yes	A1:U160	A1:U160
sheets/done-016/xlsx/TK-Syllabus-Comparison-Document-v2.xlsx	031-Mass-&-Balance-final	visible	main	M1:M1048576	1048576	306	7	yes	1	"H1=""x"""	yes	yes	n/a	yes	A1:U160	A1:U160
sheets/done-016/xlsx/TK-Syllabus-Comparison-Document-v2.xlsx	031-Mass-&-Balance-final	visible	main	N1:N1048576	1048576	305	6	yes	1	"H1=""x"""	yes	yes	n/a	yes	A1:U160	A1:U160
sheets/done-016/xlsx/TK-Syllabus-Comparison-Document-v2.xlsx	031-Mass-&-Balance-final	visible	main	O1:O1048576	1048576	304	5	yes	1	"H1=""x"""	yes	yes	n/a	yes	A1:U160	A1:U160
sheets/done-016/xlsx/TK-Syllabus-Comparison-Document-v2.xlsx	031-Mass-&-Balance-final	visible	main	P1:P1048576	1048576	303	4	yes	1	"H1=""x"""	yes	yes	n/a	yes	A1:U160	A1:U160
sheets/done-016/xlsx/TK-Syllabus-Comparison-Document-v2.xlsx	031-Mass-&-Balance-final	visible	main	Q1:Q1048576	1048576	302	3	yes	1	"H1=""x"""	yes	yes	n/a	yes	A1:U160	A1:U160
sheets/done-016/xlsx/TK-Syllabus-Comparison-Document-v2.xlsx	031-Mass-&-Balance-final	visible	main	R1:R1048576	1048576	301	2	yes	1	"H1=""x"""	yes	yes	n/a	yes	A1:U160	A1:U160
sheets/done-016/xlsx/TK-Syllabus-Comparison-Document-v2.xlsx	031-Mass-&-Balance-final	visible	main	S1:S1048576	1048576	300	1	yes	1	"H1=""x"""	yes	yes	n/a	yes	A1:U160	A1:U160
sheets/done-016/xlsx/TK-Syllabus-Comparison-Document-v2.xlsx	031-Mass-&-Balance-final	visible	main	U1:U1048576	1048576	299	92	yes	1	"I1=""x"""	yes	yes	n/a	yes	A1:U160	A1:U160
sheets/done-016/xlsx/TK-Syllabus-Comparison-Document-v2.xlsx	032-Performance-(A)	visible	main	B2:B1048576	1048575	298	1	yes	1	"I2=""x"""	yes	yes	n/a	yes	A1:U462	A1:U462
sheets/done-016/xlsx/TK-Syllabus-Comparison-Document-v2.xlsx	032-Performance-(A)	visible	main	C2:C1048576	1048575	297	2	yes	1	"H2=""x"""	yes	yes	n/a	yes	A1:U462	A1:U462
sheets/done-016/xlsx/TK-Syllabus-Comparison-Document-v2.xlsx	032-Performance-(A)	visible	main	C2:C1048576	1048575	296	3	yes	1	"I2=""x"""	yes	yes	n/a	yes	A1:U462	A1:U462
sheets/done-016/xlsx/TK-Syllabus-Comparison-Document-v2.xlsx	032-Performance-(A)	visible	main	D2:D1048576	1048575	295	4	yes	1	"H2=""x"""	yes	yes	n/a	yes	A1:U462	A1:U462
sheets/done-016/xlsx/TK-Syllabus-Comparison-Document-v2.xlsx	032-Performance-(A)	visible	main	F2:F1048576	1048575	294	5	yes	1	"H2=""x"""	yes	yes	n/a	yes	A1:U462	A1:U462
sheets/done-016/xlsx/TK-Syllabus-Comparison-Document-v2.xlsx	032-Performance-(A)	visible	main	M2:M1048576	1048575	293	6	yes	1	"H2=""x"""	yes	yes	n/a	yes	A1:U462	A1:U462
sheets/done-016/xlsx/TK-Syllabus-Comparison-Document-v2.xlsx	032-Performance-(A)	visible	main	N2:N1048576	1048575	292	7	yes	1	"H2=""x"""	yes	yes	n/a	yes	A1:U462	A1:U462
sheets/done-016/xlsx/TK-Syllabus-Comparison-Document-v2.xlsx	033-Flight-Plng-&-Monit.	visible	main	B1:B110 B112:B114 B116:B119 B121:B233 B235:B1048576	1048572	291	80	yes	1	"I1=""x"""	yes	yes	n/a	yes	A1:U234	A1:U234
sheets/done-016/xlsx/TK-Syllabus-Comparison-Document-v2.xlsx	033-Flight-Plng-&-Monit.	visible	main	C1:C110 C112:C114 C116:C119 C121:C233 C235:C1048576	1048572	290	78	yes	1	"H1=""x"""	yes	yes	n/a	yes	A1:U234	A1:U234
sheets/done-016/xlsx/TK-Syllabus-Comparison-Document-v2.xlsx	033-Flight-Plng-&-Monit.	visible	main	C1:C110 C112:C114 C116:C119 C121:C233 C235:C1048576	1048572	289	79	yes	1	"I1=""x"""	yes	yes	n/a	yes	A1:U234	A1:U234
sheets/done-016/xlsx/TK-Syllabus-Comparison-Document-v2.xlsx	033-Flight-Plng-&-Monit.	visible	main	D1:D110 D116:D119 D112:D114 D121:D233 D235:D1048576	1048572	288	77	yes	1	"H1=""x"""	yes	yes	n/a	yes	A1:U234	A1:U234
sheets/done-016/xlsx/TK-Syllabus-Comparison-Document-v2.xlsx	033-Flight-Plng-&-Monit.	visible	main	F112:F114 F116:F119 F121:F233 F235:F1048576 F1:F110	1048572	287	76	yes	1	"H1=""x"""	yes	yes	n/a	yes	A1:U234	A1:U234
sheets/done-016/xlsx/TK-Syllabus-Comparison-Document-v2.xlsx	033-Flight-Plng-&-Monit.	visible	main	M1:M106 M112:M114 M116:M119 M121:M233 M235:M1048576	1048568	286	75	yes	1	"H1=""x"""	yes	yes	n/a	yes	A1:U234	A1:U234
sheets/done-016/xlsx/TK-Syllabus-Comparison-Document-v2.xlsx	033-Flight-Plng-&-Monit.	visible	main	N1:N106 N112:N114 N116:N119 N121:N185 N187:N189 N191:N233 N235:N1048576	1048566	285	74	yes	1	"H1=""x"""	yes	yes	n/a	yes	A1:U234	A1:U234
sheets/done-016/xlsx/TK-Syllabus-Comparison-Document-v2.xlsx	033-Flight-Plng-&-Monit.	visible	main	O1:O104 O106:O110 O112:O113 O116:O117 O121:O233 O235:O1048576	1048568	284	73	yes	1	"H1=""x"""	yes	yes	n/a	yes	A1:U234	A1:U234
sheets/done-016/xlsx/TK-Syllabus-Comparison-Document-v2.xlsx	033-Flight-Plng-&-Monit.	visible	main	P1:P104 P106:P107 P109:P110 P112:P113 P116:P117 P119 P121:P233 P235:P1048576	1048568	283	72	yes	1	"H1=""x"""	yes	yes	n/a	yes	A1:U234	A1:U234
sheets/done-016/xlsx/TK-Syllabus-Comparison-Document-v2.xlsx	033-Flight-Plng-&-Monit.	visible	main	Q1:Q104 Q106:Q107 Q109:Q110 Q112:Q113 Q116:Q117 Q121:Q185 Q119 Q187:Q189 Q191:Q233 Q235:Q1048576	1048566	282	71	yes	1	"H1=""x"""	yes	yes	n/a	yes	A1:U234	A1:U234
sheets/done-016/xlsx/TK-Syllabus-Comparison-Document-v2.xlsx	033-Flight-Plng-&-Monit.	visible	main	R1:R110 R112:R114 R116:R119 R121:R233 R235:R1048576	1048572	281	70	yes	1	"H1=""x"""	yes	yes	n/a	yes	A1:U234	A1:U234
sheets/done-016/xlsx/TK-Syllabus-Comparison-Document-v2.xlsx	033-Flight-Plng-&-Monit.	visible	main	S1:S1048576	1048576	280	69	yes	1	"H1=""x"""	yes	yes	n/a	yes	A1:U234	A1:U234
sheets/done-016/xlsx/TK-Syllabus-Comparison-Document-v2.xlsx	033-Flight-Plng-&-Monit.	visible	main	B234	1	279	68	yes	1	"I234=""x"""	yes	yes	n/a	yes	A1:U234	A1:U234
sheets/done-016/xlsx/TK-Syllabus-Comparison-Document-v2.xlsx	033-Flight-Plng-&-Monit.	visible	main	C234	1	278	66	yes	1	"H234=""x"""	yes	yes	n/a	yes	A1:U234	A1:U234
sheets/done-016/xlsx/TK-Syllabus-Comparison-Document-v2.xlsx	033-Flight-Plng-&-Monit.	visible	main	C234	1	277	67	yes	1	"I234=""x"""	yes	yes	n/a	yes	A1:U234	A1:U234
sheets/done-016/xlsx/TK-Syllabus-Comparison-Document-v2.xlsx	033-Flight-Plng-&-Monit.	visible	main	D234	1	276	65	yes	1	"H234=""x"""	yes	yes	n/a	yes	A1:U234	A1:U234
sheets/done-016/xlsx/TK-Syllabus-Comparison-Document-v2.xlsx	033-Flight-Plng-&-Monit.	visible	main	F234	1	275	64	yes	1	"H234=""x"""	yes	yes	n/a	yes	A1:U234	A1:U234
sheets/done-016/xlsx/TK-Syllabus-Comparison-Document-v2.xlsx	033-Flight-Plng-&-Monit.	visible	main	M234	1	274	63	yes	1	"H234=""x"""	yes	yes	n/a	yes	A1:U234	A1:U234
sheets/done-016/xlsx/TK-Syllabus-Comparison-Document-v2.xlsx	033-Flight-Plng-&-Monit.	visible	main	N234	1	273	62	yes	1	"H234=""x"""	yes	yes	n/a	yes	A1:U234	A1:U234
sheets/done-016/xlsx/TK-Syllabus-Comparison-Document-v2.xlsx	033-Flight-Plng-&-Monit.	visible	main	O234	1	272	61	yes	1	"H234=""x"""	yes	yes	n/a	yes	A1:U234	A1:U234
sheets/done-016/xlsx/TK-Syllabus-Comparison-Document-v2.xlsx	033-Flight-Plng-&-Monit.	visible	main	P234	1	271	60	yes	1	"H234=""x"""	yes	yes	n/a	yes	A1:U234	A1:U234
sheets/done-016/xlsx/TK-Syllabus-Comparison-Document-v2.xlsx	033-Flight-Plng-&-Monit.	visible	main	Q234	1	270	59	yes	1	"H234=""x"""	yes	yes	n/a	yes	A1:U234	A1:U234
sheets/done-016/xlsx/TK-Syllabus-Comparison-Document-v2.xlsx	033-Flight-Plng-&-Monit.	visible	main	R234	1	269	58	yes	1	"H234=""x"""	yes	yes	n/a	yes	A1:U234	A1:U234
sheets/done-016/xlsx/TK-Syllabus-Comparison-Document-v2.xlsx	033-Flight-Plng-&-Monit.	visible	main	O105	1	268	56	yes	1	"H105=""x"""	yes	yes	n/a	yes	A1:U234	A1:U234
sheets/done-016/xlsx/TK-Syllabus-Comparison-Document-v2.xlsx	033-Flight-Plng-&-Monit.	visible	main	P105	1	267	55	yes	1	"H105=""x"""	yes	yes	n/a	yes	A1:U234	A1:U234
sheets/done-016/xlsx/TK-Syllabus-Comparison-Document-v2.xlsx	033-Flight-Plng-&-Monit.	visible	main	Q105	1	266	54	yes	1	"H105=""x"""	yes	yes	n/a	yes	A1:U234	A1:U234
sheets/done-016/xlsx/TK-Syllabus-Comparison-Document-v2.xlsx	033-Flight-Plng-&-Monit.	visible	main	M107	1	265	53	yes	1	"H107=""x"""	yes	yes	n/a	yes	A1:U234	A1:U234
sheets/done-016/xlsx/TK-Syllabus-Comparison-Document-v2.xlsx	033-Flight-Plng-&-Monit.	visible	main	N107	1	264	52	yes	1	"H107=""x"""	yes	yes	n/a	yes	A1:U234	A1:U234
sheets/done-016/xlsx/TK-Syllabus-Comparison-Document-v2.xlsx	033-Flight-Plng-&-Monit.	visible	main	P108	1	263	51	yes	1	"H108=""x"""	yes	yes	n/a	yes	A1:U234	A1:U234
sheets/done-016/xlsx/TK-Syllabus-Comparison-Document-v2.xlsx	033-Flight-Plng-&-Monit.	visible	main	Q108	1	262	50	yes	1	"H108=""x"""	yes	yes	n/a	yes	A1:U234	A1:U234
sheets/done-016/xlsx/TK-Syllabus-Comparison-Document-v2.xlsx	033-Flight-Plng-&-Monit.	visible	main	M108:M110	3	261	49	yes	1	"H108=""x"""	yes	yes	n/a	yes	A1:U234	A1:U234
sheets/done-016/xlsx/TK-Syllabus-Comparison-Document-v2.xlsx	033-Flight-Plng-&-Monit.	visible	main	N108:N110	3	260	48	yes	1	"H108=""x"""	yes	yes	n/a	yes	A1:U234	A1:U234
sheets/done-016/xlsx/TK-Syllabus-Comparison-Document-v2.xlsx	033-Flight-Plng-&-Monit.	visible	main	B111	1	259	47	yes	1	"I111=""x"""	yes	yes	n/a	yes	A1:U234	A1:U234
sheets/done-016/xlsx/TK-Syllabus-Comparison-Document-v2.xlsx	033-Flight-Plng-&-Monit.	visible	main	C111	1	258	45	yes	1	"H111=""x"""	yes	yes	n/a	yes	A1:U234	A1:U234
sheets/done-016/xlsx/TK-Syllabus-Comparison-Document-v2.xlsx	033-Flight-Plng-&-Monit.	visible	main	C111	1	257	46	yes	1	"I111=""x"""	yes	yes	n/a	yes	A1:U234	A1:U234
sheets/done-016/xlsx/TK-Syllabus-Comparison-Document-v2.xlsx	033-Flight-Plng-&-Monit.	visible	main	D111	1	256	44	yes	1	"H111=""x"""	yes	yes	n/a	yes	A1:U234	A1:U234
sheets/done-016/xlsx/TK-Syllabus-Comparison-Document-v2.xlsx	033-Flight-Plng-&-Monit.	visible	main	F111	1	255	43	yes	1	"H111=""x"""	yes	yes	n/a	yes	A1:U234	A1:U234
sheets/done-016/xlsx/TK-Syllabus-Comparison-Document-v2.xlsx	033-Flight-Plng-&-Monit.	visible	main	M111	1	254	42	yes	1	"H111=""x"""	yes	yes	n/a	yes	A1:U234	A1:U234
sheets/done-016/xlsx/TK-Syllabus-Comparison-Document-v2.xlsx	033-Flight-Plng-&-Monit.	visible	main	N111	1	253	41	yes	1	"H111=""x"""	yes	yes	n/a	yes	A1:U234	A1:U234
sheets/done-016/xlsx/TK-Syllabus-Comparison-Document-v2.xlsx	033-Flight-Plng-&-Monit.	visible	main	O111	1	252	40	yes	1	"H111=""x"""	yes	yes	n/a	yes	A1:U234	A1:U234
sheets/done-016/xlsx/TK-Syllabus-Comparison-Document-v2.xlsx	033-Flight-Plng-&-Monit.	visible	main	P111	1	251	39	yes	1	"H111=""x"""	yes	yes	n/a	yes	A1:U234	A1:U234
sheets/done-016/xlsx/TK-Syllabus-Comparison-Document-v2.xlsx	033-Flight-Plng-&-Monit.	visible	main	Q111	1	250	38	yes	1	"H111=""x"""	yes	yes	n/a	yes	A1:U234	A1:U234
sheets/done-016/xlsx/TK-Syllabus-Comparison-Document-v2.xlsx	033-Flight-Plng-&-Monit.	visible	main	R111	1	249	37	yes	1	"H111=""x"""	yes	yes	n/a	yes	A1:U234	A1:U234
sheets/done-016/xlsx/TK-Syllabus-Comparison-Document-v2.xlsx	033-Flight-Plng-&-Monit.	visible	main	B115	1	248	35	yes	1	"I115=""x"""	yes	yes	n/a	yes	A1:U234	A1:U234
sheets/done-016/xlsx/TK-Syllabus-Comparison-Document-v2.xlsx	033-Flight-Plng-&-Monit.	visible	main	C115	1	247	33	yes	1	"H115=""x"""	yes	yes	n/a	yes	A1:U234	A1:U234
sheets/done-016/xlsx/TK-Syllabus-Comparison-Document-v2.xlsx	033-Flight-Plng-&-Monit.	visible	main	C115	1	246	34	yes	1	"I115=""x"""	yes	yes	n/a	yes	A1:U234	A1:U234
sheets/done-016/xlsx/TK-Syllabus-Comparison-Document-v2.xlsx	033-Flight-Plng-&-Monit.	visible	main	D115	1	245	32	yes	1	"H115=""x"""	yes	yes	n/a	yes	A1:U234	A1:U234
sheets/done-016/xlsx/TK-Syllabus-Comparison-Document-v2.xlsx	033-Flight-Plng-&-Monit.	visible	main	F115	1	244	31	yes	1	"H115=""x"""	yes	yes	n/a	yes	A1:U234	A1:U234
sheets/done-016/xlsx/TK-Syllabus-Comparison-Document-v2.xlsx	033-Flight-Plng-&-Monit.	visible	main	M115	1	243	30	yes	1	"H115=""x"""	yes	yes	n/a	yes	A1:U234	A1:U234
sheets/done-016/xlsx/TK-Syllabus-Comparison-Document-v2.xlsx	033-Flight-Plng-&-Monit.	visible	main	N115	1	242	29	yes	1	"H115=""x"""	yes	yes	n/a	yes	A1:U234	A1:U234
sheets/done-016/xlsx/TK-Syllabus-Comparison-Document-v2.xlsx	033-Flight-Plng-&-Monit.	visible	main	O115	1	241	28	yes	1	"H115=""x"""	yes	yes	n/a	yes	A1:U234	A1:U234
sheets/done-016/xlsx/TK-Syllabus-Comparison-Document-v2.xlsx	033-Flight-Plng-&-Monit.	visible	main	P115	1	240	27	yes	1	"H115=""x"""	yes	yes	n/a	yes	A1:U234	A1:U234
sheets/done-016/xlsx/TK-Syllabus-Comparison-Document-v2.xlsx	033-Flight-Plng-&-Monit.	visible	main	Q115	1	239	26	yes	1	"H115=""x"""	yes	yes	n/a	yes	A1:U234	A1:U234
sheets/done-016/xlsx/TK-Syllabus-Comparison-Document-v2.xlsx	033-Flight-Plng-&-Monit.	visible	main	R115	1	238	25	yes	1	"H115=""x"""	yes	yes	n/a	yes	A1:U234	A1:U234
sheets/done-016/xlsx/TK-Syllabus-Comparison-Document-v2.xlsx	033-Flight-Plng-&-Monit.	visible	main	B120	1	237	23	yes	1	"I120=""x"""	yes	yes	n/a	yes	A1:U234	A1:U234
sheets/done-016/xlsx/TK-Syllabus-Comparison-Document-v2.xlsx	033-Flight-Plng-&-Monit.	visible	main	C120	1	236	21	yes	1	"H120=""x"""	yes	yes	n/a	yes	A1:U234	A1:U234
sheets/done-016/xlsx/TK-Syllabus-Comparison-Document-v2.xlsx	033-Flight-Plng-&-Monit.	visible	main	C120	1	235	22	yes	1	"I120=""x"""	yes	yes	n/a	yes	A1:U234	A1:U234
sheets/done-016/xlsx/TK-Syllabus-Comparison-Document-v2.xlsx	033-Flight-Plng-&-Monit.	visible	main	D120	1	234	20	yes	1	"H120=""x"""	yes	yes	n/a	yes	A1:U234	A1:U234
sheets/done-016/xlsx/TK-Syllabus-Comparison-Document-v2.xlsx	033-Flight-Plng-&-Monit.	visible	main	F120	1	233	19	yes	1	"H120=""x"""	yes	yes	n/a	yes	A1:U234	A1:U234
sheets/done-016/xlsx/TK-Syllabus-Comparison-Document-v2.xlsx	033-Flight-Plng-&-Monit.	visible	main	M120	1	232	18	yes	1	"H120=""x"""	yes	yes	n/a	yes	A1:U234	A1:U234
sheets/done-016/xlsx/TK-Syllabus-Comparison-Document-v2.xlsx	033-Flight-Plng-&-Monit.	visible	main	N120	1	231	17	yes	1	"H120=""x"""	yes	yes	n/a	yes	A1:U234	A1:U234
sheets/done-016/xlsx/TK-Syllabus-Comparison-Document-v2.xlsx	033-Flight-Plng-&-Monit.	visible	main	O120	1	230	16	yes	1	"H120=""x"""	yes	yes	n/a	yes	A1:U234	A1:U234
sheets/done-016/xlsx/TK-Syllabus-Comparison-Document-v2.xlsx	033-Flight-Plng-&-Monit.	visible	main	P120	1	229	15	yes	1	"H120=""x"""	yes	yes	n/a	yes	A1:U234	A1:U234
sheets/done-016/xlsx/TK-Syllabus-Comparison-Document-v2.xlsx	033-Flight-Plng-&-Monit.	visible	main	Q120	1	228	14	yes	1	"H120=""x"""	yes	yes	n/a	yes	A1:U234	A1:U234
sheets/done-016/xlsx/TK-Syllabus-Comparison-Document-v2.xlsx	033-Flight-Plng-&-Monit.	visible	main	R120	1	227	13	yes	1	"H120=""x"""	yes	yes	n/a	yes	A1:U234	A1:U234
sheets/done-016/xlsx/TK-Syllabus-Comparison-Document-v2.xlsx	033-Flight-Plng-&-Monit.	visible	main	O114	1	226	11	yes	1	"H114=""x"""	yes	yes	n/a	yes	A1:U234	A1:U234
sheets/done-016/xlsx/TK-Syllabus-Comparison-Document-v2.xlsx	033-Flight-Plng-&-Monit.	visible	main	P114	1	225	10	yes	1	"H114=""x"""	yes	yes	n/a	yes	A1:U234	A1:U234
sheets/done-016/xlsx/TK-Syllabus-Comparison-Document-v2.xlsx	033-Flight-Plng-&-Monit.	visible	main	Q114	1	224	9	yes	1	"H114=""x"""	yes	yes	n/a	yes	A1:U234	A1:U234
sheets/done-016/xlsx/TK-Syllabus-Comparison-Document-v2.xlsx	033-Flight-Plng-&-Monit.	visible	main	O118	1	223	8	yes	1	"H118=""x"""	yes	yes	n/a	yes	A1:U234	A1:U234
sheets/done-016/xlsx/TK-Syllabus-Comparison-Document-v2.xlsx	033-Flight-Plng-&-Monit.	visible	main	P118	1	222	7	yes	1	"H118=""x"""	yes	yes	n/a	yes	A1:U234	A1:U234
sheets/done-016/xlsx/TK-Syllabus-Comparison-Document-v2.xlsx	033-Flight-Plng-&-Monit.	visible	main	Q118	1	221	6	yes	1	"H118=""x"""	yes	yes	n/a	yes	A1:U234	A1:U234
sheets/done-016/xlsx/TK-Syllabus-Comparison-Document-v2.xlsx	033-Flight-Plng-&-Monit.	visible	main	O119	1	220	5	yes	1	"H119=""x"""	yes	yes	n/a	yes	A1:U234	A1:U234
sheets/done-016/xlsx/TK-Syllabus-Comparison-Document-v2.xlsx	033-Flight-Plng-&-Monit.	visible	main	Q186	1	219	4	yes	1	"G186=""x"""	yes	yes	n/a	yes	A1:U234	A1:U234
sheets/done-016/xlsx/TK-Syllabus-Comparison-Document-v2.xlsx	033-Flight-Plng-&-Monit.	visible	main	N186	1	218	3	yes	1	"D186=""x"""	yes	yes	n/a	yes	A1:U234	A1:U234
sheets/done-016/xlsx/TK-Syllabus-Comparison-Document-v2.xlsx	033-Flight-Plng-&-Monit.	visible	main	N190	1	217	2	yes	1	"D190=""x"""	yes	yes	n/a	yes	A1:U234	A1:U234
sheets/done-016/xlsx/TK-Syllabus-Comparison-Document-v2.xlsx	033-Flight-Plng-&-Monit.	visible	main	Q190	1	216	1	yes	1	"G190=""x"""	yes	yes	n/a	yes	A1:U234	A1:U234
sheets/done-016/xlsx/TK-Syllabus-Comparison-Document-v2.xlsx	033-Flight-Plng-&-Monit.	visible	main	U1:U1048576	1048576	215	94	yes	1	"I1=""x"""	yes	yes	n/a	yes	A1:U234	A1:U234
sheets/done-016/xlsx/TK-Syllabus-Comparison-Document-v2.xlsx	034-Performance-(H)	visible	main	B1:B149 B151:B1048576	1048575	214	25	yes	1	"I1=""x"""	yes	yes	n/a	yes	A1:T151	A1:T151
sheets/done-016/xlsx/TK-Syllabus-Comparison-Document-v2.xlsx	034-Performance-(H)	visible	main	C1:C149 C151:C1048576	1048575	213	23	yes	1	"H1=""x"""	yes	yes	n/a	yes	A1:T151	A1:T151
sheets/done-016/xlsx/TK-Syllabus-Comparison-Document-v2.xlsx	034-Performance-(H)	visible	main	C1:C149 C151:C1048576	1048575	212	24	yes	1	"I1=""x"""	yes	yes	n/a	yes	A1:T151	A1:T151
sheets/done-016/xlsx/TK-Syllabus-Comparison-Document-v2.xlsx	034-Performance-(H)	visible	main	D1:D149 D151:D1048576	1048575	211	22	yes	1	"H1=""x"""	yes	yes	n/a	yes	A1:T151	A1:T151
sheets/done-016/xlsx/TK-Syllabus-Comparison-Document-v2.xlsx	034-Performance-(H)	visible	main	F1:F149 F151:F1048576	1048575	210	21	yes	1	"H1=""x"""	yes	yes	n/a	yes	A1:T151	A1:T151
sheets/done-016/xlsx/TK-Syllabus-Comparison-Document-v2.xlsx	034-Performance-(H)	visible	main	M1:M149 M152:M1048576	1048574	209	20	yes	1	"H1=""x"""	yes	yes	n/a	yes	A1:T151	A1:T151
sheets/done-016/xlsx/TK-Syllabus-Comparison-Document-v2.xlsx	034-Performance-(H)	visible	main	N1:N149 N152:N1048576	1048574	208	19	yes	1	"H1=""x"""	yes	yes	n/a	yes	A1:T151	A1:T151
sheets/done-016/xlsx/TK-Syllabus-Comparison-Document-v2.xlsx	034-Performance-(H)	visible	main	O1:O149 O152:O1048576	1048574	207	18	yes	1	"H1=""x"""	yes	yes	n/a	yes	A1:T151	A1:T151
sheets/done-016/xlsx/TK-Syllabus-Comparison-Document-v2.xlsx	034-Performance-(H)	visible	main	P1:P149 P152:P1048576	1048574	206	17	yes	1	"H1=""x"""	yes	yes	n/a	yes	A1:T151	A1:T151
sheets/done-016/xlsx/TK-Syllabus-Comparison-Document-v2.xlsx	034-Performance-(H)	visible	main	Q1:Q149 Q152:Q1048576	1048574	205	16	yes	1	"H1=""x"""	yes	yes	n/a	yes	A1:T151	A1:T151
sheets/done-016/xlsx/TK-Syllabus-Comparison-Document-v2.xlsx	034-Performance-(H)	visible	main	B150	1	204	15	yes	1	"I150=""x"""	yes	yes	n/a	yes	A1:T151	A1:T151
sheets/done-016/xlsx/TK-Syllabus-Comparison-Document-v2.xlsx	034-Performance-(H)	visible	main	C150	1	203	13	yes	1	"H150=""x"""	yes	yes	n/a	yes	A1:T151	A1:T151
sheets/done-016/xlsx/TK-Syllabus-Comparison-Document-v2.xlsx	034-Performance-(H)	visible	main	C150	1	202	14	yes	1	"I150=""x"""	yes	yes	n/a	yes	A1:T151	A1:T151
sheets/done-016/xlsx/TK-Syllabus-Comparison-Document-v2.xlsx	034-Performance-(H)	visible	main	D150	1	201	12	yes	1	"H150=""x"""	yes	yes	n/a	yes	A1:T151	A1:T151
sheets/done-016/xlsx/TK-Syllabus-Comparison-Document-v2.xlsx	034-Performance-(H)	visible	main	F150	1	200	11	yes	1	"H150=""x"""	yes	yes	n/a	yes	A1:T151	A1:T151
sheets/done-016/xlsx/TK-Syllabus-Comparison-Document-v2.xlsx	034-Performance-(H)	visible	main	M150	1	199	10	yes	1	"H150=""x"""	yes	yes	n/a	yes	A1:T151	A1:T151
sheets/done-016/xlsx/TK-Syllabus-Comparison-Document-v2.xlsx	034-Performance-(H)	visible	main	N150	1	198	9	yes	1	"H150=""x"""	yes	yes	n/a	yes	A1:T151	A1:T151
sheets/done-016/xlsx/TK-Syllabus-Comparison-Document-v2.xlsx	034-Performance-(H)	visible	main	O150	1	197	8	yes	1	"H150=""x"""	yes	yes	n/a	yes	A1:T151	A1:T151
sheets/done-016/xlsx/TK-Syllabus-Comparison-Document-v2.xlsx	034-Performance-(H)	visible	main	P150	1	196	7	yes	1	"H150=""x"""	yes	yes	n/a	yes	A1:T151	A1:T151
sheets/done-016/xlsx/TK-Syllabus-Comparison-Document-v2.xlsx	034-Performance-(H)	visible	main	Q150	1	195	6	yes	1	"H150=""x"""	yes	yes	n/a	yes	A1:T151	A1:T151
sheets/done-016/xlsx/TK-Syllabus-Comparison-Document-v2.xlsx	034-Performance-(H)	visible	main	M151	1	194	5	yes	1	"H151=""x"""	yes	yes	n/a	yes	A1:T151	A1:T151
sheets/done-016/xlsx/TK-Syllabus-Comparison-Document-v2.xlsx	034-Performance-(H)	visible	main	N151	1	193	4	yes	1	"H151=""x"""	yes	yes	n/a	yes	A1:T151	A1:T151
sheets/done-016/xlsx/TK-Syllabus-Comparison-Document-v2.xlsx	034-Performance-(H)	visible	main	O151	1	192	3	yes	1	"H151=""x"""	yes	yes	n/a	yes	A1:T151	A1:T151
sheets/done-016/xlsx/TK-Syllabus-Comparison-Document-v2.xlsx	034-Performance-(H)	visible	main	P151	1	191	2	yes	1	"H151=""x"""	yes	yes	n/a	yes	A1:T151	A1:T151
sheets/done-016/xlsx/TK-Syllabus-Comparison-Document-v2.xlsx	034-Performance-(H)	visible	main	Q151	1	190	1	yes	1	"H151=""x"""	yes	yes	n/a	yes	A1:T151	A1:T151
sheets/done-016/xlsx/TK-Syllabus-Comparison-Document-v2.xlsx	040 Human Performance	visible	main	B1:B1048576	1048576	189	19	yes	1	"I1=""x"""	yes	yes	n/a	yes	A1:U538	A1:XFD538
sheets/done-016/xlsx/TK-Syllabus-Comparison-Document-v2.xlsx	040 Human Performance	visible	main	C1:C1048576	1048576	188	17	yes	1	"H1=""x"""	yes	yes	n/a	yes	A1:U538	A1:XFD538
sheets/done-016/xlsx/TK-Syllabus-Comparison-Document-v2.xlsx	040 Human Performance	visible	main	C1:C1048576	1048576	187	18	yes	1	"I1=""x"""	yes	yes	n/a	yes	A1:U538	A1:XFD538
sheets/done-016/xlsx/TK-Syllabus-Comparison-Document-v2.xlsx	040 Human Performance	visible	main	D1:D1048576	1048576	186	16	yes	1	"H1=""x"""	yes	yes	n/a	yes	A1:U538	A1:XFD538
sheets/done-016/xlsx/TK-Syllabus-Comparison-Document-v2.xlsx	040 Human Performance	visible	main	F1:F1048576	1048576	185	15	yes	1	"H1=""x"""	yes	yes	n/a	yes	A1:U538	A1:XFD538
sheets/done-016/xlsx/TK-Syllabus-Comparison-Document-v2.xlsx	040 Human Performance	visible	main	M1:M385 M394:M1048576	1048568	184	14	yes	1	"H1=""x"""	yes	yes	n/a	yes	A1:U538	A1:XFD538
sheets/done-016/xlsx/TK-Syllabus-Comparison-Document-v2.xlsx	040 Human Performance	visible	main	N1:N385 N394:N1048576	1048568	183	13	yes	1	"H1=""x"""	yes	yes	n/a	yes	A1:U538	A1:XFD538
sheets/done-016/xlsx/TK-Syllabus-Comparison-Document-v2.xlsx	040 Human Performance	visible	main	O1:O385 O394:O1048576	1048568	182	12	yes	1	"H1=""x"""	yes	yes	n/a	yes	A1:U538	A1:XFD538
sheets/done-016/xlsx/TK-Syllabus-Comparison-Document-v2.xlsx	040 Human Performance	visible	main	P1:P385 P394:P1048576	1048568	181	11	yes	1	"H1=""x"""	yes	yes	n/a	yes	A1:U538	A1:XFD538
sheets/done-016/xlsx/TK-Syllabus-Comparison-Document-v2.xlsx	040 Human Performance	visible	main	Q1:Q385 Q394:Q1048576	1048568	180	10	yes	1	"H1=""x"""	yes	yes	n/a	yes	A1:U538	A1:XFD538
sheets/done-016/xlsx/TK-Syllabus-Comparison-Document-v2.xlsx	040 Human Performance	visible	main	R1:R385 R394:R1048576	1048568	179	9	yes	1	"H1=""x"""	yes	yes	n/a	yes	A1:U538	A1:XFD538
sheets/done-016/xlsx/TK-Syllabus-Comparison-Document-v2.xlsx	040 Human Performance	visible	main	S1:S1048576	1048576	178	8	yes	1	"H1=""x"""	yes	yes	n/a	yes	A1:U538	A1:XFD538
sheets/done-016/xlsx/TK-Syllabus-Comparison-Document-v2.xlsx	040 Human Performance	visible	main	M386:M393	8	177	7	yes	1	"H386=""x"""	yes	yes	n/a	yes	A1:U538	A1:XFD538
sheets/done-016/xlsx/TK-Syllabus-Comparison-Document-v2.xlsx	040 Human Performance	visible	main	N386:N393	8	176	6	yes	1	"H386=""x"""	yes	yes	n/a	yes	A1:U538	A1:XFD538
sheets/done-016/xlsx/TK-Syllabus-Comparison-Document-v2.xlsx	040 Human Performance	visible	main	O386:O393	8	175	5	yes	1	"H386=""x"""	yes	yes	n/a	yes	A1:U538	A1:XFD538
sheets/done-016/xlsx/TK-Syllabus-Comparison-Document-v2.xlsx	040 Human Performance	visible	main	P386:P393	8	174	4	yes	1	"H386=""x"""	yes	yes	n/a	yes	A1:U538	A1:XFD538
sheets/done-016/xlsx/TK-Syllabus-Comparison-Document-v2.xlsx	040 Human Performance	visible	main	Q386:Q393	8	173	3	yes	1	"H386=""x"""	yes	yes	n/a	yes	A1:U538	A1:XFD538
sheets/done-016/xlsx/TK-Syllabus-Comparison-Document-v2.xlsx	040 Human Performance	visible	main	R386:R393	8	172	2	yes	1	"H386=""x"""	yes	yes	n/a	yes	A1:U538	A1:XFD538
sheets/done-016/xlsx/TK-Syllabus-Comparison-Document-v2.xlsx	040 Human Performance	visible	main	U1:U1048576	1048576	171	96	yes	1	"I1=""x"""	yes	yes	n/a	yes	A1:U538	A1:XFD538
sheets/done-016/xlsx/TK-Syllabus-Comparison-Document-v2.xlsx	050 Meteorology	visible	main	B2:B190 B193 B195 B197 B200 B214:B216 B219 B226:B236 B221:B224 B238 B244:B246 B250 B253:B255 B261:B262 B268:B270 B274 B279 B283:B287 B290 B301:B304 B308 B310 B313:B315 B331 B335 B351 B360:B361 B365 B368:B369 B373 B377 B385 B390 B392 B398 B402 B406 B415 B418 B422 B425 B427 B431 B436 B439 B450:B451 B456:B457 B461:B470 B472:B473 B475 B477 B482:B484 B489:B490 B509 B513:B519 B522 B524:B529 B537:B538 B543:B544 B547:B548 B551 B563 B567 B569 B574:B575 B582:B583 B586 B598 B605 B609:B611 B618 B622 B624 B626:B627 B634 B636:B637 B639:B640 B648:B650 B658:B660 B664 B666 B675:B681 B684 B688 B690:B691 B700:B705 B707	360	170	86	yes	1	"I2=""x"""	yes	yes	n/a	yes	A1:T707	A1:T707
sheets/done-016/xlsx/TK-Syllabus-Comparison-Document-v2.xlsx	050 Meteorology	visible	main	C2:C174 C176:C183 C185:C461 C463:C707	703	169	85	yes	1	"I2=""x"""	yes	yes	n/a	yes	A1:T707	A1:T707
sheets/done-016/xlsx/TK-Syllabus-Comparison-Document-v2.xlsx	050 Meteorology	visible	main	D2:D199 D201:D216 D218:D238 D241:D707	702	168	84	yes	1	"H2=""x"""	yes	yes	n/a	yes	A1:T707	A1:T707
sheets/done-016/xlsx/TK-Syllabus-Comparison-Document-v2.xlsx	050 Meteorology	visible	main	F2:F707	706	167	83	yes	1	"H2=""x"""	yes	yes	n/a	yes	A1:T707	A1:T707
sheets/done-016/xlsx/TK-Syllabus-Comparison-Document-v2.xlsx	050 Meteorology	visible	main	B191	1	166	82	yes	1	"D191=""x"""	yes	yes	n/a	yes	A1:T707	A1:T707
sheets/done-016/xlsx/TK-Syllabus-Comparison-Document-v2.xlsx	050 Meteorology	visible	main	B201	1	165	81	yes	1	"D201=""x"""	yes	yes	n/a	yes	A1:T707	A1:T707
sheets/done-016/xlsx/TK-Syllabus-Comparison-Document-v2.xlsx	050 Meteorology	visible	main	B217:B218	2	164	80	yes	1	"D217=""x"""	yes	yes	n/a	yes	A1:T707	A1:T707
sheets/done-016/xlsx/TK-Syllabus-Comparison-Document-v2.xlsx	050 Meteorology	visible	main	B239:B241	3	163	79	yes	1	"D239=""x"""	yes	yes	n/a	yes	A1:T707	A1:T707
sheets/done-016/xlsx/TK-Syllabus-Comparison-Document-v2.xlsx	050 Meteorology	visible	main	B249	1	162	78	yes	1	"D249=""x"""	yes	yes	n/a	yes	A1:T707	A1:T707
sheets/done-016/xlsx/TK-Syllabus-Comparison-Document-v2.xlsx	050 Meteorology	visible	main	B257	1	161	77	yes	1	"D257=""x"""	yes	yes	n/a	yes	A1:T707	A1:T707
sheets/done-016/xlsx/TK-Syllabus-Comparison-Document-v2.xlsx	050 Meteorology	visible	main	B263	1	160	76	yes	1	"D263=""x"""	yes	yes	n/a	yes	A1:T707	A1:T707
sheets/done-016/xlsx/TK-Syllabus-Comparison-Document-v2.xlsx	050 Meteorology	visible	main	B265:B266	2	159	75	yes	1	"D265=""x"""	yes	yes	n/a	yes	A1:T707	A1:T707
sheets/done-016/xlsx/TK-Syllabus-Comparison-Document-v2.xlsx	050 Meteorology	visible	main	B272	1	158	74	yes	1	"D272=""x"""	yes	yes	n/a	yes	A1:T707	A1:T707
sheets/done-016/xlsx/TK-Syllabus-Comparison-Document-v2.xlsx	050 Meteorology	visible	main	B706	1	157	9	yes	1	"D706=""x"""	yes	yes	n/a	yes	A1:T707	A1:T707
sheets/done-016/xlsx/TK-Syllabus-Comparison-Document-v2.xlsx	050 Meteorology	visible	main	B277	1	156	73	yes	1	"D277=""x"""	yes	yes	n/a	yes	A1:T707	A1:T707
sheets/done-016/xlsx/TK-Syllabus-Comparison-Document-v2.xlsx	050 Meteorology	visible	main	B288	1	155	72	yes	1	"D288=""x"""	yes	yes	n/a	yes	A1:T707	A1:T707
sheets/done-016/xlsx/TK-Syllabus-Comparison-Document-v2.xlsx	050 Meteorology	visible	main	B293	1	154	71	yes	1	"D293=""x"""	yes	yes	n/a	yes	A1:T707	A1:T707
sheets/done-016/xlsx/TK-Syllabus-Comparison-Document-v2.xlsx	050 Meteorology	visible	main	B298:B300	3	153	70	yes	1	"D298=""x"""	yes	yes	n/a	yes	A1:T707	A1:T707
sheets/done-016/xlsx/TK-Syllabus-Comparison-Document-v2.xlsx	050 Meteorology	visible	main	B306:B307	2	152	69	yes	1	"D306=""x"""	yes	yes	n/a	yes	A1:T707	A1:T707
sheets/done-016/xlsx/TK-Syllabus-Comparison-Document-v2.xlsx	050 Meteorology	visible	main	B316:B318	3	151	68	yes	1	"D316=""x"""	yes	yes	n/a	yes	A1:T707	A1:T707
sheets/done-016/xlsx/TK-Syllabus-Comparison-Document-v2.xlsx	050 Meteorology	visible	main	B326	1	150	67	yes	1	"D326=""x"""	yes	yes	n/a	yes	A1:T707	A1:T707
sheets/done-016/xlsx/TK-Syllabus-Comparison-Document-v2.xlsx	050 Meteorology	visible	main	B332:B333	2	149	66	yes	1	"D332=""x"""	yes	yes	n/a	yes	A1:T707	A1:T707
sheets/done-016/xlsx/TK-Syllabus-Comparison-Document-v2.xlsx	050 Meteorology	visible	main	B338	1	148	65	yes	1	"D338=""x"""	yes	yes	n/a	yes	A1:T707	A1:T707
sheets/done-016/xlsx/TK-Syllabus-Comparison-Document-v2.xlsx	050 Meteorology	visible	main	B344	1	147	64	yes	1	"D344=""x"""	yes	yes	n/a	yes	A1:T707	A1:T707
sheets/done-016/xlsx/TK-Syllabus-Comparison-Document-v2.xlsx	050 Meteorology	visible	main	B350	1	146	63	yes	1	"D350=""x"""	yes	yes	n/a	yes	A1:T707	A1:T707
sheets/done-016/xlsx/TK-Syllabus-Comparison-Document-v2.xlsx	050 Meteorology	visible	main	B355	1	145	62	yes	1	"D355=""x"""	yes	yes	n/a	yes	A1:T707	A1:T707
sheets/done-016/xlsx/TK-Syllabus-Comparison-Document-v2.xlsx	050 Meteorology	visible	main	B358	1	144	61	yes	1	"D358=""x"""	yes	yes	n/a	yes	A1:T707	A1:T707
sheets/done-016/xlsx/TK-Syllabus-Comparison-Document-v2.xlsx	050 Meteorology	visible	main	B367	1	143	60	yes	1	"D367=""x"""	yes	yes	n/a	yes	A1:T707	A1:T707
sheets/done-016/xlsx/TK-Syllabus-Comparison-Document-v2.xlsx	050 Meteorology	visible	main	B370	1	142	59	yes	1	"D370=""x"""	yes	yes	n/a	yes	A1:T707	A1:T707
sheets/done-016/xlsx/TK-Syllabus-Comparison-Document-v2.xlsx	050 Meteorology	visible	main	B376	1	141	58	yes	1	"D376=""x"""	yes	yes	n/a	yes	A1:T707	A1:T707
sheets/done-016/xlsx/TK-Syllabus-Comparison-Document-v2.xlsx	050 Meteorology	visible	main	B378:B380	3	140	57	yes	1	"D378=""x"""	yes	yes	n/a	yes	A1:T707	A1:T707
sheets/done-016/xlsx/TK-Syllabus-Comparison-Document-v2.xlsx	050 Meteorology	visible	main	B384	1	139	56	yes	1	"D384=""x"""	yes	yes	n/a	yes	A1:T707	A1:T707
sheets/done-016/xlsx/TK-Syllabus-Comparison-Document-v2.xlsx	050 Meteorology	visible	main	B394:B395	2	138	55	yes	1	"D394=""x"""	yes	yes	n/a	yes	A1:T707	A1:T707
sheets/done-016/xlsx/TK-Syllabus-Comparison-Document-v2.xlsx	050 Meteorology	visible	main	B399:B400	2	137	54	yes	1	"D399=""x"""	yes	yes	n/a	yes	A1:T707	A1:T707
sheets/done-016/xlsx/TK-Syllabus-Comparison-Document-v2.xlsx	050 Meteorology	visible	main	B407	1	136	53	yes	1	"D407=""x"""	yes	yes	n/a	yes	A1:T707	A1:T707
sheets/done-016/xlsx/TK-Syllabus-Comparison-Document-v2.xlsx	050 Meteorology	visible	main	B410:B412	3	135	52	yes	1	"D410=""x"""	yes	yes	n/a	yes	A1:T707	A1:T707
sheets/done-016/xlsx/TK-Syllabus-Comparison-Document-v2.xlsx	050 Meteorology	visible	main	B414	1	134	51	yes	1	"D414=""x"""	yes	yes	n/a	yes	A1:T707	A1:T707
sheets/done-016/xlsx/TK-Syllabus-Comparison-Document-v2.xlsx	050 Meteorology	visible	main	B420:B421	2	133	50	yes	1	"D420=""x"""	yes	yes	n/a	yes	A1:T707	A1:T707
sheets/done-016/xlsx/TK-Syllabus-Comparison-Document-v2.xlsx	050 Meteorology	visible	main	B426	1	132	49	yes	1	"D426=""x"""	yes	yes	n/a	yes	A1:T707	A1:T707
sheets/done-016/xlsx/TK-Syllabus-Comparison-Document-v2.xlsx	050 Meteorology	visible	main	B432	1	131	48	yes	1	"D432=""x"""	yes	yes	n/a	yes	A1:T707	A1:T707
sheets/done-016/xlsx/TK-Syllabus-Comparison-Document-v2.xlsx	050 Meteorology	visible	main	B438	1	130	47	yes	1	"D438=""x"""	yes	yes	n/a	yes	A1:T707	A1:T707
sheets/done-016/xlsx/TK-Syllabus-Comparison-Document-v2.xlsx	050 Meteorology	visible	main	B449	1	129	46	yes	1	"D449=""x"""	yes	yes	n/a	yes	A1:T707	A1:T707
sheets/done-016/xlsx/TK-Syllabus-Comparison-Document-v2.xlsx	050 Meteorology	visible	main	B453:B454	2	128	45	yes	1	"D453=""x"""	yes	yes	n/a	yes	A1:T707	A1:T707
sheets/done-016/xlsx/TK-Syllabus-Comparison-Document-v2.xlsx	050 Meteorology	visible	main	B458	1	127	44	yes	1	"D458=""x"""	yes	yes	n/a	yes	A1:T707	A1:T707
sheets/done-016/xlsx/TK-Syllabus-Comparison-Document-v2.xlsx	050 Meteorology	visible	main	B471	1	126	43	yes	1	"D471=""x"""	yes	yes	n/a	yes	A1:T707	A1:T707
sheets/done-016/xlsx/TK-Syllabus-Comparison-Document-v2.xlsx	050 Meteorology	visible	main	B476	1	125	42	yes	1	"D476=""x"""	yes	yes	n/a	yes	A1:T707	A1:T707
sheets/done-016/xlsx/TK-Syllabus-Comparison-Document-v2.xlsx	050 Meteorology	visible	main	B478:B480	3	124	41	yes	1	"D478=""x"""	yes	yes	n/a	yes	A1:T707	A1:T707
sheets/done-016/xlsx/TK-Syllabus-Comparison-Document-v2.xlsx	050 Meteorology	visible	main	B493	1	123	40	yes	1	"D493=""x"""	yes	yes	n/a	yes	A1:T707	A1:T707
sheets/done-016/xlsx/TK-Syllabus-Comparison-Document-v2.xlsx	050 Meteorology	visible	main	B508	1	122	39	yes	1	"D508=""x"""	yes	yes	n/a	yes	A1:T707	A1:T707
sheets/done-016/xlsx/TK-Syllabus-Comparison-Document-v2.xlsx	050 Meteorology	visible	main	B520:B521	2	121	38	yes	1	"D520=""x"""	yes	yes	n/a	yes	A1:T707	A1:T707
sheets/done-016/xlsx/TK-Syllabus-Comparison-Document-v2.xlsx	050 Meteorology	visible	main	B530:B531	2	120	37	yes	1	"D530=""x"""	yes	yes	n/a	yes	A1:T707	A1:T707
sheets/done-016/xlsx/TK-Syllabus-Comparison-Document-v2.xlsx	050 Meteorology	visible	main	B534	1	119	36	yes	1	"D534=""x"""	yes	yes	n/a	yes	A1:T707	A1:T707
sheets/done-016/xlsx/TK-Syllabus-Comparison-Document-v2.xlsx	050 Meteorology	visible	main	B536	1	118	35	yes	1	"D536=""x"""	yes	yes	n/a	yes	A1:T707	A1:T707
sheets/done-016/xlsx/TK-Syllabus-Comparison-Document-v2.xlsx	050 Meteorology	visible	main	B539:B540	2	117	34	yes	1	"D539=""x"""	yes	yes	n/a	yes	A1:T707	A1:T707
sheets/done-016/xlsx/TK-Syllabus-Comparison-Document-v2.xlsx	050 Meteorology	visible	main	B549	1	116	33	yes	1	"D549=""x"""	yes	yes	n/a	yes	A1:T707	A1:T707
sheets/done-016/xlsx/TK-Syllabus-Comparison-Document-v2.xlsx	050 Meteorology	visible	main	B555	1	115	32	yes	1	"D555=""x"""	yes	yes	n/a	yes	A1:T707	A1:T707
sheets/done-016/xlsx/TK-Syllabus-Comparison-Document-v2.xlsx	050 Meteorology	visible	main	B562	1	114	31	yes	1	"D562=""x"""	yes	yes	n/a	yes	A1:T707	A1:T707
sheets/done-016/xlsx/TK-Syllabus-Comparison-Document-v2.xlsx	050 Meteorology	visible	main	B565:B566	2	113	30	yes	1	"D565=""x"""	yes	yes	n/a	yes	A1:T707	A1:T707
sheets/done-016/xlsx/TK-Syllabus-Comparison-Document-v2.xlsx	050 Meteorology	visible	main	B572:B573	2	112	29	yes	1	"D572=""x"""	yes	yes	n/a	yes	A1:T707	A1:T707
sheets/done-016/xlsx/TK-Syllabus-Comparison-Document-v2.xlsx	050 Meteorology	visible	main	B576:B577	2	111	28	yes	1	"D576=""x"""	yes	yes	n/a	yes	A1:T707	A1:T707
sheets/done-016/xlsx/TK-Syllabus-Comparison-Document-v2.xlsx	050 Meteorology	visible	main	B580:B581	2	110	27	yes	1	"D580=""x"""	yes	yes	n/a	yes	A1:T707	A1:T707
sheets/done-016/xlsx/TK-Syllabus-Comparison-Document-v2.xlsx	050 Meteorology	visible	main	B585	1	109	26	yes	1	"D585=""x"""	yes	yes	n/a	yes	A1:T707	A1:T707
sheets/done-016/xlsx/TK-Syllabus-Comparison-Document-v2.xlsx	050 Meteorology	visible	main	B589	1	108	25	yes	1	"D589=""x"""	yes	yes	n/a	yes	A1:T707	A1:T707
sheets/done-016/xlsx/TK-Syllabus-Comparison-Document-v2.xlsx	050 Meteorology	visible	main	B593:B594	2	107	24	yes	1	"D593=""x"""	yes	yes	n/a	yes	A1:T707	A1:T707
sheets/done-016/xlsx/TK-Syllabus-Comparison-Document-v2.xlsx	050 Meteorology	visible	main	B599	1	106	23	yes	1	"D599=""x"""	yes	yes	n/a	yes	A1:T707	A1:T707
sheets/done-016/xlsx/TK-Syllabus-Comparison-Document-v2.xlsx	050 Meteorology	visible	main	B606:B608	3	105	22	yes	1	"D606=""x"""	yes	yes	n/a	yes	A1:T707	A1:T707
sheets/done-016/xlsx/TK-Syllabus-Comparison-Document-v2.xlsx	050 Meteorology	visible	main	B641	1	104	21	yes	1	"D641=""x"""	yes	yes	n/a	yes	A1:T707	A1:T707
sheets/done-016/xlsx/TK-Syllabus-Comparison-Document-v2.xlsx	050 Meteorology	visible	main	B644	1	103	20	yes	1	"D644=""x"""	yes	yes	n/a	yes	A1:T707	A1:T707
sheets/done-016/xlsx/TK-Syllabus-Comparison-Document-v2.xlsx	050 Meteorology	visible	main	B651	1	102	19	yes	1	"D651=""x"""	yes	yes	n/a	yes	A1:T707	A1:T707
sheets/done-016/xlsx/TK-Syllabus-Comparison-Document-v2.xlsx	050 Meteorology	visible	main	B657	1	101	18	yes	1	"D657=""x"""	yes	yes	n/a	yes	A1:T707	A1:T707
sheets/done-016/xlsx/TK-Syllabus-Comparison-Document-v2.xlsx	050 Meteorology	visible	main	B661:B662	2	100	17	yes	1	"D661=""x"""	yes	yes	n/a	yes	A1:T707	A1:T707
sheets/done-016/xlsx/TK-Syllabus-Comparison-Document-v2.xlsx	050 Meteorology	visible	main	B665	1	99	16	yes	1	"D665=""x"""	yes	yes	n/a	yes	A1:T707	A1:T707
sheets/done-016/xlsx/TK-Syllabus-Comparison-Document-v2.xlsx	050 Meteorology	visible	main	B668	1	98	15	yes	1	"D668=""x"""	yes	yes	n/a	yes	A1:T707	A1:T707
sheets/done-016/xlsx/TK-Syllabus-Comparison-Document-v2.xlsx	050 Meteorology	visible	main	B682:B683	2	97	14	yes	1	"D682=""x"""	yes	yes	n/a	yes	A1:T707	A1:T707
sheets/done-016/xlsx/TK-Syllabus-Comparison-Document-v2.xlsx	050 Meteorology	visible	main	B689	1	96	13	yes	1	"D689=""x"""	yes	yes	n/a	yes	A1:T707	A1:T707
sheets/done-016/xlsx/TK-Syllabus-Comparison-Document-v2.xlsx	050 Meteorology	visible	main	B692	1	95	12	yes	1	"D692=""x"""	yes	yes	n/a	yes	A1:T707	A1:T707
sheets/done-016/xlsx/TK-Syllabus-Comparison-Document-v2.xlsx	050 Meteorology	visible	main	B696	1	94	11	yes	1	"D696=""x"""	yes	yes	n/a	yes	A1:T707	A1:T707
sheets/done-016/xlsx/TK-Syllabus-Comparison-Document-v2.xlsx	050 Meteorology	visible	main	B698:B699	2	93	10	yes	1	"D698=""x"""	yes	yes	n/a	yes	A1:T707	A1:T707
sheets/done-016/xlsx/TK-Syllabus-Comparison-Document-v2.xlsx	050 Meteorology	visible	main	H1:H1048576	1048576	92	8	yes	1	"H1=""x"""	yes	yes	n/a	yes	A1:T707	A1:T707
sheets/done-016/xlsx/TK-Syllabus-Comparison-Document-v2.xlsx	050 Meteorology	visible	main	M1:M1048576	1048576	91	7	yes	1	"H1=""x"""	yes	yes	n/a	yes	A1:T707	A1:T707
sheets/done-016/xlsx/TK-Syllabus-Comparison-Document-v2.xlsx	050 Meteorology	visible	main	N1:N1048576	1048576	90	6	yes	1	"H1=""x"""	yes	yes	n/a	yes	A1:T707	A1:T707
sheets/done-016/xlsx/TK-Syllabus-Comparison-Document-v2.xlsx	050 Meteorology	visible	main	O1:O1048576	1048576	89	5	yes	1	"H1=""x"""	yes	yes	n/a	yes	A1:T707	A1:T707
sheets/done-016/xlsx/TK-Syllabus-Comparison-Document-v2.xlsx	050 Meteorology	visible	main	P1:P1048576	1048576	88	4	yes	1	"H1=""x"""	yes	yes	n/a	yes	A1:T707	A1:T707
sheets/done-016/xlsx/TK-Syllabus-Comparison-Document-v2.xlsx	050 Meteorology	visible	main	Q1:Q1048576	1048576	87	3	yes	1	"H1=""x"""	yes	yes	n/a	yes	A1:T707	A1:T707
sheets/done-016/xlsx/TK-Syllabus-Comparison-Document-v2.xlsx	050 Meteorology	visible	main	R1:R1048576	1048576	86	2	yes	1	"H1=""x"""	yes	yes	n/a	yes	A1:T707	A1:T707
sheets/done-016/xlsx/TK-Syllabus-Comparison-Document-v2.xlsx	050 Meteorology	visible	main	S1:S1048576	1048576	85	1	yes	1	"H1=""x"""	yes	yes	n/a	yes	A1:T707	A1:T707
sheets/done-016/xlsx/TK-Syllabus-Comparison-Document-v2.xlsx	061 General Navigation	visible	main	B2:B3 B5:B1048576	1048574	84	11	yes	1	"I2=""x"""	yes	yes	n/a	yes	A1:T407	A1:XFD407
sheets/done-016/xlsx/TK-Syllabus-Comparison-Document-v2.xlsx	061 General Navigation	visible	main	C2:C1048576	1048575	83	9	yes	1	"H2=""x"""	yes	yes	n/a	yes	A1:T407	A1:XFD407
sheets/done-016/xlsx/TK-Syllabus-Comparison-Document-v2.xlsx	061 General Navigation	visible	main	C2:C1048576	1048575	82	10	yes	1	"I2=""x"""	yes	yes	n/a	yes	A1:T407	A1:XFD407
sheets/done-016/xlsx/TK-Syllabus-Comparison-Document-v2.xlsx	061 General Navigation	visible	main	D2:D1048576	1048575	81	8	yes	1	"H2=""x"""	yes	yes	n/a	yes	A1:T407	A1:XFD407
sheets/done-016/xlsx/TK-Syllabus-Comparison-Document-v2.xlsx	061 General Navigation	visible	main	F2:F1048576	1048575	80	7	yes	1	"H2=""x"""	yes	yes	n/a	yes	A1:T407	A1:XFD407
sheets/done-016/xlsx/TK-Syllabus-Comparison-Document-v2.xlsx	061 General Navigation	visible	main	M2:M1048576	1048575	79	6	yes	1	"H2=""x"""	yes	yes	n/a	yes	A1:T407	A1:XFD407
sheets/done-016/xlsx/TK-Syllabus-Comparison-Document-v2.xlsx	061 General Navigation	visible	main	N2:N1048576	1048575	78	5	yes	1	"H2=""x"""	yes	yes	n/a	yes	A1:T407	A1:XFD407
sheets/done-016/xlsx/TK-Syllabus-Comparison-Document-v2.xlsx	061 General Navigation	visible	main	O2:O1048576	1048575	77	4	yes	1	"H2=""x"""	yes	yes	n/a	yes	A1:T407	A1:XFD407
sheets/done-016/xlsx/TK-Syllabus-Comparison-Document-v2.xlsx	061 General Navigation	visible	main	P2:P1048576	1048575	76	3	yes	1	"H2=""x"""	yes	yes	n/a	yes	A1:T407	A1:XFD407
sheets/done-016/xlsx/TK-Syllabus-Comparison-Document-v2.xlsx	061 General Navigation	visible	main	Q2:Q1048576	1048575	75	2	yes	1	"H2=""x"""	yes	yes	n/a	yes	A1:T407	A1:XFD407
sheets/done-016/xlsx/TK-Syllabus-Comparison-Document-v2.xlsx	062-Radio-Navigation	visible	main	B1:B1048576	1048576	74	12	yes	1	"I1=""x"""	yes	yes	n/a	yes	A1:U643	A1:XFD643
sheets/done-016/xlsx/TK-Syllabus-Comparison-Document-v2.xlsx	062-Radio-Navigation	visible	main	C1:C84 C86:C1048576	1048575	73	10	yes	1	"I1=""x"""	yes	yes	n/a	yes	A1:U643	A1:XFD643
sheets/done-016/xlsx/TK-Syllabus-Comparison-Document-v2.xlsx	062-Radio-Navigation	visible	main	C1:C84 C86:C1048576	1048575	72	11	yes	1	"H1=""x"""	yes	yes	n/a	yes	A1:U643	A1:XFD643
sheets/done-016/xlsx/TK-Syllabus-Comparison-Document-v2.xlsx	062-Radio-Navigation	visible	main	D1:D1048576	1048576	71	9	yes	1	"H1=""x"""	yes	yes	n/a	yes	A1:U643	A1:XFD643
sheets/done-016/xlsx/TK-Syllabus-Comparison-Document-v2.xlsx	062-Radio-Navigation	visible	main	F1:F1048576	1048576	70	8	yes	1	"H1=""x"""	yes	yes	n/a	yes	A1:U643	A1:XFD643
sheets/done-016/xlsx/TK-Syllabus-Comparison-Document-v2.xlsx	062-Radio-Navigation	visible	main	M1:M1048576	1048576	69	7	yes	1	"H1=""x"""	yes	yes	n/a	yes	A1:U643	A1:XFD643
sheets/done-016/xlsx/TK-Syllabus-Comparison-Document-v2.xlsx	062-Radio-Navigation	visible	main	N1:N1048576	1048576	68	6	yes	1	"H1=""x"""	yes	yes	n/a	yes	A1:U643	A1:XFD643
sheets/done-016/xlsx/TK-Syllabus-Comparison-Document-v2.xlsx	062-Radio-Navigation	visible	main	O1:O1048576	1048576	67	5	yes	1	"H1=""x"""	yes	yes	n/a	yes	A1:U643	A1:XFD643
sheets/done-016/xlsx/TK-Syllabus-Comparison-Document-v2.xlsx	062-Radio-Navigation	visible	main	P1:P1048576	1048576	66	4	yes	1	"H1=""x"""	yes	yes	n/a	yes	A1:U643	A1:XFD643
sheets/done-016/xlsx/TK-Syllabus-Comparison-Document-v2.xlsx	062-Radio-Navigation	visible	main	Q1:Q1048576	1048576	65	3	yes	1	"H1=""x"""	yes	yes	n/a	yes	A1:U643	A1:XFD643
sheets/done-016/xlsx/TK-Syllabus-Comparison-Document-v2.xlsx	062-Radio-Navigation	visible	main	R1:R1048576	1048576	64	2	yes	1	"H1=""x"""	yes	yes	n/a	yes	A1:U643	A1:XFD643
sheets/done-016/xlsx/TK-Syllabus-Comparison-Document-v2.xlsx	062-Radio-Navigation	visible	main	S1:S1048576	1048576	63	1	yes	1	"H1=""x"""	yes	yes	n/a	yes	A1:U643	A1:XFD643
sheets/done-016/xlsx/TK-Syllabus-Comparison-Document-v2.xlsx	062-Radio-Navigation	visible	main	U1:U1048576	1048576	62	98	yes	1	"I1=""x"""	yes	yes	n/a	yes	A1:U643	A1:XFD643
sheets/done-016/xlsx/TK-Syllabus-Comparison-Document-v2.xlsx	070-Operational-Procedures	visible	main	B1:B12 B14:B22 B24:B87 B89:B421 B423:B540 B542:B1048576	1048571	61	19	yes	1	"I1=""x"""	yes	yes	n/a	yes	A1:U595	A1:U595
sheets/done-016/xlsx/TK-Syllabus-Comparison-Document-v2.xlsx	070-Operational-Procedures	visible	main	C1:C87 C89:C1048576	1048575	60	17	yes	1	"H1=""x"""	yes	yes	n/a	yes	A1:U595	A1:U595
sheets/done-016/xlsx/TK-Syllabus-Comparison-Document-v2.xlsx	070-Operational-Procedures	visible	main	C1:C87 C89:C1048576	1048575	59	18	yes	1	"I1=""x"""	yes	yes	n/a	yes	A1:U595	A1:U595
sheets/done-016/xlsx/TK-Syllabus-Comparison-Document-v2.xlsx	070-Operational-Procedures	visible	main	D1:D1048576	1048576	58	16	yes	1	"H1=""x"""	yes	yes	n/a	yes	A1:U595	A1:U595
sheets/done-016/xlsx/TK-Syllabus-Comparison-Document-v2.xlsx	070-Operational-Procedures	visible	main	F1:F1048576	1048576	57	15	yes	1	"H1=""x"""	yes	yes	n/a	yes	A1:U595	A1:U595
sheets/done-016/xlsx/TK-Syllabus-Comparison-Document-v2.xlsx	070-Operational-Procedures	visible	main	M1:M1048576	1048576	56	14	yes	1	"H1=""x"""	yes	yes	n/a	yes	A1:U595	A1:U595
sheets/done-016/xlsx/TK-Syllabus-Comparison-Document-v2.xlsx	070-Operational-Procedures	visible	main	N1:N1048576	1048576	55	13	yes	1	"H1=""x"""	yes	yes	n/a	yes	A1:U595	A1:U595
sheets/done-016/xlsx/TK-Syllabus-Comparison-Document-v2.xlsx	070-Operational-Procedures	visible	main	O1:O1048576	1048576	54	12	yes	1	"H1=""x"""	yes	yes	n/a	yes	A1:U595	A1:U595
sheets/done-016/xlsx/TK-Syllabus-Comparison-Document-v2.xlsx	070-Operational-Procedures	visible	main	P1:P1048576	1048576	53	11	yes	1	"H1=""x"""	yes	yes	n/a	yes	A1:U595	A1:U595
sheets/done-016/xlsx/TK-Syllabus-Comparison-Document-v2.xlsx	070-Operational-Procedures	visible	main	Q1:Q1048576	1048576	52	10	yes	1	"H1=""x"""	yes	yes	n/a	yes	A1:U595	A1:U595
sheets/done-016/xlsx/TK-Syllabus-Comparison-Document-v2.xlsx	070-Operational-Procedures	visible	main	R1:R1048576	1048576	51	9	yes	1	"H1=""x"""	yes	yes	n/a	yes	A1:U595	A1:U595
sheets/done-016/xlsx/TK-Syllabus-Comparison-Document-v2.xlsx	070-Operational-Procedures	visible	main	S1:S1048576	1048576	50	8	yes	1	"H1=""x"""	yes	yes	n/a	yes	A1:U595	A1:U595
sheets/done-016/xlsx/TK-Syllabus-Comparison-Document-v2.xlsx	070-Operational-Procedures	visible	main	B13	1	49	7	yes	1	"D13=""x"""	yes	yes	n/a	yes	A1:U595	A1:U595
sheets/done-016/xlsx/TK-Syllabus-Comparison-Document-v2.xlsx	070-Operational-Procedures	visible	main	B23	1	48	6	yes	1	"D23=""x"""	yes	yes	n/a	yes	A1:U595	A1:U595
sheets/done-016/xlsx/TK-Syllabus-Comparison-Document-v2.xlsx	070-Operational-Procedures	visible	main	B88	1	47	5	yes	1	"I88=""x"""	yes	yes	n/a	yes	A1:U595	A1:U595
sheets/done-016/xlsx/TK-Syllabus-Comparison-Document-v2.xlsx	070-Operational-Procedures	visible	main	C88	1	46	3	yes	1	"H88=""x"""	yes	yes	n/a	yes	A1:U595	A1:U595
sheets/done-016/xlsx/TK-Syllabus-Comparison-Document-v2.xlsx	070-Operational-Procedures	visible	main	C88	1	45	4	yes	1	"I88=""x"""	yes	yes	n/a	yes	A1:U595	A1:U595
sheets/done-016/xlsx/TK-Syllabus-Comparison-Document-v2.xlsx	070-Operational-Procedures	visible	main	B422	1	44	2	yes	1	"D422=""x"""	yes	yes	n/a	yes	A1:U595	A1:U595
sheets/done-016/xlsx/TK-Syllabus-Comparison-Document-v2.xlsx	070-Operational-Procedures	visible	main	B541	1	43	1	yes	1	"D541=""x"""	yes	yes	n/a	yes	A1:U595	A1:U595
sheets/done-016/xlsx/TK-Syllabus-Comparison-Document-v2.xlsx	070-Operational-Procedures	visible	main	U1:U1048576	1048576	42	100	yes	1	"I1=""x"""	yes	yes	n/a	yes	A1:U595	A1:U595
sheets/done-016/xlsx/TK-Syllabus-Comparison-Document-v2.xlsx	081-POF-(A)	visible	main	C757:C1048576	1047820	41	18	yes	1	"H758=""x"""	yes	yes	n/a	yes	A1:U758	A1:U758
sheets/done-016/xlsx/TK-Syllabus-Comparison-Document-v2.xlsx	081-POF-(A)	visible	main	C757:C1048576	1047820	40	19	yes	1	"I758=""x"""	yes	yes	n/a	yes	A1:U758	A1:U758
sheets/done-016/xlsx/TK-Syllabus-Comparison-Document-v2.xlsx	081-POF-(A)	visible	main	D2:D88 D90:D96 D99:D101 D103:D179 D181 D183:D644 D646:D1048576	1048568	39	20	yes	1	"H2=""x"""	yes	yes	n/a	yes	A1:U758	A1:U758
sheets/done-016/xlsx/TK-Syllabus-Comparison-Document-v2.xlsx	081-POF-(A)	visible	main	F2:F88 F90:F96 F99:F101 F103:F556 F561:F644 F646:F1048576	1048566	38	21	yes	1	"H2=""x"""	yes	yes	n/a	yes	A1:U758	A1:U758
sheets/done-016/xlsx/TK-Syllabus-Comparison-Document-v2.xlsx	081-POF-(A)	visible	main	M2:M96 M98:M645 M647:M1048576	1048573	37	22	yes	1	"H2=""x"""	yes	yes	n/a	yes	A1:U758	A1:U758
sheets/done-016/xlsx/TK-Syllabus-Comparison-Document-v2.xlsx	081-POF-(A)	visible	main	N2:N96 N98:N645 N647:N1048576	1048573	36	23	yes	1	"H2=""x"""	yes	yes	n/a	yes	A1:U758	A1:U758
sheets/done-016/xlsx/TK-Syllabus-Comparison-Document-v2.xlsx	081-POF-(A)	visible	main	C2:C304 C306:C483 C485:C644 C646:C756	752	35	16	yes	1	"I2=""x"""	yes	yes	n/a	yes	A1:U758	A1:U758
sheets/done-016/xlsx/TK-Syllabus-Comparison-Document-v2.xlsx	081-POF-(A)	visible	main	C2:C304 C306:C483 C485:C644 C646:C756	752	34	17	yes	1	"H2=""x"""	yes	yes	n/a	yes	A1:U758	A1:U758
sheets/done-016/xlsx/TK-Syllabus-Comparison-Document-v2.xlsx	081-POF-(A)	visible	main	B2:B470 B478:B483 B476 B472 B474 B485:B581 B583:B756	749	33	15	yes	1	"I2=""x"""	yes	yes	n/a	yes	A1:U758	A1:U758
sheets/done-016/xlsx/TK-Syllabus-Comparison-Document-v2.xlsx	081-POF-(A)	visible	main	C305	1	32	13	yes	1	"I305=""x"""	yes	yes	n/a	yes	A1:U758	A1:U758
sheets/done-016/xlsx/TK-Syllabus-Comparison-Document-v2.xlsx	081-POF-(A)	visible	main	C305	1	31	14	yes	1	"H305=""x"""	yes	yes	n/a	yes	A1:U758	A1:U758
sheets/done-016/xlsx/TK-Syllabus-Comparison-Document-v2.xlsx	081-POF-(A)	visible	main	B471	1	30	12	yes	1	"I471=""x"""	yes	yes	n/a	yes	A1:U758	A1:U758
sheets/done-016/xlsx/TK-Syllabus-Comparison-Document-v2.xlsx	081-POF-(A)	visible	main	B473	1	29	11	yes	1	"I473=""x"""	yes	yes	n/a	yes	A1:U758	A1:U758
sheets/done-016/xlsx/TK-Syllabus-Comparison-Document-v2.xlsx	081-POF-(A)	visible	main	B475	1	28	10	yes	1	"I475=""x"""	yes	yes	n/a	yes	A1:U758	A1:U758
sheets/done-016/xlsx/TK-Syllabus-Comparison-Document-v2.xlsx	081-POF-(A)	visible	main	B477	1	27	9	yes	1	"I477=""x"""	yes	yes	n/a	yes	A1:U758	A1:U758
sheets/done-016/xlsx/TK-Syllabus-Comparison-Document-v2.xlsx	081-POF-(A)	visible	main	C484	1	26	7	yes	1	"I484=""x"""	yes	yes	n/a	yes	A1:U758	A1:U758
sheets/done-016/xlsx/TK-Syllabus-Comparison-Document-v2.xlsx	081-POF-(A)	visible	main	C484	1	25	8	yes	1	"H484=""x"""	yes	yes	n/a	yes	A1:U758	A1:U758
sheets/done-016/xlsx/TK-Syllabus-Comparison-Document-v2.xlsx	081-POF-(A)	visible	main	B484	1	24	6	yes	1	"I484=""x"""	yes	yes	n/a	yes	A1:U758	A1:U758
sheets/done-016/xlsx/TK-Syllabus-Comparison-Document-v2.xlsx	081-POF-(A)	visible	main	B582	1	23	5	yes	1	"I582=""x"""	yes	yes	n/a	yes	A1:U758	A1:U758
sheets/done-016/xlsx/TK-Syllabus-Comparison-Document-v2.xlsx	081-POF-(A)	visible	main	D645	1	22	3	yes	1	"H645=""x"""	yes	yes	n/a	yes	A1:U758	A1:U758
sheets/done-016/xlsx/TK-Syllabus-Comparison-Document-v2.xlsx	081-POF-(A)	visible	main	F645	1	21	4	yes	1	"H645=""x"""	yes	yes	n/a	yes	A1:U758	A1:U758
sheets/done-016/xlsx/TK-Syllabus-Comparison-Document-v2.xlsx	081-POF-(A)	visible	main	M646	1	20	1	yes	1	"H646=""x"""	yes	yes	n/a	yes	A1:U758	A1:U758
sheets/done-016/xlsx/TK-Syllabus-Comparison-Document-v2.xlsx	081-POF-(A)	visible	main	N646	1	19	2	yes	1	"H646=""x"""	yes	yes	n/a	yes	A1:U758	A1:U758
sheets/done-016/xlsx/TK-Syllabus-Comparison-Document-v2.xlsx	082-POF-(H)	visible	main	B1:B1048576	1048576	18	10	yes	1	"I1=""x"""	yes	yes	n/a	yes	A1:T380	A1:T381
sheets/done-016/xlsx/TK-Syllabus-Comparison-Document-v2.xlsx	082-POF-(H)	visible	main	C1:C1048576	1048576	17	8	yes	1	"H1=""x"""	yes	yes	n/a	yes	A1:T380	A1:T381
sheets/done-016/xlsx/TK-Syllabus-Comparison-Document-v2.xlsx	082-POF-(H)	visible	main	C1:C1048576	1048576	16	9	yes	1	"I1=""x"""	yes	yes	n/a	yes	A1:T380	A1:T381
sheets/done-016/xlsx/TK-Syllabus-Comparison-Document-v2.xlsx	082-POF-(H)	visible	main	D1:D276 D279:D1048576	1048574	15	7	yes	1	"H1=""x"""	yes	yes	n/a	yes	A1:T380	A1:T381
sheets/done-016/xlsx/TK-Syllabus-Comparison-Document-v2.xlsx	082-POF-(H)	visible	main	F1:F1048576	1048576	14	6	yes	1	"H1=""x"""	yes	yes	n/a	yes	A1:T380	A1:T381
sheets/done-016/xlsx/TK-Syllabus-Comparison-Document-v2.xlsx	082-POF-(H)	visible	main	O1:O1048576	1048576	13	5	yes	1	"H1=""x"""	yes	yes	n/a	yes	A1:T380	A1:T381
sheets/done-016/xlsx/TK-Syllabus-Comparison-Document-v2.xlsx	082-POF-(H)	visible	main	P1:P1048576	1048576	12	4	yes	1	"H1=""x"""	yes	yes	n/a	yes	A1:T380	A1:T381
sheets/done-016/xlsx/TK-Syllabus-Comparison-Document-v2.xlsx	082-POF-(H)	visible	main	Q1:Q1048576	1048576	11	3	yes	1	"H1=""x"""	yes	yes	n/a	yes	A1:T380	A1:T381
sheets/done-016/xlsx/TK-Syllabus-Comparison-Document-v2.xlsx	082-POF-(H)	visible	main	D277	1	10	2	yes	1	"H277=""x"""	yes	yes	n/a	yes	A1:T380	A1:T381
sheets/done-016/xlsx/TK-Syllabus-Comparison-Document-v2.xlsx	082-POF-(H)	visible	main	D278	1	9	1	yes	1	"H278=""x"""	yes	yes	n/a	yes	A1:T380	A1:T381
sheets/done-016/xlsx/TK-Syllabus-Comparison-Document-v2.xlsx	090 Communications	visible	main	D2	1	8	10	yes	1	"H2=""x"""	yes	yes	n/a	yes	A1:T214	A1:XFD214
sheets/done-016/xlsx/TK-Syllabus-Comparison-Document-v2.xlsx	090 Communications	visible	main	O2	1	7	8	yes	1	"H2=""x"""	yes	yes	n/a	yes	A1:T214	A1:XFD214
sheets/done-016/xlsx/TK-Syllabus-Comparison-Document-v2.xlsx	090 Communications	visible	main	P2	1	6	7	yes	1	"H2=""x"""	yes	yes	n/a	yes	A1:T214	A1:XFD214
sheets/done-016/xlsx/TK-Syllabus-Comparison-Document-v2.xlsx	090 Communications	visible	main	Q2	1	5	6	yes	1	"H2=""x"""	yes	yes	n/a	yes	A1:T214	A1:XFD214
sheets/done-016/xlsx/TK-Syllabus-Comparison-Document-v2.xlsx	090 Communications	visible	main	D1:D7 D9:D1048576	1048575	4	101	yes	1	"H1=""x"""	yes	yes	n/a	yes	A1:T214	A1:XFD214
sheets/done-016/xlsx/TK-Syllabus-Comparison-Document-v2.xlsx	090 Communications	visible	main	F1:F7 F9:F1048576	1048575	3	102	yes	1	"H1=""x"""	yes	yes	n/a	yes	A1:T214	A1:XFD214
sheets/done-016/xlsx/TK-Syllabus-Comparison-Document-v2.xlsx	090 Communications	visible	main	C1:C7 C9:C1048576	1048575	2	103	yes	1	"I1=""x"""	yes	yes	n/a	yes	A1:T214	A1:XFD214
sheets/done-016/xlsx/TK-Syllabus-Comparison-Document-v2.xlsx	090 Communications	visible	main	C1:C7 C9:C1048576	1048575	1	104	yes	1	"H1=""x"""	yes	yes	n/a	yes	A1:T214	A1:XFD214
sheets/done-016/xlsx/TK-Syllabus-Comparison-Document-v2.xlsx	090 Communications	visible	main	B1:B1048576	1048576	0	105	yes	1	"I1=""x"""	yes	yes	n/a	yes	A1:T214	A1:XFD214
sheets/table-001/xlsx/FAA-2019-0995-0002_attachment_2.xlsx	ACC list	visible	main	C5:F99	380	1	1	no	1	"MID($C5,1,7)=""MISSING"""	yes	yes	yes	yes	A1:CG99	A1:XFD2305
sheets/table-001/xlsx/FAA-2019-0995-0002_attachment_2.xlsx	ACC list	visible	main	G5:R99	1140	0	2	no	1	"AND(MID($C5,1,7)=""MISSING"",$G5="""")"	yes	yes	yes	yes	A1:CG99	A1:XFD2305
