sheets/ceiling-001/xlsx/2020-01-29-Lease-Transition-Records-Checklist-FINAL-1.xlsx	DejaVuSerif,DejaVuSerif-Bold
sheets/ceiling-001/xlsx/2017-04-27-Lease-Transition-Records-Checklist-FINAL-1.xlsx	DejaVuSerif,DejaVuSerif-Bold
sheets/ceiling-001/xls/Template Pilot Logbook JAR-FCL V3.0.xls	DejaVuSans,DejaVuSans-Bold,LiberationSans,LiberationSans-Bold
sheets/ceiling-001/xlsx/EASA-IFP-WEBLISTNOODATA-ListsofForeignapprovals(WEB)_NewChart_2022-08-05-03-31-32.xlsx	Carlito-Regular
sheets/chartset-001/xlsx/001_advanced_excel_bar.xlsx	Caladea-Bold,Carlito-Bold,Carlito-Regular
sheets/chartset-001/xlsx/002_advanced_excel_line.xlsx	Caladea-Bold,Carlito-Bold,Carlito-Regular
sheets/ceiling-001/xlsx/EASA-IFP-145Scope(WEB)_ALL_ValidF145SOA_2022-12-16-04-31-58_0.xlsx	Carlito-Regular
sheets/chartset-001/xlsx/005_advanced_excel_area.xlsx	Caladea-Bold,Carlito-Bold,Carlito-Regular
sheets/chartset-001/xlsx/006_advanced_excel_scatter.xlsx	Caladea-Bold,Carlito-Bold,Carlito-Regular
sheets/chartset-001/xlsx/016_advanced_excel_radar.xlsx	Caladea-Bold,Carlito-Bold,Carlito-Regular
sheets/chartset-001/xlsx/022_advanced_excel_scatter.xlsx	Caladea-Bold,Carlito-Bold,Carlito-Regular
sheets/chartset-001/xlsx/025_advanced_excel_bar.xlsx	Caladea-Bold,Carlito-Bold,Carlito-Regular
sheets/chartset-001/xlsx/028_advanced_excel_doughnut.xlsx	Caladea-Bold,Carlito-Bold,Carlito-Regular
sheets/chartset-001/xlsx/032_advanced_excel_radar.xlsx	Caladea-Bold,Carlito-Bold,Carlito-Regular
sheets/chartset-001/xlsx/033_advanced_excel_bar.xlsx	Caladea-Bold,Carlito-Bold,Carlito-Regular
sheets/chartset-002/xlsx/003_advanced_excel_pie.xlsx	Caladea-Bold,Carlito-Bold,Carlito-Regular
sheets/chartset-002/xlsx/007_advanced_excel_bubble.xlsx	Caladea-Bold,Carlito-Bold,Carlito-Regular
sheets/chartset-002/xlsx/011_advanced_excel_pie.xlsx	Caladea-Bold,Carlito-Bold,Carlito-Regular
sheets/chartset-002/xlsx/012_advanced_excel_doughnut.xlsx	Caladea-Bold,Carlito-Bold,Carlito-Regular
sheets/chartset-002/xlsx/013_advanced_excel_area.xlsx	Caladea-Bold,Carlito-Bold,Carlito-Regular
sheets/chartset-002/xlsx/021_advanced_excel_area.xlsx	Caladea-Bold,Carlito-Bold,Carlito-Regular
sheets/chartset-002/xlsx/026_advanced_excel_line.xlsx	Caladea-Bold,Carlito-Bold,Carlito-Regular
sheets/chartset-002/xlsx/027_advanced_excel_pie.xlsx	Caladea-Bold,Carlito-Bold,Carlito-Regular
sheets/chartset-002/xlsx/030_advanced_excel_scatter.xlsx	Caladea-Bold,Carlito-Bold,Carlito-Regular
sheets/chartset-002/xlsx/034_advanced_excel_line.xlsx	Caladea-Bold,Carlito-Bold,Carlito-Regular
sheets/chartset-003/xlsx/004_advanced_excel_doughnut.xlsx	Caladea-Bold,Carlito-Bold,Carlito-Regular
sheets/chartset-003/xlsx/014_advanced_excel_scatter.xlsx	Caladea-Bold,Carlito-Bold,Carlito-Regular
sheets/chartset-003/xlsx/008_advanced_excel_radar.xlsx	Caladea-Bold,Carlito-Bold,Carlito-Regular
sheets/chartset-003/xlsx/015_advanced_excel_bubble.xlsx	Caladea-Bold,Carlito-Bold,Carlito-Regular
sheets/chartset-003/xlsx/017_advanced_excel_bar.xlsx	Caladea-Bold,Carlito-Bold,Carlito-Regular
sheets/chartset-003/xlsx/018_advanced_excel_line.xlsx	Caladea-Bold,Carlito-Bold,Carlito-Regular
sheets/chartset-003/xlsx/020_advanced_excel_doughnut.xlsx	Caladea-Bold,Carlito-Bold,Carlito-Regular
sheets/chartset-003/xlsx/024_advanced_excel_radar.xlsx	Caladea-Bold,Carlito-Bold,Carlito-Regular
sheets/chartset-003/xlsx/029_advanced_excel_area.xlsx	Caladea-Bold,Carlito-Bold,Carlito-Regular
sheets/chartset-003/xlsx/031_advanced_excel_bubble.xlsx	Caladea-Bold,Carlito-Bold,Carlito-Regular
sheets/chartset-004/xlsx/009_advanced_excel_bar.xlsx	Caladea-Bold,Carlito-Bold,Carlito-Regular
sheets/chartset-004/xlsx/010_advanced_excel_line.xlsx	Caladea-Bold,Carlito-Bold,Carlito-Regular
sheets/chartset-004/xlsx/019_advanced_excel_pie.xlsx	Caladea-Bold,Carlito-Bold,Carlito-Regular
sheets/chartset-004/xlsx/023_advanced_excel_bubble.xlsx	Caladea-Bold,Carlito-Bold,Carlito-Regular
sheets/chartset-004/xlsx/DynamicBubbleChart.xlsx	Carlito-Bold,Carlito-Regular,LiberationSerif
sheets/chartset-004/xlsx/microsoft_learn_multi_chart_examples.xlsx	Caladea-Bold,Carlito-Bold,Carlito-Regular
sheets/chartset-005/xlsx/004_Contextures_chart_sample_de7c0671.xlsx	Carlito-Bold,Carlito-Regular
sheets/chartset-005/xlsx/067_Basic_invoice_Use_this_template_1d35c3e9.xlsx	LiberationSans,LiberationSans-Bold
sheets/chartset-005/xlsx/022_Pareto_Chart_Template_-_Pareto_Analysis_in_Excel_with_Pareto_Diagram_82b5a874.xlsx	LiberationSans,LiberationSans-Bold
sheets/chartset-005/xlsx/073_Graph_paper_6e1a30eb.xlsx	Carlito-Bold,Carlito-Regular
sheets/chartset-005/xlsx/091_Volunteer_Sign_Up_Sheet_Template_Colored_Background_2cb58d01.xlsx	DejaVuSerif,DejaVuSerif-Bold
sheets/chartset-005/xlsx/074_Idea_planner_bacaa123.xlsx	Carlito-Bold,Carlito-Regular
sheets/chartset-005/xlsx/093_Volunteer_Sign_Up_Sheet_Template_Customizable_Format_3a4d6b58.xlsx	DejaVuSans
sheets/chartset-005/xlsx/095_Volunteer_Sign_Up_Sheet_Template_Fillable_Format_b3330009.xlsx	Carlito-Bold,Carlito-Regular
sheets/chartset-005/xlsx/096_Volunteer_Sign_Up_Sheet_Template_Green_Theme_b4f1809d.xlsx	Caladea-Regular
sheets/chartset-005/xlsx/098_Volunteer_Sign_Up_Sheet_Template_Simple_Layout_080a06a1.xlsx	LiberationSans,LiberationSans-Bold
sheets/chartset-006/xls/011_Contextures_chart_sample_599b4392.xls	Carlito-Bold,Carlito-Regular,LiberationSans,LiberationSans-Bold
sheets/chartset-006/xls/014_Contextures_chart_sample_991ecfc5.xls	Carlito-Bold,Carlito-Regular,LiberationSans,LiberationSans-Bold
sheets/chartset-006/xlsx/005_Contextures_chart_sample_6e279b08.xlsx	Carlito-Bold,Carlito-Regular
sheets/chartset-006/xlsx/006_Contextures_chart_sample_afa23b53.xlsx	Carlito-Bold,Carlito-Regular
sheets/chartset-006/xlsx/044_Cash_flow_forecast_Use_this_template_b8fa1f35.xlsx	DejaVuSans
sheets/chartset-006/xlsx/052_Manufacturing_output_chart_88570318.xlsx	DejaVuSans,DejaVuSans-Bold
sheets/chartset-006/xlsx/070_Equipment_inventory_list_Use_this_template_fd524c8a.xlsx	DejaVuSans,LiberationSans,LiberationSans-Bold,LiberationSerif
sheets/chartset-006/xlsx/061_Regional_sales_chart_cb9eb690.xlsx	DejaVuSans,DejaVuSans-Bold
sheets/chartset-006/xlsx/088_To-do_list_with_progress_tracker_Use_this_template_8c438912.xlsx	DejaVuSans,DejaVuSerif-Bold
sheets/chartset-006/xlsx/089_Vintage_inventory_list_Use_this_template_f616cac0.xlsx	DejaVuSans,DejaVuSans-Bold
sheets/chartset-007/xlsm/003_Contextures_chart_sample_9bda2719.xlsm	Carlito-Bold,Carlito-Regular
sheets/chartset-007/xlsx/037_Personal_money_tracker_a57957bb.xlsx	Carlito-Italic,Carlito-Regular,LiberationSerif,LiberationSerif-Italic
sheets/chartset-007/xlsx/040_Blood_pressure_tracker_872b6833.xlsx	DejaVuSans,DejaVuSans-Bold
sheets/chartset-007/xlsx/050_Financial_vision_d44241e1.xlsx	DejaVuSans,DejaVuSans-Bold
sheets/chartset-007/xlsx/054_Problem_analysis_with_Pareto_chart_11058329.xlsx	DejaVuSans,DejaVuSans-Bold
sheets/chartset-007/xlsx/058_Social_media_engagement_data_cfa1cb18.xlsx	DejaVuSans,DejaVuSans-Bold
sheets/chartset-007/xlsx/082_Project_to_do_list_28f80082.xlsx	DejaVuSans,DejaVuSans-Bold
sheets/chartset-007/xlsx/063_Sales_pipeline_aec57013.xlsx	DejaVuSans-Bold,DejaVuSerif,DejaVuSerif-Bold
sheets/chartset-007/xlsx/083_Project_tracker_Use_this_template_b38d057c.xlsx	DejaVuSans,DejaVuSans-Bold
sheets/chartset-007/xlsx/090_Weekly_time_sheet_Use_this_template_0499cc43.xlsx	DejaVuSans,DejaVuSans-Bold
sheets/chartset-008/xlsx/008_Contextures_chart_sample_7ea7a1d7.xlsx	Carlito-Bold,Carlito-Regular,DejaVuSans
sheets/chartset-008/xlsx/021_Control_Chart_Template_-_Create_Control_Charts_in_Excel_fd3b1a5d.xlsx	LiberationSans,LiberationSans-Bold,LiberationSans-Italic,OpenSymbol
sheets/chartset-008/xlsx/034_Personal_net_worth_calculator_f7b8fb57.xlsx	Carlito-Bold,Carlito-Regular,DejaVuSans
sheets/chartset-008/xlsx/023_Waterfall_Chart_Template_for_Excel_349f7689.xlsx	LiberationSans,LiberationSans-Bold,LiberationSans-BoldItalic,LiberationSans-Italic
sheets/chartset-008/xlsx/046_Cost_analysis_with_Pareto_chart_7db5ef69.xlsx	DejaVuSans-Bold,DejaVuSerif,DejaVuSerif-Bold
sheets/chartset-008/xlsx/055_Project_timeline_with_milestones_Use_this_template_546cecc0.xlsx	DejaVuSans,DejaVuSans-Bold
sheets/chartset-008/xlsx/092_Volunteer_Sign_Up_Sheet_Template_Complete_Guide_31fe4d22.xlsx	DejaVuSans,DejaVuSans-Bold
sheets/chartset-008/xlsx/051_Manufacturer_defect_analysis_53db27ea.xlsx	DejaVuSans,DejaVuSans-Bold
sheets/chartset-008/xlsx/094_Volunteer_Sign_Up_Sheet_Template_Editable_Format_6711b281.xlsx	DejaVuSerif,DejaVuSerif-Bold
sheets/chartset-008/xlsx/099_Volunteer_Sign_Up_Sheet_Template_Stylish_Format_c0cc35a6.xlsx	DejaVuSans,DejaVuSans-Bold
sheets/chartset-009/xlsx/015_Free_Gantt_Chart_Template_for_Excel_414e86bf.xlsx	LiberationSans,LiberationSans-Bold,LiberationSans-Italic
sheets/chartset-009/xlsx/024_Free_Kids_Chore_Chart_Template_ad74bb34.xlsx	Carlito-Bold,Carlito-Regular,LiberationSans,LiberationSans-Bold
sheets/chartset-009/xlsx/018_Weight_Loss_Chart_-_Free_Printable_Weight_Loss_Charts_and_Weight_Log_3337bd0a.xlsx	LiberationSans,LiberationSans-Bold
sheets/chartset-009/xlsx/029_Annual_budget_Use_this_template_30324a97.xlsx	DejaVuSans,DejaVuSans-Bold,DejaVuSerif,DejaVuSerif-Bold
sheets/chartset-009/xlsx/041_Business_budget_ef942467.xlsx	Carlito-Bold,Carlito-Regular
sheets/chartset-009/xlsx/053_Personal_asset_inventory_5446d84b.xlsx	DejaVuSans,DejaVuSans-Bold,DejaVuSerif
sheets/chartset-009/xlsx/075_Idea_planner_tasks_f44ebd73.xlsx	Carlito-Bold,Carlito-Regular
sheets/chartset-009/xlsx/056_Quarterly_sale_report_baa6bb0d.xlsx	DejaVuSans,DejaVuSerif,DejaVuSerif-Bold
sheets/chartset-009/xlsx/081_Project_performance_report_Use_this_template_be2468b3.xlsx	Carlito-Bold,Carlito-Regular,DejaVuSans-Bold
sheets/chartset-009/xlsx/085_Simple_Gantt_chart_d65b8377.xlsx	DejaVuSans-Bold,LiberationSans,LiberationSans-Bold,LiberationSans-Italic
sheets/chartset-010/xlsx/047_Date_tracker_Gantt_chart_bf34f3a8.xlsx	Carlito-Bold,Carlito-Italic,Carlito-Regular,DejaVuSans-Bold
sheets/chartset-010/xlsx/062_Run_chart_cb7476ea.xlsx	DejaVuSerif,DejaVuSerif-Bold,LiberationSans,LiberationSans-Bold
sheets/chartset-010/xlsx/069_Blue_modern_balance_sheet_Use_this_template_6b4d70d3.xlsx	DejaVuSans,DejaVuSans-Bold
sheets/chartset-010/xlsx/065_Weight_loss_tracker_ff1c89af.xlsx	DejaVuSans,DejaVuSans-Bold,DejaVuSerif-Bold
sheets/chartset-010/xlsx/072_Gantt_project_planner_dde00e33.xlsx	Carlito-Bold,Carlito-Italic,Carlito-Regular,DejaVuSans,DejaVuSans-Bold
sheets/chartset-010/xlsx/078_Modern_inventory_list_Use_this_template_41abd5bf.xlsx	DejaVuSans
sheets/chartset-010/xlsx/079_Org_charts_visual_248d1dcf.xlsx	DejaVuSans,DejaVuSans-Bold,DejaVuSerif
sheets/chartset-010/xlsx/084_Service_invoice_Use_this_template_c92b43dc.xlsx	DejaVuSans,DejaVuSans-Bold
sheets/chartset-010/xlsx/086_Simple_grey_invoice_Use_this_template_063b3773.xlsx	Carlito-Bold,Carlito-Italic,Carlito-Regular,DejaVuSans,DejaVuSans-Bold
sheets/chartset-010/xlsx/100_Volunteer_Sign_Up_Sheet_Template_Tabular_Format_0975f34e.xlsx	DejaVuSans,DejaVuSans-Bold
sheets/chartset-011/xlsx/010_Contextures_chart_sample_e6ea06a3.xlsx	Carlito-Bold,Carlito-Regular,DejaVuSans,DejaVuSans-Bold
sheets/chartset-011/xlsm/007_Contextures_chart_sample_667d8e47.xlsm	Carlito-Bold,Carlito-Regular,DejaVuSans-Bold
sheets/chartset-011/xlsx/028_Budget_summary_report_4aeefd13.xlsx	Caladea-Bold,Caladea-Italic,Caladea-Regular,DejaVuSerif,DejaVuSerif-Bold,LiberationSans
sheets/chartset-011/xlsx/042_Business_monthly_budget_4e4d092f.xlsx	DejaVuSans,DejaVuSans-Bold
sheets/chartset-011/xlsx/030_Basic_balance_sheet_Use_this_template_10ed9144.xlsx	DejaVuSans,DejaVuSans-Bold,DejaVuSerif,DejaVuSerif-Bold
sheets/chartset-011/xlsx/057_Simple_balance_sheet_Use_this_template_e2d4cbb2.xlsx	DejaVuSans,DejaVuSans-Bold
sheets/chartset-011/xlsx/060_Monthly_company_budget_47b2a99a.xlsx	DejaVuSans,DejaVuSerif
sheets/chartset-011/xlsx/066_Agile_Gantt_chart_08f9de45.xlsx	Carlito-Bold,Carlito-Regular
sheets/chartset-011/xlsx/077_Inventory_list_with_highlighting_Use_this_template_36d8d57a.xlsx	DejaVuSans
sheets/chartset-012/xlsx/002_Contextures_chart_sample_f605e7bc.xlsx	Carlito-Bold,Carlito-Regular,DejaVuSans,DejaVuSans-Bold
sheets/chartset-011/xlsx/071_Four-week_project_timeline_Use_this_template_4f05db49.xlsx	DejaVuSans,DejaVuSans-Bold,LiberationSans
sheets/chartset-012/xlsx/009_Contextures_chart_sample_adcb3f6c.xlsx	Carlito-Bold,Carlito-Regular,DejaVuSans,DejaVuSans-Bold,LiberationMono
sheets/chartset-012/xlsx/012_Contextures_chart_sample_9900da76.xlsx	Carlito-Bold,Carlito-Regular,DejaVuSans,DejaVuSans-Bold
sheets/chartset-012/xlsx/013_Contextures_chart_sample_21b98e22.xlsx	Carlito-Bold,Carlito-Regular,DejaVuSans,DejaVuSans-Bold
sheets/chartset-012/xlsx/020_Free_Blood_Pressure_Chart_and_Printable_Blood_Pressure_Log_8f8dcc39.xlsx	DejaVuSans,DejaVuSans-Bold,LiberationSans,LiberationSans-Bold
sheets/chartset-012/xlsx/036_Simple_to-do_list_Use_this_template_ba44373b.xlsx	DejaVuSans
sheets/chartset-012/xlsx/026_Monthly_cash_flow_statement_Use_this_template_8aaebea1.xlsx	LiberationSans,LiberationSans-Bold
sheets/chartset-012/xlsx/068_Blue_inventory_list_Use_this_template_f9908489.xlsx	DejaVuSans,DejaVuSans-Bold
sheets/chartset-012/xlsx/080_Profit_and_loss_income_statement_3566dae9.xlsx	DejaVuSans,DejaVuSans-Bold,LiberationMono
sheets/chartset-012/xlsx/097_Volunteer_Sign_Up_Sheet_Template_Professional_Format_075d06ed.xlsx	Caladea-Bold,Caladea-Regular,DejaVuSans
sheets/chartset-013/xlsx/001_Contextures_chart_sample_b089bc34.xlsx	Carlito-Bold,Carlito-Regular,DejaVuSans,DejaVuSans-Bold
sheets/chartset-013/xlsx/019_Free_Blood_Sugar_Chart_for_Excel_-_Track_Your_Blood_Sugar_Level_36f4a782.xlsx	DejaVuSans,DejaVuSans-Bold,LiberationSans,LiberationSans-Bold,LiberationSans-Italic,NotoColorEmoji
sheets/chartset-013/xlsx/031_Business_expense_budget_f3a46278.xlsx	DejaVuSans,DejaVuSans-Bold
sheets/chartset-013/xlsx/033_Event_planning_tracker_Use_this_template_f29a848e.xlsx	DejaVuSans,DejaVuSansMono,DejaVuSansMono-Bold,DejaVuSansMono-Oblique
sheets/chartset-013/xlsx/032_Business_expenses_budget_d377eaab.xlsx	DejaVuSans,DejaVuSans-Bold,DejaVuSerif,DejaVuSerif-Bold
sheets/chartset-013/xlsx/035_Project_plan_for_law_firms_aa2d4462.xlsx	Caladea-Bold,Caladea-Regular,Carlito-Bold,Carlito-Regular,DejaVuSans,DejaVuSans-Bold
sheets/chartset-013/xlsx/043_Buy_a_car_vs._rideshare_ff07c7e6.xlsx	DejaVuSans,DejaVuSans-Bold
sheets/chartset-013/xlsx/049_Expenses_calculator_c351f3d0.xlsx	DejaVuSans,DejaVuSans-Bold,DejaVuSerif,DejaVuSerif-Bold,LiberationSerif
sheets/chartset-013/xlsx/087_Simple_personal_budget_3cf9b1af.xlsx	DejaVuSans
sheets/chartset-013/xlsx/059_Milestone_and_task_project_timeline_Use_this_template_24f1e8f1.xlsx	Carlito-Bold,Carlito-Italic,Carlito-Regular,DejaVuSans-Bold
sheets/chartset-014/xlsx/016_Free_Organizational_Chart_Template_-_Company_Organization_Chart_db913144.xlsx	LiberationSans,LiberationSans-Bold
sheets/chartset-014/xlsx/017_Timeline_Templates_for_Excel_b88faee6.xlsx	DejaVuSans,DejaVuSans-Bold,LiberationSans,LiberationSans-Bold
sheets/chartset-014/xlsx/025_Printable_Reward_Charts_for_Kids_-_Reward_Chart_Template_aabacd93.xlsx	DejaVuSans,DejaVuSans-Bold,LiberationSans,LiberationSans-Bold
sheets/chartset-014/xlsx/027_Simple_personal_cash_flow_statement_675c6584.xlsx	Caladea-Bold,Caladea-Regular,DejaVuSans,DejaVuSans-Bold
sheets/chartset-014/xlsx/038_Baby_growth_chart_bb9cd672.xlsx	DejaVuSans,LiberationSans,LiberationSans-Bold
sheets/chartset-014/xlsx/039_Baby_growth_tracker_e295ae56.xlsx	DejaVuSans,DejaVuSans-Bold,LiberationSans,LiberationSans-Bold
sheets/chartset-014/xlsx/048_Expense_trends_budget_18d1e8ba.xlsx	Carlito-Bold,Carlito-Regular,DejaVuSans,DejaVuSans-Bold
sheets/chartset-014/xlsx/064_Small_business_cash_flow_Use_this_template_0a640756.xlsx	DejaVuSans,LiberationSans,LiberationSans-Bold
sheets/chartset-014/xlsx/045_Check_register_with_chart_4becb8a0.xlsx	DejaVuSans,DejaVuSans-Bold,DejaVuSerif,DejaVuSerif-Bold
sheets/done-001/xls/Airplanes-MTOW.xls	Carlito-Regular
sheets/done-001/xls/REDAC_SCHEDULE_RPD_135.xls	LiberationSans,LiberationSans-Bold,OpenSymbol
sheets/done-001/xls/RPD 155 REDAC SCHEDULE 2014-04-02.xls	LiberationSans,LiberationSans-Bold,OpenSymbol
sheets/done-001/xlsx/16424782563923.xlsx	Carlito-Bold,Carlito-Regular
sheets/chartset-014/xlsx/076_Inventory_list_accessibility_guide_Use_this_template_f43dab19.xlsx	DejaVuSans,DejaVuSans-Bold,DejaVuSerif
sheets/done-001/xlsx/ExampleWhiteListData.xlsx	LiberationSans
sheets/done-001/xlsx/FMMO_NMPF_37C.xlsx	Carlito-Bold,Carlito-Regular
sheets/done-001/xlsx/Geo_Abschlussarbeiten.xlsx	LiberationSans,LiberationSans-Bold
sheets/done-001/xlsx/Patent Index 2024 - Top 100 applicants 2024.xlsx	LiberationSans,LiberationSans-Bold
sheets/done-001/xlsx/einvoice-summary-worksheet.xlsx	Carlito-Bold,Carlito-Regular
sheets/done-001/xlsx/oltl-bulletin-59-26-03-ptr-sc-registration-form-for-oltl-approved-software.xlsx	Carlito-Bold,Carlito-Regular
sheets/done-002/xls/2012-GA-Survey-Chapter-5-Tables-16Dec2013-V2.xls	LiberationSans,LiberationSans-Bold,LiberationSans-BoldItalic,LiberationSerif
sheets/done-002/xls/2012-GA-Survey-Chapter-6-Tables-16Dec2013-V2.xls	LiberationSans,LiberationSans-Bold,LiberationSans-BoldItalic,LiberationSerif
sheets/done-002/xls/P1636e.xls	LiberationSerif,LiberationSerif-Bold
sheets/done-002/xls/REDAC_SCHEDULE_RPD_137.xls	LiberationSans,LiberationSans-Bold,OpenSymbol
sheets/done-002/xlsx/(5000021142)-(subc0226)-criminology-subject-collection-list.xlsx	LiberationSans,LiberationSans-Bold
sheets/done-002/xlsx/AIRBUS_station_evaluation_checklist_v2.xlsx	LiberationSans,LiberationSans-Bold
sheets/done-002/xlsx/Chicago.List.2025.xlsx	Carlito-Bold,Carlito-Regular
sheets/done-002/xlsx/Upload__hvv_Linie_150_2023.XLSX	DejaVuSans
sheets/done-002/xlsx/e-pass-contact-details-template.xlsx	DejaVuSans-Bold
sheets/done-002/xlsx/WEBSITE-RESOURCE-LIST-by-CATEGORY-4-6-18-341pm.xlsx	LiberationSans,LiberationSans-Bold
sheets/done-003/xls/4-12-Kings-Attachment-13-Application-Architecture-Security-Requirements.xls	LiberationSans,LiberationSans-Bold
sheets/done-003/xls/NPA_21_21_Sentenced_Comments.xls	LiberationSans,LiberationSans-Bold,LiberationSans-Italic
sheets/done-003/xls/RPA-Budgets-FY-17-19-20.xls	Carlito-Bold,Carlito-Regular
sheets/done-003/xls/disclosures_ecm.xls	Carlito-Regular,LiberationSans,LiberationSans-Bold
sheets/done-003/xls/programs contact list as of 07-01-10.xls	LiberationSans,LiberationSans-Bold
sheets/done-003/xlsx/00514292.xlsx	LiberationSans,LiberationSans-Bold,LiberationSans-BoldItalic
sheets/done-003/xlsx/Air_Boss_Master_List.xlsx	Carlito-Bold,Carlito-Regular
sheets/done-003/xlsx/Bulletin-37-Appendix-2-immediate-detriment-data-request.xlsx	Carlito-Regular,LiberationSans,LiberationSans-Bold
sheets/done-003/xlsx/VOR Candidate Discontinuance List 2026-01-08.xlsx	LiberationSans,LiberationSans-Bold
sheets/done-003/xlsx/redac-sas-201503-fy17-research-portfolio.xlsx	Carlito-Bold,Carlito-Regular,LiberationSans,LiberationSans-Bold,LiberationSans-Italic
sheets/done-004/xls/NorwegianXPensionXFundXanalysisXexportsXandXLAWS-1.xls	Carlito-Bold,Carlito-Regular,LiberationSans
sheets/done-004/xls/flying-log-passenger-23rd-september-2014.xls	DejaVuSans,LiberationSans
sheets/done-004/xls/permit-applications-determined-july-2015.xls	LiberationSans,LiberationSans-Bold
sheets/done-004/xlsx/EU_145s_with_TCCA_approval_-_31.01.2025.xlsx	Carlito-Regular
sheets/done-004/xlsx/Estero Rotary Awards.xlsx	DejaVuSans,DejaVuSans-Bold
sheets/done-004/xlsx/Foreign_SA-CAT-I_and_CAT-II-III_Pub_0.xlsx	Carlito-Regular,LiberationSans,LiberationSans-Bold
sheets/done-004/xlsx/List-of-Members-August-2017.xlsx	LiberationSans,LiberationSans-Bold
sheets/done-004/xlsx/Part_375_Operators.xlsx	Carlito-Bold,Carlito-Regular,LiberationSerif
sheets/done-004/xlsx/UAE Type Accepted Aircraft Models.xlsx	LiberationSans,LiberationSans-Bold
sheets/done-004/xlsx/Travel-Cost-Estimate-Calculator.xlsx	Carlito-Bold,Carlito-Italic,Carlito-Regular
sheets/done-005/xls/Background_Declaration_Template.xls	Carlito-Bold,Carlito-Regular,DejaVuSans-Bold
sheets/done-005/xls/Praktikastellen_-_chinesischsprachiger_Kulturraum.xls	Carlito-Bold,Carlito-Regular
sheets/done-005/xls/SectorAdvisoryGroupandStrategyBoards.xls	DejaVuSans,DejaVuSans-Bold
sheets/done-005/xls/apron-area.xls	LiberationSans,LiberationSans-Bold,LiberationSerif
sheets/done-005/xlsx/National-Reports.xlsx	LiberationSerif,LiberationSerif-Bold
sheets/done-005/xls/cy10_primary_enplanements.xls	LiberationSans,LiberationSans-Bold
sheets/done-005/xlsx/Part_129_Operators.xlsx	DejaVuSans,LiberationSerif
sheets/done-005/xlsx/esurf-12-135-2024-t01.xlsx	Carlito-Regular
sheets/done-005/xlsx/arp-sop-300-Exhibit-A-Table-Templates.xlsx	Carlito-Bold,Carlito-Regular
sheets/done-006/xls/Hazard Analysis Template.xls	DejaVuSans,DejaVuSans-Bold,LiberationSans,LiberationSans-Bold
sheets/done-006/xls/WG7_NCWF_Skills_Table.XLS	LiberationSans,LiberationSans-Bold
sheets/done-005/xlsx/june_2025_published.xlsx	Carlito-Regular,DejaVuSans
sheets/done-006/xls/ZenithAviation_AuctionList.xls	LiberationSans,LiberationSans-Bold
sheets/done-006/xlsx/AFS-400_Contacts.xlsx	Carlito-Bold,Carlito-Regular
sheets/done-006/xlsx/Infotabelle_WLAN im Flugzeug.xlsx	DejaVuSans,DejaVuSans-Bold
sheets/done-006/xlsx/Performance.xlsx	Carlito-Bold,Carlito-Regular,DejaVuSans,OpenSymbol
sheets/done-006/xlsx/Published_Issuances_2024.xlsx	Carlito-Regular,DejaVuSans,DejaVuSans-Bold,LiberationSerif
sheets/done-006/xlsx/SSRO_Quarterly_Statistical_Bulletin_Q3201617_DATA.xlsx	Carlito-Bold,Carlito-Regular,LiberationSans,LiberationSans-Bold
sheets/done-006/xlsx/dragon-175066A.xlsx	DejaVuSans,LiberationSans-Bold,LiberationSerif-Bold,LiberationSerif-Italic,WenQuanYiZenHei
sheets/done-006/xlsx/register-changes-in-may-2024---adujsted.xlsx	LiberationSerif,LiberationSerif-Bold
sheets/done-007/xls/ACRONYM.xls	LiberationSerif,LiberationSerif-Bold
sheets/done-007/xlsx/114339-PROP-P127508-PUBLIC-PPCRNARCPPforPublication.xlsx	Carlito-Bold,Carlito-Italic,Carlito-Regular
sheets/done-007/xls/CSA_CCM_v1.2.xls	LiberationSans,LiberationSans-Bold
sheets/done-007/xlsx/National-Finalists-2024-1.xlsx	Carlito-Bold,Carlito-Regular,DejaVuSans
sheets/done-007/xlsx/SLSA_Directory_031423.xlsx	Carlito-Regular,DejaVuSans,LiberationSans
sheets/done-007/xlsx/ecopy of 2016 statistical bulletin_public finance statistics_final.xlsx	Caladea-Bold,Caladea-Regular,Carlito-Bold,Carlito-Regular,LiberationSerif,LiberationSerif-Bold
sheets/done-007/xlsx/essd-16-3433-2024-t02.xlsx	Carlito-Regular
sheets/done-007/xlsx/hdss-bulletin-index-2019-2022.xlsx	Carlito-Bold,Carlito-Regular,DejaVuSans
sheets/done-007/xlsx/jobs-bulletin-51-22-december-2025.xlsx	Carlito-Regular,DejaVuSans,DejaVuSans-Bold,NotoColorEmoji
sheets/done-007/xlsx/wiley-cancelled-title-list.xlsx	Carlito-Bold,Carlito-Regular
sheets/done-008/xls/Liste-Zertifizierung-ChemKlimaschutzV-RPT.xls	LiberationSans,LiberationSans-Bold
sheets/done-008/xlsx/2015-19 top 25 Arms producing companies data - to upload on website - FINAL_edit.xlsx	LiberationSerif,LiberationSerif-Bold,LiberationSerif-Italic
sheets/done-008/xls/data_20121018181533.xls	Carlito-Regular,DejaVuSerif
sheets/done-008/xlsx/Company_Seniority_Date_Calculator.xlsx	Carlito-Bold,Carlito-Regular,DejaVuSans,DejaVuSans-Bold,LiberationSans,LiberationSerif,OpenSymbol
sheets/done-008/xlsx/RVSM_Non_approved_list_2025_84c0b3f4ac.xlsx	Carlito-Bold,Carlito-Regular
sheets/done-008/xlsx/Computer and Software Services_50 State Comparison.xlsx	DejaVuSans,LiberationSans,LiberationSans-Bold
sheets/done-008/xlsx/TDA_Smoke-Detectors.xlsx	Carlito-Regular,DejaVuSans,DejaVuSans-Bold,LiberationSans-Bold,LiberationSerif
sheets/done-008/xlsx/template-ECSPR-notifications.xlsx	DejaVuSans,DejaVuSans-Bold,LiberationSans,LiberationSans-Bold
sheets/done-008/xlsx/airports_6.xlsx	DejaVuSans
sheets/done-008/xlsx/commander-authorisation-tasks-spreadsheet-october-2025.xlsx	Carlito-Bold,Carlito-Regular,DejaVuSans
sheets/done-009/xls/6f9e605c-fded-11e3-bd0e-00144feab7de.xls	DejaVuSans,DejaVuSans-Bold,LiberationSans,LiberationSans-Bold,LiberationSerif-Italic
sheets/done-009/xls/INDEX_Digital_Transformation_Toolkits.xls	DejaVuSans,DejaVuSans-Bold,LiberationSans-Bold
sheets/done-009/xls/EHEST-Pre-departure-checklist-Rev.-1-06-12-2016.xls	Carlito-Bold,Carlito-Regular,DejaVuSans,DejaVuSans-Bold,LiberationSans,LiberationSans-Bold,LiberationSerif
sheets/done-009/xlsx/Aviation_Abbreviations.xlsx	Carlito-Regular,LiberationSans,LiberationSans-Bold,LiberationSans-Italic
sheets/done-009/xlsx/Data-Architecture-Tool-Fit-Assessment-Template.xlsx	Carlito-Bold,Carlito-Italic,Carlito-Regular,LiberationSans,LiberationSans-Italic
sheets/done-009/xls/cy01_state.xls	LiberationSans,LiberationSans-Bold
sheets/done-009/xlsx/PBN Matrix NAAs (V01).xlsx	Carlito-Bold,Carlito-Italic,Carlito-Regular,LiberationSans,LiberationSans-Bold,LiberationSerif
sheets/done-009/xlsx/RegChangeReport.xlsx	Carlito-Regular,LiberationSans,LiberationSans-Bold,LiberationSans-Italic
sheets/done-009/xlsx/sistem-rekod-markah-srm-_-rekod-master.xlsx	Carlito-Bold,Carlito-Italic,Carlito-Regular,DejaVuSans,DejaVuSans-Bold,LiberationSans
sheets/done-010/xls/PC1000.xls	LiberationMono,LiberationSans,LiberationSans-Bold,LiberationSerif,LiberationSerif-Bold
sheets/done-009/xlsx/State-Medicaid-Payment-Policies-for-Medicare-Cost-Sharing.xlsx	Carlito-Bold,DejaVuSans,DejaVuSans-Bold
sheets/done-010/xls/Special-Procedures_2025-07-10.xls	Carlito-Bold,Carlito-Regular,LiberationSans-Bold
sheets/done-010/xls/RMP 2011-2014 and Inventory.xls	DejaVuSans,DejaVuSans-Bold,LiberationSans,LiberationSans-Bold
sheets/done-010/xls/TOGAF9-Tool-ConfReqts-CSQ.xls	Carlito-Bold,Carlito-BoldItalic,Carlito-Regular,LiberationSans,LiberationSerif
sheets/done-010/xls/cy06_primary_np_comm.xls	LiberationSans,LiberationSans-Bold
sheets/done-010/xlsx/DOE-C2M2-V1.1-to-DOE-C2M2-V2.1 (1.1.0).xlsx	Carlito-Bold,Carlito-Italic,Carlito-Regular,DejaVuSans,DejaVuSans-Bold
sheets/done-010/xlsx/AFCforPtF-Digital-Certificate-Publication-Report.xlsx	LiberationSans
sheets/done-010/xlsx/AMOC-Digital-Certificate-Publication-Report.xlsx	LiberationSans
sheets/done-010/xlsx/Keywords_Mapping_Graphs_and_Charts.xlsx	Carlito-Bold,Carlito-Regular
sheets/done-010/xlsx/NAARMO_Mexico_RVSM_Approvals.xlsx	Carlito-Bold,Carlito-BoldItalic,Carlito-Italic,Carlito-Regular
sheets/done-011/xls/List of EQS securities_0.xls	Carlito-Regular,LiberationSans-Bold
sheets/done-011/xls/SIL_TDB605.xls	Carlito-Bold,Carlito-Regular,DejaVuSans,DejaVuSans-Bold,LiberationSans,LiberationSans-Bold,LiberationSerif,LiberationSerif-Bold
sheets/done-011/xls/T0A0D0000090006XLSE.xls	DejaVuSans,LiberationSans,LiberationSans-Bold,LiberationSans-Italic
sheets/done-011/xlsx/2023-qhp-form-and-rate-combined-checklist-final.xlsx	LiberationSerif,LiberationSerif-Bold,LiberationSerif-BoldItalic
sheets/done-011/xlsx/Application_for_authorisation_as_crowdfunding_service_provider.xlsx	DejaVuSans,DejaVuSans-Bold
sheets/done-011/xlsx/Application_Compliance_Checklist_5_Apr_2021.xlsx	Caladea-Regular,Carlito-Bold,Carlito-Regular,DejaVuSans,LiberationSans,LiberationSans-Bold,LiberationSans-Italic
sheets/done-011/xlsx/Capability_List_9-14-2022_Dallas_Combined-Aircraft_Manuf_unsorted.xlsx	Carlito-Regular
sheets/done-011/xlsx/aircraft_analysis-2018-06.xlsx	Carlito-Bold,Carlito-Regular
sheets/done-011/xlsx/links-2026.xlsx	LiberationSans,LiberationSans-Bold
sheets/done-012/xls/SIL_TDB609.xls	Carlito-Bold,Carlito-Regular,DejaVuSans,DejaVuSans-Bold,LiberationSans,LiberationSans-Bold,LiberationSerif,LiberationSerif-Bold
sheets/done-011/xlsx/FY2023-AIP-grants.xlsx	Carlito-Bold,Carlito-Regular
sheets/done-012/xls/NPIAS_2007_App_A.xls	DejaVuSans,DejaVuSans-Bold
sheets/done-012/xls/npias_2009_appA.xls	DejaVuSans,LiberationSans
sheets/done-012/xlsx/2025_Active_Civil_Airmen_Statistics_FINAL.xlsx	Caladea-Regular,Carlito-Bold,Carlito-Regular,DejaVuSans,DejaVuSans-Bold,LiberationSans,LiberationSerif
sheets/done-012/xlsx/CSJU List of Recipients of funds 2013-2020.xlsx	Carlito-Bold,Carlito-Italic,Carlito-Regular,LiberationSans,LiberationSans-Bold
sheets/done-012/xlsx/Copy of EASA-IFP-WEBLISTNOODATA-ListsofBASAapprovals(WEB)_ListofValidUSBASAorganisations_2023-01-13-04-33-14.xlsx	LiberationSans
sheets/done-012/xlsx/EASA-IFP-WEBLISTNOODATA-ListsofBASAapprovals_WEB__ListofValidBASAorganisations_2025-01-20-08-56-36.xlsx	LiberationSans
sheets/done-012/xlsx/atspp_pay_tables.xlsx	LiberationSans,LiberationSans-Bold,LiberationSans-BoldItalic,LiberationSerif
sheets/done-012/xlsx/certification-type-certificates-docs-tcdns-databases-MAdB-Rotorcraft-14-28112013.xlsx	LiberationSans,LiberationSans-Bold
sheets/done-012/xlsx/MinCh-Digital-Certificate-Publication-Report.xlsx	LiberationSans
sheets/done-013/xls/aircraft_analysis_2016-04-27.xls	Carlito-Bold,Carlito-Regular
sheets/done-013/xls/18-02RD301_ILS_components_Master_9-13-18.xls	DejaVuSans,LiberationSans,LiberationSans-Bold
sheets/done-013/xls/ECA Sinters.xls	DejaVuSans-Bold,LiberationSans-Bold
sheets/done-013/xls/capa-liste-nse-1.xls	Carlito-Bold,LiberationSans,LiberationSans-Bold,LiberationSerif
sheets/done-013/xls/fy2010-aip-grants.xls	Carlito-Bold,Carlito-Regular
sheets/done-013/xls/fy2011-aip-grants.xls	Carlito-Bold,Carlito-Regular
sheets/done-013/xlsx/afn-afn-20250801-fy25-jan25-mar25.xlsx	DejaVuSans,DejaVuSans-Bold
sheets/done-013/xlsx/alle einzeln.xlsx	Carlito-Bold,LiberationSans,LiberationSans-Bold
sheets/done-013/xlsx/FY2021-AIP-grants.xlsx	Carlito-Bold,Carlito-Regular,DejaVuSans
sheets/done-013/xlsx/fy20-may20-sep20.xlsx	LiberationSans,LiberationSans-Bold
sheets/done-014/xls/7-memento-2015-transports-aeriens-b.xls	LiberationSans,LiberationSans-Bold,LiberationSans-BoldItalic,LiberationSans-Italic,LiberationSerif,LiberationSerif-Bold
sheets/done-014/xls/TICAPCapability_Final.xls	DejaVuSans,DejaVuSans-Bold,LiberationMono,LiberationSans,LiberationSans-Bold,LiberationSans-BoldItalic,LiberationSans-Italic,LiberationSerif,LiberationSerif-Bold,OpenSymbol
sheets/done-014/xls/UASEventsNov2014-Aug2015.xls	Carlito-Regular
sheets/done-014/xls/NPIAS_App_A.xls	DejaVuSans-Bold,LiberationSans,LiberationSans-Bold,LiberationSans-BoldItalic,LiberationSerif,LiberationSerif-Bold,LiberationSerif-BoldItalic
sheets/done-014/xlsx/Aircraft_Database.xlsx	Carlito-Bold,Carlito-Regular,LiberationSans,LiberationSans-Italic
sheets/done-014/xlsx/6880ac7361ca1b99a9230811_ST Capability List Rev.16 - Web.xlsx	DejaVuSans,DejaVuSans-Bold,LiberationSerif
sheets/done-014/xlsx/MajCh-Digital-Certificate-Publication-Report.xlsx	LiberationSans
sheets/done-014/xlsx/edb-emissions-databank v27-NewFormat (web).xlsx	DejaVuSans-Bold,LiberationSans,LiberationSans-Bold,LiberationSans-Italic
sheets/done-014/xlsx/fm-provider-service-measures.xlsx	Carlito-Bold,Carlito-Regular,LiberationSans,LiberationSans-Bold
sheets/done-015/xls/AIM_OPR_LIST.xls	Carlito-Bold,Carlito-Regular,DejaVuSans,LiberationSans
sheets/done-014/xlsx/seihon_zassi_kikou_20221215.xlsx	DejaVuSans,DejaVuSans-Bold,WenQuanYiZenHei
sheets/done-015/xls/laufende-nip-vorhaben-hyland.xls	LiberationSans,LiberationSans-Bold
sheets/done-015/xls/activespecs.xls	DejaVuSans
sheets/done-015/xls/underlying-holdings-emea-en_gb-monthly-holdings-state-street-emu-esg-screened-index-equity-fund.xls	Carlito-Regular
sheets/done-015/xls/PA_Delaware.xls	DejaVuSans
sheets/done-015/xlsx/EASA_PRODUCT_LIST_-_ALL.xlsx	LiberationSans,LiberationSans-Bold
sheets/done-015/xlsx/Global_Market_Forecast_2016-2035_Airbus_Data_Set.xlsx	Carlito-Bold,Carlito-Regular,LiberationSans,LiberationSans-Bold
sheets/done-015/xlsx/certification-type-certificates-docs-tcdns-databases-MAdB-Light-Prop-14-28112013.xlsx	LiberationSans
sheets/done-015/xlsx/flightstandards-doc-Cross-reference-table_version02.xlsx	Carlito-Bold,Carlito-Italic,Carlito-Regular,DejaVuSans,DejaVuSans-Bold,LiberationSerif
sheets/done-016/xlsx/EASA-IFP-147Scope_WEB__ALL_Valid147SoA_2024-11-28-11-16-31.xlsx	Carlito-Regular
sheets/done-016/xls/environment-edb-docs-edb-emissions-databank.xls	DejaVuSans-Bold,LiberationSans,LiberationSans-Bold,LiberationSans-Italic
sheets/done-016/xlsx/RCO_VOR_Master_List_082824.xlsx	Carlito-Bold,Carlito-Regular
sheets/done-016/xlsx/Laser Report 2024 FOIA __Oct (1).xlsx	Carlito-Regular
sheets/done-015/xlsx/tk-syllabus-comparison-document-v5.xlsx	Carlito-Bold,Carlito-BoldItalic,Carlito-Italic,Carlito-Regular,DejaVuSans
sheets/extra-001/xlsx/FY2018_Q4_UAS_Sightings.xlsx	Carlito-Regular
sheets/metrics-001/xlsx/ans_mappings_of_eccairs_terms.xlsx	Caladea-Bold,Caladea-Regular,Carlito-Regular,DejaVuSans,DejaVuSansMono,LiberationSans,LiberationSans-Bold
sheets/missing-001/xls/orbus_togaf_tool_csq.xls	Carlito-Regular,LiberationSans,LiberationSans-Bold,LiberationSans-BoldItalic,LiberationSans-Italic
sheets/pagination-001/xls/CIS_Debian_Linux_8_Benchmark_v1.0.0.xls	LiberationSans,LiberationSans-Bold
sheets/pagination-001/xls/grants-2005.xls	LiberationSans,LiberationSans-Bold
sheets/done-016/xlsx/TK-Syllabus-Comparison-Document-v2.xlsx	Carlito-Bold,Carlito-BoldItalic,Carlito-Italic,Carlito-Regular,DejaVuSans
sheets/pagination-001/xlsx/SIL_TDB648.xlsx	Carlito-Bold,Carlito-Regular,DejaVuSans,DejaVuSans-Bold,LiberationSerif,LiberationSerif-Bold
sheets/pagination-001/xlsx/sectors-defense-and-aerospace.xlsx	Carlito-Regular,DejaVuSans
sheets/pagination-001/xlsx/ODs-February-2022-Airbus-Commercial-Aircraft.xlsx	Carlito-Regular,LiberationSans,LiberationSans-Bold
sheets/table-001/xlsx/FAA-2019-0995-0002_attachment_2.xlsx	Carlito-Bold,DejaVuSans,DejaVuSans-Bold,LiberationSans,LiberationSans-Bold,LiberationSerif
sheets/unstable-001/xlsx/fse_identification_form.xlsx	Carlito-Bold,Carlito-Regular,LiberationSerif-Bold
slides/ceiling-001/ppt/RRM-training-syllabus-Chapter-3-Teamwork-TC-Towing-Incident-Analysis-Dec-2009.ppt	DejaVuSans,DejaVuSans-Bold,LiberationSans,LiberationSans-Bold,LiberationSans-BoldItalic,LiberationSerif,LiberationSerif-Bold,LiberationSerif-BoldItalic
slides/ceiling-001/ppt/Fundamentals_Module_1_basics.ppt	DejaVuSans-Bold,LiberationSans,LiberationSans-Bold,LiberationSans-BoldItalic,LiberationSans-Italic
slides/ceiling-001/ppt/W3_Case_Study_of_a_Tsunami_Warning_Simulation_Exercise_Ed.ppt	DejaVuSans,LiberationSans,LiberationSans-Bold,LiberationSans-BoldItalic,LiberationSerif,LiberationSerif-Bold
slides/ceiling-001/ppt/Thailand17.ppt	LiberationMono-Bold,LiberationSans,LiberationSans-Bold,LiberationSans-BoldItalic,LiberationSans-Italic,LiberationSerif,LiberationSerif-Bold,LiberationSerif-Italic
slides/ceiling-001/ppt/architecture6.ppt	Carlito-Regular,LiberationSans,LiberationSans-Bold,LiberationSans-Italic,OpenSymbol
slides/ceiling-001/pptx/7-Zulkefli_Part147n66_IKMAS.pptx	Carlito-Bold,Carlito-BoldItalic,Carlito-Italic,Carlito-Regular,DejaVuSans,DejaVuSans-Bold,LiberationSans
slides/ceiling-001/pptx/OnTrac_StarCertificationProgram-3Day.pptx	Carlito-Bold,Carlito-Regular,DejaVuSans,DejaVuSans-Bold,LiberationSans,LiberationSans-Bold,LiberationSans-Italic,OpenSymbol
slides/ceiling-001/pptx/N2_E_Maestroni_Swarm_COP.pptx	DejaVuSans,DejaVuSans-Bold,LiberationMono,LiberationSans
slides/ceiling-001/pptx/solog_orientation_august_2019.pptx	Carlito-Regular,DejaVuSans-Bold,DejaVuSerif,DejaVuSerif-Bold,LiberationSans,OpenSymbol
slides/ceiling-001/pptx/Sylva%20introduction%20session.pptx	Carlito-Bold,Carlito-Regular,DejaVuSans,DejaVuSans-Bold,LiberationSans,LiberationSans-Bold,OpenSymbol
slides/ceiling-002/ppt/pres_ioc_phuket.ppt	DejaVuSans,DejaVuSans-Bold,LiberationSans,LiberationSans-Bold,LiberationSans-BoldItalic,LiberationSerif,LiberationSerif-Bold,LiberationSerif-BoldItalic,OpenSymbol
slides/ceiling-002/pptx/8_P-Pavese_AIRBUS-ATB-journee-CRATB.pptx	Carlito-Bold,Carlito-Regular,DejaVuSans,DejaVuSans-Bold,DejaVuSerif,DejaVuSerif-Bold,LiberationSans,LiberationSans-Bold,LiberationSerif,LiberationSerif-Bold,OpenSymbol
slides/ceiling-002/pptx/16 - UTM - (NASA).pptx	Carlito-Bold,Carlito-BoldItalic,Carlito-Italic,Carlito-Regular,DejaVuSans,DejaVuSans-Bold,LiberationMono,LiberationSans,LiberationSans-Bold,LiberationSans-BoldItalic,LiberationSans-Italic
slides/ceiling-002/pptx/Demick_JetBlue.pptx	Carlito-Regular,DejaVuSerif,DejaVuSerif-Bold,OpenSymbol
slides/ceiling-002/pptx/WiGr_2021W_1_Angebot-Nachfrage-Elastizität-211017-171222.pptx	Carlito-Regular,DejaVuSans,LiberationSans,LiberationSans-Bold,LiberationSans-BoldItalic,LiberationSans-Italic,LiberationSerif,OpenSymbol
slides/chartset-001/pptx/008_advanced_powerpoint_bubble.pptx	Carlito-Bold,Carlito-Italic,Carlito-Regular
slides/chartset-001/pptx/015_advanced_powerpoint_scatter.pptx	Carlito-Bold,Carlito-Italic,Carlito-Regular
slides/chartset-001/pptx/016_advanced_powerpoint_bubble.pptx	Carlito-Bold,Carlito-Italic,Carlito-Regular
slides/chart-001/pptx/southern-classic-kennesaw-state-university-final.pptx	Carlito-Bold,Carlito-BoldItalic,Carlito-Italic,Carlito-Regular,DejaVuSans,LiberationSans,OpenSymbol
slides/chartset-001/pptx/031_advanced_powerpoint_scatter.pptx	Carlito-Bold,Carlito-Italic,Carlito-Regular
slides/chartset-001/pptx/bar_chart.pptx	LiberationSans,LiberationSans-Bold
slides/chartset-001/pptx/combo_bar_line_chart.pptx	LiberationSans,LiberationSans-Bold
slides/chartset-001/pptx/line_chart.pptx	LiberationSans,LiberationSans-Bold
slides/chartset-001/pptx/scatter_chart.pptx	LiberationSans
slides/chartset-001/pptx/stacked_area_chart.pptx	LiberationSans,LiberationSans-Bold
slides/chartset-001/pptx/stacked_bar_chart.pptx	LiberationSans,LiberationSans-Bold
slides/chartset-002/pptx/001_advanced_powerpoint_bar.pptx	Carlito-Bold,Carlito-Italic,Carlito-Regular,LiberationSans
slides/chartset-002/pptx/006_advanced_powerpoint_area.pptx	Carlito-Bold,Carlito-Italic,Carlito-Regular,LiberationSans
slides/chartset-002/pptx/007_advanced_powerpoint_scatter.pptx	Carlito-Bold,Carlito-Italic,Carlito-Regular
slides/chartset-002/pptx/014_advanced_powerpoint_area.pptx	Carlito-Bold,Carlito-Italic,Carlito-Regular,LiberationSans
slides/chartset-002/pptx/017_advanced_powerpoint_bar.pptx	Carlito-Bold,Carlito-Italic,Carlito-Regular,LiberationSans
slides/chartset-002/pptx/023_advanced_powerpoint_scatter.pptx	Carlito-Bold,Carlito-Italic,Carlito-Regular
slides/chartset-002/pptx/024_advanced_powerpoint_bubble.pptx	Carlito-Bold,Carlito-Italic,Carlito-Regular
slides/chartset-002/pptx/030_advanced_powerpoint_area.pptx	Carlito-Bold,Carlito-Italic,Carlito-Regular,LiberationSans
slides/chartset-002/pptx/032_advanced_powerpoint_bubble.pptx	Carlito-Bold,Carlito-Italic,Carlito-Regular
sheets/done-016/xlsx/STC_WebList.xlsx	LiberationSans,LiberationSans-Bold
slides/chartset-002/pptx/033_advanced_powerpoint_bar.pptx	Carlito-Bold,Carlito-Italic,Carlito-Regular,LiberationSans
slides/chartset-003/pptx/002_advanced_powerpoint_column.pptx	Carlito-Bold,Carlito-Italic,Carlito-Regular,LiberationSans
slides/chartset-003/pptx/003_advanced_powerpoint_line.pptx	Carlito-Bold,Carlito-Italic,Carlito-Regular,LiberationSans
slides/chartset-003/pptx/005_advanced_powerpoint_doughnut.pptx	Carlito-Bold,Carlito-Italic,Carlito-Regular,LiberationSans
slides/chartset-003/pptx/009_advanced_powerpoint_bar.pptx	Carlito-Bold,Carlito-Italic,Carlito-Regular,LiberationSans
slides/chartset-003/pptx/010_advanced_powerpoint_column.pptx	Carlito-Bold,Carlito-Italic,Carlito-Regular,LiberationSans
slides/chartset-003/pptx/011_advanced_powerpoint_line.pptx	Carlito-Bold,Carlito-Italic,Carlito-Regular,LiberationSans
slides/chartset-003/pptx/012_advanced_powerpoint_pie.pptx	Carlito-Bold,Carlito-Italic,Carlito-Regular,LiberationSans
slides/chartset-003/pptx/019_advanced_powerpoint_line.pptx	Carlito-Bold,Carlito-Italic,Carlito-Regular,LiberationSans
slides/chartset-003/pptx/027_advanced_powerpoint_line.pptx	Carlito-Bold,Carlito-Italic,Carlito-Regular,LiberationSans
slides/chartset-003/pptx/028_advanced_powerpoint_pie.pptx	Carlito-Bold,Carlito-Italic,Carlito-Regular,LiberationSans
slides/chartset-004/pptx/004_advanced_powerpoint_pie.pptx	Carlito-Bold,Carlito-Italic,Carlito-Regular,LiberationSans
slides/chartset-004/pptx/013_advanced_powerpoint_doughnut.pptx	Carlito-Bold,Carlito-Italic,Carlito-Regular,LiberationSans
slides/chartset-004/pptx/018_advanced_powerpoint_column.pptx	Carlito-Bold,Carlito-Italic,Carlito-Regular,LiberationSans
slides/chartset-004/pptx/020_advanced_powerpoint_pie.pptx	Carlito-Bold,Carlito-Italic,Carlito-Regular,LiberationSans
slides/chartset-004/pptx/021_advanced_powerpoint_doughnut.pptx	Carlito-Bold,Carlito-Italic,Carlito-Regular,LiberationSans
slides/chartset-004/pptx/022_advanced_powerpoint_area.pptx	Carlito-Bold,Carlito-Italic,Carlito-Regular,LiberationSans
slides/chartset-004/pptx/025_advanced_powerpoint_bar.pptx	Carlito-Bold,Carlito-Italic,Carlito-Regular,LiberationSans
slides/chartset-004/pptx/026_advanced_powerpoint_column.pptx	Carlito-Bold,Carlito-Italic,Carlito-Regular,LiberationSans
slides/chartset-004/pptx/029_advanced_powerpoint_doughnut.pptx	Carlito-Bold,Carlito-Italic,Carlito-Regular,LiberationSans
slides/chartset-005/pptx/004_2-Stage_Vertical_Funnel_Diagram_for_PowerPoint_593f4c80.pptx	Carlito-Bold,Carlito-Regular,DejaVuSans
slides/chartset-005/pptx/005_2-Step_Funnel_On_left_With_Text_767f0490.pptx	Carlito-Bold,Carlito-Regular,DejaVuSans
slides/chartset-005/pptx/011_3-Stage_Vertical_Funnel_Diagram_for_PowerPoint_10ce23dd.pptx	Carlito-Bold,Carlito-Regular,DejaVuSans
slides/chartset-005/pptx/006_2-Way_Horizontal_Hierarchy_for_PowerPoint_and_Google_Slides_7c1e5084.pptx	Carlito-Bold,Carlito-Italic,Carlito-Regular,DejaVuSans,LiberationSans-Bold
slides/chartset-005/pptx/068_Funnel_Diagram_for_PowerPoint_with_2_Steps_437e4ba7.pptx	Carlito-Bold,Carlito-Regular,DejaVuSans
slides/chartset-005/pptx/070_Funnel_Diagram_for_PowerPoint_with_4_Steps_975f1642.pptx	Carlito-Bold,Carlito-Regular,DejaVuSans
slides/chartset-005/pptx/071_Funnel_Diagram_for_PowerPoint_with_5_Steps_5ceacdec.pptx	Carlito-Bold,Carlito-Regular,DejaVuSans
slides/chartset-005/pptx/069_Funnel_Diagram_for_PowerPoint_with_3_Steps_f96396fc.pptx	Carlito-Bold,Carlito-Regular,DejaVuSans
slides/chartset-005/pptx/076_Hexadonut_Charts_for_PowerPoint_and_Google_Slides_2b879835.pptx	Carlito-Bold,Carlito-Regular,DejaVuSans,LiberationSans-Bold
slides/chartset-005/pptx/084_Infographic_Hierarchy_Tree_for_PowerPoint_fda8141c.pptx	Carlito-Bold,Carlito-Italic,Carlito-Regular,DejaVuSans,LiberationSans-Bold
slides/chartset-006/pptx/001_1-2-3_Horizontal_Hierarchy_39795b4d.pptx	Carlito-Bold,Carlito-Regular,DejaVuSans,LiberationSans-Bold
slides/chartset-006/pptx/017_4-Stage_Vertical_Funnel_Diagram_for_PowerPoint_61e7bde5.pptx	Carlito-Bold,Carlito-Regular,DejaVuSans
slides/chartset-006/pptx/007_3_Circles_Diagram_for_PowerPoint_dac9f170.pptx	Carlito-Bold,Carlito-Regular,DejaVuSans,LiberationSans-Bold
slides/chartset-006/pptx/031_Alarm_Clock_Pie-Chart_for_PowerPoint_and_Google_Slides_0b185a05.pptx	Carlito-Bold,Carlito-Regular,DejaVuSans,LiberationSans-Bold
slides/chartset-006/pptx/043_Dual_Horizontal_Hierarchy_for_PowerPoint_and_Google_Slides_5074b09e.pptx	Carlito-Bold,Carlito-Italic,Carlito-Regular,DejaVuSans,LiberationSans-Bold
slides/chartset-006/pptx/044_Dual_Mind_Spark_Chart_for_PowerPoint_a83f890a.pptx	Carlito-Bold,Carlito-Regular,DejaVuSans,LiberationSans-Bold
slides/chartset-006/pptx/055_Four_Pillar_Hierarchy_for_PowerPoint_and_Google_Slides_6b42ed18.pptx	Carlito-Bold,Carlito-Regular,DejaVuSans,LiberationSans-Bold
slides/chartset-006/pptx/077_Horizontal_Org_Chart_for_PowerPoint_and_Google_Slides_8cf07020.pptx	Carlito-Bold,Carlito-Italic,Carlito-Regular,DejaVuSans,LiberationSans-Bold
slides/chartset-006/pptx/094_Intersecting_Teardrops_for_PowerPoint_and_Google_Slides_ff43aedb.pptx	Carlito-Bold,Carlito-Italic,Carlito-Regular,DejaVuSans,LiberationSans-Bold
slides/chartset-006/pptx/099_Light_Bulb_SWOT_for_PowerPoint_and_Google_Slides_554a1e33.pptx	Carlito-Bold,Carlito-Regular,DejaVuSans,LiberationSans-Bold
slides/chartset-007/pptx/035_Chemistry_Column_PowerPoint_Chart_45bf8a76.pptx	Carlito-Bold,Carlito-Regular,DejaVuSans,LiberationSans-Bold
slides/chartset-007/pptx/039_Consumer_Decision_Journey_for_PowerPoint_319207e1.pptx	Carlito-Bold,Carlito-Regular,DejaVuSans,LiberationSans
slides/chartset-007/pptx/047_Female_Radar_Brain_for_PowerPoint_and_Google_Slides_c2a541f6.pptx	Carlito-Bold,Carlito-Italic,Carlito-Regular,DejaVuSans,LiberationSans-Bold
slides/chartset-007/pptx/057_Four-Branch_Diagram_for_PowerPoint_and_Google_Slides_ddf5d27c.pptx	Carlito-Bold,Carlito-Regular,DejaVuSans,LiberationSans-Bold
slides/chartset-007/pptx/054_Flowchart_Board_Game_for_PowerPoint_and_Google_Slides_1b047962.pptx	Carlito-Bold,Carlito-Regular,DejaVuSans,LiberationSans-Bold
slides/chartset-007/pptx/083_Infographic_Hexagon_Cluster_for_PowerPoint_and_Google_Slides_ef811a12.pptx	Carlito-Bold,Carlito-Italic,Carlito-Regular,DejaVuSans,LiberationSans-Bold
slides/chartset-007/pptx/090_Infographic_Radial_for_PowerPoint_and_Google_Slides_16a69891.pptx	Carlito-Bold,Carlito-Italic,Carlito-Regular,DejaVuSans,LiberationSans-Bold
slides/chartset-007/pptx/091_Infographic_Radial_for_PowerPoint_and_Google_Slides_c6909fa6.pptx	Carlito-Bold,Carlito-Regular,DejaVuSans,LiberationSans-Bold
slides/chartset-007/pptx/096_Lab_Flask_Charts_for_PowerPoint_and_Google_Slides_91e3cbb5.pptx	Carlito-Bold,Carlito-Regular,DejaVuSans,LiberationSans-Bold
slides/chartset-007/pptx/092_Infographic_Tree_Diagram_for_PowerPoint_and_Google_Slides_d721fa00.pptx	Carlito-Bold,Carlito-Italic,Carlito-Regular,DejaVuSans,LiberationSans-Bold
slides/chartset-008/pptx/009_3-Circle_Venn_PowerPoint_Diagram_2e59baa9.pptx	Carlito-Bold,Carlito-Italic,Carlito-Regular,DejaVuSans,DejaVuSans-Bold
slides/chartset-008/pptx/018_4-Step_Hexagons_Puzzle_Diagram_for_PowerPoint_19957cce.pptx	Carlito-Bold,Carlito-Italic,Carlito-Regular,DejaVuSans,LiberationSans-Bold
slides/chartset-008/pptx/012_3-Step_Hexagons_Puzzle_Diagram_for_PowerPoint_982482b5.pptx	Carlito-Bold,Carlito-Italic,Carlito-Regular,DejaVuSans,LiberationSans-Bold
slides/chartset-008/pptx/038_Competitive_Advantage_Card_for_PowerPoint_and_Google_Slides_373720f6.pptx	Carlito-Bold,Carlito-Regular,DejaVuSans,LiberationSans-Bold
slides/chartset-008/pptx/040_Crab_Diagram_for_PowerPoint_and_Google_Slides_13d38ff3.pptx	Carlito-Bold,Carlito-Italic,Carlito-Regular,DejaVuSans,LiberationSans-Bold
slides/chartset-008/pptx/058_Four-Direction_Divergence_Diagram_for_PowerPoint_and_Google_Slides_9838e28d.pptx	Carlito-Bold,Carlito-Regular,DejaVuSans,LiberationSans-Bold
slides/chartset-008/pptx/065_Fourfold_Ribbon_Rings_for_PowerPoint_and_Google_Slides_39687419.pptx	Carlito-Bold,Carlito-Regular,DejaVuSans,LiberationSans-Bold
slides/chartset-008/pptx/072_Gear_Pie_Chart_for_PowerPoint_and_Google_Slides_d464d3a0.pptx	Carlito-Bold,Carlito-Regular,DejaVuSans,LiberationSans-Bold
slides/chartset-008/pptx/078_Horizontal_Pyramid_Org_Chart_for_PowerPoint_and_Google_Slides_70ea115a.pptx	Carlito-Bold,Carlito-Regular,DejaVuSans,LiberationSans-Bold
slides/chartset-008/pptx/100_Lime_and_Lemon_Data-Driven_Chart_for_PowerPoint_d7bb4a44.pptx	Carlito-Bold,Carlito-Regular,DejaVuSans,LiberationSans-Bold
slides/chartset-009/pptx/015_4-Option_Color_Wheel_Diagram_df7e4b8f.pptx	Carlito-Bold,Carlito-Regular,DejaVuSans,DejaVuSans-Bold,LiberationSans-Bold
slides/chartset-009/pptx/020_5-Option_Color_Wheel_Diagram_104ea3b0.pptx	Carlito-Bold,Carlito-Regular,DejaVuSans,DejaVuSans-Bold,LiberationSans-Bold
slides/chartset-009/pptx/022_5-Step_Hexagons_Puzzle_Diagram_for_PowerPoint_eda9895e.pptx	Carlito-Bold,Carlito-Italic,Carlito-Regular,DejaVuSans,LiberationSans-Bold
slides/chartset-009/pptx/025_6-Option_Color_Wheel_Diagram_27e1c74d.pptx	Carlito-Bold,Carlito-Regular,DejaVuSans,DejaVuSans-Bold,LiberationSans-Bold
slides/chartset-009/pptx/033_Battery_Percentage_Chart_c99c24b5.pptx	Carlito-Bold,Carlito-Regular,DejaVuSans,DejaVuSans-Bold,LiberationSans-Bold
slides/chartset-009/pptx/030_Abstract_Petal_Diagram_71aa5e3a.pptx	Carlito-Bold,Carlito-Regular,DejaVuSans,DejaVuSans-Bold,LiberationSans-Bold
slides/chartset-009/pptx/075_Heart_Arc_Radial_for_PowerPoint_and_Google_Slides_a27a3021.pptx	Carlito-Bold,Carlito-Italic,Carlito-Regular,DejaVuSans,LiberationSans-Bold
slides/chartset-009/pptx/052_Flame_Percentage_Chart_d27d49c4.pptx	Carlito-Bold,Carlito-Regular,DejaVuSans,DejaVuSans-Bold,LiberationSans-Bold
slides/chartset-009/pptx/037_Circle_Matrix_Framework_44bc5218.pptx	Carlito-Bold,Carlito-Regular,DejaVuSans,DejaVuSans-Bold,LiberationSans-Bold
slides/chartset-009/pptx/087_Infographic_Organization_Chart_for_PowerPoint_and_Google_Slides_2d951912.pptx	Carlito-Bold,Carlito-Italic,Carlito-Regular,DejaVuSans,LiberationSans-Bold
slides/chartset-010/pptx/002_10-Point_Dual_Hub_Comparison_4ee242c9.pptx	Carlito-Bold,Carlito-Regular,DejaVuSans,DejaVuSans-Bold,LiberationSans-Bold
slides/chartset-010/pptx/027_6-Point_Dual_Hub_Comparison_13f9af30.pptx	Carlito-Bold,Carlito-Regular,DejaVuSans,DejaVuSans-Bold,LiberationSans-Bold
slides/chartset-010/pptx/028_8-Point_Dual_Hub_Comparison_d6c5dde5.pptx	Carlito-Bold,Carlito-Regular,DejaVuSans,DejaVuSans-Bold,LiberationSans-Bold
slides/chartset-010/pptx/042_Diamond_Hub_Infographic_a60cfaa1.pptx	Carlito-Bold,Carlito-Regular,DejaVuSans,DejaVuSans-Bold,LiberationSans-Bold
slides/chartset-010/pptx/041_Crosswise_Quadrant_Diagram_ea8bdf52.pptx	Carlito-Bold,Carlito-Regular,DejaVuSans,DejaVuSans-Bold,LiberationSans-Bold
slides/chartset-010/pptx/045_Dual-Segment_Quadrant_14a57221.pptx	Carlito-Bold,Carlito-Regular,DejaVuSans,DejaVuSans-Bold,LiberationSans-Bold
slides/chartset-010/pptx/048_Five-Arrows_Converging_Cycle_bb192e27.pptx	Carlito-Bold,Carlito-Regular,DejaVuSans,DejaVuSans-Bold,LiberationSans-Bold
slides/chartset-010/pptx/063_Four-Step_Infinity_Loop_3480185b.pptx	Carlito-Bold,Carlito-Regular,DejaVuSans,DejaVuSans-Bold,LiberationSans-Bold
slides/chartset-010/pptx/093_Insightful_Zoom_Chart_22b5464e.pptx	Carlito-Bold,Carlito-Regular,DejaVuSans,DejaVuSans-Bold,LiberationSans-Bold
slides/chartset-010/pptx/095_Interwoven_Bars_e5aa46c2.pptx	Carlito-Bold,Carlito-Regular,DejaVuSans,DejaVuSans-Bold,LiberationSans-Bold
slides/chartset-011/pptx/010_3-Group_Hierarchy_for_PowerPoint_and_Google_Slides_20476ce0.pptx	Carlito-Bold,Carlito-Italic,Carlito-Regular,DejaVuSans,LiberationSans-Bold
slides/chartset-011/pptx/026_6-Part_Hexagon_Radial_Diagram_b8ca3f40.pptx	Carlito-Bold,Carlito-Regular,DejaVuSans,DejaVuSans-Bold,LiberationSans-Bold
slides/chartset-011/pptx/034_Central_Idea_Hub_Diagram_8258e6ad.pptx	Carlito-Bold,Carlito-Regular,DejaVuSans,DejaVuSans-Bold,LiberationSans-Bold
slides/chartset-011/pptx/046_Eight-Point_Strategic_Compass_35ee62de.pptx	Carlito-Bold,Carlito-Regular,DejaVuSans,DejaVuSans-Bold,LiberationSans-Bold
slides/chartset-011/pptx/051_Five-Stage_Zigzag_Timeline_2bd39be9.pptx	Carlito-Bold,Carlito-Regular,DejaVuSans,DejaVuSans-Bold,LiberationSans-Bold
slides/chartset-011/pptx/053_Flow_Wave_Process_9c0082f4.pptx	Carlito-Bold,Carlito-Regular,DejaVuSans,DejaVuSans-Bold,LiberationSans-Bold
slides/chartset-011/pptx/060_Four-Part_Radial_Core_Diagram_40d6614e.pptx	Carlito-Bold,Carlito-Regular,DejaVuSans,DejaVuSans-Bold,LiberationSans-Bold
slides/chartset-011/pptx/062_Four-Step_Growth_Staircase_8a3ef338.pptx	Carlito-Bold,Carlito-Regular,DejaVuSans,DejaVuSans-Bold,LiberationSans-Bold
slides/chartset-011/pptx/097_Labeled_Organization_Chart_for_PowerPoint_and_Google_Slides_f24fa592.pptx	Carlito-Bold,Carlito-Italic,Carlito-Regular,DejaVuSans,LiberationSans-Bold
slides/chartset-011/pptx/098_Leaning_Cards_Process_dadb3738.pptx	Carlito-Bold,Carlito-Regular,DejaVuSans,DejaVuSans-Bold,LiberationSans-Bold
slides/chartset-012/pptx/003_2-Circle_Venn_Diagram_7ab74e5c.pptx	Carlito-Bold,Carlito-Regular,DejaVuSans,DejaVuSans-Bold,LiberationSans-Bold
slides/chartset-012/pptx/008_3-Circle_Venn_Diagram_024a12c5.pptx	Carlito-Bold,Carlito-Regular,DejaVuSans,DejaVuSans-Bold,LiberationSans-Bold
slides/chartset-012/pptx/061_Four-Stage_Serpentine_Chart_05699efe.pptx	Carlito-Bold,Carlito-Regular,DejaVuSans,DejaVuSans-Bold,LiberationSans-Bold
slides/chartset-012/pptx/013_3-Step_Segmented_Cycle_Process_5232f82d.pptx	Carlito-Bold,Carlito-Regular,DejaVuSans,DejaVuSans-Bold,LiberationSans-Bold
slides/chartset-012/pptx/064_Four-Step_Success_Cycle_30c0a917.pptx	Carlito-Bold,Carlito-Regular,DejaVuSans,DejaVuSans-Bold,LiberationSans-Bold
slides/chartset-012/pptx/067_Free_PowerPoint_Layered_Funnel_Process_4_Stages_4deb9647.pptx	Carlito-Bold,Carlito-Regular,DejaVuSans,LiberationSans
slides/chartset-012/pptx/073_Halo_Radial_for_PowerPoint_and_Google_Slides_4bd0918b.pptx	Carlito-Bold,Carlito-Regular,DejaVuSans,LiberationSans-Bold
slides/chartset-012/pptx/074_Hashtag_Matrix_246eb8d9.pptx	Carlito-Bold,Carlito-Regular,DejaVuSans,DejaVuSans-Bold,LiberationSans-Bold
slides/chartset-012/pptx/080_Infographic_Cycle_Venn_Diagram_for_PowerPoint_2e3cdb7f.pptx	Carlito-Bold,Carlito-Regular,DejaVuSans,LiberationSans-Bold
slides/chartset-012/pptx/089_Infographic_Radial_Matrix_for_PowerPoint_and_Google_Slides_eb0550f2.pptx	Carlito-Bold,Carlito-Italic,Carlito-Regular,DejaVuSans,LiberationSans-Bold
slides/chartset-013/pptx/014_3D_Radial_Block_List_for_PowerPoint_and_Google_Slides_0773075e.pptx	Carlito-Bold,Carlito-Italic,Carlito-Regular,DejaVuSans,LiberationSans-Bold
slides/chartset-013/pptx/023_5-Step_Progress_Cards_91d5ff57.pptx	Carlito-Bold,Carlito-Regular,DejaVuSans,DejaVuSans-Bold,LiberationSans-Bold
slides/chartset-013/pptx/016_4-Position_Org_Chart_1d3640b6.pptx	Carlito-Bold,Carlito-Regular,DejaVuSans,LiberationSans-Bold
slides/chartset-013/pptx/032_BCG_Growth-Share_Matrix_560d0485.pptx	Carlito-Bold,Carlito-Regular,DejaVuSans,DejaVuSans-Bold,LiberationSans-Bold
slides/chartset-013/pptx/049_Five-Block_Hub_Spoke_42ee8593.pptx	Carlito-Bold,Carlito-Regular,DejaVuSans,DejaVuSans-Bold,LiberationSans-Bold
slides/chartset-013/pptx/050_Five-Point_Radial_Hub_00793e08.pptx	Carlito-Bold,Carlito-Regular,DejaVuSans,DejaVuSans-Bold,LiberationSans-Bold
slides/chartset-013/pptx/056_Four-Block_Hub_Spoke_134b89d1.pptx	Carlito-Bold,Carlito-Regular,DejaVuSans,DejaVuSans-Bold,LiberationSans-Bold
slides/chartset-013/pptx/066_Free_PowerPoint_Layered_Funnel_Process_c0b380ec.pptx	Carlito-Bold,Carlito-Regular,DejaVuSans,LiberationSans
slides/chartset-013/pptx/079_Horizontal_Relationships_for_PowerPoint_and_Google_Slides_a3d35f63.pptx	Carlito-Bold,Carlito-Regular,DejaVuSans,LiberationSans-Bold
slides/chartset-014/pptx/019_4-Step_Segmented_Cycle_Process_2ff93c19.pptx	Carlito-Bold,Carlito-Regular,DejaVuSans,DejaVuSans-Bold,LiberationSans-Bold
slides/chartset-013/pptx/088_Infographic_Quadrant_Pie_Chart_7b1e8abd.pptx	Carlito-Bold,Carlito-Regular,DejaVuSans,DejaVuSans-Bold,LiberationSans-Bold
slides/chartset-014/pptx/021_5-Position_Org_Chart_cb042559.pptx	Carlito-Bold,Carlito-Regular,DejaVuSans,LiberationSans-Bold
slides/chartset-014/pptx/029_8-Step_Neumorphic_Cycle_Diagram_b9b75044.pptx	Carlito-Bold,Carlito-Regular,DejaVuSans,DejaVuSans-Bold,LiberationSans-Bold
slides/chartset-014/pptx/024_5-Step_Segmented_Cycle_Process_c8ca37ef.pptx	Carlito-Bold,Carlito-Regular,DejaVuSans,DejaVuSans-Bold,LiberationSans-Bold
slides/chartset-014/pptx/036_Chevron_Process_Cards_3c8f0ea1.pptx	Carlito-Bold,Carlito-Regular,DejaVuSans,DejaVuSans-Bold,LiberationSans-Bold
slides/chartset-014/pptx/059_Four-Part_Concept_Puzzle_30cea7e5.pptx	Carlito-Bold,Carlito-Regular,DejaVuSans,DejaVuSans-Bold,LiberationSans,LiberationSans-Bold
slides/chartset-014/pptx/081_Infographic_Funnel_w_3_Stages_for_PowerPoint_28e26b31.pptx	Carlito-Bold,Carlito-Italic,Carlito-Regular,DejaVuSans,LiberationSans-Bold
slides/chartset-014/pptx/082_Infographic_Funnel_with_4_Stages_for_PowerPoint_72d4f125.pptx	Carlito-Bold,Carlito-Italic,Carlito-Regular,DejaVuSans,LiberationSans-Bold
slides/chartset-014/pptx/085_Infographic_Org_Chart_for_PowerPoint_5_Blocks_3870252f.pptx	Carlito-Bold,Carlito-Italic,Carlito-Regular,DejaVuSans,LiberationSans-Bold
slides/chartset-014/pptx/086_Infographic_Org_Chart_for_PowerPoint_6_Blocks_f9086d83.pptx	Carlito-Bold,Carlito-Italic,Carlito-Regular,DejaVuSans,LiberationSans-Bold
slides/done-001/ppt/WC_Update-Aug03.ppt	LiberationSerif,LiberationSerif-Bold
slides/done-001/ppt/policy-pesentation.ppt	LiberationSans,LiberationSans-Bold,OpenSymbol
slides/done-001/ppt/wells08_basic.ppt	LiberationSans,LiberationSerif,LiberationSerif-Bold,LiberationSerif-Italic
slides/done-001/pptx/Definitions commodity chains.pptx	LiberationSans,LiberationSans-Bold
slides/done-001/pptx/111006 COMSTAC STOWG Aero spaceports IFG.pptx	Carlito-Regular,LiberationSans
slides/done-001/pptx/BMFE-06-03 (Gerflor) Smoke Density and Toxicity.pptx	LiberationSans,LiberationSans-Bold,LiberationSans-BoldItalic,OpenSymbol
slides/done-001/pptx/Statement of Work presentation.pptx	DejaVuSans,DejaVuSans-Bold,OpenSymbol
slides/done-001/pptx/fishbone-diagram-template-ppt-1.pptx	Carlito-Regular,LiberationSans
slides/done-001/pptx/Trust Fund Excise Taxes Structure.pptx	LiberationSans,LiberationSans-Bold
slides/done-001/pptx/iaeg_work_group_leader_updates.pptx	Carlito-Regular,LiberationSans,LiberationSans-Bold,LiberationSans-Italic
slides/done-002/ppt/ws_prod-g-doc-Events-2007-Approval-of-Flight-Conditions-RM-NAA-16032007.ppt	DejaVuSans,DejaVuSans-Bold,LiberationSans,LiberationSans-Bold,OpenSymbol
slides/done-002/ppt/gfopportunitiesforlinkagespres_2010_en.ppt	Carlito-Bold,Carlito-BoldItalic,Carlito-Italic,Carlito-Regular,LiberationSans,LiberationSans-Bold,LiberationSans-Italic
slides/done-002/ppt/080214-Intl-pol-frameworks-and-their-implications-for-Africa-ISS-workshop.ppt	DejaVuSerif,DejaVuSerif-Bold,LiberationSans,LiberationSans-Italic
slides/done-002/ppt/ws_prod-g-doc-Events-2007-may-presentation-PtF-background-+-principles.ppt	DejaVuSans,DejaVuSans-Bold,OpenSymbol
slides/done-002/ppt/ws_prod-g-doc-Events-2007-november-IACA-presentation-at-EASA-Fuel-Tank-Safety-Training-Seminar.ppt	LiberationSerif,LiberationSerif-Bold,LiberationSerif-Italic
slides/done-002/pptx/Curriculum-Schematic-E22-11052025.pptx	DejaVuSans,DejaVuSans-Bold,LiberationSans,LiberationSans-Bold,LiberationSans-Italic
slides/done-002/ppt/ws_prod-g-doc-Events-Part-M-presentation.ppt	DejaVuSans,DejaVuSans-Bold,OpenSymbol
slides/done-002/pptx/dhs-293364.pptx	Carlito-Bold,Carlito-Regular,DejaVuSans,DejaVuSans-Bold,DejaVuSerif,LiberationSans,LiberationSans-Bold,OpenSymbol
slides/done-002/pptx/diapo_6_fees_vous_etes_poctdoct_exterieur_a_luniv_v2_0_1.pptx	Carlito-Bold,Carlito-Italic,DejaVuSans-Bold
slides/done-002/pptx/medicines_bulletin_february_2023_final.pptx	Carlito-Bold,Carlito-Regular,LiberationSans,LiberationSans-Bold
slides/done-003/ppt/010605Vul.ppt	DejaVuSans,LiberationSans,LiberationSans-Bold,LiberationSans-BoldItalic,LiberationSans-Italic,OpenSymbol
slides/done-003/ppt/Inducement-to-Insurance-Business.ppt	Carlito-Bold,DejaVuSans-Bold,DejaVuSerif,DejaVuSerif-Bold
slides/done-003/ppt/outlook_of_nigerian_pension_sector.ppt	DejaVuSans,DejaVuSans-Bold,LiberationSans,LiberationSans-Bold,OpenSymbol
slides/done-003/ppt/ws_prod-g-doc-Events-2007-Privileges.ppt	DejaVuSans,DejaVuSans-Bold,LiberationSans,LiberationSans-Bold,OpenSymbol
slides/done-003/ppt/ws_prod-g-doc-Events-2007-september-M.017-(French)-France.ppt	DejaVuSans,DejaVuSans-Bold,OpenSymbol
slides/done-003/ppt/ws_prod-g-doc-Events-2007-september-MDM.032-(ENGLISH)-CZ.ppt	DejaVuSans,DejaVuSans-Bold,LiberationSans-Bold,OpenSymbol
slides/done-003/pptx/02_REDAC_New ATM briefing _March 2017v2.pptx	LiberationSans,LiberationSans-Bold,LiberationSans-BoldItalic,LiberationSans-Italic,OpenSymbol
slides/done-003/pptx/97936.pptx	Carlito-Bold,Carlito-Regular,LiberationSans,LiberationSans-Bold,OpenSymbol
slides/done-003/pptx/ev122_jj-liew-tort-of-bribery-webinar.pptx	DejaVuSans,LiberationSans,LiberationSans-Bold,LiberationSans-Italic,OpenSymbol
slides/done-003/pptx/NCW-2024-Guide-.pptx	Carlito-Bold,Carlito-Regular,DejaVuSans,DejaVuSans-Bold
slides/done-004/ppt/0335fab9-79f0-4944-b92c-f223837ca2d8.ppt	LiberationSans,LiberationSans-Bold,LiberationSans-Italic
slides/done-004/ppt/undp_presentation_revised_17_may.ppt	DejaVuSans,DejaVuSans-Bold,LiberationSans,LiberationSans-Bold,LiberationSerif,LiberationSerif-Bold,OpenSymbol
slides/done-004/ppt/ws_prod-g-doc-Events-industrymeeting18112004-European-Safety-Strategy-Initiative.ppt	DejaVuSans,DejaVuSans-Bold,LiberationSans-Bold,OpenSymbol
slides/done-004/pptx/DOE Interactive Exercise Presentation draft rev 2.pptx	Carlito-Regular,DejaVuSans,LiberationSans,LiberationSans-Bold,OpenSymbol
slides/done-004/pptx/Item 6b - UNSD - Dissemination through APIs.pptx	Carlito-Bold,Carlito-Regular,LiberationSans
slides/done-004/pptx/Liturgical-Commission-2025-Convention-Presentation.pptx	DejaVuSans,LiberationSans
slides/done-004/pptx/Session 21- The option to expand & abandon.pptx	LiberationSans,LiberationSans-Italic,LiberationSerif,LiberationSerif-Bold,OpenSymbol
slides/done-004/pptx/attendance-updates-for-governors.pptx	Carlito-Bold,Carlito-Regular,DejaVuSans,DejaVuSans-Bold,LiberationSans,LiberationSans-Italic,OpenSymbol
slides/done-004/pptx/ghgp-supply-chain-initiative_20100323_wri.pptx	Carlito-Bold,Carlito-BoldItalic,Carlito-Italic,Carlito-Regular,DejaVuSans,LiberationSans,LiberationSans-Bold,LiberationSans-BoldItalic,LiberationSans-Italic,OpenSymbol
slides/done-005/ppt/ITE106-Chapter 4.ppt	Carlito-Bold,Carlito-BoldItalic,Carlito-Italic,Carlito-Regular,LiberationSans,LiberationSans-Bold,LiberationSans-BoldItalic
slides/done-004/pptx/redac-fullComm-201705-EE-FRs-briefing.pptx	Carlito-Bold,Carlito-Regular,DejaVuSerif,OpenSymbol
slides/done-005/ppt/pods05.ppt	DejaVuSans,DejaVuSans-Bold,LiberationMono,LiberationMono-Bold,LiberationSans,LiberationSans-Bold,LiberationSans-Italic,LiberationSerif,LiberationSerif-Bold,OpenSymbol
slides/done-005/ppt/ws_prod-g-doc-Events-industrymeeting18112004-Aercap.ppt	DejaVuSans,DejaVuSans-Bold,OpenSymbol
slides/done-005/pptx/5b_upasana_dasgupta_-_liability_and_registration.pptx	DejaVuSans,DejaVuSans-Bold,OpenSymbol
slides/done-005/ppt/berlin.ppt	DejaVuSans,DejaVuSans-Bold
slides/done-005/pptx/ANG C-1 ATC-TO Core Program - HF REDAC briefing September 7 2016.pptx	DejaVuSans,LiberationSans,LiberationSans-Bold,LiberationSans-BoldItalic,LiberationSans-Italic,OpenSymbol
slides/done-005/pptx/NAS-Infrastructure-Roadmaps-HSI.pptx	Carlito-Regular,DejaVuSans,DejaVuSans-Bold,LiberationSans,LiberationSans-Bold
slides/done-005/pptx/c_291533.pptx	Carlito-Bold,Carlito-Regular,DejaVuSans-Bold,LiberationSans,LiberationSans-Bold,LiberationSans-Italic,OpenSymbol
slides/done-005/pptx/NAS-Infrastructure-Roadmaps-Weather.pptx	DejaVuSans,DejaVuSans-Bold,LiberationSans,LiberationSans-Bold
slides/done-005/pptx/manufacturing_process_simulation_working_group_overview_2023.pptx	Carlito-Regular,DejaVuSans,DejaVuSans-Bold,LiberationSans
slides/done-006/ppt/Lepore.ppt	LiberationSans,LiberationSans-Bold,LiberationSans-BoldItalic,LiberationSans-Italic,LiberationSerif
slides/done-006/ppt/ws_prod-g-doc-Events-r-6.-ESM.ppt	DejaVuSans,DejaVuSans-Bold,LiberationSerif-Bold,OpenSymbol
slides/done-006/pptx/Course Selection 2025-26 Current Grade 09.pptx	DejaVuSans,DejaVuSans-Bold,OpenSymbol
slides/done-006/pptx/Ensemble-pour-l-amelioration-de-la-securite-de-lac-AIRBUS.pptx	DejaVuSans,LiberationSans,LiberationSans-Bold,OpenSymbol
slides/done-006/pptx/REDAC HF briefing Sep 2016_LARD_ATC_TO_FE_v2.pptx	Carlito-Regular,LiberationSans,LiberationSans-Bold,LiberationSans-BoldItalic,LiberationSans-Italic,OpenSymbol
slides/done-006/pptx/Stakeholders-v08052017 - v5.pptx	Carlito-Bold,Carlito-Regular,DejaVuSans,DejaVuSans-Bold,LiberationMono,LiberationSans,OpenSymbol
slides/done-006/pptx/nabiyeleul_1_aviation_service_28_july_2020.pptx	DejaVuSans,DejaVuSans-Bold,LiberationSans,OpenSymbol
slides/done-006/pptx/iris07.12.12.pptx	Carlito-Bold,Carlito-BoldItalic,Carlito-Italic,Carlito-Regular,LiberationSans,LiberationSans-Bold,LiberationSans-Italic,LiberationSerif,LiberationSerif-Italic
slides/done-006/pptx/social-media-app-bulletin-january.pptx	Carlito-Bold,Carlito-BoldItalic,Carlito-Italic,Carlito-Regular
slides/done-006/pptx/wopanets-innovationdays-06-16.pptx	LiberationSans,LiberationSans-Bold,OpenSymbol
slides/done-007/ppt/1-secretariat.ppt	DejaVuSans,DejaVuSans-Bold,LiberationSans-Bold
slides/done-007/ppt/71393_pp7.ppt	DejaVuSans,DejaVuSans-Bold,LiberationSans,LiberationSans-Bold,LiberationSans-BoldItalic,OpenSymbol
slides/done-007/ppt/introduction_to_bea_tuxedo.ppt	DejaVuSansMono,DejaVuSansMono-Bold,LiberationSans,LiberationSans-Bold,LiberationSans-BoldItalic,LiberationSerif,LiberationSerif-Bold
slides/done-007/ppt/joint_user_outcomes_michael_fullerton_29.06.12.ppt	Carlito-Bold,Carlito-Regular,DejaVuSans,DejaVuSerif,DejaVuSerif-Bold,LiberationSans,OpenSymbol
slides/done-007/pptx/Boeing 737 Max - Group 5.pptx	DejaVuSans
slides/done-007/pptx/BHCA Part II webinar #2 - 10.2020.pptx	DejaVuSans,DejaVuSerif,DejaVuSerif-Bold,LiberationMono,LiberationSans,LiberationSans-Bold
slides/done-007/pptx/10. Drawings, circuit diagrams and schematics.pptx	LiberationSans,LiberationSans-Bold,LiberationSans-BoldItalic,LiberationSans-Italic
slides/done-007/pptx/PAL Block Intro 2023.pptx	Carlito-Bold,Carlito-Regular,DejaVuSans,LiberationSans,LiberationSans-Bold,LiberationSans-Italic,OpenSymbol
slides/done-007/pptx/flying-by-numbers-presentation.pptx	Carlito-Bold,Carlito-Italic,Carlito-Regular,DejaVuSans,DejaVuSans-Bold,LiberationSans,LiberationSans-Bold
slides/done-007/pptx/bitesize-writing-a-report.pptx	Carlito-Bold,Carlito-Italic,Carlito-Regular,DejaVuSans-Bold,LiberationSans
slides/done-008/ppt/Framing Europe.ppt	LiberationSerif,LiberationSerif-Bold,LiberationSerif-Italic,OpenSymbol
slides/done-008/ppt/EG1_dsrc tech.ppt	DejaVuSans,DejaVuSans-Bold,LiberationSans,LiberationSans-Bold,LiberationSerif-Bold,OpenSymbol
slides/done-008/ppt/8.16_AOD_FINAL_Provider_Training_Presentation_9_2009.ppt	LiberationSans,LiberationSans-Bold,LiberationSerif,LiberationSerif-Bold,LiberationSerif-Italic,OpenSymbol
slides/done-008/ppt/concepts-surrounding-cloud-computing-carolyn-kranz-and-rich-prem-gb-seattle-2011.ppt	LiberationSans,LiberationSans-Bold,LiberationSans-BoldItalic,LiberationSans-Italic,LiberationSerif
slides/done-008/ppt/RESPA_-_Section_8_Webinar.ppt	Carlito-Bold,Carlito-Regular,DejaVuSans,DejaVuSans-Bold,OpenSymbol
slides/done-008/pptx/AATF-Fact-Sheet-2025.pptx	Carlito-Bold,Carlito-Italic,Carlito-Regular,DejaVuSans,DejaVuSans-Bold,LiberationSans,LiberationSans-Bold,OpenSymbol
slides/done-008/pptx/G-InvoicingKeithJarboe.pptx	Carlito-Bold,Carlito-Regular,DejaVuSans-Bold,LiberationSans,LiberationSans-Bold
slides/done-008/pptx/ROK-PI Climate Bulletin - Edition 2017-06.pptx	Carlito-Bold,Carlito-Italic,Carlito-Regular
slides/done-008/pptx/FIT26-Presentation-Airservices-Update.pptx	Carlito-Bold,Carlito-Regular,LiberationSans,LiberationSans-Bold
slides/done-008/pptx/item_3-environmental_process_briefing.pptx	DejaVuSans,LiberationSans,LiberationSans-Bold,OpenSymbol
slides/done-009/ppt/Airport Planning 09112013.ppt	DejaVuSans-Bold,LiberationSans,LiberationSans-Bold,LiberationSerif,LiberationSerif-Bold,OpenSymbol
slides/done-009/ppt/Employment-Based_I-485.ppt	DejaVuSans,DejaVuSans-Bold,OpenSymbol
slides/done-009/pptx/30-04-2021 merged NDoH and NICD_Presentation HBV BD meeting 05May2021_1.pptx	Carlito-Bold,Carlito-BoldItalic,Carlito-Regular,DejaVuSans-Bold,DejaVuSerif,LiberationSans,LiberationSans-Bold,OpenSymbol
slides/done-009/ppt/iep-amount-frequency-for-webinar.ppt	DejaVuSans,LiberationSans,LiberationSans-Bold,LiberationSans-BoldItalic,LiberationSans-Italic,OpenSymbol
slides/done-009/pptx/COMSTAC_11_5_2021am_2.pptx	LiberationSans,LiberationSans-Bold,LiberationSans-BoldItalic,OpenSymbol
slides/done-009/pptx/FIT26-Presentation-PR-Briefing-Debrief-Airbus.pptx	LiberationSans,LiberationSans-Bold,LiberationSans-Italic
slides/done-009/pptx/[Christophe]NLP_reseau_inge_stat.pptx	LiberationSans,LiberationSans-Bold,LiberationSans-BoldItalic,LiberationSans-Italic,OpenSymbol
slides/done-009/pptx/redac-sas-201403-ppt-portfolio-rev-sim.pptx	DejaVuSans,LiberationSans,LiberationSans-Bold,LiberationSans-BoldItalic,LiberationSans-Italic,LiberationSerif,LiberationSerif-Bold,OpenSymbol
slides/done-009/pptx/airbus-powerpoint-presentation-2019-20-without-video_diy_2019-20.pptx	Carlito-Bold,Carlito-Regular,DejaVuSans,DejaVuSansMono,LiberationSans,LiberationSans-Bold,OpenSymbol
slides/done-010/ppt/BUS-Chapter 05.ppt	DejaVuSans,DejaVuSans-Bold,LiberationSans,LiberationSans-Bold,LiberationSerif
slides/done-009/pptx/HENTZEN_COMPOSITE_MATERIALS_IN_THE_AEROSPACE_INDUSTRY.pptx	DejaVuSans,DejaVuSans-Bold,LiberationSans
slides/done-010/pptx/BasicMed_AME_Presentation.pptx	LiberationSans,LiberationSans-Bold,LiberationSans-Italic,OpenSymbol
slides/done-010/pptx/Copy of Full deck with references Promotion of Outside Interests at Work final(1).pptx	LiberationSans,LiberationSans-Bold,LiberationSans-BoldItalic,LiberationSans-Italic,LiberationSerif,LiberationSerif-Bold,OpenSymbol
slides/done-010/pptx/DoIRD Meeting 16JAN14 v1-1.pptx	Carlito-Bold,Carlito-BoldItalic,Carlito-Italic,Carlito-Regular,LiberationSans,OpenSymbol
slides/done-010/pptx/John_Broggio__RSS_Campion_event_John_Broggio.pptx	LiberationSans,LiberationSans-Bold,OpenSymbol
slides/done-010/pptx/REDAC Briefing_SSIT_CARA_08132014.ppt.pptx	LiberationSans,LiberationSans-Bold,LiberationSans-Italic,LiberationSerif-Bold
slides/done-010/pptx/Sector_Skills_Insights_Advanced_Manufacturing_summary_slide_pack.pptx	DejaVuSans,LiberationMono,LiberationSans,LiberationSans-Bold,LiberationSans-BoldItalic,OpenSymbol
slides/done-010/pptx/Tax factsheet 2022 (1).pptx	Carlito-Bold,Carlito-Regular,DejaVuSans,LiberationSans,LiberationSans-Bold
slides/done-010/pptx/passiv.pptx	Carlito-Bold,Carlito-Regular,DejaVuSans,DejaVuSans-Bold,LiberationSans,LiberationSans-Bold,LiberationSans-BoldItalic,LiberationSans-Italic,OpenSymbol
slides/done-010/pptx/section_1_our_rights_presentation.pptx	Carlito-Bold,Carlito-BoldItalic,Carlito-Regular,DejaVuSans,DejaVuSans-Bold,LiberationSans,OpenSymbol
slides/done-011/pptx/1_Country-Updates_DRC_English.pptx	Carlito-Regular,DejaVuSans,DejaVuSans-Bold,LiberationSans,LiberationSans-Bold
slides/done-011/pptx/171128IPAP.pptx	Carlito-Bold,Carlito-BoldItalic,Carlito-Italic,Carlito-Regular,DejaVuSans-Bold,LiberationSans,LiberationSans-Bold,LiberationSans-BoldItalic,OpenSymbol
slides/done-011/pptx/23-session-2-pptx.pptx	LiberationMono,LiberationSans,LiberationSans-Bold,OpenSymbol
slides/done-011/pptx/3492.pptx	DejaVuSans,LiberationSans,LiberationSans-Bold,LiberationSans-BoldItalic,LiberationSans-Italic
slides/done-011/pptx/3495.pptx	LiberationSans,LiberationSans-Bold,LiberationSans-BoldItalic,OpenSymbol
slides/done-011/pptx/B2B-Center-Readiness-and-Student-Retention.pptx	Carlito-Bold,Carlito-Italic,Carlito-Regular,DejaVuSans,DejaVuSans-Bold,LiberationSans
slides/done-011/pptx/Session-1-Presentation-Reporting-Forms-Form-12-final.pptx	Carlito-Regular,DejaVuSans,DejaVuSans-Bold,LiberationMono,LiberationSans,Montserrat-Bold,OpenSymbol
slides/done-011/pptx/_1___Opatrny_Ales_United_Kingdom_business_opportunities_final.pptx	Carlito-Bold,Carlito-Italic,Carlito-Regular,DejaVuSans,DejaVuSans-Bold,LiberationSans
slides/done-012/ppt/JesuitAssocOfStudentPersonnel.ppt	DejaVuSans,DejaVuSans-Bold,LiberationSans,LiberationSans-Bold,LiberationSans-BoldItalic,LiberationSans-Italic
slides/done-011/pptx/NAS-Infrastructure-Roadmaps-v16.0.pptx	Carlito-Bold,Carlito-Regular,DejaVuSans,DejaVuSans-Bold,LiberationSans,LiberationSans-Bold
slides/done-012/ppt/gillikin_online_user_mtg_2010.ppt	DejaVuSerif,LiberationSans,LiberationSans-Bold,LiberationSans-Italic,OpenSymbol
slides/done-012/pptx/429_BLISc 2019 IInd Sem.  PAPER-7 UNIT 3.pptx	Carlito-Regular,DejaVuSans,LiberationSans,LiberationSerif,LiberationSerif-Bold,OpenSymbol
slides/done-012/pptx/Intersil_Italy_CAN_Bus_Transceiver_Presentation_Final.pptx	Carlito-Bold,Carlito-Regular,DejaVuSans,DejaVuSans-Bold,LiberationSans,LiberationSans-Bold,LiberationSans-Italic
slides/done-012/pptx/County ACHS Presentaion Webinar 8-16-16 Peg.pptx	Carlito-Regular,DejaVuSans,LiberationMono,LiberationSans,LiberationSans-Bold,LiberationSans-BoldItalic,LiberationSans-Italic
slides/done-011/pptx/order-of-worship-ppt-revised-2018.pptx	DejaVuSans,DejaVuSans-Bold,LiberationSans,LiberationSans-Bold,LiberationSerif-Italic,OpenSymbol
slides/done-012/pptx/REDAC briefing March12-13-2014jemvbFINAL.ppt.pptx	Carlito-Bold,Carlito-Regular,DejaVuSans-Bold,LiberationSans,LiberationSans-Bold,LiberationSans-BoldItalic,LiberationSans-Italic,OpenSymbol
slides/done-012/pptx/SRDMG(16)024_60 GHz onboard airplanes.pptx	Carlito-Bold,Carlito-Regular,DejaVuSans,DejaVuSans-Bold,LiberationSans,LiberationSerif,OpenSymbol
slides/done-012/pptx/Sean Monogue.pptx	DejaVuSans,DejaVuSans-Bold,LiberationSans,OpenSymbol
slides/done-012/pptx/vvsummit2022-SAIC-PRESENTATION.pptx	Carlito-Regular,DejaVuSans,DejaVuSans-Bold,LiberationSans,OpenSymbol
slides/done-012/pptx/vv_summit_SAIC-PRESENTATION_FAA-V&V-Summit_508c.pptx	Carlito-Regular,DejaVuSans,DejaVuSans-Bold,LiberationSans,OpenSymbol
slides/done-013/ppt/2015-Civil-Rights-Website-training.ppt	DejaVuSans,DejaVuSans-Bold,DejaVuSansMono,LiberationMono,LiberationSans,LiberationSans-Bold,LiberationSans-Italic,LiberationSerif,LiberationSerif-Bold,LiberationSerif-BoldItalic,LiberationSerif-Italic,OpenSymbol
slides/done-013/ppt/hofman.ppt	LiberationSans,LiberationSans-Bold,LiberationSans-BoldItalic
slides/done-013/ppt/FAA_Form_337.ppt	DejaVuSans,DejaVuSans-Bold,LiberationMono,LiberationMono-Bold,LiberationMono-BoldItalic,LiberationMono-Italic,LiberationSans,LiberationSans-Bold,LiberationSans-BoldItalic,LiberationSans-Italic,LiberationSerif,LiberationSerif-Bold,LiberationSerif-BoldItalic,LiberationSerif-Italic,OpenSymbol
slides/done-013/ppt/ws_prod-g-doc-Events-2008-February-5-NATO-activities.ppt	LiberationSans,LiberationSans-Bold,LiberationSans-BoldItalic,LiberationSans-Italic
slides/done-013/pptx/2014BSA_Sunday_Killion.pptx	DejaVuSans-Bold,LiberationSans,LiberationSans-Bold,LiberationSans-BoldItalic,LiberationSans-Italic,LiberationSerif,LiberationSerif-Bold,LiberationSerif-Italic
slides/done-013/pptx/Structural Testing.pptx	Carlito-Bold,Carlito-Italic,Carlito-Regular,DejaVuSans,DejaVuSans-Bold,DejaVuSerif,LiberationMono,LiberationMono-Bold,LiberationSans,LiberationSans-Bold,LiberationSerif,OpenSymbol
slides/done-013/pptx/chapter_4_0.pptx	DejaVuSans,DejaVuSans-Bold,LiberationSans,LiberationSans-Bold,LiberationSans-BoldItalic,LiberationSans-Italic,OpenSymbol
slides/done-013/pptx/schematicplaymar21.pptx	LiberationSans,LiberationSans-Bold,LiberationSans-Italic,OpenSymbol
slides/done-013/pptx/redac-sas-201703-hf-research-division.pptx	LiberationSans,LiberationSans-Bold,OpenSymbol
slides/done-014/ppt/Aerospace_Journey_of_Flight_Chapter_BCB1637572DA6.ppt	LiberationSans,LiberationSans-Bold,LiberationSans-BoldItalic
slides/done-014/pptx/Presentation - Identify Components of the Airport (1).pptx	Carlito-Bold,Carlito-Regular,DejaVuSans,DejaVuSans-Bold,LiberationSans,OpenSymbol
slides/done-013/pptx/PRM_training.pptx	Carlito-Regular,DejaVuSans,DejaVuSerif,DejaVuSerif-Bold,LiberationSans,LiberationSerif,OpenSymbol
slides/done-014/pptx/Snowbirds_High_Show.pptx	LiberationSans,LiberationSerif,LiberationSerif-Bold,LiberationSerif-Italic,OpenSymbol
slides/done-014/pptx/Technical_Report_Elements[1].pptx	LiberationSans,LiberationSans-Bold,LiberationSans-BoldItalic,LiberationSans-Italic,OpenSymbol
slides/done-014/pptx/Reporting_responsibilities_matrix.pptx	Carlito-Bold,Carlito-Regular,OpenSymbol
slides/done-014/pptx/redac-nasops-201503-RIRP-portfolio-update.pptx	Carlito-Bold,DejaVuSans,DejaVuSans-Bold,LiberationSans,LiberationSans-Bold,LiberationSans-BoldItalic,LiberationSans-Italic,LiberationSerif,LiberationSerif-Bold,LiberationSerif-BoldItalic,OpenSymbol
slides/done-014/pptx/schematicplay.pptx	LiberationSans,LiberationSans-Bold,LiberationSans-Italic,OpenSymbol
slides/done-014/pptx/redac-sas-201509-asisp-research.pptx	Carlito-Bold,Carlito-BoldItalic,Carlito-Italic,Carlito-Regular,DejaVuSans,DejaVuSerif,LiberationSans,LiberationSans-Bold,LiberationSans-BoldItalic,LiberationSans-Italic,LiberationSerif,OpenSymbol
slides/done-015/ppt/Architecture.ppt	DejaVuSerif,LiberationSans,LiberationSans-Bold,LiberationSerif
slides/done-014/pptx/vvsummit2022-Research-Roadmap-and-the-UML-3-Operational-Integration-Assessment.pptx	Carlito-Bold,Carlito-Italic,Carlito-Regular,LiberationSans,Unifont
slides/done-015/pptx/1200-Assigning-Club-officers.pptx	Carlito-Bold,Carlito-BoldItalic,Carlito-Regular,DejaVuSans,DejaVuSans-Bold,LiberationSans,LiberationSans-Bold
slides/done-015/pptx/RPA P4 - Advanced Material.pptx	DejaVuSans,LiberationSans,LiberationSans-Bold,LiberationSerif,LiberationSerif-Bold,OpenSymbol
slides/done-015/pptx/Wildlife for REDAC September 11.pptx	Carlito-Bold,Carlito-Italic,Carlito-Regular,DejaVuSans-Bold,LiberationSans,LiberationSans-Bold,LiberationSans-Italic,LiberationSerif,LiberationSerif-Bold,LiberationSerif-Italic,OpenSymbol
slides/metrics-001/pptx/Ramp Up Campaign - French.pptx	AlegreyaSans-Bold,AlegreyaSans-ExtraBold,AlegreyaSans-Medium,LiberationSans
slides/missing-001/pptx/NWD-GLA-Community-Outreach-Day-Oct-2025.pptx	Carlito-Bold,Carlito-Regular,LiberationSans
slides/extra-001/pptx/FAAAIandtheArtandScienceofV&Vfinal.pptx	DejaVuSans,DejaVuSans-Bold,LiberationSans,LiberationSans-Bold,LiberationSans-Italic,OpenSymbol
words/ceiling-001/doc/150_5300_13_chg8.doc	DejaVuSans,DejaVuSans-Bold,DejaVuSerif,DejaVuSerif-Bold,LiberationSerif,LiberationSerif-Bold,LiberationSerif-Italic,OpenSymbol
words/ceiling-001/docx/ABCD-FE-01-00 Flight Envelope - v1 08.03.16.docx	Carlito-Bold,Carlito-Italic,Carlito-Regular,FreeSerif,LiberationSans,LiberationSans-Italic
words/ceiling-001/docx/AW-104D-RVSM-Aircraft-Approval-Checklist.pdf.docx	DejaVuSans-Bold,LiberationSans,LiberationSans-Bold
words/chartset-001/docx/002_advanced_word_chart_report.docx	Caladea-Bold,Caladea-Regular,Carlito-Bold,OpenSymbol
words/chartset-001/docx/008_advanced_word_chart_report.docx	Caladea-Bold,Caladea-Regular,Carlito-Bold,OpenSymbol
words/chartset-001/docx/014_advanced_word_chart_report.docx	Caladea-Bold,Caladea-Regular,Carlito-Bold,OpenSymbol
words/chartset-001/docx/020_advanced_word_chart_report.docx	Caladea-Bold,Caladea-Regular,Carlito-Bold,OpenSymbol
words/chartset-001/docx/026_advanced_word_chart_report.docx	Caladea-Bold,Caladea-Regular,Carlito-Bold,OpenSymbol
words/chartset-001/docx/032_advanced_word_chart_report.docx	Caladea-Bold,Caladea-Regular,Carlito-Bold,OpenSymbol
words/chartset-001/docx/clustered-column-result.docx	Carlito-Bold,Carlito-Regular
slides/done-014/pptx/servicedesk-plus-overviewfinal.pptx	DejaVuSans,DejaVuSans-Bold,LiberationSans,Roboto-Bold,Roboto-Light,Roboto-MediumItalic,Roboto-Regular,Roboto-ThinItalic
words/chartset-001/docx/clustered-column-template.docx	Carlito-Bold,Carlito-Regular
words/chartset-001/docx/pie-chart-result.docx	Carlito-Bold,Carlito-Regular
words/chartset-001/docx/pie-chart-template.docx	Carlito-Bold,Carlito-Regular
words/chartset-002/docx/005_advanced_word_chart_report.docx	Caladea-Bold,Caladea-Regular,Carlito-Bold,OpenSymbol
words/chartset-002/docx/006_advanced_word_chart_report.docx	Caladea-Bold,Caladea-Regular,Carlito-Bold,OpenSymbol
words/chartset-002/docx/011_advanced_word_chart_report.docx	Caladea-Bold,Caladea-Regular,Carlito-Bold,OpenSymbol
words/chartset-002/docx/015_advanced_word_chart_report.docx	Caladea-Bold,Caladea-Regular,Carlito-Bold,OpenSymbol
words/chartset-002/docx/017_advanced_word_chart_report.docx	Caladea-Bold,Caladea-Regular,Carlito-Bold,OpenSymbol
words/chartset-002/docx/021_advanced_word_chart_report.docx	Caladea-Bold,Caladea-Regular,Carlito-Bold,OpenSymbol
words/chartset-002/docx/023_advanced_word_chart_report.docx	Caladea-Bold,Caladea-Regular,Carlito-Bold,OpenSymbol
words/chartset-002/docx/029_advanced_word_chart_report.docx	Caladea-Bold,Caladea-Regular,Carlito-Bold,OpenSymbol
words/chartset-002/docx/030_advanced_word_chart_report.docx	Caladea-Bold,Caladea-Regular,Carlito-Bold,OpenSymbol
words/chartset-002/docx/033_advanced_word_chart_report.docx	Caladea-Bold,Caladea-Regular,Carlito-Bold,OpenSymbol
words/chartset-003/docx/001_advanced_word_chart_report.docx	Caladea-Bold,Caladea-Regular,Carlito-Bold,OpenSymbol
words/chartset-003/docx/003_advanced_word_chart_report.docx	Caladea-Bold,Caladea-Regular,Carlito-Bold,OpenSymbol
words/chartset-003/docx/004_advanced_word_chart_report.docx	Caladea-Bold,Caladea-Regular,Carlito-Bold,OpenSymbol
words/chartset-003/docx/007_advanced_word_chart_report.docx	Caladea-Bold,Caladea-Regular,Carlito-Bold,OpenSymbol
words/chartset-003/docx/009_advanced_word_chart_report.docx	Caladea-Bold,Caladea-Regular,Carlito-Bold,OpenSymbol
words/chartset-003/docx/016_advanced_word_chart_report.docx	Caladea-Bold,Caladea-Regular,Carlito-Bold,OpenSymbol
words/chartset-003/docx/019_advanced_word_chart_report.docx	Caladea-Bold,Caladea-Regular,Carlito-Bold,OpenSymbol
words/chartset-003/docx/027_advanced_word_chart_report.docx	Caladea-Bold,Caladea-Regular,Carlito-Bold,OpenSymbol
words/chartset-003/docx/025_advanced_word_chart_report.docx	Caladea-Bold,Caladea-Regular,Carlito-Bold,OpenSymbol
words/chartset-003/docx/028_advanced_word_chart_report.docx	Caladea-Bold,Caladea-Regular,Carlito-Bold,OpenSymbol
words/chartset-004/docx/010_advanced_word_chart_report.docx	Caladea-Bold,Caladea-Regular,Carlito-Bold,OpenSymbol
words/chartset-004/docx/012_advanced_word_chart_report.docx	Caladea-Bold,Caladea-Regular,Carlito-Bold,OpenSymbol
words/chartset-004/docx/013_advanced_word_chart_report.docx	Caladea-Bold,Caladea-Regular,Carlito-Bold,OpenSymbol
words/chartset-004/docx/018_advanced_word_chart_report.docx	Caladea-Bold,Caladea-Regular,Carlito-Bold,OpenSymbol
words/chartset-004/docx/022_advanced_word_chart_report.docx	Caladea-Bold,Caladea-Regular,Carlito-Bold,OpenSymbol
words/chartset-005/docx/003_Free_Genogram_Diagram_Template_Easy_Format_60eb6e42.docx	Carlito-Regular,DejaVuSerif
words/chartset-004/docx/031_advanced_word_chart_report.docx	Caladea-Bold,Caladea-Regular,Carlito-Bold,OpenSymbol
words/chartset-004/docx/024_advanced_word_chart_report.docx	Caladea-Bold,Caladea-Regular,Carlito-Bold,OpenSymbol
words/chartset-005/docx/036_Venn_Diagram_Template_Fillable_Layout_3ffbba36.docx	LiberationSans,LiberationSans-Bold
words/chartset-005/docx/005_Free_Genogram_Diagram_Template_Excellent_layout_f5f185d0.docx	DejaVuSerif-Bold
words/chartset-005/docx/052_Organogram_Template_Colorful_Flow_Chart_cba9fbfe.docx	DejaVuSerif
words/chartset-005/docx/054_Organogram_Template_Grey_Vertical_Theme_b2dbd9a8.docx	DejaVuSerif
words/chartset-005/docx/053_Organogram_Template_Creative_Theme_21657a3d.docx	DejaVuSerif
words/chartset-005/docx/083_Printable_Graph_Paper_Template_Customizable_Format_55ff93a3.docx	DejaVuSerif
words/chartset-005/docx/084_Printable_Graph_Paper_Template_Editable_Layout_d66c6820.docx	Carlito-Regular,FreeSerif
words/chartset-005/docx/087_Printable_Graph_Paper_Template_Green_Theme_0c14ea04.docx	Carlito-Regular,DejaVuSerif
words/chartset-005/docx/085_Printable_Graph_Paper_Template_Excellent_Format_4bcae89a.docx	Carlito-Regular
words/chartset-006/docx/001_Free_Genogram_Diagram_Template_Blue_and_Gray_Theme_7c9e01a7.docx	Carlito-Regular,DejaVuSerif-Bold
words/chartset-006/docx/033_Venn_Diagram_Template_Colored_Theme_2aea6697.docx	DejaVuSerif
words/chartset-006/docx/002_Free_Genogram_Diagram_Template_Customizable_Format_2219584b.docx	Carlito-Bold,Carlito-Regular
words/chartset-006/docx/057_Organogram_Template_Vertical_Colorful_Theme_724b143c.docx	Carlito-Regular,DejaVuSerif
words/chartset-006/docx/086_Printable_Graph_Paper_Template_Gray_Theme_7300e5d7.docx	Carlito-Regular,DejaVuSans
words/chartset-006/docx/081_Printable_Graph_Paper_Template_Blue_Theme_629316cb.docx	Carlito-Regular,DejaVuSans
words/chartset-006/docx/088_Printable_Graph_Paper_Template_Quality_layout_33051f6e.docx	DejaVuSans
words/chartset-006/docx/093_Business_Case_Template_Customizable_Layout_510c25e7.docx	Carlito-Bold,DejaVuSerif-Bold
words/chartset-006/docx/097_Business_Case_Template_Elegant_Layout_3ba9cbf2.docx	Caladea-Bold,Caladea-Regular,Carlito-Regular
words/chartset-006/docx/099_Business_Case_Template_Gray_Theme_ac3edbf4.docx	DejaVuSans-Bold
words/chartset-007/docx/009_Free_Genogram_Diagram_Template_Handy_Format_4bb900f0.docx	Carlito-Bold,Carlito-Regular,DejaVuSerif
words/chartset-007/docx/018_Project_Timeline_Template_Editable_Format_e1cf1df5.docx	Carlito-Regular,DejaVuSerif-Bold
words/chartset-007/docx/025_Unit_Circle_Chart_Cos_and_Sin_Model_1ed01892.docx	Carlito-Bold,Carlito-Regular,DejaVuSans
words/chartset-007/docx/034_Venn_Diagram_Template_Customizable_Format_d14642b7.docx	DejaVuSans
words/chartset-007/docx/049_Visual_Product_Roadmap_Template_Simple_Format_4af26e4f.docx	Carlito-Regular,DejaVuSerif-Bold
words/chartset-007/docx/058_Organogram_Template_With_Picture_Theme_44b79368.docx	DejaVuSerif
words/chartset-007/docx/074_Storyboard_Template_Editable_Design_132436d1.docx	Carlito-Bold,Carlito-Regular,DejaVuSerif
words/chartset-007/docx/094_Business_Case_Template_Decent_Layout_e7722f2b.docx	DejaVuSerif,DejaVuSerif-Bold
words/chartset-007/docx/080_Printable_Graph_Paper_Template_Black_Theme_6b066be1.docx	DejaVuSans
words/chartset-007/docx/089_Printable_Graph_Paper_Template_Simlpe_Format_3aff1c88.docx	DejaVuSans
words/chartset-008/docx/004_Free_Genogram_Diagram_Template_Editable_Format_b82b6152.docx	Carlito-Regular,DejaVuSerif,DejaVuSerif-Bold
words/chartset-008/docx/006_Free_Genogram_Diagram_Template_Fillable_Format_7ca08541.docx	Carlito-Bold,Carlito-Regular,DejaVuSans
words/chartset-008/docx/010_Free_Genogram_Diagram_Template_Yellow_Theme_6ee4f818.docx	Carlito-Bold,Carlito-Regular,DejaVuSerif-Bold
words/chartset-008/docx/012_Project_Timeline_Template_Black_and_Brown_Theme_35c76550.docx	Carlito-Bold,DejaVuSerif-Bold
words/chartset-008/docx/016_Project_Timeline_Template_Complete_Guide_7d36d09c.docx	Carlito-Bold,Carlito-Regular,DejaVuSerif-Bold
words/chartset-008/docx/035_Venn_Diagram_Template_Editable_Format_966dff5f.docx	DejaVuSerif,DejaVuSerif-Bold
words/chartset-008/docx/046_Visual_Product_Roadmap_Template_Fillable_Format_582acab0.docx	Carlito-Bold,DejaVuSerif-Bold
words/chartset-008/docx/098_Business_Case_Template_Fillable_Layout_d0c5410e.docx	Carlito-Bold,Carlito-Regular
words/chartset-008/docx/092_Business_Case_Template_Convenient_Format_00786cce.docx	Caladea-Bold,Caladea-Regular
words/chartset-008/docx/100_Business_Case_Template_Modern_Format_ff9e7282.docx	LiberationSans,LiberationSans-Bold
words/chartset-009/docx/007_Free_Genogram_Diagram_Template_Green_and_Purple_Theme_8d2ba829.docx	Carlito-Bold,Carlito-Regular,DejaVuSans
words/chartset-009/docx/017_Project_Timeline_Template_Customizable_Format_5d5ca2e8.docx	Caladea-Bold,Carlito-Bold,Carlito-Regular
words/chartset-009/docx/019_Project_Timeline_Template_Excellent_Layout_4ee62967.docx	Carlito-Regular,DejaVuSerif-Bold
words/chartset-009/docx/027_Unit_Circle_Chart_Graphical_Chart_5462a579.docx	Carlito-Bold,Carlito-Regular,DejaVuSans
words/chartset-009/docx/030_Unit_Circle_Chart_Points_System_23b5ef07.docx	Carlito-BoldItalic,Carlito-Regular,DejaVuSans
words/chartset-009/docx/037_Venn_Diagram_Template_Four_Circle_764829a0.docx	DejaVuSans
words/chartset-009/docx/041_Visual_Product_Roadmap_Template_Blank_Format_63a3e010.docx	Carlito-Regular,DejaVuSerif-Bold
words/chartset-009/docx/042_Visual_Product_Roadmap_Template_Colored_Background_89385cfb.docx	Carlito-Bold,Carlito-Regular,DejaVuSerif-Bold
words/chartset-009/docx/077_Storyboard_Template_Pink_and_Blue_Theme_805e82ab.docx	Carlito-Bold,Carlito-Regular,DejaVuSerif-Bold
words/chartset-010/docx/020_Project_Timeline_Template_Modern_Theme_0c215d87.docx	Carlito-Bold,DejaVuSerif-Bold
words/chartset-010/docx/023_Unit_Circle_Chart_Circular_Percentage_790f7b75.docx	Carlito-Regular,DejaVuSans,DejaVuSerif-Bold
words/chartset-009/docx/082_Printable_Graph_Paper_Template_Colored_Background_9092cf9b.docx	DejaVuSans
words/chartset-010/docx/026_Unit_Circle_Chart_Four_Quadrants_09bf3ed1.docx	Carlito-Bold,Carlito-Regular,DejaVuSans,DejaVuSerif
words/chartset-010/docx/028_Unit_Circle_Chart_Optimized_Graph_83d9c756.docx	Carlito-Bold,Carlito-Regular,DejaVuSans
words/chartset-010/docx/032_Venn_Diagram_Template_Brown_Theme_d5b549f0.docx	DejaVuSans
words/chartset-010/docx/051_Organogram_Template_Basic_Theme_e6464d06.docx	DejaVuSerif,DejaVuSerif-Bold
words/chartset-010/docx/056_Organogram_Template_Square_Theme_38f373d4.docx	DejaVuSerif
words/chartset-010/docx/066_Work_Breakdown_Structure_Template_Colored_Background_c27ff248.docx	DejaVuSerif
words/chartset-010/docx/067_Work_Breakdown_Structure_Template_Gray_Theme_89f8be8b.docx	DejaVuSerif
words/chartset-010/docx/090_Business_Case_Template_Blue_Theme_108ff0f1.docx	LiberationSerif,LiberationSerif-Bold
words/chartset-011/docx/015_Project_Timeline_Template_Colored_Background_6434b0e8.docx	Carlito-Bold,Carlito-Regular,DejaVuSerif,DejaVuSerif-Bold
words/chartset-011/docx/022_Unit_Circle_Chart_Circle_A_and_B_19dbf275.docx	Carlito-Bold,DejaVuSans,DejaVuSans-Bold,LiberationSerif
words/chartset-011/docx/029_Unit_Circle_Chart_Pie_Theme_8a922142.docx	Carlito-Regular,DejaVuSans,DejaVuSerif
words/chartset-011/docx/039_Venn_Diagram_Template_Simple_Format_6f82661d.docx	DejaVuSans,DejaVuSans-Bold
words/chartset-011/docx/040_Venn_Diagram_Template_Three_Circle_80f32f5e.docx	DejaVuSans,DejaVuSans-Bold,OpenSymbol
words/chartset-011/docx/043_Visual_Product_Roadmap_Template_Customizable_Format_ee0fe5b1.docx	Carlito-Bold,Carlito-Regular,DejaVuSerif-Bold
words/chartset-011/docx/061_Nursing_Concept_Map_Template_fb9816f0.docx	DejaVuSans,DejaVuSerif,DejaVuSerif-Bold
words/chartset-011/docx/064_Foot_Reflexology_Chart_Customizable_Format_79b7db06.docx	DejaVuSerif
words/chartset-011/docx/068_Work_Breakdown_Structure_Template_Green_Theme_63e69ed8.docx	DejaVuSerif,DejaVuSerif-Bold
words/chartset-011/docx/065_Work_Breakdown_Structure_Template_Blue_Theme_2b207f62.docx	DejaVuSans,DejaVuSans-Bold
words/chartset-012/docx/008_Free_Genogram_Diagram_Template_Green_and_Yellow_Theme_9017c1a8.docx	Carlito-Bold,Carlito-Regular,DejaVuSerif
words/chartset-012/docx/021_Unit_Circle_Chart_3D_Pie_Chart_404247ab.docx	Carlito-Regular,DejaVuSans,DejaVuSerif
words/chartset-012/docx/013_Project_Timeline_Template_Blue_Background_4ea3475e.docx	Carlito-Bold,Carlito-Regular,DejaVuSerif-Bold
words/chartset-012/docx/024_Unit_Circle_Chart_Colorful_Circles_7c92601e.docx	DejaVuSans
words/chartset-012/docx/031_Venn_Diagram_Template_Blue_Theme_a9e417b8.docx	DejaVuSans,DejaVuSans-Bold,OpenSymbol
words/chartset-012/docx/050_Visual_Product_Roadmap_Template_Yellow_and_Blue_Theme_49b50744.docx	Carlito-Bold,Carlito-Regular,DejaVuSerif,DejaVuSerif-Bold
words/chartset-012/docx/044_Visual_Product_Roadmap_Template_Editable_Format_c232a2c0.docx	Carlito-Bold,Carlito-Regular,DejaVuSerif-Bold
words/chartset-012/docx/055_Organogram_Template_Horizontal_Structure_28a7e725.docx	DejaVuSerif
words/chartset-012/docx/095_Business_Case_Template_Easy_Format_61de7128.docx	DejaVuSans,DejaVuSans-Bold
words/chartset-012/docx/096_Business_Case_Template_Editable_Layout_41fe0bc0.docx	DejaVuSerif,DejaVuSerif-Bold
words/chartset-013/docx/038_Venn_Diagram_Template_Off_White_and_Blue_Theme_9dff385e.docx	DejaVuSans,DejaVuSans-Bold,DejaVuSerif
words/chartset-013/docx/047_Visual_Product_Roadmap_Template_Professional_Layout_2ff4499e.docx	Carlito-Bold,DejaVuSans,DejaVuSans-Bold
words/chartset-013/docx/048_Visual_Product_Roadmap_Template_Quality_Layout_f38f7aee.docx	Carlito-Regular,DejaVuSerif-Bold
words/chartset-013/docx/059_Disease_Concept_Map_Template_4acf63f2.docx	DejaVuSans,DejaVuSans-Bold
words/chartset-013/docx/060_Human_Body_Concept_Map_Template_ac872cfb.docx	DejaVuSans,DejaVuSans-Bold
words/chartset-013/docx/069_Work_Breakdown_Structure_Template_Professional_Format_1e02dce1.docx	DejaVuSans
words/chartset-013/docx/072_Storyboard_Template_Colored_Theme_28524a15.docx	Carlito-Regular,DejaVuSerif-Bold
words/chartset-013/docx/075_Storyboard_Template_Fillable_Format_7fa01641.docx	Carlito-Bold,Carlito-Regular,FreeSerif
words/chartset-013/docx/073_Storyboard_Template_Easy_to_Use_44ce05fc.docx	Carlito-Bold,Carlito-Regular,DejaVuSerif-Bold
words/chartset-013/docx/091_Business_Case_Template_Complete_Guide_cb91a140.docx	Carlito-Regular,DejaVuSans,DejaVuSans-Bold
words/chartset-014/docx/014_Project_Timeline_Template_Blue_and_Green_Theme_a8311fa1.docx	Carlito-Bold,Carlito-Regular,DejaVuSerif-Bold
words/chartset-014/docx/011_Project_Timeline_Template_Beautiful_Theme_2336e680.docx	Carlito-Bold,Carlito-Regular,DejaVuSerif-Bold,LiberationSans-Bold
words/chartset-014/docx/062_Vocabulary_Concept_Map_Template_2f7c1c09.docx	DejaVuSans,DejaVuSerif
words/chartset-014/docx/045_Visual_Product_Roadmap_Template_Excellent_Format_e364063c.docx	Carlito-Bold,Carlito-Regular,DejaVuSerif-Bold
words/chartset-014/docx/063_Foot_Reflexology_Chart_Complete_Guide_cf5ed992.docx	Carlito-Regular,DejaVuSerif
words/chartset-014/docx/070_Storyboard_Template_Blank_Format_fc41673a.docx	Carlito-Regular,DejaVuSerif-Bold
words/chartset-014/docx/071_Storyboard_Template_Cartoon_Theme_ae113de2.docx	Carlito-Regular,DejaVuSans-Bold
words/chartset-014/docx/076_Storyboard_Template_Gray_Theme_1e5fd5e5.docx	Carlito-Bold,Carlito-Regular,DejaVuSerif
words/chartset-014/docx/079_Storyboard_Template_Simple_Format_81653703.docx	Carlito-Regular,DejaVuSerif-Bold
words/done-001/doc/FAA-2013-0422-0009_attachment_1.doc	LiberationSerif
words/chartset-014/docx/078_Storyboard_Template_Pink_and_Gray_Theme_ea89553f.docx	Carlito-Bold,Carlito-Regular,DejaVuSerif-Bold
words/done-001/doc/GLACIERBG.ETT.doc	LiberationSerif,LiberationSerif-Bold,OpenSymbol
words/done-001/doc/LENTOBUSSIAIKATAULU.-31.10.-31.12.2022.doc	LiberationSans,LiberationSans-Bold,LiberationSans-BoldItalic
words/done-001/doc/advert-for-draft-decision-airbus-epr-bm3965ia-v006.doc	LiberationSans,LiberationSans-Bold,OpenSymbol
words/done-001/doc/foca_form_1.doc	LiberationSans,LiberationSans-Bold
words/done-001/docx/CMTA_Airport_Transportation.docx	LiberationSerif,LiberationSerif-Bold
words/done-001/docx/Pre-Application_Letter_of_Intent_Example.docx	LiberationSans,LiberationSans-Bold
words/done-001/docx/Sample_PAO-PSO_91-113_Letter.docx	Carlito-Bold,Carlito-Regular
words/done-001/docx/Service-Bulletin-SDFNR5-April-25-2023-FNR-TRANSMISSION-LUBRICATION.docx	LiberationSans,LiberationSans-Bold,OpenSymbol
words/done-001/docx/private-hire-operators-licensed.docx	Carlito-Bold,Carlito-Regular
words/done-002/doc/Bull01-06-Reserve Training Standards.doc	LiberationSerif,LiberationSerif-Bold
words/done-002/doc/FMRBullletinB-28.doc	LiberationSerif,LiberationSerif-Bold,LiberationSerif-Italic
words/done-002/doc/prison-population-bulletin-june.doc	LiberationSans,LiberationSans-Bold
words/done-002/docx/AUWG min 4-3-24 final.docx	Carlito-Italic,Carlito-Regular
words/done-002/docx/FAA-High-Level-Org-Chart.docx	Carlito-Bold,Carlito-Regular,LiberationMono,OpenSymbol
words/done-002/docx/CSCRS_Technical-Report-Documentation-Page-with-instructions.docx	LiberationSerif,LiberationSerif-Bold,LiberationSerif-Italic
words/done-002/docx/Interview-mit-Manfred1-Müller.docx	Carlito-Bold,Carlito-Regular
words/done-002/docx/easa-form-1.docx	LiberationSans,LiberationSans-Bold
words/done-002/docx/lk03_17.docx	LiberationSans,LiberationSans-Bold
words/done-002/docx/s33song-beverlyactproductionofdocuments.docx	Carlito-Bold,Carlito-Italic,Carlito-Regular
words/done-003/doc/96-3-clement-data.doc	LiberationSans,LiberationSans-Bold,LiberationSans-Italic,OpenSymbol
words/done-003/doc/10795.doc	LiberationSans,LiberationSans-Bold,LiberationSans-Italic
words/done-003/doc/DEP2008-1900.doc	LiberationSans,LiberationSans-Bold,LiberationSerif,LiberationSerif-Bold,OpenSymbol
words/done-003/doc/II.1.2_Hypoxia.doc	LiberationSerif,LiberationSerif-Bold
words/done-003/doc/Temp16.doc	LiberationSans,LiberationSans-Bold,LiberationSans-BoldItalic
words/done-003/docx/191216_Lesefassung_Nachtflugregelung.docx	LiberationSans,LiberationSans-Bold,LiberationSans-Italic,LiberationSerif
words/done-003/docx/2015-April-SWIM_Users_Forum-Q&A.docx	Carlito-Bold,Carlito-Regular,LiberationSerif,LiberationSerif-Bold
words/done-003/docx/DRX-Ascend System Course Description.docx	FreeSerif,LiberationSans,LiberationSans-Bold,OpenSymbol
words/done-003/docx/Technical_Issue_Report_Form.docx	LiberationSans,LiberationSans-Bold,LiberationSans-Italic,LiberationSerif
words/done-003/docx/mde087077~283.docx	Carlito-Bold,Carlito-Italic,Carlito-Regular
words/done-004/doc/07-04.doc	LiberationSans,LiberationSans-Bold,LiberationSerif,LiberationSerif-Bold,LiberationSerif-Italic
words/done-004/doc/2ca950374241722b8ea7c132dfce63ae.doc	Carlito-Bold,Carlito-Regular,LiberationSerif,LiberationSerif-Bold
words/done-004/doc/RobertQ_Service.doc	LiberationSerif,LiberationSerif-Bold
words/done-004/doc/opic 5--Case Studies Movie and Aviation Industries.doc	LiberationSans,LiberationSerif,LiberationSerif-Bold,LiberationSerif-BoldItalic,LiberationSerif-Italic
words/done-004/docx/1528039320.docx	LiberationSans,LiberationSans-Bold
words/done-004/docx/How-to-Write-an-Architecture-Document-for-a-Technology-Service.docx	DejaVuSerif,LiberationMono,OpenSymbol
words/done-004/docx/461249.docx	Carlito-Bold,Carlito-Regular,LiberationSerif,LiberationSerif-Bold
words/done-004/docx/License App Instructions 2-22.docx	LiberationSerif,LiberationSerif-Bold,LiberationSerif-BoldItalic,OpenSymbol
words/done-004/docx/Software Architecture Document Template.docx	LiberationSans,LiberationSans-Bold,LiberationSerif,LiberationSerif-Bold,OpenSymbol
words/done-004/docx/PAT-047 - Architecture and Detailed Design Assessment.docx	Caladea-Regular,Carlito-Bold,LiberationMono,LiberationSans,LiberationSans-Bold,OpenSymbol
words/done-005/doc/Theft-Restitution-Letter-Vancouver-ASC-2005.doc	LiberationSerif,LiberationSerif-Bold
words/done-005/doc/316r_a_f.doc	LiberationSerif,LiberationSerif-Bold,LiberationSerif-Italic,OpenSymbol
words/done-005/doc/316r_a_e.doc	LiberationSerif,LiberationSerif-Bold,LiberationSerif-Italic,OpenSymbol
words/done-005/docx/2024-12_Comlux_opens_Maintenance_and_Service_Center_in_Dubai.docx	DejaVuSans,DejaVuSans-Bold,LiberationSans,LiberationSans-Bold
words/done-005/doc/loi_format_letter_of_intent-a-320-214-a330.doc	LiberationSans,LiberationSans-Bold,LiberationSans-BoldItalic,LiberationSerif
words/done-005/docx/BID_ACKNOWLEDGEMENT_FORM_FOR_A320.docx	Carlito-Bold,Carlito-Regular,DejaVuSans
words/done-005/docx/Technical Report and Technical Update Guidelines.docx	LiberationSerif,LiberationSerif-Bold,LiberationSerif-BoldItalic,LiberationSerif-Italic,OpenSymbol
words/done-005/docx/f445896eb008d14c1746fc37d412dc22.docx	Carlito-Bold,Carlito-Regular,LiberationSerif
words/done-005/docx/healthcare-reform-nsa-consumer-bulletin.docx	Carlito-Bold,Carlito-Regular,LiberationMono,LiberationSans,OpenSymbol
words/done-006/doc/1244277 1 Comment.doc	DejaVuSans,LiberationSans,LiberationSans-Bold,LiberationSerif,LiberationSerif-Bold
words/done-005/docx/part-147_approval list_20230119.docx	Carlito-Regular,LiberationSerif,LiberationSerif-Bold,LiberationSerif-Italic,OpenSymbol
words/done-006/doc/003.doc	LiberationSerif,LiberationSerif-Bold,OpenSymbol
words/done-006/doc/P200904290238_0238_51880.doc	LiberationSerif,LiberationSerif-Bold,LiberationSerif-BoldItalic,WenQuanYiZenHei
words/done-006/doc/LHD-230-application-for-the-approval-of-an-aircraftr.doc	LiberationSans,LiberationSans-Bold,OpenSymbol
words/done-006/doc/Wales_Office_Quarter_4_Ministerial_Transparency_Return.DOC	Carlito-Bold,DejaVuSans,LiberationSans,LiberationSans-Bold
words/done-006/docx/SDL_FSDO_Part91_LOA_Checklist.docx	Carlito-Bold,Carlito-Regular,DejaVuSerif-Bold
words/done-006/docx/62599_FRANCE-BRAZIL- Air France Flight 447 crash.docx	Carlito-Bold,Carlito-Regular
words/done-006/docx/cacs-206-1751218225.docx	Carlito-Bold,Carlito-Regular,OpenSymbol
words/done-006/docx/healthcare-reform-nsa-provider-bulletin.docx	LiberationMono,LiberationSans,LiberationSans-Bold,LiberationSans-BoldItalic,LiberationSans-Italic,LiberationSerif,OpenSymbol
words/done-006/docx/technical-memo-format.docx	DejaVuSerif-Bold,LiberationSerif,LiberationSerif-Bold,LiberationSerif-Italic,OpenSymbol
words/done-007/doc/RNW167A-150428.doc	Carlito-Bold,LiberationSans,LiberationSans-Bold,LiberationSerif,LiberationSerif-Bold
words/done-007/doc/chapter 12.doc	LiberationSerif,LiberationSerif-Bold,LiberationSerif-BoldItalic,LiberationSerif-Italic
words/done-007/doc/congregationalhistories_ky_2023.doc	DejaVuSans,LiberationSerif,LiberationSerif-Bold
words/done-007/docx/09.docx	Carlito-Regular,LiberationSans,LiberationSans-Bold,LiberationSans-Italic
words/done-007/docx/0c662f5c948a7d81d32ffd833c5cc59421a5f522.docx	DejaVuSans,LiberationSans,LiberationSans-Bold,LiberationSans-Italic
words/done-007/docx/final-technical-report-template.docx	Carlito-Bold,Carlito-BoldItalic,Carlito-Italic,Carlito-Regular,LiberationSans,OpenSymbol
words/done-007/docx/Press release_EUREKA labels ITEA 3 Cluster.docx	LiberationSans,LiberationSans-Bold,LiberationSans-Italic
words/done-007/docx/johnson_hall_service_log.pdf.docx	Carlito-Regular,DejaVuSans,LiberationSans,LiberationSans-Bold,LiberationSerif,LiberationSerif-Bold
words/done-007/docx/technical-report-template.docx	DejaVuSans,DejaVuSerif,FreeSerif
words/done-007/docx/template-technical-report.docx	LiberationSans,LiberationSans-Bold,OpenSymbol
words/done-008/doc/1245685 1 Comment.doc	Carlito-BoldItalic,Carlito-Regular,DejaVuSans,LiberationMono,LiberationSerif,LiberationSerif-Bold,OpenSymbol
words/done-008/doc/2024-2nd-quarter-case-summaries.doc	DejaVuSerif,LiberationSerif,LiberationSerif-Bold,LiberationSerif-Italic
words/done-008/doc/FlightLaws.doc	DejaVuSans,DejaVuSans-Bold,LiberationMono,LiberationSerif,OpenSymbol
words/done-008/doc/PUR-0012-UTAS-GRAMS-SPA-Template-1-25-2024.doc	LiberationSans,LiberationSans-Bold,LiberationSans-BoldItalic,OpenSymbol
words/done-008/docx/FAA-2017-0628-0002_attachment_1.docx	Caladea-Regular,Carlito-Bold,Carlito-Regular,LiberationSerif,LiberationSerif-Italic
words/done-008/docx/ECSS-E-ST-50-16C-Annex-A(30September2021).docx	DejaVuSerif,DejaVuSerif-Bold,LiberationSans-Bold,OpenSymbol
words/done-008/docx/4400-91_Proposal_To_Lease_Space_10-2024.docx	DejaVuSans,LiberationSerif,LiberationSerif-Bold,LiberationSerif-BoldItalic,LiberationSerif-Italic
words/done-008/docx/UAS-SGI_waiver_approval_request_form.docx	Carlito-Bold,Carlito-Regular,OpenSymbol
words/done-008/docx/Lessons-Learned-Bulletin-Dorset-version-to-IIRG-V5.docx	DejaVuSerif,LiberationSans,LiberationSans-Bold,LiberationSerif
words/done-008/docx/draft-variation-notice-airbus-bm3965ia-v006-vs-comments.docx	LiberationSans,LiberationSans-Bold,OpenSymbol
words/done-009/doc/237287_0486190101_0486190101_geolink2neu.doc	DejaVuSans,DejaVuSans-Bold,LiberationSans,LiberationSans-Bold
words/done-009/doc/2013-op12-Annex III - Curriculum Vitae.doc	DejaVuSans,DejaVuSans-Bold
words/done-009/doc/A380MaenPressRel.doc	Carlito-Regular,DejaVuSerif,DejaVuSerif-Bold,LiberationSerif,LiberationSerif-BoldItalic,LiberationSerif-Italic
words/done-009/doc/CP-ETSO template_v2020.DOC	Caladea-Bold,DejaVuSans,DejaVuSans-Bold,LiberationMono,OpenSymbol
words/done-009/doc/certification-flight-standards-doc-oeb-supporting-documents-tgl-TGL26-section-5-REV10.doc	DejaVuSans,DejaVuSans-Bold,LiberationSans,LiberationSans-Bold
words/done-009/docx/Case-Study-Heathrow-Airport.docx	Carlito-Bold,Carlito-BoldItalic,Carlito-Italic,Carlito-Regular,LiberationSans,OpenSymbol
words/done-009/docx/Contract_Check_Pilot_Sample_LOA.docx	DejaVuSerif,LiberationSerif,LiberationSerif-Bold,LiberationSerif-BoldItalic,LiberationSerif-Italic,OpenSymbol
words/done-009/docx/form_1123_application_form_rvsm_spa.docx	DejaVuSans,LiberationSans,LiberationSans-Bold,LiberationSans-Italic,OpenSymbol
words/done-009/docx/SWDD-template.docx	DejaVuSerif-Bold,LiberationSans-Bold,LiberationSerif,LiberationSerif-Bold,LiberationSerif-BoldItalic,LiberationSerif-Italic
words/done-009/docx/technical report template.docx	Carlito-Bold,Carlito-Regular,DejaVuSerif,DejaVuSerif-Bold
words/done-010/doc/1528364855.doc	LiberationSans,LiberationSans-Bold,LiberationSans-BoldItalic,LiberationSans-Italic
words/done-010/doc/361400CSLegislation1RF01PUBLIC1.doc	LiberationSans,LiberationSerif,LiberationSerif-Bold,LiberationSerif-Italic
words/done-010/doc/f111.doc	Carlito-Regular,DejaVuSans,LiberationSans,LiberationSans-Bold,LiberationSans-Italic,OpenSymbol
words/done-010/docx/Checklist for TC STC ETSO data packages to FAA_TIP rev 5.docx	Carlito-Bold,Carlito-Regular,DejaVuSans,LiberationSans
words/done-010/docx/195584360.docx	LiberationSerif,LiberationSerif-Bold,LiberationSerif-BoldItalic,LiberationSerif-Italic,OpenSymbol
words/done-010/docx/5709.16 ch.40_mgfinal.docx	LiberationSans,LiberationSans-Bold,LiberationSerif,LiberationSerif-Bold
words/done-010/docx/PM-apeech-Handover-of-New-Airbus-Aircraft-for-Fiji-Airways-Dec.-15th.docx	Carlito-Bold,Carlito-Regular,DejaVuSans,DejaVuSans-Bold
words/done-010/docx/FG-AI4NDM-TR-skeleton_template.docx	DejaVuSerif-Bold,LiberationSans,LiberationSans-Bold,LiberationSerif,LiberationSerif-Bold,LiberationSerif-Italic,OpenSymbol
words/done-010/docx/Writing a technical report (SCE subject guide).docx	Carlito-Bold,Carlito-Italic,Carlito-Regular,DejaVuSerif,DejaVuSerif-Bold,LiberationSans,LiberationSerif,OpenSymbol
words/done-010/docx/te.iors.00048-002 SUP Questionnaire.docx	Carlito-Bold,Carlito-Regular
words/done-011/doc/135.doc	DejaVuSans,DejaVuSerif,LiberationSans,LiberationSans-Bold,LiberationSans-BoldItalic,LiberationSans-Italic,OpenSymbol
words/done-011/docx/Company-profile-2022-EN.docx	DejaVuSerif,DejaVuSerif-Bold,LiberationMono,LiberationMono-Bold,OpenSymbol
words/done-011/doc/AAC-AD-No-2021-01-Boeing-737-8-and-737-9-MAX.doc	Carlito-Bold,Carlito-Regular,FreeSerif,LiberationSans,LiberationSans-Bold,LiberationSerif
words/done-011/docx/b053-19.docx	DejaVuSans,DejaVuSans-Bold
words/done-011/docx/f2_registro_de_aprovacao_com_pbcs_EN.docx	Carlito-Bold,Carlito-Italic,Carlito-Regular,DejaVuSans,DejaVuSerif,OpenSymbol
words/done-011/docx/eTAR_External_Web_tool_Tip_Sheet_mh.docx	Carlito-Bold,Carlito-Italic,Carlito-Regular,DejaVuSans
words/done-011/docx/monthly-content-feeder.docx	Carlito-Bold,Carlito-BoldItalic,Carlito-Italic,Carlito-Regular,DejaVuSans,LiberationMono,LiberationSans,LiberationSans-Bold,OpenSymbol
words/done-011/docx/part-145-approval list (1).docx	DejaVuSerif,DejaVuSerif-Bold,LiberationSerif,LiberationSerif-Bold,LiberationSerif-Italic
words/done-011/docx/part-145-approval list 2025.docx	DejaVuSerif,DejaVuSerif-Bold,LiberationSerif,LiberationSerif-Bold,LiberationSerif-Italic
words/done-011/docx/tibs_guidelines_2.docx	Caladea-Bold,Caladea-BoldItalic,LiberationMono,LiberationSans,LiberationSans-Bold,LiberationSans-BoldItalic,LiberationSans-Italic,OpenSymbol
words/done-012/doc/AirbusCallouts.doc	Carlito-Italic,DejaVuSans,DejaVuSans-Bold,LiberationMono,OpenSymbol
words/done-012/doc/RMI_Document_Repository_Public-Reprts_GettingOffOil.doc	LiberationSerif,LiberationSerif-Bold,LiberationSerif-BoldItalic,LiberationSerif-Italic,OpenSymbol
words/done-012/docx/19-06 Assistive Technology TAB Final - 508.docx	Carlito-Bold,Carlito-BoldItalic,Carlito-Italic,Carlito-Regular,LiberationSerif,LiberationSerif-Bold,LiberationSerif-Italic,OpenSymbol
words/done-012/docx/20110608_psp.docx	LiberationSans,LiberationSans-Bold,LiberationSans-BoldItalic,LiberationSans-Italic
words/done-012/docx/FO.FCTOA_.000129 Application for activities related to FSTD.docx	Carlito-Bold,Carlito-BoldItalic,Carlito-Italic,Carlito-Regular,DejaVuSans,LiberationSans
words/done-012/docx/Leadership Information Article.docx	Carlito-Bold,Carlito-BoldItalic,Carlito-Regular,OpenSymbol
words/done-012/docx/b050-19.docx	DejaVuSans,DejaVuSans-Bold,LiberationSans,LiberationSerif
words/done-012/docx/slcc-architecture-uu-architecture.docx	Carlito-Bold,Carlito-BoldItalic,Carlito-Italic,Carlito-Regular,DejaVuSans,DejaVuSans-Bold,OpenSymbol
words/done-012/docx/bulletin.docx	DejaVuSans,LiberationSans,LiberationSans-Bold,LiberationSans-Italic,OpenSymbol
words/done-012/docx/technical-architecture.docx	Caladea-Bold,Carlito-Regular,DejaVuSans,DejaVuSans-Bold,DejaVuSerif-Bold,LiberationSans,LiberationSans-Bold,LiberationSans-BoldItalic,LiberationSans-Italic,OpenSymbol
words/done-013/doc/Reid.doc	DejaVuSerif-Bold,LiberationSans,LiberationSans-Bold,LiberationSans-BoldItalic,LiberationSans-Italic
words/done-013/doc/1257259179492_2007_TPPT_102_Supporting_Doc_2-434003080.doc	LiberationSerif,LiberationSerif-Bold,LiberationSerif-Italic,OpenSymbol
words/done-013/doc/1228841571067_2009_TPPT_13__2007_TPPT_102__R-108535759.doc	DejaVuSerif,LiberationSerif,LiberationSerif-Bold,LiberationSerif-BoldItalic,LiberationSerif-Italic
words/done-013/doc/omrIMInterpretiveGuideLine.doc	DejaVuSans,DejaVuSans-Bold,LiberationSans,LiberationSans-Bold
words/done-013/docx/Form-SM-76A-_-CAR-OPS-2A-Instruments-and-Equipment-Compliance-Statement-_-11.docx	Carlito-Bold,Carlito-BoldItalic,Carlito-Italic,Carlito-Regular,DejaVuSerif,DejaVuSerif-Bold,LiberationSans-Bold
words/done-013/docx/SPA-11_mcar_part-11_v2.9.docx	Carlito-Regular,DejaVuSans,DejaVuSans-Bold
words/done-013/docx/Sol PJ14-03-04 Solution Contextual.docx	Carlito-Bold,Carlito-BoldItalic,Carlito-Regular,DejaVuSans,OpenSymbol
words/done-013/docx/easa-regulations-update-20.docx	Carlito-Regular,LiberationSans,LiberationSans-Bold,LiberationSans-Italic,OpenSymbol
words/done-013/docx/gpp-pr-top-7-office-markets-4q-2023.docx	DejaVuSans,DejaVuSans-Bold,DejaVuSerif,DejaVuSerif-Bold,OpenSymbol
words/done-014/doc/300502-Mecenat-Airbus-Simusante_CHU-Amiens-Picardie.doc	LiberationSans,LiberationSans-Bold,LiberationSans-Italic,OpenSymbol
words/done-013/docx/hdss-bulletin-issue-285-25-june-2025.docx	Carlito-Regular,DejaVuSans,LiberationSans,LiberationSans-Bold,LiberationSans-BoldItalic,LiberationSans-Italic,OpenSymbol
words/done-014/doc/644730BRI0mna000BOX361539B00public0.doc	Carlito-Bold,Carlito-Regular,DejaVuSerif,DejaVuSerif-Bold,LiberationSans,LiberationSans-Bold,LiberationSerif
words/done-014/doc/PK_FlugzeugeStricken.doc	Carlito-Bold,Carlito-Regular,DejaVuSans,DejaVuSans-Bold,LiberationSans,LiberationSans-Bold,LiberationSans-BoldItalic
words/done-014/docx/1603642410-MoM-CASCOM-06-2020-draft04.docx	Carlito-Bold,Carlito-Regular,DejaVuSans,DejaVuSans-Bold,LiberationMono,LiberationSans,LiberationSans-Bold,OpenSymbol
words/done-014/docx/1_tpr_template__from_fy14_.docx	Carlito-Bold,Carlito-BoldItalic,Carlito-Italic,Carlito-Regular,DejaVuSerif,LiberationSerif,LiberationSerif-Bold,LiberationSerif-BoldItalic,LiberationSerif-Italic,OpenSymbol
words/done-014/docx/231164_SystemDesignDocument.docx	DejaVuSans,DejaVuSans-Bold,LiberationSans,LiberationSans-Bold,LiberationSans-Italic,OpenSymbol
words/done-014/docx/AFS-050-004-F2_0i.docx	DejaVuSans,DejaVuSans-Bold,DejaVuSerif,LiberationMono,LiberationMono-Bold,LiberationSans,LiberationSans-Bold,LiberationSerif,LiberationSerif-Bold,LiberationSerif-Italic
words/done-014/docx/exhibit-06---technical-architecture-template.docx	Caladea-Bold,Carlito-Bold,Carlito-BoldItalic,Carlito-Regular,DejaVuSans,DejaVuSans-Bold,DejaVuSerif-Bold,LiberationSans,LiberationSans-Bold,LiberationSans-BoldItalic,LiberationSans-Italic,OpenSymbol
words/done-014/docx/Regulations Governing the Status, Basic Rights and Duties of Officials other than Secretariat Officials, and Experts on Mission.docx	DejaVuSans-Bold,DejaVuSerif-Bold,LiberationSerif,LiberationSerif-Bold,LiberationSerif-Italic
words/done-014/docx/fleetfastfacts16nov2023.docx	Carlito-Bold,Carlito-Regular,DejaVuSerif-Bold,LiberationSans
words/done-015/doc/2013_11.doc	Carlito-Bold,Carlito-Regular,DejaVuSerif-Bold,LiberationMono,LiberationSerif,LiberationSerif-Bold,LiberationSerif-BoldItalic,LiberationSerif-Italic,OpenSymbol
words/done-015/doc/SFSP_2013-02_Bulletin.doc	LiberationSans,LiberationSans-Bold,LiberationSans-BoldItalic,LiberationSans-Italic,LiberationSerif,OpenSymbol
words/done-015/docx/03_Technical_Report_(progress)_template.docx	DejaVuSerif-Bold,LiberationSans,LiberationSans-Bold,LiberationSans-Italic,LiberationSerif-Italic,OpenSymbol
words/done-015/docx/Agile_Arc_SysDes.docx	Carlito-Bold,Carlito-BoldItalic,Carlito-Italic,Carlito-Regular,LiberationSans,LiberationSans-Bold,LiberationSans-Italic,LiberationSerif,LiberationSerif-Bold,LiberationSerif-Italic,OpenSymbol
words/done-015/docx/DOA_Template_Form_Type_Certification_Programme.docx	DejaVuSans,LiberationSans,LiberationSans-Bold,LiberationSans-Italic,OpenSymbol
words/done-015/docx/JEMIT_Template.docx	Caladea-Italic,Caladea-Regular,Carlito-Bold,Carlito-Regular,LiberationSans-Bold,LiberationSerif,LiberationSerif-Bold,LiberationSerif-Italic,OpenSymbol
words/done-015/docx/PI-doc.-no.-2E-Technical-Review-Report.docx	Carlito-Bold,Carlito-Regular,DejaVuSerif-Bold,FreeSerif,LiberationSans,LiberationSans-Bold,LiberationSerif,LiberationSerif-Bold,LiberationSerif-Italic
words/done-015/docx/airbus-pdf-information-package_v1-4.docx	LiberationMono,LiberationMono-Bold,LiberationSans,LiberationSans-Bold,LiberationSans-BoldItalic,LiberationSans-Italic,OpenSymbol
words/done-015/docx/Sample_SQMS_Program.docx	Carlito-Regular,DejaVuSerif,DejaVuSerif-Bold,LiberationMono,LiberationSerif,LiberationSerif-Bold,LiberationSerif-BoldItalic,LiberationSerif-Italic,OpenSymbol
words/done-015/docx/system_design__technical_architecture_template.docx	Carlito-Bold,Carlito-Italic,Carlito-Regular,LiberationSans,LiberationSans-Italic,OpenSymbol
words/done-016/doc/120509coss.doc	DejaVuSans,LiberationSans,LiberationSans-Bold,LiberationSans-BoldItalic,LiberationSans-Italic,LiberationSerif,OpenSymbol
words/done-016/doc/150_5335_5a.doc	DejaVuSans-Bold,DejaVuSerif,DejaVuSerif-Bold,LiberationSans,LiberationSans-Bold,LiberationSerif,LiberationSerif-Bold,LiberationSerif-Italic,OpenSymbol
words/done-016/docx/Allegiant_Company_Profile_with_History.docx	LiberationSans,LiberationSans-Bold,LiberationSans-Italic
words/done-016/docx/HC-Bulletin-template.docx	Carlito-Bold,Carlito-Italic,Carlito-Regular,DejaVuSans,LiberationSerif,LiberationSerif-Bold,OpenSymbol
words/done-016/docx/PES-Technical-Report-Template_Jan_2019.docx	Caladea-Regular,LiberationSans,LiberationSans-Bold,LiberationSerif,LiberationSerif-Bold,LiberationSerif-BoldItalic,LiberationSerif-Italic,OpenSymbol
words/done-016/docx/Annex-10-to-the-Aircraft-Maintenance-Specialist-Certification-Rule-GCAA.docx	Carlito-Bold,Carlito-Italic,Carlito-Regular,DejaVuSans-Bold,DejaVuSerif-Bold
words/done-016/docx/TE.CAO.00125 Foreign Part 145 approvals - OJT Logbook.docx	DejaVuSans,DejaVuSans-Bold,LiberationSans,LiberationSans-Bold,LiberationSans-Italic,OpenSymbol
words/done-016/docx/SPA-06_mcar_part-6_and_IS_v2.9.docx	DejaVuSans,DejaVuSans-Bold,OpenSymbol
words/done-016/docx/dragon1-enterprise-architecture-document-example-v0.1d.docx	Caladea-Bold,Carlito-Regular,DejaVuSans,DejaVuSans-Bold,DejaVuSerif-Bold,LiberationSans,LiberationSans-Bold,LiberationSans-BoldItalic,LiberationSans-Italic
words/done-016/docx/t_TEMPforInvProgs.docx	LiberationSans,LiberationSans-Bold,LiberationSans-Italic,LiberationSerif,OpenSymbol
words/drawingset-001/docx/WordArt_Shapes_Arrows_Catalog1.docx	Carlito-Bold,Carlito-Italic,Carlito-Regular,LiberationSans-Bold
words/extra-001/doc/762.doc	DejaVuSans,DejaVuSans-Bold,LiberationMono,LiberationMono-Bold,LiberationSans,LiberationSans-Bold,LiberationSerif,LiberationSerif-Bold
words/extra-001/doc/info-bulletin-601.doc	LiberationSans,LiberationSans-Bold,LiberationSans-BoldItalic,LiberationSans-Italic,OpenSymbol
words/done-016/docx/AC-150-5370-10G-updated-201604.docx	Carlito-Bold,Carlito-Regular,DejaVuSerif,DejaVuSerif-Bold,LiberationMono,LiberationMono-Bold,LiberationSans,LiberationSerif,LiberationSerif-Bold,LiberationSerif-BoldItalic,OpenSymbol
words/extra-001/docx/ABCD-WB-08-00 Weight and Balance Report - v1 08.03.16.docx	Carlito-Bold,Carlito-Italic,Carlito-Regular,FreeSerif,LiberationSans,LiberationSans-Italic,OpenSymbol
words/extra-001/docx/ABCD-SDE-23-00 - Avionic System Description - 17.02.16 - v1.docx	Carlito-Bold,Carlito-BoldItalic,Carlito-Italic,Carlito-Regular,LiberationSans,LiberationSans-Bold,LiberationSans-Italic,OpenSymbol
words/extra-001/docx/UG.CAO.00133 Foreign Part 145 approvals - Language.docx	Carlito-Regular,DejaVuSans,DejaVuSans-Bold,LiberationSans,OpenSymbol
words/extra-001/docx/UG.CAO.00006 Foreign Part 145 approvals - User Guide for Applicants & Approval Holders.docx	Carlito-Bold,Carlito-Regular,DejaVuSans,DejaVuSans-Bold,LiberationMono,LiberationSans,LiberationSans-Bold,LiberationSerif-BoldItalic,OpenSymbol
words/metrics-001/doc/手机免提系统TSB.doc	DejaVuSans,DejaVuSans-Bold,LiberationSans,LiberationSans-Bold,LiberationSerif,LiberationSerif-Bold,LiberationSerif-BoldItalic,WenQuanYiZenHei
words/metrics-001/doc/A320SimNotes.doc	DejaVuSans-Bold,LiberationMono,LiberationSerif,LiberationSerif-Bold,LiberationSerif-BoldItalic,LiberationSerif-Italic,OpenSymbol
words/metrics-001/docx/AWR OPS-AOC 044 Statement of Compliance RVSM  Rev 04 01 Feb 2024.docx	Carlito-Bold,Carlito-BoldItalic,Carlito-Italic,Carlito-Regular,DejaVuSans,DejaVuSans-Bold,DejaVuSerif,FreeSerif
words/metrics-001/docx/FRE-03_mcar_part-3_and_IS_v2.9.docx	DejaVuSans,DejaVuSans-Bold
words/metrics-001/docx/02_mcar_part-2_and_IS_v2.10.docx	Carlito-Regular,DejaVuSans,DejaVuSans-Bold,OpenSymbol
words/metrics-001/docx/review-welsh-government-communications-mister-peter-mandelson.docx	DejaVuSans,DejaVuSans-Bold,LiberationSans,LiberationSans-Bold,LiberationSans-Italic,OpenSymbol
words/metrics-001/docx/OM template for non-complex NCC operators_August 2016.docx	Carlito-Regular,DejaVuSans,DejaVuSans-Bold,LiberationSans,LiberationSans-Bold,LiberationSans-BoldItalic,LiberationSans-Italic,OpenSymbol
words/missing-001/docx/33004.docx	Carlito-Bold,Carlito-BoldItalic,Carlito-Italic,Carlito-Regular,DejaVuSans,DejaVuSans-Bold,DejaVuSerif,LiberationMono,LiberationSans,LiberationSans-Bold,LiberationSans-BoldItalic,LiberationSans-Italic,LiberationSerif,LiberationSerif-Italic,OpenSymbol
words/metrics-001/docx/SPA-02_mcar_part-2_and_IS_v2.9.docx	Carlito-Regular,DejaVuSans,DejaVuSans-Bold,OpenSymbol
words/missing-001/docx/May 25 bulletin focus on carers in the workplace.docx	DejaVuSans,DejaVuSans-Bold,OpenSymbol
words/pagination-001/doc/1447.doc	DejaVuSerif,DejaVuSerif-Bold,LiberationSans-BoldItalic,LiberationSerif,LiberationSerif-Bold
words/missing-001/docx/xx_SETIS_PWS_template_10.19.22.docx	LiberationMono,LiberationSerif,LiberationSerif-Bold,LiberationSerif-BoldItalic,LiberationSerif-Italic,OpenSymbol
words/missing-002/docx/CRIF - SpÃ©cification technique - Socle applicatif.docx	DejaVuSans,DejaVuSans-Bold,DejaVuSerif-Bold,LiberationMono,LiberationMono-Italic,LiberationSans,LiberationSans-Bold,LiberationSans-BoldItalic,LiberationSans-Italic,OpenSymbol
words/pagination-001/docx/ESPN-R - MCF - Manual - Ed1.0 - For Publication.docx	Carlito-Bold,Carlito-BoldItalic,Carlito-Italic,Carlito-Regular,DejaVuSerif,FreeSerif
words/pagination-001/doc/A_320.doc	LiberationSans,LiberationSans-Bold,LiberationSans-Italic,OpenSymbol
words/pagination-001/docx/ESPN-R - MCF - RA - Ed1.docx	Carlito-Bold,Carlito-BoldItalic,Carlito-Italic,Carlito-Regular,DejaVuSerif,LiberationSans,LiberationSans-Bold,LiberationSans-Italic
words/pagination-001/docx/FO.FCTOA.00010 Application for a Part-ORA ATO Approval.docx	DejaVuSans,DejaVuSans-Bold,LiberationSans,LiberationSans-Bold,LiberationSans-Italic,OpenSymbol
words/pagination-001/docx/24-25_FAA_Holdover_Tables.docx	DejaVuSans,DejaVuSans-Bold,LiberationMono-Italic,LiberationSans,LiberationSans-Bold,LiberationSans-BoldItalic,LiberationSans-Italic,LiberationSerif,OpenSymbol
words/pagination-001/docx/report-template.docx	LiberationSans-Bold,LiberationSerif,LiberationSerif-Bold,LiberationSerif-Italic
words/pagination-001/docx/template---tpr-technical-progress-report-with-guidance.docx	Carlito-Bold,Carlito-BoldItalic,Carlito-Italic,Carlito-Regular,DejaVuSerif,LiberationSans,LiberationSans-Bold,LiberationSans-Italic
words/pagination-002/doc/absrc-pac-01-info-note-en.doc	DejaVuSerif,DejaVuSerif-Bold,LiberationSans-Bold,LiberationSerif,LiberationSerif-Bold
words/pagination-001/docx/FAA 2025-26 Holdover Tables.docx	DejaVuSans,DejaVuSans-Bold,LiberationMono,LiberationMono-Italic,LiberationSans,LiberationSans-Bold,LiberationSans-BoldItalic,LiberationSans-Italic,LiberationSerif,OpenSymbol
words/pagination-002/doc/150_5300_13_chg12.doc	DejaVuSans,DejaVuSans-Bold,DejaVuSerif,DejaVuSerif-Bold,LiberationSans,LiberationSans-Bold,LiberationSerif,LiberationSerif-Bold,LiberationSerif-Italic,OpenSymbol
words/pagination-002/docx/docs-quality-MA.IMS.00001-Integrated-Management-System-manual.docx	DejaVuSans,DejaVuSans-Bold,LiberationSans,LiberationSans-Bold,LiberationSerif,OpenSymbol
words/pagination-003/docx/EHEST-SMS-Safety-Management-Manual-V2.docx	Carlito-Bold,Carlito-BoldItalic,Carlito-Regular,DejaVuSans,DejaVuSans-Bold,LiberationMono,LiberationSans,OpenSymbol
words/table-001/docx/A1. EASA Form 2.docx	Carlito-Bold,Carlito-Regular,DejaVuSans,LiberationSans-Bold
words/table-001/doc/150_5300_13_chg10.doc	DejaVuSans,DejaVuSans-Bold,DejaVuSerif,DejaVuSerif-Bold,LiberationSans,LiberationSerif,LiberationSerif-Bold,LiberationSerif-BoldItalic,LiberationSerif-Italic,OpenSymbol
words/table-001/docx/B11. TE.CAO.00129  Experience  logbook.docx	Carlito-Bold,Carlito-BoldItalic,Carlito-Italic,Carlito-Regular,DejaVuSans,LiberationSans-Bold
words/table-001/docx/approvals-and-standardisation-organisation-approvals-docs-part-145-annex-B-B11.-TE.CAO.00129-Foreign-Part-145-approvals---Experience--logbook.docx	DejaVuSans,DejaVuSans-Bold,LiberationSans,LiberationSans-Bold,LiberationSans-BoldItalic,LiberationSans-Italic
words/pagination-003/docx/150-5370-10H.docx	Carlito-Regular,DejaVuSans-Bold,DejaVuSerif,DejaVuSerif-Bold,FreeSerif,LiberationMono,LiberationMono-Bold,LiberationMono-Italic,LiberationSans-Bold,LiberationSerif,LiberationSerif-Bold,LiberationSerif-BoldItalic,LiberationSerif-Italic,OpenSymbol
