identity	path	ext	status	pages_ours	pages_ref	size_diff_pages	chars_ours	chars_ref	draws_ours	draws_ref	fills_ours	fills_ref	strokes_ours	strokes_ref	images_ours	images_ref
2020-01-29-Lease-Transition-Records-Checklist-FINAL-1__xlsx	sheets/ceiling-001/xlsx/2020-01-29-Lease-Transition-Records-Checklist-FINAL-1.xlsx	xlsx	ok	5	5	0	13858	13855	475	202	304	25	171	177	0	0
2017-04-27-Lease-Transition-Records-Checklist-FINAL-1__xlsx	sheets/ceiling-001/xlsx/2017-04-27-Lease-Transition-Records-Checklist-FINAL-1.xlsx	xlsx	ok	5	5	0	13858	13855	475	202	304	25	171	177	0	0
Template Pilot Logbook JAR-FCL V3.0__xls	sheets/ceiling-001/xls/Template Pilot Logbook JAR-FCL V3.0.xls	xls	ok	38	38	0	6243	6239	6112	3689	2628	147	3484	3558	0	0
EASA-IFP-WEBLISTNOODATA-ListsofForeignapprovals(WEB)_NewChart_2022-08-05-03-31-32__xlsx	sheets/ceiling-001/xlsx/EASA-IFP-WEBLISTNOODATA-ListsofForeignapprovals(WEB)_NewChart_2022-08-05-03-31-32.xlsx	xlsx	ok	19	19	0	33641	33639	0	0	0	0	0	0	0	0
001_advanced_excel_bar__xlsx	sheets/chartset-001/xlsx/001_advanced_excel_bar.xlsx	xlsx	ok	3	3	0	474	474	124	124	100	100	26	26	0	0
005_advanced_excel_area__xlsx	sheets/chartset-001/xlsx/005_advanced_excel_area.xlsx	xlsx	ok	3	3	0	454	454	60	60	34	34	28	28	0	0
006_advanced_excel_scatter__xlsx	sheets/chartset-001/xlsx/006_advanced_excel_scatter.xlsx	xlsx	ok	3	3	0	431	431	64	64	22	22	44	44	0	0
EASA-IFP-145Scope(WEB)_ALL_ValidF145SOA_2022-12-16-04-31-58_0__xlsx	sheets/ceiling-001/xlsx/EASA-IFP-145Scope(WEB)_ALL_ValidF145SOA_2022-12-16-04-31-58_0.xlsx	xlsx	ok	114	114	0	199306	199306	0	0	0	0	0	0	0	0
022_advanced_excel_scatter__xlsx	sheets/chartset-001/xlsx/022_advanced_excel_scatter.xlsx	xlsx	ok	3	3	0	434	434	64	64	22	22	44	44	0	0
025_advanced_excel_bar__xlsx	sheets/chartset-001/xlsx/025_advanced_excel_bar.xlsx	xlsx	ok	3	3	0	447	447	126	126	100	100	28	28	0	0
002_advanced_excel_line__xlsx	sheets/chartset-001/xlsx/002_advanced_excel_line.xlsx	xlsx	ok	3	3	0	466	466	58	58	22	22	38	38	0	0
032_advanced_excel_radar__xlsx	sheets/chartset-001/xlsx/032_advanced_excel_radar.xlsx	xlsx	ok	3	3	0	422	422	70	52	22	20	50	34	0	0
033_advanced_excel_bar__xlsx	sheets/chartset-001/xlsx/033_advanced_excel_bar.xlsx	xlsx	ok	3	3	0	459	459	124	124	100	100	26	26	0	0
016_advanced_excel_radar__xlsx	sheets/chartset-001/xlsx/016_advanced_excel_radar.xlsx	xlsx	ok	3	3	0	431	431	70	52	22	20	50	34	0	0
007_advanced_excel_bubble__xlsx	sheets/chartset-002/xlsx/007_advanced_excel_bubble.xlsx	xlsx	ok	3	3	0	429	429	86	86	48	48	40	40	0	0
011_advanced_excel_pie__xlsx	sheets/chartset-002/xlsx/011_advanced_excel_pie.xlsx	xlsx	ok	3	3	0	472	472	54	52	54	52	2	2	0	0
028_advanced_excel_doughnut__xlsx	sheets/chartset-001/xlsx/028_advanced_excel_doughnut.xlsx	xlsx	ok	3	3	0	391	391	46	44	46	44	2	2	0	0
013_advanced_excel_area__xlsx	sheets/chartset-002/xlsx/013_advanced_excel_area.xlsx	xlsx	ok	3	3	0	442	442	60	60	34	34	28	28	0	0
021_advanced_excel_area__xlsx	sheets/chartset-002/xlsx/021_advanced_excel_area.xlsx	xlsx	ok	3	3	0	460	460	60	60	34	34	28	28	0	0
003_advanced_excel_pie__xlsx	sheets/chartset-002/xlsx/003_advanced_excel_pie.xlsx	xlsx	ok	3	3	0	492	491	54	52	54	52	2	2	0	0
027_advanced_excel_pie__xlsx	sheets/chartset-002/xlsx/027_advanced_excel_pie.xlsx	xlsx	ok	3	3	0	466	466	54	52	54	52	2	2	0	0
030_advanced_excel_scatter__xlsx	sheets/chartset-002/xlsx/030_advanced_excel_scatter.xlsx	xlsx	ok	3	3	0	434	434	66	66	22	22	46	46	0	0
012_advanced_excel_doughnut__xlsx	sheets/chartset-002/xlsx/012_advanced_excel_doughnut.xlsx	xlsx	ok	3	3	0	412	412	46	44	46	44	2	2	0	0
004_advanced_excel_doughnut__xlsx	sheets/chartset-003/xlsx/004_advanced_excel_doughnut.xlsx	xlsx	ok	3	3	0	391	391	46	44	46	44	2	2	0	0
008_advanced_excel_radar__xlsx	sheets/chartset-003/xlsx/008_advanced_excel_radar.xlsx	xlsx	ok	3	3	0	425	425	70	52	22	20	50	34	0	0
026_advanced_excel_line__xlsx	sheets/chartset-002/xlsx/026_advanced_excel_line.xlsx	xlsx	ok	3	3	0	457	457	58	58	22	22	38	38	0	0
015_advanced_excel_bubble__xlsx	sheets/chartset-003/xlsx/015_advanced_excel_bubble.xlsx	xlsx	ok	3	3	0	438	438	88	88	48	48	42	42	0	0
017_advanced_excel_bar__xlsx	sheets/chartset-003/xlsx/017_advanced_excel_bar.xlsx	xlsx	ok	3	3	0	490	490	124	124	100	100	26	26	0	0
034_advanced_excel_line__xlsx	sheets/chartset-002/xlsx/034_advanced_excel_line.xlsx	xlsx	ok	3	3	0	466	466	60	60	22	22	40	40	0	0
020_advanced_excel_doughnut__xlsx	sheets/chartset-003/xlsx/020_advanced_excel_doughnut.xlsx	xlsx	ok	3	3	0	391	391	46	44	46	44	2	2	0	0
024_advanced_excel_radar__xlsx	sheets/chartset-003/xlsx/024_advanced_excel_radar.xlsx	xlsx	ok	3	3	0	431	431	70	52	22	20	50	34	0	0
014_advanced_excel_scatter__xlsx	sheets/chartset-003/xlsx/014_advanced_excel_scatter.xlsx	xlsx	ok	3	3	0	443	443	66	66	22	22	46	46	0	0
031_advanced_excel_bubble__xlsx	sheets/chartset-003/xlsx/031_advanced_excel_bubble.xlsx	xlsx	ok	3	3	0	417	417	86	86	48	48	40	40	0	0
009_advanced_excel_bar__xlsx	sheets/chartset-004/xlsx/009_advanced_excel_bar.xlsx	xlsx	ok	3	3	0	496	496	126	126	100	100	28	28	0	0
018_advanced_excel_line__xlsx	sheets/chartset-003/xlsx/018_advanced_excel_line.xlsx	xlsx	ok	3	3	0	451	451	58	58	22	22	38	38	0	0
019_advanced_excel_pie__xlsx	sheets/chartset-004/xlsx/019_advanced_excel_pie.xlsx	xlsx	ok	3	3	0	486	486	54	52	54	52	2	2	0	0
023_advanced_excel_bubble__xlsx	sheets/chartset-004/xlsx/023_advanced_excel_bubble.xlsx	xlsx	ok	3	3	0	438	438	86	86	48	48	40	40	0	0
029_advanced_excel_area__xlsx	sheets/chartset-003/xlsx/029_advanced_excel_area.xlsx	xlsx	ok	3	3	0	451	451	60	60	34	34	28	28	0	0
microsoft_learn_multi_chart_examples__xlsx	sheets/chartset-004/xlsx/microsoft_learn_multi_chart_examples.xlsx	xlsx	ok	5	5	0	759	749	218	258	70	108	178	168	0	0
004_Contextures_chart_sample_de7c0671__xlsx	sheets/chartset-005/xlsx/004_Contextures_chart_sample_de7c0671.xlsx	xlsx	ok	4	4	0	890	893	183	90	121	20	63	71	0	0
010_advanced_excel_line__xlsx	sheets/chartset-004/xlsx/010_advanced_excel_line.xlsx	xlsx	ok	3	3	0	466	466	60	60	22	22	40	40	0	0
067_Basic_invoice_Use_this_template_1d35c3e9__xlsx	sheets/chartset-005/xlsx/067_Basic_invoice_Use_this_template_1d35c3e9.xlsx	xlsx	ok	1	1	0	441	441	19	7	16	2	3	5	0	0
073_Graph_paper_6e1a30eb__xlsx	sheets/chartset-005/xlsx/073_Graph_paper_6e1a30eb.xlsx	xlsx	ok	4	4	0	387	387	174	180	1	1	173	179	0	0
091_Volunteer_Sign_Up_Sheet_Template_Colored_Background_2cb58d01__xlsx	sheets/chartset-005/xlsx/091_Volunteer_Sign_Up_Sheet_Template_Colored_Background_2cb58d01.xlsx	xlsx	ok	1	1	0	265	265	74	39	42	4	32	35	0	1
DynamicBubbleChart__xlsx	sheets/chartset-004/xlsx/DynamicBubbleChart.xlsx	xlsx	ok	5	5	0	1756	1764	146	843	61	753	88	93	0	0
093_Volunteer_Sign_Up_Sheet_Template_Customizable_Format_3a4d6b58__xlsx	sheets/chartset-005/xlsx/093_Volunteer_Sign_Up_Sheet_Template_Customizable_Format_3a4d6b58.xlsx	xlsx	ok	2	2	0	592	592	136	95	60	9	76	86	0	1
096_Volunteer_Sign_Up_Sheet_Template_Green_Theme_b4f1809d__xlsx	sheets/chartset-005/xlsx/096_Volunteer_Sign_Up_Sheet_Template_Green_Theme_b4f1809d.xlsx	xlsx	ok	2	2	0	1094	1074	224	116	125	12	99	104	0	1
098_Volunteer_Sign_Up_Sheet_Template_Simple_Layout_080a06a1__xlsx	sheets/chartset-005/xlsx/098_Volunteer_Sign_Up_Sheet_Template_Simple_Layout_080a06a1.xlsx	xlsx	ok	1	1	0	1697	1697	97	71	56	3	41	68	0	1
022_Pareto_Chart_Template_-_Pareto_Analysis_in_Excel_with_Pareto_Diagram_82b5a874__xlsx	sheets/chartset-005/xlsx/022_Pareto_Chart_Template_-_Pareto_Analysis_in_Excel_with_Pareto_Diagram_82b5a874.xlsx	xlsx	ok	2	2	0	1041	1039	211	118	155	44	73	74	1	1
014_Contextures_chart_sample_991ecfc5__xls	sheets/chartset-006/xls/014_Contextures_chart_sample_991ecfc5.xls	xls	ok	3	3	0	609	608	118	166	26	36	108	136	0	0
074_Idea_planner_bacaa123__xlsx	sheets/chartset-005/xlsx/074_Idea_planner_bacaa123.xlsx	xlsx	ok	1	1	0	578	578	55	19	48	9	7	10	0	0
005_Contextures_chart_sample_6e279b08__xlsx	sheets/chartset-006/xlsx/005_Contextures_chart_sample_6e279b08.xlsx	xlsx	ok	8	8	0	1475	1475	236	241	57	64	179	185	0	0
095_Volunteer_Sign_Up_Sheet_Template_Fillable_Format_b3330009__xlsx	sheets/chartset-005/xlsx/095_Volunteer_Sign_Up_Sheet_Template_Fillable_Format_b3330009.xlsx	xlsx	ok	1	1	0	2060	2060	87	74	43	2	44	72	0	1
044_Cash_flow_forecast_Use_this_template_b8fa1f35__xlsx	sheets/chartset-006/xlsx/044_Cash_flow_forecast_Use_this_template_b8fa1f35.xlsx	xlsx	ok	5	5	0	2713	2713	865	466	539	138	330	332	0	0
052_Manufacturing_output_chart_88570318__xlsx	sheets/chartset-006/xlsx/052_Manufacturing_output_chart_88570318.xlsx	xlsx	ok	1	1	0	573	582	181	39	170	29	11	10	0	0
011_Contextures_chart_sample_599b4392__xls	sheets/chartset-006/xls/011_Contextures_chart_sample_599b4392.xls	xls	ok	4	4	0	900	900	53	44	23	7	30	37	1	1
070_Equipment_inventory_list_Use_this_template_fd524c8a__xlsx	sheets/chartset-006/xlsx/070_Equipment_inventory_list_Use_this_template_fd524c8a.xlsx	xlsx	ok	1	1	0	1109	1134	128	17	128	17	3	3	0	0
088_To-do_list_with_progress_tracker_Use_this_template_8c438912__xlsx	sheets/chartset-006/xlsx/088_To-do_list_with_progress_tracker_Use_this_template_8c438912.xlsx	xlsx	ok	1	1	0	353	345	8	8	6	7	2	1	0	1
006_Contextures_chart_sample_afa23b53__xlsx	sheets/chartset-006/xlsx/006_Contextures_chart_sample_afa23b53.xlsx	xlsx	ok	5	5	0	830	825	61	61	23	16	40	47	1	1
003_Contextures_chart_sample_9bda2719__xlsm	sheets/chartset-007/xlsm/003_Contextures_chart_sample_9bda2719.xlsm	xlsm	ok	6	6	0	1455	1454	71	70	55	47	19	48	1	1
037_Personal_money_tracker_a57957bb__xlsx	sheets/chartset-007/xlsx/037_Personal_money_tracker_a57957bb.xlsx	xlsx	ok	5	5	0	2630	2648	100	245	30	168	74	81	0	0
061_Regional_sales_chart_cb9eb690__xlsx	sheets/chartset-006/xlsx/061_Regional_sales_chart_cb9eb690.xlsx	xlsx	ok	1	1	0	532	533	76	32	50	6	26	26	0	0
050_Financial_vision_d44241e1__xlsx	sheets/chartset-007/xlsx/050_Financial_vision_d44241e1.xlsx	xlsx	ok	1	1	0	446	446	294	83	271	60	23	23	0	0
054_Problem_analysis_with_Pareto_chart_11058329__xlsx	sheets/chartset-007/xlsx/054_Problem_analysis_with_Pareto_chart_11058329.xlsx	xlsx	ok	1	1	0	344	344	7	4	5	2	2	2	0	0
089_Vintage_inventory_list_Use_this_template_f616cac0__xlsx	sheets/chartset-006/xlsx/089_Vintage_inventory_list_Use_this_template_f616cac0.xlsx	xlsx	ok	1	1	0	240	240	120	24	120	24	0	0	0	0
063_Sales_pipeline_aec57013__xlsx	sheets/chartset-007/xlsx/063_Sales_pipeline_aec57013.xlsx	xlsx	ok	1	1	0	183	183	74	34	66	26	10	10	0	0
082_Project_to_do_list_28f80082__xlsx	sheets/chartset-007/xlsx/082_Project_to_do_list_28f80082.xlsx	xlsx	ok	2	2	0	1242	1251	182	38	172	28	10	10	0	0
040_Blood_pressure_tracker_872b6833__xlsx	sheets/chartset-007/xlsx/040_Blood_pressure_tracker_872b6833.xlsx	xlsx	ok	1	1	0	780	780	54	52	24	22	31	31	0	0
090_Weekly_time_sheet_Use_this_template_0499cc43__xlsx	sheets/chartset-007/xlsx/090_Weekly_time_sheet_Use_this_template_0499cc43.xlsx	xlsx	ok	1	1	0	646	646	42	36	16	7	26	29	0	0
008_Contextures_chart_sample_7ea7a1d7__xlsx	sheets/chartset-008/xlsx/008_Contextures_chart_sample_7ea7a1d7.xlsx	xlsx	ok	5	5	0	796	796	81	83	25	24	56	61	0	0
058_Social_media_engagement_data_cfa1cb18__xlsx	sheets/chartset-007/xlsx/058_Social_media_engagement_data_cfa1cb18.xlsx	xlsx	ok	1	1	0	572	581	183	42	171	31	12	11	0	0
023_Waterfall_Chart_Template_for_Excel_349f7689__xlsx	sheets/chartset-008/xlsx/023_Waterfall_Chart_Template_for_Excel_349f7689.xlsx	xlsx	ok	5	5	0	4072	4052	211	708	88	18	123	692	1	1
034_Personal_net_worth_calculator_f7b8fb57__xlsx	sheets/chartset-008/xlsx/034_Personal_net_worth_calculator_f7b8fb57.xlsx	xlsx	ok	7	7	0	1181	1181	377	153	304	74	73	80	0	0
083_Project_tracker_Use_this_template_b38d057c__xlsx	sheets/chartset-007/xlsx/083_Project_tracker_Use_this_template_b38d057c.xlsx	xlsx	ok	2	2	0	1017	1007	110	16	108	14	2	2	0	0
051_Manufacturer_defect_analysis_53db27ea__xlsx	sheets/chartset-008/xlsx/051_Manufacturer_defect_analysis_53db27ea.xlsx	xlsx	ok	1	1	0	365	365	214	49	212	47	2	2	0	0
055_Project_timeline_with_milestones_Use_this_template_546cecc0__xlsx	sheets/chartset-008/xlsx/055_Project_timeline_with_milestones_Use_this_template_546cecc0.xlsx	xlsx	ok	2	2	0	967	1078	564	333	535	18	42	315	0	0
021_Control_Chart_Template_-_Create_Control_Charts_in_Excel_fd3b1a5d__xlsx	sheets/chartset-008/xlsx/021_Control_Chart_Template_-_Create_Control_Charts_in_Excel_fd3b1a5d.xlsx	xlsx	ok	5	5	0	4229	4229	602	429	397	122	305	307	1	1
099_Volunteer_Sign_Up_Sheet_Template_Stylish_Format_c0cc35a6__xlsx	sheets/chartset-008/xlsx/099_Volunteer_Sign_Up_Sheet_Template_Stylish_Format_c0cc35a6.xlsx	xlsx	ok	1	1	0	1132	1132	70	48	44	3	26	45	0	1
094_Volunteer_Sign_Up_Sheet_Template_Editable_Format_6711b281__xlsx	sheets/chartset-008/xlsx/094_Volunteer_Sign_Up_Sheet_Template_Editable_Format_6711b281.xlsx	xlsx	ok	1	1	0	859	859	139	53	109	19	30	34	1	2
024_Free_Kids_Chore_Chart_Template_ad74bb34__xlsx	sheets/chartset-009/xlsx/024_Free_Kids_Chore_Chart_Template_ad74bb34.xlsx	xlsx	ok	3	3	0	1194	1194	423	201	322	94	101	107	3	3
046_Cost_analysis_with_Pareto_chart_7db5ef69__xlsx	sheets/chartset-008/xlsx/046_Cost_analysis_with_Pareto_chart_7db5ef69.xlsx	xlsx	ok	1	1	0	754	753	212	99	197	86	15	13	0	0
018_Weight_Loss_Chart_-_Free_Printable_Weight_Loss_Charts_and_Weight_Log_3337bd0a__xlsx	sheets/chartset-009/xlsx/018_Weight_Loss_Chart_-_Free_Printable_Weight_Loss_Charts_and_Weight_Log_3337bd0a.xlsx	xlsx	ok	10	10	0	5866	5866	1412	603	953	130	531	545	5	5
092_Volunteer_Sign_Up_Sheet_Template_Complete_Guide_31fe4d22__xlsx	sheets/chartset-008/xlsx/092_Volunteer_Sign_Up_Sheet_Template_Complete_Guide_31fe4d22.xlsx	xlsx	ok	1	1	0	851	851	84	61	46	3	38	58	0	1
053_Personal_asset_inventory_5446d84b__xlsx	sheets/chartset-009/xlsx/053_Personal_asset_inventory_5446d84b.xlsx	xlsx	ok	4	2	0	251	219	177	52	152	20	27	32	0	0
041_Business_budget_ef942467__xlsx	sheets/chartset-009/xlsx/041_Business_budget_ef942467.xlsx	xlsx	ok	4	4	0	1563	1563	153	33	143	24	10	9	0	0
015_Free_Gantt_Chart_Template_for_Excel_414e86bf__xlsx	sheets/chartset-009/xlsx/015_Free_Gantt_Chart_Template_for_Excel_414e86bf.xlsx	xlsx	ok	8	8	0	9254	9254	550	317	351	104	199	213	4	4
081_Project_performance_report_Use_this_template_be2468b3__xlsx	sheets/chartset-009/xlsx/081_Project_performance_report_Use_this_template_be2468b3.xlsx	xlsx	ok	2	2	0	2444	2444	665	225	658	124	7	101	0	0
075_Idea_planner_tasks_f44ebd73__xlsx	sheets/chartset-009/xlsx/075_Idea_planner_tasks_f44ebd73.xlsx	xlsx	ok	1	1	0	506	507	90	32	79	27	11	5	1	5
029_Annual_budget_Use_this_template_30324a97__xlsx	sheets/chartset-009/xlsx/029_Annual_budget_Use_this_template_30324a97.xlsx	xlsx	ok	2	2	0	1108	1079	69	63	29	25	40	38	0	0
062_Run_chart_cb7476ea__xlsx	sheets/chartset-010/xlsx/062_Run_chart_cb7476ea.xlsx	xlsx	ok	2	2	0	751	756	297	56	278	37	39	39	0	0
047_Date_tracker_Gantt_chart_bf34f3a8__xlsx	sheets/chartset-010/xlsx/047_Date_tracker_Gantt_chart_bf34f3a8.xlsx	xlsx	ok	5	8	1	3215	3303	44	39	37	15	17	34	0	0
056_Quarterly_sale_report_baa6bb0d__xlsx	sheets/chartset-009/xlsx/056_Quarterly_sale_report_baa6bb0d.xlsx	xlsx	ok	4	4	0	775	775	367	155	353	153	14	2	0	0
072_Gantt_project_planner_dde00e33__xlsx	sheets/chartset-010/xlsx/072_Gantt_project_planner_dde00e33.xlsx	xlsx	ok	1	1	0	815	815	30	1532	7	1453	23	79	0	0
069_Blue_modern_balance_sheet_Use_this_template_6b4d70d3__xlsx	sheets/chartset-010/xlsx/069_Blue_modern_balance_sheet_Use_this_template_6b4d70d3.xlsx	xlsx	ok	4	4	0	1114	1114	157	28	153	24	4	4	0	2
084_Service_invoice_Use_this_template_c92b43dc__xlsx	sheets/chartset-010/xlsx/084_Service_invoice_Use_this_template_c92b43dc.xlsx	xlsx	ok	3	3	0	1247	1247	60	52	24	12	36	40	1	1
085_Simple_Gantt_chart_d65b8377__xlsx	sheets/chartset-009/xlsx/085_Simple_Gantt_chart_d65b8377.xlsx	xlsx	ok	3	3	0	3224	3247	716	525	380	115	336	410	1	1
079_Org_charts_visual_248d1dcf__xlsx	sheets/chartset-010/xlsx/079_Org_charts_visual_248d1dcf.xlsx	xlsx	ok	3	3	0	1870	1870	2048	405	1891	246	157	159	0	0
007_Contextures_chart_sample_667d8e47__xlsm	sheets/chartset-011/xlsm/007_Contextures_chart_sample_667d8e47.xlsm	xlsm	ok	7	7	0	1857	1860	85	100	13	1	72	99	1	1
065_Weight_loss_tracker_ff1c89af__xlsx	sheets/chartset-010/xlsx/065_Weight_loss_tracker_ff1c89af.xlsx	xlsx	ok	2	2	0	387	357	94	462	84	216	22	258	0	0
100_Volunteer_Sign_Up_Sheet_Template_Tabular_Format_0975f34e__xlsx	sheets/chartset-010/xlsx/100_Volunteer_Sign_Up_Sheet_Template_Tabular_Format_0975f34e.xlsx	xlsx	ok	1	1	0	778	778	69	44	45	8	24	36	1	2
030_Basic_balance_sheet_Use_this_template_10ed9144__xlsx	sheets/chartset-011/xlsx/030_Basic_balance_sheet_Use_this_template_10ed9144.xlsx	xlsx	ok	8	8	0	1767	1728	303	295	155	143	154	158	0	0
078_Modern_inventory_list_Use_this_template_41abd5bf__xlsx	sheets/chartset-010/xlsx/078_Modern_inventory_list_Use_this_template_41abd5bf.xlsx	xlsx	ok	1	1	0	1208	1208	249	46	249	16	0	30	0	12
028_Budget_summary_report_4aeefd13__xlsx	sheets/chartset-011/xlsx/028_Budget_summary_report_4aeefd13.xlsx	xlsx	ok	4	4	0	3600	3599	210	150	139	82	71	68	0	0
086_Simple_grey_invoice_Use_this_template_063b3773__xlsx	sheets/chartset-010/xlsx/086_Simple_grey_invoice_Use_this_template_063b3773.xlsx	xlsx	ok	1	1	0	515	515	8	5	4	1	4	4	1	1
060_Monthly_company_budget_47b2a99a__xlsx	sheets/chartset-011/xlsx/060_Monthly_company_budget_47b2a99a.xlsx	xlsx	ok	4	4	0	1916	1916	456	46	432	31	24	16	0	0
057_Simple_balance_sheet_Use_this_template_e2d4cbb2__xlsx	sheets/chartset-011/xlsx/057_Simple_balance_sheet_Use_this_template_e2d4cbb2.xlsx	xlsx	ok	3	3	0	2387	2078	213	391	196	376	18	16	0	0
010_Contextures_chart_sample_e6ea06a3__xlsx	sheets/chartset-011/xlsx/010_Contextures_chart_sample_e6ea06a3.xlsx	xlsx	ok	6	6	0	1071	1071	95	93	30	20	65	75	1	1
077_Inventory_list_with_highlighting_Use_this_template_36d8d57a__xlsx	sheets/chartset-011/xlsx/077_Inventory_list_with_highlighting_Use_this_template_36d8d57a.xlsx	xlsx	ok	1	1	0	1156	1156	308	468	308	435	0	33	6	12
042_Business_monthly_budget_4e4d092f__xlsx	sheets/chartset-011/xlsx/042_Business_monthly_budget_4e4d092f.xlsx	xlsx	ok	4	4	0	1800	1800	310	62	300	53	10	9	0	0
071_Four-week_project_timeline_Use_this_template_4f05db49__xlsx	sheets/chartset-011/xlsx/071_Four-week_project_timeline_Use_this_template_4f05db49.xlsx	xlsx	ok	1	2	0	405	594	1759	156	1678	66	81	90	2	3
012_Contextures_chart_sample_9900da76__xlsx	sheets/chartset-012/xlsx/012_Contextures_chart_sample_9900da76.xlsx	xlsx	ok	6	6	0	641	654	139	187	52	51	87	138	0	0
009_Contextures_chart_sample_adcb3f6c__xlsx	sheets/chartset-012/xlsx/009_Contextures_chart_sample_adcb3f6c.xlsx	xlsx	ok	12	12	0	1351	1351	102	99	16	4	86	95	1	1
066_Agile_Gantt_chart_08f9de45__xlsx	sheets/chartset-011/xlsx/066_Agile_Gantt_chart_08f9de45.xlsx	xlsx	ok	5	5	0	3114	3167	3022	950	2580	163	442	787	0	27
020_Free_Blood_Pressure_Chart_and_Printable_Blood_Pressure_Log_8f8dcc39__xlsx	sheets/chartset-012/xlsx/020_Free_Blood_Pressure_Chart_and_Printable_Blood_Pressure_Log_8f8dcc39.xlsx	xlsx	ok	6	6	0	1025	1025	247	242	26	6	221	236	3	3
026_Monthly_cash_flow_statement_Use_this_template_8aaebea1__xlsx	sheets/chartset-012/xlsx/026_Monthly_cash_flow_statement_Use_this_template_8aaebea1.xlsx	xlsx	ok	11	11	0	9268	9230	3710	574	3668	425	42	341	0	0
002_Contextures_chart_sample_f605e7bc__xlsx	sheets/chartset-012/xlsx/002_Contextures_chart_sample_f605e7bc.xlsx	xlsx	ok	8	8	0	2016	2016	286	70	256	33	30	40	1	1
068_Blue_inventory_list_Use_this_template_f9908489__xlsx	sheets/chartset-012/xlsx/068_Blue_inventory_list_Use_this_template_f9908489.xlsx	xlsx	ok	4	4	0	1282	1283	151	23	147	19	4	4	0	5
080_Profit_and_loss_income_statement_3566dae9__xlsx	sheets/chartset-012/xlsx/080_Profit_and_loss_income_statement_3566dae9.xlsx	xlsx	ok	3	3	0	5201	5201	624	300	525	87	99	213	0	0
013_Contextures_chart_sample_21b98e22__xlsx	sheets/chartset-012/xlsx/013_Contextures_chart_sample_21b98e22.xlsx	xlsx	ok	7	7	0	830	830	178	229	55	56	123	176	0	0
001_Contextures_chart_sample_b089bc34__xlsx	sheets/chartset-013/xlsx/001_Contextures_chart_sample_b089bc34.xlsx	xlsx	ok	15	15	0	4159	4160	229	83	170	12	59	72	1	1
036_Simple_to-do_list_Use_this_template_ba44373b__xlsx	sheets/chartset-012/xlsx/036_Simple_to-do_list_Use_this_template_ba44373b.xlsx	xlsx	ok	4	4	0	351	351	247	83	218	57	29	26	0	0
019_Free_Blood_Sugar_Chart_for_Excel_-_Track_Your_Blood_Sugar_Level_36f4a782__xlsx	sheets/chartset-013/xlsx/019_Free_Blood_Sugar_Chart_for_Excel_-_Track_Your_Blood_Sugar_Level_36f4a782.xlsx	xlsx	ok	9	9	0	4045	4043	1006	709	484	187	589	649	3	87
097_Volunteer_Sign_Up_Sheet_Template_Professional_Format_075d06ed__xlsx	sheets/chartset-012/xlsx/097_Volunteer_Sign_Up_Sheet_Template_Professional_Format_075d06ed.xlsx	xlsx	ok	1	1	0	1038	1038	95	89	60	31	35	58	1	2
032_Business_expenses_budget_d377eaab__xlsx	sheets/chartset-013/xlsx/032_Business_expenses_budget_d377eaab.xlsx	xlsx	ok	4	4	0	6666	6666	1530	548	1418	417	142	141	0	0
033_Event_planning_tracker_Use_this_template_f29a848e__xlsx	sheets/chartset-013/xlsx/033_Event_planning_tracker_Use_this_template_f29a848e.xlsx	xlsx	ok	3	3	0	3102	3031	273	130	181	36	94	96	0	0
043_Buy_a_car_vs._rideshare_ff07c7e6__xlsx	sheets/chartset-013/xlsx/043_Buy_a_car_vs._rideshare_ff07c7e6.xlsx	xlsx	ok	7	7	0	1554	1549	200	126	141	64	59	62	0	0
031_Business_expense_budget_f3a46278__xlsx	sheets/chartset-013/xlsx/031_Business_expense_budget_f3a46278.xlsx	xlsx	ok	8	8	0	9946	9946	2242	153	2205	126	37	27	0	0
049_Expenses_calculator_c351f3d0__xlsx	sheets/chartset-013/xlsx/049_Expenses_calculator_c351f3d0.xlsx	xlsx	ok	4	4	0	1626	1616	299	82	268	46	34	39	0	0
087_Simple_personal_budget_3cf9b1af__xlsx	sheets/chartset-013/xlsx/087_Simple_personal_budget_3cf9b1af.xlsx	xlsx	ok	3	3	0	3607	3607	1819	541	1819	323	0	285	0	0
035_Project_plan_for_law_firms_aa2d4462__xlsx	sheets/chartset-013/xlsx/035_Project_plan_for_law_firms_aa2d4462.xlsx	xlsx	ok	4	4	0	4372	4317	85	61	61	36	26	27	0	0
059_Milestone_and_task_project_timeline_Use_this_template_24f1e8f1__xlsx	sheets/chartset-013/xlsx/059_Milestone_and_task_project_timeline_Use_this_template_24f1e8f1.xlsx	xlsx	ok	3	3	0	2069	2069	80	124	51	33	43	93	1	1
016_Free_Organizational_Chart_Template_-_Company_Organization_Chart_db913144__xlsx	sheets/chartset-014/xlsx/016_Free_Organizational_Chart_Template_-_Company_Organization_Chart_db913144.xlsx	xlsx	ok	4	4	0	1644	1644	237	997	159	914	123	128	34	34
017_Timeline_Templates_for_Excel_b88faee6__xlsx	sheets/chartset-014/xlsx/017_Timeline_Templates_for_Excel_b88faee6.xlsx	xlsx	ok	3	3	0	1008	1008	101	59	62	11	44	53	3	10
027_Simple_personal_cash_flow_statement_675c6584__xlsx	sheets/chartset-014/xlsx/027_Simple_personal_cash_flow_statement_675c6584.xlsx	xlsx	ok	10	10	0	9337	9337	2994	757	2930	587	106	404	0	0
025_Printable_Reward_Charts_for_Kids_-_Reward_Chart_Template_aabacd93__xlsx	sheets/chartset-014/xlsx/025_Printable_Reward_Charts_for_Kids_-_Reward_Chart_Template_aabacd93.xlsx	xlsx	ok	5	5	0	753	753	641	997	446	260	335	871	5	205
038_Baby_growth_chart_bb9cd672__xlsx	sheets/chartset-014/xlsx/038_Baby_growth_chart_bb9cd672.xlsx	xlsx	ok	2	2	0	602	603	201	110	168	79	33	31	0	0
039_Baby_growth_tracker_e295ae56__xlsx	sheets/chartset-014/xlsx/039_Baby_growth_tracker_e295ae56.xlsx	xlsx	ok	2	2	0	632	632	214	114	181	83	33	31	0	0
045_Check_register_with_chart_4becb8a0__xlsx	sheets/chartset-014/xlsx/045_Check_register_with_chart_4becb8a0.xlsx	xlsx	ok	1	1	0	836	864	3350	3078	3333	3061	17	17	0	0
064_Small_business_cash_flow_Use_this_template_0a640756__xlsx	sheets/chartset-014/xlsx/064_Small_business_cash_flow_Use_this_template_0a640756.xlsx	xlsx	ok	7	7	0	1731	1731	698	2520	396	2143	380	383	0	0
048_Expense_trends_budget_18d1e8ba__xlsx	sheets/chartset-014/xlsx/048_Expense_trends_budget_18d1e8ba.xlsx	xlsx	ok	14	14	0	4247	4247	211	349	141	152	70	197	0	0
REDAC_SCHEDULE_RPD_135__xls	sheets/done-001/xls/REDAC_SCHEDULE_RPD_135.xls	xls	ok	1	1	0	537	537	87	89	0	0	87	89	0	0
Airplanes-MTOW__xls	sheets/done-001/xls/Airplanes-MTOW.xls	xls	ok	6	6	0	4814	4814	7	2	7	2	0	0	0	0
ExampleWhiteListData__xlsx	sheets/done-001/xlsx/ExampleWhiteListData.xlsx	xlsx	ok	6	6	0	5748	5748	288	292	11	3	277	289	0	0
16424782563923__xlsx	sheets/done-001/xlsx/16424782563923.xlsx	xlsx	ok	3	3	0	4845	4845	127	130	4	1	123	129	0	0
076_Inventory_list_accessibility_guide_Use_this_template_f43dab19__xlsx	sheets/chartset-014/xlsx/076_Inventory_list_accessibility_guide_Use_this_template_f43dab19.xlsx	xlsx	ok	9	9	0	4972	4961	724	85	720	81	4	4	7	16
Patent Index 2024 - Top 100 applicants 2024__xlsx	sheets/done-001/xlsx/Patent Index 2024 - Top 100 applicants 2024.xlsx	xlsx	ok	1	1	0	1636	1636	106	108	0	0	106	108	0	0
Geo_Abschlussarbeiten__xlsx	sheets/done-001/xlsx/Geo_Abschlussarbeiten.xlsx	xlsx	ok	3	3	0	4950	4950	111	111	0	0	111	111	0	0
RPD 155 REDAC SCHEDULE 2014-04-02__xls	sheets/done-001/xls/RPD 155 REDAC SCHEDULE 2014-04-02.xls	xls	ok	1	1	0	523	523	48	49	0	0	48	49	0	0
2012-GA-Survey-Chapter-5-Tables-16Dec2013-V2__xls	sheets/done-002/xls/2012-GA-Survey-Chapter-5-Tables-16Dec2013-V2.xls	xls	ok	3	3	0	2675	2675	44	45	0	0	44	45	0	0
oltl-bulletin-59-26-03-ptr-sc-registration-form-for-oltl-approved-software__xlsx	sheets/done-001/xlsx/oltl-bulletin-59-26-03-ptr-sc-registration-form-for-oltl-approved-software.xlsx	xlsx	ok	2	2	0	500	500	139	211	21	7	118	204	0	0
FMMO_NMPF_37C__xlsx	sheets/done-001/xlsx/FMMO_NMPF_37C.xlsx	xlsx	ok	1	1	0	1536	1471	35	35	26	0	9	35	0	0
P1636e__xls	sheets/done-002/xls/P1636e.xls	xls	ok	2	2	0	1418	1418	245	21	234	10	11	11	0	0
REDAC_SCHEDULE_RPD_137__xls	sheets/done-002/xls/REDAC_SCHEDULE_RPD_137.xls	xls	ok	2	2	0	1840	1840	225	229	0	0	225	229	0	0
einvoice-summary-worksheet__xlsx	sheets/done-001/xlsx/einvoice-summary-worksheet.xlsx	xlsx	ok	2	2	0	813	813	820	62	768	8	52	54	0	0
2012-GA-Survey-Chapter-6-Tables-16Dec2013-V2__xls	sheets/done-002/xls/2012-GA-Survey-Chapter-6-Tables-16Dec2013-V2.xls	xls	ok	5	5	0	3343	3343	78	97	0	0	78	97	0	0
AIRBUS_station_evaluation_checklist_v2__xlsx	sheets/done-002/xlsx/AIRBUS_station_evaluation_checklist_v2.xlsx	xlsx	ok	1	1	0	3009	3009	35	37	0	0	35	37	1	1
Chicago.List.2025__xlsx	sheets/done-002/xlsx/Chicago.List.2025.xlsx	xlsx	ok	3	3	0	9273	9333	0	0	0	0	0	0	0	0
(5000021142)-(subc0226)-criminology-subject-collection-list__xlsx	sheets/done-002/xlsx/(5000021142)-(subc0226)-criminology-subject-collection-list.xlsx	xlsx	ok	3	3	0	5226	5226	167	169	7	4	160	165	0	0
WEBSITE-RESOURCE-LIST-by-CATEGORY-4-6-18-341pm__xlsx	sheets/done-002/xlsx/WEBSITE-RESOURCE-LIST-by-CATEGORY-4-6-18-341pm.xlsx	xlsx	ok	1	1	0	3373	3373	89	226	11	1	78	225	0	0
e-pass-contact-details-template__xlsx	sheets/done-002/xlsx/e-pass-contact-details-template.xlsx	xlsx	ok	4	4	0	165	165	33	36	7	4	26	32	0	0
Upload__hvv_Linie_150_2023__xlsx	sheets/done-002/xlsx/Upload__hvv_Linie_150_2023.XLSX	xlsx	ok	1	1	0	959	959	0	0	0	0	0	0	0	0
NPA_21_21_Sentenced_Comments__xls	sheets/done-003/xls/NPA_21_21_Sentenced_Comments.xls	xls	ok	2	2	0	4779	4800	198	221	43	11	155	210	0	0
RPA-Budgets-FY-17-19-20__xls	sheets/done-003/xls/RPA-Budgets-FY-17-19-20.xls	xls	ok	4	4	0	4900	4900	600	306	343	45	257	261	0	0
4-12-Kings-Attachment-13-Application-Architecture-Security-Requirements__xls	sheets/done-003/xls/4-12-Kings-Attachment-13-Application-Architecture-Security-Requirements.xls	xls	ok	6	6	0	10044	10044	134	143	5	2	129	141	0	0
programs contact list as of 07-01-10__xls	sheets/done-003/xls/programs contact list as of 07-01-10.xls	xls	ok	3	3	0	4201	4201	346	368	0	0	346	368	0	0
00514292__xlsx	sheets/done-003/xlsx/00514292.xlsx	xlsx	ok	9	9	0	4674	4674	707	122	622	21	85	101	0	0
disclosures_ecm__xls	sheets/done-003/xls/disclosures_ecm.xls	xls	ok	1	1	0	19635	19635	21	25	4	1	17	24	0	0
Bulletin-37-Appendix-2-immediate-detriment-data-request__xlsx	sheets/done-003/xlsx/Bulletin-37-Appendix-2-immediate-detriment-data-request.xlsx	xlsx	ok	5	5	0	3005	3005	18	15	7	2	11	13	0	0
VOR Candidate Discontinuance List 2026-01-08__xlsx	sheets/done-003/xlsx/VOR Candidate Discontinuance List 2026-01-08.xlsx	xlsx	ok	7	7	0	8449	8449	360	517	9	152	351	365	0	0
NorwegianXPensionXFundXanalysisXexportsXandXLAWS-1__xls	sheets/done-004/xls/NorwegianXPensionXFundXanalysisXexportsXandXLAWS-1.xls	xls	ok	8	8	0	4662	4662	131	29	131	29	0	0	0	0
Air_Boss_Master_List__xlsx	sheets/done-003/xlsx/Air_Boss_Master_List.xlsx	xlsx	ok	5	5	0	3069	3069	220	174	109	49	113	127	0	0
flying-log-passenger-23rd-september-2014__xls	sheets/done-004/xls/flying-log-passenger-23rd-september-2014.xls	xls	ok	7	7	0	25384	25384	628	654	5	1	623	653	0	0
EU_145s_with_TCCA_approval_-_31.01.2025__xlsx	sheets/done-004/xlsx/EU_145s_with_TCCA_approval_-_31.01.2025.xlsx	xlsx	ok	14	14	0	18598	18598	0	0	0	0	0	0	0	0
redac-sas-201503-fy17-research-portfolio__xlsx	sheets/done-003/xlsx/redac-sas-201503-fy17-research-portfolio.xlsx	xlsx	ok	2	2	0	5017	5017	279	237	113	53	166	184	0	0
Estero Rotary Awards__xlsx	sheets/done-004/xlsx/Estero Rotary Awards.xlsx	xlsx	ok	2	2	0	1234	1234	4	6	0	0	4	6	0	0
List-of-Members-August-2017__xlsx	sheets/done-004/xlsx/List-of-Members-August-2017.xlsx	xlsx	ok	10	10	0	10983	10983	22	17	22	6	0	11	0	0
permit-applications-determined-july-2015__xls	sheets/done-004/xls/permit-applications-determined-july-2015.xls	xls	ok	1	1	0	8243	8243	162	153	26	10	136	143	1	1
Part_375_Operators__xlsx	sheets/done-004/xlsx/Part_375_Operators.xlsx	xlsx	ok	19	19	0	12402	12402	2	2	2	2	2	2	0	0
UAE Type Accepted Aircraft Models__xlsx	sheets/done-004/xlsx/UAE Type Accepted Aircraft Models.xlsx	xlsx	ok	6	6	0	4189	4189	256	266	4	2	252	264	0	0
Foreign_SA-CAT-I_and_CAT-II-III_Pub_0__xlsx	sheets/done-004/xlsx/Foreign_SA-CAT-I_and_CAT-II-III_Pub_0.xlsx	xlsx	ok	16	16	0	8090	8089	30	20	26	16	12	12	0	0
SectorAdvisoryGroupandStrategyBoards__xls	sheets/done-005/xls/SectorAdvisoryGroupandStrategyBoards.xls	xls	ok	7	7	0	15587	15587	329	343	0	0	329	343	0	0
Background_Declaration_Template__xls	sheets/done-005/xls/Background_Declaration_Template.xls	xls	ok	25	25	0	889	889	5049	649	4499	77	550	572	0	0
National-Reports__xlsx	sheets/done-005/xlsx/National-Reports.xlsx	xlsx	ok	6	6	0	7603	7603	255	267	0	0	255	267	0	0
Travel-Cost-Estimate-Calculator__xlsx	sheets/done-004/xlsx/Travel-Cost-Estimate-Calculator.xlsx	xlsx	ok	3	3	0	1076	1076	217	89	155	18	62	71	3	3
esurf-12-135-2024-t01__xlsx	sheets/done-005/xlsx/esurf-12-135-2024-t01.xlsx	xlsx	ok	1	1	0	707	707	0	0	0	0	0	0	0	0
Praktikastellen_-_chinesischsprachiger_Kulturraum__xls	sheets/done-005/xls/Praktikastellen_-_chinesischsprachiger_Kulturraum.xls	xls	ok	34	34	0	13124	13124	55	54	55	0	0	54	0	0
WG7_NCWF_Skills_Table__xls	sheets/done-006/xls/WG7_NCWF_Skills_Table.XLS	xls	ok	44	44	0	62860	62868	6	6	0	0	6	6	0	0
cy10_primary_enplanements__xls	sheets/done-005/xls/cy10_primary_enplanements.xls	xls	ok	12	12	0	25101	25101	703	749	0	0	703	749	0	0
apron-area__xls	sheets/done-005/xls/apron-area.xls	xls	ok	3	3	0	1909	1909	678	416	581	135	102	284	434	780
Infotabelle_WLAN im Flugzeug__xlsx	sheets/done-006/xlsx/Infotabelle_WLAN im Flugzeug.xlsx	xlsx	ok	4	4	0	2189	2189	227	173	140	76	87	97	1	1
arp-sop-300-Exhibit-A-Table-Templates__xlsx	sheets/done-005/xlsx/arp-sop-300-Exhibit-A-Table-Templates.xlsx	xlsx	ok	11	11	0	20318	20332	1007	178	860	11	149	169	0	0
Part_129_Operators__xlsx	sheets/done-005/xlsx/Part_129_Operators.xlsx	xlsx	ok	23	23	0	19846	19846	2	2	2	2	2	2	0	0
SSRO_Quarterly_Statistical_Bulletin_Q3201617_DATA__xlsx	sheets/done-006/xlsx/SSRO_Quarterly_Statistical_Bulletin_Q3201617_DATA.xlsx	xlsx	ok	4	4	0	2666	2666	924	69	884	27	42	44	2	2
Hazard Analysis Template__xls	sheets/done-006/xls/Hazard Analysis Template.xls	xls	ok	3	3	0	3416	3432	175	103	91	14	84	89	0	0
june_2025_published__xlsx	sheets/done-005/xlsx/june_2025_published.xlsx	xlsx	ok	15	15	0	96226	96226	14	15	0	0	14	15	0	0
ACRONYM__xls	sheets/done-007/xls/ACRONYM.xls	xls	ok	69	69	0	62403	62397	0	0	0	0	0	0	0	0
AFS-400_Contacts__xlsx	sheets/done-006/xlsx/AFS-400_Contacts.xlsx	xlsx	ok	48	48	0	46637	46638	7	3	7	3	0	0	0	0
ZenithAviation_AuctionList__xls	sheets/done-006/xls/ZenithAviation_AuctionList.xls	xls	ok	33	33	0	35891	35891	12	12	0	0	12	12	0	0
National-Finalists-2024-1__xlsx	sheets/done-007/xlsx/National-Finalists-2024-1.xlsx	xlsx	ok	30	30	0	27411	27411	3810	1433	2460	33	1350	1400	0	0
Published_Issuances_2024__xlsx	sheets/done-006/xlsx/Published_Issuances_2024.xlsx	xlsx	ok	1	1	0	4644	4644	152	94	116	12	36	82	0	0
Performance__xlsx	sheets/done-006/xlsx/Performance.xlsx	xlsx	ok	13	13	0	8067	8066	251	166	140	29	111	137	0	0
essd-16-3433-2024-t02__xlsx	sheets/done-007/xlsx/essd-16-3433-2024-t02.xlsx	xlsx	ok	4	4	0	2152	2153	0	0	0	0	0	0	0	0
register-changes-in-may-2024---adujsted__xlsx	sheets/done-006/xlsx/register-changes-in-may-2024---adujsted.xlsx	xlsx	ok	10	10	0	5099	5100	236	192	114	46	122	146	0	0
dragon-175066A__xlsx	sheets/done-006/xlsx/dragon-175066A.xlsx	xlsx	ok	13	13	0	57675	57675	1180	1174	90	19	1090	1155	0	0
wiley-cancelled-title-list__xlsx	sheets/done-007/xlsx/wiley-cancelled-title-list.xlsx	xlsx	ok	60	60	0	59614	59614	2	1	2	1	0	0	0	0
114339-PROP-P127508-PUBLIC-PPCRNARCPPforPublication__xlsx	sheets/done-007/xlsx/114339-PROP-P127508-PUBLIC-PPCRNARCPPforPublication.xlsx	xlsx	ok	21	21	0	16067	15681	2944	793	2444	65	500	728	0	0
2015-19 top 25 Arms producing companies data - to upload on website - FINAL_edit__xlsx	sheets/done-008/xlsx/2015-19 top 25 Arms producing companies data - to upload on website - FINAL_edit.xlsx	xlsx	ok	19	19	0	12069	12070	545	520	54	15	491	505	0	0
CSA_CCM_v1.2__xls	sheets/done-007/xls/CSA_CCM_v1.2.xls	xls	ok	13	13	0	83955	83953	1806	1013	944	101	862	912	0	0
RVSM_Non_approved_list_2025_84c0b3f4ac__xlsx	sheets/done-008/xlsx/RVSM_Non_approved_list_2025_84c0b3f4ac.xlsx	xlsx	ok	2	2	0	2286	2287	113	119	0	0	113	119	0	0
ecopy of 2016 statistical bulletin_public finance statistics_final__xlsx	sheets/done-007/xlsx/ecopy of 2016 statistical bulletin_public finance statistics_final.xlsx	xlsx	ok	17	17	0	30959	30979	1864	259	1718	89	146	170	0	0
SLSA_Directory_031423__xlsx	sheets/done-007/xlsx/SLSA_Directory_031423.xlsx	xlsx	ok	10	10	0	29803	29782	555	742	118	15	437	727	0	0
jobs-bulletin-51-22-december-2025__xlsx	sheets/done-007/xlsx/jobs-bulletin-51-22-december-2025.xlsx	xlsx	ok	12	12	0	10950	10950	208	220	0	0	208	220	0	0
commander-authorisation-tasks-spreadsheet-october-2025__xlsx	sheets/done-008/xlsx/commander-authorisation-tasks-spreadsheet-october-2025.xlsx	xlsx	ok	23	23	0	69975	69960	39	26	20	7	19	19	0	0
hdss-bulletin-index-2019-2022__xlsx	sheets/done-007/xlsx/hdss-bulletin-index-2019-2022.xlsx	xlsx	ok	24	24	0	19071	19154	350	350	350	0	0	350	0	0
data_20121018181533__xls	sheets/done-008/xls/data_20121018181533.xls	xls	ok	57	57	0	59646	59646	20	5	20	5	0	0	0	0
Liste-Zertifizierung-ChemKlimaschutzV-RPT__xls	sheets/done-008/xls/Liste-Zertifizierung-ChemKlimaschutzV-RPT.xls	xls	ok	5	5	0	9413	9347	173	183	2	2	171	181	0	0
Computer and Software Services_50 State Comparison__xlsx	sheets/done-008/xlsx/Computer and Software Services_50 State Comparison.xlsx	xlsx	ok	26	26	0	13696	13695	1690	48	1284	47	406	1	1	1
Company_Seniority_Date_Calculator__xlsx	sheets/done-008/xlsx/Company_Seniority_Date_Calculator.xlsx	xlsx	ok	12	12	0	16492	16514	349	219	194	10	155	209	0	0
EHEST-Pre-departure-checklist-Rev.-1-06-12-2016__xls	sheets/done-009/xls/EHEST-Pre-departure-checklist-Rev.-1-06-12-2016.xls	xls	ok	24	24	0	39203	38853	4042	2213	2017	137	2025	2087	1	1
TDA_Smoke-Detectors__xlsx	sheets/done-008/xlsx/TDA_Smoke-Detectors.xlsx	xlsx	ok	28	28	0	18888	18889	3523	34	3523	33	2	3	4	4
airports_6__xlsx	sheets/done-008/xlsx/airports_6.xlsx	xlsx	ok	17	17	0	66156	66156	1563	1794	153	17	1410	1777	0	0
Aviation_Abbreviations__xlsx	sheets/done-009/xlsx/Aviation_Abbreviations.xlsx	xlsx	ok	94	94	0	93497	93497	2	2	0	0	2	2	0	0
template-ECSPR-notifications__xlsx	sheets/done-008/xlsx/template-ECSPR-notifications.xlsx	xlsx	ok	26	26	0	1332	1279	322	321	122	68	200	253	0	0
6f9e605c-fded-11e3-bd0e-00144feab7de__xls	sheets/done-009/xls/6f9e605c-fded-11e3-bd0e-00144feab7de.xls	xls	ok	16	16	0	38921	38921	818	937	0	0	818	937	0	0
RegChangeReport__xlsx	sheets/done-009/xlsx/RegChangeReport.xlsx	xlsx	ok	12	12	0	18475	16028	584	280	489	18	95	262	0	0
INDEX_Digital_Transformation_Toolkits__xls	sheets/done-009/xls/INDEX_Digital_Transformation_Toolkits.xls	xls	ok	24	24	0	15735	15733	114	121	23	23	91	98	207	207
PC1000__xls	sheets/done-010/xls/PC1000.xls	xls	ok	13	13	0	4005	4099	938	958	31	14	919	953	1	1
cy01_state__xls	sheets/done-009/xls/cy01_state.xls	xls	ok	36	36	0	87728	87714	20848	4451	18468	1999	2380	2452	0	0
Data-Architecture-Tool-Fit-Assessment-Template__xlsx	sheets/done-009/xlsx/Data-Architecture-Tool-Fit-Assessment-Template.xlsx	xlsx	ok	22	22	0	9198	9198	1315	973	748	360	567	613	6	6
PBN Matrix NAAs (V01)__xlsx	sheets/done-009/xlsx/PBN Matrix NAAs (V01).xlsx	xlsx	ok	25	25	0	29357	29303	184	120	115	27	69	93	0	0
TOGAF9-Tool-ConfReqts-CSQ__xls	sheets/done-010/xls/TOGAF9-Tool-ConfReqts-CSQ.xls	xls	ok	28	28	0	160956	160299	2284	2364	440	91	1844	2275	0	2
sistem-rekod-markah-srm-_-rekod-master__xlsx	sheets/done-009/xlsx/sistem-rekod-markah-srm-_-rekod-master.xlsx	xlsx	ok	31	31	0	15423	19023	2270	369	2047	145	223	224	0	0
State-Medicaid-Payment-Policies-for-Medicare-Cost-Sharing__xlsx	sheets/done-009/xlsx/State-Medicaid-Payment-Policies-for-Medicare-Cost-Sharing.xlsx	xlsx	ok	18	18	0	247633	248573	1133	683	614	136	519	547	1	1
AMOC-Digital-Certificate-Publication-Report__xlsx	sheets/done-010/xlsx/AMOC-Digital-Certificate-Publication-Report.xlsx	xlsx	ok	148	148	0	245495	245495	6596	3105	4631	842	1965	2263	0	0
NAARMO_Mexico_RVSM_Approvals__xlsx	sheets/done-010/xlsx/NAARMO_Mexico_RVSM_Approvals.xlsx	xlsx	ok	16	16	0	37529	37529	1106	1377	160	16	946	1361	0	0
RMP 2011-2014 and Inventory__xls	sheets/done-010/xls/RMP 2011-2014 and Inventory.xls	xls	ok	38	38	0	103208	103202	2899	1810	1422	99	1477	1711	0	0
Special-Procedures_2025-07-10__xls	sheets/done-010/xls/Special-Procedures_2025-07-10.xls	xls	ok	22	22	0	161954	161954	72	30	51	9	23	23	0	0
cy06_primary_np_comm__xls	sheets/done-010/xls/cy06_primary_np_comm.xls	xls	ok	11	11	0	32944	32944	820	861	0	0	820	861	0	0
T0A0D0000090006XLSE__xls	sheets/done-011/xls/T0A0D0000090006XLSE.xls	xls	ok	162	162	0	245256	245297	1728	2052	0	0	1728	2052	0	0
DOE-C2M2-V1.1-to-DOE-C2M2-V2.1 (1.1.0)__xlsx	sheets/done-010/xlsx/DOE-C2M2-V1.1-to-DOE-C2M2-V2.1 (1.1.0).xlsx	xlsx	ok	91	91	0	95529	95528	210	206	56	32	154	174	0	0
AFCforPtF-Digital-Certificate-Publication-Report__xlsx	sheets/done-010/xlsx/AFCforPtF-Digital-Certificate-Publication-Report.xlsx	xlsx	ok	111	111	0	200464	200464	18984	5312	15880	1985	3104	3327	0	0
Application_for_authorisation_as_crowdfunding_service_provider__xlsx	sheets/done-011/xlsx/Application_for_authorisation_as_crowdfunding_service_provider.xlsx	xlsx	ok	48	48	0	26382	26198	709	782	43	16	666	766	0	0
aircraft_analysis-2018-06__xlsx	sheets/done-011/xlsx/aircraft_analysis-2018-06.xlsx	xlsx	ok	42	42	0	41463	41465	0	0	0	0	0	0	0	0
Keywords_Mapping_Graphs_and_Charts__xlsx	sheets/done-010/xlsx/Keywords_Mapping_Graphs_and_Charts.xlsx	xlsx	ok	46	46	0	26699	26617	1218	1227	306	306	934	943	0	0
List of EQS securities_0__xls	sheets/done-011/xls/List of EQS securities_0.xls	xls	ok	104	104	0	161673	161673	5672	5856	36	8	5636	5848	0	0
SIL_TDB609__xls	sheets/done-012/xls/SIL_TDB609.xls	xls	ok	50	50	0	23173	23176	330	364	7	6	329	358	0	0
SIL_TDB605__xls	sheets/done-011/xls/SIL_TDB605.xls	xls	ok	44	44	0	19170	19173	329	363	5	4	328	359	0	0
2023-qhp-form-and-rate-combined-checklist-final__xlsx	sheets/done-011/xlsx/2023-qhp-form-and-rate-combined-checklist-final.xlsx	xlsx	ok	100	100	0	74479	74395	1888	2059	162	97	1726	1962	0	0
Capability_List_9-14-2022_Dallas_Combined-Aircraft_Manuf_unsorted__xlsx	sheets/done-011/xlsx/Capability_List_9-14-2022_Dallas_Combined-Aircraft_Manuf_unsorted.xlsx	xlsx	ok	147	147	0	153559	153559	46	18	40	12	6	6	0	0
CSJU List of Recipients of funds 2013-2020__xlsx	sheets/done-012/xlsx/CSJU List of Recipients of funds 2013-2020.xlsx	xlsx	ok	97	97	0	295864	295869	25287	7232	18394	144	6893	7088	9	9
links-2026__xlsx	sheets/done-011/xlsx/links-2026.xlsx	xlsx	ok	45	45	0	16904	16904	2038	2129	193	6	1845	2123	0	0
MinCh-Digital-Certificate-Publication-Report__xlsx	sheets/done-012/xlsx/MinCh-Digital-Certificate-Publication-Report.xlsx	xlsx	ok	179	179	0	755446	755446	13174	4502	9933	902	3241	3600	0	0
npias_2009_appA__xls	sheets/done-012/xls/npias_2009_appA.xls	xls	ok	73	73	0	213042	213042	6620	6033	949	73	5671	5960	1	0
Application_Compliance_Checklist_5_Apr_2021__xlsx	sheets/done-011/xlsx/Application_Compliance_Checklist_5_Apr_2021.xlsx	xlsx	ok	14	14	0	99330	98381	6134	2364	4035	265	2123	2128	0	133
Copy of EASA-IFP-WEBLISTNOODATA-ListsofBASAapprovals(WEB)_ListofValidUSBASAorganisations_2023-01-13-04-33-14__xlsx	sheets/done-012/xlsx/Copy of EASA-IFP-WEBLISTNOODATA-ListsofBASAapprovals(WEB)_ListofValidUSBASAorganisations_2023-01-13-04-33-14.xlsx	xlsx	ok	245	245	0	201253	201253	0	0	0	0	0	0	0	0
18-02RD301_ILS_components_Master_9-13-18__xls	sheets/done-013/xls/18-02RD301_ILS_components_Master_9-13-18.xls	xls	ok	166	166	0	158582	158582	67	66	5	1	62	65	0	0
capa-liste-nse-1__xls	sheets/done-013/xls/capa-liste-nse-1.xls	xls	ok	108	108	0	135824	135825	6028	6200	57	8	5971	6192	1	1
FY2023-AIP-grants__xlsx	sheets/done-011/xlsx/FY2023-AIP-grants.xlsx	xlsx	ok	33	33	0	422260	422260	3877	4007	0	0	3877	4007	0	0
atspp_pay_tables__xlsx	sheets/done-012/xlsx/atspp_pay_tables.xlsx	xlsx	ok	101	101	0	69988	69988	13569	4829	9547	841	4022	3988	0	0
NPIAS_2007_App_A__xls	sheets/done-012/xls/NPIAS_2007_App_A.xls	xls	ok	128	128	0	184917	184917	45600	8215	37772	131	7828	8084	0	0
ECA Sinters__xls	sheets/done-013/xls/ECA Sinters.xls	xls	ok	163	163	0	189059	190928	36003	13375	23373	493	12630	12882	0	0
2025_Active_Civil_Airmen_Statistics_FINAL__xlsx	sheets/done-012/xlsx/2025_Active_Civil_Airmen_Statistics_FINAL.xlsx	xlsx	ok	35	35	0	62142	62212	635	685	0	0	635	685	0	0
FY2021-AIP-grants__xlsx	sheets/done-013/xlsx/FY2021-AIP-grants.xlsx	xlsx	ok	58	58	0	726302	726302	7057	7287	0	0	7057	7287	0	0
EASA-IFP-WEBLISTNOODATA-ListsofBASAapprovals_WEB__ListofValidBASAorganisations_2025-01-20-08-56-36__xlsx	sheets/done-012/xlsx/EASA-IFP-WEBLISTNOODATA-ListsofBASAapprovals_WEB__ListofValidBASAorganisations_2025-01-20-08-56-36.xlsx	xlsx	ok	254	254	0	212806	212806	0	0	0	0	0	0	0	0
fy2010-aip-grants__xls	sheets/done-013/xls/fy2010-aip-grants.xls	xls	ok	100	100	0	295554	295554	35698	7191	30288	1383	5410	5808	0	0
certification-type-certificates-docs-tcdns-databases-MAdB-Rotorcraft-14-28112013__xlsx	sheets/done-012/xlsx/certification-type-certificates-docs-tcdns-databases-MAdB-Rotorcraft-14-28112013.xlsx	xlsx	ok	82	82	0	68649	68665	12152	857	11585	251	567	606	0	0
fy20-may20-sep20__xlsx	sheets/done-013/xlsx/fy20-may20-sep20.xlsx	xlsx	ok	96	96	0	306552	306552	3601	3979	0	0	3601	3979	0	0
aircraft_analysis_2016-04-27__xls	sheets/done-013/xls/aircraft_analysis_2016-04-27.xls	xls	ok	46	46	0	72472	72468	8	8	0	0	8	8	0	0
afn-afn-20250801-fy25-jan25-mar25__xlsx	sheets/done-013/xlsx/afn-afn-20250801-fy25-jan25-mar25.xlsx	xlsx	ok	270	270	0	433251	433399	5163	5627	205	128	4958	5499	0	0
TICAPCapability_Final__xls	sheets/done-014/xls/TICAPCapability_Final.xls	xls	ok	17	17	0	28609	28271	10338	1252	9805	670	572	588	9	0
fy2011-aip-grants__xls	sheets/done-013/xls/fy2011-aip-grants.xls	xls	ok	93	93	0	256633	256633	30659	6389	25824	1184	4835	5205	0	0
7-memento-2015-transports-aeriens-b__xls	sheets/done-014/xls/7-memento-2015-transports-aeriens-b.xls	xls	ok	190	190	0	133382	133296	20314	12741	9344	984	10970	11757	0	0
Aircraft_Database__xlsx	sheets/done-014/xlsx/Aircraft_Database.xlsx	xlsx	ok	134	134	0	92518	92461	5159	3998	1732	44	3427	3954	4	4
alle einzeln__xlsx	sheets/done-013/xlsx/alle einzeln.xlsx	xlsx	ok	186	186	0	304792	304793	2228	2301	0	0	2228	2301	0	0
UASEventsNov2014-Aug2015__xls	sheets/done-014/xls/UASEventsNov2014-Aug2015.xls	xls	ok	523	523	0	345728	344835	0	0	0	0	0	0	0	0
fm-provider-service-measures__xlsx	sheets/done-014/xlsx/fm-provider-service-measures.xlsx	xlsx	ok	38	38	0	140823	140571	5766	1363	4783	102	983	1261	9	9
NPIAS_App_A__xls	sheets/done-014/xls/NPIAS_App_A.xls	xls	ok	124	124	0	171345	171346	40627	7087	34200	399	6427	6688	0	0
MajCh-Digital-Certificate-Publication-Report__xlsx	sheets/done-014/xlsx/MajCh-Digital-Certificate-Publication-Report.xlsx	xlsx	ok	328	328	0	493122	489027	47405	15884	39552	7390	7853	8494	0	0
PA_Delaware__xls	sheets/done-015/xls/PA_Delaware.xls	xls	ok	122	122	0	680159	680159	2969	3331	0	0	2969	3331	0	0
underlying-holdings-emea-en_gb-monthly-holdings-state-street-emu-esg-screened-index-equity-fund__xls	sheets/done-015/xls/underlying-holdings-emea-en_gb-monthly-holdings-state-street-emu-esg-screened-index-equity-fund.xls	xls	ok	15	15	0	25247	25245	0	0	0	0	0	0	0	0
seihon_zassi_kikou_20221215__xlsx	sheets/done-014/xlsx/seihon_zassi_kikou_20221215.xlsx	xlsx	ok	84	84	0	315538	312781	588	755	504	0	84	755	0	0
6880ac7361ca1b99a9230811_ST Capability List Rev.16 - Web__xlsx	sheets/done-014/xlsx/6880ac7361ca1b99a9230811_ST Capability List Rev.16 - Web.xlsx	xlsx	ok	217	217	0	697062	697062	11518	11073	1104	224	10414	10849	0	0
activespecs__xls	sheets/done-015/xls/activespecs.xls	xls	ok	266	266	0	292946	292951	0	0	0	0	0	0	0	0
certification-type-certificates-docs-tcdns-databases-MAdB-Light-Prop-14-28112013__xlsx	sheets/done-015/xlsx/certification-type-certificates-docs-tcdns-databases-MAdB-Light-Prop-14-28112013.xlsx	xlsx	ok	343	343	0	242987	242999	1043	1378	10	1	1033	1377	0	0
edb-emissions-databank v27-NewFormat (web)__xlsx	sheets/done-014/xlsx/edb-emissions-databank v27-NewFormat (web).xlsx	xlsx	ok	368	368	0	324669	323818	42955	5151	42539	4580	416	571	0	0
EASA_PRODUCT_LIST_-_ALL__xlsx	sheets/done-015/xlsx/EASA_PRODUCT_LIST_-_ALL.xlsx	xlsx	ok	264	264	0	524710	524710	66528	14294	53028	266	13500	14028	0	0
environment-edb-docs-edb-emissions-databank__xls	sheets/done-016/xls/environment-edb-docs-edb-emissions-databank.xls	xls	ok	195	195	0	278150	278162	51655	19850	35174	1757	16481	18093	0	0
AIM_OPR_LIST__xls	sheets/done-015/xls/AIM_OPR_LIST.xls	xls	ok	229	229	0	144196	144183	3453	3452	3453	0	0	3452	0	0
laufende-nip-vorhaben-hyland__xls	sheets/done-015/xls/laufende-nip-vorhaben-hyland.xls	xls	ok	18	18	0	52156	52168	0	0	0	0	0	0	0	0
RCO_VOR_Master_List_082824__xlsx	sheets/done-016/xlsx/RCO_VOR_Master_List_082824.xlsx	xlsx	ok	80	80	0	63477	63501	165	91	96	16	69	75	0	0
flightstandards-doc-Cross-reference-table_version02__xlsx	sheets/done-015/xlsx/flightstandards-doc-Cross-reference-table_version02.xlsx	xlsx	ok	464	464	0	367195	366910	10251	9369	1862	176	8389	9193	0	0
FY2018_Q4_UAS_Sightings__xlsx	sheets/extra-001/xlsx/FY2018_Q4_UAS_Sightings.xlsx	xlsx	ok	302	302	0	298273	298425	0	0	0	0	0	0	0	0
EASA-IFP-147Scope_WEB__ALL_Valid147SoA_2024-11-28-11-16-31__xlsx	sheets/done-016/xlsx/EASA-IFP-147Scope_WEB__ALL_Valid147SoA_2024-11-28-11-16-31.xlsx	xlsx	ok	92	92	0	187515	187480	0	0	0	0	0	0	0	0
CIS_Debian_Linux_8_Benchmark_v1.0.0__xls	sheets/pagination-001/xls/CIS_Debian_Linux_8_Benchmark_v1.0.0.xls	xls	ok	88	88	0	37934	37848	3262	1179	2599	484	663	695	0	0
Global_Market_Forecast_2016-2035_Airbus_Data_Set__xlsx	sheets/done-015/xlsx/Global_Market_Forecast_2016-2035_Airbus_Data_Set.xlsx	xlsx	ok	567	567	0	327960	327960	41788	25233	17416	144	24372	25089	1	1
SIL_TDB648__xlsx	sheets/pagination-001/xlsx/SIL_TDB648.xlsx	xlsx	ok	90	90	0	31780	31779	784	733	90	15	697	721	1	155
fse_identification_form__xlsx	sheets/unstable-001/xlsx/fse_identification_form.xlsx	xlsx	ok	3	3	0	2253	2182	105	37	82	13	23	24	2	2
tk-syllabus-comparison-document-v5__xlsx	sheets/done-015/xlsx/tk-syllabus-comparison-document-v5.xlsx	xlsx	ok	855	855	0	1321830	1321580	8326	2026	6708	358	1618	1668	0	0
Thailand17__ppt	slides/ceiling-001/ppt/Thailand17.ppt	ppt	ok	54	54	0	22048	21527	626	782	263	574	445	243	181	206
Laser Report 2024 FOIA __Oct (1)__xlsx	sheets/done-016/xlsx/Laser Report 2024 FOIA __Oct (1).xlsx	xlsx	ok	506	506	0	611734	611722	11	2	11	2	0	0	0	0
7-Zulkefli_Part147n66_IKMAS__pptx	slides/ceiling-001/pptx/7-Zulkefli_Part147n66_IKMAS.pptx	pptx	ok	18	18	0	5773	5773	966	1799	635	1405	417	477	132	106
Sylva%20introduction%20session__pptx	slides/ceiling-001/pptx/Sylva%20introduction%20session.pptx	pptx	ok	15	15	0	5969	5969	222	241	202	214	41	48	101	104
16 - UTM - (NASA)__pptx	slides/ceiling-002/pptx/16 - UTM - (NASA).pptx	pptx	ok	37	37	0	15764	14571	25132	2308	24895	2151	395	231	296	306
WiGr_2021W_1_Angebot-Nachfrage-Elastizität-211017-171222__pptx	slides/ceiling-002/pptx/WiGr_2021W_1_Angebot-Nachfrage-Elastizität-211017-171222.pptx	pptx	ok	51	51	0	13721	13721	372	404	169	212	222	211	96	115
TK-Syllabus-Comparison-Document-v2__xlsx	sheets/done-016/xlsx/TK-Syllabus-Comparison-Document-v2.xlsx	xlsx	ok	1235	1235	0	1413187	1413066	140443	56959	105870	12461	34573	44498	0	0
015_advanced_powerpoint_scatter__pptx	slides/chartset-001/pptx/015_advanced_powerpoint_scatter.pptx	pptx	ok	1	1	0	296	296	2	3	2	3	1	1	0	0
bar_chart__pptx	slides/chartset-001/pptx/bar_chart.pptx	pptx	ok	1	1	0	132	132	33	33	21	22	12	11	0	0
scatter_chart__pptx	slides/chartset-001/pptx/scatter_chart.pptx	pptx	ok	1	1	0	110	110	36	40	13	17	35	38	0	0
orbus_togaf_tool_csq__xls	sheets/missing-001/xls/orbus_togaf_tool_csq.xls	xls	ok	75	75	0	307779	307432	3025	3252	821	569	2204	2685	0	2
001_advanced_powerpoint_bar__pptx	slides/chartset-002/pptx/001_advanced_powerpoint_bar.pptx	pptx	ok	1	1	0	347	347	49	50	20	21	30	30	0	0
014_advanced_powerpoint_area__pptx	slides/chartset-002/pptx/014_advanced_powerpoint_area.pptx	pptx	ok	1	1	0	343	343	35	36	6	7	30	30	0	0
024_advanced_powerpoint_bubble__pptx	slides/chartset-002/pptx/024_advanced_powerpoint_bubble.pptx	pptx	ok	1	1	0	299	299	2	3	2	3	1	1	0	0
033_advanced_powerpoint_bar__pptx	slides/chartset-002/pptx/033_advanced_powerpoint_bar.pptx	pptx	ok	1	1	0	341	341	49	50	20	21	30	30	0	0
005_advanced_powerpoint_doughnut__pptx	slides/chartset-003/pptx/005_advanced_powerpoint_doughnut.pptx	pptx	ok	1	1	0	319	319	12	13	12	13	11	1	0	0
ODs-February-2022-Airbus-Commercial-Aircraft__xlsx	sheets/pagination-001/xlsx/ODs-February-2022-Airbus-Commercial-Aircraft.xlsx	xlsx	ok	175	175	0	45871	44770	122447	18846	105871	1789	16576	17057	0	0
011_advanced_powerpoint_line__pptx	slides/chartset-003/pptx/011_advanced_powerpoint_line.pptx	pptx	ok	1	1	0	341	341	53	54	20	21	52	52	0	0
027_advanced_powerpoint_line__pptx	slides/chartset-003/pptx/027_advanced_powerpoint_line.pptx	pptx	ok	1	1	0	339	339	53	54	20	21	52	52	0	0
013_advanced_powerpoint_doughnut__pptx	slides/chartset-004/pptx/013_advanced_powerpoint_doughnut.pptx	pptx	ok	1	1	0	315	315	12	13	12	13	11	1	0	0
FAA-2019-0995-0002_attachment_2__xlsx	sheets/table-001/xlsx/FAA-2019-0995-0002_attachment_2.xlsx	xlsx	ok	33	33	0	48986	48992	4366	4920	2334	130	2032	4790	6	6
021_advanced_powerpoint_doughnut__pptx	slides/chartset-004/pptx/021_advanced_powerpoint_doughnut.pptx	pptx	ok	1	1	0	322	322	12	13	12	13	11	1	0	0
STC_WebList__xlsx	sheets/done-016/xlsx/STC_WebList.xlsx	xlsx	ok	4372	4372	0	8663526	8658909	203443	91990	146055	28071	57388	63919	0	0
RRM-training-syllabus-Chapter-3-Teamwork-TC-Towing-Incident-Analysis-Dec-2009__ppt	slides/ceiling-001/ppt/RRM-training-syllabus-Chapter-3-Teamwork-TC-Towing-Incident-Analysis-Dec-2009.ppt	ppt	ok	27	27	0	14508	14550	85	135	46	87	40	49	17	17
026_advanced_powerpoint_column__pptx	slides/chartset-004/pptx/026_advanced_powerpoint_column.pptx	pptx	ok	1	1	0	345	345	49	50	20	21	30	30	0	0
005_2-Step_Funnel_On_left_With_Text_767f0490__pptx	slides/chartset-005/pptx/005_2-Step_Funnel_On_left_With_Text_767f0490.pptx	pptx	ok	1	1	0	490	490	12	15	11	14	3	3	1	1
ans_mappings_of_eccairs_terms__xlsx	sheets/metrics-001/xlsx/ans_mappings_of_eccairs_terms.xlsx	xlsx	ok	191	191	0	187861	187861	1414	396	1336	180	78	216	0	0
architecture6__ppt	slides/ceiling-001/ppt/architecture6.ppt	ppt	ok	31	31	0	11048	11047	203	234	91	122	112	112	41	41
068_Funnel_Diagram_for_PowerPoint_with_2_Steps_437e4ba7__pptx	slides/chartset-005/pptx/068_Funnel_Diagram_for_PowerPoint_with_2_Steps_437e4ba7.pptx	pptx	ok	1	1	0	66	66	10	13	10	13	0	0	1	1
071_Funnel_Diagram_for_PowerPoint_with_5_Steps_5ceacdec__pptx	slides/chartset-005/pptx/071_Funnel_Diagram_for_PowerPoint_with_5_Steps_5ceacdec.pptx	pptx	ok	1	1	0	81	81	13	16	13	16	0	0	1	1
001_1-2-3_Horizontal_Hierarchy_39795b4d__pptx	slides/chartset-006/pptx/001_1-2-3_Horizontal_Hierarchy_39795b4d.pptx	pptx	ok	3	3	0	1307	1307	33	69	33	69	0	0	5	2
grants-2005__xls	sheets/pagination-001/xls/grants-2005.xls	xls	ok	201	201	0	186543	186570	47526	17740	38498	8400	9028	9340	0	0
031_Alarm_Clock_Pie-Chart_for_PowerPoint_and_Google_Slides_0b185a05__pptx	slides/chartset-006/pptx/031_Alarm_Clock_Pie-Chart_for_PowerPoint_and_Google_Slides_0b185a05.pptx	pptx	ok	3	3	0	1939	1939	27	63	27	63	3	6	5	2
OnTrac_StarCertificationProgram-3Day__pptx	slides/ceiling-001/pptx/OnTrac_StarCertificationProgram-3Day.pptx	pptx	ok	15	15	0	8089	6473	656	877	515	771	143	108	44	44
055_Four_Pillar_Hierarchy_for_PowerPoint_and_Google_Slides_6b42ed18__pptx	slides/chartset-006/pptx/055_Four_Pillar_Hierarchy_for_PowerPoint_and_Google_Slides_6b42ed18.pptx	pptx	ok	3	3	0	1793	1793	59	95	59	95	0	0	5	2
sectors-defense-and-aerospace__xlsx	sheets/pagination-001/xlsx/sectors-defense-and-aerospace.xlsx	xlsx	ok	449	449	0	148039	147930	778	778	778	778	0	0	0	0
pres_ioc_phuket__ppt	slides/ceiling-002/ppt/pres_ioc_phuket.ppt	ppt	ok	26	26	0	6550	6526	284	2593	203	2494	117	128	57	32
099_Light_Bulb_SWOT_for_PowerPoint_and_Google_Slides_554a1e33__pptx	slides/chartset-006/pptx/099_Light_Bulb_SWOT_for_PowerPoint_and_Google_Slides_554a1e33.pptx	pptx	ok	3	3	0	1467	1467	55	91	55	91	0	0	5	2
Fundamentals_Module_1_basics__ppt	slides/ceiling-001/ppt/Fundamentals_Module_1_basics.ppt	ppt	ok	26	26	0	6945	6826	828	712	556	597	325	171	670	59
047_Female_Radar_Brain_for_PowerPoint_and_Google_Slides_c2a541f6__pptx	slides/chartset-007/pptx/047_Female_Radar_Brain_for_PowerPoint_and_Google_Slides_c2a541f6.pptx	pptx	ok	4	4	0	2881	2881	270	265	238	265	32	0	10	3
W3_Case_Study_of_a_Tsunami_Warning_Simulation_Exercise_Ed__ppt	slides/ceiling-001/ppt/W3_Case_Study_of_a_Tsunami_Warning_Simulation_Exercise_Ed.ppt	ppt	ok	20	20	0	5432	4910	239	85	49	74	204	31	13	14
083_Infographic_Hexagon_Cluster_for_PowerPoint_and_Google_Slides_ef811a12__pptx	slides/chartset-007/pptx/083_Infographic_Hexagon_Cluster_for_PowerPoint_and_Google_Slides_ef811a12.pptx	pptx	ok	3	3	0	1085	1085	87	113	87	113	0	0	7	4
092_Infographic_Tree_Diagram_for_PowerPoint_and_Google_Slides_d721fa00__pptx	slides/chartset-007/pptx/092_Infographic_Tree_Diagram_for_PowerPoint_and_Google_Slides_d721fa00.pptx	pptx	ok	3	3	0	1369	1369	107	135	107	135	0	0	7	2
012_3-Step_Hexagons_Puzzle_Diagram_for_PowerPoint_982482b5__pptx	slides/chartset-008/pptx/012_3-Step_Hexagons_Puzzle_Diagram_for_PowerPoint_982482b5.pptx	pptx	ok	3	3	0	1363	1363	154	34	154	34	6	6	6	4
040_Crab_Diagram_for_PowerPoint_and_Google_Slides_13d38ff3__pptx	slides/chartset-008/pptx/040_Crab_Diagram_for_PowerPoint_and_Google_Slides_13d38ff3.pptx	pptx	ok	3	3	0	657	657	85	113	85	113	18	18	7	2
Demick_JetBlue__pptx	slides/ceiling-002/pptx/Demick_JetBlue.pptx	pptx	ok	10	10	0	3867	3460	708	1392	260	788	708	704	296639	300409
008_advanced_powerpoint_bubble__pptx	slides/chartset-001/pptx/008_advanced_powerpoint_bubble.pptx	pptx	ok	1	1	0	297	297	2	3	2	3	1	1	0	0
N2_E_Maestroni_Swarm_COP__pptx	slides/ceiling-001/pptx/N2_E_Maestroni_Swarm_COP.pptx	pptx	ok	30	30	0	30411	29924	869	1020	593	738	278	284	98	152
072_Gear_Pie_Chart_for_PowerPoint_and_Google_Slides_d464d3a0__pptx	slides/chartset-008/pptx/072_Gear_Pie_Chart_for_PowerPoint_and_Google_Slides_d464d3a0.pptx	pptx	ok	3	3	0	415	415	61	89	61	89	0	0	5	10
031_advanced_powerpoint_scatter__pptx	slides/chartset-001/pptx/031_advanced_powerpoint_scatter.pptx	pptx	ok	1	1	0	291	291	2	3	2	3	1	1	0	0
line_chart__pptx	slides/chartset-001/pptx/line_chart.pptx	pptx	ok	1	1	0	116	116	32	37	16	17	31	30	0	0
015_4-Option_Color_Wheel_Diagram_df7e4b8f__pptx	slides/chartset-009/pptx/015_4-Option_Color_Wheel_Diagram_df7e4b8f.pptx	pptx	ok	3	3	0	1489	1489	81	80	73	72	16	16	0	0
solog_orientation_august_2019__pptx	slides/ceiling-001/pptx/solog_orientation_august_2019.pptx	pptx	ok	15	15	0	4762	4761	71	86	57	28	15	59	18	18
stacked_bar_chart__pptx	slides/chartset-001/pptx/stacked_bar_chart.pptx	pptx	ok	1	1	0	177	177	27	27	15	16	12	11	0	0
025_6-Option_Color_Wheel_Diagram_27e1c74d__pptx	slides/chartset-009/pptx/025_6-Option_Color_Wheel_Diagram_27e1c74d.pptx	pptx	ok	3	3	0	2129	2129	101	100	89	88	36	36	0	0
007_advanced_powerpoint_scatter__pptx	slides/chartset-002/pptx/007_advanced_powerpoint_scatter.pptx	pptx	ok	1	1	0	295	295	2	3	2	3	1	1	0	0
023_advanced_powerpoint_scatter__pptx	slides/chartset-002/pptx/023_advanced_powerpoint_scatter.pptx	pptx	ok	1	1	0	297	297	2	3	2	3	1	1	0	0
037_Circle_Matrix_Framework_44bc5218__pptx	slides/chartset-009/pptx/037_Circle_Matrix_Framework_44bc5218.pptx	pptx	ok	3	3	0	1529	1529	47	46	47	46	0	0	0	0
032_advanced_powerpoint_bubble__pptx	slides/chartset-002/pptx/032_advanced_powerpoint_bubble.pptx	pptx	ok	1	1	0	297	297	2	3	2	3	1	1	0	0
8_P-Pavese_AIRBUS-ATB-journee-CRATB__pptx	slides/ceiling-002/pptx/8_P-Pavese_AIRBUS-ATB-journee-CRATB.pptx	pptx	ok	26	26	0	11351	10797	595	724	371	539	245	208	10	13
003_advanced_powerpoint_line__pptx	slides/chartset-003/pptx/003_advanced_powerpoint_line.pptx	pptx	ok	1	1	0	346	346	53	54	20	21	52	52	0	0
087_Infographic_Organization_Chart_for_PowerPoint_and_Google_Slides_2d951912__pptx	slides/chartset-009/pptx/087_Infographic_Organization_Chart_for_PowerPoint_and_Google_Slides_2d951912.pptx	pptx	ok	4	4	0	4031	4031	57	138	51	135	6	3	16	6
010_advanced_powerpoint_column__pptx	slides/chartset-003/pptx/010_advanced_powerpoint_column.pptx	pptx	ok	1	1	0	346	346	49	50	20	21	30	30	0	0
028_8-Point_Dual_Hub_Comparison_d6c5dde5__pptx	slides/chartset-010/pptx/028_8-Point_Dual_Hub_Comparison_d6c5dde5.pptx	pptx	ok	3	3	0	471	471	97	96	97	96	0	0	0	0
019_advanced_powerpoint_line__pptx	slides/chartset-003/pptx/019_advanced_powerpoint_line.pptx	pptx	ok	1	1	0	344	344	53	54	20	21	52	52	0	0
004_advanced_powerpoint_pie__pptx	slides/chartset-004/pptx/004_advanced_powerpoint_pie.pptx	pptx	ok	1	1	0	318	318	12	13	12	13	11	1	0	0
045_Dual-Segment_Quadrant_14a57221__pptx	slides/chartset-010/pptx/045_Dual-Segment_Quadrant_14a57221.pptx	pptx	ok	3	3	0	1559	1559	67	66	67	64	0	2	0	0
southern-classic-kennesaw-state-university-final__pptx	slides/chart-001/pptx/southern-classic-kennesaw-state-university-final.pptx	pptx	ok	23	23	0	12281	12249	625	701	370	394	357	339	97	12
020_advanced_powerpoint_pie__pptx	slides/chartset-004/pptx/020_advanced_powerpoint_pie.pptx	pptx	ok	1	1	0	318	318	12	13	12	13	11	1	0	0
016_advanced_powerpoint_bubble__pptx	slides/chartset-001/pptx/016_advanced_powerpoint_bubble.pptx	pptx	ok	1	1	0	300	300	2	3	2	3	1	1	0	0
093_Insightful_Zoom_Chart_22b5464e__pptx	slides/chartset-010/pptx/093_Insightful_Zoom_Chart_22b5464e.pptx	pptx	ok	3	3	0	1925	1925	41	38	41	36	0	2	0	0
025_advanced_powerpoint_bar__pptx	slides/chartset-004/pptx/025_advanced_powerpoint_bar.pptx	pptx	ok	1	1	0	336	336	49	50	20	21	30	30	0	0
combo_bar_line_chart__pptx	slides/chartset-001/pptx/combo_bar_line_chart.pptx	pptx	ok	1	1	0	221	221	38	26	11	12	27	14	0	0
004_2-Stage_Vertical_Funnel_Diagram_for_PowerPoint_593f4c80__pptx	slides/chartset-005/pptx/004_2-Stage_Vertical_Funnel_Diagram_for_PowerPoint_593f4c80.pptx	pptx	ok	1	1	0	353	353	19	22	18	21	3	3	1	1
026_6-Part_Hexagon_Radial_Diagram_b8ca3f40__pptx	slides/chartset-011/pptx/026_6-Part_Hexagon_Radial_Diagram_b8ca3f40.pptx	pptx	ok	3	3	0	1047	1047	113	154	113	112	20	46	0	0
stacked_area_chart__pptx	slides/chartset-001/pptx/stacked_area_chart.pptx	pptx	ok	1	1	0	178	178	17	17	5	6	12	11	0	0
011_3-Stage_Vertical_Funnel_Diagram_for_PowerPoint_10ce23dd__pptx	slides/chartset-005/pptx/011_3-Stage_Vertical_Funnel_Diagram_for_PowerPoint_10ce23dd.pptx	pptx	ok	1	1	0	365	365	21	24	20	23	4	4	1	1
006_advanced_powerpoint_area__pptx	slides/chartset-002/pptx/006_advanced_powerpoint_area.pptx	pptx	ok	1	1	0	341	341	35	36	6	7	30	30	0	0
051_Five-Stage_Zigzag_Timeline_2bd39be9__pptx	slides/chartset-011/pptx/051_Five-Stage_Zigzag_Timeline_2bd39be9.pptx	pptx	ok	3	3	0	823	823	133	132	113	112	22	22	0	0
070_Funnel_Diagram_for_PowerPoint_with_4_Steps_975f1642__pptx	slides/chartset-005/pptx/070_Funnel_Diagram_for_PowerPoint_with_4_Steps_975f1642.pptx	pptx	ok	1	1	0	76	76	12	15	12	15	0	0	1	1
017_advanced_powerpoint_bar__pptx	slides/chartset-002/pptx/017_advanced_powerpoint_bar.pptx	pptx	ok	1	1	0	352	352	49	50	20	21	30	30	0	0
062_Four-Step_Growth_Staircase_8a3ef338__pptx	slides/chartset-011/pptx/062_Four-Step_Growth_Staircase_8a3ef338.pptx	pptx	ok	3	3	0	1039	1039	107	138	91	90	46	62	0	0
030_advanced_powerpoint_area__pptx	slides/chartset-002/pptx/030_advanced_powerpoint_area.pptx	pptx	ok	1	1	0	340	340	35	36	6	7	30	30	0	0
084_Infographic_Hierarchy_Tree_for_PowerPoint_fda8141c__pptx	slides/chartset-005/pptx/084_Infographic_Hierarchy_Tree_for_PowerPoint_fda8141c.pptx	pptx	ok	3	3	0	1166	1166	61	89	61	89	0	0	7	2
002_advanced_powerpoint_column__pptx	slides/chartset-003/pptx/002_advanced_powerpoint_column.pptx	pptx	ok	1	1	0	348	348	49	50	20	21	30	30	0	0
017_4-Stage_Vertical_Funnel_Diagram_for_PowerPoint_61e7bde5__pptx	slides/chartset-006/pptx/017_4-Stage_Vertical_Funnel_Diagram_for_PowerPoint_61e7bde5.pptx	pptx	ok	1	1	0	377	377	23	26	22	25	5	5	1	1
003_2-Circle_Venn_Diagram_7ab74e5c__pptx	slides/chartset-012/pptx/003_2-Circle_Venn_Diagram_7ab74e5c.pptx	pptx	ok	3	3	0	809	809	63	58	63	56	2	4	0	4
009_advanced_powerpoint_bar__pptx	slides/chartset-003/pptx/009_advanced_powerpoint_bar.pptx	pptx	ok	1	1	0	352	352	49	50	20	21	30	30	0	0
044_Dual_Mind_Spark_Chart_for_PowerPoint_a83f890a__pptx	slides/chartset-006/pptx/044_Dual_Mind_Spark_Chart_for_PowerPoint_a83f890a.pptx	pptx	ok	4	4	0	2687	2687	53	76	53	76	0	0	6	3
061_Four-Stage_Serpentine_Chart_05699efe__pptx	slides/chartset-012/pptx/061_Four-Stage_Serpentine_Chart_05699efe.pptx	pptx	ok	3	3	0	409	409	69	1246	61	1236	8	10	8	0
012_advanced_powerpoint_pie__pptx	slides/chartset-003/pptx/012_advanced_powerpoint_pie.pptx	pptx	ok	1	1	0	326	326	12	13	12	13	11	1	0	0
094_Intersecting_Teardrops_for_PowerPoint_and_Google_Slides_ff43aedb__pptx	slides/chartset-006/pptx/094_Intersecting_Teardrops_for_PowerPoint_and_Google_Slides_ff43aedb.pptx	pptx	ok	3	3	0	1477	1477	39	67	39	67	0	0	7	2
028_advanced_powerpoint_pie__pptx	slides/chartset-003/pptx/028_advanced_powerpoint_pie.pptx	pptx	ok	1	1	0	318	318	12	13	12	13	11	1	0	0
073_Halo_Radial_for_PowerPoint_and_Google_Slides_4bd0918b__pptx	slides/chartset-012/pptx/073_Halo_Radial_for_PowerPoint_and_Google_Slides_4bd0918b.pptx	pptx	ok	3	3	0	1455	1455	47	77	47	77	0	0	5	8
018_advanced_powerpoint_column__pptx	slides/chartset-004/pptx/018_advanced_powerpoint_column.pptx	pptx	ok	1	1	0	342	342	49	50	20	21	30	30	0	0
039_Consumer_Decision_Journey_for_PowerPoint_319207e1__pptx	slides/chartset-007/pptx/039_Consumer_Decision_Journey_for_PowerPoint_319207e1.pptx	pptx	ok	1	1	0	571	571	20	76	19	75	5	5	1	1
089_Infographic_Radial_Matrix_for_PowerPoint_and_Google_Slides_eb0550f2__pptx	slides/chartset-012/pptx/089_Infographic_Radial_Matrix_for_PowerPoint_and_Google_Slides_eb0550f2.pptx	pptx	ok	3	3	0	1525	1525	59	1471	59	1471	2	2	23	4
022_advanced_powerpoint_area__pptx	slides/chartset-004/pptx/022_advanced_powerpoint_area.pptx	pptx	ok	1	1	0	342	342	35	36	6	7	30	30	0	0
057_Four-Branch_Diagram_for_PowerPoint_and_Google_Slides_ddf5d27c__pptx	slides/chartset-007/pptx/057_Four-Branch_Diagram_for_PowerPoint_and_Google_Slides_ddf5d27c.pptx	pptx	ok	3	3	0	831	831	43	79	43	79	0	0	5	2
029_advanced_powerpoint_doughnut__pptx	slides/chartset-004/pptx/029_advanced_powerpoint_doughnut.pptx	pptx	ok	1	1	0	318	318	12	13	12	13	11	1	0	0
091_Infographic_Radial_for_PowerPoint_and_Google_Slides_c6909fa6__pptx	slides/chartset-007/pptx/091_Infographic_Radial_for_PowerPoint_and_Google_Slides_c6909fa6.pptx	pptx	ok	3	3	0	2177	2177	47	83	47	83	0	0	5	2
023_5-Step_Progress_Cards_91d5ff57__pptx	slides/chartset-013/pptx/023_5-Step_Progress_Cards_91d5ff57.pptx	pptx	ok	3	3	0	1217	1217	89	88	89	88	0	0	0	10
006_2-Way_Horizontal_Hierarchy_for_PowerPoint_and_Google_Slides_7c1e5084__pptx	slides/chartset-005/pptx/006_2-Way_Horizontal_Hierarchy_for_PowerPoint_and_Google_Slides_7c1e5084.pptx	pptx	ok	3	3	0	655	655	77	105	77	105	0	0	7	2
009_3-Circle_Venn_PowerPoint_Diagram_2e59baa9__pptx	slides/chartset-008/pptx/009_3-Circle_Venn_PowerPoint_Diagram_2e59baa9.pptx	pptx	ok	2	2	0	716	716	22	74	22	73	0	1	9	7
050_Five-Point_Radial_Hub_00793e08__pptx	slides/chartset-013/pptx/050_Five-Point_Radial_Hub_00793e08.pptx	pptx	ok	3	3	0	797	797	167	166	167	166	0	0	0	11
069_Funnel_Diagram_for_PowerPoint_with_3_Steps_f96396fc__pptx	slides/chartset-005/pptx/069_Funnel_Diagram_for_PowerPoint_with_3_Steps_f96396fc.pptx	pptx	ok	1	1	0	71	71	11	14	11	14	0	0	1	1
038_Competitive_Advantage_Card_for_PowerPoint_and_Google_Slides_373720f6__pptx	slides/chartset-008/pptx/038_Competitive_Advantage_Card_for_PowerPoint_and_Google_Slides_373720f6.pptx	pptx	ok	3	3	0	1647	1511	85	249	83	247	2	2	5	2
076_Hexadonut_Charts_for_PowerPoint_and_Google_Slides_2b879835__pptx	slides/chartset-005/pptx/076_Hexadonut_Charts_for_PowerPoint_and_Google_Slides_2b879835.pptx	pptx	ok	3	3	0	1163	1163	32	52	32	52	0	0	4	2
079_Horizontal_Relationships_for_PowerPoint_and_Google_Slides_a3d35f63__pptx	slides/chartset-013/pptx/079_Horizontal_Relationships_for_PowerPoint_and_Google_Slides_a3d35f63.pptx	pptx	ok	3	3	0	771	771	26	513	7	494	19	19	27	9
065_Fourfold_Ribbon_Rings_for_PowerPoint_and_Google_Slides_39687419__pptx	slides/chartset-008/pptx/065_Fourfold_Ribbon_Rings_for_PowerPoint_and_Google_Slides_39687419.pptx	pptx	ok	3	3	0	1473	1473	43	79	43	79	0	0	5	6
007_3_Circles_Diagram_for_PowerPoint_dac9f170__pptx	slides/chartset-006/pptx/007_3_Circles_Diagram_for_PowerPoint_dac9f170.pptx	pptx	ok	3	3	0	1448	1448	23	71	23	59	8	14	5	2
021_5-Position_Org_Chart_cb042559__pptx	slides/chartset-014/pptx/021_5-Position_Org_Chart_cb042559.pptx	pptx	ok	3	3	0	799	799	69	105	69	105	0	0	5	2
043_Dual_Horizontal_Hierarchy_for_PowerPoint_and_Google_Slides_5074b09e__pptx	slides/chartset-006/pptx/043_Dual_Horizontal_Hierarchy_for_PowerPoint_and_Google_Slides_5074b09e.pptx	pptx	ok	3	3	0	701	701	101	129	101	129	0	0	7	2
100_Lime_and_Lemon_Data-Driven_Chart_for_PowerPoint_d7bb4a44__pptx	slides/chartset-008/pptx/100_Lime_and_Lemon_Data-Driven_Chart_for_PowerPoint_d7bb4a44.pptx	pptx	ok	5	5	0	2148	2148	75	115	73	115	2	48	9	4
022_5-Step_Hexagons_Puzzle_Diagram_for_PowerPoint_eda9895e__pptx	slides/chartset-009/pptx/022_5-Step_Hexagons_Puzzle_Diagram_for_PowerPoint_eda9895e.pptx	pptx	ok	3	3	0	2151	2151	158	38	158	38	10	10	6	4
077_Horizontal_Org_Chart_for_PowerPoint_and_Google_Slides_8cf07020__pptx	slides/chartset-006/pptx/077_Horizontal_Org_Chart_for_PowerPoint_and_Google_Slides_8cf07020.pptx	pptx	ok	3	3	0	1025	1025	91	119	91	119	0	0	7	2
036_Chevron_Process_Cards_3c8f0ea1__pptx	slides/chartset-014/pptx/036_Chevron_Process_Cards_3c8f0ea1.pptx	pptx	ok	3	3	0	777	777	167	146	157	136	10	10	0	20
033_Battery_Percentage_Chart_c99c24b5__pptx	slides/chartset-009/pptx/033_Battery_Percentage_Chart_c99c24b5.pptx	pptx	ok	3	3	0	1181	1181	43	42	43	42	0	0	0	0
035_Chemistry_Column_PowerPoint_Chart_45bf8a76__pptx	slides/chartset-007/pptx/035_Chemistry_Column_PowerPoint_Chart_45bf8a76.pptx	pptx	ok	3	3	0	1540	1540	112	132	104	124	40	40	4	2
082_Infographic_Funnel_with_4_Stages_for_PowerPoint_72d4f125__pptx	slides/chartset-014/pptx/082_Infographic_Funnel_with_4_Stages_for_PowerPoint_72d4f125.pptx	pptx	ok	3	3	0	2110	2110	99	1007	67	975	32	32	31	2
075_Heart_Arc_Radial_for_PowerPoint_and_Google_Slides_a27a3021__pptx	slides/chartset-009/pptx/075_Heart_Arc_Radial_for_PowerPoint_and_Google_Slides_a27a3021.pptx	pptx	ok	3	3	0	1085	1085	69	89	69	89	0	0	7	10
054_Flowchart_Board_Game_for_PowerPoint_and_Google_Slides_1b047962__pptx	slides/chartset-007/pptx/054_Flowchart_Board_Game_for_PowerPoint_and_Google_Slides_1b047962.pptx	pptx	ok	3	3	0	1003	1003	103	139	103	139	18	18	5	2
WC_Update-Aug03__ppt	slides/done-001/ppt/WC_Update-Aug03.ppt	ppt	ok	11	11	0	3021	3021	20	34	13	26	7	8	330	407
027_6-Point_Dual_Hub_Comparison_13f9af30__pptx	slides/chartset-010/pptx/027_6-Point_Dual_Hub_Comparison_13f9af30.pptx	pptx	ok	3	3	0	471	471	81	80	81	80	0	0	0	0
090_Infographic_Radial_for_PowerPoint_and_Google_Slides_16a69891__pptx	slides/chartset-007/pptx/090_Infographic_Radial_for_PowerPoint_and_Google_Slides_16a69891.pptx	pptx	ok	3	3	0	649	649	81	105	81	105	0	0	7	6
111006 COMSTAC STOWG Aero spaceports IFG__pptx	slides/done-001/pptx/111006 COMSTAC STOWG Aero spaceports IFG.pptx	pptx	ok	8	8	0	1747	1747	29	34	21	16	8	18	2	2
042_Diamond_Hub_Infographic_a60cfaa1__pptx	slides/chartset-010/pptx/042_Diamond_Hub_Infographic_a60cfaa1.pptx	pptx	ok	3	3	0	1485	1485	93	92	93	92	0	0	0	0
Statement of Work presentation__pptx	slides/done-001/pptx/Statement of Work presentation.pptx	pptx	ok	10	10	0	1344	1323	41	51	35	45	6	6	0	0
096_Lab_Flask_Charts_for_PowerPoint_and_Google_Slides_91e3cbb5__pptx	slides/chartset-007/pptx/096_Lab_Flask_Charts_for_PowerPoint_and_Google_Slides_91e3cbb5.pptx	pptx	ok	3	3	0	1059	1059	38	58	32	52	6	6	4	2
iaeg_work_group_leader_updates__pptx	slides/done-001/pptx/iaeg_work_group_leader_updates.pptx	pptx	ok	1	1	0	523	523	31	34	20	21	29	29	1	5
018_4-Step_Hexagons_Puzzle_Diagram_for_PowerPoint_19957cce__pptx	slides/chartset-008/pptx/018_4-Step_Hexagons_Puzzle_Diagram_for_PowerPoint_19957cce.pptx	pptx	ok	3	3	0	1757	1757	156	36	156	36	8	8	6	4
063_Four-Step_Infinity_Loop_3480185b__pptx	slides/chartset-010/pptx/063_Four-Step_Infinity_Loop_3480185b.pptx	pptx	ok	3	3	0	601	601	121	120	121	120	8	8	0	0
ws_prod-g-doc-Events-2007-Approval-of-Flight-Conditions-RM-NAA-16032007__ppt	slides/done-002/ppt/ws_prod-g-doc-Events-2007-Approval-of-Flight-Conditions-RM-NAA-16032007.ppt	ppt	ok	14	14	0	4903	4903	120	173	61	96	105	106	14	14
058_Four-Direction_Divergence_Diagram_for_PowerPoint_and_Google_Slides_9838e28d__pptx	slides/chartset-008/pptx/058_Four-Direction_Divergence_Diagram_for_PowerPoint_and_Google_Slides_9838e28d.pptx	pptx	ok	3	3	0	1497	1497	35	71	35	71	0	0	5	10
010_3-Group_Hierarchy_for_PowerPoint_and_Google_Slides_20476ce0__pptx	slides/chartset-011/pptx/010_3-Group_Hierarchy_for_PowerPoint_and_Google_Slides_20476ce0.pptx	pptx	ok	3	3	0	749	749	117	127	117	127	0	0	7	20
078_Horizontal_Pyramid_Org_Chart_for_PowerPoint_and_Google_Slides_70ea115a__pptx	slides/chartset-008/pptx/078_Horizontal_Pyramid_Org_Chart_for_PowerPoint_and_Google_Slides_70ea115a.pptx	pptx	ok	3	3	0	1179	1179	29	665	9	645	20	20	25	2
ws_prod-g-doc-Events-Part-M-presentation__ppt	slides/done-002/ppt/ws_prod-g-doc-Events-Part-M-presentation.ppt	ppt	ok	30	30	0	10834	10861	124	154	68	60	56	94	105	125
046_Eight-Point_Strategic_Compass_35ee62de__pptx	slides/chartset-011/pptx/046_Eight-Point_Strategic_Compass_35ee62de.pptx	pptx	ok	3	3	0	921	921	121	120	121	118	0	2	0	0
diapo_6_fees_vous_etes_poctdoct_exterieur_a_luniv_v2_0_1__pptx	slides/done-002/pptx/diapo_6_fees_vous_etes_poctdoct_exterieur_a_luniv_v2_0_1.pptx	pptx	ok	1	1	0	600	600	7	8	3	2	4	6	2	2
020_5-Option_Color_Wheel_Diagram_104ea3b0__pptx	slides/chartset-009/pptx/020_5-Option_Color_Wheel_Diagram_104ea3b0.pptx	pptx	ok	3	3	0	1655	1655	91	90	81	80	35	35	0	0
Inducement-to-Insurance-Business__ppt	slides/done-003/ppt/Inducement-to-Insurance-Business.ppt	ppt	ok	22	22	22	13505	13505	39	568	39	529	0	39	22	0
060_Four-Part_Radial_Core_Diagram_40d6614e__pptx	slides/chartset-011/pptx/060_Four-Part_Radial_Core_Diagram_40d6614e.pptx	pptx	ok	3	3	0	1429	1429	59	58	59	58	0	0	0	0
030_Abstract_Petal_Diagram_71aa5e3a__pptx	slides/chartset-009/pptx/030_Abstract_Petal_Diagram_71aa5e3a.pptx	pptx	ok	3	3	0	1411	1411	59	58	59	58	0	0	0	0
098_Leaning_Cards_Process_dadb3738__pptx	slides/chartset-011/pptx/098_Leaning_Cards_Process_dadb3738.pptx	pptx	ok	3	3	0	1027	1027	115	120	109	108	26	26	0	0
052_Flame_Percentage_Chart_d27d49c4__pptx	slides/chartset-009/pptx/052_Flame_Percentage_Chart_d27d49c4.pptx	pptx	ok	3	3	0	1503	1503	43	42	43	42	0	0	0	0
ws_prod-g-doc-Events-2007-september-M.017-(French)-France__ppt	slides/done-003/ppt/ws_prod-g-doc-Events-2007-september-M.017-(French)-France.ppt	ppt	ok	55	55	0	35493	35498	175	230	66	110	109	120	240	415
013_3-Step_Segmented_Cycle_Process_5232f82d__pptx	slides/chartset-012/pptx/013_3-Step_Segmented_Cycle_Process_5232f82d.pptx	pptx	ok	3	3	0	1173	1173	47	46	47	46	0	0	0	0
002_10-Point_Dual_Hub_Comparison_4ee242c9__pptx	slides/chartset-010/pptx/002_10-Point_Dual_Hub_Comparison_4ee242c9.pptx	pptx	ok	3	3	0	473	473	149	148	149	148	0	0	0	0
97936__pptx	slides/done-003/pptx/97936.pptx	pptx	ok	15	15	0	11742	11742	325	340	213	220	112	120	15	15
067_Free_PowerPoint_Layered_Funnel_Process_4_Stages_4deb9647__pptx	slides/chartset-012/pptx/067_Free_PowerPoint_Layered_Funnel_Process_4_Stages_4deb9647.pptx	pptx	ok	4	4	0	2520	2520	80	200	52	172	52	52	16	4
041_Crosswise_Quadrant_Diagram_ea8bdf52__pptx	slides/chartset-010/pptx/041_Crosswise_Quadrant_Diagram_ea8bdf52.pptx	pptx	ok	3	3	0	1367	1367	59	58	59	56	0	2	0	0
0335fab9-79f0-4944-b92c-f223837ca2d8__ppt	slides/done-004/ppt/0335fab9-79f0-4944-b92c-f223837ca2d8.ppt	ppt	ok	12	12	0	4822	4822	39	55	35	32	4	27	5	5
080_Infographic_Cycle_Venn_Diagram_for_PowerPoint_2e3cdb7f__pptx	slides/chartset-012/pptx/080_Infographic_Cycle_Venn_Diagram_for_PowerPoint_2e3cdb7f.pptx	pptx	ok	3	3	0	1476	1476	49	85	49	85	0	0	5	2
048_Five-Arrows_Converging_Cycle_bb192e27__pptx	slides/chartset-010/pptx/048_Five-Arrows_Converging_Cycle_bb192e27.pptx	pptx	ok	3	3	0	1671	1671	47	46	47	44	0	2	0	0
DOE Interactive Exercise Presentation draft rev 2__pptx	slides/done-004/pptx/DOE Interactive Exercise Presentation draft rev 2.pptx	pptx	ok	10	10	0	2976	2976	251	262	51	61	213	213	27	26
016_4-Position_Org_Chart_1d3640b6__pptx	slides/chartset-013/pptx/016_4-Position_Org_Chart_1d3640b6.pptx	pptx	ok	3	3	0	779	779	57	93	57	93	0	0	5	2
095_Interwoven_Bars_e5aa46c2__pptx	slides/chartset-010/pptx/095_Interwoven_Bars_e5aa46c2.pptx	pptx	ok	3	3	0	1483	1483	63	62	63	60	0	2	0	0
Session 21- The option to expand & abandon__pptx	slides/done-004/pptx/Session 21- The option to expand & abandon.pptx	pptx	ok	12	12	0	4495	4495	471	3218	441	3196	30	22	72	1
034_Central_Idea_Hub_Diagram_8258e6ad__pptx	slides/chartset-011/pptx/034_Central_Idea_Hub_Diagram_8258e6ad.pptx	pptx	ok	3	3	0	793	793	155	154	155	154	0	0	0	0
049_Five-Block_Hub_Spoke_42ee8593__pptx	slides/chartset-013/pptx/049_Five-Block_Hub_Spoke_42ee8593.pptx	pptx	ok	3	3	0	1417	1417	73	520	63	508	11	13	12	12
066_Free_PowerPoint_Layered_Funnel_Process_c0b380ec__pptx	slides/chartset-013/pptx/066_Free_PowerPoint_Layered_Funnel_Process_c0b380ec.pptx	pptx	ok	5	5	0	3135	3135	115	310	75	270	75	75	25	5
053_Flow_Wave_Process_9c0082f4__pptx	slides/chartset-011/pptx/053_Flow_Wave_Process_9c0082f4.pptx	pptx	ok	3	3	0	939	939	129	158	119	118	60	74	0	0
019_4-Step_Segmented_Cycle_Process_2ff93c19__pptx	slides/chartset-014/pptx/019_4-Step_Segmented_Cycle_Process_2ff93c19.pptx	pptx	ok	3	3	0	1493	1493	63	62	63	62	0	0	0	0
097_Labeled_Organization_Chart_for_PowerPoint_and_Google_Slides_f24fa592__pptx	slides/chartset-011/pptx/097_Labeled_Organization_Chart_for_PowerPoint_and_Google_Slides_f24fa592.pptx	pptx	ok	3	3	0	1291	1291	63	85	63	85	0	0	7	14
008_3-Circle_Venn_Diagram_024a12c5__pptx	slides/chartset-012/pptx/008_3-Circle_Venn_Diagram_024a12c5.pptx	pptx	ok	3	3	0	1157	1157	83	80	83	78	2	4	0	2
029_8-Step_Neumorphic_Cycle_Diagram_b9b75044__pptx	slides/chartset-014/pptx/029_8-Step_Neumorphic_Cycle_Diagram_b9b75044.pptx	pptx	ok	3	3	0	1595	1595	85	245	85	243	0	2	4	32
redac-fullComm-201705-EE-FRs-briefing__pptx	slides/done-004/pptx/redac-fullComm-201705-EE-FRs-briefing.pptx	pptx	ok	8	8	0	2353	2353	16	104	0	88	16	16	259551	262852
064_Four-Step_Success_Cycle_30c0a917__pptx	slides/chartset-012/pptx/064_Four-Step_Success_Cycle_30c0a917.pptx	pptx	ok	3	3	0	745	745	105	106	97	94	32	32	0	2
081_Infographic_Funnel_w_3_Stages_for_PowerPoint_28e26b31__pptx	slides/chartset-014/pptx/081_Infographic_Funnel_w_3_Stages_for_PowerPoint_28e26b31.pptx	pptx	ok	3	3	0	2110	2110	77	655	53	631	24	24	25	2
074_Hashtag_Matrix_246eb8d9__pptx	slides/chartset-012/pptx/074_Hashtag_Matrix_246eb8d9.pptx	pptx	ok	3	3	0	1337	1337	69	68	69	66	0	2	0	0
pods05__ppt	slides/done-005/ppt/pods05.ppt	ppt	ok	60	60	0	11649	11644	1069	1492	561	954	813	812	5	5
086_Infographic_Org_Chart_for_PowerPoint_6_Blocks_f9086d83__pptx	slides/chartset-014/pptx/086_Infographic_Org_Chart_for_PowerPoint_6_Blocks_f9086d83.pptx	pptx	ok	3	3	0	334	334	143	715	119	691	24	24	13	14
wells08_basic__ppt	slides/done-001/ppt/wells08_basic.ppt	ppt	ok	27	27	0	5988	6009	146	173	146	152	0	21	0	0
014_3D_Radial_Block_List_for_PowerPoint_and_Google_Slides_0773075e__pptx	slides/chartset-013/pptx/014_3D_Radial_Block_List_for_PowerPoint_and_Google_Slides_0773075e.pptx	pptx	ok	3	3	0	2337	2337	133	251	129	249	36	18	11	24
ANG C-1 ATC-TO Core Program - HF REDAC briefing September 7 2016__pptx	slides/done-005/pptx/ANG C-1 ATC-TO Core Program - HF REDAC briefing September 7 2016.pptx	pptx	ok	19	19	0	11947	11947	37	56	37	56	18	18	20	20
Definitions commodity chains__pptx	slides/done-001/pptx/Definitions commodity chains.pptx	pptx	ok	4	4	0	1666	1666	19	23	19	19	3	7	0	0
032_BCG_Growth-Share_Matrix_560d0485__pptx	slides/chartset-013/pptx/032_BCG_Growth-Share_Matrix_560d0485.pptx	pptx	ok	3	3	0	1185	1185	161	160	145	144	116	116	0	0
fishbone-diagram-template-ppt-1__pptx	slides/done-001/pptx/fishbone-diagram-template-ppt-1.pptx	pptx	ok	1	1	0	913	913	70	70	20	21	51	50	1	1
gfopportunitiesforlinkagespres_2010_en__ppt	slides/done-002/ppt/gfopportunitiesforlinkagespres_2010_en.ppt	ppt	ok	27	27	0	10869	10869	36	64	36	58	4	10	1	1
056_Four-Block_Hub_Spoke_134b89d1__pptx	slides/chartset-013/pptx/056_Four-Block_Hub_Spoke_134b89d1.pptx	pptx	ok	3	3	0	1177	1177	77	442	69	432	9	11	10	10
ws_prod-g-doc-Events-2007-november-IACA-presentation-at-EASA-Fuel-Tank-Safety-Training-Seminar__ppt	slides/done-002/ppt/ws_prod-g-doc-Events-2007-november-IACA-presentation-at-EASA-Fuel-Tank-Safety-Training-Seminar.ppt	ppt	ok	10	10	0	2993	2993	11	21	11	20	0	1	1	1
c_291533__pptx	slides/done-005/pptx/c_291533.pptx	pptx	ok	19	19	0	6107	6116	70	70	63	61	45	28	39	58
088_Infographic_Quadrant_Pie_Chart_7b1e8abd__pptx	slides/chartset-013/pptx/088_Infographic_Quadrant_Pie_Chart_7b1e8abd.pptx	pptx	ok	3	3	0	1509	1509	45	44	45	44	0	0	0	0
ws_prod-g-doc-Events-r-6.-ESM__ppt	slides/done-006/ppt/ws_prod-g-doc-Events-r-6.-ESM.ppt	ppt	ok	25	25	0	11868	11868	43	68	43	51	1	18	79	79
024_5-Step_Segmented_Cycle_Process_c8ca37ef__pptx	slides/chartset-014/pptx/024_5-Step_Segmented_Cycle_Process_c8ca37ef.pptx	pptx	ok	3	3	0	1813	1813	77	76	77	76	0	0	0	0
dhs-293364__pptx	slides/done-002/pptx/dhs-293364.pptx	pptx	ok	39	39	0	20460	20499	77	116	77	107	0	9	2	2
059_Four-Part_Concept_Puzzle_30cea7e5__pptx	slides/chartset-014/pptx/059_Four-Part_Concept_Puzzle_30cea7e5.pptx	pptx	ok	6	6	0	3083	3083	147	143	147	141	0	2	0	0
010605Vul__ppt	slides/done-003/ppt/010605Vul.ppt	ppt	ok	21	21	0	5996	5996	122	168	65	90	83	83	23	23
REDAC HF briefing Sep 2016_LARD_ATC_TO_FE_v2__pptx	slides/done-006/pptx/REDAC HF briefing Sep 2016_LARD_ATC_TO_FE_v2.pptx	pptx	ok	18	18	0	13197	13197	380	398	269	287	128	128	20	20
ws_prod-g-doc-Events-2007-Privileges__ppt	slides/done-003/ppt/ws_prod-g-doc-Events-2007-Privileges.ppt	ppt	ok	15	15	0	4328	4328	110	162	60	94	72	76	39	63
085_Infographic_Org_Chart_for_PowerPoint_5_Blocks_3870252f__pptx	slides/chartset-014/pptx/085_Infographic_Org_Chart_for_PowerPoint_5_Blocks_3870252f.pptx	pptx	ok	3	3	0	314	314	123	693	105	675	18	18	13	12
nabiyeleul_1_aviation_service_28_july_2020__pptx	slides/done-006/pptx/nabiyeleul_1_aviation_service_28_july_2020.pptx	pptx	ok	9	9	0	3299	3299	99	82	61	44	38	38	0	26
policy-pesentation__ppt	slides/done-001/ppt/policy-pesentation.ppt	ppt	ok	16	16	0	2443	2443	95	111	95	111	0	0	1	1
02_REDAC_New ATM briefing _March 2017v2__pptx	slides/done-003/pptx/02_REDAC_New ATM briefing _March 2017v2.pptx	pptx	ok	6	6	0	5036	5036	30	35	18	18	17	22	7	7
1-secretariat__ppt	slides/done-007/ppt/1-secretariat.ppt	ppt	ok	10	10	0	2225	2225	735	19	727	12	26	9	13	22
BMFE-06-03 (Gerflor) Smoke Density and Toxicity__pptx	slides/done-001/pptx/BMFE-06-03 (Gerflor) Smoke Density and Toxicity.pptx	pptx	ok	6	6	0	3798	3798	731	744	148	146	583	598	5	5
ev122_jj-liew-tort-of-bribery-webinar__pptx	slides/done-003/pptx/ev122_jj-liew-tort-of-bribery-webinar.pptx	pptx	ok	24	24	0	7086	7086	49	73	26	48	23	25	24	24
Trust Fund Excise Taxes Structure__pptx	slides/done-001/pptx/Trust Fund Excise Taxes Structure.pptx	pptx	ok	1	1	0	915	915	58	58	58	56	1	3	10	10
ws_prod-g-doc-Events-industrymeeting18112004-European-Safety-Strategy-Initiative__ppt	slides/done-004/ppt/ws_prod-g-doc-Events-industrymeeting18112004-European-Safety-Strategy-Initiative.ppt	ppt	ok	10	10	0	1973	1973	79	343	56	303	29	43	61	103
080214-Intl-pol-frameworks-and-their-implications-for-Africa-ISS-workshop__ppt	slides/done-002/ppt/080214-Intl-pol-frameworks-and-their-implications-for-Africa-ISS-workshop.ppt	ppt	ok	18	18	0	4731	4731	56	74	20	36	36	38	36	36
joint_user_outcomes_michael_fullerton_29.06.12__ppt	slides/done-007/ppt/joint_user_outcomes_michael_fullerton_29.06.12.ppt	ppt	ok	20	20	0	10259	10259	27	48	2	20	25	28	141	101
ws_prod-g-doc-Events-2007-may-presentation-PtF-background-+-principles__ppt	slides/done-002/ppt/ws_prod-g-doc-Events-2007-may-presentation-PtF-background-+-principles.ppt	ppt	ok	20	20	0	5258	5265	65	85	26	40	39	45	120	206
Liturgical-Commission-2025-Convention-Presentation__pptx	slides/done-004/pptx/Liturgical-Commission-2025-Convention-Presentation.pptx	pptx	ok	9	9	0	1927	1927	27	981	27	981	0	0	72	27
Boeing 737 Max - Group 5__pptx	slides/done-007/pptx/Boeing 737 Max - Group 5.pptx	pptx	ok	2	2	0	28	28	16	18	14	16	2	2	1	1
Curriculum-Schematic-E22-11052025__pptx	slides/done-002/pptx/Curriculum-Schematic-E22-11052025.pptx	pptx	ok	12	12	0	7491	7491	164	176	164	159	123	140	12	12
flying-by-numbers-presentation__pptx	slides/done-007/pptx/flying-by-numbers-presentation.pptx	pptx	ok	10	10	0	2491	2491	90	153	40	103	50	50	13	12
medicines_bulletin_february_2023_final__pptx	slides/done-002/pptx/medicines_bulletin_february_2023_final.pptx	pptx	ok	1	1	0	3223	3223	19	20	18	9	4	14	5	5
ghgp-supply-chain-initiative_20100323_wri__pptx	slides/done-004/pptx/ghgp-supply-chain-initiative_20100323_wri.pptx	pptx	ok	52	52	0	23336	23336	592	674	391	436	264	304	65	65
Framing Europe__ppt	slides/done-008/ppt/Framing Europe.ppt	ppt	ok	24	24	0	23968	23969	96	3192	96	3192	0	0	24	0
outlook_of_nigerian_pension_sector__ppt	slides/done-003/ppt/outlook_of_nigerian_pension_sector.ppt	ppt	ok	12	12	0	6043	6044	149	161	42	55	117	106	13	14
ws_prod-g-doc-Events-2007-september-MDM.032-(ENGLISH)-CZ__ppt	slides/done-003/ppt/ws_prod-g-doc-Events-2007-september-MDM.032-(ENGLISH)-CZ.ppt	ppt	ok	38	38	0	15195	15191	166	209	81	100	98	118	177	324
AATF-Fact-Sheet-2025__pptx	slides/done-008/pptx/AATF-Fact-Sheet-2025.pptx	pptx	ok	9	9	0	5062	5062	42	53	23	32	19	21	40	40
NCW-2024-Guide-__pptx	slides/done-003/pptx/NCW-2024-Guide-.pptx	pptx	ok	1	1	0	1281	1271	32	33	32	2	0	31	7	7
ROK-PI Climate Bulletin - Edition 2017-06__pptx	slides/done-008/pptx/ROK-PI Climate Bulletin - Edition 2017-06.pptx	pptx	ok	2	2	0	2396	2396	150	152	104	102	48	52	5	11
berlin__ppt	slides/done-005/ppt/berlin.ppt	ppt	ok	29	29	0	7802	7813	128	291	91	184	65	135	2	2
undp_presentation_revised_17_may__ppt	slides/done-004/ppt/undp_presentation_revised_17_may.ppt	ppt	ok	22	22	22	11498	11507	240	343	164	188	94	172	45	45
Employment-Based_I-485__ppt	slides/done-009/ppt/Employment-Based_I-485.ppt	ppt	ok	42	42	0	14073	14073	173	19997	173	19992	0	5	170	2
5b_upasana_dasgupta_-_liability_and_registration__pptx	slides/done-005/pptx/5b_upasana_dasgupta_-_liability_and_registration.pptx	pptx	ok	15	15	0	5268	5268	90	1080	60	1050	30	30	15	0
Item 6b - UNSD - Dissemination through APIs__pptx	slides/done-004/pptx/Item 6b - UNSD - Dissemination through APIs.pptx	pptx	ok	10	10	0	2535	2535	15	25	15	20	0	5	16	16
attendance-updates-for-governors__pptx	slides/done-004/pptx/attendance-updates-for-governors.pptx	pptx	ok	30	30	0	17892	17892	82	112	78	79	23	52	32	32
COMSTAC_11_5_2021am_2__pptx	slides/done-009/pptx/COMSTAC_11_5_2021am_2.pptx	pptx	ok	39	39	0	16771	16771	177	211	152	180	25	31	92	92
NAS-Infrastructure-Roadmaps-Weather__pptx	slides/done-005/pptx/NAS-Infrastructure-Roadmaps-Weather.pptx	pptx	ok	11	11	0	12544	12544	952	1003	415	421	664	669	3	3
ITE106-Chapter 4__ppt	slides/done-005/ppt/ITE106-Chapter 4.ppt	ppt	ok	47	47	0	17832	17832	79	126	79	126	0	0	97	97
[Christophe]NLP_reseau_inge_stat__pptx	slides/done-009/pptx/[Christophe]NLP_reseau_inge_stat.pptx	pptx	ok	17	17	0	4908	4908	76	100	64	79	18	25	30	30
ws_prod-g-doc-Events-industrymeeting18112004-Aercap__ppt	slides/done-005/ppt/ws_prod-g-doc-Events-industrymeeting18112004-Aercap.ppt	ppt	ok	12	12	12	7237	7237	24	36	24	34	0	2	13	13
Lepore__ppt	slides/done-006/ppt/Lepore.ppt	ppt	ok	20	20	0	11589	11589	66	86	66	78	19	27	23	23
BUS-Chapter 05__ppt	slides/done-010/ppt/BUS-Chapter 05.ppt	ppt	ok	50	50	0	12976	12984	50	100	50	100	0	0	105	105
Ensemble-pour-l-amelioration-de-la-securite-de-lac-AIRBUS__pptx	slides/done-006/pptx/Ensemble-pour-l-amelioration-de-la-securite-de-lac-AIRBUS.pptx	pptx	ok	9	9	0	3626	3626	129	331	105	304	44	47	22	20
DoIRD Meeting 16JAN14 v1-1__pptx	slides/done-010/pptx/DoIRD Meeting 16JAN14 v1-1.pptx	pptx	ok	15	15	0	6133	6133	15	30	15	30	0	0	3	3
NAS-Infrastructure-Roadmaps-HSI__pptx	slides/done-005/pptx/NAS-Infrastructure-Roadmaps-HSI.pptx	pptx	ok	9	9	0	9267	9267	1124	1144	265	271	923	929	3	3
iris07.12.12__pptx	slides/done-006/pptx/iris07.12.12.pptx	pptx	ok	21	21	0	5010	5010	36	57	31	51	9	10	20	20
manufacturing_process_simulation_working_group_overview_2023__pptx	slides/done-005/pptx/manufacturing_process_simulation_working_group_overview_2023.pptx	pptx	ok	7	7	0	4952	4952	7	14	7	14	0	0	10	9
wopanets-innovationdays-06-16__pptx	slides/done-006/pptx/wopanets-innovationdays-06-16.pptx	pptx	ok	15	15	0	3785	3785	47	135	34	122	27	20	26	28
Sector_Skills_Insights_Advanced_Manufacturing_summary_slide_pack__pptx	slides/done-010/pptx/Sector_Skills_Insights_Advanced_Manufacturing_summary_slide_pack.pptx	pptx	ok	24	24	0	24629	24628	162	176	113	116	113	111	31	41
Course Selection 2025-26 Current Grade 09__pptx	slides/done-006/pptx/Course Selection 2025-26 Current Grade 09.pptx	pptx	ok	10	10	0	3412	3412	70	987	70	982	8	9	28	9
introduction_to_bea_tuxedo__ppt	slides/done-007/ppt/introduction_to_bea_tuxedo.ppt	ppt	ok	40	40	0	10894	10894	476	759	260	425	290	392	139	274
Stakeholders-v08052017 - v5__pptx	slides/done-006/pptx/Stakeholders-v08052017 - v5.pptx	pptx	ok	13	13	0	3627	3627	94	105	69	72	29	37	22	24
BHCA Part II webinar #2 - 10.2020__pptx	slides/done-007/pptx/BHCA Part II webinar #2 - 10.2020.pptx	pptx	ok	21	21	0	7608	7607	285	305	273	256	14	51	1	1
social-media-app-bulletin-january__pptx	slides/done-006/pptx/social-media-app-bulletin-january.pptx	pptx	ok	4	4	0	4128	4128	19	22	14	9	6	14	39	39
bitesize-writing-a-report__pptx	slides/done-007/pptx/bitesize-writing-a-report.pptx	pptx	ok	15	15	0	4004	4004	51	668	47	640	31	35	6	6
71393_pp7__ppt	slides/done-007/ppt/71393_pp7.ppt	ppt	ok	39	39	0	13018	13018	3625	2906	443	1450	3276	1503	69	56
section_1_our_rights_presentation__pptx	slides/done-010/pptx/section_1_our_rights_presentation.pptx	pptx	ok	30	30	0	24177	24177	461	487	229	230	238	262	60	60
EG1_dsrc tech__ppt	slides/done-008/ppt/EG1_dsrc tech.ppt	ppt	ok	26	26	0	11622	11622	874	1571	757	1439	474	460	56	42
concepts-surrounding-cloud-computing-carolyn-kranz-and-rich-prem-gb-seattle-2011__ppt	slides/done-008/ppt/concepts-surrounding-cloud-computing-carolyn-kranz-and-rich-prem-gb-seattle-2011.ppt	ppt	ok	36	36	0	14170	14170	90	4734	82	4719	11	18	106	139
23-session-2-pptx__pptx	slides/done-011/pptx/23-session-2-pptx.pptx	pptx	ok	16	16	0	1915	1915	67	83	67	80	2	5	24	24
G-InvoicingKeithJarboe__pptx	slides/done-008/pptx/G-InvoicingKeithJarboe.pptx	pptx	ok	13	13	0	7327	7327	61	305	53	269	10	36	63	57
B2B-Center-Readiness-and-Student-Retention__pptx	slides/done-011/pptx/B2B-Center-Readiness-and-Student-Retention.pptx	pptx	ok	33	33	0	8133	8109	1623	1661	1623	1628	3	34	37	37
10. Drawings, circuit diagrams and schematics__pptx	slides/done-007/pptx/10. Drawings, circuit diagrams and schematics.pptx	pptx	ok	23	23	0	8718	8718	78	101	66	86	12	15	102	102
Airport Planning 09112013__ppt	slides/done-009/ppt/Airport Planning 09112013.ppt	ppt	ok	9	9	0	3719	3719	48	57	35	39	21	26	12	12
PAL Block Intro 2023__pptx	slides/done-007/pptx/PAL Block Intro 2023.pptx	pptx	ok	20	20	0	8748	8748	124	425	91	336	34	90	9	5
_1___Opatrny_Ales_United_Kingdom_business_opportunities_final__pptx	slides/done-011/pptx/_1___Opatrny_Ales_United_Kingdom_business_opportunities_final.pptx	pptx	ok	25	25	0	9775	9775	265	217	265	150	0	67	63	63
30-04-2021 merged NDoH and NICD_Presentation HBV BD meeting 05May2021_1__pptx	slides/done-009/pptx/30-04-2021 merged NDoH and NICD_Presentation HBV BD meeting 05May2021_1.pptx	pptx	ok	18	18	0	8147	8147	113	130	83	98	30	32	55	56
gillikin_online_user_mtg_2010__ppt	slides/done-012/ppt/gillikin_online_user_mtg_2010.ppt	ppt	ok	40	40	0	8332	8332	100	2220	11	2120	89	100	91	51
8.16_AOD_FINAL_Provider_Training_Presentation_9_2009__ppt	slides/done-008/ppt/8.16_AOD_FINAL_Provider_Training_Presentation_9_2009.ppt	ppt	ok	94	94	0	23420	23420	1547	1673	1535	1609	45	97	29	28
RESPA_-_Section_8_Webinar__ppt	slides/done-008/ppt/RESPA_-_Section_8_Webinar.ppt	ppt	ok	35	35	35	14023	14023	279	234	271	218	8	16	1	36
HENTZEN_COMPOSITE_MATERIALS_IN_THE_AEROSPACE_INDUSTRY__pptx	slides/done-009/pptx/HENTZEN_COMPOSITE_MATERIALS_IN_THE_AEROSPACE_INDUSTRY.pptx	pptx	ok	12	12	0	1971	1971	23	35	14	22	9	13	45	45
Intersil_Italy_CAN_Bus_Transceiver_Presentation_Final__pptx	slides/done-012/pptx/Intersil_Italy_CAN_Bus_Transceiver_Presentation_Final.pptx	pptx	ok	39	39	0	19012	18967	721	1460	524	1173	277	326	114	110
redac-sas-201403-ppt-portfolio-rev-sim__pptx	slides/done-009/pptx/redac-sas-201403-ppt-portfolio-rev-sim.pptx	pptx	ok	14	14	0	13752	13753	1388	1775	882	918	534	889	26	26
Sean Monogue__pptx	slides/done-012/pptx/Sean Monogue.pptx	pptx	ok	15	15	0	5204	5204	225	10020	66	9856	159	164	329	14
Copy of Full deck with references Promotion of Outside Interests at Work final(1)__pptx	slides/done-010/pptx/Copy of Full deck with references Promotion of Outside Interests at Work final(1).pptx	pptx	ok	33	33	0	18360	18370	1005	1038	1004	1015	1	23	18	18
REDAC Briefing_SSIT_CARA_08132014.ppt__pptx	slides/done-010/pptx/REDAC Briefing_SSIT_CARA_08132014.ppt.pptx	pptx	ok	14	14	0	2787	2787	268	141	225	95	80	83	33	33
2015-Civil-Rights-Website-training__ppt	slides/done-013/ppt/2015-Civil-Rights-Website-training.ppt	ppt	ok	94	94	0	36972	36972	1829	46199	987	45321	842	878	382	6
passiv__pptx	slides/done-010/pptx/passiv.pptx	pptx	ok	21	21	0	7614	7614	205	227	128	124	132	137	18	43
ws_prod-g-doc-Events-2008-February-5-NATO-activities__ppt	slides/done-013/ppt/ws_prod-g-doc-Events-2008-February-5-NATO-activities.ppt	ppt	ok	13	13	0	2286	2286	389	1425	283	1301	224	224	47	28
1_Country-Updates_DRC_English__pptx	slides/done-011/pptx/1_Country-Updates_DRC_English.pptx	pptx	ok	16	16	0	4545	4546	274	263	222	206	79	79	160	195
Structural Testing__pptx	slides/done-013/pptx/Structural Testing.pptx	pptx	ok	89	89	0	22228	22228	843	3708	292	3276	618	491	272	23
3495__pptx	slides/done-011/pptx/3495.pptx	pptx	ok	26	26	0	4585	4587	86	1646	82	1642	4	4	95	69
FIT26-Presentation-Airservices-Update__pptx	slides/done-008/pptx/FIT26-Presentation-Airservices-Update.pptx	pptx	ok	11	11	0	1337	1337	1	12	1	11	0	1	68	49
schematicplaymar21__pptx	slides/done-013/pptx/schematicplaymar21.pptx	pptx	ok	21	21	0	11815	11815	204	125	181	71	49	80	44	54
Session-1-Presentation-Reporting-Forms-Form-12-final__pptx	slides/done-011/pptx/Session-1-Presentation-Reporting-Forms-Form-12-final.pptx	pptx	ok	15	15	0	6481	6481	73	89	73	87	0	2	31	31
item_3-environmental_process_briefing__pptx	slides/done-008/pptx/item_3-environmental_process_briefing.pptx	pptx	ok	12	12	0	1827	1827	0	12	0	12	0	0	20	20
JesuitAssocOfStudentPersonnel__ppt	slides/done-012/ppt/JesuitAssocOfStudentPersonnel.ppt	ppt	ok	31	31	0	7691	7690	6	1308	3	1303	4	6	54	23
iep-amount-frequency-for-webinar__ppt	slides/done-009/ppt/iep-amount-frequency-for-webinar.ppt	ppt	ok	39	39	0	10146	10146	485	524	363	400	130	132	51	51
FIT26-Presentation-PR-Briefing-Debrief-Airbus__pptx	slides/done-009/pptx/FIT26-Presentation-PR-Briefing-Debrief-Airbus.pptx	pptx	ok	9	9	0	7645	7645	136	319	82	241	83	82	30	25
airbus-powerpoint-presentation-2019-20-without-video_diy_2019-20__pptx	slides/done-009/pptx/airbus-powerpoint-presentation-2019-20-without-video_diy_2019-20.pptx	pptx	ok	38	38	0	4534	4534	145	183	60	96	103	105	57	57
County ACHS Presentaion Webinar 8-16-16 Peg__pptx	slides/done-012/pptx/County ACHS Presentaion Webinar 8-16-16 Peg.pptx	pptx	ok	26	26	0	7980	7980	95	128	90	84	17	56	36	36
BasicMed_AME_Presentation__pptx	slides/done-010/pptx/BasicMed_AME_Presentation.pptx	pptx	ok	18	18	0	5114	5114	41	58	41	53	17	22	35	35
John_Broggio__RSS_Campion_event_John_Broggio__pptx	slides/done-010/pptx/John_Broggio__RSS_Campion_event_John_Broggio.pptx	pptx	ok	25	25	0	7146	7146	103	127	94	114	26	30	24	25
Tax factsheet 2022 (1)__pptx	slides/done-010/pptx/Tax factsheet 2022 (1).pptx	pptx	ok	27	27	0	14184	14265	113	174	101	104	17	75	36	36
SRDMG(16)024_60 GHz onboard airplanes__pptx	slides/done-012/pptx/SRDMG(16)024_60 GHz onboard airplanes.pptx	pptx	ok	26	26	0	10740	10740	814	274	117	189	705	96	64	121
171128IPAP__pptx	slides/done-011/pptx/171128IPAP.pptx	pptx	ok	40	40	0	26448	26426	1541	1740	512	561	1359	1211	54	53
vvsummit2022-SAIC-PRESENTATION__pptx	slides/done-012/pptx/vvsummit2022-SAIC-PRESENTATION.pptx	pptx	ok	19	19	0	3720	3722	259	362	258	361	2	2	26	24
hofman__ppt	slides/done-013/ppt/hofman.ppt	ppt	ok	13	13	0	3087	3087	132	150	34	52	104	104	25	25
3492__pptx	slides/done-011/pptx/3492.pptx	pptx	ok	22	22	0	7144	7144	308	582	236	505	106	108	9894	166
Reporting_responsibilities_matrix__pptx	slides/done-014/pptx/Reporting_responsibilities_matrix.pptx	pptx	ok	268	268	0	323084	323084	4289	4090	2557	2357	2666	2200	582	1049
redac-nasops-201503-RIRP-portfolio-update__pptx	slides/done-014/pptx/redac-nasops-201503-RIRP-portfolio-update.pptx	pptx	ok	46	46	0	16111	16111	416	457	260	296	263	282	87	94
PRM_training__pptx	slides/done-013/pptx/PRM_training.pptx	pptx	ok	22	22	0	11166	11146	220	244	152	167	138	147	249	161
redac-sas-201703-hf-research-division__pptx	slides/done-013/pptx/redac-sas-201703-hf-research-division.pptx	pptx	ok	13	13	0	5109	5110	740	775	738	769	17	19	69	72
Presentation - Identify Components of the Airport (1)__pptx	slides/done-014/pptx/Presentation - Identify Components of the Airport (1).pptx	pptx	ok	12	12	0	3089	3089	37	43	23	26	17	18	72	72
Technical_Report_Elements[1]__pptx	slides/done-014/pptx/Technical_Report_Elements[1].pptx	pptx	ok	39	39	0	8021	8029	84	125	84	123	21	21	19	19
schematicplay__pptx	slides/done-014/pptx/schematicplay.pptx	pptx	ok	21	21	0	11836	11836	198	119	175	71	49	74	44	54
NAS-Infrastructure-Roadmaps-v16.0__pptx	slides/done-011/pptx/NAS-Infrastructure-Roadmaps-v16.0.pptx	pptx	ok	137	137	0	110892	110843	14626	15021	6448	6577	9547	9560	487	496
Architecture__ppt	slides/done-015/ppt/Architecture.ppt	ppt	ok	29	29	0	4848	4848	7	39	2	33	5	6	84	84
order-of-worship-ppt-revised-2018__pptx	slides/done-011/pptx/order-of-worship-ppt-revised-2018.pptx	pptx	ok	28	28	0	5621	5621	200	228	200	213	0	15	42	43
servicedesk-plus-overviewfinal__pptx	slides/done-014/pptx/servicedesk-plus-overviewfinal.pptx	pptx	ok	66	66	0	11723	11722	320	384	316	352	34	32	236	236
1200-Assigning-Club-officers__pptx	slides/done-015/pptx/1200-Assigning-Club-officers.pptx	pptx	ok	16	16	0	996	996	101	77	79	56	42	41	13	13
Wildlife for REDAC September 11__pptx	slides/done-015/pptx/Wildlife for REDAC September 11.pptx	pptx	ok	41	41	0	9630	9630	2815	23091	2431	22524	579	714	512	165
429_BLISc 2019 IInd Sem.  PAPER-7 UNIT 3__pptx	slides/done-012/pptx/429_BLISc 2019 IInd Sem.  PAPER-7 UNIT 3.pptx	pptx	ok	20	20	0	18523	18523	380	240	340	200	40	40	0	160
NWD-GLA-Community-Outreach-Day-Oct-2025__pptx	slides/missing-001/pptx/NWD-GLA-Community-Outreach-Day-Oct-2025.pptx	pptx	ok	13	13	0	4147	4147	85	91	75	59	15	37	25	32
REDAC briefing March12-13-2014jemvbFINAL.ppt__pptx	slides/done-012/pptx/REDAC briefing March12-13-2014jemvbFINAL.ppt.pptx	pptx	ok	25	25	0	16716	16716	293	318	111	118	182	200	16	16
AW-104D-RVSM-Aircraft-Approval-Checklist.pdf__docx	words/ceiling-001/docx/AW-104D-RVSM-Aircraft-Approval-Checklist.pdf.docx	docx	ok	2	2	0	810	802	14	16	0	2	14	14	6	6
014_advanced_word_chart_report__docx	words/chartset-001/docx/014_advanced_word_chart_report.docx	docx	ok	1	1	0	548	548	23	36	13	26	10	10	1	1
vv_summit_SAIC-PRESENTATION_FAA-V&V-Summit_508c__pptx	slides/done-012/pptx/vv_summit_SAIC-PRESENTATION_FAA-V&V-Summit_508c.pptx	pptx	ok	19	19	0	3720	3722	259	362	258	361	2	2	26	24
032_advanced_word_chart_report__docx	words/chartset-001/docx/032_advanced_word_chart_report.docx	docx	ok	1	1	0	551	551	23	36	13	26	10	10	1	1
pie-chart-result__docx	words/chartset-001/docx/pie-chart-result.docx	docx	ok	1	1	0	240	240	26	39	15	23	12	23	0	1
FAA_Form_337__ppt	slides/done-013/ppt/FAA_Form_337.ppt	ppt	ok	67	67	0	30984	30987	6307	16718	4672	14217	2929	2929	96	13
006_advanced_word_chart_report__docx	words/chartset-002/docx/006_advanced_word_chart_report.docx	docx	ok	1	1	0	546	546	23	36	13	26	10	10	1	1
017_advanced_word_chart_report__docx	words/chartset-002/docx/017_advanced_word_chart_report.docx	docx	ok	1	1	0	557	557	23	36	13	26	10	10	1	1
029_advanced_word_chart_report__docx	words/chartset-002/docx/029_advanced_word_chart_report.docx	docx	ok	1	1	0	545	545	23	36	13	26	10	10	1	1
2014BSA_Sunday_Killion__pptx	slides/done-013/pptx/2014BSA_Sunday_Killion.pptx	pptx	ok	50	50	0	19202	19202	968	2549	690	817	720	1741	55	55
001_advanced_word_chart_report__docx	words/chartset-003/docx/001_advanced_word_chart_report.docx	docx	ok	1	1	0	552	552	23	36	13	26	10	10	1	1
007_advanced_word_chart_report__docx	words/chartset-003/docx/007_advanced_word_chart_report.docx	docx	ok	1	1	0	548	548	23	36	13	26	10	10	1	1
019_advanced_word_chart_report__docx	words/chartset-003/docx/019_advanced_word_chart_report.docx	docx	ok	1	1	0	550	550	23	36	13	26	10	10	1	1
028_advanced_word_chart_report__docx	words/chartset-003/docx/028_advanced_word_chart_report.docx	docx	ok	1	1	0	547	547	23	36	13	26	10	10	1	1
013_advanced_word_chart_report__docx	words/chartset-004/docx/013_advanced_word_chart_report.docx	docx	ok	1	1	0	542	542	23	36	13	26	10	10	1	1
FAAAIandtheArtandScienceofV&Vfinal__pptx	slides/extra-001/pptx/FAAAIandtheArtandScienceofV&Vfinal.pptx	pptx	ok	30	30	0	6170	6170	586	641	463	534	157	140	156	160
024_advanced_word_chart_report__docx	words/chartset-004/docx/024_advanced_word_chart_report.docx	docx	ok	1	1	0	553	553	23	36	13	26	10	10	1	1
005_Free_Genogram_Diagram_Template_Excellent_layout_f5f185d0__docx	words/chartset-005/docx/005_Free_Genogram_Diagram_Template_Excellent_layout_f5f185d0.docx	docx	ok	1	1	0	8	7	73	68	29	24	67	67	1	1
053_Organogram_Template_Creative_Theme_21657a3d__docx	words/chartset-005/docx/053_Organogram_Template_Creative_Theme_21657a3d.docx	docx	ok	1	1	0	138	138	34	34	14	14	20	20	1	1
chapter_4_0__pptx	slides/done-013/pptx/chapter_4_0.pptx	pptx	ok	54	54	0	19434	19434	324	346	216	292	108	54	22151	178
084_Printable_Graph_Paper_Template_Editable_Layout_d66c6820__docx	words/chartset-005/docx/084_Printable_Graph_Paper_Template_Editable_Layout_d66c6820.docx	docx	ok	1	1	0	10	21	86	86	0	0	86	86	1	1
Aerospace_Journey_of_Flight_Chapter_BCB1637572DA6__ppt	slides/done-014/ppt/Aerospace_Journey_of_Flight_Chapter_BCB1637572DA6.ppt	ppt	ok	26	26	0	11416	11416	110	138	106	80	4	58	127	126
001_Free_Genogram_Diagram_Template_Blue_and_Gray_Theme_7c9e01a7__docx	words/chartset-006/docx/001_Free_Genogram_Diagram_Template_Blue_and_Gray_Theme_7c9e01a7.docx	docx	ok	1	1	0	218	218	75	75	23	23	74	74	1	1
150_5300_13_chg8__doc	words/ceiling-001/doc/150_5300_13_chg8.doc	doc	ok	18	17	0	43677	43290	1598	1392	263	66	1361	1326	2	3
057_Organogram_Template_Vertical_Colorful_Theme_724b143c__docx	words/chartset-006/docx/057_Organogram_Template_Vertical_Colorful_Theme_724b143c.docx	docx	ok	1	1	0	202	194	76	76	42	42	68	68	1	1
002_advanced_word_chart_report__docx	words/chartset-001/docx/002_advanced_word_chart_report.docx	docx	ok	1	1	0	553	553	23	36	13	26	10	10	1	1
088_Printable_Graph_Paper_Template_Quality_layout_33051f6e__docx	words/chartset-006/docx/088_Printable_Graph_Paper_Template_Quality_layout_33051f6e.docx	docx	ok	1	1	0	10	10	50	50	0	0	50	50	1	1
020_advanced_word_chart_report__docx	words/chartset-001/docx/020_advanced_word_chart_report.docx	docx	ok	1	1	0	547	547	23	36	13	26	10	10	1	1
099_Business_Case_Template_Gray_Theme_ac3edbf4__docx	words/chartset-006/docx/099_Business_Case_Template_Gray_Theme_ac3edbf4.docx	docx	ok	1	1	0	296	296	43	54	11	22	32	32	1	1
clustered-column-result__docx	words/chartset-001/docx/clustered-column-result.docx	docx	ok	1	1	0	389	389	61	81	38	54	24	28	0	0
025_Unit_Circle_Chart_Cos_and_Sin_Model_1ed01892__docx	words/chartset-007/docx/025_Unit_Circle_Chart_Cos_and_Sin_Model_1ed01892.docx	docx	ok	1	1	0	676	692	13	21	4	12	9	9	1	1
pie-chart-template__docx	words/chartset-001/docx/pie-chart-template.docx	docx	ok	1	1	0	91	91	11	18	5	9	7	10	0	1
058_Organogram_Template_With_Picture_Theme_44b79368__docx	words/chartset-007/docx/058_Organogram_Template_With_Picture_Theme_44b79368.docx	docx	ok	1	1	0	74	66	39	39	0	0	39	39	5	5
011_advanced_word_chart_report__docx	words/chartset-002/docx/011_advanced_word_chart_report.docx	docx	ok	1	1	0	547	547	23	36	13	26	10	10	1	1
Snowbirds_High_Show__pptx	slides/done-014/pptx/Snowbirds_High_Show.pptx	pptx	ok	41	41	0	8387	8387	755	798	490	525	688	696	128	128
021_advanced_word_chart_report__docx	words/chartset-002/docx/021_advanced_word_chart_report.docx	docx	ok	1	1	0	549	549	23	36	13	26	10	10	1	1
030_advanced_word_chart_report__docx	words/chartset-002/docx/030_advanced_word_chart_report.docx	docx	ok	1	1	0	545	545	23	36	13	26	10	10	1	1
089_Printable_Graph_Paper_Template_Simlpe_Format_3aff1c88__docx	words/chartset-007/docx/089_Printable_Graph_Paper_Template_Simlpe_Format_3aff1c88.docx	docx	ok	1	1	0	241	126	108	108	0	0	108	108	1	1
003_advanced_word_chart_report__docx	words/chartset-003/docx/003_advanced_word_chart_report.docx	docx	ok	1	1	0	552	552	23	36	13	26	10	10	1	1
006_Free_Genogram_Diagram_Template_Fillable_Format_7ca08541__docx	words/chartset-008/docx/006_Free_Genogram_Diagram_Template_Fillable_Format_7ca08541.docx	docx	ok	1	1	0	251	249	73	71	29	27	68	68	1	1
009_advanced_word_chart_report__docx	words/chartset-003/docx/009_advanced_word_chart_report.docx	docx	ok	1	1	0	557	557	23	36	13	26	10	10	1	1
016_Project_Timeline_Template_Complete_Guide_7d36d09c__docx	words/chartset-008/docx/016_Project_Timeline_Template_Complete_Guide_7d36d09c.docx	docx	ok	1	1	0	675	667	177	177	119	119	63	63	1	1
redac-sas-201509-asisp-research__pptx	slides/done-014/pptx/redac-sas-201509-asisp-research.pptx	pptx	ok	45	45	0	19741	19741	238	4238	174	4158	142	158	180	145
025_advanced_word_chart_report__docx	words/chartset-003/docx/025_advanced_word_chart_report.docx	docx	ok	1	1	0	541	541	23	36	13	26	10	10	1	1
092_Business_Case_Template_Convenient_Format_00786cce__docx	words/chartset-008/docx/092_Business_Case_Template_Convenient_Format_00786cce.docx	docx	ok	7	7	0	9456	9457	103	103	0	0	103	103	1	1
010_advanced_word_chart_report__docx	words/chartset-004/docx/010_advanced_word_chart_report.docx	docx	ok	1	1	0	551	551	23	36	13	26	10	10	1	1
007_Free_Genogram_Diagram_Template_Green_and_Purple_Theme_8d2ba829__docx	words/chartset-009/docx/007_Free_Genogram_Diagram_Template_Green_and_Purple_Theme_8d2ba829.docx	docx	ok	1	1	0	169	169	51	52	22	22	44	45	1	1
018_advanced_word_chart_report__docx	words/chartset-004/docx/018_advanced_word_chart_report.docx	docx	ok	1	1	0	547	547	23	36	13	26	10	10	1	1
027_Unit_Circle_Chart_Graphical_Chart_5462a579__docx	words/chartset-009/docx/027_Unit_Circle_Chart_Graphical_Chart_5462a579.docx	docx	ok	1	1	0	1589	1588	34	74	33	73	1	33	1	1
031_advanced_word_chart_report__docx	words/chartset-004/docx/031_advanced_word_chart_report.docx	docx	ok	1	1	0	544	544	23	36	13	26	10	10	1	1
041_Visual_Product_Roadmap_Template_Blank_Format_63a3e010__docx	words/chartset-009/docx/041_Visual_Product_Roadmap_Template_Blank_Format_63a3e010.docx	docx	ok	1	1	0	131	123	61	61	22	22	42	42	2	2
036_Venn_Diagram_Template_Fillable_Layout_3ffbba36__docx	words/chartset-005/docx/036_Venn_Diagram_Template_Fillable_Layout_3ffbba36.docx	docx	ok	1	1	0	153	153	2	2	0	0	2	2	1	1
054_Organogram_Template_Grey_Vertical_Theme_b2dbd9a8__docx	words/chartset-005/docx/054_Organogram_Template_Grey_Vertical_Theme_b2dbd9a8.docx	docx	ok	1	1	0	154	154	35	35	17	17	35	35	1	1
082_Printable_Graph_Paper_Template_Colored_Background_9092cf9b__docx	words/chartset-009/docx/082_Printable_Graph_Paper_Template_Colored_Background_9092cf9b.docx	docx	ok	1	1	0	189	189	2402	2403	2304	2304	98	99	1	1
085_Printable_Graph_Paper_Template_Excellent_Format_4bcae89a__docx	words/chartset-005/docx/085_Printable_Graph_Paper_Template_Excellent_Format_4bcae89a.docx	docx	ok	1	1	0	87	87	82	82	0	0	82	82	1	1
026_Unit_Circle_Chart_Four_Quadrants_09bf3ed1__docx	words/chartset-010/docx/026_Unit_Circle_Chart_Four_Quadrants_09bf3ed1.docx	docx	ok	1	1	0	586	581	7	11	4	8	3	3	1	1
002_Free_Genogram_Diagram_Template_Customizable_Format_2219584b__docx	words/chartset-006/docx/002_Free_Genogram_Diagram_Template_Customizable_Format_2219584b.docx	docx	ok	1	1	0	360	360	163	156	65	58	127	127	1	1
051_Organogram_Template_Basic_Theme_e6464d06__docx	words/chartset-010/docx/051_Organogram_Template_Basic_Theme_e6464d06.docx	docx	ok	1	1	0	60	49	55	55	0	0	55	55	1	1
067_Work_Breakdown_Structure_Template_Gray_Theme_89f8be8b__docx	words/chartset-010/docx/067_Work_Breakdown_Structure_Template_Gray_Theme_89f8be8b.docx	docx	ok	1	1	0	237	237	63	108	26	51	63	78	1	1
022_Unit_Circle_Chart_Circle_A_and_B_19dbf275__docx	words/chartset-011/docx/022_Unit_Circle_Chart_Circle_A_and_B_19dbf275.docx	docx	ok	1	1	0	1087	1087	39	75	26	62	15	15	1	1
081_Printable_Graph_Paper_Template_Blue_Theme_629316cb__docx	words/chartset-006/docx/081_Printable_Graph_Paper_Template_Blue_Theme_629316cb.docx	docx	ok	1	1	0	137	137	92	92	0	0	92	92	1	1
040_Venn_Diagram_Template_Three_Circle_80f32f5e__docx	words/chartset-011/docx/040_Venn_Diagram_Template_Three_Circle_80f32f5e.docx	docx	ok	1	1	0	249	240	10	10	7	7	7	7	1	1
093_Business_Case_Template_Customizable_Layout_510c25e7__docx	words/chartset-006/docx/093_Business_Case_Template_Customizable_Layout_510c25e7.docx	docx	ok	1	1	0	201	201	48	48	20	20	28	28	1	1
vvsummit2022-Research-Roadmap-and-the-UML-3-Operational-Integration-Assessment__pptx	slides/done-014/pptx/vvsummit2022-Research-Roadmap-and-the-UML-3-Operational-Integration-Assessment.pptx	pptx	ok	33	33	0	8628	8628	2389	6377	1571	5379	947	1040	124	385
009_Free_Genogram_Diagram_Template_Handy_Format_4bb900f0__docx	words/chartset-007/docx/009_Free_Genogram_Diagram_Template_Handy_Format_4bb900f0.docx	docx	ok	1	1	0	210	210	98	96	24	22	94	94	1	1
064_Foot_Reflexology_Chart_Customizable_Format_79b7db06__docx	words/chartset-011/docx/064_Foot_Reflexology_Chart_Customizable_Format_79b7db06.docx	docx	ok	1	1	0	190	158	48	99	13	64	35	35	3	2
034_Venn_Diagram_Template_Customizable_Format_d14642b7__docx	words/chartset-007/docx/034_Venn_Diagram_Template_Customizable_Format_d14642b7.docx	docx	ok	1	1	0	301	301	2	2	2	2	2	2	1	1
008_Free_Genogram_Diagram_Template_Green_and_Yellow_Theme_9017c1a8__docx	words/chartset-012/docx/008_Free_Genogram_Diagram_Template_Green_and_Yellow_Theme_9017c1a8.docx	docx	ok	1	1	0	351	349	139	139	52	52	116	116	1	1
074_Storyboard_Template_Editable_Design_132436d1__docx	words/chartset-007/docx/074_Storyboard_Template_Editable_Design_132436d1.docx	docx	ok	1	1	0	939	939	8	8	0	0	8	8	1	1
024_Unit_Circle_Chart_Colorful_Circles_7c92601e__docx	words/chartset-012/docx/024_Unit_Circle_Chart_Colorful_Circles_7c92601e.docx	docx	ok	1	1	0	565	560	5	168	0	163	5	5	6	6
094_Business_Case_Template_Decent_Layout_e7722f2b__docx	words/chartset-007/docx/094_Business_Case_Template_Decent_Layout_e7722f2b.docx	docx	ok	1	1	0	189	189	34	44	10	20	24	24	1	1
050_Visual_Product_Roadmap_Template_Yellow_and_Blue_Theme_49b50744__docx	words/chartset-012/docx/050_Visual_Product_Roadmap_Template_Yellow_and_Blue_Theme_49b50744.docx	docx	ok	1	1	0	1344	1314	22	17	20	7	7	15	5	5
RPA P4 - Advanced Material__pptx	slides/done-015/pptx/RPA P4 - Advanced Material.pptx	pptx	ok	20	20	0	9229	9222	1760	2119	1257	1612	522	526	3207	27
010_Free_Genogram_Diagram_Template_Yellow_Theme_6ee4f818__docx	words/chartset-008/docx/010_Free_Genogram_Diagram_Template_Yellow_Theme_6ee4f818.docx	docx	ok	1	1	0	375	374	142	142	21	19	140	142	1	1
096_Business_Case_Template_Editable_Layout_41fe0bc0__docx	words/chartset-012/docx/096_Business_Case_Template_Editable_Layout_41fe0bc0.docx	docx	ok	1	1	0	498	498	50	60	10	20	40	40	2	2
035_Venn_Diagram_Template_Editable_Format_966dff5f__docx	words/chartset-008/docx/035_Venn_Diagram_Template_Editable_Format_966dff5f.docx	docx	ok	1	1	0	144	144	6	6	2	2	6	6	1	1
048_Visual_Product_Roadmap_Template_Quality_Layout_f38f7aee__docx	words/chartset-013/docx/048_Visual_Product_Roadmap_Template_Quality_Layout_f38f7aee.docx	docx	ok	1	1	0	406	406	14	5166	9	5161	6	6	27	1
Ramp Up Campaign - French__pptx	slides/metrics-001/pptx/Ramp Up Campaign - French.pptx	pptx	ok	6	6	0	2627	2627	35	41	35	41	0	0	7	7
098_Business_Case_Template_Fillable_Layout_d0c5410e__docx	words/chartset-008/docx/098_Business_Case_Template_Fillable_Layout_d0c5410e.docx	docx	ok	1	1	0	471	471	40	56	13	26	27	30	2	2
069_Work_Breakdown_Structure_Template_Professional_Format_1e02dce1__docx	words/chartset-013/docx/069_Work_Breakdown_Structure_Template_Professional_Format_1e02dce1.docx	docx	ok	1	1	0	371	371	47	63	22	22	47	59	1	1
017_Project_Timeline_Template_Customizable_Format_5d5ca2e8__docx	words/chartset-009/docx/017_Project_Timeline_Template_Customizable_Format_5d5ca2e8.docx	docx	ok	1	1	0	485	410	92	92	85	85	12	12	1	1
075_Storyboard_Template_Fillable_Format_7fa01641__docx	words/chartset-013/docx/075_Storyboard_Template_Fillable_Format_7fa01641.docx	docx	ok	1	1	0	1623	1407	13	13	1	1	12	12	6	6
ABCD-FE-01-00 Flight Envelope - v1 08.03.16__docx	words/ceiling-001/docx/ABCD-FE-01-00 Flight Envelope - v1 08.03.16.docx	docx	ok	14	16	0	22384	22469	686	814	324	407	362	409	0	0
030_Unit_Circle_Chart_Points_System_23b5ef07__docx	words/chartset-009/docx/030_Unit_Circle_Chart_Points_System_23b5ef07.docx	docx	ok	1	1	0	478	486	30	36	9	15	21	21	1	1
014_Project_Timeline_Template_Blue_and_Green_Theme_a8311fa1__docx	words/chartset-014/docx/014_Project_Timeline_Template_Blue_and_Green_Theme_a8311fa1.docx	docx	ok	1	1	0	856	848	48	431	23	396	27	37	11	1
008_advanced_word_chart_report__docx	words/chartset-001/docx/008_advanced_word_chart_report.docx	docx	ok	1	1	0	551	551	23	36	13	26	10	10	1	1
042_Visual_Product_Roadmap_Template_Colored_Background_89385cfb__docx	words/chartset-009/docx/042_Visual_Product_Roadmap_Template_Colored_Background_89385cfb.docx	docx	ok	1	1	0	493	486	78	77	67	66	12	11	1	1
063_Foot_Reflexology_Chart_Complete_Guide_cf5ed992__docx	words/chartset-014/docx/063_Foot_Reflexology_Chart_Complete_Guide_cf5ed992.docx	docx	ok	1	1	0	412	407	4	4	4	4	0	0	2	2
026_advanced_word_chart_report__docx	words/chartset-001/docx/026_advanced_word_chart_report.docx	docx	ok	1	1	0	550	550	23	36	13	26	10	10	1	1
020_Project_Timeline_Template_Modern_Theme_0c215d87__docx	words/chartset-010/docx/020_Project_Timeline_Template_Modern_Theme_0c215d87.docx	docx	ok	1	1	0	348	340	69	70	41	41	41	42	3	2
076_Storyboard_Template_Gray_Theme_1e5fd5e5__docx	words/chartset-014/docx/076_Storyboard_Template_Gray_Theme_1e5fd5e5.docx	docx	ok	1	1	0	1300	1300	12	12	6	6	12	12	7	7
clustered-column-template__docx	words/chartset-001/docx/clustered-column-template.docx	docx	ok	1	1	0	242	242	36	48	15	23	22	26	0	0
028_Unit_Circle_Chart_Optimized_Graph_83d9c756__docx	words/chartset-010/docx/028_Unit_Circle_Chart_Optimized_Graph_83d9c756.docx	docx	ok	1	1	0	1246	1244	36	342	33	44	3	298	1	1
FAA-2013-0422-0009_attachment_1__doc	words/done-001/doc/FAA-2013-0422-0009_attachment_1.doc	doc	ok	7	7	0	9975	9975	0	0	0	0	0	0	0	0
005_advanced_word_chart_report__docx	words/chartset-002/docx/005_advanced_word_chart_report.docx	docx	ok	1	1	0	546	546	23	36	13	26	10	10	1	1
056_Organogram_Template_Square_Theme_38f373d4__docx	words/chartset-010/docx/056_Organogram_Template_Square_Theme_38f373d4.docx	docx	ok	1	1	0	235	235	70	70	31	31	39	39	1	1
advert-for-draft-decision-airbus-epr-bm3965ia-v006__doc	words/done-001/doc/advert-for-draft-decision-airbus-epr-bm3965ia-v006.doc	doc	ok	2	2	0	2177	2177	0	0	0	0	0	0	0	0
015_advanced_word_chart_report__docx	words/chartset-002/docx/015_advanced_word_chart_report.docx	docx	ok	1	1	0	549	549	23	36	13	26	10	10	1	1
090_Business_Case_Template_Blue_Theme_108ff0f1__docx	words/chartset-010/docx/090_Business_Case_Template_Blue_Theme_108ff0f1.docx	docx	ok	1	1	0	429	429	45	48	21	24	24	27	2	2
Pre-Application_Letter_of_Intent_Example__docx	words/done-001/docx/Pre-Application_Letter_of_Intent_Example.docx	docx	ok	1	1	0	1855	1855	2	2	2	2	0	0	0	0
023_advanced_word_chart_report__docx	words/chartset-002/docx/023_advanced_word_chart_report.docx	docx	ok	1	1	0	550	550	23	36	13	26	10	10	1	1
private-hire-operators-licensed__docx	words/done-001/docx/private-hire-operators-licensed.docx	docx	ok	2	2	0	1588	1588	62	65	4	8	58	57	0	0
029_Unit_Circle_Chart_Pie_Theme_8a922142__docx	words/chartset-011/docx/029_Unit_Circle_Chart_Pie_Theme_8a922142.docx	docx	ok	1	1	0	580	580	9	297	9	297	0	0	1	1
033_advanced_word_chart_report__docx	words/chartset-002/docx/033_advanced_word_chart_report.docx	docx	ok	1	1	0	546	546	23	36	13	26	10	10	1	1
prison-population-bulletin-june__doc	words/done-002/doc/prison-population-bulletin-june.doc	doc	ok	4	4	0	6501	6501	0	0	0	0	0	0	0	0
043_Visual_Product_Roadmap_Template_Customizable_Format_ee0fe5b1__docx	words/chartset-011/docx/043_Visual_Product_Roadmap_Template_Customizable_Format_ee0fe5b1.docx	docx	ok	1	1	0	1154	1141	101	101	60	60	41	41	1	5
004_advanced_word_chart_report__docx	words/chartset-003/docx/004_advanced_word_chart_report.docx	docx	ok	1	1	0	547	547	23	36	13	26	10	10	1	1
FAA-High-Level-Org-Chart__docx	words/done-002/docx/FAA-High-Level-Org-Chart.docx	docx	ok	3	3	0	4577	4577	0	0	0	0	0	0	0	0
065_Work_Breakdown_Structure_Template_Blue_Theme_2b207f62__docx	words/chartset-011/docx/065_Work_Breakdown_Structure_Template_Blue_Theme_2b207f62.docx	docx	ok	1	1	0	185	179	31	47	21	21	31	43	1	1
lk03_17__docx	words/done-002/docx/lk03_17.docx	docx	ok	2	2	0	1969	1969	0	0	0	0	0	0	0	0
016_advanced_word_chart_report__docx	words/chartset-003/docx/016_advanced_word_chart_report.docx	docx	ok	1	1	0	554	554	23	36	13	26	10	10	1	1
013_Project_Timeline_Template_Blue_Background_4ea3475e__docx	words/chartset-012/docx/013_Project_Timeline_Template_Blue_Background_4ea3475e.docx	docx	ok	1	1	0	356	356	96	340	40	284	65	65	3	2
96-3-clement-data__doc	words/done-003/doc/96-3-clement-data.doc	doc	ok	7	7	0	10478	10478	0	0	0	0	0	0	0	0
027_advanced_word_chart_report__docx	words/chartset-003/docx/027_advanced_word_chart_report.docx	docx	ok	1	1	0	545	545	23	36	13	26	10	10	1	1
031_Venn_Diagram_Template_Blue_Theme_a9e417b8__docx	words/chartset-012/docx/031_Venn_Diagram_Template_Blue_Theme_a9e417b8.docx	docx	ok	1	1	0	259	249	10	10	7	7	7	7	1	1
Temp16__doc	words/done-003/doc/Temp16.doc	doc	ok	2	2	0	3592	3592	23	23	0	0	23	23	0	0
012_advanced_word_chart_report__docx	words/chartset-004/docx/012_advanced_word_chart_report.docx	docx	ok	1	1	0	555	555	23	36	13	26	10	10	1	1
DRX-Ascend System Course Description__docx	words/done-003/docx/DRX-Ascend System Course Description.docx	docx	ok	2	2	0	3075	3075	22	22	8	0	14	22	1	1
055_Organogram_Template_Horizontal_Structure_28a7e725__docx	words/chartset-012/docx/055_Organogram_Template_Horizontal_Structure_28a7e725.docx	docx	ok	1	1	0	414	308	96	91	57	52	63	63	1	6
022_advanced_word_chart_report__docx	words/chartset-004/docx/022_advanced_word_chart_report.docx	docx	ok	1	1	0	547	547	23	36	13	26	10	10	1	1
038_Venn_Diagram_Template_Off_White_and_Blue_Theme_9dff385e__docx	words/chartset-013/docx/038_Venn_Diagram_Template_Off_White_and_Blue_Theme_9dff385e.docx	docx	ok	1	1	0	246	246	6	6	6	6	5	5	1	1
07-04__doc	words/done-004/doc/07-04.doc	doc	ok	3	3	0	5610	5610	36	32	12	0	24	32	0	0
003_Free_Genogram_Diagram_Template_Easy_Format_60eb6e42__docx	words/chartset-005/docx/003_Free_Genogram_Diagram_Template_Easy_Format_60eb6e42.docx	docx	ok	1	1	0	148	148	47	47	6	6	47	47	1	1
opic 5--Case Studies Movie and Aviation Industries__doc	words/done-004/doc/opic 5--Case Studies Movie and Aviation Industries.doc	doc	ok	5	5	0	5540	5540	12	64	12	1	0	63	0	0
059_Disease_Concept_Map_Template_4acf63f2__docx	words/chartset-013/docx/059_Disease_Concept_Map_Template_4acf63f2.docx	docx	ok	1	1	0	131	103	29	29	20	20	27	27	2	3
052_Organogram_Template_Colorful_Flow_Chart_cba9fbfe__docx	words/chartset-005/docx/052_Organogram_Template_Colorful_Flow_Chart_cba9fbfe.docx	docx	ok	1	1	0	178	178	80	80	43	43	57	57	1	1
How-to-Write-an-Architecture-Document-for-a-Technology-Service__docx	words/done-004/docx/How-to-Write-an-Architecture-Document-for-a-Technology-Service.docx	docx	ok	3	3	0	5718	5718	0	0	0	0	0	0	0	0
072_Storyboard_Template_Colored_Theme_28524a15__docx	words/chartset-013/docx/072_Storyboard_Template_Colored_Theme_28524a15.docx	docx	ok	1	1	0	958	958	14	14	7	7	7	7	9	9
083_Printable_Graph_Paper_Template_Customizable_Format_55ff93a3__docx	words/chartset-005/docx/083_Printable_Graph_Paper_Template_Customizable_Format_55ff93a3.docx	docx	ok	1	1	0	45	45	24	24	0	0	24	24	1	1
Software Architecture Document Template__docx	words/done-004/docx/Software Architecture Document Template.docx	docx	ok	3	3	0	3522	3522	24	17	1	0	23	17	0	0
091_Business_Case_Template_Complete_Guide_cb91a140__docx	words/chartset-013/docx/091_Business_Case_Template_Complete_Guide_cb91a140.docx	docx	ok	5	5	0	7869	7869	31	31	0	0	31	31	2	2
Theft-Restitution-Letter-Vancouver-ASC-2005__doc	words/done-005/doc/Theft-Restitution-Letter-Vancouver-ASC-2005.doc	doc	ok	1	1	0	1384	1384	1	2	1	2	0	0	1	1
087_Printable_Graph_Paper_Template_Green_Theme_0c14ea04__docx	words/chartset-005/docx/087_Printable_Graph_Paper_Template_Green_Theme_0c14ea04.docx	docx	ok	2	2	0	116	116	88	87	0	0	88	87	1	1
BID_ACKNOWLEDGEMENT_FORM_FOR_A320__docx	words/done-005/docx/BID_ACKNOWLEDGEMENT_FORM_FOR_A320.docx	docx	ok	2	2	0	2003	2003	17	18	7	6	16	18	0	0
045_Visual_Product_Roadmap_Template_Excellent_Format_e364063c__docx	words/chartset-014/docx/045_Visual_Product_Roadmap_Template_Excellent_Format_e364063c.docx	docx	ok	1	1	0	241	241	60	72	37	49	23	23	3	26
033_Venn_Diagram_Template_Colored_Theme_2aea6697__docx	words/chartset-006/docx/033_Venn_Diagram_Template_Colored_Theme_2aea6697.docx	docx	ok	1	1	0	200	200	3	3	3	3	3	3	1	1
healthcare-reform-nsa-consumer-bulletin__docx	words/done-005/docx/healthcare-reform-nsa-consumer-bulletin.docx	docx	ok	4	4	0	8991	8991	0	2	0	2	0	0	0	0
070_Storyboard_Template_Blank_Format_fc41673a__docx	words/chartset-014/docx/070_Storyboard_Template_Blank_Format_fc41673a.docx	docx	ok	1	1	0	1461	1461	31	25	25	13	6	12	7	7
086_Printable_Graph_Paper_Template_Gray_Theme_7300e5d7__docx	words/chartset-006/docx/086_Printable_Graph_Paper_Template_Gray_Theme_7300e5d7.docx	docx	ok	1	1	0	10	95	66	114	50	98	18	18	1	1
1244277 1 Comment__doc	words/done-006/doc/1244277 1 Comment.doc	doc	ok	2	2	0	1834	1834	0	3	0	3	0	0	0	0
097_Business_Case_Template_Elegant_Layout_3ba9cbf2__docx	words/chartset-006/docx/097_Business_Case_Template_Elegant_Layout_3ba9cbf2.docx	docx	ok	2	2	0	281	281	54	65	11	22	43	43	1	1
Wales_Office_Quarter_4_Ministerial_Transparency_Return__doc	words/done-006/doc/Wales_Office_Quarter_4_Ministerial_Transparency_Return.DOC	doc	ok	6	6	0	5760	5760	284	323	68	105	216	218	0	0
078_Storyboard_Template_Pink_and_Gray_Theme_ea89553f__docx	words/chartset-014/docx/078_Storyboard_Template_Pink_and_Gray_Theme_ea89553f.docx	docx	ok	1	1	0	1147	1147	23	23	13	13	14	14	3	3
018_Project_Timeline_Template_Editable_Format_e1cf1df5__docx	words/chartset-007/docx/018_Project_Timeline_Template_Editable_Format_e1cf1df5.docx	docx	ok	1	1	0	457	456	180	180	54	54	131	131	1	1
cacs-206-1751218225__docx	words/done-006/docx/cacs-206-1751218225.docx	docx	ok	2	2	0	1995	1995	90	104	14	0	76	104	0	0
GLACIERBG.ETT__doc	words/done-001/doc/GLACIERBG.ETT.doc	doc	ok	1	1	0	2456	2456	1	1	1	0	0	1	0	0
049_Visual_Product_Roadmap_Template_Simple_Format_4af26e4f__docx	words/chartset-007/docx/049_Visual_Product_Roadmap_Template_Simple_Format_4af26e4f.docx	docx	ok	1	1	0	410	403	56	145	40	129	16	16	2	1
RNW167A-150428__doc	words/done-007/doc/RNW167A-150428.doc	doc	ok	9	9	0	9947	9947	241	243	0	0	241	243	0	0
foca_form_1__doc	words/done-001/doc/foca_form_1.doc	doc	ok	3	3	0	8850	8850	33	35	0	0	33	35	0	0
09__docx	words/done-007/docx/09.docx	docx	ok	2	2	0	2692	2692	5	14	5	12	0	2	1	1
Sample_PAO-PSO_91-113_Letter__docx	words/done-001/docx/Sample_PAO-PSO_91-113_Letter.docx	docx	ok	1	1	0	1929	1929	1	1	1	0	0	1	0	0
080_Printable_Graph_Paper_Template_Black_Theme_6b066be1__docx	words/chartset-007/docx/080_Printable_Graph_Paper_Template_Black_Theme_6b066be1.docx	docx	ok	1	1	0	205	205	86	86	0	0	86	86	1	1
final-technical-report-template__docx	words/done-007/docx/final-technical-report-template.docx	docx	ok	6	6	0	7198	7198	20	20	20	0	0	20	1	1
Bull01-06-Reserve Training Standards__doc	words/done-002/doc/Bull01-06-Reserve Training Standards.doc	doc	ok	6	6	0	8160	8160	0	0	0	0	0	0	0	0
004_Free_Genogram_Diagram_Template_Editable_Format_b82b6152__docx	words/chartset-008/docx/004_Free_Genogram_Diagram_Template_Editable_Format_b82b6152.docx	docx	ok	1	1	0	179	177	55	55	22	22	53	53	1	1
AUWG min 4-3-24 final__docx	words/done-002/docx/AUWG min 4-3-24 final.docx	docx	ok	2	2	0	3584	3584	12	1	12	0	0	1	0	0
template-technical-report__docx	words/done-007/docx/template-technical-report.docx	docx	ok	10	10	0	4577	4577	24	24	4	2	22	24	10	10
012_Project_Timeline_Template_Black_and_Brown_Theme_35c76550__docx	words/chartset-008/docx/012_Project_Timeline_Template_Black_and_Brown_Theme_35c76550.docx	docx	ok	2	2	0	215	202	78	80	76	76	9	11	1	1
Interview-mit-Manfred1-Müller__docx	words/done-002/docx/Interview-mit-Manfred1-Müller.docx	docx	ok	2	2	0	4900	4900	0	0	0	0	0	0	0	0
FlightLaws__doc	words/done-008/doc/FlightLaws.doc	doc	ok	4	4	0	5726	5726	151	351	5	0	146	351	0	0
046_Visual_Product_Roadmap_Template_Fillable_Format_582acab0__docx	words/chartset-008/docx/046_Visual_Product_Roadmap_Template_Fillable_Format_582acab0.docx	docx	ok	1	1	0	622	614	30	40	18	12	17	28	1	1
s33song-beverlyactproductionofdocuments__docx	words/done-002/docx/s33song-beverlyactproductionofdocuments.docx	docx	ok	2	2	0	3319	3319	2	1	2	0	0	1	0	0
ECSS-E-ST-50-16C-Annex-A(30September2021)__docx	words/done-008/docx/ECSS-E-ST-50-16C-Annex-A(30September2021).docx	docx	ok	4	4	0	3881	3881	166	240	79	134	87	106	4	4
100_Business_Case_Template_Modern_Format_ff9e7282__docx	words/chartset-008/docx/100_Business_Case_Template_Modern_Format_ff9e7282.docx	docx	ok	5	5	0	1235	1235	59	61	2	4	57	57	2	2
DEP2008-1900__doc	words/done-003/doc/DEP2008-1900.doc	doc	ok	4	4	0	5485	5487	22	23	8	0	14	23	0	0
UAS-SGI_waiver_approval_request_form__docx	words/done-008/docx/UAS-SGI_waiver_approval_request_form.docx	docx	ok	2	2	0	2925	2925	128	165	45	74	83	91	1	1
191216_Lesefassung_Nachtflugregelung__docx	words/done-003/docx/191216_Lesefassung_Nachtflugregelung.docx	docx	ok	3	3	0	5710	5710	0	0	0	0	0	0	0	0
019_Project_Timeline_Template_Excellent_Layout_4ee62967__docx	words/chartset-009/docx/019_Project_Timeline_Template_Excellent_Layout_4ee62967.docx	docx	ok	1	1	0	381	368	137	229	81	173	61	61	2	1
237287_0486190101_0486190101_geolink2neu__doc	words/done-009/doc/237287_0486190101_0486190101_geolink2neu.doc	doc	ok	8	8	0	10645	10645	118	111	26	16	92	95	0	0
037_Venn_Diagram_Template_Four_Circle_764829a0__docx	words/chartset-009/docx/037_Venn_Diagram_Template_Four_Circle_764829a0.docx	docx	ok	1	1	0	98	98	6	6	6	6	6	6	1	1
Technical_Issue_Report_Form__docx	words/done-003/docx/Technical_Issue_Report_Form.docx	docx	ok	2	2	0	2085	2085	56	82	12	24	44	58	0	0
certification-flight-standards-doc-oeb-supporting-documents-tgl-TGL26-section-5-REV10__doc	words/done-009/doc/certification-flight-standards-doc-oeb-supporting-documents-tgl-TGL26-section-5-REV10.doc	doc	ok	8	8	0	6764	6764	102	102	3	0	99	102	0	0
077_Storyboard_Template_Pink_and_Blue_Theme_805e82ab__docx	words/chartset-009/docx/077_Storyboard_Template_Pink_and_Blue_Theme_805e82ab.docx	docx	ok	1	1	0	1114	1114	30	30	15	15	15	15	2	2
2ca950374241722b8ea7c132dfce63ae__doc	words/done-004/doc/2ca950374241722b8ea7c132dfce63ae.doc	doc	ok	3	3	0	5403	5410	47	41	0	3	47	38	0	0
SWDD-template__docx	words/done-009/docx/SWDD-template.docx	docx	ok	6	6	0	9006	9005	24	25	24	1	0	24	0	0
1528039320__docx	words/done-004/docx/1528039320.docx	docx	ok	1	1	0	1933	1933	80	81	1	2	79	79	1	1
023_Unit_Circle_Chart_Circular_Percentage_790f7b75__docx	words/chartset-010/docx/023_Unit_Circle_Chart_Circular_Percentage_790f7b75.docx	docx	ok	1	1	0	562	557	4	12	4	12	0	4	1	1
1528364855__doc	words/done-010/doc/1528364855.doc	doc	ok	3	3	0	6602	6598	238	247	36	45	202	202	3	3
License App Instructions 2-22__docx	words/done-004/docx/License App Instructions 2-22.docx	docx	ok	3	3	0	6001	6001	43	46	43	0	0	46	0	0
032_Venn_Diagram_Template_Brown_Theme_d5b549f0__docx	words/chartset-010/docx/032_Venn_Diagram_Template_Brown_Theme_d5b549f0.docx	docx	ok	1	1	0	195	195	17	17	11	11	11	11	1	1
066_Work_Breakdown_Structure_Template_Colored_Background_c27ff248__docx	words/chartset-010/docx/066_Work_Breakdown_Structure_Template_Colored_Background_c27ff248.docx	docx	ok	1	1	0	255	246	39	55	29	29	39	51	1	1
316r_a_e__doc	words/done-005/doc/316r_a_e.doc	doc	ok	14	14	0	26017	26043	8	9	2	1	6	8	0	0
195584360__docx	words/done-010/docx/195584360.docx	docx	ok	20	20	0	48519	48519	285	343	185	18	100	325	0	0
015_Project_Timeline_Template_Colored_Background_6434b0e8__docx	words/chartset-011/docx/015_Project_Timeline_Template_Colored_Background_6434b0e8.docx	docx	ok	2	2	0	229	221	55	335	25	305	46	46	2	1
loi_format_letter_of_intent-a-320-214-a330__doc	words/done-005/doc/loi_format_letter_of_intent-a-320-214-a330.doc	doc	ok	10	10	0	17496	17496	0	0	0	0	0	0	0	0
FG-AI4NDM-TR-skeleton_template__docx	words/done-010/docx/FG-AI4NDM-TR-skeleton_template.docx	docx	ok	5	5	0	3590	3583	137	75	119	57	18	18	2	2
039_Venn_Diagram_Template_Simple_Format_6f82661d__docx	words/chartset-011/docx/039_Venn_Diagram_Template_Simple_Format_6f82661d.docx	docx	ok	1	1	0	291	291	4	4	0	0	4	4	1	1
Technical Report and Technical Update Guidelines__docx	words/done-005/docx/Technical Report and Technical Update Guidelines.docx	docx	ok	4	4	0	6999	6999	12	12	12	0	0	12	0	0
te.iors.00048-002 SUP Questionnaire__docx	words/done-010/docx/te.iors.00048-002 SUP Questionnaire.docx	docx	ok	4	4	0	3779	3779	281	401	120	240	161	161	8	8
061_Nursing_Concept_Map_Template_fb9816f0__docx	words/chartset-011/docx/061_Nursing_Concept_Map_Template_fb9816f0.docx	docx	ok	1	1	0	152	122	25	29	12	16	13	13	1	1
part-147_approval list_20230119__docx	words/done-005/docx/part-147_approval list_20230119.docx	docx	ok	2	2	0	3935	3940	129	166	27	63	102	103	0	0
068_Work_Breakdown_Structure_Template_Green_Theme_63e69ed8__docx	words/chartset-011/docx/068_Work_Breakdown_Structure_Template_Green_Theme_63e69ed8.docx	docx	ok	1	1	0	502	480	53	77	41	41	53	71	1	1
Company-profile-2022-EN__docx	words/done-011/docx/Company-profile-2022-EN.docx	docx	ok	5	5	0	5972	5972	0	0	0	0	0	0	5	5
LHD-230-application-for-the-approval-of-an-aircraftr__doc	words/done-006/doc/LHD-230-application-for-the-approval-of-an-aircraftr.doc	doc	ok	2	2	0	4556	4556	23	25	1	2	22	23	1	1
021_Unit_Circle_Chart_3D_Pie_Chart_404247ab__docx	words/chartset-012/docx/021_Unit_Circle_Chart_3D_Pie_Chart_404247ab.docx	docx	ok	1	1	0	561	561	5	8	5	8	1	1	1	2
f2_registro_de_aprovacao_com_pbcs_EN__docx	words/done-011/docx/f2_registro_de_aprovacao_com_pbcs_EN.docx	docx	ok	2	2	0	2454	2446	372	92	372	90	0	2	2	2
62599_FRANCE-BRAZIL- Air France Flight 447 crash__docx	words/done-006/docx/62599_FRANCE-BRAZIL- Air France Flight 447 crash.docx	docx	ok	18	18	0	31282	31282	8	8	8	0	0	8	0	0
044_Visual_Product_Roadmap_Template_Editable_Format_c232a2c0__docx	words/chartset-012/docx/044_Visual_Product_Roadmap_Template_Editable_Format_c232a2c0.docx	docx	ok	1	1	0	264	264	93	159	85	152	8	8	1	17
healthcare-reform-nsa-provider-bulletin__docx	words/done-006/docx/healthcare-reform-nsa-provider-bulletin.docx	docx	ok	5	5	0	11562	11562	42	35	42	14	0	21	0	0
part-145-approval list 2025__docx	words/done-011/docx/part-145-approval list 2025.docx	docx	ok	7	7	0	8633	8636	565	1219	338	1011	227	208	0	0
095_Business_Case_Template_Easy_Format_61de7128__docx	words/chartset-012/docx/095_Business_Case_Template_Easy_Format_61de7128.docx	docx	ok	1	1	0	1157	1157	23	39	0	0	23	39	2	2
chapter 12__doc	words/done-007/doc/chapter 12.doc	doc	ok	12	12	0	19806	19806	0	3	0	3	0	0	1	1
RMI_Document_Repository_Public-Reprts_GettingOffOil__doc	words/done-012/doc/RMI_Document_Repository_Public-Reprts_GettingOffOil.doc	doc	ok	6	6	0	15339	15382	14	22	14	8	0	14	2	2
047_Visual_Product_Roadmap_Template_Professional_Layout_2ff4499e__docx	words/chartset-013/docx/047_Visual_Product_Roadmap_Template_Professional_Layout_2ff4499e.docx	docx	ok	1	1	0	233	227	99	99	76	76	26	26	3	3
0c662f5c948a7d81d32ffd833c5cc59421a5f522__docx	words/done-007/docx/0c662f5c948a7d81d32ffd833c5cc59421a5f522.docx	docx	ok	1	1	0	2113	2113	0	0	0	0	0	0	2	2
johnson_hall_service_log.pdf__docx	words/done-007/docx/johnson_hall_service_log.pdf.docx	docx	ok	1	1	0	2506	2506	16	17	7	2	9	15	0	0
060_Human_Body_Concept_Map_Template_ac872cfb__docx	words/chartset-013/docx/060_Human_Body_Concept_Map_Template_ac872cfb.docx	docx	ok	1	1	0	150	150	8	8	8	8	1	1	2	8
FO.FCTOA_.000129 Application for activities related to FSTD__docx	words/done-012/docx/FO.FCTOA_.000129 Application for activities related to FSTD.docx	docx	ok	6	6	0	9473	9383	303	387	20	54	283	333	22	14
1245685 1 Comment__doc	words/done-008/doc/1245685 1 Comment.doc	doc	ok	1	1	0	1666	1666	0	0	0	0	0	0	0	0
073_Storyboard_Template_Easy_to_Use_44ce05fc__docx	words/chartset-013/docx/073_Storyboard_Template_Easy_to_Use_44ce05fc.docx	docx	ok	1	1	0	499	323	44	42	44	16	0	26	2	2
bulletin__docx	words/done-012/docx/bulletin.docx	docx	ok	14	14	0	18460	18460	118	389	56	98	90	291	1	1
PUR-0012-UTAS-GRAMS-SPA-Template-1-25-2024__doc	words/done-008/doc/PUR-0012-UTAS-GRAMS-SPA-Template-1-25-2024.doc	doc	ok	6	6	0	6722	6722	21	24	2	3	19	21	1	1
011_Project_Timeline_Template_Beautiful_Theme_2336e680__docx	words/chartset-014/docx/011_Project_Timeline_Template_Beautiful_Theme_2336e680.docx	docx	ok	1	1	0	924	862	111	111	109	109	2	2	10	10
FAA-2017-0628-0002_attachment_1__docx	words/done-008/docx/FAA-2017-0628-0002_attachment_1.docx	docx	ok	4	4	0	3750	3750	5	33	1	30	4	3	1	1
1228841571067_2009_TPPT_13__2007_TPPT_102__R-108535759__doc	words/done-013/doc/1228841571067_2009_TPPT_13__2007_TPPT_102__R-108535759.doc	doc	ok	12	12	0	15012	15012	0	7	0	7	0	0	5	5
062_Vocabulary_Concept_Map_Template_2f7c1c09__docx	words/chartset-014/docx/062_Vocabulary_Concept_Map_Template_2f7c1c09.docx	docx	ok	1	1	0	76	66	14	14	13	13	1	1	2	2
omrIMInterpretiveGuideLine__doc	words/done-013/doc/omrIMInterpretiveGuideLine.doc	doc	ok	2	2	0	2440	2440	8	14	2	4	7	10	2	2
draft-variation-notice-airbus-bm3965ia-v006-vs-comments__docx	words/done-008/docx/draft-variation-notice-airbus-bm3965ia-v006-vs-comments.docx	docx	ok	9	9	0	8538	8538	121	128	16	21	105	107	1	1
071_Storyboard_Template_Cartoon_Theme_ae113de2__docx	words/chartset-014/docx/071_Storyboard_Template_Cartoon_Theme_ae113de2.docx	docx	ok	1	1	0	826	826	6	6	6	6	0	0	7	7
A380MaenPressRel__doc	words/done-009/doc/A380MaenPressRel.doc	doc	ok	3	3	0	4088	4088	0	0	0	0	0	0	0	0
079_Storyboard_Template_Simple_Format_81653703__docx	words/chartset-014/docx/079_Storyboard_Template_Simple_Format_81653703.docx	docx	ok	1	1	0	988	986	1	1	0	0	1	1	5	5
Sol PJ14-03-04 Solution Contextual__docx	words/done-013/docx/Sol PJ14-03-04 Solution Contextual.docx	docx	ok	5	5	0	11746	11746	432	156	432	40	0	116	5	15
LENTOBUSSIAIKATAULU.-31.10.-31.12.2022__doc	words/done-001/doc/LENTOBUSSIAIKATAULU.-31.10.-31.12.2022.doc	doc	ok	1	1	0	850	850	6	6	6	2	0	4	0	0
Case-Study-Heathrow-Airport__docx	words/done-009/docx/Case-Study-Heathrow-Airport.docx	docx	ok	3	3	0	6616	6616	56	52	12	11	44	41	3	3
hdss-bulletin-issue-285-25-june-2025__docx	words/done-013/docx/hdss-bulletin-issue-285-25-june-2025.docx	docx	ok	10	10	0	22271	22219	83	76	34	1	49	75	11	11
CMTA_Airport_Transportation__docx	words/done-001/docx/CMTA_Airport_Transportation.docx	docx	ok	1	1	0	1357	1357	1	1	1	0	0	1	0	0
form_1123_application_form_rvsm_spa__docx	words/done-009/docx/form_1123_application_form_rvsm_spa.docx	docx	ok	3	3	0	3578	3578	91	100	9	10	82	90	3	3
Service-Bulletin-SDFNR5-April-25-2023-FNR-TRANSMISSION-LUBRICATION__docx	words/done-001/docx/Service-Bulletin-SDFNR5-April-25-2023-FNR-TRANSMISSION-LUBRICATION.docx	docx	ok	1	1	0	1289	1289	1	1	1	0	0	1	0	0
PK_FlugzeugeStricken__doc	words/done-014/doc/PK_FlugzeugeStricken.doc	doc	ok	7	7	0	11482	11559	22	28	22	5	0	23	1	2
FMRBullletinB-28__doc	words/done-002/doc/FMRBullletinB-28.doc	doc	ok	2	2	0	2940	2940	9	9	9	0	0	9	0	0
361400CSLegislation1RF01PUBLIC1__doc	words/done-010/doc/361400CSLegislation1RF01PUBLIC1.doc	doc	ok	35	35	0	70845	70848	51	59	51	10	0	49	0	0
CSCRS_Technical-Report-Documentation-Page-with-instructions__docx	words/done-002/docx/CSCRS_Technical-Report-Documentation-Page-with-instructions.docx	docx	ok	2	2	0	4204	4204	24	24	0	0	24	24	0	0
231164_SystemDesignDocument__docx	words/done-014/docx/231164_SystemDesignDocument.docx	docx	ok	28	28	0	45950	45917	319	243	274	28	45	215	1	1
easa-form-1__docx	words/done-002/docx/easa-form-1.docx	docx	ok	5	5	0	7846	7845	53	54	6	12	47	42	0	0
5709.16 ch.40_mgfinal__docx	words/done-010/docx/5709.16 ch.40_mgfinal.docx	docx	ok	32	32	0	66711	66712	213	182	54	0	159	182	2	1
exhibit-06---technical-architecture-template__docx	words/done-014/docx/exhibit-06---technical-architecture-template.docx	docx	ok	8	8	0	8862	8862	349	91	330	50	19	41	6	6
10795__doc	words/done-003/doc/10795.doc	doc	ok	4	4	0	5621	5625	64	67	14	11	50	56	0	0
PM-apeech-Handover-of-New-Airbus-Aircraft-for-Fiji-Airways-Dec.-15th__docx	words/done-010/docx/PM-apeech-Handover-of-New-Airbus-Aircraft-for-Fiji-Airways-Dec.-15th.docx	docx	ok	5	5	0	2983	2983	2	9	2	7	0	2	1	1
SFSP_2013-02_Bulletin__doc	words/done-015/doc/SFSP_2013-02_Bulletin.doc	doc	ok	4	4	0	5355	5355	32	41	28	9	5	33	4	3
II.1.2_Hypoxia__doc	words/done-003/doc/II.1.2_Hypoxia.doc	doc	ok	13	13	0	20003	20003	11	12	11	0	0	12	0	0
135__doc	words/done-011/doc/135.doc	doc	ok	14	14	0	27419	27363	159	161	115	1	44	160	1	1
2015-April-SWIM_Users_Forum-Q&A__docx	words/done-003/docx/2015-April-SWIM_Users_Forum-Q&A.docx	docx	ok	5	5	0	8674	8674	78	66	8	0	70	66	0	0
b053-19__docx	words/done-011/docx/b053-19.docx	docx	ok	2	2	0	3036	3036	35	4	35	0	0	4	1	1
DOA_Template_Form_Type_Certification_Programme__docx	words/done-015/docx/DOA_Template_Form_Type_Certification_Programme.docx	docx	ok	20	20	0	32571	32574	523	599	109	190	414	409	21	21
mde087077~283__docx	words/done-003/docx/mde087077~283.docx	docx	ok	4	4	0	6098	6098	111	147	65	92	46	55	0	0
RobertQ_Service__doc	words/done-004/doc/RobertQ_Service.doc	doc	ok	4	4	0	2916	2916	67	88	54	33	25	67	4	4
monthly-content-feeder__docx	words/done-011/docx/monthly-content-feeder.docx	docx	ok	18	18	0	35714	35714	300	311	262	41	38	270	0	0
Sample_SQMS_Program__docx	words/done-015/docx/Sample_SQMS_Program.docx	docx	ok	61	61	0	94827	94773	461	440	150	0	311	440	0	0
461249__docx	words/done-004/docx/461249.docx	docx	ok	5	5	0	9393	9393	50	49	36	16	14	33	0	0
tibs_guidelines_2__docx	words/done-011/docx/tibs_guidelines_2.docx	docx	ok	13	13	0	17888	18113	106	105	53	0	53	105	4	4
PAT-047 - Architecture and Detailed Design Assessment__docx	words/done-004/docx/PAT-047 - Architecture and Detailed Design Assessment.docx	docx	ok	4	4	0	6786	6786	247	695	84	117	163	578	0	0
19-06 Assistive Technology TAB Final - 508__docx	words/done-012/docx/19-06 Assistive Technology TAB Final - 508.docx	docx	ok	8	8	0	18804	18804	16	55	8	41	9	16	1	1
316r_a_f__doc	words/done-005/doc/316r_a_f.doc	doc	ok	14	14	0	27153	27179	8	9	2	1	6	8	0	0
120509coss__doc	words/done-016/doc/120509coss.doc	doc	ok	25	25	0	38928	38928	2	116	2	114	0	2	50	50
Leadership Information Article__docx	words/done-012/docx/Leadership Information Article.docx	docx	ok	3	3	0	8301	8301	4	2	4	0	0	2	1	1
2024-12_Comlux_opens_Maintenance_and_Service_Center_in_Dubai__docx	words/done-005/docx/2024-12_Comlux_opens_Maintenance_and_Service_Center_in_Dubai.docx	docx	ok	3	3	0	3753	3753	2	2	2	0	0	2	1	1
Allegiant_Company_Profile_with_History__docx	words/done-016/docx/Allegiant_Company_Profile_with_History.docx	docx	ok	3	3	0	6841	6841	2	2	2	0	0	2	6	6
slcc-architecture-uu-architecture__docx	words/done-012/docx/slcc-architecture-uu-architecture.docx	docx	ok	4	4	0	6929	6929	110	123	23	38	87	85	2	2
f445896eb008d14c1746fc37d412dc22__docx	words/done-005/docx/f445896eb008d14c1746fc37d412dc22.docx	docx	ok	15	15	0	28245	28245	1449	103	1307	0	142	103	0	0
1257259179492_2007_TPPT_102_Supporting_Doc_2-434003080__doc	words/done-013/doc/1257259179492_2007_TPPT_102_Supporting_Doc_2-434003080.doc	doc	ok	9	9	0	10708	10708	0	10	0	10	0	0	4	4
003__doc	words/done-006/doc/003.doc	doc	ok	5	5	0	5913	5913	2	7	2	5	1	2	1	1
PES-Technical-Report-Template_Jan_2019__docx	words/done-016/docx/PES-Technical-Report-Template_Jan_2019.docx	docx	ok	14	14	0	16465	16467	16	22	7	3	10	20	1	1
P200904290238_0238_51880__doc	words/done-006/doc/P200904290238_0238_51880.doc	doc	ok	3	3	0	1989	1989	74	67	1	0	73	67	0	0
Form-SM-76A-_-CAR-OPS-2A-Instruments-and-Equipment-Compliance-Statement-_-11__docx	words/done-013/docx/Form-SM-76A-_-CAR-OPS-2A-Instruments-and-Equipment-Compliance-Statement-_-11.docx	docx	ok	3	3	0	3567	3567	330	413	83	162	247	251	3	3
dragon1-enterprise-architecture-document-example-v0.1d__docx	words/done-016/docx/dragon1-enterprise-architecture-document-example-v0.1d.docx	docx	ok	13	13	0	14840	14841	341	74	312	48	29	26	1	1
SDL_FSDO_Part91_LOA_Checklist__docx	words/done-006/docx/SDL_FSDO_Part91_LOA_Checklist.docx	docx	ok	2	2	0	2473	2473	84	125	43	82	41	43	0	0
easa-regulations-update-20__docx	words/done-013/docx/easa-regulations-update-20.docx	docx	ok	22	22	0	15563	15563	73	320	73	260	0	60	1	1
technical-memo-format__docx	words/done-006/docx/technical-memo-format.docx	docx	ok	5	5	0	9663	9663	7	4	7	4	0	0	0	0
300502-Mecenat-Airbus-Simusante_CHU-Amiens-Picardie__doc	words/done-014/doc/300502-Mecenat-Airbus-Simusante_CHU-Amiens-Picardie.doc	doc	ok	1	1	0	1952	1952	3	20	3	19	1	1	6	6
762__doc	words/extra-001/doc/762.doc	doc	ok	23	23	0	23589	23589	100	186	43	46	58	141	2	2
congregationalhistories_ky_2023__doc	words/done-007/doc/congregationalhistories_ky_2023.doc	doc	ok	1	1	0	1631	1631	0	2	0	2	0	0	1	1
1603642410-MoM-CASCOM-06-2020-draft04__docx	words/done-014/docx/1603642410-MoM-CASCOM-06-2020-draft04.docx	docx	ok	9	9	0	25144	25144	135	120	57	0	78	120	10	10
Press release_EUREKA labels ITEA 3 Cluster__docx	words/done-007/docx/Press release_EUREKA labels ITEA 3 Cluster.docx	docx	ok	2	2	0	4462	4462	55	56	55	53	0	3	4	4
ABCD-WB-08-00 Weight and Balance Report - v1 08.03.16__docx	words/extra-001/docx/ABCD-WB-08-00 Weight and Balance Report - v1 08.03.16.docx	docx	ok	12	12	0	13709	13710	520	694	321	477	199	217	2	2
technical-report-template__docx	words/done-007/docx/technical-report-template.docx	docx	ok	7	7	0	4000	4002	21	23	12	4	9	19	0	0
AFS-050-004-F2_0i__docx	words/done-014/docx/AFS-050-004-F2_0i.docx	docx	ok	8	8	0	14121	14121	445	441	225	223	220	218	8	8
2024-2nd-quarter-case-summaries__doc	words/done-008/doc/2024-2nd-quarter-case-summaries.doc	doc	ok	10	10	0	29112	29112	7	7	7	0	0	7	0	0
fleetfastfacts16nov2023__docx	words/done-014/docx/fleetfastfacts16nov2023.docx	docx	ok	1	1	0	687	687	38	47	11	18	27	29	1	1
A320SimNotes__doc	words/metrics-001/doc/A320SimNotes.doc	doc	ok	42	42	0	78980	79062	543	520	63	0	480	520	0	0
4400-91_Proposal_To_Lease_Space_10-2024__docx	words/done-008/docx/4400-91_Proposal_To_Lease_Space_10-2024.docx	docx	ok	6	6	0	17526	17526	168	168	69	79	99	89	0	0
03_Technical_Report_(progress)_template__docx	words/done-015/docx/03_Technical_Report_(progress)_template.docx	docx	ok	10	10	0	8538	8538	291	405	115	226	176	179	14	11
Lessons-Learned-Bulletin-Dorset-version-to-IIRG-V5__docx	words/done-008/docx/Lessons-Learned-Bulletin-Dorset-version-to-IIRG-V5.docx	docx	ok	3	3	0	8325	8325	13	14	7	7	6	7	4	4
AWR OPS-AOC 044 Statement of Compliance RVSM  Rev 04 01 Feb 2024__docx	words/metrics-001/docx/AWR OPS-AOC 044 Statement of Compliance RVSM  Rev 04 01 Feb 2024.docx	docx	ok	15	15	0	11659	11657	1693	1921	1204	1431	489	490	0	0
2013-op12-Annex III - Curriculum Vitae__doc	words/done-009/doc/2013-op12-Annex III - Curriculum Vitae.doc	doc	ok	3	3	0	2131	2131	0	3	0	3	0	0	1	1
JEMIT_Template__docx	words/done-015/docx/JEMIT_Template.docx	docx	ok	4	4	0	9364	9365	1105	1067	472	516	1101	1019	8	8
CP-ETSO template_v2020__doc	words/done-009/doc/CP-ETSO template_v2020.DOC	doc	ok	6	6	0	6788	6788	101	101	1	1	100	100	0	0
airbus-pdf-information-package_v1-4__docx	words/done-015/docx/airbus-pdf-information-package_v1-4.docx	docx	ok	9	9	0	7435	7435	362	498	164	298	198	200	14	11
Contract_Check_Pilot_Sample_LOA__docx	words/done-009/docx/Contract_Check_Pilot_Sample_LOA.docx	docx	ok	4	4	0	7512	7512	65	28	63	22	4	8	1	1
technical report template__docx	words/done-009/docx/technical report template.docx	docx	ok	10	10	0	6340	6342	0	0	0	0	0	0	0	0
f111__doc	words/done-010/doc/f111.doc	doc	ok	11	11	0	19015	19015	181	331	50	48	131	283	2	2
150_5335_5a__doc	words/done-016/doc/150_5335_5a.doc	doc	ok	64	64	0	108104	108101	6892	3002	1094	1138	6179	2222	4	9
Checklist for TC STC ETSO data packages to FAA_TIP rev 5__docx	words/done-010/docx/Checklist for TC STC ETSO data packages to FAA_TIP rev 5.docx	docx	ok	3	3	0	6306	6306	32	47	9	12	23	35	9	6
Writing a technical report (SCE subject guide)__docx	words/done-010/docx/Writing a technical report (SCE subject guide).docx	docx	ok	4	4	0	6621	6621	3	2	3	0	0	2	0	0
SPA-02_mcar_part-2_and_IS_v2.9__docx	words/metrics-001/docx/SPA-02_mcar_part-2_and_IS_v2.9.docx	docx	ok	268	266	0	523312	516621	1005	1472	536	0	469	1472	0	0
AAC-AD-No-2021-01-Boeing-737-8-and-737-9-MAX__doc	words/done-011/doc/AAC-AD-No-2021-01-Boeing-737-8-and-737-9-MAX.doc	doc	ok	20	20	0	40817	40817	146	161	24	28	137	143	6	6
eTAR_External_Web_tool_Tip_Sheet_mh__docx	words/done-011/docx/eTAR_External_Web_tool_Tip_Sheet_mh.docx	docx	ok	4	4	0	4793	4735	7	6	7	1	1	6	6	5
May 25 bulletin focus on carers in the workplace__docx	words/missing-001/docx/May 25 bulletin focus on carers in the workplace.docx	docx	ok	4	4	0	2808	2808	24	31	24	19	0	12	4	4
1447__doc	words/pagination-001/doc/1447.doc	doc	ok	4	4	0	5401	5401	0	0	0	0	0	0	0	0
part-145-approval list (1)__docx	words/done-011/docx/part-145-approval list (1).docx	docx	ok	8	8	0	9261	9269	635	1322	368	1091	267	231	0	0
AirbusCallouts__doc	words/done-012/doc/AirbusCallouts.doc	doc	ok	24	24	0	48300	48300	1078	1082	370	372	708	710	0	0
Annex-10-to-the-Aircraft-Maintenance-Specialist-Certification-Rule-GCAA__docx	words/done-016/docx/Annex-10-to-the-Aircraft-Maintenance-Specialist-Certification-Rule-GCAA.docx	docx	ok	148	148	0	203210	203210	18643	37370	18643	37370	0	0	0	0
ESPN-R - MCF - Manual - Ed1.0 - For Publication__docx	words/pagination-001/docx/ESPN-R - MCF - Manual - Ed1.0 - For Publication.docx	docx	ok	35	35	0	58726	58512	1136	807	669	275	467	532	35	35
20110608_psp__docx	words/done-012/docx/20110608_psp.docx	docx	ok	3	3	0	4925	4930	9	9	9	0	0	9	4	4
b050-19__docx	words/done-012/docx/b050-19.docx	docx	ok	3	3	0	5063	5063	18	13	18	0	0	13	1	1
FO.FCTOA.00010 Application for a Part-ORA ATO Approval__docx	words/pagination-001/docx/FO.FCTOA.00010 Application for a Part-ORA ATO Approval.docx	docx	ok	16	16	0	24412	24404	680	678	7	1	673	677	16	16
technical-architecture__docx	words/done-012/docx/technical-architecture.docx	docx	ok	8	8	0	10558	10589	333	73	314	50	19	23	0	0
SPA-06_mcar_part-6_and_IS_v2.9__docx	words/done-016/docx/SPA-06_mcar_part-6_and_IS_v2.9.docx	docx	ok	85	85	0	153012	152927	612	777	222	56	393	724	3	18
Reid__doc	words/done-013/doc/Reid.doc	doc	ok	4	4	0	8765	8765	9	13	9	4	0	9	2	2
t_TEMPforInvProgs__docx	words/done-016/docx/t_TEMPforInvProgs.docx	docx	ok	26	26	0	36896	36894	913	345	766	96	153	255	81	81
SPA-11_mcar_part-11_v2.9__docx	words/done-013/docx/SPA-11_mcar_part-11_v2.9.docx	docx	ok	49	49	0	80099	79925	298	398	145	10	153	388	0	0
gpp-pr-top-7-office-markets-4q-2023__docx	words/done-013/docx/gpp-pr-top-7-office-markets-4q-2023.docx	docx	ok	4	4	0	6037	6037	111	148	55	88	56	60	9	9
150_5300_13_chg12__doc	words/pagination-002/doc/150_5300_13_chg12.doc	doc	ok	31	31	0	65109	64847	815	460	341	76	596	384	5	6
644730BRI0mna000BOX361539B00public0__doc	words/done-014/doc/644730BRI0mna000BOX361539B00public0.doc	doc	ok	5	5	0	13220	13201	14	48	13	33	4	15	3	3
1_tpr_template__from_fy14___docx	words/done-014/docx/1_tpr_template__from_fy14_.docx	docx	ok	8	8	0	19781	19781	90	106	33	43	64	70	1	1
Regulations Governing the Status, Basic Rights and Duties of Officials other than Secretariat Officials, and Experts on Mission__docx	words/done-014/docx/Regulations Governing the Status, Basic Rights and Duties of Officials other than Secretariat Officials, and Experts on Mission.docx	docx	ok	18	18	0	35064	34725	120	94	103	19	17	75	0	1
info-bulletin-601__doc	words/extra-001/doc/info-bulletin-601.doc	doc	ok	6	6	0	7155	7155	41	41	9	6	32	35	6	6
2013_11__doc	words/done-015/doc/2013_11.doc	doc	ok	8	8	0	14118	14118	132	139	56	7	76	132	1	1
Agile_Arc_SysDes__docx	words/done-015/docx/Agile_Arc_SysDes.docx	docx	ok	20	20	0	42516	42524	4047	4104	3973	3948	92	174	1	1
UG.CAO.00006 Foreign Part 145 approvals - User Guide for Applicants & Approval Holders__docx	words/extra-001/docx/UG.CAO.00006 Foreign Part 145 approvals - User Guide for Applicants & Approval Holders.docx	docx	ok	29	29	0	48796	47389	171	131	90	24	100	107	30	31
手机免提系统TSB__doc	words/metrics-001/doc/手机免提系统TSB.doc	doc	ok	3	3	0	1530	1530	5	5	0	0	5	5	0	0
PI-doc.-no.-2E-Technical-Review-Report__docx	words/done-015/docx/PI-doc.-no.-2E-Technical-Review-Report.docx	docx	ok	12	12	0	10361	10361	132	132	8	9	132	131	24	24
system_design__technical_architecture_template__docx	words/done-015/docx/system_design__technical_architecture_template.docx	docx	ok	17	17	0	15176	15181	392	822	335	201	57	621	18	18
FRE-03_mcar_part-3_and_IS_v2.9__docx	words/metrics-001/docx/FRE-03_mcar_part-3_and_IS_v2.9.docx	docx	ok	76	76	0	136710	136343	472	585	160	1	312	585	1	1
review-welsh-government-communications-mister-peter-mandelson__docx	words/metrics-001/docx/review-welsh-government-communications-mister-peter-mandelson.docx	docx	ok	14	14	0	15408	15408	248	231	38	76	210	155	0	0
xx_SETIS_PWS_template_10.19.22__docx	words/missing-001/docx/xx_SETIS_PWS_template_10.19.22.docx	docx	ok	15	15	0	26687	26669	850	1147	673	595	327	627	0	0
150-5370-10H__docx	words/pagination-003/docx/150-5370-10H.docx	docx	ok	727	727	0	1669183	1669123	6938	8581	3906	0	3032	8581	0	0
A_320__doc	words/pagination-001/doc/A_320.doc	doc	ok	118	118	0	95248	95248	1300	1505	5	4	1295	1501	2	2
A1. EASA Form 2__docx	words/table-001/docx/A1. EASA Form 2.docx	docx	ok	7	7	0	12098	12054	449	456	14	16	435	440	16	15
ESPN-R - MCF - RA - Ed1__docx	words/pagination-001/docx/ESPN-R - MCF - RA - Ed1.docx	docx	ok	58	58	0	71666	71961	2510	2954	926	1282	1584	1672	58	58
report-template__docx	words/pagination-001/docx/report-template.docx	docx	ok	20	20	0	18057	18170	355	258	314	198	41	60	6	6
AC-150-5370-10G-updated-201604__docx	words/done-016/docx/AC-150-5370-10G-updated-201604.docx	docx	ok	696	696	0	1566728	1566676	19164	20899	4106	3317	15058	17582	2	2
absrc-pac-01-info-note-en__doc	words/pagination-002/doc/absrc-pac-01-info-note-en.doc	doc	ok	6	7	0	7440	7446	148	181	124	125	25	56	10	10
HC-Bulletin-template__docx	words/done-016/docx/HC-Bulletin-template.docx	docx	ok	5	5	0	3204	3204	157	205	144	182	13	23	14	14
TE.CAO.00125 Foreign Part 145 approvals - OJT Logbook__docx	words/done-016/docx/TE.CAO.00125 Foreign Part 145 approvals - OJT Logbook.docx	docx	ok	15	15	0	19257	19258	1304	1914	472	911	832	1003	30	30
WordArt_Shapes_Arrows_Catalog1__docx	words/drawingset-001/docx/WordArt_Shapes_Arrows_Catalog1.docx	docx	ok	52	52	0	12333	12333	411	3274	264	2710	265	676	24	0
EHEST-SMS-Safety-Management-Manual-V2__docx	words/pagination-003/docx/EHEST-SMS-Safety-Management-Manual-V2.docx	docx	ok	82	82	0	110466	110161	953	1121	362	373	597	752	68	62
B11. TE.CAO.00129  Experience  logbook__docx	words/table-001/docx/B11. TE.CAO.00129  Experience  logbook.docx	docx	ok	6	6	0	8692	8673	501	871	359	702	142	169	12	12
ABCD-SDE-23-00 - Avionic System Description - 17.02.16 - v1__docx	words/extra-001/docx/ABCD-SDE-23-00 - Avionic System Description - 17.02.16 - v1.docx	docx	ok	29	29	0	49573	49575	1087	1069	403	348	694	731	4	4
UG.CAO.00133 Foreign Part 145 approvals - Language__docx	words/extra-001/docx/UG.CAO.00133 Foreign Part 145 approvals - Language.docx	docx	ok	18	18	0	24326	24311	648	1031	387	749	261	282	23	23
02_mcar_part-2_and_IS_v2.10__docx	words/metrics-001/docx/02_mcar_part-2_and_IS_v2.10.docx	docx	ok	314	312	0	461167	454327	1632	2027	1158	354	474	1673	0	0
OM template for non-complex NCC operators_August 2016__docx	words/metrics-001/docx/OM template for non-complex NCC operators_August 2016.docx	docx	ok	166	165	0	310292	310221	3179	3886	2301	1040	879	2847	4	4
33004__docx	words/missing-001/docx/33004.docx	docx	ok	47	47	0	64489	64490	806	879	298	202	508	677	50	50
CRIF - SpÃ©cification technique - Socle applicatif__docx	words/missing-002/docx/CRIF - SpÃ©cification technique - Socle applicatif.docx	docx	ok	28	29	0	41840	42262	362	402	250	238	112	164	33	35
24-25_FAA_Holdover_Tables__docx	words/pagination-001/docx/24-25_FAA_Holdover_Tables.docx	docx	ok	155	155	10	337115	336018	10015	16667	6720	11958	3295	4709	1	1
FAA 2025-26 Holdover Tables__docx	words/pagination-001/docx/FAA 2025-26 Holdover Tables.docx	docx	ok	167	167	10	377812	376668	11484	19095	7735	13787	3749	5308	1	1
template---tpr-technical-progress-report-with-guidance__docx	words/pagination-001/docx/template---tpr-technical-progress-report-with-guidance.docx	docx	ok	7	7	0	10208	10208	74	87	24	30	56	63	0	0
docs-quality-MA.IMS.00001-Integrated-Management-System-manual__docx	words/pagination-002/docx/docs-quality-MA.IMS.00001-Integrated-Management-System-manual.docx	docx	ok	44	44	0	80921	80733	1544	1345	981	715	723	764	55	55
150_5300_13_chg10__doc	words/table-001/doc/150_5300_13_chg10.doc	doc	ok	77	78	0	141959	138810	18175	2999	16090	811	2434	2522	8	26
approvals-and-standardisation-organisation-approvals-docs-part-145-annex-B-B11.-TE.CAO.00129-Foreign-Part-145-approvals---Experience--logbook__docx	words/table-001/docx/approvals-and-standardisation-organisation-approvals-docs-part-145-annex-B-B11.-TE.CAO.00129-Foreign-Part-145-approvals---Experience--logbook.docx	docx	ok	6	6	0	6858	6858	551	966	409	804	142	162	6	6
