mentions	stem	ext	track	batch	status	kind	where
4	2017-04-27-Lease-Transition-Records-Checklist-FINAL-1	xlsx	sheets	ceiling-001	open	ceiling	sheets-b011-01,sheets-clip-01,sheets-clip-justify,words-vision-01
2	2020-01-29-Lease-Transition-Records-Checklist-FINAL-1	xlsx	sheets	ceiling-001	open	ceiling	sheets-clip-01,sheets-clip-justify
20	Template Pilot Logbook JAR-FCL V3.0	xls	sheets	ceiling-001	open	ceiling	biff-reader-r98,chart-hyph-r105,chart-label-anchor,chart-resid-r99,ink-pass-r92,mismatch-classify-01,numfmt-r68,sheets-b-01,sheets-b011-01,sheets-c-01,sheets-chart-01,sheets-dateaxis-01,sheets-pagination-01,sheets-r23,sheets-r24,sheets-r25,sheets-r26,sheets-r27,sheets-vision-02,slides-b008-01
0	EASA-IFP-WEBLISTNOODATA-ListsofForeignapprovals(WEB)_NewChart_2022-08-05-03-31-32	xlsx	sheets	ceiling-001	open	ceiling	
0	EASA-IFP-145Scope(WEB)_ALL_ValidF145SOA_2022-12-16-04-31-58_0	xlsx	sheets	ceiling-001	open	ceiling	
0	oltl-bulletin-59-26-03-ptr-sc-registration-form-for-oltl-approved-software	xlsx	sheets	done-001	done		
0	Patent Index 2024 - Top 100 applicants 2024	xlsx	sheets	done-001	done		
0	REDAC_SCHEDULE_RPD_135	xls	sheets	done-001	done		
1	FMMO_NMPF_37C	xlsx	sheets	done-001	done		sheets-wrap-01
0	einvoice-summary-worksheet	xlsx	sheets	done-001	done		
0	Geo_Abschlussarbeiten	xlsx	sheets	done-001	done		
0	16424782563923	xlsx	sheets	done-001	done		
0	Airplanes-MTOW	xls	sheets	done-001	done		
0	RPD 155 REDAC SCHEDULE 2014-04-02	xls	sheets	done-001	done		
0	ExampleWhiteListData	xlsx	sheets	done-001	done		
0	WEBSITE-RESOURCE-LIST-by-CATEGORY-4-6-18-341pm	xlsx	sheets	done-002	done		
0	(5000021142)-(subc0226)-criminology-subject-collection-list	xlsx	sheets	done-002	done		
0	P1636e	xls	sheets	done-002	done		
2	Chicago.List.2025	xlsx	sheets	done-002	done		cond-format-r96,ods-notes-r92
2	2012-GA-Survey-Chapter-5-Tables-16Dec2013-V2	xls	sheets	done-002	done		chart-geom-r108,sheets-r33
1	REDAC_SCHEDULE_RPD_137	xls	sheets	done-002	done		words-r59
0	Upload__hvv_Linie_150_2023	xlsx	sheets	done-002	done		
0	e-pass-contact-details-template	xlsx	sheets	done-002	done		
0	AIRBUS_station_evaluation_checklist_v2	xlsx	sheets	done-002	done		
5	2012-GA-Survey-Chapter-6-Tables-16Dec2013-V2	xls	sheets	done-002	done		chart-geom-r108,gate-01,sheets-chart-01,sheets-r33,sheets-r51-bands
0	RPA-Budgets-FY-17-19-20	xls	sheets	done-003	done		
0	VOR Candidate Discontinuance List 2026-01-08	xlsx	sheets	done-003	done		
1	Air_Boss_Master_List	xlsx	sheets	done-003	done		words-r59
4	programs contact list as of 07-01-10	xls	sheets	done-003	done		L6-sheets,ink-hunt-r124,sheets-r26,sheets-r33
0	Bulletin-37-Appendix-2-immediate-detriment-data-request	xlsx	sheets	done-003	done		
0	4-12-Kings-Attachment-13-Application-Architecture-Security-Requirements	xls	sheets	done-003	done		
1	00514292	xlsx	sheets	done-003	done		odf-gate-01
1	disclosures_ecm	xls	sheets	done-003	done		sheets-clip-band
5	NPA_21_21_Sentenced_Comments	xls	sheets	done-003	done		biff-condfmt-r97,biff-reader-r98,ods-residue-r95,rulescale-r132,sheets-clip-band
0	redac-sas-201503-fy17-research-portfolio	xlsx	sheets	done-003	done		
0	permit-applications-determined-july-2015	xls	sheets	done-004	done		
0	EU_145s_with_TCCA_approval_-_31.01.2025	xlsx	sheets	done-004	done		
2	UAE Type Accepted Aircraft Models	xlsx	sheets	done-004	done		L6-sheets,sheets-r55
1	List-of-Members-August-2017	xlsx	sheets	done-004	done		sheets-extra-01
0	NorwegianXPensionXFundXanalysisXexportsXandXLAWS-1	xls	sheets	done-004	done		
0	Travel-Cost-Estimate-Calculator	xlsx	sheets	done-004	done		
0	Estero Rotary Awards	xlsx	sheets	done-004	done		
0	flying-log-passenger-23rd-september-2014	xls	sheets	done-004	done		
2	Foreign_SA-CAT-I_and_CAT-II-III_Pub_0	xlsx	sheets	done-004	done		ink-pass-r92,ods-draw-r82
5	Part_375_Operators	xlsx	sheets	done-004	done		ods-draw-r82,ods-resid-r80,sheet-shapefill-r92,sheets-r52-condvalue,words-r59
3	arp-sop-300-Exhibit-A-Table-Templates	xlsx	sheets	done-005	done		ods-draw-r82,ods-resid-r80,sheets-b011-01
1	National-Reports	xlsx	sheets	done-005	done		sheets-r54
0	SectorAdvisoryGroupandStrategyBoards	xls	sheets	done-005	done		
1	cy10_primary_enplanements	xls	sheets	done-005	done		ods-band-r75
2	esurf-12-135-2024-t01	xlsx	sheets	done-005	done		pivot-fmt-r110,sheet-default-r111
7	Background_Declaration_Template	xls	sheets	done-005	done		biff-condfmt-r97,biff-reader-r98,ods-residue-r95,probes,sheet-border-r115,sheet-ink-r94,sheet-shapefill-r92
4	Part_129_Operators	xlsx	sheets	done-005	done		ods-draw-r82,ods-resid-r80,sheets-r52-condvalue,words-r59
3	Praktikastellen_-_chinesischsprachiger_Kulturraum	xls	sheets	done-005	done		probes,quantise-r120,underline-r118
10	apron-area	xls	sheets	done-005	done		biff-reader-r98,ods-draw-r82,ods-residue-r95,probes,rulescale-r132,sheet-draw-r107,sheet-pivot-r103,sheet-shapefill-r92,sheets-e-01,sheets-vision-01
2	june_2025_published	xlsx	sheets	done-005	done		ods-resid-r80,sheets-rebase-02
0	WG7_NCWF_Skills_Table	xls	sheets	done-006	done		
9	Hazard Analysis Template	xls	sheets	done-006	done		L6-sheets,biff-condfmt-r97,biff-reader-r98,ods-notes-r92,ods-residue-r95,ods-track-r88,renderer-parity-sweep-01,sheets-clip-band,sheets-r56
0	ZenithAviation_AuctionList	xls	sheets	done-006	done		
2	SSRO_Quarterly_Statistical_Bulletin_Q3201617_DATA	xlsx	sheets	done-006	done		ods-draw-r82,ods-resid-r80
0	register-changes-in-may-2024---adujsted	xlsx	sheets	done-006	done		
4	Infotabelle_WLAN im Flugzeug	xlsx	sheets	done-006	done		sheets-clip-01,sheets-overflow-01,sheets-tagged-01,sheets-vision-02
9	Published_Issuances_2024	xlsx	sheets	done-006	done		pivot-fmt-r110,probes,rulescale-r132,sheet-default-r111,sheets-b011-01,sheets-clip-01,sheets-extra-01,sheets-vision-02,sheets-wrap-01
3	dragon-175066A	xlsx	sheets	done-006	done		sheets-pagination-01,sheets-rebase-02,words-r58
2	AFS-400_Contacts	xlsx	sheets	done-006	done		ods-resid-r80,sheets-extra-01
4	Performance	xlsx	sheets	done-006	done		ods-band-r75,ods-draw-r82,ods-resid-r80,underline-r118
0	ecopy of 2016 statistical bulletin_public finance statistics_final	xlsx	sheets	done-007	done		
8	CSA_CCM_v1.2	xls	sheets	done-007	done		L6-sheets,probes,quantise-r120,rulescale-r132,sheets-b011-01,sheets-c-01,sheets-clip-band,sheets-r33
5	jobs-bulletin-51-22-december-2025	xlsx	sheets	done-007	done		colour-r65,pivot-fmt-r110,probes,sheet-default-r111,sheets-r31
0	114339-PROP-P127508-PUBLIC-PPCRNARCPPforPublication	xlsx	sheets	done-007	done		
4	wiley-cancelled-title-list	xlsx	sheets	done-007	done		cond-format-r96,ods-notes-r92,ods-resid-r80,probes
1	National-Finalists-2024-1	xlsx	sheets	done-007	done		ods-resid-r80
9	essd-16-3433-2024-t02	xlsx	sheets	done-007	done		L6-sheets,mismatch-classify-01,pivot-fmt-r110,sheet-default-r111,sheets-overflow-01,sheets-tagged-01,sheets-vision-02,underline-r118,words-version-screen
6	hdss-bulletin-index-2019-2022	xlsx	sheets	done-007	done		ods-notes-r92,ods-track-r88,probes,sheets-extra-01,sheets-r31,underline-r118
0	ACRONYM	xls	sheets	done-007	done		
3	SLSA_Directory_031423	xlsx	sheets	done-007	done		sheets-b011-01,sheets-r31,words-r58
0	RVSM_Non_approved_list_2025_84c0b3f4ac	xlsx	sheets	done-008	done		
1	template-ECSPR-notifications	xlsx	sheets	done-008	done		font-class-01
1	Liste-Zertifizierung-ChemKlimaschutzV-RPT	xls	sheets	done-008	done		numfmt-r68
1	data_20121018181533	xls	sheets	done-008	done		words-vision-01
2	Computer and Software Services_50 State Comparison	xlsx	sheets	done-008	done		sheet-ink-r94,sheet-rows-r98
0	commander-authorisation-tasks-spreadsheet-october-2025	xlsx	sheets	done-008	done		
0	2015-19 top 25 Arms producing companies data - to upload on website - FINAL_edit	xlsx	sheets	done-008	done		
1	Company_Seniority_Date_Calculator	xlsx	sheets	done-008	done		sheets-vision-02
3	airports_6	xlsx	sheets	done-008	done		L6-sheets,ods-resid-r80,sheets-rebase-02
6	TDA_Smoke-Detectors	xlsx	sheets	done-008	done		ink-pass-r92,ods-draw-r82,sheet-shapefill-r92,sheets-pagination-01,sheets-r52-condvalue,words-r59
3	6f9e605c-fded-11e3-bd0e-00144feab7de	xls	sheets	done-009	done		ods-band-r75,sheets-d-01,sheets-e-01
23	PBN Matrix NAAs (V01)	xlsx	sheets	done-009	done		L6-sheets,chart-axis-r87,frame-area-r85,gate-r111,gate-r116,probes,sheet-wrap-r99,sheets-clip-band,sheets-clip-justify,sheets-dateaxis-01,sheets-pagination-01,sheets-r24,sheets-r25,sheets-r30,sheets-r51-bands,sheets-r52-condvalue,sheets-r53-totalsrow,sheets-r54,sheets-r55,sheets-r61,sheets-r62,sheets-tagged-01,words-r58
5	sistem-rekod-markah-srm-_-rekod-master	xlsx	sheets	done-009	done		ods-notes-r92,ods-residue-r95,orig-gate-r83,sheet-ink-r94,sheet-rows-r98
3	Aviation_Abbreviations	xlsx	sheets	done-009	done		odf-rowpitch-r72,ods-resid-r80,sheets-clip-justify
2	RegChangeReport	xlsx	sheets	done-009	done		refdev-01,sheets-clip-01
1	State-Medicaid-Payment-Policies-for-Medicare-Cost-Sharing	xlsx	sheets	done-009	done		sheet-wrap-r99
3	cy01_state	xls	sheets	done-009	done		sheets-clip-band,sheets-d-01,sheets-r31
4	INDEX_Digital_Transformation_Toolkits	xls	sheets	done-009	done		rulescale-r132,sheets-r23,sheets-r24,sheets-r25
3	Data-Architecture-Tool-Fit-Assessment-Template	xlsx	sheets	done-009	done		sheet-ink-r94,sheets-clip-01,sheets-r58
12	EHEST-Pre-departure-checklist-Rev.-1-06-12-2016	xls	sheets	done-009	done		biff-condfmt-r97,biff-reader-r98,chart-geom-r108,chart-inner-r110,chart-label-anchor,ods-draw-r82,ods-resid-r80,sheet-pivot-r103,sheets-c-01,sheets-dateaxis-01,sheets-r23,underline-r118
5	PC1000	xls	sheets	done-010	done		sheet-last-r100,sheet-shapefill-r92,sheets-d-01,sheets-r33,sheets-r51-bands
28	Keywords_Mapping_Graphs_and_Charts	xlsx	sheets	done-010	done		L7-charts,chart-fit,chart-hyph-r105,chart-label-anchor,chart-resid-r75,clip-seats-r97,hyphen-r106,ods-track-r88,pivot-fmt-r110,pivot-gen-r107,pivot-res-r108,sheet-last-r100,sheet-pivot-r103,sheets-b-01,sheets-c-01,sheets-dateaxis-01,sheets-r23,sheets-r25,sheets-r26,sheets-r27,sheets-r30,sheets-r54,sheets-r58,sheets-r59,sheets-r60,slides-e-01,slides-r59,tooling-01
22	TOGAF9-Tool-ConfReqts-CSQ	xls	sheets	done-010	done		biff-reader-r98,chart-axisrot-r91,chart-geom-r108,chart-resid-r99,chart-secaxis,chart-slide-r117,chart-smooth-r102,probes,sheet-last-r100,sheet-pivot-r103,sheet-shapefill-r92,sheet-wrap-r99,sheets-chart-01,sheets-clip-01,sheets-clip-band,sheets-r24,sheets-r27,sheets-r31,sheets-r56,sheets-r57,sheets-r62,stroke-resid-r117
2	DOE-C2M2-V1.1-to-DOE-C2M2-V2.1 (1.1.0)	xlsx	sheets	done-010	done		sheet-last-r100,sheets-pagination-01
4	cy06_primary_np_comm	xls	sheets	done-010	done		ods-track-r88,sheets-r26,sheets-r31,sheets-r33
0	NAARMO_Mexico_RVSM_Approvals	xlsx	sheets	done-010	done		
15	RMP 2011-2014 and Inventory	xls	sheets	done-010	done		biff-reader-r98,dblunder-r123,ods-notes-r92,ods-resid-r80,ods-track-r88,probes,quantise-r120,rulescale-r132,sheets-b011-01,sheets-clip-band,sheets-r31,sheets-r32,sheets-r33,sheets-rebase-01,underline-r118
0	AFCforPtF-Digital-Certificate-Publication-Report	xlsx	sheets	done-010	done		
1	AMOC-Digital-Certificate-Publication-Report	xlsx	sheets	done-010	done		words-r58
15	Special-Procedures_2025-07-10	xls	sheets	done-010	done		biff-reader-r98,chart-resid-r99,chart-types-r101,cond-format-r96,cond-format-r97,iconset-r103,ods-draw-r82,ods-notes-r92,ods-resid-r80,ods-residue-r95,ods-track-r88,probes,sheet-border-r115,sheets-extra-01,sheets-r23
7	T0A0D0000090006XLSE	xls	sheets	done-011	done		biff-reader-r98,sheets-b-01,sheets-b011-01,sheets-d-01,sheets-r32,sheets-r33,sheets-r34
3	List of EQS securities_0	xls	sheets	done-011	done		numfmt-r68,ods-track-r88,sheets-d-01
1	links-2026	xlsx	sheets	done-011	done		ods-track-r88
9	Application_Compliance_Checklist_5_Apr_2021	xlsx	sheets	done-011	done		L6-sheets,cond-format-r96,dblunder-r123,ods-page-r77,sheet-ink-r94,sheets-c-01,sheets-r31,sheets-r32,sheets-r57
2	Capability_List_9-14-2022_Dallas_Combined-Aircraft_Manuf_unsorted	xlsx	sheets	done-011	done		ods-page-r77,ods-resid-r80
2	aircraft_analysis-2018-06	xlsx	sheets	done-011	done		odf-rowpitch-r72,ods-resid-r80
3	2023-qhp-form-and-rate-combined-checklist-final	xlsx	sheets	done-011	done		odf-rowpitch-r72,sheet-last-r100,sheets-b011-01
8	FY2023-AIP-grants	xlsx	sheets	done-011	done		L6-sheets,ods-resid-r80,ods-track-r88,sheets-clip-band,sheets-r31,sheets-r56,sheets-r57,words-version-screen
1	Application_for_authorisation_as_crowdfunding_service_provider	xlsx	sheets	done-011	done		sheets-rebase-02
11	SIL_TDB605	xls	sheets	done-011	done		biff-reader-r98,clip-seats-r97,ods-page-r77,ods-resid-r80,ods-track-r88,quantise-r120,sheet-pivot-r103,sheet-shapefill-r92,sheets-clip-01,sheets-rebase-02,sheets-vision-02
6	atspp_pay_tables	xlsx	sheets	done-012	done		L6-sheets,ink-hunt-r124,odf-rowpitch-r72,sheet-shapefill-r92,sheets-r37,underline-r118
0	certification-type-certificates-docs-tcdns-databases-MAdB-Rotorcraft-14-28112013	xlsx	sheets	done-012	done		
3	2025_Active_Civil_Airmen_Statistics_FINAL	xlsx	sheets	done-012	done		ods-notes-r92,ods-residue-r95,sheets-d-01
9	SIL_TDB609	xls	sheets	done-012	done		biff-reader-r98,clip-seats-r97,ods-page-r77,ods-resid-r80,probes,quantise-r120,sheet-pivot-r103,sheet-shapefill-r92,sheets-rebase-02
8	CSJU List of Recipients of funds 2013-2020	xlsx	sheets	done-012	done		L6-sheets,ink-hunt-r124,ods-resid-r80,sheet-border-r115,sheet-shapefill-r92,sheets-r23,sheets-r40,sheets-rebase-01
1	NPIAS_2007_App_A	xls	sheets	done-012	done		ods-track-r88
0	Copy of EASA-IFP-WEBLISTNOODATA-ListsofBASAapprovals(WEB)_ListofValidUSBASAorganisations_2023-01-13-04-33-14	xlsx	sheets	done-012	done		
1	MinCh-Digital-Certificate-Publication-Report	xlsx	sheets	done-012	done		words-r58
0	EASA-IFP-WEBLISTNOODATA-ListsofBASAapprovals_WEB__ListofValidBASAorganisations_2025-01-20-08-56-36	xlsx	sheets	done-012	done		
2	npias_2009_appA	xls	sheets	done-012	done		ods-band-r75,sheets-r31
1	fy20-may20-sep20	xlsx	sheets	done-013	done		ods-band-r75
7	ECA Sinters	xls	sheets	done-013	done		L6-sheets,ods-track-r88,sheets-d-01,sheets-r25,sheets-r26,sheets-r27,sheets-r30
5	aircraft_analysis_2016-04-27	xls	sheets	done-013	done		sheets-pagination-01,sheets-r36,sheets-r40,sheets-rebase-01,sheets-rebase-02
2	FY2021-AIP-grants	xlsx	sheets	done-013	done		ink-hunt-r124,ods-resid-r80
5	afn-afn-20250801-fy25-jan25-mar25	xlsx	sheets	done-013	done		ods-resid-r80,sheets-b011-01,sheets-rebase-01,sheets-rebase-02,words-r58
6	fy2011-aip-grants	xls	sheets	done-013	done		gate-01,ods-band-r75,sheets-e-01,sheets-r30,sheets-r33,tooling-01
19	alle einzeln	xlsx	sheets	done-013	done		L6-sheets,gate-r111,gate-r122,gate-r125,gate-r129,mismatch-classify-01,o17-pivot-r97,pivot-fmt-r110,pivot-gen-r107,pivot-res-r108,probes,sheet-ink-r94,sheet-last-r100,sheet-pivot-r103,sheet-rows-r98,sheet-shapefill-r92,sheet-wrap-r99,sheets-r53-totalsrow,sheets-tagged-01
3	18-02RD301_ILS_components_Master_9-13-18	xls	sheets	done-013	done		biff-reader-r98,numfmt-r68,sheets-e-01
4	fy2010-aip-grants	xls	sheets	done-013	done		ods-band-r75,sheets-r26,sheets-r30,sheets-r31
3	capa-liste-nse-1	xls	sheets	done-013	done		numfmt-r68,quantise-r120,sheets-rest-01
3	Aircraft_Database	xlsx	sheets	done-014	done		mismatch-classify-01,sheets-d-01,sheets-overflow-01
16	TICAPCapability_Final	xls	sheets	done-014	done		biff-condfmt-r97,biff-reader-r98,o2-audit-r121,ods-draw-r82,ods-resid-r80,ods-residue-r95,probes,rulescale-r132,sheet-border-r115,sheet-pivot-r103,sheet-shapefill-r90,sheet-shapefill-r92,sheets-clip-band,sheets-r31,slides-ink-r94,slides-r59
16	fm-provider-service-measures	xlsx	sheets	done-014	done		cond-format-r96,gate-r116,ink-hunt-r124,probes,sheet-shapefill-r92,sheet-wrap-r99,sheets-b011-01,sheets-clip-01,sheets-overflow-01,sheets-r31,sheets-r51-bands,sheets-r55,sheets-r56,sheets-r57,underline-r118,words-r58
5	NPIAS_App_A	xls	sheets	done-014	done		sheets-clip-band,sheets-d-01,sheets-r56,sheets-r57,sheets-rebase-02
1	UASEventsNov2014-Aug2015	xls	sheets	done-014	done		numfmt-r68
8	seihon_zassi_kikou_20221215	xlsx	sheets	done-014	done		ods-resid-r80,rulescale-r132,sheets-b011-01,sheets-r33,sheets-r34,sheets-r35,sheets-r36,sheets-rebase-02
3	MajCh-Digital-Certificate-Publication-Report	xlsx	sheets	done-014	done		sheets-r53-totalsrow,sheets-rest-01,words-r58
2	edb-emissions-databank v27-NewFormat (web)	xlsx	sheets	done-014	done		sheets-b011-01,sheets-tagged-01
4	6880ac7361ca1b99a9230811_ST Capability List Rev.16 - Web	xlsx	sheets	done-014	done		sheet-shapefill-r92,sheets-d-01,sheets-r33,underline-r118
12	7-memento-2015-transports-aeriens-b	xls	sheets	done-014	done		L6-sheets,quantise-r120,sheet-last-r100,sheets-overflow-01,sheets-r32,sheets-r33,sheets-r35,sheets-r36,sheets-r37,sheets-r40,sheets-rebase-01,sheets-rebase-02
11	flightstandards-doc-Cross-reference-table_version02	xlsx	sheets	done-015	done		cond-format-r96,ods-residue-r95,sheet-ink-r94,sheet-rows-r98,sheet-wrap-r99,sheets-clip-justify,sheets-r32,sheets-r33,sheets-r34,sheets-r37,sheets-rebase-02
2	PA_Delaware	xls	sheets	done-015	done		odf-rowpitch-r72,ods-band-r75
0	underlying-holdings-emea-en_gb-monthly-holdings-state-street-emu-esg-screened-index-equity-fund	xls	sheets	done-015	done		
5	activespecs	xls	sheets	done-015	done		odf-rowpitch-r72,ods-band-r75,sheet-fill-r84,sheets-rebase-02,sheets-rest-01
5	Global_Market_Forecast_2016-2035_Airbus_Data_Set	xlsx	sheets	done-015	done		odf-rowpitch-r72,ods-band-r75,ods-page-r77,ods-resid-r80,sheets-clip-justify
2	laufende-nip-vorhaben-hyland	xls	sheets	done-015	done		numfmt-r68,sheets-r30
14	tk-syllabus-comparison-document-v5	xlsx	sheets	done-015	done		ink-hunt-r124,ods-band-r75,ods-resid-r80,sheet-ink-r94,sheet-shapefill-r92,sheet-wrap-r99,sheets-b011-01,sheets-overflow-01,sheets-r32,sheets-r33,sheets-r34,sheets-r35,sheets-r51-bands,sheets-r52-condvalue
1	certification-type-certificates-docs-tcdns-databases-MAdB-Light-Prop-14-28112013	xlsx	sheets	done-015	done		ods-draw-r82
5	AIM_OPR_LIST	xls	sheets	done-015	done		biff-reader-r98,probes,quantise-r120,sheet-shapefill-r90,sheets-wrap-01
1	EASA_PRODUCT_LIST_-_ALL	xlsx	sheets	done-015	done		sheets-d-01
15	TK-Syllabus-Comparison-Document-v2	xlsx	sheets	done-016	done		ink-hunt-r124,o2-audit-r121,odf-rowpitch-r72,ods-page-r77,probes,sheet-ink-r94,sheet-shapefill-r92,sheet-wrap-r99,sheets-d-01,sheets-extra-01,sheets-r52-condvalue,sheets-r55,stroke-resid-r117,underline-r118,words-version-screen
6	environment-edb-docs-edb-emissions-databank	xls	sheets	done-016	done		ods-notes-r92,sheets-d-01,sheets-overflow-01,sheets-r31,sheets-r57,sheets-tagged-01
3	RCO_VOR_Master_List_082824	xlsx	sheets	done-016	done		mismatch-classify-01,sheets-overflow-01,sheets-vision-02
3	Laser Report 2024 FOIA __Oct (1)	xlsx	sheets	done-016	done		ods-draw-r82,ods-resid-r80,sheets-pagination-01
8	STC_WebList	xlsx	sheets	done-016	done		ods-band-r75,ods-draw-r82,sheets-c-01,sheets-extra-01,sheets-r53-totalsrow,slides-r55,tooling-01,words-r58
0	EASA-IFP-147Scope_WEB__ALL_Valid147SoA_2024-11-28-11-16-31	xlsx	sheets	done-016	done		
3	FY2018_Q4_UAS_Sightings	xlsx	sheets	extra-001	done		sheets-extra-01,sheets-r40,sheets-rebase-01
27	ans_mappings_of_eccairs_terms	xlsx	sheets	metrics-001	done	unstable	L6-sheets,gate-r111,odf-rowpitch-r72,ods-page-r77,ods-resid-r80,pivot-fmt-r110,probes,sheet-default-r111,sheets-b-01,sheets-c-01,sheets-d-01,sheets-dateaxis-01,sheets-pagination-01,sheets-r27,sheets-r34,sheets-r40,sheets-r53-totalsrow,sheets-r54,sheets-r55,sheets-r57,sheets-r60,sheets-r61,sheets-r62,sheets-rest-01,sheets-tagged-01,words-r58,words-r61
26	orbus_togaf_tool_csq	xls	sheets	missing-001	done		biff-reader-r98,chart-geom-r108,chart-resid-r99,chart-secaxis,chart-slide-r117,chart-smooth-r102,ink-hunt-r124,mismatch-classify-01,ods-page-r77,quantise-r120,sheet-fill-r84,sheet-last-r100,sheet-shapefill-r92,sheets-b011-01,sheets-chart-01,sheets-clip-01,sheets-clip-band,sheets-d-01,sheets-r24,sheets-r27,sheets-r35,sheets-r40,sheets-r56,sheets-r57,sheets-rebase-02,sheets-rest-01
17	sectors-defense-and-aerospace	xlsx	sheets	pagination-001	done		L6-sheets,fonts-r64,mismatch-classify-01,numfmt-r68,ods-resid-r80,orig-gate-r83,pivot-fmt-r110,probes,sheet-default-r111,sheets-b-01,sheets-b011-01,sheets-pagination-01,sheets-r34,sheets-r35,sheets-r36,sheets-rebase-01,sheets-rebase-02
13	grants-2005	xls	sheets	pagination-001	done		L6-sheets,biff-reader-r98,ink-hunt-r124,mismatch-classify-01,sheet-shapefill-r92,sheets-b-01,sheets-d-01,sheets-overflow-01,sheets-pagination-01,sheets-r24,sheets-r40,sheets-rebase-01,sheets-rebase-02
35	SIL_TDB648	xlsx	sheets	pagination-001	done		L6-sheets,gate-r111,gate-r116,gate-r119,ink-pass-r92,odf-rowpitch-r72,ods-band-r75,ods-draw-r82,ods-page-r77,ods-resid-r80,probes,sheet-shapefill-r92,sheets-d-01,sheets-dateaxis-01,sheets-pagination-01,sheets-r32,sheets-r33,sheets-r40,sheets-r51-bands,sheets-r52-condvalue,sheets-r53-totalsrow,sheets-r54,sheets-r55,sheets-r57,sheets-r59,sheets-r60,sheets-r61,sheets-r62,sheets-rebase-01,sheets-rebase-02,sheets-rest-01,sheets-sil-01,sheets-tagged-01,stroke-resid-r117,words-r58
10	CIS_Debian_Linux_8_Benchmark_v1.0.0	xls	sheets	pagination-001	done		L6-sheets,mismatch-classify-01,ods-page-r77,ods-resid-r80,orig-gate-r83,sheets-overflow-01,sheets-pagination-01,sheets-rebase-01,sheets-rest-01,tooling-01
7	ODs-February-2022-Airbus-Commercial-Aircraft	xlsx	sheets	pagination-001	done		gate-01,sheet-last-r100,sheets-e-01,sheets-pagination-01,sheets-r35,sheets-r40,sheets-rebase-02
17	FAA-2019-0995-0002_attachment_2	xlsx	sheets	table-001	done		cond-format-r96,rulescale-r132,sheets-d-01,sheets-r31,sheets-r33,sheets-r40,sheets-r51-bands,sheets-r52-condvalue,sheets-r53-totalsrow,sheets-r54,sheets-r55,sheets-r56,sheets-r57,sheets-r61,sheets-r62,sheets-rebase-01,sheets-rest-01
20	fse_identification_form	xlsx	sheets	unstable-001	open	unstable	orig-gate-r83,sheet-last-r100,sheets-b011-01,sheets-clip-01,sheets-dateaxis-01,sheets-overflow-01,sheets-pagination-01,sheets-r57,sheets-r58,sheets-r59,sheets-r60,sheets-r62,sheets-r63,sheets-rest-01,sheets-tagged-01,sheets-vision-02,sheets-wrap-01,words-b008-01,words-b010-01,xlsx-chart-r84
9	solog_orientation_august_2019	pptx	slides	ceiling-001	open	text	font-class-01,pptx-field-r82,slides-arch-01,slides-b008-01,slides-paint-01,slides-rebase-01,slides-solog-01,slides-sym-01,user-review-slides-02
15	architecture6	ppt	slides	ceiling-001	open	text	chart-slide-r117,ppt-spacing-r115,probes,sheets-dateaxis-01,slide-table-r113,slides-arch-01,slides-b-01,slides-b008-01,slides-c-01,slides-r54,slides-rebase-01,tooling-01,underline-r118,user-review-slides-02,vision-o57
19	Fundamentals_Module_1_basics	ppt	slides	ceiling-001	open	text	chart-axisrot-r91,font-class-01,ppt-autofit-r84,ppt-fit-r85,probes,slides-arch-01,slides-b-01,slides-bullet2-r112,slides-final-r111,slides-paint-01,slides-r103,slides-r108,slides-r52,slides-r55,slides-r97,slides-rebase-01,slides-size2-r110,user-review-slides-02,vision-r68
2	W3_Case_Study_of_a_Tsunami_Warning_Simulation_Exercise_Ed	ppt	slides	ceiling-001	open	text	slides-c-01,user-review-slides-02
9	OnTrac_StarCertificationProgram-3Day	pptx	slides	ceiling-001	open	text	odp-master-r70,odp-running-r71,odp-visual-r80,slides-c-01,slides-r50,slides-r62,slides-rebase-01,slides-verify-01,user-review-slides-02
3	Sylva%20introduction%20session	pptx	slides	ceiling-001	open	text	slides-r51,slides-rebase-01,slides-sym-01
6	7-Zulkefli_Part147n66_IKMAS	pptx	slides	ceiling-001	done		slides-r50,slides-rebase-01,slides-subpath-paint,user-review-slides-02,vision-r68,words-version-screen
1	RRM-training-syllabus-Chapter-3-Teamwork-TC-Towing-Incident-Analysis-Dec-2009	ppt	slides	ceiling-001	open	text	user-review-slides-02
26	Thailand17	ppt	slides	ceiling-001	open	text	gate-01,mismatch-classify-01,orig-gate-r83,probes,sheets-e-01,slide-table-r113,slides-arch-01,slides-b-01,slides-bullet2-r112,slides-c-01,slides-e-01,slides-f-01,slides-final-r111,slides-paint-01,slides-r103,slides-r108,slides-r53,slides-r54,slides-r55,slides-r56,slides-r62,slides-r97,slides-size2-r110,strokes-r113,user-review-slides-02,vision-r112
17	N2_E_Maestroni_Swarm_COP	pptx	slides	ceiling-001	open	ceiling	chart-axisrot-r91,chart-cat-reverse,chart-fit,chart-hyph-r105,chart-layout,chart-secaxis,hyphen-r106,odp-chart-r72,odp-running-r71,slides-e-01,slides-r41,slides-r56,slides-r59,slides-r60,slides-r62,slides-rebase-01,user-review-slides-02
3	WiGr_2021W_1_Angebot-Nachfrage-Elastizität-211017-171222	pptx	slides	ceiling-002	done		sheets-r55,slides-sym-01,user-review-slides-02
23	pres_ioc_phuket	ppt	slides	ceiling-002	open	text	chart-slide-r117,escher-wordart-census,fontwork-reach,ink-pass-r92,o2-audit-r121,ppt-spacing-r115,probes,slide-table-r113,slides-arch-01,slides-b-01,slides-bullet2-r112,slides-ink-r94,slides-paint-01,slides-paint-b-01,slides-r103,slides-r107,slides-r53,slides-r97,slides-r99,slides-rebase-01,slides-verify-01,tooling-01,user-review-slides-02
14	16 - UTM - (NASA)	pptx	slides	ceiling-002	open	text	odp-running-r71,odp-visual-r80,orig-gate-r83,slides-paint-01,slides-r41,slides-r50,slides-r51,slides-r52,slides-r55,slides-r62,slides-rebase-01,slides-sym-01,slides-verify-01,user-review-slides-02
33	Demick_JetBlue	pptx	slides	ceiling-002	open	ceiling	L7-charts,chart-axisrot-r91,chart-cat-reverse,chart-face-fallback,chart-fit,chart-hyph-r105,chart-label-anchor,chart-layout,chart-smooth-r102,hyphen-r106,odp-chart-r72,odp-running-r71,odp-visual-r80,orig-gate-r83,sheets-dateaxis-01,slides-chart-02,slides-e-01,slides-f-01,slides-paint-01,slides-r41,slides-r50,slides-r53,slides-r54,slides-r55,slides-r56,slides-r59,slides-r60,slides-r62,slides-r63,slides-rebase-01,slides-verify-01,stroke-resid-r117,user-review-slides-02
19	8_P-Pavese_AIRBUS-ATB-journee-CRATB	pptx	slides	ceiling-002	open	text	chart-hyph-r105,chart-label-anchor,chart-slide-r117,fidelity-b-01,odp-chart-r72,odp-running-r71,odp-visual-r80,probes,sheets-dateaxis-01,slides-b008-01,slides-chart-02,slides-f-01,slides-paint-01,slides-r59,slides-r60,slides-r63,slides-sym-01,user-review-slides-02,words-r53
12	southern-classic-kennesaw-state-university-final	pptx	slides	chart-001	open	chart	chart-cat-reverse,chart-hyph-r105,chart-label-anchor,chart-layout,chart-secaxis,sheets-dateaxis-01,slides-chart-02,slides-r59,slides-r60,slides-r62,slides-rebase-01,user-review-slides-02
0	fishbone-diagram-template-ppt-1	pptx	slides	done-001	done		
0	Trust Fund Excise Taxes Structure	pptx	slides	done-001	done		
0	Definitions commodity chains	pptx	slides	done-001	done		
0	BMFE-06-03 (Gerflor) Smoke Density and Toxicity	pptx	slides	done-001	done		
1	wells08_basic	ppt	slides	done-001	done		slides-r62
4	Statement of Work presentation	pptx	slides	done-001	done		odp-chart-r72,odp-visual-r80,orig-gate-r83,slides-r50
4	WC_Update-Aug03	ppt	slides	done-001	done		ppt-autofit-r84,slides-arch-01,slides-r52,slides-r53
0	111006 COMSTAC STOWG Aero spaceports IFG	pptx	slides	done-001	done		
0	policy-pesentation	ppt	slides	done-001	done		
0	iaeg_work_group_leader_updates	pptx	slides	done-001	done		
1	Curriculum-Schematic-E22-11052025	pptx	slides	done-002	done		words-r58
0	ws_prod-g-doc-Events-2007-may-presentation-PtF-background-+-principles	ppt	slides	done-002	done		
1	diapo_6_fees_vous_etes_poctdoct_exterieur_a_luniv_v2_0_1	pptx	slides	done-002	done		slides-solog-01
1	ws_prod-g-doc-Events-2007-Approval-of-Flight-Conditions-RM-NAA-16032007	ppt	slides	done-002	done		slides-r55
9	gfopportunitiesforlinkagespres_2010_en	ppt	slides	done-002	done		ppt-autofit-r84,slides-arch-01,slides-final-r111,slides-r103,slides-r108,slides-r52,slides-r53,slides-r54,slides-size2-r110
0	ws_prod-g-doc-Events-2007-november-IACA-presentation-at-EASA-Fuel-Tank-Safety-Training-Seminar	ppt	slides	done-002	done		
2	medicines_bulletin_february_2023_final	pptx	slides	done-002	done		odp-embed-r79,odp-visual-r80
6	ws_prod-g-doc-Events-Part-M-presentation	ppt	slides	done-002	done		probes,slides-bullet2-r112,slides-final-r111,slides-r108,slides-r53,slides-size2-r110
0	080214-Intl-pol-frameworks-and-their-implications-for-Africa-ISS-workshop	ppt	slides	done-002	done		
2	dhs-293364	pptx	slides	done-002	done		slides-r52,slides-r56
2	ev122_jj-liew-tort-of-bribery-webinar	pptx	slides	done-003	done		odp-master-r70,slides-r52
0	97936	pptx	slides	done-003	done		
1	02_REDAC_New ATM briefing _March 2017v2	pptx	slides	done-003	done		slides-r51
12	outlook_of_nigerian_pension_sector	ppt	slides	done-003	done		ink-hunt-r124,pptgeom-r127,probes,slide-table-r113,slides-b-01,slides-bullet2-r112,slides-c-01,slides-ink-r94,slides-r55,slides-r56,words-r58,words-r59
0	ws_prod-g-doc-Events-2007-september-MDM.032-(ENGLISH)-CZ	ppt	slides	done-003	done		
3	Inducement-to-Insurance-Business	ppt	slides	done-003	done		probes,slides-r100,slides-r99
14	010605Vul	ppt	slides	done-003	done		ppt-spacing-r115,slides-arch-01,slides-bullet2-r112,slides-r39,slides-r52,slides-r53,slides-r54,slides-r56,slides-r59,slides-r60,slides-r62,slides-r63,user-review-slides-02,words-r59
2	NCW-2024-Guide-	pptx	slides	done-003	done		pptx-field-r82,rulescale-r132
0	ws_prod-g-doc-Events-2007-Privileges	ppt	slides	done-003	done		
3	ws_prod-g-doc-Events-2007-september-M.017-(French)-France	ppt	slides	done-003	done		odp-master-r70,slides-final-r111,words-r58
0	DOE Interactive Exercise Presentation draft rev 2	pptx	slides	done-004	done		
0	Session 21- The option to expand & abandon	pptx	slides	done-004	done		
13	undp_presentation_revised_17_may	ppt	slides	done-004	done		L5-slides,chart-3d-r110,chart-geom-r108,chart-smooth-r102,gate-01,probes,slide-table-r113,slides-arch-01,slides-bullet2-r112,slides-r39,slides-r53,slides-r54,slides-r97
0	Item 6b - UNSD - Dissemination through APIs	pptx	slides	done-004	done		
0	redac-fullComm-201705-EE-FRs-briefing	pptx	slides	done-004	done		
3	ghgp-supply-chain-initiative_20100323_wri	pptx	slides	done-004	done		slides-missing-01,slides-subpath-paint,words-r53
3	ws_prod-g-doc-Events-industrymeeting18112004-European-Safety-Strategy-Initiative	ppt	slides	done-004	done		pptgeom-r127,slides-r97,user-review-slides-02
3	Liturgical-Commission-2025-Convention-Presentation	pptx	slides	done-004	done		odp-embed-r79,slides-missing-01,words-r59
2	attendance-updates-for-governors	pptx	slides	done-004	done		slides-r54,slides-r55
5	0335fab9-79f0-4944-b92c-f223837ca2d8	ppt	slides	done-004	done		odp-embed-r79,odp-visual-r80,slides-r103,slides-r53,slides-r97
0	c_291533	pptx	slides	done-005	done		
2	5b_upasana_dasgupta_-_liability_and_registration	pptx	slides	done-005	done		slides-missing-01,vision-r68
0	ANG C-1 ATC-TO Core Program - HF REDAC briefing September 7 2016	pptx	slides	done-005	done		
1	ws_prod-g-doc-Events-industrymeeting18112004-Aercap	ppt	slides	done-005	done		slides-r55
5	manufacturing_process_simulation_working_group_overview_2023	pptx	slides	done-005	done		odp-embed-r79,odp-running-r71,slides-missing-01,user-review-slides-02,vision-r68
4	NAS-Infrastructure-Roadmaps-Weather	pptx	slides	done-005	done		ink-pass-r92,probes,slides-ink-r94,slides-r51
4	berlin	ppt	slides	done-005	done		slides-b-01,slides-r52,slides-r54,slides-r62
8	ITE106-Chapter 4	ppt	slides	done-005	done		slides-paint-01,slides-r50,slides-r51,slides-r52,slides-r53,slides-r54,slides-r63,user-review-slides-02
3	pods05	ppt	slides	done-005	done		slides-r107,slides-r52,slides-r54
1	NAS-Infrastructure-Roadmaps-HSI	pptx	slides	done-005	done		slides-r51
1	wopanets-innovationdays-06-16	pptx	slides	done-006	done		slides-subpath-paint
2	social-media-app-bulletin-january	pptx	slides	done-006	done		slides-r50,slides-r51
3	ws_prod-g-doc-Events-r-6.-ESM	ppt	slides	done-006	done		slides-r52,slides-r53,slides-r99
1	Course Selection 2025-26 Current Grade 09	pptx	slides	done-006	done		odp-chart-r72
4	Stakeholders-v08052017 - v5	pptx	slides	done-006	done		slides-paint-01,slides-r50,slides-sym-01,user-review-slides-02
9	Lepore	ppt	slides	done-006	done		L5-slides,renderer-parity-sweep-01,slides-b-01,slides-c-01,slides-r52,slides-r53,slides-r54,slides-r62,slides-r63
1	iris07.12.12	pptx	slides	done-006	done		slides-r50
0	nabiyeleul_1_aviation_service_28_july_2020	pptx	slides	done-006	done		
1	REDAC HF briefing Sep 2016_LARD_ATC_TO_FE_v2	pptx	slides	done-006	done		slides-r51
1	Ensemble-pour-l-amelioration-de-la-securite-de-lac-AIRBUS	pptx	slides	done-006	done		slides-r56
12	introduction_to_bea_tuxedo	ppt	slides	done-007	done		font-class-01,gate-01,odp-master-r70,odp-running-r71,probes,rulescale-r132,slides-b-01,slides-missing-01,slides-r103,slides-r55,slides-r56,vision-r68
2	PAL Block Intro 2023	pptx	slides	done-007	done		slides-c-01,slides-sym-01
3	flying-by-numbers-presentation	pptx	slides	done-007	done		slides-chart-02,slides-r59,slides-r60
0	Boeing 737 Max - Group 5	pptx	slides	done-007	done		
11	bitesize-writing-a-report	pptx	slides	done-007	done		chart-inner-r110,gate-r111,probes,sheets-r52-condvalue,sheets-r59,sheets-r61,slides-chart-02,slides-r51,slides-r60,slides-subpath-paint,stroke-resid-r117
9	1-secretariat	ppt	slides	done-007	done		gate-01,slides-arch-01,slides-paint-01,slides-paint-b-01,slides-r103,slides-rebase-01,tooling-01,user-review-slides-02,words-r59
0	10. Drawings, circuit diagrams and schematics	pptx	slides	done-007	done		
3	BHCA Part II webinar #2 - 10.2020	pptx	slides	done-007	done		pptx-field-r82,slides-r52,vision-r68
4	joint_user_outcomes_michael_fullerton_29.06.12	ppt	slides	done-007	done		ppt-autofit-r84,slide-table-r113,slides-r103,slides-r52
3	71393_pp7	ppt	slides	done-007	done		chart-types-r101,slides-paint-01,slides-r52
0	FIT26-Presentation-Airservices-Update	pptx	slides	done-008	done		
8	RESPA_-_Section_8_Webinar	ppt	slides	done-008	done		L5-slides,ppt-autofit-r84,slides-r100,slides-r103,slides-r54,slides-r62,slides-r97,slides-r99
3	AATF-Fact-Sheet-2025	pptx	slides	done-008	done		L5-slides,L8-drawing,slides-r53
3	Framing Europe	ppt	slides	done-008	done		slides-r52,tooling-01,user-review-slides-02
0	concepts-surrounding-cloud-computing-carolyn-kranz-and-rich-prem-gb-seattle-2011	ppt	slides	done-008	done		
6	8.16_AOD_FINAL_Provider_Training_Presentation_9_2009	ppt	slides	done-008	done		escher-wordart-census,fontwork-reach,slides-b-01,slides-ink-r94,slides-r97,slides-r99
1	item_3-environmental_process_briefing	pptx	slides	done-008	done		sheets-r37
8	EG1_dsrc tech	ppt	slides	done-008	done		slides-arch-01,slides-b-01,slides-bullet2-r112,slides-ink-r94,slides-paint-01,slides-r108,slides-r52,slides-r53
2	G-InvoicingKeithJarboe	pptx	slides	done-008	done		L5-slides,slides-b-01
1	ROK-PI Climate Bulletin - Edition 2017-06	pptx	slides	done-008	done		slides-solog-01
4	redac-sas-201403-ppt-portfolio-rev-sim	pptx	slides	done-009	done		slides-extra-01,slides-r41,slides-r51,words-fontwork
6	Employment-Based_I-485	ppt	slides	done-009	done		L5-slides,slides-c-01,slides-paint-01,slides-r52,slides-r54,slides-r55
5	Airport Planning 09112013	ppt	slides	done-009	done		slides-arch-01,slides-b-01,slides-paint-01,slides-r53,slides-r59
0	airbus-powerpoint-presentation-2019-20-without-video_diy_2019-20	pptx	slides	done-009	done		
1	30-04-2021 merged NDoH and NICD_Presentation HBV BD meeting 05May2021_1	pptx	slides	done-009	done		sheets-r37
0	FIT26-Presentation-PR-Briefing-Debrief-Airbus	pptx	slides	done-009	done		
0	HENTZEN_COMPOSITE_MATERIALS_IN_THE_AEROSPACE_INDUSTRY	pptx	slides	done-009	done		
0	[Christophe]NLP_reseau_inge_stat	pptx	slides	done-009	done		
1	COMSTAC_11_5_2021am_2	pptx	slides	done-009	done		slides-r53
7	iep-amount-frequency-for-webinar	ppt	slides	done-009	done		L5-slides,ppt-autofit-r84,slide-table-r113,slides-paint-01,slides-r103,slides-r53,user-review-slides-02
3	Tax factsheet 2022 (1)	pptx	slides	done-010	done		fonts-r64,odp-embed-r79,vision-r68
6	section_1_our_rights_presentation	pptx	slides	done-010	done		fidelity-b-01,pptx-field-r82,slides-b-01,slides-r54,slides-r55,words-r58
0	Copy of Full deck with references Promotion of Outside Interests at Work final(1)	pptx	slides	done-010	done		
1	John_Broggio__RSS_Campion_event_John_Broggio	pptx	slides	done-010	done		words-r53
2	REDAC Briefing_SSIT_CARA_08132014.ppt	pptx	slides	done-010	done		slides-b-01,slides-solog-01
0	DoIRD Meeting 16JAN14 v1-1	pptx	slides	done-010	done		
5	BUS-Chapter 05	ppt	slides	done-010	done		L5-slides,ppt-autofit-r84,slides-b-01,slides-r52,slides-r54
2	BasicMed_AME_Presentation	pptx	slides	done-010	done		slides-paint-01,slides-r51
3	Sector_Skills_Insights_Advanced_Manufacturing_summary_slide_pack	pptx	slides	done-010	done		slides-e-01,slides-f-01,slides-missing-01
2	passiv	pptx	slides	done-010	done		slides-solog-01,slides-sym-01
24	171128IPAP	pptx	slides	done-011	done		chart-fit,chart-label-anchor,chart-resid-r75,chart-smooth-r102,chart-wrap-r111,gate-01,ink-hunt-r124,ods-track-r88,sheets-dateaxis-01,sheets-r58,slides-chart-02,slides-e-01,slides-f-01,slides-ink-r94,slides-r50,slides-r51,slides-r53,slides-r55,slides-r56,slides-r59,slides-r60,slides-r62,slides-r63,words-r52
6	3495	pptx	slides	done-011	done		chart-hyph-r105,chart-inner-r110,probes,sheets-r59,sheets-r61,slides-r60
0	order-of-worship-ppt-revised-2018	pptx	slides	done-011	done		
13	NAS-Infrastructure-Roadmaps-v16.0	pptx	slides	done-011	done		L5-slides,L8-drawing,fidelity-b-01,ink-hunt-r124,rulescale-r132,slides-b-01,slides-r50,slides-r51,slides-r53,slides-r54,slides-r55,slides-rebase-01,tooling-01
2	Session-1-Presentation-Reporting-Forms-Form-12-final	pptx	slides	done-011	done		odp-embed-r79,slides-metrics-01
1	_1___Opatrny_Ales_United_Kingdom_business_opportunities_final	pptx	slides	done-011	done		slides-sym-01
0	23-session-2-pptx	pptx	slides	done-011	done		
6	1_Country-Updates_DRC_English	pptx	slides	done-011	done		slides-chart-02,slides-f-01,slides-r59,slides-r60,slides-r63,words-r53
1	B2B-Center-Readiness-and-Student-Retention	pptx	slides	done-011	done		words-r53
5	3492	pptx	slides	done-011	done		slides-b-01,slides-ink-r94,slides-r39,slides-r59,slides-r63
2	vv_summit_SAIC-PRESENTATION_FAA-V&V-Summit_508c	pptx	slides	done-012	done		slides-b-01,slides-r51
2	vvsummit2022-SAIC-PRESENTATION	pptx	slides	done-012	done		slides-b-01,slides-r51
1	SRDMG(16)024_60 GHz onboard airplanes	pptx	slides	done-012	done		odp-master-r70
1	REDAC briefing March12-13-2014jemvbFINAL.ppt	pptx	slides	done-012	done		slides-r51
1	County ACHS Presentaion Webinar 8-16-16 Peg	pptx	slides	done-012	done		slides-r51
4	gillikin_online_user_mtg_2010	ppt	slides	done-012	done		ppt-autofit-r84,slides-r103,slides-r108,slides-r97
6	JesuitAssocOfStudentPersonnel	ppt	slides	done-012	done		ppt-autofit-r84,slides-arch-01,slides-b-01,slides-r108,slides-r99,slides-size2-r110
6	Intersil_Italy_CAN_Bus_Transceiver_Presentation_Final	pptx	slides	done-012	done		chart-label-anchor,fidelity-b-01,overflow-r69,slides-r59,slides-r63,words-r53
0	429_BLISc 2019 IInd Sem.  PAPER-7 UNIT 3	pptx	slides	done-012	done		
6	Sean Monogue	pptx	slides	done-012	done		chart-axisrot-r91,odp-embed-r79,odp-vision-r78,odp-visual-r80,slides-r55,words-r59
1	ws_prod-g-doc-Events-2008-February-5-NATO-activities	ppt	slides	done-013	done		slides-r103
5	2014BSA_Sunday_Killion	pptx	slides	done-013	done		slides-r52,slides-r55,slides-r56,tooling-01,user-review-slides-02
7	Structural Testing	pptx	slides	done-013	done		sheets-r55,slides-r52,slides-r54,slides-r55,slides-r56,slides-rebase-01,slides-sym-01
3	chapter_4_0	pptx	slides	done-013	done		odp-master-r70,odp-running-r71,slides-r52
3	hofman	ppt	slides	done-013	done		ppt-spacing-r115,slides-r52,slides-r56
3	PRM_training	pptx	slides	done-013	done		font-class-01,slides-r50,slides-r55
24	2015-Civil-Rights-Website-training	ppt	slides	done-013	done		fonts-r64,ppt-autofit-r84,ppt-fit-r85,probes,slide-table-r113,slides-bullet2-r112,slides-final-r111,slides-paint-01,slides-r100,slides-r108,slides-r50,slides-r51,slides-r52,slides-r53,slides-r54,slides-r55,slides-r56,slides-r59,slides-r60,slides-r62,slides-r63,slides-r97,slides-r99,slides-size2-r110
10	FAA_Form_337	ppt	slides	done-013	done		L5-slides,ink-pass-r92,o2-audit-r121,ppt-spacing-r115,pptgeom-r127,slides-ink-r94,slides-r52,slides-r53,slides-r54,slides-r99
2	redac-sas-201703-hf-research-division	pptx	slides	done-013	done		slides-b-01,slides-rebase-01
1	schematicplaymar21	pptx	slides	done-013	done		odp-chart-r72
3	schematicplay	pptx	slides	done-014	done		odp-chart-r72,odp-running-r71,pptx-field-r82
1	Aerospace_Journey_of_Flight_Chapter_BCB1637572DA6	ppt	slides	done-014	done		user-review-slides-02
4	redac-sas-201509-asisp-research	pptx	slides	done-014	done		odp-embed-r79,odp-running-r71,odp-visual-r80,slides-sym-01
2	Snowbirds_High_Show	pptx	slides	done-014	done		slides-r55,slides-sym-01
4	Reporting_responsibilities_matrix	pptx	slides	done-014	done		fidelity-b-01,ink-hunt-r124,slides-r62,slides-r63
1	vvsummit2022-Research-Roadmap-and-the-UML-3-Operational-Integration-Assessment	pptx	slides	done-014	done		slides-b-01
1	Presentation - Identify Components of the Airport (1)	pptx	slides	done-014	done		slides-b-01
3	Technical_Report_Elements[1]	pptx	slides	done-014	done		slides-paint-01,slides-r51,vision-r68
2	servicedesk-plus-overviewfinal	pptx	slides	done-014	done		odp-embed-r79,slides-metrics-01
4	redac-nasops-201503-RIRP-portfolio-update	pptx	slides	done-014	done		slides-paint-01,slides-r51,slides-r53,slides-sym-01
27	Architecture	ppt	slides	done-015	done		L1-text-metrics,font-class-01,frame-area-r85,ink-hunt-r124,odt-frame-r75,odt-page-r87,odt-split-r82,ppt-autofit-r84,probes,rtf-heading-r98,sheet-ink-r94,sheets-clip-01,sheets-r58,slides-arch-01,slides-b-01,slides-c-01,slides-extra-01,slides-r52,words-b010-01,words-floating-table,words-fontwork,words-justify-shrink,words-r54,words-r55,words-r58,words-vml-fontwork,wordsdec-r126
8	RPA P4 - Advanced Material	pptx	slides	done-015	done		chart-resid-r75,o2-audit-r121,probes,sheets-r55,slides-chart-02,slides-r56,slides-r59,slides-r63
4	Wildlife for REDAC September 11	pptx	slides	done-015	done		slides-b-01,slides-r39,slides-r53,slides-r59
1	1200-Assigning-Club-officers	pptx	slides	done-015	done		slides-r52
10	FAAAIandtheArtandScienceofV&Vfinal	pptx	slides	extra-001	done		odf-fontwork,slides-e-01,slides-extra-01,slides-f-01,slides-r51,slides-r59,slides-r60,slides-r63,user-review-slides-02,words-fontwork
9	Ramp Up Campaign - French	pptx	slides	metrics-001	done		L5-slides,L8-drawing,odp-embed-r79,odp-running-r71,odp-vision-r78,slides-metrics-01,slides-r51,slides-rebase-01,user-review-slides-02
5	NWD-GLA-Community-Outreach-Day-Oct-2025	pptx	slides	missing-001	done		odp-running-r71,slides-ink-r94,slides-missing-01,slides-rebase-01,user-review-slides-02
4	AW-104D-RVSM-Aircraft-Approval-Checklist.pdf	docx	words	ceiling-001	open	ceiling	odt-frame-r75,words-floating-table,words-r51-flies,words-r55
0	CMTA_Airport_Transportation	docx	words	done-001	done		
2	Pre-Application_Letter_of_Intent_Example	docx	words	done-001	done		words-continuous-header-r70,words-continuous-r72
0	FAA-2013-0422-0009_attachment_1	doc	words	done-001	done		
1	GLACIERBG.ETT	doc	words	done-001	done		words-rebase-02
0	Service-Bulletin-SDFNR5-April-25-2023-FNR-TRANSMISSION-LUBRICATION	docx	words	done-001	done		
0	advert-for-draft-decision-airbus-epr-bm3965ia-v006	doc	words	done-001	done		
1	LENTOBUSSIAIKATAULU.-31.10.-31.12.2022	doc	words	done-001	done		ww8toc-r130
1	private-hire-operators-licensed	docx	words	done-001	done		wordstable-r131
0	Sample_PAO-PSO_91-113_Letter	docx	words	done-001	done		
1	foca_form_1	doc	words	done-001	done		words-r58
0	lk03_17	docx	words	done-002	done		
1	FMRBullletinB-28	doc	words	done-002	done		fonts-r64
0	Bull01-06-Reserve Training Standards	doc	words	done-002	done		
3	easa-form-1	docx	words	done-002	done		words-continuous-header-r70,words-continuous-r72,words-r61
1	AUWG min 4-3-24 final	docx	words	done-002	done		words-justify-shrink
1	CSCRS_Technical-Report-Documentation-Page-with-instructions	docx	words	done-002	done		rtf-style-r97
0	Interview-mit-Manfred1-Müller	docx	words	done-002	done		
2	prison-population-bulletin-june	doc	words	done-002	done		rtf-shape-r73,words-continuous-r72
1	FAA-High-Level-Org-Chart	docx	words	done-002	done		words-rebase-02
0	s33song-beverlyactproductionofdocuments	docx	words	done-002	done		
2	10795	doc	words	done-003	done		L1-text-metrics,fonts-r64
0	Temp16	doc	words	done-003	done		
7	mde087077~283	docx	words	done-003	done		L1-text-metrics,odt-startx-r88,words-clip-rowsplit,words-continuous-header-r70,words-continuous-r72,words-regress-01,words-version-screen
0	DRX-Ascend System Course Description	docx	words	done-003	done		
0	191216_Lesefassung_Nachtflugregelung	docx	words	done-003	done		
4	Technical_Issue_Report_Form	docx	words	done-003	done		rtf-bookmark-r88,words-border-style,words-r53,words-version-screen
2	II.1.2_Hypoxia	doc	words	done-003	done		rtf-shape-r73,words-continuous-r72
2	2015-April-SWIM_Users_Forum-Q&A	docx	words	done-003	done		trailing-nbsp-wrap,words-version-screen
0	96-3-clement-data	doc	words	done-003	done		
2	DEP2008-1900	doc	words	done-003	done		L4-doc-legacy,rtf-page-r77
2	07-04	doc	words	done-004	done		L4-doc-legacy,words-border-style
2	1528039320	docx	words	done-004	done		words-cell-anchor,words-version-screen
1	License App Instructions 2-22	docx	words	done-004	done		dblunder-r123
0	Software Architecture Document Template	docx	words	done-004	done		
0	How-to-Write-an-Architecture-Document-for-a-Technology-Service	docx	words	done-004	done		
1	2ca950374241722b8ea7c132dfce63ae	doc	words	done-004	done		wordstable-r131
3	PAT-047 - Architecture and Detailed Design Assessment	docx	words	done-004	done		odt-frame-r75,rtf-heading-r98,words-b010-01
0	opic 5--Case Studies Movie and Aviation Industries	doc	words	done-004	done		
2	461249	docx	words	done-004	done		odt-frame-r75,words-floating-table
6	RobertQ_Service	doc	words	done-004	done		dblunder-r123,ink-hunt-r124,probes,renderer-parity-sweep-01,words-aschar-band,wordsdec-r126
0	healthcare-reform-nsa-consumer-bulletin	docx	words	done-005	done		
0	316r_a_f	doc	words	done-005	done		
1	2024-12_Comlux_opens_Maintenance_and_Service_Center_in_Dubai	docx	words	done-005	done		words-r56
0	316r_a_e	doc	words	done-005	done		
0	Theft-Restitution-Letter-Vancouver-ASC-2005	doc	words	done-005	done		
5	part-147_approval list_20230119	docx	words	done-005	done		odt-frame-r75,odt-split-r82,words-page-anchored-table,words-r62,words-r63
1	Technical Report and Technical Update Guidelines	docx	words	done-005	done		slides-r59
0	BID_ACKNOWLEDGEMENT_FORM_FOR_A320	docx	words	done-005	done		
0	loi_format_letter_of_intent-a-320-214-a330	doc	words	done-005	done		
3	f445896eb008d14c1746fc37d412dc22	docx	words	done-005	done		trailing-nbsp-wrap,words-character-scale,words-rebase-02
2	SDL_FSDO_Part91_LOA_Checklist	docx	words	done-006	done		words-r54,words-r55
1	healthcare-reform-nsa-provider-bulletin	docx	words	done-006	done		L1-text-metrics
2	LHD-230-application-for-the-approval-of-an-aircraftr	doc	words	done-006	done		words-r58,wordstable-r131
4	003	doc	words	done-006	done		words-d-01,words-pages-01,words-rebase-02,ww8toc-r130
4	P200904290238_0238_51880	doc	words	done-006	done		probes,words-pages-01,words-r58,wordstable-r131
2	technical-memo-format	docx	words	done-006	done		words-r54,words-r58
0	cacs-206-1751218225	docx	words	done-006	done		
0	62599_FRANCE-BRAZIL- Air France Flight 447 crash	docx	words	done-006	done		
0	1244277 1 Comment	doc	words	done-006	done		
0	Wales_Office_Quarter_4_Ministerial_Transparency_Return	doc	words	done-006	done		
1	RNW167A-150428	doc	words	done-007	done		words-version-screen
1	congregationalhistories_ky_2023	doc	words	done-007	done		words-r55
0	template-technical-report	docx	words	done-007	done		
3	technical-report-template	docx	words	done-007	done		rtf-heading-r98,words-r44,words-r51-flies
1	final-technical-report-template	docx	words	done-007	done		rtf-heading-r98
0	johnson_hall_service_log.pdf	docx	words	done-007	done		
2	chapter 12	doc	words	done-007	done		fonts-r64,words-aschar-band
7	Press release_EUREKA labels ITEA 3 Cluster	docx	words	done-007	done		words-close-r95,words-continuous-header-r70,words-continuous-r72,words-firstpage-r70,words-pagination-01,words-r51-flies,ww8toc-r130
1	0c662f5c948a7d81d32ffd833c5cc59421a5f522	docx	words	done-007	done		odt-frame-r75
12	09	docx	words	done-007	done		L1-text-metrics,escher-wordart-census,font-class-01,fontwork-reach,ppt-spacing-r115,quantise-r120,sheet-shapefill-r92,sheets-rebase-02,slides-b-01,slides-ink-r94,slides-r97,slides-rebase-01
1	FAA-2017-0628-0002_attachment_1	docx	words	done-008	done		words-b008-01
1	2024-2nd-quarter-case-summaries	doc	words	done-008	done		words-r56
0	PUR-0012-UTAS-GRAMS-SPA-Template-1-25-2024	doc	words	done-008	done		
1	UAS-SGI_waiver_approval_request_form	docx	words	done-008	done		words-ink-r67
0	1245685 1 Comment	doc	words	done-008	done		
0	ECSS-E-ST-50-16C-Annex-A(30September2021)	docx	words	done-008	done		
2	4400-91_Proposal_To_Lease_Space_10-2024	docx	words	done-008	done		words-justify-shrink,words-version-screen
0	draft-variation-notice-airbus-bm3965ia-v006-vs-comments	docx	words	done-008	done		
2	FlightLaws	doc	words	done-008	done		L4-doc-legacy,words-border-style
1	Lessons-Learned-Bulletin-Dorset-version-to-IIRG-V5	docx	words	done-008	done		words-r54
1	Contract_Check_Pilot_Sample_LOA	docx	words	done-009	done		words-r58
13	Case-Study-Heathrow-Airport	docx	words	done-009	done		L3-docx-reader,frame-area-r85,odf-rowpitch-r72,odt-frame-r75,odt-page-r87,odt-resid-r77,odt-split-r82,probes,words-close-r95,words-ink-r67,words-page-anchored-table,words-seat-r94,words-version-screen
1	2013-op12-Annex III - Curriculum Vitae	doc	words	done-009	done		fonts-r64
1	SWDD-template	docx	words	done-009	done		words-character-scale
0	certification-flight-standards-doc-oeb-supporting-documents-tgl-TGL26-section-5-REV10	doc	words	done-009	done		
1	A380MaenPressRel	doc	words	done-009	done		fonts-r64
2	form_1123_application_form_rvsm_spa	docx	words	done-009	done		L3-docx-reader,words-r55
1	237287_0486190101_0486190101_geolink2neu	doc	words	done-009	done		odf-rowpitch-r72
2	CP-ETSO template_v2020	doc	words	done-009	done		words-apo-table,ww8toc-r130
2	technical report template	docx	words	done-009	done		words-r54,words-r55
2	te.iors.00048-002 SUP Questionnaire	docx	words	done-010	done		slides-r60,words-r63
9	195584360	docx	words	done-010	done		L3-docx-reader,font-class-01,ink-hunt-r124,rtf-resid-r80,trailing-nbsp-wrap,words-border-style,words-continuous-header-r70,words-continuous-r72,wordstable-r131
4	361400CSLegislation1RF01PUBLIC1	doc	words	done-010	done		probes,rtf-page-r77,wordsdec-r126,ww8toc-r130
5	5709.16 ch.40_mgfinal	docx	words	done-010	done		ink-hunt-r124,words-b010-01,words-d-01,words-floating-table,words-r51-flies
0	PM-apeech-Handover-of-New-Airbus-Aircraft-for-Fiji-Airways-Dec.-15th	docx	words	done-010	done		
2	Writing a technical report (SCE subject guide)	docx	words	done-010	done		words-r54,words-r55
0	Checklist for TC STC ETSO data packages to FAA_TIP rev 5	docx	words	done-010	done		
5	f111	doc	words	done-010	done		L4-doc-legacy,fonts-r64,words-r58,words-r59,ww8toc-r130
0	FG-AI4NDM-TR-skeleton_template	docx	words	done-010	done		
3	1528364855	doc	words	done-010	done		L4-doc-legacy,words-r58,words-version-screen
2	f2_registro_de_aprovacao_com_pbcs_EN	docx	words	done-011	done		slides-missing-01,words-r55
4	135	doc	words	done-011	done		escher-wordart-census,fontwork-reach,wordstable-r131,ww8toc-r130
1	tibs_guidelines_2	docx	words	done-011	done		chart-fit-r97
1	part-145-approval list 2025	docx	words	done-011	done		words-r54
4	part-145-approval list (1)	docx	words	done-011	done		ink-hunt-r124,words-ink-r67,words-r44,words-r54
1	eTAR_External_Web_tool_Tip_Sheet_mh	docx	words	done-011	done		ink-hunt-r124
3	b053-19	docx	words	done-011	done		L1-text-metrics,words-continuous-header-r70,words-continuous-r72
8	AAC-AD-No-2021-01-Boeing-737-8-and-737-9-MAX	doc	words	done-011	done		fonts-r64,rtf-page-r77,rtf-resid-r80,words-apo-table,words-aschar-band,words-f-01,words-r59,wordstable-r131
4	Company-profile-2022-EN	docx	words	done-011	done		L1-text-metrics,words-justify-shrink,words-r54,words-r55
0	monthly-content-feeder	docx	words	done-011	done		
1	19-06 Assistive Technology TAB Final - 508	docx	words	done-012	done		rtf-style-r97
3	AirbusCallouts	doc	words	done-012	done		words-ink-r67,words-r58,words-r59
8	technical-architecture	docx	words	done-012	done		frame-area-r85,ink-hunt-r124,probes,slides-extra-01,words-fontwork,words-r58,words-vml-fontwork,wordsdec-r126
5	slcc-architecture-uu-architecture	docx	words	done-012	done		odt-frame-r75,odt-page-r87,odt-split-r82,words-floating-table,words-justify-shrink
3	RMI_Document_Repository_Public-Reprts_GettingOffOil	doc	words	done-012	done		crop-wiring-01,wordsgroup-r128,ww8toc-r130
0	Leadership Information Article	docx	words	done-012	done		
2	20110608_psp	docx	words	done-012	done		rtf-gate-r71,words-d-01
3	b050-19	docx	words	done-012	done		odt-startx-r88,words-continuous-header-r70,words-continuous-r72
11	bulletin	docx	words	done-012	done		L1-text-metrics,L4-doc-legacy,crop-wiring-01,probes,rtf-heading-r98,rtf-style-r97,slides-r56,slides-r59,words-aschar-band,words-border-style,words-r58
1	FO.FCTOA_.000129 Application for activities related to FSTD	docx	words	done-012	done		L3-docx-reader
0	Sol PJ14-03-04 Solution Contextual	docx	words	done-013	done		
2	easa-regulations-update-20	docx	words	done-013	done		slides-r59,words-r61
2	1257259179492_2007_TPPT_102_Supporting_Doc_2-434003080	doc	words	done-013	done		fonts-r64,words-r58
2	Form-SM-76A-_-CAR-OPS-2A-Instruments-and-Equipment-Compliance-Statement-_-11	docx	words	done-013	done		words-border-style,words-version-screen
3	SPA-11_mcar_part-11_v2.9	docx	words	done-013	done		rtf-resid-r80,words-ink-r67,wordsgroup-r128
2	1228841571067_2009_TPPT_13__2007_TPPT_102__R-108535759	doc	words	done-013	done		words-continuous-r72,words-r58
3	omrIMInterpretiveGuideLine	doc	words	done-013	done		mismatch-classify-01,words-apo-capture-r70,words-r44
2	Reid	doc	words	done-013	done		words-r45,ww8toc-r130
4	gpp-pr-top-7-office-markets-4q-2023	docx	words	done-013	done		words-inline-effectextent,words-r45,words-r46,words-r53
6	hdss-bulletin-issue-285-25-june-2025	docx	words	done-013	done		L3-docx-reader,rtf-heading-r98,words-continuous-header-r70,words-continuous-r72,words-ink-r67,wordsgroup-r128
12	644730BRI0mna000BOX361539B00public0	doc	words	done-014	done		crop-wiring-01,escher-wordart-census,fidelity-b-01,fontwork-reach,odt-page-r87,odt-sectable-r92,odt-startx-r88,words-continuous-r72,words-r53,words-r56,words-seat-r94,words-version-screen
5	exhibit-06---technical-architecture-template	docx	words	done-014	done		ink-hunt-r124,probes,slides-extra-01,words-fontwork,wordsdec-r126
4	1603642410-MoM-CASCOM-06-2020-draft04	docx	words	done-014	done		frame-area-r85,words-close-r95,words-justify-shrink,words-r47
6	1_tpr_template__from_fy14_	docx	words	done-014	done		ink-hunt-r124,rtf-gate-r71,words-d-01,words-e-01,words-r54,wordstable-r131
0	Regulations Governing the Status, Basic Rights and Duties of Officials other than Secretariat Officials, and Experts on Mission	docx	words	done-014	done		
13	AFS-050-004-F2_0i	docx	words	done-014	done		L3-docx-reader,odt-frame-r75,odt-split-r82,words-border-style,words-ink-r67,words-page-anchored-table,words-r50-chartset,words-r51-flies,words-r54,words-r55,words-r56,words-r58,words-r59
6	231164_SystemDesignDocument	docx	words	done-014	done		L3-docx-reader,rtf-heading-r98,rtf-resid-r80,rtf-style-r97,words-continuous-header-r70,words-continuous-r72
2	PK_FlugzeugeStricken	doc	words	done-014	done		ink-hunt-r124,wordsdec-r126
6	fleetfastfacts16nov2023	docx	words	done-014	done		chart-fit-r97,frame-area-r85,probes,words-continuous-r72,words-r53,words-r54
1	300502-Mecenat-Airbus-Simusante_CHU-Amiens-Picardie	doc	words	done-014	done		fonts-r64
6	SFSP_2013-02_Bulletin	doc	words	done-015	done		L4-doc-legacy,crop-wiring-01,words-aschar-band,words-border-style,words-f-01,words-r58
14	JEMIT_Template	docx	words	done-015	done		lineheight-01,odt-page-r87,odt-sectable-r92,odt-startx-r88,rtf-page-r77,slides-ink-r94,words-border-style,words-continuous-header-r70,words-continuous-r72,words-d-01,words-r51-flies,words-r52,words-r53,words-version-screen
6	system_design__technical_architecture_template	docx	words	done-015	done		rtf-page-r77,slides-r51,words-border-style,words-floating-table,words-r53,wordsdec-r126
5	PI-doc.-no.-2E-Technical-Review-Report	docx	words	done-015	done		L3-docx-reader,fonts-r64,fonts-r65,words-catalogue-bias,words-inline-effectextent
9	Sample_SQMS_Program	docx	words	done-015	done		lineheight-01,odt-split-r82,rtf-heading-r98,rtf-holdover-r87,words-missing-01,words-pages-01,words-pagination-01,words-regress-01,words-table-01
4	Agile_Arc_SysDes	docx	words	done-015	done		L3-docx-reader,words-firstpage-r70,words-r53,words-r58
2	2013_11	doc	words	done-015	done		words-apo-table,words-border-style
3	03_Technical_Report_(progress)_template	docx	words	done-015	done		rtf-gate-r71,rtf-heading-r98,words-pagination-01
7	DOA_Template_Form_Type_Certification_Programme	docx	words	done-015	done		frame-area-r85,words-catalogue-bias,words-inline-canvas,words-margin-print-area,words-r45,words-vml-fontwork,wordsdec-r126
13	airbus-pdf-information-package_v1-4	docx	words	done-015	done		emptypage-01,lineheight-01,refdev-01,slides-ink-r94,words-e1-01,words-extra-01,words-metrics-01,words-missing-01,words-p1-01,words-pagination-01,words-r63,words-regress-01,words-w-pitch
2	Allegiant_Company_Profile_with_History	docx	words	done-016	done		words-continuous-header-r70,words-continuous-r72
8	HC-Bulletin-template	docx	words	done-016	done		frame-area-r85,ink-hunt-r124,odt-split-r82,words-b010-01,words-floating-table,words-fly-clearance,words-r53,words-r59
2	120509coss	doc	words	done-016	done		rtf-resid-r80,words-aschar-band
10	t_TEMPforInvProgs	docx	words	done-016	done		mismatch-classify-01,words-continuous-header-r70,words-continuous-r72,words-diagram-01,words-diagram-02,words-ink-r67,words-r45,words-r53,words-r59,wordsdec-r126
5	SPA-06_mcar_part-6_and_IS_v2.9	docx	words	done-016	done		words-firstpage-r70,words-ink-r67,words-r59,words-rebase-01,wordsgroup-r128
9	PES-Technical-Report-Template_Jan_2019	docx	words	done-016	done		chart-fit-r97,rtf-heading-r98,rtf-holdover-r87,words-e-01,words-firstpage-r70,words-ink-r67,words-missing-01,words-pagination-01,words-version-screen
0	dragon1-enterprise-architecture-document-example-v0.1d	docx	words	done-016	done		
18	150_5335_5a	doc	words	done-016	done		L4-doc-legacy,crop-wiring-01,ink-hunt-r124,odt-page-r87,odt-startx-r88,probes,slides-r59,words-aschar-band,words-d-01,words-f-01,words-pages-01,words-r44,words-r54,words-rebase-02,words-vision-01,wordsdec-r126,wordstable-r131,ww8toc-r130
3	Annex-10-to-the-Aircraft-Maintenance-Specialist-Certification-Rule-GCAA	docx	words	done-016	done		rtf-page-r77,words-continuous-header-r70,words-continuous-r72
2	UG.CAO.00133 Foreign Part 145 approvals - Language	docx	words	extra-001	done		words-e1-01,words-r53
5	info-bulletin-601	doc	words	extra-001	done		emptypage-01,rtf-shape-r73,words-d-01,words-e1-01,words-extra-01
2	UG.CAO.00006 Foreign Part 145 approvals - User Guide for Applicants & Approval Holders	docx	words	extra-001	open	extra	L3-docx-reader,words-e1-01
3	762	doc	words	extra-001	done		words-d-01,words-e1-01,words-extra-01
1	ABCD-WB-08-00 Weight and Balance Report - v1 08.03.16	docx	words	extra-001	done		words-r53
4	ABCD-FE-01-00 Flight Envelope - v1 08.03.16	docx	words	ceiling-001	open	ceiling	sheets-r58,slides-e-01,slides-r56,words-r53
2	ABCD-SDE-23-00 - Avionic System Description - 17.02.16 - v1	docx	words	extra-001	done		words-continuous-r72,words-r53
5	review-welsh-government-communications-mister-peter-mandelson	docx	words	metrics-001	done		words-r56,words-r58,words-regress-01,wordsdec-r126,wordstable-r131
13	手机免提系统TSB	doc	words	metrics-001	done		L4-doc-legacy,lineheight-01,odt-sectable-r92,odt-startx-r88,probes,words-apo-table,words-d-01,words-metrics-01,words-r46,words-r55,words-r56,words-r58,words-seat-r94
7	A320SimNotes	doc	words	metrics-001	done		words-metrics-01,words-pages-01,words-r56,words-r58,words-r59,wordsdec-r126,ww8toc-r130
1	AWR OPS-AOC 044 Statement of Compliance RVSM  Rev 04 01 Feb 2024	docx	words	metrics-001	done		words-character-scale
7	FRE-03_mcar_part-3_and_IS_v2.9	docx	words	metrics-001	done		rtf-htmautsp-r85,words-d-01,words-e1-01,words-ink-r67,words-metrics-01,words-rebase-01,words-regress-01
9	SPA-02_mcar_part-2_and_IS_v2.9	docx	words	metrics-001	open	metrics	orig-gate-r83,tab-over-spacing,words-d-01,words-metrics-01,words-r56,words-r59,words-rebase-01,words-rebase-02,wordsdec-r126
14	02_mcar_part-2_and_IS_v2.10	docx	words	metrics-001	open	metrics	mismatch-classify-01,orig-gate-r83,rtf-page-r77,rtf-resid-r80,tab-over-spacing,words-e-01,words-metrics-01,words-r56,words-r58,words-r59,words-rebase-01,words-rebase-02,wordsdec-r126,wordstable-r131
8	OM template for non-complex NCC operators_August 2016	docx	words	metrics-001	open	metrics	tab-over-spacing,words-b-01,words-character-scale,words-ink-r67,words-r44,words-r53,words-w-pitch,wordsgroup-r128
4	xx_SETIS_PWS_template_10.19.22	docx	words	missing-001	done		lineheight-01,words-metrics-01,words-missing-01,words-r58
3	TE.CAO.00125 Foreign Part 145 approvals - OJT Logbook	docx	words	done-016	done		odf-rowpitch-r72,wordsdec-r126,wordstable-r131
9	May 25 bulletin focus on carers in the workplace	docx	words	missing-001	done		L1-text-metrics,ink-hunt-r124,nested-table-slice,odt-frame-r75,words-missing-01,words-pages-01,words-r44,words-r52,ww8toc-r130
0	CRIF - SpÃ©cification technique - Socle applicatif	docx	words	missing-002	open	missing	
9	33004	docx	words	missing-001	done		odt-page-r87,words-d-01,words-e-01,words-missing-01,words-r45,words-r52,words-r58,words-table-01,wordsdec-r126
12	1447	doc	words	pagination-001	done		L1-text-metrics,font-class-01,lineheight-01,mismatch-classify-01,ppt-spacing-r115,rtf-page-r77,words-b008-01,words-b010-01,words-d-01,words-pages-01,words-pagination-01,words-rebase-02
10	template---tpr-technical-progress-report-with-guidance	docx	words	pagination-001	done		rtf-heading-r98,words-continuous-r72,words-pagination-01,words-r45,words-r46,words-r47,words-r53,words-r55,words-rebase-02,wordstable-r131
2	FO.FCTOA.00010 Application for a Part-ORA ATO Approval	docx	words	pagination-001	done		words-missing-01,words-pagination-01
15	absrc-pac-01-info-note-en	doc	words	pagination-002	open	pagination	crop-wiring-01,mismatch-classify-01,odt-sectable-r89,odt-sectable-r92,odt-startx-r88,orig-gate-r83,words-aschar-band,words-d-01,words-f-01,words-p1-01,words-pagination-01,words-r51-flies,words-r58,wordsdec-r126,ww8toc-r130
2	ESPN-R - MCF - Manual - Ed1.0 - For Publication	docx	words	pagination-001	done		words-character-scale,words-pagination-01
13	A_320	doc	words	pagination-001	done		crop-wiring-01,mismatch-classify-01,odt-page-r87,odt-resid-r77,odt-split-r82,words-d-01,words-e-01,words-p1-01,words-pagination-01,words-r46,words-rebase-01,words-rebase-02,wordstable-r131
10	report-template	docx	words	pagination-001	done		rtf-heading-r98,words-continuous-header-r70,words-continuous-r72,words-d-01,words-p1-01,words-pagination-01,words-r44,words-r51-flies,words-r58,wordsgroup-r128
14	ESPN-R - MCF - RA - Ed1	docx	words	pagination-001	done		odt-frame-r75,odt-page-r87,odt-split-r82,words-character-scale,words-d-01,words-p1-01,words-page-anchored-table,words-pagination-01,words-r53,words-r54,words-r55,words-r62,words-r63,words-rebase-02
20	24-25_FAA_Holdover_Tables	docx	words	pagination-001	done		L2-docx-layout,ink-hunt-r124,mismatch-classify-01,odt-resid-r77,probes,rtf-bookmark-r88,rtf-heading-r98,rtf-holdover-r87,rtf-page-r77,words-p1-01,words-pagination-01,words-r44,words-r52,words-r53,words-r54,words-r55,words-rebase-01,words-rebase-02,words-version-screen,wordsgroup-r128
24	FAA 2025-26 Holdover Tables	docx	words	pagination-001	done		L2-docx-layout,ink-hunt-r124,mismatch-classify-01,odt-resid-r77,probes,rtf-bookmark-r88,rtf-heading-r98,rtf-holdover-r87,rtf-page-r77,rtf-resid-r80,words-d-01,words-justify-shrink,words-p1-01,words-pagination-01,words-r44,words-r51-flies,words-r52,words-r53,words-r54,words-r55,words-rebase-01,words-rebase-02,wordsgroup-r128,wordstable-r131
19	150_5300_13_chg12	doc	words	pagination-002	done		L4-doc-legacy,chart-axisrot-r91,crop-wiring-01,emptypage-01,fonts-r64,lineheight-01,odt-page-r87,odt-sectable-r92,odt-startx-r88,rtf-page-r77,words-aschar-band,words-continuous-r72,words-d-01,words-f-01,words-p1-01,words-pagination-01,words-r45,words-r59,words-seat-r94
14	EHEST-SMS-Safety-Management-Manual-V2	docx	words	pagination-003	done		chart-axisrot-r91,rtf-heading-r98,slides-missing-01,slides-r56,tab-over-spacing,words-e-01,words-f-01,words-ink-r67,words-missing-01,words-pagination-01,words-r56,words-r61,words-r63,ww8toc-r130
20	150-5370-10H	docx	words	pagination-003	done		fonts-r64,fonts-r65,ink-hunt-r124,lineheight-01,mismatch-classify-01,probes,rtf-htmautsp-r85,rtf-page-r77,rtf-resid-r80,rtf-style-r97,trailing-nbsp-wrap,words-d-01,words-pagination-01,words-r42,words-r43,words-r46,words-rebase-01,words-rebase-02,words-regress-01,wordsdec-r126
12	AC-150-5370-10G-updated-201604	docx	words	done-016	done		L3-docx-reader,caption-keepnext-table,fonts-r65,ink-hunt-r124,rtf-style-r97,words-pagination-01,words-r42,words-r46,words-rebase-01,words-rebase-02,words-regress-01,wordsdec-r126
5	docs-quality-MA.IMS.00001-Integrated-Management-System-manual	docx	words	pagination-002	done		chart-fit-r97,words-group-transform,words-inline-canvas,words-r59,words-r62
9	A1. EASA Form 2	docx	words	table-001	done		L3-docx-reader,ink-hunt-r124,odt-split-r82,words-b008-01,words-r42,words-r43,words-r55,words-table-01,ww8toc-r130
2	approvals-and-standardisation-organisation-approvals-docs-part-145-annex-B-B11.-TE.CAO.00129-Foreign-Part-145-approvals---Experience--logbook	docx	words	table-001	done		L3-docx-reader,words-r53
3	B11. TE.CAO.00129  Experience  logbook	docx	words	table-001	done		words-r42,words-r43,words-table-01
17	150_5300_13_chg8	doc	words	ceiling-001	open	ceiling	L4-doc-legacy,crop-wiring-01,emptypage-01,fonts-r64,odt-page-r87,odt-sectable-r92,odt-startx-r88,orig-gate-r83,rtf-gate-r71,words-continuous-r72,words-f-01,words-ink-r67,words-p1-01,words-pagination-01,words-seat-r94,words-table-01,ww8toc-r130
22	150_5300_13_chg10	doc	words	table-001	done		L4-doc-legacy,chart-secaxis,crop-wiring-01,fonts-r64,lineheight-01,odt-page-r87,odt-sectable-r92,odt-startx-r88,orig-gate-r83,rtf-gate-r71,slides-r59,words-apo-capture-r70,words-aschar-band,words-continuous-r72,words-f-01,words-p1-01,words-r55,words-seat-r94,words-table-01,wordsdec-r126,wordstable-r131,ww8toc-r130
2	clustered-column-template	docx	words	chartset-001	done		rtf-shape-r73,stroke-resid-r117
3	clustered-column-result	docx	words	chartset-001	done		rtf-shape-r73,stroke-resid-r117,words-continuous-r72
8	pie-chart-template	docx	words	chartset-001	done		chart-inner-r110,chart-resid-r99,chart-smooth-r102,probes,rtf-shape-r73,sheets-r54,sheets-r59,sheets-r61
0	026_advanced_word_chart_report	docx	words	chartset-001	done		
0	032_advanced_word_chart_report	docx	words	chartset-001	done		
0	002_advanced_word_chart_report	docx	words	chartset-001	done		
0	008_advanced_word_chart_report	docx	words	chartset-001	done		
0	014_advanced_word_chart_report	docx	words	chartset-001	done		
0	020_advanced_word_chart_report	docx	words	chartset-001	done		
11	pie-chart-result	docx	words	chartset-001	done		chart-inner-r110,chart-resid-r99,chart-smooth-r102,gate-r111,rtf-shape-r73,sheets-r54,sheets-r59,sheets-r61,words-continuous-r72,words-r50-chartset,words-r52
0	011_advanced_word_chart_report	docx	words	chartset-002	done		
1	005_advanced_word_chart_report	docx	words	chartset-002	done		words-r63
0	029_advanced_word_chart_report	docx	words	chartset-002	done		
0	021_advanced_word_chart_report	docx	words	chartset-002	done		
0	033_advanced_word_chart_report	docx	words	chartset-002	done		
0	023_advanced_word_chart_report	docx	words	chartset-002	done		
0	017_advanced_word_chart_report	docx	words	chartset-002	done		
0	030_advanced_word_chart_report	docx	words	chartset-002	done		
0	006_advanced_word_chart_report	docx	words	chartset-002	done		
0	015_advanced_word_chart_report	docx	words	chartset-002	done		
0	019_advanced_word_chart_report	docx	words	chartset-003	done		
0	009_advanced_word_chart_report	docx	words	chartset-003	done		
0	001_advanced_word_chart_report	docx	words	chartset-003	done		
0	004_advanced_word_chart_report	docx	words	chartset-003	done		
0	027_advanced_word_chart_report	docx	words	chartset-003	done		
0	028_advanced_word_chart_report	docx	words	chartset-003	done		
0	003_advanced_word_chart_report	docx	words	chartset-003	done		
0	025_advanced_word_chart_report	docx	words	chartset-003	done		
1	007_advanced_word_chart_report	docx	words	chartset-003	done		words-r63
0	016_advanced_word_chart_report	docx	words	chartset-003	done		
0	018_advanced_word_chart_report	docx	words	chartset-004	done		
0	022_advanced_word_chart_report	docx	words	chartset-004	done		
0	024_advanced_word_chart_report	docx	words	chartset-004	done		
0	031_advanced_word_chart_report	docx	words	chartset-004	done		
0	012_advanced_word_chart_report	docx	words	chartset-004	done		
0	010_advanced_word_chart_report	docx	words	chartset-004	done		
0	013_advanced_word_chart_report	docx	words	chartset-004	done		
0	016_advanced_excel_radar	xlsx	sheets	chartset-001	done		
0	032_advanced_excel_radar	xlsx	sheets	chartset-001	done		
0	006_advanced_excel_scatter	xlsx	sheets	chartset-001	done		
0	005_advanced_excel_area	xlsx	sheets	chartset-001	done		
1	028_advanced_excel_doughnut	xlsx	sheets	chartset-001	done		sheets-r58
1	001_advanced_excel_bar	xlsx	sheets	chartset-001	done		chart-text-metafile
1	025_advanced_excel_bar	xlsx	sheets	chartset-001	done		sheets-r58
0	033_advanced_excel_bar	xlsx	sheets	chartset-001	done		
1	002_advanced_excel_line	xlsx	sheets	chartset-001	done		chart-axis-r87
2	022_advanced_excel_scatter	xlsx	sheets	chartset-001	done		sheets-r58,slides-r63
1	013_advanced_excel_area	xlsx	sheets	chartset-002	done		sheets-r58
0	030_advanced_excel_scatter	xlsx	sheets	chartset-002	done		
6	011_advanced_excel_pie	xlsx	sheets	chartset-002	done		ods-track-r88,sheets-r59,sheets-r60,sheets-r61,sheets-r62,slides-r60
5	027_advanced_excel_pie	xlsx	sheets	chartset-002	done		ods-track-r88,sheets-r59,sheets-r60,sheets-r61,sheets-r62
0	012_advanced_excel_doughnut	xlsx	sheets	chartset-002	done		
0	021_advanced_excel_area	xlsx	sheets	chartset-002	done		
0	026_advanced_excel_line	xlsx	sheets	chartset-002	done		
0	034_advanced_excel_line	xlsx	sheets	chartset-002	done		
14	003_advanced_excel_pie	xlsx	sheets	chartset-002	done		chart-text-metafile,ods-track-r88,sheets-r50-chartex,sheets-r51-bands,sheets-r53-totalsrow,sheets-r57,sheets-r58,sheets-r59,sheets-r60,sheets-r61,sheets-r62,slides-r59,slides-r60,words-r59
0	007_advanced_excel_bubble	xlsx	sheets	chartset-002	done		
1	031_advanced_excel_bubble	xlsx	sheets	chartset-003	done		sheets-r58
0	015_advanced_excel_bubble	xlsx	sheets	chartset-003	done		
0	004_advanced_excel_doughnut	xlsx	sheets	chartset-003	done		
0	020_advanced_excel_doughnut	xlsx	sheets	chartset-003	done		
0	008_advanced_excel_radar	xlsx	sheets	chartset-003	done		
0	024_advanced_excel_radar	xlsx	sheets	chartset-003	done		
2	014_advanced_excel_scatter	xlsx	sheets	chartset-003	done		chart-smooth-r102,sheets-r58
0	018_advanced_excel_line	xlsx	sheets	chartset-003	done		
0	017_advanced_excel_bar	xlsx	sheets	chartset-003	done		
0	029_advanced_excel_area	xlsx	sheets	chartset-003	done		
0	023_advanced_excel_bubble	xlsx	sheets	chartset-004	done		
1	009_advanced_excel_bar	xlsx	sheets	chartset-004	done		slides-r63
1	010_advanced_excel_line	xlsx	sheets	chartset-004	done		chart-smooth-r102
8	019_advanced_excel_pie	xlsx	sheets	chartset-004	done		clip-seats-r97,ods-track-r88,sheets-r59,sheets-r60,sheets-r61,sheets-r62,slides-r59,words-r59
15	microsoft_learn_multi_chart_examples	xlsx	sheets	chartset-004	open	text	L7-charts,chart-axis-r87,chart-rest-r104,chart-smooth-r102,clip-seats-r97,ink-pass-r92,ods-track-r88,sheet-border-r115,sheet-shapefill-r92,sheets-r59,sheets-r60,sheets-r61,sheets-r62,sheets-r63,stroke-resid-r117
22	DynamicBubbleChart	xlsx	sheets	chartset-004	done		chart-label-anchor,chart-resid-r75,chart-resid-r99,chart-rest-r104,clip-seats-r97,ink-pass-r92,ods-page-r77,pivot-fmt-r110,pivot-gen-r107,pivot-res-r108,probes,sheet-last-r100,sheet-pivot-r103,sheets-r50-chartex,sheets-r52-condvalue,sheets-r53-totalsrow,sheets-r55,sheets-r63,slides-r60,slides-r62,stroke-resid-r117,words-r59
6	scatter_chart	pptx	slides	chartset-001	done		odp-chart-r72,odp-running-r71,slides-r59,slides-r60,slides-r63,stroke-resid-r117
4	stacked_area_chart	pptx	slides	chartset-001	done		slides-r59,slides-r60,slides-r62,stroke-resid-r117
4	stacked_bar_chart	pptx	slides	chartset-001	done		slides-r59,slides-r60,slides-r62,stroke-resid-r117
3	bar_chart	pptx	slides	chartset-001	done		slides-r59,slides-r60,stroke-resid-r117
4	combo_bar_line_chart	pptx	slides	chartset-001	done		odp-chart-r72,odp-running-r71,slides-r59,slides-r60
4	line_chart	pptx	slides	chartset-001	done		slides-r59,slides-r60,slides-r63,stroke-resid-r117
1	008_advanced_powerpoint_bubble	pptx	slides	chartset-001	done		chart-vertical
0	015_advanced_powerpoint_scatter	pptx	slides	chartset-001	done		
0	016_advanced_powerpoint_bubble	pptx	slides	chartset-001	done		
2	031_advanced_powerpoint_scatter	pptx	slides	chartset-001	done		slides-r59,slides-r63
0	007_advanced_powerpoint_scatter	pptx	slides	chartset-002	done		
0	023_advanced_powerpoint_scatter	pptx	slides	chartset-002	done		
0	032_advanced_powerpoint_bubble	pptx	slides	chartset-002	done		
0	024_advanced_powerpoint_bubble	pptx	slides	chartset-002	done		
2	006_advanced_powerpoint_area	pptx	slides	chartset-002	done		slides-r60,slides-r62
0	014_advanced_powerpoint_area	pptx	slides	chartset-002	done		
2	030_advanced_powerpoint_area	pptx	slides	chartset-002	done		slides-r60,slides-r62
2	001_advanced_powerpoint_bar	pptx	slides	chartset-002	done		slides-r60,slides-r62
0	017_advanced_powerpoint_bar	pptx	slides	chartset-002	done		
1	033_advanced_powerpoint_bar	pptx	slides	chartset-002	done		slides-r62
0	019_advanced_powerpoint_line	pptx	slides	chartset-003	done		
3	003_advanced_powerpoint_line	pptx	slides	chartset-003	done		slides-r60,slides-r62,slides-r63
3	002_advanced_powerpoint_column	pptx	slides	chartset-003	done		chart-cat-reverse,slides-r60,slides-r62
0	010_advanced_powerpoint_column	pptx	slides	chartset-003	done		
0	011_advanced_powerpoint_line	pptx	slides	chartset-003	done		
4	027_advanced_powerpoint_line	pptx	slides	chartset-003	done		slides-r59,slides-r60,slides-r62,slides-r63
1	012_advanced_powerpoint_pie	pptx	slides	chartset-003	done		slides-r53
1	028_advanced_powerpoint_pie	pptx	slides	chartset-003	done		slides-r62
1	005_advanced_powerpoint_doughnut	pptx	slides	chartset-003	done		slides-r53
0	009_advanced_powerpoint_bar	pptx	slides	chartset-003	done		
0	021_advanced_powerpoint_doughnut	pptx	slides	chartset-004	done		
0	025_advanced_powerpoint_bar	pptx	slides	chartset-004	done		
1	026_advanced_powerpoint_column	pptx	slides	chartset-004	done		slides-r62
0	013_advanced_powerpoint_doughnut	pptx	slides	chartset-004	done		
1	029_advanced_powerpoint_doughnut	pptx	slides	chartset-004	done		slides-r62
0	004_advanced_powerpoint_pie	pptx	slides	chartset-004	done		
0	020_advanced_powerpoint_pie	pptx	slides	chartset-004	done		
0	022_advanced_powerpoint_area	pptx	slides	chartset-004	done		
0	018_advanced_powerpoint_column	pptx	slides	chartset-004	done		
4	003_Free_Genogram_Diagram_Template_Easy_Format_60eb6e42	docx	words	chartset-005	done		frame-area-r85,words-group-transform,words-r51-flies,words-r54
0	005_Free_Genogram_Diagram_Template_Excellent_layout_f5f185d0	docx	words	chartset-005	done		
0	036_Venn_Diagram_Template_Fillable_Layout_3ffbba36	docx	words	chartset-005	done		
2	052_Organogram_Template_Colorful_Flow_Chart_cba9fbfe	docx	words	chartset-005	done		words-fontwork,words-group-transform
2	053_Organogram_Template_Creative_Theme_21657a3d	docx	words	chartset-005	done		words-group-transform,words-r54
2	054_Organogram_Template_Grey_Vertical_Theme_b2dbd9a8	docx	words	chartset-005	done		words-fontwork,words-r54
0	083_Printable_Graph_Paper_Template_Customizable_Format_55ff93a3	docx	words	chartset-005	done		
3	084_Printable_Graph_Paper_Template_Editable_Layout_d66c6820	docx	words	chartset-005	done		words-floating-table,words-hidemark-rowheight,words-version-screen
1	085_Printable_Graph_Paper_Template_Excellent_Format_4bcae89a	docx	words	chartset-005	done		words-version-screen
4	087_Printable_Graph_Paper_Template_Green_Theme_0c14ea04	docx	words	chartset-005	done		chart-text-metafile,odt-frame-r75,words-floating-table,words-fly-clearance
1	001_Free_Genogram_Diagram_Template_Blue_and_Gray_Theme_7c9e01a7	docx	words	chartset-006	done		words-group-transform
2	002_Free_Genogram_Diagram_Template_Customizable_Format_2219584b	docx	words	chartset-006	done		words-group-transform,words-r51-flies
2	033_Venn_Diagram_Template_Colored_Theme_2aea6697	docx	words	chartset-006	done		words-r53,words-r54
1	057_Organogram_Template_Vertical_Colorful_Theme_724b143c	docx	words	chartset-006	done		words-r51-flies
3	081_Printable_Graph_Paper_Template_Blue_Theme_629316cb	docx	words	chartset-006	done		words-floating-table,words-hidemark-rowheight,words-version-screen
0	086_Printable_Graph_Paper_Template_Gray_Theme_7300e5d7	docx	words	chartset-006	done		
2	088_Printable_Graph_Paper_Template_Quality_layout_33051f6e	docx	words	chartset-006	done		variants,words-version-screen
2	093_Business_Case_Template_Customizable_Layout_510c25e7	docx	words	chartset-006	done		rtf-shape-r73,words-r52
7	097_Business_Case_Template_Elegant_Layout_3ba9cbf2	docx	words	chartset-006	done		L8-drawing,chart-text-metafile,words-firstpage-r70,words-r53,words-r59,words-r61,words-r62
0	099_Business_Case_Template_Gray_Theme_ac3edbf4	docx	words	chartset-006	done		
2	009_Free_Genogram_Diagram_Template_Handy_Format_4bb900f0	docx	words	chartset-007	done		words-group-transform,words-r54
5	018_Project_Timeline_Template_Editable_Format_e1cf1df5	docx	words	chartset-007	done		L8-drawing,odt-frame-r75,odt-split-r82,words-r50-chartset,words-version-screen
3	025_Unit_Circle_Chart_Cos_and_Sin_Model_1ed01892	docx	words	chartset-007	done		rtf-shape-r73,words-group-transform,words-r51-flies
0	034_Venn_Diagram_Template_Customizable_Format_d14642b7	docx	words	chartset-007	done		
0	049_Visual_Product_Roadmap_Template_Simple_Format_4af26e4f	docx	words	chartset-007	done		
1	058_Organogram_Template_With_Picture_Theme_44b79368	docx	words	chartset-007	done		words-group-transform
1	074_Storyboard_Template_Editable_Design_132436d1	docx	words	chartset-007	done		words-r54
3	080_Printable_Graph_Paper_Template_Black_Theme_6b066be1	docx	words	chartset-007	done		words-r62,words-row-height,words-version-screen
2	089_Printable_Graph_Paper_Template_Simlpe_Format_3aff1c88	docx	words	chartset-007	done		words-r62,words-version-screen
0	094_Business_Case_Template_Decent_Layout_e7722f2b	docx	words	chartset-007	done		
4	004_Free_Genogram_Diagram_Template_Editable_Format_b82b6152	docx	words	chartset-008	done		frame-area-r85,words-frame-origins,words-group-transform,words-r54
1	006_Free_Genogram_Diagram_Template_Fillable_Format_7ca08541	docx	words	chartset-008	done		words-group-transform
1	010_Free_Genogram_Diagram_Template_Yellow_Theme_6ee4f818	docx	words	chartset-008	done		words-group-transform
4	012_Project_Timeline_Template_Black_and_Brown_Theme_35c76550	docx	words	chartset-008	done		odt-frame-r75,odt-split-r82,words-r62,words-r63
8	016_Project_Timeline_Template_Complete_Guide_7d36d09c	docx	words	chartset-008	done		L8-drawing,odt-frame-r75,odt-split-r82,words-apo-capture-r70,words-ink-r67,words-r50-chartset,words-r63,words-version-screen
3	035_Venn_Diagram_Template_Editable_Format_966dff5f	docx	words	chartset-008	done		words-firstpage-r70,words-r53,words-r54
0	046_Visual_Product_Roadmap_Template_Fillable_Format_582acab0	docx	words	chartset-008	done		
2	092_Business_Case_Template_Convenient_Format_00786cce	docx	words	chartset-008	done		rtf-page-r77,words-ink-r67
3	098_Business_Case_Template_Fillable_Layout_d0c5410e	docx	words	chartset-008	done		slides-r51,words-r52,words-r53
3	100_Business_Case_Template_Modern_Format_ff9e7282	docx	words	chartset-008	done		slides-r51,words-ink-r67,words-r53
1	007_Free_Genogram_Diagram_Template_Green_and_Purple_Theme_8d2ba829	docx	words	chartset-009	done		words-group-transform
1	017_Project_Timeline_Template_Customizable_Format_5d5ca2e8	docx	words	chartset-009	done		words-r50-chartset
1	019_Project_Timeline_Template_Excellent_Layout_4ee62967	docx	words	chartset-009	done		rtf-shape-r73
9	027_Unit_Circle_Chart_Graphical_Chart_5462a579	docx	words	chartset-009	done		chart-fit,chart-inner-r110,frame-area-r85,gate-r111,probes,sheets-r59,words-close-r95,words-ink-r67,words-r52
3	030_Unit_Circle_Chart_Points_System_23b5ef07	docx	words	chartset-009	done		rtf-shape-r73,words-group-transform,words-r51-flies
3	037_Venn_Diagram_Template_Four_Circle_764829a0	docx	words	chartset-009	done		rtf-shape-r73,words-firstpage-r70,words-r53
0	041_Visual_Product_Roadmap_Template_Blank_Format_63a3e010	docx	words	chartset-009	done		
1	042_Visual_Product_Roadmap_Template_Colored_Background_89385cfb	docx	words	chartset-009	done		odt-frame-r75
1	077_Storyboard_Template_Pink_and_Blue_Theme_805e82ab	docx	words	chartset-009	done		words-r54
0	082_Printable_Graph_Paper_Template_Colored_Background_9092cf9b	docx	words	chartset-009	done		
3	020_Project_Timeline_Template_Modern_Theme_0c215d87	docx	words	chartset-010	done		L8-drawing,odt-frame-r75,odt-resid-r77
5	023_Unit_Circle_Chart_Circular_Percentage_790f7b75	docx	words	chartset-010	done		chart-fit-r97,frame-area-r85,words-close-r95,words-ink-r67,words-r52
3	026_Unit_Circle_Chart_Four_Quadrants_09bf3ed1	docx	words	chartset-010	done		rtf-shape-r73,words-group-transform,words-r51-flies
9	028_Unit_Circle_Chart_Optimized_Graph_83d9c756	docx	words	chartset-010	open	text	chart-fit-r97,chart-geom-r108,chart-inner-r110,chart-rest-r104,chart-smooth-r102,probes,words-ink-r67,words-r50-chartset,words-r52
0	032_Venn_Diagram_Template_Brown_Theme_d5b549f0	docx	words	chartset-010	done		
3	051_Organogram_Template_Basic_Theme_e6464d06	docx	words	chartset-010	done		odt-resid-r77,odt-split-r82,words-group-transform
4	056_Organogram_Template_Square_Theme_38f373d4	docx	words	chartset-010	done		words-group-transform,words-r50-chartset,words-r51-flies,words-r54
1	066_Work_Breakdown_Structure_Template_Colored_Background_c27ff248	docx	words	chartset-010	done		words-r52
3	067_Work_Breakdown_Structure_Template_Gray_Theme_89f8be8b	docx	words	chartset-010	done		rtf-shape-r73,words-r52,words-r63
5	090_Business_Case_Template_Blue_Theme_108ff0f1	docx	words	chartset-010	done		rtf-shape-r73,slides-r51,words-r52,words-r53,words-version-screen
4	015_Project_Timeline_Template_Colored_Background_6434b0e8	docx	words	chartset-011	done		chart-label-anchor,odt-frame-r75,odt-split-r82,words-r62
1	022_Unit_Circle_Chart_Circle_A_and_B_19dbf275	docx	words	chartset-011	done		rtf-shape-r73
6	029_Unit_Circle_Chart_Pie_Theme_8a922142	docx	words	chartset-011	done		chart-rest-r104,chart-smooth-r102,probes,words-ink-r67,words-r52,words-version-screen
0	039_Venn_Diagram_Template_Simple_Format_6f82661d	docx	words	chartset-011	done		
2	040_Venn_Diagram_Template_Three_Circle_80f32f5e	docx	words	chartset-011	done		odt-split-r82,odt-startx-r88
3	043_Visual_Product_Roadmap_Template_Customizable_Format_ee0fe5b1	docx	words	chartset-011	done		odt-resid-r77,rtf-shape-r73,words-continuous-r72
0	061_Nursing_Concept_Map_Template_fb9816f0	docx	words	chartset-011	done		
1	064_Foot_Reflexology_Chart_Customizable_Format_79b7db06	docx	words	chartset-011	done		words-r54
2	065_Work_Breakdown_Structure_Template_Blue_Theme_2b207f62	docx	words	chartset-011	open	text	words-r52,words-r63
4	068_Work_Breakdown_Structure_Template_Green_Theme_63e69ed8	docx	words	chartset-011	done		words-r50-chartset,words-r51-flies,words-r52,words-r54
3	008_Free_Genogram_Diagram_Template_Green_and_Yellow_Theme_9017c1a8	docx	words	chartset-012	open	text	frame-area-r85,words-group-transform,words-r51-flies
1	013_Project_Timeline_Template_Blue_Background_4ea3475e	docx	words	chartset-012	done		words-r50-chartset
11	021_Unit_Circle_Chart_3D_Pie_Chart_404247ab	docx	words	chartset-012	done		chart-3d-r110,chart-fit,chart-fit-r97,chart-inner-r110,chart-resid-r99,frame-area-r85,probes,sheets-r59,words-close-r95,words-r52,words-r59
6	024_Unit_Circle_Chart_Colorful_Circles_7c92601e	docx	words	chartset-012	open	text	chart-layout,chart-secaxis,odt-split-r82,words-diagram-01,words-diagram-02,words-r52
2	031_Venn_Diagram_Template_Blue_Theme_a9e417b8	docx	words	chartset-012	done		odt-split-r82,odt-startx-r88
0	044_Visual_Product_Roadmap_Template_Editable_Format_c232a2c0	docx	words	chartset-012	done		
2	050_Visual_Product_Roadmap_Template_Yellow_and_Blue_Theme_49b50744	docx	words	chartset-012	done		words-apo-capture-r70,wordsgroup-r128
2	055_Organogram_Template_Horizontal_Structure_28a7e725	docx	words	chartset-012	done		odt-split-r82,words-group-transform
4	095_Business_Case_Template_Easy_Format_61de7128	docx	words	chartset-012	done		rtf-shape-r73,slides-r51,words-r52,words-r53
4	096_Business_Case_Template_Editable_Layout_41fe0bc0	docx	words	chartset-012	done		slides-r51,words-firstpage-r70,words-r53,words-version-screen
1	038_Venn_Diagram_Template_Off_White_and_Blue_Theme_9dff385e	docx	words	chartset-013	done		words-apo-capture-r70
3	047_Visual_Product_Roadmap_Template_Professional_Layout_2ff4499e	docx	words	chartset-013	done		odt-frame-r75,odt-split-r82,words-apo-capture-r70
1	048_Visual_Product_Roadmap_Template_Quality_Layout_f38f7aee	docx	words	chartset-013	done		words-r63
2	059_Disease_Concept_Map_Template_4acf63f2	docx	words	chartset-013	done		words-group-transform,words-r63
0	060_Human_Body_Concept_Map_Template_ac872cfb	docx	words	chartset-013	done		
5	069_Work_Breakdown_Structure_Template_Professional_Format_1e02dce1	docx	words	chartset-013	open	ceiling	words-r50-chartset,words-r52,words-r59,words-r62,words-r63
1	072_Storyboard_Template_Colored_Theme_28524a15	docx	words	chartset-013	done		words-r54
1	073_Storyboard_Template_Easy_to_Use_44ce05fc	docx	words	chartset-013	done		words-r54
3	075_Storyboard_Template_Fillable_Format_7fa01641	docx	words	chartset-013	done		ink-hunt-r124,probes,wordsgroup-r128
5	091_Business_Case_Template_Complete_Guide_cb91a140	docx	words	chartset-013	done		slides-r51,words-character-scale,words-firstpage-r70,words-ink-r67,words-r53
5	011_Project_Timeline_Template_Beautiful_Theme_2336e680	docx	words	chartset-014	done		odt-frame-r75,odt-page-r87,odt-split-r82,odt-startx-r88,words-r50-chartset
1	014_Project_Timeline_Template_Blue_and_Green_Theme_a8311fa1	docx	words	chartset-014	done		slides-r59
1	045_Visual_Product_Roadmap_Template_Excellent_Format_e364063c	docx	words	chartset-014	done		odt-split-r82
1	062_Vocabulary_Concept_Map_Template_2f7c1c09	docx	words	chartset-014	done		words-apo-capture-r70
2	063_Foot_Reflexology_Chart_Complete_Guide_cf5ed992	docx	words	chartset-014	done		words-r54,wordsgroup-r128
0	070_Storyboard_Template_Blank_Format_fc41673a	docx	words	chartset-014	done		
2	071_Storyboard_Template_Cartoon_Theme_ae113de2	docx	words	chartset-014	done		words-group-transform,words-r51-flies
1	076_Storyboard_Template_Gray_Theme_1e5fd5e5	docx	words	chartset-014	done		words-r54
2	078_Storyboard_Template_Pink_and_Gray_Theme_ea89553f	docx	words	chartset-014	done		words-r51-flies,words-r54
3	079_Storyboard_Template_Simple_Format_81653703	docx	words	chartset-014	done		ink-hunt-r124,probes,wordsgroup-r128
2	004_Contextures_chart_sample_de7c0671	xlsx	sheets	chartset-005	done		chart-axis-r87,words-r52
0	022_Pareto_Chart_Template_-_Pareto_Analysis_in_Excel_with_Pareto_Diagram_82b5a874	xlsx	sheets	chartset-005	done		
1	067_Basic_invoice_Use_this_template_1d35c3e9	xlsx	sheets	chartset-005	done		rulescale-r132
0	073_Graph_paper_6e1a30eb	xlsx	sheets	chartset-005	done		
1	074_Idea_planner_bacaa123	xlsx	sheets	chartset-005	done		numfmt-r68
0	091_Volunteer_Sign_Up_Sheet_Template_Colored_Background_2cb58d01	xlsx	sheets	chartset-005	done		
0	093_Volunteer_Sign_Up_Sheet_Template_Customizable_Format_3a4d6b58	xlsx	sheets	chartset-005	done		
0	095_Volunteer_Sign_Up_Sheet_Template_Fillable_Format_b3330009	xlsx	sheets	chartset-005	done		
0	096_Volunteer_Sign_Up_Sheet_Template_Green_Theme_b4f1809d	xlsx	sheets	chartset-005	done		
0	098_Volunteer_Sign_Up_Sheet_Template_Simple_Layout_080a06a1	xlsx	sheets	chartset-005	done		
8	005_Contextures_chart_sample_6e279b08	xlsx	sheets	chartset-006	done		chart-inner-r110,probes,sheets-r53-totalsrow,sheets-r54,sheets-r59,sheets-r60,sheets-r61,sheets-r63
3	006_Contextures_chart_sample_afa23b53	xlsx	sheets	chartset-006	done		chart-axis-r87,chart-fit,slides-r59
2	044_Cash_flow_forecast_Use_this_template_b8fa1f35	xlsx	sheets	chartset-006	done		ink-pass-r92,slides-r59
7	052_Manufacturing_output_chart_88570318	xlsx	sheets	chartset-006	done		chart-fit,chart-label-anchor,numfmt-r68,ods-draw-r82,ods-track-r88,sheets-r54,slides-r59
4	061_Regional_sales_chart_cb9eb690	xlsx	sheets	chartset-006	done		chart-layout,numfmt-r68,sheets-r50-chartex,slides-r59
0	070_Equipment_inventory_list_Use_this_template_fd524c8a	xlsx	sheets	chartset-006	open	text	
0	088_To-do_list_with_progress_tracker_Use_this_template_8c438912	xlsx	sheets	chartset-006	done		
0	089_Vintage_inventory_list_Use_this_template_f616cac0	xlsx	sheets	chartset-006	done		
2	011_Contextures_chart_sample_599b4392	xls	sheets	chartset-006	done		ods-band-r75,quantise-r120
13	014_Contextures_chart_sample_991ecfc5	xls	sheets	chartset-006	open	text	chart-geom-r108,chart-inner-r110,chart-resid-r99,chart-secaxis,chart-slide-r117,mismatch-classify-01,probes,quantise-r120,sheet-border-r115,sheet-shapefill-r92,stroke-resid-r117,underline-r118,vision-r68
8	003_Contextures_chart_sample_9bda2719	xlsm	sheets	chartset-007	done		chart-cat-reverse,chart-inner-r110,chart-secaxis,probes,sheets-r58,sheets-r59,sheets-r61,slides-r59
16	037_Personal_money_tracker_a57957bb	xlsx	sheets	chartset-007	done		chart-fit,chart-layout,chart-secaxis,ods-draw-r82,overflow-r69,pivot-fmt-r110,pivot-gen-r107,pivot-res-r108,probes,sheet-last-r100,sheet-pivot-r103,sheets-r52-condvalue,sheets-r53-totalsrow,sheets-r55,slides-r59,words-r59
10	040_Blood_pressure_tracker_872b6833	xlsx	sheets	chartset-007	done		chart-axis-r86,chart-axis-r87,chart-label-anchor,mismatch-classify-01,numfmt-r68,orig-gate-r83,sheets-r53-totalsrow,slides-r59,words-r52,xlsx-chart-r84
1	050_Financial_vision_d44241e1	xlsx	sheets	chartset-007	done		numfmt-r68
4	054_Problem_analysis_with_Pareto_chart_11058329	xlsx	sheets	chartset-007	done		chart-rest-r104,chart-types-r101,mismatch-classify-01,sheets-r50-chartex
7	058_Social_media_engagement_data_cfa1cb18	xlsx	sheets	chartset-007	open	text	chart-label-anchor,numfmt-r68,ods-draw-r82,ods-track-r88,sheets-r54,sheets-r62,sheets-r63
5	063_Sales_pipeline_aec57013	xlsx	sheets	chartset-007	open	text	chart-inner-r110,numfmt-r68,sheets-r50-chartex,stroke-resid-r117,words-r59
1	082_Project_to_do_list_28f80082	xlsx	sheets	chartset-007	done		gate-r119
0	083_Project_tracker_Use_this_template_b38d057c	xlsx	sheets	chartset-007	done		
0	090_Weekly_time_sheet_Use_this_template_0499cc43	xlsx	sheets	chartset-007	done		
1	008_Contextures_chart_sample_7ea7a1d7	xlsx	sheets	chartset-008	done		stroke-resid-r117
0	021_Control_Chart_Template_-_Create_Control_Charts_in_Excel_fd3b1a5d	xlsx	sheets	chartset-008	done		
4	023_Waterfall_Chart_Template_for_Excel_349f7689	xlsx	sheets	chartset-008	done		chart-label-anchor,sheets-r57,sheets-r62,sheets-r63
7	034_Personal_net_worth_calculator_f7b8fb57	xlsx	sheets	chartset-008	done		chart-cat-reverse,chart-fit-r97,chart-layout,chart-secaxis,ods-band-r75,probes,words-r52
8	046_Cost_analysis_with_Pareto_chart_7db5ef69	xlsx	sheets	chartset-008	open	text	chart-fit,chart-label-anchor,chart-slide-r117,gate-r111,numfmt-r68,sheets-r62,sheets-r63,slides-r59
3	051_Manufacturer_defect_analysis_53db27ea	xlsx	sheets	chartset-008	done		chart-rest-r104,mismatch-classify-01,sheets-r50-chartex
1	055_Project_timeline_with_milestones_Use_this_template_546cecc0	xlsx	sheets	chartset-008	open	text	chart-datemax
0	092_Volunteer_Sign_Up_Sheet_Template_Complete_Guide_31fe4d22	xlsx	sheets	chartset-008	done		
0	094_Volunteer_Sign_Up_Sheet_Template_Editable_Format_6711b281	xlsx	sheets	chartset-008	done		
0	099_Volunteer_Sign_Up_Sheet_Template_Stylish_Format_c0cc35a6	xlsx	sheets	chartset-008	done		
1	015_Free_Gantt_Chart_Template_for_Excel_414e86bf	xlsx	sheets	chartset-009	done		cond-format-r97
0	018_Weight_Loss_Chart_-_Free_Printable_Weight_Loss_Charts_and_Weight_Log_3337bd0a	xlsx	sheets	chartset-009	done		
0	024_Free_Kids_Chore_Chart_Template_ad74bb34	xlsx	sheets	chartset-009	done		
2	029_Annual_budget_Use_this_template_30324a97	xlsx	sheets	chartset-009	done		chart-label-anchor,sheets-r53-totalsrow
6	041_Business_budget_ef942467	xlsx	sheets	chartset-009	done		cond-format-r97,iconset-r103,sheet-rows-r98,sheets-r52-condvalue,sheets-r53-totalsrow,slides-r59
19	053_Personal_asset_inventory_5446d84b	xlsx	sheets	chartset-009	open	pagination	L7-charts,chart-axis-r86,chart-label-anchor,chart-resid-r75,clip-seats-r97,mismatch-classify-01,numfmt-r68,ods-track-r88,orig-gate-r83,pivot-fmt-r110,pivot-gen-r107,pivot-res-r108,sheet-last-r100,sheet-pivot-r103,sheets-r53-totalsrow,slides-r59,stroke-resid-r117,vision-r68,xlsx-chart-r84
3	056_Quarterly_sale_report_baa6bb0d	xlsx	sheets	chartset-009	done		chart-cat-reverse,chart-fit,overflow-r69
7	075_Idea_planner_tasks_f44ebd73	xlsx	sheets	chartset-009	done		chart-axis-r86,cond-format-r97,iconset-r103,orig-gate-r83,sheets-r52-condvalue,sheets-r58,xlsx-chart-r84
0	081_Project_performance_report_Use_this_template_be2468b3	xlsx	sheets	chartset-009	done		
4	085_Simple_Gantt_chart_d65b8377	xlsx	sheets	chartset-009	done		cond-format-r97,gate-r119,sheets-r52-condvalue,sheets-r55
20	047_Date_tracker_Gantt_chart_bf34f3a8	xlsx	sheets	chartset-010	open	pagination	L7-charts,chart-axisrot-r91,chart-label-anchor,chart-layout,gate-r111,gate-r116,gate-r119,gate-r129,ods-page-r77,ods-resid-r80,orig-gate-r83,probes,sheets-r50-chartex,sheets-r51-bands,sheets-r52-condvalue,sheets-r53-totalsrow,sheets-r54,sheets-r57,stroke-resid-r117,xlsx-chart-r84
9	062_Run_chart_cb7476ea	xlsx	sheets	chartset-010	open	pagination	L6-sheets,chart-layout,chart-secaxis,gate-r114,mismatch-classify-01,numfmt-r68,overflow-r69,stroke-resid-r117,words-r59
11	065_Weight_loss_tracker_ff1c89af	xlsx	sheets	chartset-010	open	text	L6-sheets,chart-axis-r86,chart-cat-reverse,chart-fit,mismatch-classify-01,numfmt-r68,ods-track-r88,orig-gate-r83,sheets-r51-bands,sheets-r58,xlsx-chart-r84
0	069_Blue_modern_balance_sheet_Use_this_template_6b4d70d3	xlsx	sheets	chartset-010	done		
0	072_Gantt_project_planner_dde00e33	xlsx	sheets	chartset-010	done		
0	078_Modern_inventory_list_Use_this_template_41abd5bf	xlsx	sheets	chartset-010	done		
5	079_Org_charts_visual_248d1dcf	xlsx	sheets	chartset-010	done		probes,sheet-border-r115,sheet-fill-r84,stroke-resid-r117,strokes-r113
4	084_Service_invoice_Use_this_template_c92b43dc	xlsx	sheets	chartset-010	done		probes,stroke-resid-r117,underline-r118,vision-o62
0	086_Simple_grey_invoice_Use_this_template_063b3773	xlsx	sheets	chartset-010	done		
0	100_Volunteer_Sign_Up_Sheet_Template_Tabular_Format_0975f34e	xlsx	sheets	chartset-010	done		
6	007_Contextures_chart_sample_667d8e47	xlsm	sheets	chartset-011	done		pivot-fmt-r110,pivot-gen-r107,pivot-res-r108,sheet-last-r100,sheet-pivot-r103,slides-r59
1	010_Contextures_chart_sample_e6ea06a3	xlsx	sheets	chartset-011	done		chart-cat-reverse
1	028_Budget_summary_report_4aeefd13	xlsx	sheets	chartset-011	done		cond-format-r96
0	030_Basic_balance_sheet_Use_this_template_10ed9144	xlsx	sheets	chartset-011	open	text	
5	042_Business_monthly_budget_4e4d092f	xlsx	sheets	chartset-011	done		cond-format-r97,iconset-r103,mismatch-classify-01,numfmt-r68,sheets-r52-condvalue
2	057_Simple_balance_sheet_Use_this_template_e2d4cbb2	xlsx	sheets	chartset-011	open	pagination	chart-inner-r110,mismatch-classify-01
1	060_Monthly_company_budget_47b2a99a	xlsx	sheets	chartset-011	done		chart-fit
9	066_Agile_Gantt_chart_08f9de45	xlsx	sheets	chartset-011	done		cond-format-r97,gate-r114,gate-r119,gate-r133,iconset-r103,probes,sheet-draw-r107,sheets-clip-band,sheets-r52-condvalue
0	071_Four-week_project_timeline_Use_this_template_4f05db49	xlsx	sheets	chartset-011	open	pagination	
1	077_Inventory_list_with_highlighting_Use_this_template_36d8d57a	xlsx	sheets	chartset-011	done		sheets-r52-condvalue
3	002_Contextures_chart_sample_f605e7bc	xlsx	sheets	chartset-012	done		probes,stroke-resid-r117,underline-r118
0	009_Contextures_chart_sample_adcb3f6c	xlsx	sheets	chartset-012	done		
5	012_Contextures_chart_sample_9900da76	xlsx	sheets	chartset-012	done		chart-resid-r99,chart-rest-r104,clip-seats-r97,sheets-r55,slides-r56
6	013_Contextures_chart_sample_21b98e22	xlsx	sheets	chartset-012	done		chart-resid-r99,clip-seats-r97,sheets-r54,sheets-r55,slides-r56,words-r56
1	020_Free_Blood_Pressure_Chart_and_Printable_Blood_Pressure_Log_8f8dcc39	xlsx	sheets	chartset-012	done		sheets-r51-bands
0	026_Monthly_cash_flow_statement_Use_this_template_8aaebea1	xlsx	sheets	chartset-012	done		
0	036_Simple_to-do_list_Use_this_template_ba44373b	xlsx	sheets	chartset-012	done		
0	068_Blue_inventory_list_Use_this_template_f9908489	xlsx	sheets	chartset-012	open	text	
0	080_Profit_and_loss_income_statement_3566dae9	xlsx	sheets	chartset-012	done		
0	097_Volunteer_Sign_Up_Sheet_Template_Professional_Format_075d06ed	xlsx	sheets	chartset-012	done		
5	001_Contextures_chart_sample_b089bc34	xlsx	sheets	chartset-013	done		chart-fit,chart-label-anchor,odf-gate-01,sheets-r54,sheets-r63
1	019_Free_Blood_Sugar_Chart_for_Excel_-_Track_Your_Blood_Sugar_Level_36f4a782	xlsx	sheets	chartset-013	done		sheets-r53-totalsrow
4	031_Business_expense_budget_f3a46278	xlsx	sheets	chartset-013	done		chart-cat-reverse,chart-layout,sheet-ink-r94,sheet-rows-r98
4	032_Business_expenses_budget_d377eaab	xlsx	sheets	chartset-013	done		chart-cat-reverse,chart-layout,sheet-rows-r98,stroke-resid-r117
1	033_Event_planning_tracker_Use_this_template_f29a848e	xlsx	sheets	chartset-013	done		chart-axis-wrap
8	035_Project_plan_for_law_firms_aa2d4462	xlsx	sheets	chartset-013	done		ods-draw-r82,pivot-fmt-r110,pivot-gen-r107,pivot-res-r108,sheet-last-r100,sheet-pivot-r103,slides-r56,stroke-resid-r117
0	043_Buy_a_car_vs._rideshare_ff07c7e6	xlsx	sheets	chartset-013	done		
12	049_Expenses_calculator_c351f3d0	xlsx	sheets	chartset-013	done		ods-page-r77,pivot-fmt-r110,pivot-gen-r107,pivot-res-r108,probes,sheet-default-r111,sheet-last-r100,sheet-pivot-r103,sheets-r52-condvalue,sheets-r53-totalsrow,sheets-r55,words-r59
0	059_Milestone_and_task_project_timeline_Use_this_template_24f1e8f1	xlsx	sheets	chartset-013	open	text	
0	087_Simple_personal_budget_3cf9b1af	xlsx	sheets	chartset-013	done		
0	016_Free_Organizational_Chart_Template_-_Company_Organization_Chart_db913144	xlsx	sheets	chartset-014	done		
6	017_Timeline_Templates_for_Excel_b88faee6	xlsx	sheets	chartset-014	open	text	ods-draw-r82,ods-notes-r92,ods-residue-r95,sheet-fill-r84,sheets-r50-chartex,sheets-r51-bands
0	025_Printable_Reward_Charts_for_Kids_-_Reward_Chart_Template_aabacd93	xlsx	sheets	chartset-014	done		
15	027_Simple_personal_cash_flow_statement_675c6584	xlsx	sheets	chartset-014	done		chart-axis-r112,chart-axisrot-r91,chart-cap-r113,chart-resid-r75,chart-slide-r117,chart-wrap-r111,ods-draw-r82,pivot-fmt-r110,pivot-gen-r107,pivot-res-r108,probes,sheet-fill-r84,sheet-last-r100,sheet-pivot-r103,sheets-clip-band
3	038_Baby_growth_chart_bb9cd672	xlsx	sheets	chartset-014	done		chart-secaxis,sheet-fill-r84,slides-r56
4	039_Baby_growth_tracker_e295ae56	xlsx	sheets	chartset-014	done		chart-secaxis,chart-slide-r117,gate-r111,slides-r56
7	045_Check_register_with_chart_4becb8a0	xlsx	sheets	chartset-014	open	text	chart-axis-r112,chart-axis-r86,chart-cat-reverse,chart-secaxis,orig-gate-r83,probes,xlsx-chart-r84
7	048_Expense_trends_budget_18d1e8ba	xlsx	sheets	chartset-014	open	text	chart-axis-r87,chart-fit,chart-fit-r97,overflow-r69,probes,sheets-r52-condvalue,vision-r68
1	064_Small_business_cash_flow_Use_this_template_0a640756	xlsx	sheets	chartset-014	open	text	slides-r62
0	076_Inventory_list_accessibility_guide_Use_this_template_f43dab19	xlsx	sheets	chartset-014	open	text	
0	004_2-Stage_Vertical_Funnel_Diagram_for_PowerPoint_593f4c80	pptx	slides	chartset-005	done		
0	005_2-Step_Funnel_On_left_With_Text_767f0490	pptx	slides	chartset-005	done		
0	006_2-Way_Horizontal_Hierarchy_for_PowerPoint_and_Google_Slides_7c1e5084	pptx	slides	chartset-005	open	ceiling	
0	011_3-Stage_Vertical_Funnel_Diagram_for_PowerPoint_10ce23dd	pptx	slides	chartset-005	done		
0	068_Funnel_Diagram_for_PowerPoint_with_2_Steps_437e4ba7	pptx	slides	chartset-005	done		
1	069_Funnel_Diagram_for_PowerPoint_with_3_Steps_f96396fc	pptx	slides	chartset-005	done		odp-master-r70
0	070_Funnel_Diagram_for_PowerPoint_with_4_Steps_975f1642	pptx	slides	chartset-005	done		
0	071_Funnel_Diagram_for_PowerPoint_with_5_Steps_5ceacdec	pptx	slides	chartset-005	done		
0	076_Hexadonut_Charts_for_PowerPoint_and_Google_Slides_2b879835	pptx	slides	chartset-005	open	ceiling	
0	084_Infographic_Hierarchy_Tree_for_PowerPoint_fda8141c	pptx	slides	chartset-005	open	ceiling	
1	001_1-2-3_Horizontal_Hierarchy_39795b4d	pptx	slides	chartset-006	open	ceiling	pptx-field-r82
0	007_3_Circles_Diagram_for_PowerPoint_dac9f170	pptx	slides	chartset-006	open	ceiling	
0	017_4-Stage_Vertical_Funnel_Diagram_for_PowerPoint_61e7bde5	pptx	slides	chartset-006	done		
0	031_Alarm_Clock_Pie-Chart_for_PowerPoint_and_Google_Slides_0b185a05	pptx	slides	chartset-006	open	text	
0	043_Dual_Horizontal_Hierarchy_for_PowerPoint_and_Google_Slides_5074b09e	pptx	slides	chartset-006	open	ceiling	
0	044_Dual_Mind_Spark_Chart_for_PowerPoint_a83f890a	pptx	slides	chartset-006	open	ceiling	
0	055_Four_Pillar_Hierarchy_for_PowerPoint_and_Google_Slides_6b42ed18	pptx	slides	chartset-006	open	ceiling	
0	077_Horizontal_Org_Chart_for_PowerPoint_and_Google_Slides_8cf07020	pptx	slides	chartset-006	open	ceiling	
0	094_Intersecting_Teardrops_for_PowerPoint_and_Google_Slides_ff43aedb	pptx	slides	chartset-006	open	ceiling	
0	099_Light_Bulb_SWOT_for_PowerPoint_and_Google_Slides_554a1e33	pptx	slides	chartset-006	open	text	
6	035_Chemistry_Column_PowerPoint_Chart_45bf8a76	pptx	slides	chartset-007	open	text	sheets-r54,slides-r50,slides-r51,slides-r52,slides-r55,slides-r60
0	039_Consumer_Decision_Journey_for_PowerPoint_319207e1	pptx	slides	chartset-007	done		
0	047_Female_Radar_Brain_for_PowerPoint_and_Google_Slides_c2a541f6	pptx	slides	chartset-007	open	text	
0	054_Flowchart_Board_Game_for_PowerPoint_and_Google_Slides_1b047962	pptx	slides	chartset-007	open	text	
0	057_Four-Branch_Diagram_for_PowerPoint_and_Google_Slides_ddf5d27c	pptx	slides	chartset-007	open	ceiling	
0	083_Infographic_Hexagon_Cluster_for_PowerPoint_and_Google_Slides_ef811a12	pptx	slides	chartset-007	open	ceiling	
0	090_Infographic_Radial_for_PowerPoint_and_Google_Slides_16a69891	pptx	slides	chartset-007	open	ceiling	
0	091_Infographic_Radial_for_PowerPoint_and_Google_Slides_c6909fa6	pptx	slides	chartset-007	open	ceiling	
0	092_Infographic_Tree_Diagram_for_PowerPoint_and_Google_Slides_d721fa00	pptx	slides	chartset-007	open	ceiling	
0	096_Lab_Flask_Charts_for_PowerPoint_and_Google_Slides_91e3cbb5	pptx	slides	chartset-007	open	ceiling	
1	009_3-Circle_Venn_PowerPoint_Diagram_2e59baa9	pptx	slides	chartset-008	done		slides-r52
0	012_3-Step_Hexagons_Puzzle_Diagram_for_PowerPoint_982482b5	pptx	slides	chartset-008	open	text	
0	018_4-Step_Hexagons_Puzzle_Diagram_for_PowerPoint_19957cce	pptx	slides	chartset-008	open	ceiling	
5	038_Competitive_Advantage_Card_for_PowerPoint_and_Google_Slides_373720f6	pptx	slides	chartset-008	open	text	chart-axisrot-r90,chart-axisrot-r91,chart-collide-r110,chart-slide-r117,slide-title-track-r90
0	040_Crab_Diagram_for_PowerPoint_and_Google_Slides_13d38ff3	pptx	slides	chartset-008	open	ceiling	
0	058_Four-Direction_Divergence_Diagram_for_PowerPoint_and_Google_Slides_9838e28d	pptx	slides	chartset-008	open	ceiling	
0	065_Fourfold_Ribbon_Rings_for_PowerPoint_and_Google_Slides_39687419	pptx	slides	chartset-008	open	ceiling	
0	072_Gear_Pie_Chart_for_PowerPoint_and_Google_Slides_d464d3a0	pptx	slides	chartset-008	open	text	
0	078_Horizontal_Pyramid_Org_Chart_for_PowerPoint_and_Google_Slides_70ea115a	pptx	slides	chartset-008	open	ceiling	
1	100_Lime_and_Lemon_Data-Driven_Chart_for_PowerPoint_d7bb4a44	pptx	slides	chartset-008	open	text	ink-hunt-r124
0	015_4-Option_Color_Wheel_Diagram_df7e4b8f	pptx	slides	chartset-009	open	ceiling	
0	020_5-Option_Color_Wheel_Diagram_104ea3b0	pptx	slides	chartset-009	open	ceiling	
0	022_5-Step_Hexagons_Puzzle_Diagram_for_PowerPoint_eda9895e	pptx	slides	chartset-009	open	text	
0	025_6-Option_Color_Wheel_Diagram_27e1c74d	pptx	slides	chartset-009	open	ceiling	
1	030_Abstract_Petal_Diagram_71aa5e3a	pptx	slides	chartset-009	open	text	slides-r51
1	033_Battery_Percentage_Chart_c99c24b5	pptx	slides	chartset-009	open	ceiling	chart-secaxis
0	037_Circle_Matrix_Framework_44bc5218	pptx	slides	chartset-009	open	text	
1	052_Flame_Percentage_Chart_d27d49c4	pptx	slides	chartset-009	open	ceiling	chart-secaxis
0	075_Heart_Arc_Radial_for_PowerPoint_and_Google_Slides_a27a3021	pptx	slides	chartset-009	open	text	
0	087_Infographic_Organization_Chart_for_PowerPoint_and_Google_Slides_2d951912	pptx	slides	chartset-009	open	ceiling	
0	002_10-Point_Dual_Hub_Comparison_4ee242c9	pptx	slides	chartset-010	open	ceiling	
0	027_6-Point_Dual_Hub_Comparison_13f9af30	pptx	slides	chartset-010	open	ceiling	
0	028_8-Point_Dual_Hub_Comparison_d6c5dde5	pptx	slides	chartset-010	open	ceiling	
1	041_Crosswise_Quadrant_Diagram_ea8bdf52	pptx	slides	chartset-010	open	text	slides-r51
0	042_Diamond_Hub_Infographic_a60cfaa1	pptx	slides	chartset-010	open	ceiling	
0	045_Dual-Segment_Quadrant_14a57221	pptx	slides	chartset-010	open	text	
0	048_Five-Arrows_Converging_Cycle_bb192e27	pptx	slides	chartset-010	open	text	
0	063_Four-Step_Infinity_Loop_3480185b	pptx	slides	chartset-010	open	ceiling	
0	093_Insightful_Zoom_Chart_22b5464e	pptx	slides	chartset-010	open	text	
0	095_Interwoven_Bars_e5aa46c2	pptx	slides	chartset-010	open	text	
1	010_3-Group_Hierarchy_for_PowerPoint_and_Google_Slides_20476ce0	pptx	slides	chartset-011	open	ceiling	odp-running-r71
0	026_6-Part_Hexagon_Radial_Diagram_b8ca3f40	pptx	slides	chartset-011	open	ceiling	
0	034_Central_Idea_Hub_Diagram_8258e6ad	pptx	slides	chartset-011	open	ceiling	
0	046_Eight-Point_Strategic_Compass_35ee62de	pptx	slides	chartset-011	open	text	
0	051_Five-Stage_Zigzag_Timeline_2bd39be9	pptx	slides	chartset-011	open	ceiling	
0	053_Flow_Wave_Process_9c0082f4	pptx	slides	chartset-011	open	text	
0	060_Four-Part_Radial_Core_Diagram_40d6614e	pptx	slides	chartset-011	open	ceiling	
0	062_Four-Step_Growth_Staircase_8a3ef338	pptx	slides	chartset-011	open	ceiling	
0	097_Labeled_Organization_Chart_for_PowerPoint_and_Google_Slides_f24fa592	pptx	slides	chartset-011	open	ceiling	
0	098_Leaning_Cards_Process_dadb3738	pptx	slides	chartset-011	open	ceiling	
1	003_2-Circle_Venn_Diagram_7ab74e5c	pptx	slides	chartset-012	open	text	slides-r51
0	008_3-Circle_Venn_Diagram_024a12c5	pptx	slides	chartset-012	open	text	
0	013_3-Step_Segmented_Cycle_Process_5232f82d	pptx	slides	chartset-012	open	ceiling	
2	061_Four-Stage_Serpentine_Chart_05699efe	pptx	slides	chartset-012	open	text	sheets-r59,sheets-r61
0	064_Four-Step_Success_Cycle_30c0a917	pptx	slides	chartset-012	open	ceiling	
1	067_Free_PowerPoint_Layered_Funnel_Process_4_Stages_4deb9647	pptx	slides	chartset-012	done		slides-r52
0	073_Halo_Radial_for_PowerPoint_and_Google_Slides_4bd0918b	pptx	slides	chartset-012	open	ceiling	
0	074_Hashtag_Matrix_246eb8d9	pptx	slides	chartset-012	open	text	
0	080_Infographic_Cycle_Venn_Diagram_for_PowerPoint_2e3cdb7f	pptx	slides	chartset-012	open	text	
0	089_Infographic_Radial_Matrix_for_PowerPoint_and_Google_Slides_eb0550f2	pptx	slides	chartset-012	open	ceiling	
0	014_3D_Radial_Block_List_for_PowerPoint_and_Google_Slides_0773075e	pptx	slides	chartset-013	open	ceiling	
0	016_4-Position_Org_Chart_1d3640b6	pptx	slides	chartset-013	open	ceiling	
0	023_5-Step_Progress_Cards_91d5ff57	pptx	slides	chartset-013	open	ceiling	
0	032_BCG_Growth-Share_Matrix_560d0485	pptx	slides	chartset-013	open	ceiling	
2	049_Five-Block_Hub_Spoke_42ee8593	pptx	slides	chartset-013	open	text	slides-r50,slides-r51
0	050_Five-Point_Radial_Hub_00793e08	pptx	slides	chartset-013	open	ceiling	
0	056_Four-Block_Hub_Spoke_134b89d1	pptx	slides	chartset-013	open	text	
1	066_Free_PowerPoint_Layered_Funnel_Process_c0b380ec	pptx	slides	chartset-013	done		slides-r52
0	079_Horizontal_Relationships_for_PowerPoint_and_Google_Slides_a3d35f63	pptx	slides	chartset-013	open	ceiling	
0	088_Infographic_Quadrant_Pie_Chart_7b1e8abd	pptx	slides	chartset-013	open	text	
0	019_4-Step_Segmented_Cycle_Process_2ff93c19	pptx	slides	chartset-014	open	ceiling	
0	021_5-Position_Org_Chart_cb042559	pptx	slides	chartset-014	open	ceiling	
0	024_5-Step_Segmented_Cycle_Process_c8ca37ef	pptx	slides	chartset-014	open	ceiling	
0	029_8-Step_Neumorphic_Cycle_Diagram_b9b75044	pptx	slides	chartset-014	open	text	
0	036_Chevron_Process_Cards_3c8f0ea1	pptx	slides	chartset-014	open	ceiling	
0	059_Four-Part_Concept_Puzzle_30cea7e5	pptx	slides	chartset-014	open	text	
0	081_Infographic_Funnel_w_3_Stages_for_PowerPoint_28e26b31	pptx	slides	chartset-014	open	ceiling	
0	082_Infographic_Funnel_with_4_Stages_for_PowerPoint_72d4f125	pptx	slides	chartset-014	open	ceiling	
0	085_Infographic_Org_Chart_for_PowerPoint_5_Blocks_3870252f	pptx	slides	chartset-014	open	ceiling	
1	086_Infographic_Org_Chart_for_PowerPoint_6_Blocks_f9086d83	pptx	slides	chartset-014	open	ceiling	slides-subpath-paint
10	WordArt_Shapes_Arrows_Catalog1	docx	words	drawingset-001	open	pagination	frame-area-r85,odt-page-r87,odt-resid-r77,words-catalogue-bias,words-empty-paragraph-height,words-fontwork,words-fontwork-presets,words-inline-effectextent,words-inline-shape-ink,words-vml-fontwork
