Fundamentals_Module_1_basics__ppt	1	25.99	49
Fundamentals_Module_1_basics__ppt	2	22.0	200
Fundamentals_Module_1_basics__ppt	3	24.01	283
Fundamentals_Module_1_basics__ppt	4	18.0	175
Fundamentals_Module_1_basics__ppt	5	11.99	32
Fundamentals_Module_1_basics__ppt	6	32.0	44
Fundamentals_Module_1_basics__ppt	7	32.0	39
Fundamentals_Module_1_basics__ppt	8	28.01	269
Fundamentals_Module_1_basics__ppt	9	28.01	169
Fundamentals_Module_1_basics__ppt	10	32.0	117
Fundamentals_Module_1_basics__ppt	11	28.01	192
Fundamentals_Module_1_basics__ppt	12	28.01	237
Fundamentals_Module_1_basics__ppt	13	24.01	214
Fundamentals_Module_1_basics__ppt	14	22.0	162
Fundamentals_Module_1_basics__ppt	15	20.01	337
Fundamentals_Module_1_basics__ppt	16	18.0	185
Fundamentals_Module_1_basics__ppt	17	14.0	119
Fundamentals_Module_1_basics__ppt	18	11.99	33
Fundamentals_Module_1_basics__ppt	19	36.0	58
Fundamentals_Module_1_basics__ppt	20	28.01	254
Fundamentals_Module_1_basics__ppt	21	28.01	81
Fundamentals_Module_1_basics__ppt	22	11.99	152
Fundamentals_Module_1_basics__ppt	23	18.0	170
Fundamentals_Module_1_basics__ppt	24	24.01	279
Fundamentals_Module_1_basics__ppt	25	28.01	217
Fundamentals_Module_1_basics__ppt	26	24.01	187
RRM-training-syllabus-Chapter-3-Teamwork-TC-Towing-Incident-Analysis-Dec-2009__ppt	1	36.0	69
RRM-training-syllabus-Chapter-3-Teamwork-TC-Towing-Incident-Analysis-Dec-2009__ppt	2	32.0	214
RRM-training-syllabus-Chapter-3-Teamwork-TC-Towing-Incident-Analysis-Dec-2009__ppt	3	14.0	70
RRM-training-syllabus-Chapter-3-Teamwork-TC-Towing-Incident-Analysis-Dec-2009__ppt	4	22.0	214
RRM-training-syllabus-Chapter-3-Teamwork-TC-Towing-Incident-Analysis-Dec-2009__ppt	5	24.01	202
RRM-training-syllabus-Chapter-3-Teamwork-TC-Towing-Incident-Analysis-Dec-2009__ppt	6	22.0	281
RRM-training-syllabus-Chapter-3-Teamwork-TC-Towing-Incident-Analysis-Dec-2009__ppt	7	10.01	188
RRM-training-syllabus-Chapter-3-Teamwork-TC-Towing-Incident-Analysis-Dec-2009__ppt	8	20.01	626
RRM-training-syllabus-Chapter-3-Teamwork-TC-Towing-Incident-Analysis-Dec-2009__ppt	9	10.01	188
RRM-training-syllabus-Chapter-3-Teamwork-TC-Towing-Incident-Analysis-Dec-2009__ppt	10	10.01	188
RRM-training-syllabus-Chapter-3-Teamwork-TC-Towing-Incident-Analysis-Dec-2009__ppt	11	10.01	188
RRM-training-syllabus-Chapter-3-Teamwork-TC-Towing-Incident-Analysis-Dec-2009__ppt	12	10.01	188
RRM-training-syllabus-Chapter-3-Teamwork-TC-Towing-Incident-Analysis-Dec-2009__ppt	13	10.01	188
RRM-training-syllabus-Chapter-3-Teamwork-TC-Towing-Incident-Analysis-Dec-2009__ppt	14	10.01	188
RRM-training-syllabus-Chapter-3-Teamwork-TC-Towing-Incident-Analysis-Dec-2009__ppt	15	10.01	188
RRM-training-syllabus-Chapter-3-Teamwork-TC-Towing-Incident-Analysis-Dec-2009__ppt	16	18.99	632
RRM-training-syllabus-Chapter-3-Teamwork-TC-Towing-Incident-Analysis-Dec-2009__ppt	17	10.01	188
RRM-training-syllabus-Chapter-3-Teamwork-TC-Towing-Incident-Analysis-Dec-2009__ppt	18	10.01	188
RRM-training-syllabus-Chapter-3-Teamwork-TC-Towing-Incident-Analysis-Dec-2009__ppt	19	24.01	423
RRM-training-syllabus-Chapter-3-Teamwork-TC-Towing-Incident-Analysis-Dec-2009__ppt	20	15.99	517
RRM-training-syllabus-Chapter-3-Teamwork-TC-Towing-Incident-Analysis-Dec-2009__ppt	21	20.01	301
RRM-training-syllabus-Chapter-3-Teamwork-TC-Towing-Incident-Analysis-Dec-2009__ppt	22	10.01	188
RRM-training-syllabus-Chapter-3-Teamwork-TC-Towing-Incident-Analysis-Dec-2009__ppt	23	20.01	510
RRM-training-syllabus-Chapter-3-Teamwork-TC-Towing-Incident-Analysis-Dec-2009__ppt	24	20.01	663
RRM-training-syllabus-Chapter-3-Teamwork-TC-Towing-Incident-Analysis-Dec-2009__ppt	25	10.01	188
RRM-training-syllabus-Chapter-3-Teamwork-TC-Towing-Incident-Analysis-Dec-2009__ppt	26	20.01	446
RRM-training-syllabus-Chapter-3-Teamwork-TC-Towing-Incident-Analysis-Dec-2009__ppt	27	10.01	188
W3_Case_Study_of_a_Tsunami_Warning_Simulation_Exercise_Ed__ppt	1	18.0	142
W3_Case_Study_of_a_Tsunami_Warning_Simulation_Exercise_Ed__ppt	2	28.01	366
W3_Case_Study_of_a_Tsunami_Warning_Simulation_Exercise_Ed__ppt	3	28.01	208
W3_Case_Study_of_a_Tsunami_Warning_Simulation_Exercise_Ed__ppt	4	29.99	200
W3_Case_Study_of_a_Tsunami_Warning_Simulation_Exercise_Ed__ppt	5	29.99	60
W3_Case_Study_of_a_Tsunami_Warning_Simulation_Exercise_Ed__ppt	6	28.01	66
W3_Case_Study_of_a_Tsunami_Warning_Simulation_Exercise_Ed__ppt	7	24.01	80
W3_Case_Study_of_a_Tsunami_Warning_Simulation_Exercise_Ed__ppt	8	24.01	84
W3_Case_Study_of_a_Tsunami_Warning_Simulation_Exercise_Ed__ppt	9	36.0	59
W3_Case_Study_of_a_Tsunami_Warning_Simulation_Exercise_Ed__ppt	10	24.01	92
W3_Case_Study_of_a_Tsunami_Warning_Simulation_Exercise_Ed__ppt	11	32.0	237
W3_Case_Study_of_a_Tsunami_Warning_Simulation_Exercise_Ed__ppt	12	32.0	196
W3_Case_Study_of_a_Tsunami_Warning_Simulation_Exercise_Ed__ppt	13	32.0	202
W3_Case_Study_of_a_Tsunami_Warning_Simulation_Exercise_Ed__ppt	14	28.01	265
W3_Case_Study_of_a_Tsunami_Warning_Simulation_Exercise_Ed__ppt	15	20.01	596
W3_Case_Study_of_a_Tsunami_Warning_Simulation_Exercise_Ed__ppt	16	28.01	287
W3_Case_Study_of_a_Tsunami_Warning_Simulation_Exercise_Ed__ppt	17	28.01	286
W3_Case_Study_of_a_Tsunami_Warning_Simulation_Exercise_Ed__ppt	18	24.01	429
W3_Case_Study_of_a_Tsunami_Warning_Simulation_Exercise_Ed__ppt	19	0.0	0
W3_Case_Study_of_a_Tsunami_Warning_Simulation_Exercise_Ed__ppt	20	32.0	115
Thailand17__ppt	1	32.0	132
Thailand17__ppt	2	7.95	321
Thailand17__ppt	3	22.0	454
Thailand17__ppt	4	29.99	206
Thailand17__ppt	5	29.99	86
Thailand17__ppt	6	24.01	456
Thailand17__ppt	7	24.01	171
Thailand17__ppt	8	24.01	92
Thailand17__ppt	9	20.01	178
Thailand17__ppt	10	29.99	200
Thailand17__ppt	11	11.99	548
Thailand17__ppt	12	20.01	216
Thailand17__ppt	13	24.01	490
Thailand17__ppt	14	24.01	262
Thailand17__ppt	15	24.01	452
Thailand17__ppt	16	24.01	416
Thailand17__ppt	17	14.0	306
Thailand17__ppt	18	14.0	434
Thailand17__ppt	19	14.0	392
Thailand17__ppt	20	14.0	934
Thailand17__ppt	21	14.0	641
Thailand17__ppt	22	20.01	29
Thailand17__ppt	23	24.01	514
Thailand17__ppt	24	14.0	600
Thailand17__ppt	25	14.0	550
Thailand17__ppt	26	15.99	175
Thailand17__ppt	27	18.0	48
Thailand17__ppt	28	24.01	244
Thailand17__ppt	29	24.01	197
Thailand17__ppt	30	24.01	90
Thailand17__ppt	31	25.99	430
Thailand17__ppt	32	28.01	178
Thailand17__ppt	33	20.01	65
Thailand17__ppt	34	32.0	344
Thailand17__ppt	35	24.01	197
Thailand17__ppt	36	24.01	90
Thailand17__ppt	37	25.99	380
Thailand17__ppt	38	28.01	160
Thailand17__ppt	39	20.01	162
Thailand17__ppt	40	20.01	74
Thailand17__ppt	41	32.0	448
Thailand17__ppt	42	24.01	522
Thailand17__ppt	43	24.01	560
Thailand17__ppt	44	24.01	862
Thailand17__ppt	45	24.01	852
Thailand17__ppt	46	24.01	730
Thailand17__ppt	47	32.0	150
Thailand17__ppt	48	40.0	80
Thailand17__ppt	49	0.0	0
Thailand17__ppt	50	29.99	372
Thailand17__ppt	51	29.99	276
Thailand17__ppt	52	29.99	280
Thailand17__ppt	53	29.99	406
Thailand17__ppt	54	32.0	16
architecture6__ppt	1	11.99	28
architecture6__ppt	2	24.01	104
architecture6__ppt	3	24.01	226
architecture6__ppt	4	24.01	60
architecture6__ppt	5	24.01	370
architecture6__ppt	6	24.01	281
architecture6__ppt	7	18.99	301
architecture6__ppt	8	24.01	389
architecture6__ppt	9	24.01	321
architecture6__ppt	10	14.0	917
architecture6__ppt	11	24.01	39
architecture6__ppt	12	24.01	44
architecture6__ppt	13	24.01	307
architecture6__ppt	14	14.0	995
architecture6__ppt	15	11.99	29
architecture6__ppt	16	24.01	32
architecture6__ppt	17	24.01	36
architecture6__ppt	18	11.99	29
architecture6__ppt	19	24.01	60
architecture6__ppt	20	24.01	188
architecture6__ppt	21	14.0	981
architecture6__ppt	22	24.01	31
architecture6__ppt	23	24.01	270
architecture6__ppt	24	14.0	863
architecture6__ppt	25	24.01	40
architecture6__ppt	26	24.01	310
architecture6__ppt	27	14.0	918
architecture6__ppt	28	24.01	39
architecture6__ppt	29	20.01	182
architecture6__ppt	30	18.99	364
architecture6__ppt	31	24.01	175
7-Zulkefli_Part147n66_IKMAS__pptx	1	18.0	509
7-Zulkefli_Part147n66_IKMAS__pptx	2	28.01	146
7-Zulkefli_Part147n66_IKMAS__pptx	3	14.0	131
7-Zulkefli_Part147n66_IKMAS__pptx	4	10.01	132
7-Zulkefli_Part147n66_IKMAS__pptx	5	10.01	182
7-Zulkefli_Part147n66_IKMAS__pptx	6	11.0	16
7-Zulkefli_Part147n66_IKMAS__pptx	7	18.0	41
7-Zulkefli_Part147n66_IKMAS__pptx	8	18.0	39
7-Zulkefli_Part147n66_IKMAS__pptx	9	18.0	231
7-Zulkefli_Part147n66_IKMAS__pptx	10	11.99	794
7-Zulkefli_Part147n66_IKMAS__pptx	11	11.99	12
7-Zulkefli_Part147n66_IKMAS__pptx	12	11.0	685
7-Zulkefli_Part147n66_IKMAS__pptx	13	18.0	191
7-Zulkefli_Part147n66_IKMAS__pptx	14	11.99	12
7-Zulkefli_Part147n66_IKMAS__pptx	15	11.0	683
7-Zulkefli_Part147n66_IKMAS__pptx	16	18.0	207
7-Zulkefli_Part147n66_IKMAS__pptx	17	18.0	524
7-Zulkefli_Part147n66_IKMAS__pptx	18	20.01	32
OnTrac_StarCertificationProgram-3Day__pptx	1	7.0	94
OnTrac_StarCertificationProgram-3Day__pptx	2	11.99	242
OnTrac_StarCertificationProgram-3Day__pptx	3	15.99	203
OnTrac_StarCertificationProgram-3Day__pptx	4	14.0	323
OnTrac_StarCertificationProgram-3Day__pptx	5	14.0	476
OnTrac_StarCertificationProgram-3Day__pptx	6	11.99	1227
OnTrac_StarCertificationProgram-3Day__pptx	7	11.99	389
OnTrac_StarCertificationProgram-3Day__pptx	8	20.01	264
OnTrac_StarCertificationProgram-3Day__pptx	9	18.0	214
OnTrac_StarCertificationProgram-3Day__pptx	10	18.0	135
OnTrac_StarCertificationProgram-3Day__pptx	11	18.0	147
OnTrac_StarCertificationProgram-3Day__pptx	12	20.01	268
OnTrac_StarCertificationProgram-3Day__pptx	13	15.99	130
OnTrac_StarCertificationProgram-3Day__pptx	14	36.0	15
OnTrac_StarCertificationProgram-3Day__pptx	15	29.99	16
N2_E_Maestroni_Swarm_COP__pptx	1	20.01	110
N2_E_Maestroni_Swarm_COP__pptx	2	15.99	222
N2_E_Maestroni_Swarm_COP__pptx	3	14.0	522
N2_E_Maestroni_Swarm_COP__pptx	4	13.01	201
N2_E_Maestroni_Swarm_COP__pptx	5	14.0	773
N2_E_Maestroni_Swarm_COP__pptx	6	14.0	705
N2_E_Maestroni_Swarm_COP__pptx	7	7.14	580
N2_E_Maestroni_Swarm_COP__pptx	8	4.99	3853
N2_E_Maestroni_Swarm_COP__pptx	9	7.99	1357
N2_E_Maestroni_Swarm_COP__pptx	10	15.99	610
N2_E_Maestroni_Swarm_COP__pptx	11	10.01	1316
N2_E_Maestroni_Swarm_COP__pptx	12	15.99	303
N2_E_Maestroni_Swarm_COP__pptx	13	15.99	78
N2_E_Maestroni_Swarm_COP__pptx	14	15.99	562
N2_E_Maestroni_Swarm_COP__pptx	15	7.99	950
N2_E_Maestroni_Swarm_COP__pptx	16	7.99	1099
N2_E_Maestroni_Swarm_COP__pptx	17	14.0	664
N2_E_Maestroni_Swarm_COP__pptx	18	10.01	1104
N2_E_Maestroni_Swarm_COP__pptx	19	10.01	1509
N2_E_Maestroni_Swarm_COP__pptx	20	14.0	516
N2_E_Maestroni_Swarm_COP__pptx	21	10.01	1398
N2_E_Maestroni_Swarm_COP__pptx	22	14.0	653
N2_E_Maestroni_Swarm_COP__pptx	23	9.01	791
N2_E_Maestroni_Swarm_COP__pptx	24	14.0	632
N2_E_Maestroni_Swarm_COP__pptx	25	14.0	1050
N2_E_Maestroni_Swarm_COP__pptx	26	18.0	143
N2_E_Maestroni_Swarm_COP__pptx	27	18.0	320
N2_E_Maestroni_Swarm_COP__pptx	28	11.99	1142
N2_E_Maestroni_Swarm_COP__pptx	29	14.99	715
N2_E_Maestroni_Swarm_COP__pptx	30	15.99	189
solog_orientation_august_2019__pptx	1	8.5	61
solog_orientation_august_2019__pptx	2	32.0	77
solog_orientation_august_2019__pptx	3	20.01	455
solog_orientation_august_2019__pptx	4	24.01	158
solog_orientation_august_2019__pptx	5	22.0	139
solog_orientation_august_2019__pptx	6	22.0	203
solog_orientation_august_2019__pptx	7	18.0	226
solog_orientation_august_2019__pptx	8	14.0	203
solog_orientation_august_2019__pptx	9	28.01	175
solog_orientation_august_2019__pptx	10	24.01	127
solog_orientation_august_2019__pptx	11	28.01	94
solog_orientation_august_2019__pptx	12	28.01	199
solog_orientation_august_2019__pptx	13	32.0	133
solog_orientation_august_2019__pptx	14	32.0	176
solog_orientation_august_2019__pptx	15	27.01	232
Sylva%20introduction%20session__pptx	1	10.01	76
Sylva%20introduction%20session__pptx	2	13.01	385
Sylva%20introduction%20session__pptx	3	13.41	166
Sylva%20introduction%20session__pptx	4	24.01	414
Sylva%20introduction%20session__pptx	5	14.0	354
Sylva%20introduction%20session__pptx	6	10.69	1008
Sylva%20introduction%20session__pptx	7	14.0	206
Sylva%20introduction%20session__pptx	8	18.0	368
Sylva%20introduction%20session__pptx	9	40.0	8
Sylva%20introduction%20session__pptx	10	10.01	459
Sylva%20introduction%20session__pptx	11	11.99	206
Sylva%20introduction%20session__pptx	12	14.0	180
Sylva%20introduction%20session__pptx	13	14.0	137
Sylva%20introduction%20session__pptx	14	27.01	36
Sylva%20introduction%20session__pptx	15	18.0	106
8_P-Pavese_AIRBUS-ATB-journee-CRATB__pptx	1	22.0	84
8_P-Pavese_AIRBUS-ATB-journee-CRATB__pptx	2	14.99	124
8_P-Pavese_AIRBUS-ATB-journee-CRATB__pptx	3	18.0	86
8_P-Pavese_AIRBUS-ATB-journee-CRATB__pptx	4	24.01	207
8_P-Pavese_AIRBUS-ATB-journee-CRATB__pptx	5	17.01	162
8_P-Pavese_AIRBUS-ATB-journee-CRATB__pptx	6	11.99	629
8_P-Pavese_AIRBUS-ATB-journee-CRATB__pptx	7	24.01	82
8_P-Pavese_AIRBUS-ATB-journee-CRATB__pptx	8	18.0	105
8_P-Pavese_AIRBUS-ATB-journee-CRATB__pptx	9	20.01	139
8_P-Pavese_AIRBUS-ATB-journee-CRATB__pptx	10	28.01	250
8_P-Pavese_AIRBUS-ATB-journee-CRATB__pptx	11	11.0	317
8_P-Pavese_AIRBUS-ATB-journee-CRATB__pptx	12	22.0	139
8_P-Pavese_AIRBUS-ATB-journee-CRATB__pptx	13	22.0	366
8_P-Pavese_AIRBUS-ATB-journee-CRATB__pptx	14	11.99	320
8_P-Pavese_AIRBUS-ATB-journee-CRATB__pptx	15	9.0	123
8_P-Pavese_AIRBUS-ATB-journee-CRATB__pptx	16	11.99	137
8_P-Pavese_AIRBUS-ATB-journee-CRATB__pptx	17	18.0	253
8_P-Pavese_AIRBUS-ATB-journee-CRATB__pptx	18	17.01	428
8_P-Pavese_AIRBUS-ATB-journee-CRATB__pptx	19	14.99	287
8_P-Pavese_AIRBUS-ATB-journee-CRATB__pptx	20	18.0	183
8_P-Pavese_AIRBUS-ATB-journee-CRATB__pptx	21	14.0	409
8_P-Pavese_AIRBUS-ATB-journee-CRATB__pptx	22	14.0	349
8_P-Pavese_AIRBUS-ATB-journee-CRATB__pptx	23	28.01	194
8_P-Pavese_AIRBUS-ATB-journee-CRATB__pptx	24	24.01	353
8_P-Pavese_AIRBUS-ATB-journee-CRATB__pptx	25	20.01	238
8_P-Pavese_AIRBUS-ATB-journee-CRATB__pptx	26	24.01	422
pres_ioc_phuket__ppt	1	43.99	57
pres_ioc_phuket__ppt	2	28.01	355
pres_ioc_phuket__ppt	3	32.0	116
pres_ioc_phuket__ppt	4	32.0	70
pres_ioc_phuket__ppt	5	24.01	283
pres_ioc_phuket__ppt	6	28.01	106
pres_ioc_phuket__ppt	7	32.0	248
pres_ioc_phuket__ppt	8	40.0	19
pres_ioc_phuket__ppt	9	36.0	49
pres_ioc_phuket__ppt	10	32.0	190
pres_ioc_phuket__ppt	11	28.01	349
pres_ioc_phuket__ppt	12	32.0	139
pres_ioc_phuket__ppt	13	32.0	159
pres_ioc_phuket__ppt	14	28.01	276
pres_ioc_phuket__ppt	15	32.0	190
pres_ioc_phuket__ppt	16	32.0	238
pres_ioc_phuket__ppt	17	32.0	153
pres_ioc_phuket__ppt	18	28.01	313
pres_ioc_phuket__ppt	19	32.0	132
pres_ioc_phuket__ppt	20	32.0	91
pres_ioc_phuket__ppt	21	32.0	113
pres_ioc_phuket__ppt	22	24.01	366
pres_ioc_phuket__ppt	23	24.01	104
pres_ioc_phuket__ppt	24	20.01	394
pres_ioc_phuket__ppt	25	22.0	495
pres_ioc_phuket__ppt	26	18.99	234
southern-classic-kennesaw-state-university-final__pptx	1	24.01	106
southern-classic-kennesaw-state-university-final__pptx	2	14.0	223
southern-classic-kennesaw-state-university-final__pptx	3	14.0	187
southern-classic-kennesaw-state-university-final__pptx	4	22.0	276
southern-classic-kennesaw-state-university-final__pptx	5	22.0	211
southern-classic-kennesaw-state-university-final__pptx	6	18.0	136
southern-classic-kennesaw-state-university-final__pptx	7	18.0	222
southern-classic-kennesaw-state-university-final__pptx	8	22.0	270
southern-classic-kennesaw-state-university-final__pptx	9	18.0	115
southern-classic-kennesaw-state-university-final__pptx	10	18.0	264
southern-classic-kennesaw-state-university-final__pptx	11	14.0	424
southern-classic-kennesaw-state-university-final__pptx	12	22.0	123
southern-classic-kennesaw-state-university-final__pptx	13	22.0	308
southern-classic-kennesaw-state-university-final__pptx	14	18.0	224
southern-classic-kennesaw-state-university-final__pptx	15	28.01	96
southern-classic-kennesaw-state-university-final__pptx	16	18.0	294
southern-classic-kennesaw-state-university-final__pptx	17	12.58	862
southern-classic-kennesaw-state-university-final__pptx	18	18.0	235
southern-classic-kennesaw-state-university-final__pptx	19	17.01	260
southern-classic-kennesaw-state-university-final__pptx	20	24.01	185
southern-classic-kennesaw-state-university-final__pptx	21	22.0	187
southern-classic-kennesaw-state-university-final__pptx	22	24.01	299
southern-classic-kennesaw-state-university-final__pptx	23	40.0	23
016_advanced_powerpoint_bubble__pptx	1	13.01	86
16 - UTM - (NASA)__pptx	1	32.0	48
16 - UTM - (NASA)__pptx	2	15.99	136
16 - UTM - (NASA)__pptx	3	11.99	109
16 - UTM - (NASA)__pptx	4	28.01	41
16 - UTM - (NASA)__pptx	5	22.0	135
16 - UTM - (NASA)__pptx	6	32.0	216
16 - UTM - (NASA)__pptx	7	18.0	868
16 - UTM - (NASA)__pptx	8	24.01	337
16 - UTM - (NASA)__pptx	9	18.99	222
16 - UTM - (NASA)__pptx	10	14.99	462
16 - UTM - (NASA)__pptx	11	20.01	532
16 - UTM - (NASA)__pptx	12	22.0	179
16 - UTM - (NASA)__pptx	13	24.01	107
16 - UTM - (NASA)__pptx	14	22.0	232
16 - UTM - (NASA)__pptx	15	22.0	298
16 - UTM - (NASA)__pptx	16	18.99	101
16 - UTM - (NASA)__pptx	17	11.0	22
16 - UTM - (NASA)__pptx	18	11.99	405
16 - UTM - (NASA)__pptx	19	15.99	220
16 - UTM - (NASA)__pptx	20	18.0	683
16 - UTM - (NASA)__pptx	21	32.0	151
16 - UTM - (NASA)__pptx	22	18.0	348
16 - UTM - (NASA)__pptx	23	18.0	263
16 - UTM - (NASA)__pptx	24	24.01	319
16 - UTM - (NASA)__pptx	25	18.0	438
16 - UTM - (NASA)__pptx	26	27.01	80
16 - UTM - (NASA)__pptx	27	18.0	260
16 - UTM - (NASA)__pptx	28	29.99	182
16 - UTM - (NASA)__pptx	29	10.01	2
16 - UTM - (NASA)__pptx	30	18.99	227
16 - UTM - (NASA)__pptx	31	18.0	596
16 - UTM - (NASA)__pptx	32	32.0	230
16 - UTM - (NASA)__pptx	33	24.01	404
16 - UTM - (NASA)__pptx	34	36.0	6
16 - UTM - (NASA)__pptx	35	22.0	135
16 - UTM - (NASA)__pptx	36	24.01	265
16 - UTM - (NASA)__pptx	37	18.0	416
combo_bar_line_chart__pptx	1	11.99	137
stacked_area_chart__pptx	1	11.99	95
006_advanced_powerpoint_area__pptx	1	13.01	86
017_advanced_powerpoint_bar__pptx	1	13.01	86
WiGr_2021W_1_Angebot-Nachfrage-Elastizität-211017-171222__pptx	1	15.99	62
WiGr_2021W_1_Angebot-Nachfrage-Elastizität-211017-171222__pptx	2	20.01	406
WiGr_2021W_1_Angebot-Nachfrage-Elastizität-211017-171222__pptx	3	20.01	321
WiGr_2021W_1_Angebot-Nachfrage-Elastizität-211017-171222__pptx	4	20.01	298
WiGr_2021W_1_Angebot-Nachfrage-Elastizität-211017-171222__pptx	5	24.01	112
WiGr_2021W_1_Angebot-Nachfrage-Elastizität-211017-171222__pptx	6	15.99	416
WiGr_2021W_1_Angebot-Nachfrage-Elastizität-211017-171222__pptx	7	14.0	683
WiGr_2021W_1_Angebot-Nachfrage-Elastizität-211017-171222__pptx	8	15.99	588
WiGr_2021W_1_Angebot-Nachfrage-Elastizität-211017-171222__pptx	9	18.0	405
WiGr_2021W_1_Angebot-Nachfrage-Elastizität-211017-171222__pptx	10	18.0	144
WiGr_2021W_1_Angebot-Nachfrage-Elastizität-211017-171222__pptx	11	18.0	206
WiGr_2021W_1_Angebot-Nachfrage-Elastizität-211017-171222__pptx	12	18.0	155
WiGr_2021W_1_Angebot-Nachfrage-Elastizität-211017-171222__pptx	13	18.0	142
WiGr_2021W_1_Angebot-Nachfrage-Elastizität-211017-171222__pptx	14	18.0	674
WiGr_2021W_1_Angebot-Nachfrage-Elastizität-211017-171222__pptx	15	18.0	273
WiGr_2021W_1_Angebot-Nachfrage-Elastizität-211017-171222__pptx	16	18.0	253
WiGr_2021W_1_Angebot-Nachfrage-Elastizität-211017-171222__pptx	17	18.0	205
WiGr_2021W_1_Angebot-Nachfrage-Elastizität-211017-171222__pptx	18	18.0	125
WiGr_2021W_1_Angebot-Nachfrage-Elastizität-211017-171222__pptx	19	18.0	292
WiGr_2021W_1_Angebot-Nachfrage-Elastizität-211017-171222__pptx	20	18.0	126
WiGr_2021W_1_Angebot-Nachfrage-Elastizität-211017-171222__pptx	21	18.0	70
WiGr_2021W_1_Angebot-Nachfrage-Elastizität-211017-171222__pptx	22	18.0	254
WiGr_2021W_1_Angebot-Nachfrage-Elastizität-211017-171222__pptx	23	18.0	142
WiGr_2021W_1_Angebot-Nachfrage-Elastizität-211017-171222__pptx	24	18.0	156
WiGr_2021W_1_Angebot-Nachfrage-Elastizität-211017-171222__pptx	25	18.0	91
WiGr_2021W_1_Angebot-Nachfrage-Elastizität-211017-171222__pptx	26	18.0	389
WiGr_2021W_1_Angebot-Nachfrage-Elastizität-211017-171222__pptx	27	18.0	155
WiGr_2021W_1_Angebot-Nachfrage-Elastizität-211017-171222__pptx	28	28.01	27
WiGr_2021W_1_Angebot-Nachfrage-Elastizität-211017-171222__pptx	29	15.99	60
WiGr_2021W_1_Angebot-Nachfrage-Elastizität-211017-171222__pptx	30	18.0	436
WiGr_2021W_1_Angebot-Nachfrage-Elastizität-211017-171222__pptx	31	18.0	59
WiGr_2021W_1_Angebot-Nachfrage-Elastizität-211017-171222__pptx	32	18.0	59
WiGr_2021W_1_Angebot-Nachfrage-Elastizität-211017-171222__pptx	33	20.01	131
WiGr_2021W_1_Angebot-Nachfrage-Elastizität-211017-171222__pptx	34	18.0	50
WiGr_2021W_1_Angebot-Nachfrage-Elastizität-211017-171222__pptx	35	18.0	764
WiGr_2021W_1_Angebot-Nachfrage-Elastizität-211017-171222__pptx	36	18.0	43
WiGr_2021W_1_Angebot-Nachfrage-Elastizität-211017-171222__pptx	37	28.01	32
WiGr_2021W_1_Angebot-Nachfrage-Elastizität-211017-171222__pptx	38	28.01	23
WiGr_2021W_1_Angebot-Nachfrage-Elastizität-211017-171222__pptx	39	18.0	81
WiGr_2021W_1_Angebot-Nachfrage-Elastizität-211017-171222__pptx	40	18.0	85
WiGr_2021W_1_Angebot-Nachfrage-Elastizität-211017-171222__pptx	41	18.0	337
WiGr_2021W_1_Angebot-Nachfrage-Elastizität-211017-171222__pptx	42	28.01	16
WiGr_2021W_1_Angebot-Nachfrage-Elastizität-211017-171222__pptx	43	28.01	16
WiGr_2021W_1_Angebot-Nachfrage-Elastizität-211017-171222__pptx	44	28.01	28
WiGr_2021W_1_Angebot-Nachfrage-Elastizität-211017-171222__pptx	45	28.01	22
WiGr_2021W_1_Angebot-Nachfrage-Elastizität-211017-171222__pptx	46	28.01	22
WiGr_2021W_1_Angebot-Nachfrage-Elastizität-211017-171222__pptx	47	28.01	27
WiGr_2021W_1_Angebot-Nachfrage-Elastizität-211017-171222__pptx	48	18.0	359
WiGr_2021W_1_Angebot-Nachfrage-Elastizität-211017-171222__pptx	49	18.0	283
WiGr_2021W_1_Angebot-Nachfrage-Elastizität-211017-171222__pptx	50	18.0	151
WiGr_2021W_1_Angebot-Nachfrage-Elastizität-211017-171222__pptx	51	15.99	758
015_advanced_powerpoint_scatter__pptx	1	13.01	86
030_advanced_powerpoint_area__pptx	1	13.01	86
bar_chart__pptx	1	11.99	60
002_advanced_powerpoint_column__pptx	1	13.01	86
scatter_chart__pptx	1	10.01	48
009_advanced_powerpoint_bar__pptx	1	13.01	86
012_advanced_powerpoint_pie__pptx	1	13.01	86
001_advanced_powerpoint_bar__pptx	1	13.01	86
028_advanced_powerpoint_pie__pptx	1	13.01	86
018_advanced_powerpoint_column__pptx	1	13.01	86
014_advanced_powerpoint_area__pptx	1	13.01	86
022_advanced_powerpoint_area__pptx	1	13.01	86
024_advanced_powerpoint_bubble__pptx	1	13.01	86
033_advanced_powerpoint_bar__pptx	1	13.01	86
029_advanced_powerpoint_doughnut__pptx	1	13.01	86
005_advanced_powerpoint_doughnut__pptx	1	13.01	86
006_2-Way_Horizontal_Hierarchy_for_PowerPoint_and_Google_Slides_7c1e5084__pptx	1	14.0	176
006_2-Way_Horizontal_Hierarchy_for_PowerPoint_and_Google_Slides_7c1e5084__pptx	2	14.0	176
006_2-Way_Horizontal_Hierarchy_for_PowerPoint_and_Google_Slides_7c1e5084__pptx	3	18.0	61
011_advanced_powerpoint_line__pptx	1	13.01	86
069_Funnel_Diagram_for_PowerPoint_with_3_Steps_f96396fc__pptx	1	28.01	34
027_advanced_powerpoint_line__pptx	1	13.01	86
013_advanced_powerpoint_doughnut__pptx	1	13.01	86
076_Hexadonut_Charts_for_PowerPoint_and_Google_Slides_2b879835__pptx	1	10.01	426
076_Hexadonut_Charts_for_PowerPoint_and_Google_Slides_2b879835__pptx	2	10.01	426
076_Hexadonut_Charts_for_PowerPoint_and_Google_Slides_2b879835__pptx	3	18.0	61
021_advanced_powerpoint_doughnut__pptx	1	13.01	86
026_advanced_powerpoint_column__pptx	1	13.01	86
007_3_Circles_Diagram_for_PowerPoint_dac9f170__pptx	1	10.49	568
007_3_Circles_Diagram_for_PowerPoint_dac9f170__pptx	2	10.49	568
007_3_Circles_Diagram_for_PowerPoint_dac9f170__pptx	3	18.0	46
005_2-Step_Funnel_On_left_With_Text_767f0490__pptx	1	11.99	288
043_Dual_Horizontal_Hierarchy_for_PowerPoint_and_Google_Slides_5074b09e__pptx	1	10.49	240
043_Dual_Horizontal_Hierarchy_for_PowerPoint_and_Google_Slides_5074b09e__pptx	2	10.49	240
043_Dual_Horizontal_Hierarchy_for_PowerPoint_and_Google_Slides_5074b09e__pptx	3	18.0	61
077_Horizontal_Org_Chart_for_PowerPoint_and_Google_Slides_8cf07020__pptx	1	9.01	329
077_Horizontal_Org_Chart_for_PowerPoint_and_Google_Slides_8cf07020__pptx	2	9.01	329
077_Horizontal_Org_Chart_for_PowerPoint_and_Google_Slides_8cf07020__pptx	3	18.0	61
Demick_JetBlue__pptx	1	25.99	44
Demick_JetBlue__pptx	2	24.01	158
Demick_JetBlue__pptx	3	18.99	481
Demick_JetBlue__pptx	4	18.0	177
Demick_JetBlue__pptx	5	9.9	133
Demick_JetBlue__pptx	6	9.9	139
Demick_JetBlue__pptx	7	9.9	227
Demick_JetBlue__pptx	8	9.9	160
Demick_JetBlue__pptx	9	20.01	548
Demick_JetBlue__pptx	10	0.0	0
068_Funnel_Diagram_for_PowerPoint_with_2_Steps_437e4ba7__pptx	1	36.0	34
035_Chemistry_Column_PowerPoint_Chart_45bf8a76__pptx	1	10.01	544
035_Chemistry_Column_PowerPoint_Chart_45bf8a76__pptx	2	10.01	544
035_Chemistry_Column_PowerPoint_Chart_45bf8a76__pptx	3	18.0	34
008_advanced_powerpoint_bubble__pptx	1	13.01	86
054_Flowchart_Board_Game_for_PowerPoint_and_Google_Slides_1b047962__pptx	1	10.01	272
054_Flowchart_Board_Game_for_PowerPoint_and_Google_Slides_1b047962__pptx	2	10.01	272
054_Flowchart_Board_Game_for_PowerPoint_and_Google_Slides_1b047962__pptx	3	18.0	61
031_advanced_powerpoint_scatter__pptx	1	13.01	86
071_Funnel_Diagram_for_PowerPoint_with_5_Steps_5ceacdec__pptx	1	28.01	34
090_Infographic_Radial_for_PowerPoint_and_Google_Slides_16a69891__pptx	1	9.01	142
090_Infographic_Radial_for_PowerPoint_and_Google_Slides_16a69891__pptx	2	9.01	142
090_Infographic_Radial_for_PowerPoint_and_Google_Slides_16a69891__pptx	3	18.0	61
096_Lab_Flask_Charts_for_PowerPoint_and_Google_Slides_91e3cbb5__pptx	1	10.01	381
096_Lab_Flask_Charts_for_PowerPoint_and_Google_Slides_91e3cbb5__pptx	2	10.01	381
096_Lab_Flask_Charts_for_PowerPoint_and_Google_Slides_91e3cbb5__pptx	3	18.0	61
line_chart__pptx	1	10.01	45
001_1-2-3_Horizontal_Hierarchy_39795b4d__pptx	1	10.01	426
001_1-2-3_Horizontal_Hierarchy_39795b4d__pptx	2	10.01	426
001_1-2-3_Horizontal_Hierarchy_39795b4d__pptx	3	18.0	61
018_4-Step_Hexagons_Puzzle_Diagram_for_PowerPoint_19957cce__pptx	1	10.49	568
018_4-Step_Hexagons_Puzzle_Diagram_for_PowerPoint_19957cce__pptx	2	10.49	568
018_4-Step_Hexagons_Puzzle_Diagram_for_PowerPoint_19957cce__pptx	3	18.0	61
stacked_bar_chart__pptx	1	11.99	95
031_Alarm_Clock_Pie-Chart_for_PowerPoint_and_Google_Slides_0b185a05__pptx	1	10.01	795
031_Alarm_Clock_Pie-Chart_for_PowerPoint_and_Google_Slides_0b185a05__pptx	2	10.01	795
031_Alarm_Clock_Pie-Chart_for_PowerPoint_and_Google_Slides_0b185a05__pptx	3	18.0	61
007_advanced_powerpoint_scatter__pptx	1	13.01	86
058_Four-Direction_Divergence_Diagram_for_PowerPoint_and_Google_Slides_9838e28d__pptx	1	10.49	568
058_Four-Direction_Divergence_Diagram_for_PowerPoint_and_Google_Slides_9838e28d__pptx	2	10.49	568
058_Four-Direction_Divergence_Diagram_for_PowerPoint_and_Google_Slides_9838e28d__pptx	3	18.0	61
055_Four_Pillar_Hierarchy_for_PowerPoint_and_Google_Slides_6b42ed18__pptx	1	10.01	710
055_Four_Pillar_Hierarchy_for_PowerPoint_and_Google_Slides_6b42ed18__pptx	2	10.01	710
055_Four_Pillar_Hierarchy_for_PowerPoint_and_Google_Slides_6b42ed18__pptx	3	18.0	61
023_advanced_powerpoint_scatter__pptx	1	13.01	86
099_Light_Bulb_SWOT_for_PowerPoint_and_Google_Slides_554a1e33__pptx	1	10.01	568
099_Light_Bulb_SWOT_for_PowerPoint_and_Google_Slides_554a1e33__pptx	2	10.01	568
099_Light_Bulb_SWOT_for_PowerPoint_and_Google_Slides_554a1e33__pptx	3	18.0	61
078_Horizontal_Pyramid_Org_Chart_for_PowerPoint_and_Google_Slides_70ea115a__pptx	1	9.01	369
078_Horizontal_Pyramid_Org_Chart_for_PowerPoint_and_Google_Slides_70ea115a__pptx	2	9.01	369
078_Horizontal_Pyramid_Org_Chart_for_PowerPoint_and_Google_Slides_70ea115a__pptx	3	18.0	61
047_Female_Radar_Brain_for_PowerPoint_and_Google_Slides_c2a541f6__pptx	1	10.01	744
047_Female_Radar_Brain_for_PowerPoint_and_Google_Slides_c2a541f6__pptx	2	10.01	744
047_Female_Radar_Brain_for_PowerPoint_and_Google_Slides_c2a541f6__pptx	3	10.01	744
047_Female_Radar_Brain_for_PowerPoint_and_Google_Slides_c2a541f6__pptx	4	18.0	61
020_5-Option_Color_Wheel_Diagram_104ea3b0__pptx	1	11.99	636
020_5-Option_Color_Wheel_Diagram_104ea3b0__pptx	2	11.99	636
020_5-Option_Color_Wheel_Diagram_104ea3b0__pptx	3	22.0	53
032_advanced_powerpoint_bubble__pptx	1	13.01	86
083_Infographic_Hexagon_Cluster_for_PowerPoint_and_Google_Slides_ef811a12__pptx	1	10.01	344
083_Infographic_Hexagon_Cluster_for_PowerPoint_and_Google_Slides_ef811a12__pptx	2	10.01	344
083_Infographic_Hexagon_Cluster_for_PowerPoint_and_Google_Slides_ef811a12__pptx	3	18.0	61
003_advanced_powerpoint_line__pptx	1	13.01	86
030_Abstract_Petal_Diagram_71aa5e3a__pptx	1	10.01	508
030_Abstract_Petal_Diagram_71aa5e3a__pptx	2	10.01	508
030_Abstract_Petal_Diagram_71aa5e3a__pptx	3	22.0	53
010_advanced_powerpoint_column__pptx	1	13.01	86
052_Flame_Percentage_Chart_d27d49c4__pptx	1	11.99	568
052_Flame_Percentage_Chart_d27d49c4__pptx	2	11.99	568
052_Flame_Percentage_Chart_d27d49c4__pptx	3	22.0	53
092_Infographic_Tree_Diagram_for_PowerPoint_and_Google_Slides_d721fa00__pptx	1	10.49	432
092_Infographic_Tree_Diagram_for_PowerPoint_and_Google_Slides_d721fa00__pptx	2	10.49	432
092_Infographic_Tree_Diagram_for_PowerPoint_and_Google_Slides_d721fa00__pptx	3	18.0	61
019_advanced_powerpoint_line__pptx	1	13.01	86
002_10-Point_Dual_Hub_Comparison_4ee242c9__pptx	1	11.99	104
002_10-Point_Dual_Hub_Comparison_4ee242c9__pptx	2	11.99	104
002_10-Point_Dual_Hub_Comparison_4ee242c9__pptx	3	22.0	53
012_3-Step_Hexagons_Puzzle_Diagram_for_PowerPoint_982482b5__pptx	1	11.0	426
012_3-Step_Hexagons_Puzzle_Diagram_for_PowerPoint_982482b5__pptx	2	11.0	426
012_3-Step_Hexagons_Puzzle_Diagram_for_PowerPoint_982482b5__pptx	3	18.0	61
041_Crosswise_Quadrant_Diagram_ea8bdf52__pptx	1	10.01	508
041_Crosswise_Quadrant_Diagram_ea8bdf52__pptx	2	10.01	508
041_Crosswise_Quadrant_Diagram_ea8bdf52__pptx	3	22.0	53
004_advanced_powerpoint_pie__pptx	1	13.01	86
040_Crab_Diagram_for_PowerPoint_and_Google_Slides_13d38ff3__pptx	1	9.01	142
040_Crab_Diagram_for_PowerPoint_and_Google_Slides_13d38ff3__pptx	2	9.01	142
040_Crab_Diagram_for_PowerPoint_and_Google_Slides_13d38ff3__pptx	3	18.0	61
048_Five-Arrows_Converging_Cycle_bb192e27__pptx	1	10.01	635
048_Five-Arrows_Converging_Cycle_bb192e27__pptx	2	10.01	635
048_Five-Arrows_Converging_Cycle_bb192e27__pptx	3	22.0	53
020_advanced_powerpoint_pie__pptx	1	13.01	86
095_Interwoven_Bars_e5aa46c2__pptx	1	10.01	568
095_Interwoven_Bars_e5aa46c2__pptx	2	10.01	568
095_Interwoven_Bars_e5aa46c2__pptx	3	22.0	53
072_Gear_Pie_Chart_for_PowerPoint_and_Google_Slides_d464d3a0__pptx	1	11.99	64
072_Gear_Pie_Chart_for_PowerPoint_and_Google_Slides_d464d3a0__pptx	2	11.99	64
072_Gear_Pie_Chart_for_PowerPoint_and_Google_Slides_d464d3a0__pptx	3	18.0	61
025_advanced_powerpoint_bar__pptx	1	13.01	86
034_Central_Idea_Hub_Diagram_8258e6ad__pptx	1	11.99	210
034_Central_Idea_Hub_Diagram_8258e6ad__pptx	2	11.99	210
034_Central_Idea_Hub_Diagram_8258e6ad__pptx	3	22.0	53
004_2-Stage_Vertical_Funnel_Diagram_for_PowerPoint_593f4c80__pptx	1	14.0	210
015_4-Option_Color_Wheel_Diagram_df7e4b8f__pptx	1	11.99	568
015_4-Option_Color_Wheel_Diagram_df7e4b8f__pptx	2	11.99	568
015_4-Option_Color_Wheel_Diagram_df7e4b8f__pptx	3	22.0	53
053_Flow_Wave_Process_9c0082f4__pptx	1	15.99	295
053_Flow_Wave_Process_9c0082f4__pptx	2	15.99	295
053_Flow_Wave_Process_9c0082f4__pptx	3	22.0	53
011_3-Stage_Vertical_Funnel_Diagram_for_PowerPoint_10ce23dd__pptx	1	14.0	210
070_Funnel_Diagram_for_PowerPoint_with_4_Steps_975f1642__pptx	1	28.01	34
025_6-Option_Color_Wheel_Diagram_27e1c74d__pptx	1	11.99	852
025_6-Option_Color_Wheel_Diagram_27e1c74d__pptx	2	11.99	852
025_6-Option_Color_Wheel_Diagram_27e1c74d__pptx	3	22.0	53
097_Labeled_Organization_Chart_for_PowerPoint_and_Google_Slides_f24fa592__pptx	1	9.01	415
097_Labeled_Organization_Chart_for_PowerPoint_and_Google_Slides_f24fa592__pptx	2	9.01	415
097_Labeled_Organization_Chart_for_PowerPoint_and_Google_Slides_f24fa592__pptx	3	18.0	61
084_Infographic_Hierarchy_Tree_for_PowerPoint_fda8141c__pptx	1	9.01	284
084_Infographic_Hierarchy_Tree_for_PowerPoint_fda8141c__pptx	2	9.01	284
084_Infographic_Hierarchy_Tree_for_PowerPoint_fda8141c__pptx	3	18.0	46
008_3-Circle_Venn_Diagram_024a12c5__pptx	1	10.01	426
008_3-Circle_Venn_Diagram_024a12c5__pptx	2	10.01	426
008_3-Circle_Venn_Diagram_024a12c5__pptx	3	22.0	53
037_Circle_Matrix_Framework_44bc5218__pptx	1	10.01	552
037_Circle_Matrix_Framework_44bc5218__pptx	2	10.01	552
037_Circle_Matrix_Framework_44bc5218__pptx	3	22.0	53
064_Four-Step_Success_Cycle_30c0a917__pptx	1	14.0	208
064_Four-Step_Success_Cycle_30c0a917__pptx	2	14.0	208
064_Four-Step_Success_Cycle_30c0a917__pptx	3	22.0	53
017_4-Stage_Vertical_Funnel_Diagram_for_PowerPoint_61e7bde5__pptx	1	14.0	210
087_Infographic_Organization_Chart_for_PowerPoint_and_Google_Slides_2d951912__pptx	1	9.01	1120
087_Infographic_Organization_Chart_for_PowerPoint_and_Google_Slides_2d951912__pptx	2	9.01	1120
087_Infographic_Organization_Chart_for_PowerPoint_and_Google_Slides_2d951912__pptx	3	9.01	1120
087_Infographic_Organization_Chart_for_PowerPoint_and_Google_Slides_2d951912__pptx	4	18.0	61
044_Dual_Mind_Spark_Chart_for_PowerPoint_a83f890a__pptx	1	10.01	738
044_Dual_Mind_Spark_Chart_for_PowerPoint_a83f890a__pptx	2	10.01	738
044_Dual_Mind_Spark_Chart_for_PowerPoint_a83f890a__pptx	3	10.01	738
044_Dual_Mind_Spark_Chart_for_PowerPoint_a83f890a__pptx	4	18.0	61
074_Hashtag_Matrix_246eb8d9__pptx	1	10.01	508
074_Hashtag_Matrix_246eb8d9__pptx	2	10.01	508
074_Hashtag_Matrix_246eb8d9__pptx	3	22.0	53
028_8-Point_Dual_Hub_Comparison_d6c5dde5__pptx	1	11.99	104
028_8-Point_Dual_Hub_Comparison_d6c5dde5__pptx	2	11.99	104
028_8-Point_Dual_Hub_Comparison_d6c5dde5__pptx	3	22.0	53
094_Intersecting_Teardrops_for_PowerPoint_and_Google_Slides_ff43aedb__pptx	1	9.01	568
094_Intersecting_Teardrops_for_PowerPoint_and_Google_Slides_ff43aedb__pptx	2	9.01	568
094_Intersecting_Teardrops_for_PowerPoint_and_Google_Slides_ff43aedb__pptx	3	18.0	61
045_Dual-Segment_Quadrant_14a57221__pptx	1	10.49	568
045_Dual-Segment_Quadrant_14a57221__pptx	2	10.49	568
045_Dual-Segment_Quadrant_14a57221__pptx	3	22.0	53
039_Consumer_Decision_Journey_for_PowerPoint_319207e1__pptx	1	10.01	196
093_Insightful_Zoom_Chart_22b5464e__pptx	1	10.01	762
093_Insightful_Zoom_Chart_22b5464e__pptx	2	10.01	762
093_Insightful_Zoom_Chart_22b5464e__pptx	3	22.0	53
014_3D_Radial_Block_List_for_PowerPoint_and_Google_Slides_0773075e__pptx	1	8.19	1024
014_3D_Radial_Block_List_for_PowerPoint_and_Google_Slides_0773075e__pptx	2	8.19	1024
014_3D_Radial_Block_List_for_PowerPoint_and_Google_Slides_0773075e__pptx	3	18.0	61
057_Four-Branch_Diagram_for_PowerPoint_and_Google_Slides_ddf5d27c__pptx	1	14.0	160
057_Four-Branch_Diagram_for_PowerPoint_and_Google_Slides_ddf5d27c__pptx	2	14.0	160
057_Four-Branch_Diagram_for_PowerPoint_and_Google_Slides_ddf5d27c__pptx	3	18.0	61
032_BCG_Growth-Share_Matrix_560d0485__pptx	1	14.0	179
032_BCG_Growth-Share_Matrix_560d0485__pptx	2	14.0	179
032_BCG_Growth-Share_Matrix_560d0485__pptx	3	22.0	53
026_6-Part_Hexagon_Radial_Diagram_b8ca3f40__pptx	1	10.01	312
026_6-Part_Hexagon_Radial_Diagram_b8ca3f40__pptx	2	10.01	312
026_6-Part_Hexagon_Radial_Diagram_b8ca3f40__pptx	3	22.0	53
091_Infographic_Radial_for_PowerPoint_and_Google_Slides_c6909fa6__pptx	1	10.01	852
091_Infographic_Radial_for_PowerPoint_and_Google_Slides_c6909fa6__pptx	2	10.01	852
091_Infographic_Radial_for_PowerPoint_and_Google_Slides_c6909fa6__pptx	3	18.0	61
051_Five-Stage_Zigzag_Timeline_2bd39be9__pptx	1	15.99	243
051_Five-Stage_Zigzag_Timeline_2bd39be9__pptx	2	15.99	243
051_Five-Stage_Zigzag_Timeline_2bd39be9__pptx	3	22.0	53
056_Four-Block_Hub_Spoke_134b89d1__pptx	1	9.01	412
056_Four-Block_Hub_Spoke_134b89d1__pptx	2	9.01	412
056_Four-Block_Hub_Spoke_134b89d1__pptx	3	22.0	53
009_3-Circle_Venn_PowerPoint_Diagram_2e59baa9__pptx	1	10.01	245
009_3-Circle_Venn_PowerPoint_Diagram_2e59baa9__pptx	2	10.01	245
038_Competitive_Advantage_Card_for_PowerPoint_and_Google_Slides_373720f6__pptx	1	9.01	510
038_Competitive_Advantage_Card_for_PowerPoint_and_Google_Slides_373720f6__pptx	2	9.01	510
038_Competitive_Advantage_Card_for_PowerPoint_and_Google_Slides_373720f6__pptx	3	18.0	61
062_Four-Step_Growth_Staircase_8a3ef338__pptx	1	10.49	344
062_Four-Step_Growth_Staircase_8a3ef338__pptx	2	10.49	344
062_Four-Step_Growth_Staircase_8a3ef338__pptx	3	22.0	53
065_Fourfold_Ribbon_Rings_for_PowerPoint_and_Google_Slides_39687419__pptx	1	11.0	568
065_Fourfold_Ribbon_Rings_for_PowerPoint_and_Google_Slides_39687419__pptx	2	11.0	568
065_Fourfold_Ribbon_Rings_for_PowerPoint_and_Google_Slides_39687419__pptx	3	18.0	61
088_Infographic_Quadrant_Pie_Chart_7b1e8abd__pptx	1	10.01	568
088_Infographic_Quadrant_Pie_Chart_7b1e8abd__pptx	2	10.01	568
088_Infographic_Quadrant_Pie_Chart_7b1e8abd__pptx	3	22.0	53
100_Lime_and_Lemon_Data-Driven_Chart_for_PowerPoint_d7bb4a44__pptx	1	36.0	37
100_Lime_and_Lemon_Data-Driven_Chart_for_PowerPoint_d7bb4a44__pptx	2	7.99	744
100_Lime_and_Lemon_Data-Driven_Chart_for_PowerPoint_d7bb4a44__pptx	3	7.99	744
100_Lime_and_Lemon_Data-Driven_Chart_for_PowerPoint_d7bb4a44__pptx	4	36.0	37
100_Lime_and_Lemon_Data-Driven_Chart_for_PowerPoint_d7bb4a44__pptx	5	18.0	61
003_2-Circle_Venn_Diagram_7ab74e5c__pptx	1	10.01	272
003_2-Circle_Venn_Diagram_7ab74e5c__pptx	2	10.01	272
003_2-Circle_Venn_Diagram_7ab74e5c__pptx	3	22.0	53
022_5-Step_Hexagons_Puzzle_Diagram_for_PowerPoint_eda9895e__pptx	1	10.01	710
022_5-Step_Hexagons_Puzzle_Diagram_for_PowerPoint_eda9895e__pptx	2	10.01	710
022_5-Step_Hexagons_Puzzle_Diagram_for_PowerPoint_eda9895e__pptx	3	18.0	61
024_5-Step_Segmented_Cycle_Process_c8ca37ef__pptx	1	11.99	710
024_5-Step_Segmented_Cycle_Process_c8ca37ef__pptx	2	11.99	710
024_5-Step_Segmented_Cycle_Process_c8ca37ef__pptx	3	22.0	53
033_Battery_Percentage_Chart_c99c24b5__pptx	1	11.99	426
033_Battery_Percentage_Chart_c99c24b5__pptx	2	11.99	426
033_Battery_Percentage_Chart_c99c24b5__pptx	3	22.0	53
059_Four-Part_Concept_Puzzle_30cea7e5__pptx	1	10.01	568
059_Four-Part_Concept_Puzzle_30cea7e5__pptx	2	11.0	505
059_Four-Part_Concept_Puzzle_30cea7e5__pptx	3	11.0	505
059_Four-Part_Concept_Puzzle_30cea7e5__pptx	4	11.0	505
059_Four-Part_Concept_Puzzle_30cea7e5__pptx	5	11.0	505
059_Four-Part_Concept_Puzzle_30cea7e5__pptx	6	22.0	53
061_Four-Stage_Serpentine_Chart_05699efe__pptx	1	10.01	60
061_Four-Stage_Serpentine_Chart_05699efe__pptx	2	10.01	60
061_Four-Stage_Serpentine_Chart_05699efe__pptx	3	22.0	53
075_Heart_Arc_Radial_for_PowerPoint_and_Google_Slides_a27a3021__pptx	1	11.0	188
075_Heart_Arc_Radial_for_PowerPoint_and_Google_Slides_a27a3021__pptx	2	11.0	188
075_Heart_Arc_Radial_for_PowerPoint_and_Google_Slides_a27a3021__pptx	3	18.0	61
085_Infographic_Org_Chart_for_PowerPoint_5_Blocks_3870252f__pptx	1	14.99	50
085_Infographic_Org_Chart_for_PowerPoint_5_Blocks_3870252f__pptx	2	14.99	50
085_Infographic_Org_Chart_for_PowerPoint_5_Blocks_3870252f__pptx	3	18.0	46
073_Halo_Radial_for_PowerPoint_and_Google_Slides_4bd0918b__pptx	1	9.01	568
073_Halo_Radial_for_PowerPoint_and_Google_Slides_4bd0918b__pptx	2	9.01	568
073_Halo_Radial_for_PowerPoint_and_Google_Slides_4bd0918b__pptx	3	18.0	61
policy-pesentation__ppt	1	36.0	28
policy-pesentation__ppt	2	28.01	110
policy-pesentation__ppt	3	28.01	145
policy-pesentation__ppt	4	22.0	131
policy-pesentation__ppt	5	24.01	112
policy-pesentation__ppt	6	28.01	65
policy-pesentation__ppt	7	24.01	150
policy-pesentation__ppt	8	36.0	10
policy-pesentation__ppt	9	28.01	150
policy-pesentation__ppt	10	28.01	98
policy-pesentation__ppt	11	24.01	68
policy-pesentation__ppt	12	28.01	64
policy-pesentation__ppt	13	24.01	131
policy-pesentation__ppt	14	24.01	95
policy-pesentation__ppt	15	28.01	74
policy-pesentation__ppt	16	24.01	159
027_6-Point_Dual_Hub_Comparison_13f9af30__pptx	1	11.99	104
027_6-Point_Dual_Hub_Comparison_13f9af30__pptx	2	11.99	104
027_6-Point_Dual_Hub_Comparison_13f9af30__pptx	3	22.0	53
BMFE-06-03 (Gerflor) Smoke Density and Toxicity__pptx	1	14.0	67
BMFE-06-03 (Gerflor) Smoke Density and Toxicity__pptx	2	10.01	1107
BMFE-06-03 (Gerflor) Smoke Density and Toxicity__pptx	3	10.01	1094
BMFE-06-03 (Gerflor) Smoke Density and Toxicity__pptx	4	20.01	523
BMFE-06-03 (Gerflor) Smoke Density and Toxicity__pptx	5	20.01	456
BMFE-06-03 (Gerflor) Smoke Density and Toxicity__pptx	6	0.0	0
089_Infographic_Radial_Matrix_for_PowerPoint_and_Google_Slides_eb0550f2__pptx	1	9.01	568
089_Infographic_Radial_Matrix_for_PowerPoint_and_Google_Slides_eb0550f2__pptx	2	9.01	568
089_Infographic_Radial_Matrix_for_PowerPoint_and_Google_Slides_eb0550f2__pptx	3	18.0	61
042_Diamond_Hub_Infographic_a60cfaa1__pptx	1	14.0	516
042_Diamond_Hub_Infographic_a60cfaa1__pptx	2	14.0	516
042_Diamond_Hub_Infographic_a60cfaa1__pptx	3	22.0	53
Trust Fund Excise Taxes Structure__pptx	1	11.99	746
063_Four-Step_Infinity_Loop_3480185b__pptx	1	15.99	136
063_Four-Step_Infinity_Loop_3480185b__pptx	2	15.99	136
063_Four-Step_Infinity_Loop_3480185b__pptx	3	22.0	53
023_5-Step_Progress_Cards_91d5ff57__pptx	1	9.01	430
023_5-Step_Progress_Cards_91d5ff57__pptx	2	9.01	430
023_5-Step_Progress_Cards_91d5ff57__pptx	3	22.0	53
010_3-Group_Hierarchy_for_PowerPoint_and_Google_Slides_20476ce0__pptx	1	10.49	141
010_3-Group_Hierarchy_for_PowerPoint_and_Google_Slides_20476ce0__pptx	2	10.49	141
010_3-Group_Hierarchy_for_PowerPoint_and_Google_Slides_20476ce0__pptx	3	18.0	61
080214-Intl-pol-frameworks-and-their-implications-for-Africa-ISS-workshop__ppt	1	46.01	60
080214-Intl-pol-frameworks-and-their-implications-for-Africa-ISS-workshop__ppt	2	28.01	223
080214-Intl-pol-frameworks-and-their-implications-for-Africa-ISS-workshop__ppt	3	28.01	222
080214-Intl-pol-frameworks-and-their-implications-for-Africa-ISS-workshop__ppt	4	28.01	221
080214-Intl-pol-frameworks-and-their-implications-for-Africa-ISS-workshop__ppt	5	28.01	205
080214-Intl-pol-frameworks-and-their-implications-for-Africa-ISS-workshop__ppt	6	27.01	351
080214-Intl-pol-frameworks-and-their-implications-for-Africa-ISS-workshop__ppt	7	27.01	331
080214-Intl-pol-frameworks-and-their-implications-for-Africa-ISS-workshop__ppt	8	22.0	328
080214-Intl-pol-frameworks-and-their-implications-for-Africa-ISS-workshop__ppt	9	28.01	208
080214-Intl-pol-frameworks-and-their-implications-for-Africa-ISS-workshop__ppt	10	28.01	211
080214-Intl-pol-frameworks-and-their-implications-for-Africa-ISS-workshop__ppt	11	28.01	324
080214-Intl-pol-frameworks-and-their-implications-for-Africa-ISS-workshop__ppt	12	28.01	282
080214-Intl-pol-frameworks-and-their-implications-for-Africa-ISS-workshop__ppt	13	28.01	200
080214-Intl-pol-frameworks-and-their-implications-for-Africa-ISS-workshop__ppt	14	28.01	158
080214-Intl-pol-frameworks-and-their-implications-for-Africa-ISS-workshop__ppt	15	28.01	163
080214-Intl-pol-frameworks-and-their-implications-for-Africa-ISS-workshop__ppt	16	28.01	176
080214-Intl-pol-frameworks-and-their-implications-for-Africa-ISS-workshop__ppt	17	28.01	292
080214-Intl-pol-frameworks-and-their-implications-for-Africa-ISS-workshop__ppt	18	28.01	148
046_Eight-Point_Strategic_Compass_35ee62de__pptx	1	9.01	232
046_Eight-Point_Strategic_Compass_35ee62de__pptx	2	9.01	232
046_Eight-Point_Strategic_Compass_35ee62de__pptx	3	22.0	53
060_Four-Part_Radial_Core_Diagram_40d6614e__pptx	1	11.99	445
060_Four-Part_Radial_Core_Diagram_40d6614e__pptx	2	11.99	445
060_Four-Part_Radial_Core_Diagram_40d6614e__pptx	3	22.0	53
050_Five-Point_Radial_Hub_00793e08__pptx	1	11.0	215
050_Five-Point_Radial_Hub_00793e08__pptx	2	11.0	215
050_Five-Point_Radial_Hub_00793e08__pptx	3	22.0	53
ws_prod-g-doc-Events-2007-may-presentation-PtF-background-+-principles__ppt	1	36.0	22
ws_prod-g-doc-Events-2007-may-presentation-PtF-background-+-principles__ppt	2	24.01	175
ws_prod-g-doc-Events-2007-may-presentation-PtF-background-+-principles__ppt	3	24.01	233
ws_prod-g-doc-Events-2007-may-presentation-PtF-background-+-principles__ppt	4	28.01	109
ws_prod-g-doc-Events-2007-may-presentation-PtF-background-+-principles__ppt	5	20.01	138
ws_prod-g-doc-Events-2007-may-presentation-PtF-background-+-principles__ppt	6	28.01	74
ws_prod-g-doc-Events-2007-may-presentation-PtF-background-+-principles__ppt	7	28.01	117
ws_prod-g-doc-Events-2007-may-presentation-PtF-background-+-principles__ppt	8	24.01	83
ws_prod-g-doc-Events-2007-may-presentation-PtF-background-+-principles__ppt	9	28.01	213
ws_prod-g-doc-Events-2007-may-presentation-PtF-background-+-principles__ppt	10	28.01	183
ws_prod-g-doc-Events-2007-may-presentation-PtF-background-+-principles__ppt	11	28.01	92
ws_prod-g-doc-Events-2007-may-presentation-PtF-background-+-principles__ppt	12	24.01	254
ws_prod-g-doc-Events-2007-may-presentation-PtF-background-+-principles__ppt	13	20.01	128
ws_prod-g-doc-Events-2007-may-presentation-PtF-background-+-principles__ppt	14	28.01	147
ws_prod-g-doc-Events-2007-may-presentation-PtF-background-+-principles__ppt	15	28.01	220
ws_prod-g-doc-Events-2007-may-presentation-PtF-background-+-principles__ppt	16	28.01	161
ws_prod-g-doc-Events-2007-may-presentation-PtF-background-+-principles__ppt	17	28.01	253
ws_prod-g-doc-Events-2007-may-presentation-PtF-background-+-principles__ppt	18	24.01	162
ws_prod-g-doc-Events-2007-may-presentation-PtF-background-+-principles__ppt	19	28.01	144
ws_prod-g-doc-Events-2007-may-presentation-PtF-background-+-principles__ppt	20	28.01	156
098_Leaning_Cards_Process_dadb3738__pptx	1	14.0	340
098_Leaning_Cards_Process_dadb3738__pptx	2	14.0	340
098_Leaning_Cards_Process_dadb3738__pptx	3	22.0	53
079_Horizontal_Relationships_for_PowerPoint_and_Google_Slides_a3d35f63__pptx	1	13.49	88
079_Horizontal_Relationships_for_PowerPoint_and_Google_Slides_a3d35f63__pptx	2	9.01	172
079_Horizontal_Relationships_for_PowerPoint_and_Google_Slides_a3d35f63__pptx	3	18.0	61
Curriculum-Schematic-E22-11052025__pptx	1	14.0	230
Curriculum-Schematic-E22-11052025__pptx	2	14.0	338
Curriculum-Schematic-E22-11052025__pptx	3	14.0	394
Curriculum-Schematic-E22-11052025__pptx	4	14.0	384
Curriculum-Schematic-E22-11052025__pptx	5	14.0	261
Curriculum-Schematic-E22-11052025__pptx	6	14.0	377
Curriculum-Schematic-E22-11052025__pptx	7	15.99	115
Curriculum-Schematic-E22-11052025__pptx	8	14.0	345
Curriculum-Schematic-E22-11052025__pptx	9	14.0	345
Curriculum-Schematic-E22-11052025__pptx	10	14.0	409
Curriculum-Schematic-E22-11052025__pptx	11	14.0	409
Curriculum-Schematic-E22-11052025__pptx	12	14.0	243
013_3-Step_Segmented_Cycle_Process_5232f82d__pptx	1	11.99	426
013_3-Step_Segmented_Cycle_Process_5232f82d__pptx	2	11.99	426
013_3-Step_Segmented_Cycle_Process_5232f82d__pptx	3	22.0	53
medicines_bulletin_february_2023_final__pptx	1	11.0	2652
021_5-Position_Org_Chart_cb042559__pptx	1	11.0	212
021_5-Position_Org_Chart_cb042559__pptx	2	10.49	212
021_5-Position_Org_Chart_cb042559__pptx	3	18.0	61
outlook_of_nigerian_pension_sector__ppt	1	18.0	43
outlook_of_nigerian_pension_sector__ppt	2	28.01	150
outlook_of_nigerian_pension_sector__ppt	3	20.01	318
outlook_of_nigerian_pension_sector__ppt	4	20.01	121
outlook_of_nigerian_pension_sector__ppt	5	11.0	149
outlook_of_nigerian_pension_sector__ppt	6	11.99	573
outlook_of_nigerian_pension_sector__ppt	7	10.01	252
outlook_of_nigerian_pension_sector__ppt	8	14.0	132
outlook_of_nigerian_pension_sector__ppt	9	11.99	362
outlook_of_nigerian_pension_sector__ppt	10	11.99	304
outlook_of_nigerian_pension_sector__ppt	11	11.99	455
outlook_of_nigerian_pension_sector__ppt	12	18.0	90
067_Free_PowerPoint_Layered_Funnel_Process_4_Stages_4deb9647__pptx	1	13.01	432
067_Free_PowerPoint_Layered_Funnel_Process_4_Stages_4deb9647__pptx	2	13.01	432
067_Free_PowerPoint_Layered_Funnel_Process_4_Stages_4deb9647__pptx	3	13.01	432
067_Free_PowerPoint_Layered_Funnel_Process_4_Stages_4deb9647__pptx	4	13.01	432
036_Chevron_Process_Cards_3c8f0ea1__pptx	1	11.99	215
036_Chevron_Process_Cards_3c8f0ea1__pptx	2	11.99	215
036_Chevron_Process_Cards_3c8f0ea1__pptx	3	22.0	53
080_Infographic_Cycle_Venn_Diagram_for_PowerPoint_2e3cdb7f__pptx	1	11.99	568
080_Infographic_Cycle_Venn_Diagram_for_PowerPoint_2e3cdb7f__pptx	2	11.99	568
080_Infographic_Cycle_Venn_Diagram_for_PowerPoint_2e3cdb7f__pptx	3	18.0	46
082_Infographic_Funnel_with_4_Stages_for_PowerPoint_72d4f125__pptx	1	9.01	824
082_Infographic_Funnel_with_4_Stages_for_PowerPoint_72d4f125__pptx	2	9.01	824
082_Infographic_Funnel_with_4_Stages_for_PowerPoint_72d4f125__pptx	3	18.0	46
ws_prod-g-doc-Events-2007-september-MDM.032-(ENGLISH)-CZ__ppt	1	20.01	83
ws_prod-g-doc-Events-2007-september-MDM.032-(ENGLISH)-CZ__ppt	2	28.01	89
ws_prod-g-doc-Events-2007-september-MDM.032-(ENGLISH)-CZ__ppt	3	28.01	105
ws_prod-g-doc-Events-2007-september-MDM.032-(ENGLISH)-CZ__ppt	4	10.01	65
ws_prod-g-doc-Events-2007-september-MDM.032-(ENGLISH)-CZ__ppt	5	24.01	202
ws_prod-g-doc-Events-2007-september-MDM.032-(ENGLISH)-CZ__ppt	6	20.01	315
ws_prod-g-doc-Events-2007-september-MDM.032-(ENGLISH)-CZ__ppt	7	15.99	402
ws_prod-g-doc-Events-2007-september-MDM.032-(ENGLISH)-CZ__ppt	8	20.01	449
ws_prod-g-doc-Events-2007-september-MDM.032-(ENGLISH)-CZ__ppt	9	24.01	126
ws_prod-g-doc-Events-2007-september-MDM.032-(ENGLISH)-CZ__ppt	10	24.01	228
ws_prod-g-doc-Events-2007-september-MDM.032-(ENGLISH)-CZ__ppt	11	20.01	199
ws_prod-g-doc-Events-2007-september-MDM.032-(ENGLISH)-CZ__ppt	12	20.01	180
ws_prod-g-doc-Events-2007-september-MDM.032-(ENGLISH)-CZ__ppt	13	24.01	110
ws_prod-g-doc-Events-2007-september-MDM.032-(ENGLISH)-CZ__ppt	14	20.01	370
ws_prod-g-doc-Events-2007-september-MDM.032-(ENGLISH)-CZ__ppt	15	24.01	218
ws_prod-g-doc-Events-2007-september-MDM.032-(ENGLISH)-CZ__ppt	16	18.0	93
ws_prod-g-doc-Events-2007-september-MDM.032-(ENGLISH)-CZ__ppt	17	24.01	242
ws_prod-g-doc-Events-2007-september-MDM.032-(ENGLISH)-CZ__ppt	18	10.01	66
ws_prod-g-doc-Events-2007-september-MDM.032-(ENGLISH)-CZ__ppt	19	15.99	688
ws_prod-g-doc-Events-2007-september-MDM.032-(ENGLISH)-CZ__ppt	20	28.01	84
ws_prod-g-doc-Events-2007-september-MDM.032-(ENGLISH)-CZ__ppt	21	10.01	66
ws_prod-g-doc-Events-2007-september-MDM.032-(ENGLISH)-CZ__ppt	22	15.99	471
ws_prod-g-doc-Events-2007-september-MDM.032-(ENGLISH)-CZ__ppt	23	20.01	395
ws_prod-g-doc-Events-2007-september-MDM.032-(ENGLISH)-CZ__ppt	24	20.01	321
ws_prod-g-doc-Events-2007-september-MDM.032-(ENGLISH)-CZ__ppt	25	20.01	176
ws_prod-g-doc-Events-2007-september-MDM.032-(ENGLISH)-CZ__ppt	26	24.01	170
ws_prod-g-doc-Events-2007-september-MDM.032-(ENGLISH)-CZ__ppt	27	28.01	105
ws_prod-g-doc-Events-2007-september-MDM.032-(ENGLISH)-CZ__ppt	28	10.01	66
ws_prod-g-doc-Events-2007-september-MDM.032-(ENGLISH)-CZ__ppt	29	20.01	416
ws_prod-g-doc-Events-2007-september-MDM.032-(ENGLISH)-CZ__ppt	30	24.01	374
ws_prod-g-doc-Events-2007-september-MDM.032-(ENGLISH)-CZ__ppt	31	7.0	306
ws_prod-g-doc-Events-2007-september-MDM.032-(ENGLISH)-CZ__ppt	32	10.01	66
ws_prod-g-doc-Events-2007-september-MDM.032-(ENGLISH)-CZ__ppt	33	20.01	111
ws_prod-g-doc-Events-2007-september-MDM.032-(ENGLISH)-CZ__ppt	34	24.01	188
ws_prod-g-doc-Events-2007-september-MDM.032-(ENGLISH)-CZ__ppt	35	15.99	475
ws_prod-g-doc-Events-2007-september-MDM.032-(ENGLISH)-CZ__ppt	36	24.01	111
ws_prod-g-doc-Events-2007-september-MDM.032-(ENGLISH)-CZ__ppt	37	18.0	128
ws_prod-g-doc-Events-2007-september-MDM.032-(ENGLISH)-CZ__ppt	38	24.01	184
016_4-Position_Org_Chart_1d3640b6__pptx	1	11.0	212
016_4-Position_Org_Chart_1d3640b6__pptx	2	11.0	212
016_4-Position_Org_Chart_1d3640b6__pptx	3	18.0	61
WC_Update-Aug03__ppt	1	43.99	23
WC_Update-Aug03__ppt	2	32.0	64
WC_Update-Aug03__ppt	3	32.0	183
WC_Update-Aug03__ppt	4	14.0	460
WC_Update-Aug03__ppt	5	16.0	253
WC_Update-Aug03__ppt	6	22.0	167
WC_Update-Aug03__ppt	7	22.0	288
WC_Update-Aug03__ppt	8	15.21	279
WC_Update-Aug03__ppt	9	28.01	91
WC_Update-Aug03__ppt	10	28.01	105
WC_Update-Aug03__ppt	11	20.01	121
049_Five-Block_Hub_Spoke_42ee8593__pptx	1	9.01	515
049_Five-Block_Hub_Spoke_42ee8593__pptx	2	9.01	515
049_Five-Block_Hub_Spoke_42ee8593__pptx	3	22.0	53
111006 COMSTAC STOWG Aero spaceports IFG__pptx	1	32.0	47
111006 COMSTAC STOWG Aero spaceports IFG__pptx	2	32.0	143
111006 COMSTAC STOWG Aero spaceports IFG__pptx	3	20.01	97
111006 COMSTAC STOWG Aero spaceports IFG__pptx	4	32.0	113
111006 COMSTAC STOWG Aero spaceports IFG__pptx	5	32.0	179
111006 COMSTAC STOWG Aero spaceports IFG__pptx	6	32.0	192
111006 COMSTAC STOWG Aero spaceports IFG__pptx	7	28.01	86
111006 COMSTAC STOWG Aero spaceports IFG__pptx	8	24.01	122
NCW-2024-Guide-__pptx	1	11.99	548
066_Free_PowerPoint_Layered_Funnel_Process_c0b380ec__pptx	1	13.01	432
066_Free_PowerPoint_Layered_Funnel_Process_c0b380ec__pptx	2	13.01	432
066_Free_PowerPoint_Layered_Funnel_Process_c0b380ec__pptx	3	13.01	432
066_Free_PowerPoint_Layered_Funnel_Process_c0b380ec__pptx	4	13.01	432
066_Free_PowerPoint_Layered_Funnel_Process_c0b380ec__pptx	5	13.01	432
Statement of Work presentation__pptx	1	20.01	74
Statement of Work presentation__pptx	2	20.01	79
Statement of Work presentation__pptx	3	20.01	88
Statement of Work presentation__pptx	4	24.01	30
Statement of Work presentation__pptx	5	20.01	32
Statement of Work presentation__pptx	6	20.01	98
Statement of Work presentation__pptx	7	20.01	80
Statement of Work presentation__pptx	8	20.01	138
Statement of Work presentation__pptx	9	20.01	279
Statement of Work presentation__pptx	10	20.01	34
019_4-Step_Segmented_Cycle_Process_2ff93c19__pptx	1	11.99	568
019_4-Step_Segmented_Cycle_Process_2ff93c19__pptx	2	11.99	568
019_4-Step_Segmented_Cycle_Process_2ff93c19__pptx	3	22.0	53
iaeg_work_group_leader_updates__pptx	1	11.99	384
undp_presentation_revised_17_may__ppt	1	24.01	55
undp_presentation_revised_17_may__ppt	2	28.01	169
undp_presentation_revised_17_may__ppt	3	24.01	396
undp_presentation_revised_17_may__ppt	4	20.01	331
undp_presentation_revised_17_may__ppt	5	17.01	455
undp_presentation_revised_17_may__ppt	6	22.99	379
undp_presentation_revised_17_may__ppt	7	11.8	440
undp_presentation_revised_17_may__ppt	8	20.01	535
undp_presentation_revised_17_may__ppt	9	14.99	537
undp_presentation_revised_17_may__ppt	10	24.01	202
undp_presentation_revised_17_may__ppt	11	15.99	409
undp_presentation_revised_17_may__ppt	12	18.0	484
undp_presentation_revised_17_may__ppt	13	20.01	464
undp_presentation_revised_17_may__ppt	14	20.01	528
undp_presentation_revised_17_may__ppt	15	18.0	584
undp_presentation_revised_17_may__ppt	16	11.86	116
undp_presentation_revised_17_may__ppt	17	18.0	677
undp_presentation_revised_17_may__ppt	18	8.54	122
undp_presentation_revised_17_may__ppt	19	14.0	420
undp_presentation_revised_17_may__ppt	20	17.01	927
undp_presentation_revised_17_may__ppt	21	13.01	975
undp_presentation_revised_17_may__ppt	22	43.99	8
ws_prod-g-doc-Events-2007-Approval-of-Flight-Conditions-RM-NAA-16032007__ppt	1	28.01	54
ws_prod-g-doc-Events-2007-Approval-of-Flight-Conditions-RM-NAA-16032007__ppt	2	28.01	80
ws_prod-g-doc-Events-2007-Approval-of-Flight-Conditions-RM-NAA-16032007__ppt	3	24.01	88
ws_prod-g-doc-Events-2007-Approval-of-Flight-Conditions-RM-NAA-16032007__ppt	4	24.01	65
ws_prod-g-doc-Events-2007-Approval-of-Flight-Conditions-RM-NAA-16032007__ppt	5	20.01	220
ws_prod-g-doc-Events-2007-Approval-of-Flight-Conditions-RM-NAA-16032007__ppt	6	24.01	107
ws_prod-g-doc-Events-2007-Approval-of-Flight-Conditions-RM-NAA-16032007__ppt	7	24.01	166
ws_prod-g-doc-Events-2007-Approval-of-Flight-Conditions-RM-NAA-16032007__ppt	8	22.0	130
ws_prod-g-doc-Events-2007-Approval-of-Flight-Conditions-RM-NAA-16032007__ppt	9	14.0	574
ws_prod-g-doc-Events-2007-Approval-of-Flight-Conditions-RM-NAA-16032007__ppt	10	14.0	362
ws_prod-g-doc-Events-2007-Approval-of-Flight-Conditions-RM-NAA-16032007__ppt	11	14.0	352
ws_prod-g-doc-Events-2007-Approval-of-Flight-Conditions-RM-NAA-16032007__ppt	12	28.01	129
ws_prod-g-doc-Events-2007-Approval-of-Flight-Conditions-RM-NAA-16032007__ppt	13	20.01	164
ws_prod-g-doc-Events-2007-Approval-of-Flight-Conditions-RM-NAA-16032007__ppt	14	20.01	96
Item 6b - UNSD - Dissemination through APIs__pptx	1	20.01	83
Item 6b - UNSD - Dissemination through APIs__pptx	2	24.01	162
Item 6b - UNSD - Dissemination through APIs__pptx	3	22.0	116
Item 6b - UNSD - Dissemination through APIs__pptx	4	22.0	320
Item 6b - UNSD - Dissemination through APIs__pptx	5	22.0	228
Item 6b - UNSD - Dissemination through APIs__pptx	6	22.0	358
Item 6b - UNSD - Dissemination through APIs__pptx	7	24.01	145
Item 6b - UNSD - Dissemination through APIs__pptx	8	22.0	253
Item 6b - UNSD - Dissemination through APIs__pptx	9	36.0	30
Item 6b - UNSD - Dissemination through APIs__pptx	10	22.0	415
attendance-updates-for-governors__pptx	1	47.99	51
attendance-updates-for-governors__pptx	2	28.01	152
attendance-updates-for-governors__pptx	3	18.0	170
attendance-updates-for-governors__pptx	4	15.99	361
attendance-updates-for-governors__pptx	5	20.01	631
attendance-updates-for-governors__pptx	6	20.01	355
attendance-updates-for-governors__pptx	7	18.0	595
attendance-updates-for-governors__pptx	8	18.0	800
attendance-updates-for-governors__pptx	9	18.0	635
attendance-updates-for-governors__pptx	10	18.0	472
attendance-updates-for-governors__pptx	11	18.0	510
attendance-updates-for-governors__pptx	12	18.0	775
attendance-updates-for-governors__pptx	13	18.0	518
attendance-updates-for-governors__pptx	14	18.0	1095
attendance-updates-for-governors__pptx	15	18.0	582
attendance-updates-for-governors__pptx	16	18.0	621
attendance-updates-for-governors__pptx	17	18.0	149
attendance-updates-for-governors__pptx	18	18.0	398
attendance-updates-for-governors__pptx	19	18.0	675
attendance-updates-for-governors__pptx	20	18.0	649
attendance-updates-for-governors__pptx	21	18.0	435
attendance-updates-for-governors__pptx	22	18.0	534
attendance-updates-for-governors__pptx	23	18.0	775
attendance-updates-for-governors__pptx	24	18.0	456
attendance-updates-for-governors__pptx	25	18.0	528
attendance-updates-for-governors__pptx	26	18.0	542
attendance-updates-for-governors__pptx	27	18.0	702
attendance-updates-for-governors__pptx	28	18.0	1100
attendance-updates-for-governors__pptx	29	18.0	482
attendance-updates-for-governors__pptx	30	36.0	9
029_8-Step_Neumorphic_Cycle_Diagram_b9b75044__pptx	1	9.01	544
029_8-Step_Neumorphic_Cycle_Diagram_b9b75044__pptx	2	9.01	544
029_8-Step_Neumorphic_Cycle_Diagram_b9b75044__pptx	3	22.0	53
ws_prod-g-doc-Events-Part-M-presentation__ppt	1	20.01	80
ws_prod-g-doc-Events-Part-M-presentation__ppt	2	10.01	8
ws_prod-g-doc-Events-Part-M-presentation__ppt	3	24.01	33
ws_prod-g-doc-Events-Part-M-presentation__ppt	4	18.0	158
ws_prod-g-doc-Events-Part-M-presentation__ppt	5	10.01	8
ws_prod-g-doc-Events-Part-M-presentation__ppt	6	24.01	238
ws_prod-g-doc-Events-Part-M-presentation__ppt	7	15.99	386
ws_prod-g-doc-Events-Part-M-presentation__ppt	8	18.0	477
ws_prod-g-doc-Events-Part-M-presentation__ppt	9	18.0	244
ws_prod-g-doc-Events-Part-M-presentation__ppt	10	18.0	470
ws_prod-g-doc-Events-Part-M-presentation__ppt	11	20.01	357
ws_prod-g-doc-Events-Part-M-presentation__ppt	12	20.01	363
ws_prod-g-doc-Events-Part-M-presentation__ppt	13	15.99	370
ws_prod-g-doc-Events-Part-M-presentation__ppt	14	20.01	197
ws_prod-g-doc-Events-Part-M-presentation__ppt	15	28.01	163
ws_prod-g-doc-Events-Part-M-presentation__ppt	16	18.0	517
ws_prod-g-doc-Events-Part-M-presentation__ppt	17	20.01	410
ws_prod-g-doc-Events-Part-M-presentation__ppt	18	18.0	393
ws_prod-g-doc-Events-Part-M-presentation__ppt	19	20.01	274
ws_prod-g-doc-Events-Part-M-presentation__ppt	20	20.01	459
ws_prod-g-doc-Events-Part-M-presentation__ppt	21	17.01	420
ws_prod-g-doc-Events-Part-M-presentation__ppt	22	20.01	422
ws_prod-g-doc-Events-Part-M-presentation__ppt	23	20.01	251
ws_prod-g-doc-Events-Part-M-presentation__ppt	24	18.0	409
ws_prod-g-doc-Events-Part-M-presentation__ppt	25	32.0	27
ws_prod-g-doc-Events-Part-M-presentation__ppt	26	20.01	309
ws_prod-g-doc-Events-Part-M-presentation__ppt	27	20.01	218
ws_prod-g-doc-Events-Part-M-presentation__ppt	28	20.01	215
ws_prod-g-doc-Events-Part-M-presentation__ppt	29	24.01	240
ws_prod-g-doc-Events-Part-M-presentation__ppt	30	15.99	28
081_Infographic_Funnel_w_3_Stages_for_PowerPoint_28e26b31__pptx	1	9.01	852
081_Infographic_Funnel_w_3_Stages_for_PowerPoint_28e26b31__pptx	2	9.01	852
081_Infographic_Funnel_w_3_Stages_for_PowerPoint_28e26b31__pptx	3	18.0	46
ITE106-Chapter 4__ppt	1	33.99	112
ITE106-Chapter 4__ppt	2	25.99	198
ITE106-Chapter 4__ppt	3	28.01	303
ITE106-Chapter 4__ppt	4	28.01	321
ITE106-Chapter 4__ppt	5	28.01	322
ITE106-Chapter 4__ppt	6	22.0	490
ITE106-Chapter 4__ppt	7	24.01	449
ITE106-Chapter 4__ppt	8	24.01	262
ITE106-Chapter 4__ppt	9	25.99	353
ITE106-Chapter 4__ppt	10	28.01	139
ITE106-Chapter 4__ppt	11	28.01	365
ITE106-Chapter 4__ppt	12	24.01	475
ITE106-Chapter 4__ppt	13	21.0	281
ITE106-Chapter 4__ppt	14	22.99	414
ITE106-Chapter 4__ppt	15	22.0	511
ITE106-Chapter 4__ppt	16	24.01	53
ITE106-Chapter 4__ppt	17	28.01	340
ITE106-Chapter 4__ppt	18	28.01	333
ITE106-Chapter 4__ppt	19	28.01	305
ITE106-Chapter 4__ppt	20	43.99	58
ITE106-Chapter 4__ppt	21	28.01	311
ITE106-Chapter 4__ppt	22	27.01	405
ITE106-Chapter 4__ppt	23	28.01	298
ITE106-Chapter 4__ppt	24	28.01	294
ITE106-Chapter 4__ppt	25	24.01	202
ITE106-Chapter 4__ppt	26	28.01	220
ITE106-Chapter 4__ppt	27	24.01	236
ITE106-Chapter 4__ppt	28	25.99	317
ITE106-Chapter 4__ppt	29	28.01	296
ITE106-Chapter 4__ppt	30	28.01	285
ITE106-Chapter 4__ppt	31	28.01	150
ITE106-Chapter 4__ppt	32	25.99	402
ITE106-Chapter 4__ppt	33	28.01	172
ITE106-Chapter 4__ppt	34	28.01	272
ITE106-Chapter 4__ppt	35	24.01	275
ITE106-Chapter 4__ppt	36	25.99	381
ITE106-Chapter 4__ppt	37	22.0	270
ITE106-Chapter 4__ppt	38	24.01	410
ITE106-Chapter 4__ppt	39	24.01	459
ITE106-Chapter 4__ppt	40	24.01	339
ITE106-Chapter 4__ppt	41	28.01	285
ITE106-Chapter 4__ppt	42	24.01	427
ITE106-Chapter 4__ppt	43	20.01	558
ITE106-Chapter 4__ppt	44	24.01	393
ITE106-Chapter 4__ppt	45	20.01	513
ITE106-Chapter 4__ppt	46	22.0	450
ITE106-Chapter 4__ppt	47	36.0	72
diapo_6_fees_vous_etes_poctdoct_exterieur_a_luniv_v2_0_1__pptx	1	11.99	460
086_Infographic_Org_Chart_for_PowerPoint_6_Blocks_f9086d83__pptx	1	14.99	60
086_Infographic_Org_Chart_for_PowerPoint_6_Blocks_f9086d83__pptx	2	14.99	60
086_Infographic_Org_Chart_for_PowerPoint_6_Blocks_f9086d83__pptx	3	18.0	46
wells08_basic__ppt	1	32.0	38
wells08_basic__ppt	2	28.01	170
wells08_basic__ppt	3	24.01	399
wells08_basic__ppt	4	32.0	134
wells08_basic__ppt	5	28.01	126
wells08_basic__ppt	6	24.01	137
wells08_basic__ppt	7	24.01	135
wells08_basic__ppt	8	28.01	157
wells08_basic__ppt	9	28.01	96
wells08_basic__ppt	10	40.0	166
wells08_basic__ppt	11	28.01	201
wells08_basic__ppt	12	28.01	172
wells08_basic__ppt	13	28.01	193
wells08_basic__ppt	14	36.0	236
wells08_basic__ppt	15	28.01	149
wells08_basic__ppt	16	28.01	143
wells08_basic__ppt	17	28.01	117
wells08_basic__ppt	18	24.01	205
wells08_basic__ppt	19	28.01	155
wells08_basic__ppt	20	40.0	142
wells08_basic__ppt	21	28.01	112
wells08_basic__ppt	22	28.01	163
wells08_basic__ppt	23	24.01	201
wells08_basic__ppt	24	32.0	155
wells08_basic__ppt	25	28.01	142
wells08_basic__ppt	26	24.01	326
wells08_basic__ppt	27	28.01	335
ws_prod-g-doc-Events-industrymeeting18112004-Aercap__ppt	1	11.99	21
ws_prod-g-doc-Events-industrymeeting18112004-Aercap__ppt	2	18.0	119
ws_prod-g-doc-Events-industrymeeting18112004-Aercap__ppt	3	15.99	276
ws_prod-g-doc-Events-industrymeeting18112004-Aercap__ppt	4	15.99	461
ws_prod-g-doc-Events-industrymeeting18112004-Aercap__ppt	5	14.0	527
ws_prod-g-doc-Events-industrymeeting18112004-Aercap__ppt	6	15.99	446
ws_prod-g-doc-Events-industrymeeting18112004-Aercap__ppt	7	14.0	407
ws_prod-g-doc-Events-industrymeeting18112004-Aercap__ppt	8	14.0	928
ws_prod-g-doc-Events-industrymeeting18112004-Aercap__ppt	9	15.99	743
ws_prod-g-doc-Events-industrymeeting18112004-Aercap__ppt	10	15.99	630
ws_prod-g-doc-Events-industrymeeting18112004-Aercap__ppt	11	18.0	313
ws_prod-g-doc-Events-industrymeeting18112004-Aercap__ppt	12	14.0	87
Inducement-to-Insurance-Business__ppt	1	28.01	88
Inducement-to-Insurance-Business__ppt	2	22.0	47
Inducement-to-Insurance-Business__ppt	3	32.0	143
Inducement-to-Insurance-Business__ppt	4	28.01	474
Inducement-to-Insurance-Business__ppt	5	28.01	241
Inducement-to-Insurance-Business__ppt	6	28.01	468
Inducement-to-Insurance-Business__ppt	7	28.01	547
Inducement-to-Insurance-Business__ppt	8	28.01	438
Inducement-to-Insurance-Business__ppt	9	28.01	229
Inducement-to-Insurance-Business__ppt	10	25.0	548
Inducement-to-Insurance-Business__ppt	11	28.01	420
Inducement-to-Insurance-Business__ppt	12	28.01	224
Inducement-to-Insurance-Business__ppt	13	24.01	796
Inducement-to-Insurance-Business__ppt	14	20.01	961
Inducement-to-Insurance-Business__ppt	15	28.01	735
Inducement-to-Insurance-Business__ppt	16	20.01	867
Inducement-to-Insurance-Business__ppt	17	20.01	844
Inducement-to-Insurance-Business__ppt	18	28.01	368
Inducement-to-Insurance-Business__ppt	19	20.01	897
Inducement-to-Insurance-Business__ppt	20	18.99	1281
Inducement-to-Insurance-Business__ppt	21	20.01	1074
Inducement-to-Insurance-Business__ppt	22	24.01	224
Definitions commodity chains__pptx	1	18.0	235
Definitions commodity chains__pptx	2	20.01	271
Definitions commodity chains__pptx	3	20.01	349
Definitions commodity chains__pptx	4	18.0	431
NAS-Infrastructure-Roadmaps-HSI__pptx	1	32.0	49
NAS-Infrastructure-Roadmaps-HSI__pptx	2	11.99	990
NAS-Infrastructure-Roadmaps-HSI__pptx	3	14.0	469
NAS-Infrastructure-Roadmaps-HSI__pptx	4	7.99	1243
NAS-Infrastructure-Roadmaps-HSI__pptx	5	7.99	524
NAS-Infrastructure-Roadmaps-HSI__pptx	6	7.99	804
NAS-Infrastructure-Roadmaps-HSI__pptx	7	11.99	621
NAS-Infrastructure-Roadmaps-HSI__pptx	8	11.99	1844
NAS-Infrastructure-Roadmaps-HSI__pptx	9	9.01	511
ws_prod-g-doc-Events-2007-september-M.017-(French)-France__ppt	1	32.0	62
ws_prod-g-doc-Events-2007-september-M.017-(French)-France__ppt	2	20.01	341
ws_prod-g-doc-Events-2007-september-M.017-(French)-France__ppt	3	20.01	285
ws_prod-g-doc-Events-2007-september-M.017-(French)-France__ppt	4	20.01	200
ws_prod-g-doc-Events-2007-september-M.017-(French)-France__ppt	5	20.01	526
ws_prod-g-doc-Events-2007-september-M.017-(French)-France__ppt	6	20.01	307
ws_prod-g-doc-Events-2007-september-M.017-(French)-France__ppt	7	20.01	228
ws_prod-g-doc-Events-2007-september-M.017-(French)-France__ppt	8	15.99	770
ws_prod-g-doc-Events-2007-september-M.017-(French)-France__ppt	9	15.99	777
ws_prod-g-doc-Events-2007-september-M.017-(French)-France__ppt	10	22.0	361
ws_prod-g-doc-Events-2007-september-M.017-(French)-France__ppt	11	18.0	661
ws_prod-g-doc-Events-2007-september-M.017-(French)-France__ppt	12	18.0	680
ws_prod-g-doc-Events-2007-september-M.017-(French)-France__ppt	13	24.01	90
ws_prod-g-doc-Events-2007-september-M.017-(French)-France__ppt	14	18.99	599
ws_prod-g-doc-Events-2007-september-M.017-(French)-France__ppt	15	18.99	328
ws_prod-g-doc-Events-2007-september-M.017-(French)-France__ppt	16	14.99	661
ws_prod-g-doc-Events-2007-september-M.017-(French)-France__ppt	17	20.01	209
ws_prod-g-doc-Events-2007-september-M.017-(French)-France__ppt	18	18.0	570
ws_prod-g-doc-Events-2007-september-M.017-(French)-France__ppt	19	18.0	411
ws_prod-g-doc-Events-2007-september-M.017-(French)-France__ppt	20	18.0	361
ws_prod-g-doc-Events-2007-september-M.017-(French)-France__ppt	21	18.0	457
ws_prod-g-doc-Events-2007-september-M.017-(French)-France__ppt	22	20.01	116
ws_prod-g-doc-Events-2007-september-M.017-(French)-France__ppt	23	20.01	178
ws_prod-g-doc-Events-2007-september-M.017-(French)-France__ppt	24	15.99	584
ws_prod-g-doc-Events-2007-september-M.017-(French)-France__ppt	25	15.99	770
ws_prod-g-doc-Events-2007-september-M.017-(French)-France__ppt	26	15.99	732
ws_prod-g-doc-Events-2007-september-M.017-(French)-France__ppt	27	20.01	367
ws_prod-g-doc-Events-2007-september-M.017-(French)-France__ppt	28	15.99	710
ws_prod-g-doc-Events-2007-september-M.017-(French)-France__ppt	29	20.01	494
ws_prod-g-doc-Events-2007-september-M.017-(French)-France__ppt	30	15.99	588
ws_prod-g-doc-Events-2007-september-M.017-(French)-France__ppt	31	15.99	688
ws_prod-g-doc-Events-2007-september-M.017-(French)-France__ppt	32	15.99	587
ws_prod-g-doc-Events-2007-september-M.017-(French)-France__ppt	33	18.0	319
ws_prod-g-doc-Events-2007-september-M.017-(French)-France__ppt	34	15.99	708
ws_prod-g-doc-Events-2007-september-M.017-(French)-France__ppt	35	18.0	458
ws_prod-g-doc-Events-2007-september-M.017-(French)-France__ppt	36	15.99	899
ws_prod-g-doc-Events-2007-september-M.017-(French)-France__ppt	37	20.01	376
ws_prod-g-doc-Events-2007-september-M.017-(French)-France__ppt	38	20.01	422
ws_prod-g-doc-Events-2007-september-M.017-(French)-France__ppt	39	18.0	684
ws_prod-g-doc-Events-2007-september-M.017-(French)-France__ppt	40	15.99	476
ws_prod-g-doc-Events-2007-september-M.017-(French)-France__ppt	41	20.01	359
ws_prod-g-doc-Events-2007-september-M.017-(French)-France__ppt	42	18.0	506
ws_prod-g-doc-Events-2007-september-M.017-(French)-France__ppt	43	20.01	329
ws_prod-g-doc-Events-2007-september-M.017-(French)-France__ppt	44	18.0	613
ws_prod-g-doc-Events-2007-september-M.017-(French)-France__ppt	45	20.01	400
ws_prod-g-doc-Events-2007-september-M.017-(French)-France__ppt	46	20.01	307
ws_prod-g-doc-Events-2007-september-M.017-(French)-France__ppt	47	15.99	726
ws_prod-g-doc-Events-2007-september-M.017-(French)-France__ppt	48	18.0	509
ws_prod-g-doc-Events-2007-september-M.017-(French)-France__ppt	49	18.0	465
ws_prod-g-doc-Events-2007-september-M.017-(French)-France__ppt	50	15.99	699
ws_prod-g-doc-Events-2007-september-M.017-(French)-France__ppt	51	20.01	259
ws_prod-g-doc-Events-2007-september-M.017-(French)-France__ppt	52	20.01	227
ws_prod-g-doc-Events-2007-september-M.017-(French)-France__ppt	53	20.01	151
ws_prod-g-doc-Events-2007-september-M.017-(French)-France__ppt	54	20.01	302
ws_prod-g-doc-Events-2007-september-M.017-(French)-France__ppt	55	18.0	380
fishbone-diagram-template-ppt-1__pptx	1	14.0	861
97936__pptx	1	36.0	138
97936__pptx	2	24.01	454
97936__pptx	3	18.0	472
97936__pptx	4	18.0	245
97936__pptx	5	24.01	534
97936__pptx	6	24.01	800
97936__pptx	7	18.0	738
97936__pptx	8	22.0	734
97936__pptx	9	14.0	329
97936__pptx	10	18.0	992
97936__pptx	11	20.01	1080
97936__pptx	12	18.0	912
97936__pptx	13	15.99	292
97936__pptx	14	15.99	623
97936__pptx	15	40.0	32
manufacturing_process_simulation_working_group_overview_2023__pptx	1	22.0	39
manufacturing_process_simulation_working_group_overview_2023__pptx	2	11.99	1146
manufacturing_process_simulation_working_group_overview_2023__pptx	3	15.99	639
manufacturing_process_simulation_working_group_overview_2023__pptx	4	15.99	441
manufacturing_process_simulation_working_group_overview_2023__pptx	5	15.99	470
manufacturing_process_simulation_working_group_overview_2023__pptx	6	15.99	427
manufacturing_process_simulation_working_group_overview_2023__pptx	7	14.99	747
0335fab9-79f0-4944-b92c-f223837ca2d8__ppt	1	20.01	127
0335fab9-79f0-4944-b92c-f223837ca2d8__ppt	2	20.01	206
0335fab9-79f0-4944-b92c-f223837ca2d8__ppt	3	15.99	187
0335fab9-79f0-4944-b92c-f223837ca2d8__ppt	4	20.01	288
0335fab9-79f0-4944-b92c-f223837ca2d8__ppt	5	32.0	143
0335fab9-79f0-4944-b92c-f223837ca2d8__ppt	6	15.99	688
0335fab9-79f0-4944-b92c-f223837ca2d8__ppt	7	20.01	443
0335fab9-79f0-4944-b92c-f223837ca2d8__ppt	8	20.01	411
0335fab9-79f0-4944-b92c-f223837ca2d8__ppt	9	18.0	549
0335fab9-79f0-4944-b92c-f223837ca2d8__ppt	10	20.01	273
0335fab9-79f0-4944-b92c-f223837ca2d8__ppt	11	20.01	314
0335fab9-79f0-4944-b92c-f223837ca2d8__ppt	12	20.01	257
gfopportunitiesforlinkagespres_2010_en__ppt	1	42.01	102
gfopportunitiesforlinkagespres_2010_en__ppt	2	29.99	327
gfopportunitiesforlinkagespres_2010_en__ppt	3	36.0	157
gfopportunitiesforlinkagespres_2010_en__ppt	4	29.99	118
gfopportunitiesforlinkagespres_2010_en__ppt	5	32.0	162
gfopportunitiesforlinkagespres_2010_en__ppt	6	22.0	218
gfopportunitiesforlinkagespres_2010_en__ppt	7	20.01	490
gfopportunitiesforlinkagespres_2010_en__ppt	8	24.01	405
gfopportunitiesforlinkagespres_2010_en__ppt	9	24.01	379
gfopportunitiesforlinkagespres_2010_en__ppt	10	29.99	284
gfopportunitiesforlinkagespres_2010_en__ppt	11	28.01	158
gfopportunitiesforlinkagespres_2010_en__ppt	12	24.01	235
gfopportunitiesforlinkagespres_2010_en__ppt	13	25.99	365
gfopportunitiesforlinkagespres_2010_en__ppt	14	28.01	324
gfopportunitiesforlinkagespres_2010_en__ppt	15	18.99	528
gfopportunitiesforlinkagespres_2010_en__ppt	16	18.0	463
gfopportunitiesforlinkagespres_2010_en__ppt	17	22.0	497
gfopportunitiesforlinkagespres_2010_en__ppt	18	32.0	252
gfopportunitiesforlinkagespres_2010_en__ppt	19	29.99	279
gfopportunitiesforlinkagespres_2010_en__ppt	20	36.0	129
gfopportunitiesforlinkagespres_2010_en__ppt	21	28.01	243
gfopportunitiesforlinkagespres_2010_en__ppt	22	25.99	362
gfopportunitiesforlinkagespres_2010_en__ppt	23	24.01	382
gfopportunitiesforlinkagespres_2010_en__ppt	24	29.0	340
gfopportunitiesforlinkagespres_2010_en__ppt	25	27.01	295
gfopportunitiesforlinkagespres_2010_en__ppt	26	22.0	447
gfopportunitiesforlinkagespres_2010_en__ppt	27	25.99	262
DOE Interactive Exercise Presentation draft rev 2__pptx	1	11.99	55
DOE Interactive Exercise Presentation draft rev 2__pptx	2	24.01	32
DOE Interactive Exercise Presentation draft rev 2__pptx	3	26.39	85
DOE Interactive Exercise Presentation draft rev 2__pptx	4	19.81	192
DOE Interactive Exercise Presentation draft rev 2__pptx	5	22.0	106
DOE Interactive Exercise Presentation draft rev 2__pptx	6	17.6	589
DOE Interactive Exercise Presentation draft rev 2__pptx	7	18.0	390
DOE Interactive Exercise Presentation draft rev 2__pptx	8	18.0	287
DOE Interactive Exercise Presentation draft rev 2__pptx	9	15.39	110
DOE Interactive Exercise Presentation draft rev 2__pptx	10	15.31	56
Course Selection 2025-26 Current Grade 09__pptx	1	40.99	39
Course Selection 2025-26 Current Grade 09__pptx	2	11.99	272
Course Selection 2025-26 Current Grade 09__pptx	3	24.01	210
Course Selection 2025-26 Current Grade 09__pptx	4	20.01	387
Course Selection 2025-26 Current Grade 09__pptx	5	14.0	277
Course Selection 2025-26 Current Grade 09__pptx	6	18.0	321
Course Selection 2025-26 Current Grade 09__pptx	7	14.0	289
Course Selection 2025-26 Current Grade 09__pptx	8	28.01	81
Course Selection 2025-26 Current Grade 09__pptx	9	14.99	182
Course Selection 2025-26 Current Grade 09__pptx	10	18.0	514
ws_prod-g-doc-Events-2007-november-IACA-presentation-at-EASA-Fuel-Tank-Safety-Training-Seminar__ppt	1	32.0	79
ws_prod-g-doc-Events-2007-november-IACA-presentation-at-EASA-Fuel-Tank-Safety-Training-Seminar__ppt	2	32.0	129
ws_prod-g-doc-Events-2007-november-IACA-presentation-at-EASA-Fuel-Tank-Safety-Training-Seminar__ppt	3	24.01	441
ws_prod-g-doc-Events-2007-november-IACA-presentation-at-EASA-Fuel-Tank-Safety-Training-Seminar__ppt	4	28.01	240
ws_prod-g-doc-Events-2007-november-IACA-presentation-at-EASA-Fuel-Tank-Safety-Training-Seminar__ppt	5	24.01	532
ws_prod-g-doc-Events-2007-november-IACA-presentation-at-EASA-Fuel-Tank-Safety-Training-Seminar__ppt	6	24.01	505
ws_prod-g-doc-Events-2007-november-IACA-presentation-at-EASA-Fuel-Tank-Safety-Training-Seminar__ppt	7	32.0	164
ws_prod-g-doc-Events-2007-november-IACA-presentation-at-EASA-Fuel-Tank-Safety-Training-Seminar__ppt	8	28.01	303
ws_prod-g-doc-Events-2007-november-IACA-presentation-at-EASA-Fuel-Tank-Safety-Training-Seminar__ppt	9	32.0	53
ws_prod-g-doc-Events-2007-november-IACA-presentation-at-EASA-Fuel-Tank-Safety-Training-Seminar__ppt	10	14.0	27
Session 21- The option to expand & abandon__pptx	1	36.0	37
Session 21- The option to expand & abandon__pptx	2	20.01	360
Session 21- The option to expand & abandon__pptx	3	14.99	165
Session 21- The option to expand & abandon__pptx	4	20.01	700
Session 21- The option to expand & abandon__pptx	5	20.01	393
Session 21- The option to expand & abandon__pptx	6	20.01	145
Session 21- The option to expand & abandon__pptx	7	24.01	26
Session 21- The option to expand & abandon__pptx	8	20.01	190
Session 21- The option to expand & abandon__pptx	9	20.01	440
Session 21- The option to expand & abandon__pptx	10	20.01	380
Session 21- The option to expand & abandon__pptx	11	20.01	211
Session 21- The option to expand & abandon__pptx	12	20.01	260
dhs-293364__pptx	1	18.0	92
dhs-293364__pptx	2	28.01	279
dhs-293364__pptx	3	24.01	371
dhs-293364__pptx	4	25.0	328
dhs-293364__pptx	5	21.0	622
dhs-293364__pptx	6	25.0	265
dhs-293364__pptx	7	32.0	184
dhs-293364__pptx	8	47.99	83
dhs-293364__pptx	9	28.01	515
dhs-293364__pptx	10	28.01	331
dhs-293364__pptx	11	25.99	369
dhs-293364__pptx	12	24.01	877
dhs-293364__pptx	13	28.01	378
dhs-293364__pptx	14	28.01	375
dhs-293364__pptx	15	28.01	286
dhs-293364__pptx	16	24.01	454
dhs-293364__pptx	17	25.0	277
dhs-293364__pptx	18	28.01	245
dhs-293364__pptx	19	24.01	503
dhs-293364__pptx	20	21.0	665
dhs-293364__pptx	21	28.01	268
dhs-293364__pptx	22	28.01	521
dhs-293364__pptx	23	24.01	787
dhs-293364__pptx	24	20.01	694
dhs-293364__pptx	25	15.99	781
dhs-293364__pptx	26	28.01	189
dhs-293364__pptx	27	28.01	203
dhs-293364__pptx	28	22.99	512
dhs-293364__pptx	29	24.01	627
dhs-293364__pptx	30	24.01	234
dhs-293364__pptx	31	25.99	260
dhs-293364__pptx	32	24.01	585
dhs-293364__pptx	33	22.0	830
dhs-293364__pptx	34	24.01	740
dhs-293364__pptx	35	28.01	89
dhs-293364__pptx	36	28.01	181
dhs-293364__pptx	37	28.01	327
dhs-293364__pptx	38	28.01	201
dhs-293364__pptx	39	11.99	52
Stakeholders-v08052017 - v5__pptx	1	20.01	89
Stakeholders-v08052017 - v5__pptx	2	18.0	126
Stakeholders-v08052017 - v5__pptx	3	7.0	219
Stakeholders-v08052017 - v5__pptx	4	15.99	378
Stakeholders-v08052017 - v5__pptx	5	15.99	340
Stakeholders-v08052017 - v5__pptx	6	14.0	83
Stakeholders-v08052017 - v5__pptx	7	20.01	27
Stakeholders-v08052017 - v5__pptx	8	15.99	354
Stakeholders-v08052017 - v5__pptx	9	24.01	46
Stakeholders-v08052017 - v5__pptx	10	20.01	22
Stakeholders-v08052017 - v5__pptx	11	18.0	332
Stakeholders-v08052017 - v5__pptx	12	18.0	414
Stakeholders-v08052017 - v5__pptx	13	15.99	79
social-media-app-bulletin-january__pptx	1	14.0	444
social-media-app-bulletin-january__pptx	2	14.0	907
social-media-app-bulletin-january__pptx	3	13.01	601
social-media-app-bulletin-january__pptx	4	11.99	1468
010605Vul__ppt	1	24.01	69
010605Vul__ppt	2	32.0	114
010605Vul__ppt	3	29.99	254
010605Vul__ppt	4	29.99	192
010605Vul__ppt	5	32.0	212
010605Vul__ppt	6	28.01	142
010605Vul__ppt	7	24.01	69
010605Vul__ppt	8	32.0	193
010605Vul__ppt	9	10.84	618
010605Vul__ppt	10	11.09	968
010605Vul__ppt	11	25.99	156
010605Vul__ppt	12	29.99	118
010605Vul__ppt	13	29.99	187
010605Vul__ppt	14	29.99	205
010605Vul__ppt	15	28.01	197
010605Vul__ppt	16	25.99	242
010605Vul__ppt	17	28.01	150
010605Vul__ppt	18	25.99	206
010605Vul__ppt	19	25.99	202
010605Vul__ppt	20	32.0	82
010605Vul__ppt	21	32.0	143
ws_prod-g-doc-Events-2007-Privileges__ppt	1	32.0	53
ws_prod-g-doc-Events-2007-Privileges__ppt	2	8.93	192
ws_prod-g-doc-Events-2007-Privileges__ppt	3	18.0	239
ws_prod-g-doc-Events-2007-Privileges__ppt	4	11.74	139
ws_prod-g-doc-Events-2007-Privileges__ppt	5	24.01	312
ws_prod-g-doc-Events-2007-Privileges__ppt	6	24.01	156
ws_prod-g-doc-Events-2007-Privileges__ppt	7	20.01	283
ws_prod-g-doc-Events-2007-Privileges__ppt	8	28.01	43
ws_prod-g-doc-Events-2007-Privileges__ppt	9	20.01	177
ws_prod-g-doc-Events-2007-Privileges__ppt	10	10.01	39
ws_prod-g-doc-Events-2007-Privileges__ppt	11	20.01	307
ws_prod-g-doc-Events-2007-Privileges__ppt	12	28.01	43
ws_prod-g-doc-Events-2007-Privileges__ppt	13	10.01	39
ws_prod-g-doc-Events-2007-Privileges__ppt	14	10.01	39
ws_prod-g-doc-Events-2007-Privileges__ppt	15	28.01	245
71393_pp7__ppt	1	28.01	52
71393_pp7__ppt	2	20.01	122
71393_pp7__ppt	3	20.01	269
71393_pp7__ppt	4	17.01	201
71393_pp7__ppt	5	14.99	308
71393_pp7__ppt	6	15.99	216
71393_pp7__ppt	7	17.01	262
71393_pp7__ppt	8	15.99	119
71393_pp7__ppt	9	20.01	392
71393_pp7__ppt	10	18.0	518
71393_pp7__ppt	11	18.0	207
71393_pp7__ppt	12	14.0	178
71393_pp7__ppt	13	17.01	437
71393_pp7__ppt	14	17.01	345
71393_pp7__ppt	15	14.99	317
71393_pp7__ppt	16	20.01	266
71393_pp7__ppt	17	20.0	87
71393_pp7__ppt	18	24.01	52
71393_pp7__ppt	19	24.01	96
71393_pp7__ppt	20	14.0	243
71393_pp7__ppt	21	18.0	487
71393_pp7__ppt	22	18.0	433
71393_pp7__ppt	23	15.99	478
71393_pp7__ppt	24	24.01	110
71393_pp7__ppt	25	14.0	334
71393_pp7__ppt	26	14.99	312
71393_pp7__ppt	27	14.99	398
71393_pp7__ppt	28	18.0	86
71393_pp7__ppt	29	18.0	85
71393_pp7__ppt	30	18.0	90
71393_pp7__ppt	31	18.0	79
71393_pp7__ppt	32	18.0	60
71393_pp7__ppt	33	14.0	254
71393_pp7__ppt	34	17.01	306
71393_pp7__ppt	35	14.0	407
71393_pp7__ppt	36	14.99	176
71393_pp7__ppt	37	20.01	237
71393_pp7__ppt	38	17.01	407
71393_pp7__ppt	39	18.0	242
02_REDAC_New ATM briefing _March 2017v2__pptx	1	15.99	34
02_REDAC_New ATM briefing _March 2017v2__pptx	2	15.99	416
02_REDAC_New ATM briefing _March 2017v2__pptx	3	15.99	553
02_REDAC_New ATM briefing _March 2017v2__pptx	4	15.99	709
02_REDAC_New ATM briefing _March 2017v2__pptx	5	15.99	992
02_REDAC_New ATM briefing _March 2017v2__pptx	6	10.49	566
ev122_jj-liew-tort-of-bribery-webinar__pptx	1	43.99	38
ev122_jj-liew-tort-of-bribery-webinar__pptx	2	29.99	262
ev122_jj-liew-tort-of-bribery-webinar__pptx	3	29.99	113
ev122_jj-liew-tort-of-bribery-webinar__pptx	4	32.0	41
ev122_jj-liew-tort-of-bribery-webinar__pptx	5	29.99	185
ev122_jj-liew-tort-of-bribery-webinar__pptx	6	27.01	360
ev122_jj-liew-tort-of-bribery-webinar__pptx	7	25.0	404
ev122_jj-liew-tort-of-bribery-webinar__pptx	8	27.01	323
ev122_jj-liew-tort-of-bribery-webinar__pptx	9	27.01	382
ev122_jj-liew-tort-of-bribery-webinar__pptx	10	32.0	217
ev122_jj-liew-tort-of-bribery-webinar__pptx	11	27.01	245
ev122_jj-liew-tort-of-bribery-webinar__pptx	12	27.01	317
ev122_jj-liew-tort-of-bribery-webinar__pptx	13	29.99	296
ev122_jj-liew-tort-of-bribery-webinar__pptx	14	32.0	115
ev122_jj-liew-tort-of-bribery-webinar__pptx	15	32.0	198
ev122_jj-liew-tort-of-bribery-webinar__pptx	16	32.0	256
ev122_jj-liew-tort-of-bribery-webinar__pptx	17	29.99	309
ev122_jj-liew-tort-of-bribery-webinar__pptx	18	32.0	267
ev122_jj-liew-tort-of-bribery-webinar__pptx	19	27.01	398
ev122_jj-liew-tort-of-bribery-webinar__pptx	20	27.01	362
ev122_jj-liew-tort-of-bribery-webinar__pptx	21	22.0	526
ev122_jj-liew-tort-of-bribery-webinar__pptx	22	22.0	501
ev122_jj-liew-tort-of-bribery-webinar__pptx	23	32.0	194
ev122_jj-liew-tort-of-bribery-webinar__pptx	24	29.99	40
10. Drawings, circuit diagrams and schematics__pptx	1	24.01	127
10. Drawings, circuit diagrams and schematics__pptx	2	20.01	87
10. Drawings, circuit diagrams and schematics__pptx	3	20.01	275
10. Drawings, circuit diagrams and schematics__pptx	4	14.0	395
10. Drawings, circuit diagrams and schematics__pptx	5	18.0	583
10. Drawings, circuit diagrams and schematics__pptx	6	11.0	78
10. Drawings, circuit diagrams and schematics__pptx	7	18.0	682
10. Drawings, circuit diagrams and schematics__pptx	8	11.0	78
10. Drawings, circuit diagrams and schematics__pptx	9	20.01	345
10. Drawings, circuit diagrams and schematics__pptx	10	20.01	452
10. Drawings, circuit diagrams and schematics__pptx	11	20.01	290
10. Drawings, circuit diagrams and schematics__pptx	12	20.01	454
10. Drawings, circuit diagrams and schematics__pptx	13	20.01	399
10. Drawings, circuit diagrams and schematics__pptx	14	20.01	341
10. Drawings, circuit diagrams and schematics__pptx	15	20.01	332
10. Drawings, circuit diagrams and schematics__pptx	16	20.01	316
10. Drawings, circuit diagrams and schematics__pptx	17	20.01	449
10. Drawings, circuit diagrams and schematics__pptx	18	18.0	307
10. Drawings, circuit diagrams and schematics__pptx	19	11.0	78
10. Drawings, circuit diagrams and schematics__pptx	20	11.0	78
10. Drawings, circuit diagrams and schematics__pptx	21	11.0	78
10. Drawings, circuit diagrams and schematics__pptx	22	11.0	78
10. Drawings, circuit diagrams and schematics__pptx	23	14.0	318
ws_prod-g-doc-Events-industrymeeting18112004-European-Safety-Strategy-Initiative__ppt	1	18.0	132
ws_prod-g-doc-Events-industrymeeting18112004-European-Safety-Strategy-Initiative__ppt	2	28.01	231
ws_prod-g-doc-Events-industrymeeting18112004-European-Safety-Strategy-Initiative__ppt	3	18.0	86
ws_prod-g-doc-Events-industrymeeting18112004-European-Safety-Strategy-Initiative__ppt	4	28.01	229
ws_prod-g-doc-Events-industrymeeting18112004-European-Safety-Strategy-Initiative__ppt	5	28.01	43
ws_prod-g-doc-Events-industrymeeting18112004-European-Safety-Strategy-Initiative__ppt	6	24.01	147
ws_prod-g-doc-Events-industrymeeting18112004-European-Safety-Strategy-Initiative__ppt	7	24.01	74
ws_prod-g-doc-Events-industrymeeting18112004-European-Safety-Strategy-Initiative__ppt	8	24.01	73
ws_prod-g-doc-Events-industrymeeting18112004-European-Safety-Strategy-Initiative__ppt	9	20.01	98
ws_prod-g-doc-Events-industrymeeting18112004-European-Safety-Strategy-Initiative__ppt	10	15.99	28
PAL Block Intro 2023__pptx	1	47.99	38
PAL Block Intro 2023__pptx	2	20.01	188
PAL Block Intro 2023__pptx	3	20.01	311
PAL Block Intro 2023__pptx	4	18.0	146
PAL Block Intro 2023__pptx	5	28.01	34
PAL Block Intro 2023__pptx	6	20.01	433
PAL Block Intro 2023__pptx	7	18.0	220
PAL Block Intro 2023__pptx	8	18.0	583
PAL Block Intro 2023__pptx	9	15.99	371
PAL Block Intro 2023__pptx	10	15.99	447
PAL Block Intro 2023__pptx	11	18.0	498
PAL Block Intro 2023__pptx	12	15.99	1035
PAL Block Intro 2023__pptx	13	18.0	591
PAL Block Intro 2023__pptx	14	20.01	349
PAL Block Intro 2023__pptx	15	18.0	249
PAL Block Intro 2023__pptx	16	20.01	318
PAL Block Intro 2023__pptx	17	20.01	225
PAL Block Intro 2023__pptx	18	15.99	564
PAL Block Intro 2023__pptx	19	32.0	47
PAL Block Intro 2023__pptx	20	54.0	9
Liturgical-Commission-2025-Convention-Presentation__pptx	1	36.0	97
Liturgical-Commission-2025-Convention-Presentation__pptx	2	29.99	203
Liturgical-Commission-2025-Convention-Presentation__pptx	3	24.01	286
Liturgical-Commission-2025-Convention-Presentation__pptx	4	22.99	398
Liturgical-Commission-2025-Convention-Presentation__pptx	5	27.01	211
Liturgical-Commission-2025-Convention-Presentation__pptx	6	28.01	117
Liturgical-Commission-2025-Convention-Presentation__pptx	7	28.01	172
Liturgical-Commission-2025-Convention-Presentation__pptx	8	29.99	97
Liturgical-Commission-2025-Convention-Presentation__pptx	9	36.0	107
ghgp-supply-chain-initiative_20100323_wri__pptx	1	32.0	90
ghgp-supply-chain-initiative_20100323_wri__pptx	2	28.01	185
ghgp-supply-chain-initiative_20100323_wri__pptx	3	28.01	214
ghgp-supply-chain-initiative_20100323_wri__pptx	4	25.99	348
ghgp-supply-chain-initiative_20100323_wri__pptx	5	18.99	347
ghgp-supply-chain-initiative_20100323_wri__pptx	6	18.0	178
ghgp-supply-chain-initiative_20100323_wri__pptx	7	20.01	542
ghgp-supply-chain-initiative_20100323_wri__pptx	8	14.0	1023
ghgp-supply-chain-initiative_20100323_wri__pptx	9	36.0	33
ghgp-supply-chain-initiative_20100323_wri__pptx	10	20.01	290
ghgp-supply-chain-initiative_20100323_wri__pptx	11	18.0	570
ghgp-supply-chain-initiative_20100323_wri__pptx	12	24.01	175
ghgp-supply-chain-initiative_20100323_wri__pptx	13	13.01	94
ghgp-supply-chain-initiative_20100323_wri__pptx	14	20.01	553
ghgp-supply-chain-initiative_20100323_wri__pptx	15	15.99	932
ghgp-supply-chain-initiative_20100323_wri__pptx	16	18.0	294
ghgp-supply-chain-initiative_20100323_wri__pptx	17	7.99	1856
ghgp-supply-chain-initiative_20100323_wri__pptx	18	20.01	335
ghgp-supply-chain-initiative_20100323_wri__pptx	19	20.01	403
ghgp-supply-chain-initiative_20100323_wri__pptx	20	20.01	275
ghgp-supply-chain-initiative_20100323_wri__pptx	21	20.01	457
ghgp-supply-chain-initiative_20100323_wri__pptx	22	15.99	73
ghgp-supply-chain-initiative_20100323_wri__pptx	23	18.0	508
ghgp-supply-chain-initiative_20100323_wri__pptx	24	15.99	692
ghgp-supply-chain-initiative_20100323_wri__pptx	25	28.01	124
ghgp-supply-chain-initiative_20100323_wri__pptx	26	24.01	228
ghgp-supply-chain-initiative_20100323_wri__pptx	27	14.0	610
ghgp-supply-chain-initiative_20100323_wri__pptx	28	11.99	892
ghgp-supply-chain-initiative_20100323_wri__pptx	29	36.0	9
ghgp-supply-chain-initiative_20100323_wri__pptx	30	36.0	43
ghgp-supply-chain-initiative_20100323_wri__pptx	31	27.01	249
ghgp-supply-chain-initiative_20100323_wri__pptx	32	28.01	226
ghgp-supply-chain-initiative_20100323_wri__pptx	33	32.0	217
ghgp-supply-chain-initiative_20100323_wri__pptx	34	24.01	124
ghgp-supply-chain-initiative_20100323_wri__pptx	35	29.0	251
ghgp-supply-chain-initiative_20100323_wri__pptx	36	28.01	427
ghgp-supply-chain-initiative_20100323_wri__pptx	37	36.0	18
ghgp-supply-chain-initiative_20100323_wri__pptx	38	32.0	235
ghgp-supply-chain-initiative_20100323_wri__pptx	39	24.01	427
ghgp-supply-chain-initiative_20100323_wri__pptx	40	15.99	287
ghgp-supply-chain-initiative_20100323_wri__pptx	41	32.0	100
ghgp-supply-chain-initiative_20100323_wri__pptx	42	28.01	90
ghgp-supply-chain-initiative_20100323_wri__pptx	43	24.01	134
ghgp-supply-chain-initiative_20100323_wri__pptx	44	36.0	9
ghgp-supply-chain-initiative_20100323_wri__pptx	45	32.0	145
ghgp-supply-chain-initiative_20100323_wri__pptx	46	15.99	539
ghgp-supply-chain-initiative_20100323_wri__pptx	47	14.0	743
ghgp-supply-chain-initiative_20100323_wri__pptx	48	12.5	845
ghgp-supply-chain-initiative_20100323_wri__pptx	49	24.01	303
ghgp-supply-chain-initiative_20100323_wri__pptx	50	28.01	248
ghgp-supply-chain-initiative_20100323_wri__pptx	51	28.01	43
ghgp-supply-chain-initiative_20100323_wri__pptx	52	25.99	325
8.16_AOD_FINAL_Provider_Training_Presentation_9_2009__ppt	1	36.0	45
8.16_AOD_FINAL_Provider_Training_Presentation_9_2009__ppt	2	32.0	42
8.16_AOD_FINAL_Provider_Training_Presentation_9_2009__ppt	3	36.0	31
8.16_AOD_FINAL_Provider_Training_Presentation_9_2009__ppt	4	28.01	157
8.16_AOD_FINAL_Provider_Training_Presentation_9_2009__ppt	5	24.01	72
8.16_AOD_FINAL_Provider_Training_Presentation_9_2009__ppt	6	20.01	157
8.16_AOD_FINAL_Provider_Training_Presentation_9_2009__ppt	7	18.0	89
8.16_AOD_FINAL_Provider_Training_Presentation_9_2009__ppt	8	28.01	198
8.16_AOD_FINAL_Provider_Training_Presentation_9_2009__ppt	9	11.99	20
8.16_AOD_FINAL_Provider_Training_Presentation_9_2009__ppt	10	20.01	316
8.16_AOD_FINAL_Provider_Training_Presentation_9_2009__ppt	11	15.99	550
8.16_AOD_FINAL_Provider_Training_Presentation_9_2009__ppt	12	14.0	135
8.16_AOD_FINAL_Provider_Training_Presentation_9_2009__ppt	13	28.01	122
8.16_AOD_FINAL_Provider_Training_Presentation_9_2009__ppt	14	24.01	358
8.16_AOD_FINAL_Provider_Training_Presentation_9_2009__ppt	15	24.01	276
8.16_AOD_FINAL_Provider_Training_Presentation_9_2009__ppt	16	18.0	50
8.16_AOD_FINAL_Provider_Training_Presentation_9_2009__ppt	17	18.0	28
8.16_AOD_FINAL_Provider_Training_Presentation_9_2009__ppt	18	14.0	39
8.16_AOD_FINAL_Provider_Training_Presentation_9_2009__ppt	19	20.01	393
8.16_AOD_FINAL_Provider_Training_Presentation_9_2009__ppt	20	14.0	39
8.16_AOD_FINAL_Provider_Training_Presentation_9_2009__ppt	21	18.0	196
8.16_AOD_FINAL_Provider_Training_Presentation_9_2009__ppt	22	14.0	48
8.16_AOD_FINAL_Provider_Training_Presentation_9_2009__ppt	23	14.0	53
8.16_AOD_FINAL_Provider_Training_Presentation_9_2009__ppt	24	20.01	364
8.16_AOD_FINAL_Provider_Training_Presentation_9_2009__ppt	25	20.01	284
8.16_AOD_FINAL_Provider_Training_Presentation_9_2009__ppt	26	20.01	383
8.16_AOD_FINAL_Provider_Training_Presentation_9_2009__ppt	27	14.0	21
8.16_AOD_FINAL_Provider_Training_Presentation_9_2009__ppt	28	14.0	89
8.16_AOD_FINAL_Provider_Training_Presentation_9_2009__ppt	29	43.99	12
8.16_AOD_FINAL_Provider_Training_Presentation_9_2009__ppt	30	14.0	107
8.16_AOD_FINAL_Provider_Training_Presentation_9_2009__ppt	31	18.99	148
8.16_AOD_FINAL_Provider_Training_Presentation_9_2009__ppt	32	18.0	285
8.16_AOD_FINAL_Provider_Training_Presentation_9_2009__ppt	33	18.0	229
8.16_AOD_FINAL_Provider_Training_Presentation_9_2009__ppt	34	18.99	90
8.16_AOD_FINAL_Provider_Training_Presentation_9_2009__ppt	35	14.0	2
8.16_AOD_FINAL_Provider_Training_Presentation_9_2009__ppt	36	18.0	33
8.16_AOD_FINAL_Provider_Training_Presentation_9_2009__ppt	37	40.0	21
8.16_AOD_FINAL_Provider_Training_Presentation_9_2009__ppt	38	20.01	499
8.16_AOD_FINAL_Provider_Training_Presentation_9_2009__ppt	39	15.99	264
8.16_AOD_FINAL_Provider_Training_Presentation_9_2009__ppt	40	32.0	30
8.16_AOD_FINAL_Provider_Training_Presentation_9_2009__ppt	41	20.01	398
8.16_AOD_FINAL_Provider_Training_Presentation_9_2009__ppt	42	18.0	456
8.16_AOD_FINAL_Provider_Training_Presentation_9_2009__ppt	43	14.0	2
8.16_AOD_FINAL_Provider_Training_Presentation_9_2009__ppt	44	32.0	50
8.16_AOD_FINAL_Provider_Training_Presentation_9_2009__ppt	45	24.01	220
8.16_AOD_FINAL_Provider_Training_Presentation_9_2009__ppt	46	15.99	305
8.16_AOD_FINAL_Provider_Training_Presentation_9_2009__ppt	47	13.01	675
8.16_AOD_FINAL_Provider_Training_Presentation_9_2009__ppt	48	20.01	288
8.16_AOD_FINAL_Provider_Training_Presentation_9_2009__ppt	49	18.0	202
8.16_AOD_FINAL_Provider_Training_Presentation_9_2009__ppt	50	18.0	52
8.16_AOD_FINAL_Provider_Training_Presentation_9_2009__ppt	51	20.01	547
8.16_AOD_FINAL_Provider_Training_Presentation_9_2009__ppt	52	15.99	25
8.16_AOD_FINAL_Provider_Training_Presentation_9_2009__ppt	53	11.99	61
8.16_AOD_FINAL_Provider_Training_Presentation_9_2009__ppt	54	20.01	420
8.16_AOD_FINAL_Provider_Training_Presentation_9_2009__ppt	55	14.0	15
8.16_AOD_FINAL_Provider_Training_Presentation_9_2009__ppt	56	20.01	455
8.16_AOD_FINAL_Provider_Training_Presentation_9_2009__ppt	57	15.99	542
8.16_AOD_FINAL_Provider_Training_Presentation_9_2009__ppt	58	28.01	24
8.16_AOD_FINAL_Provider_Training_Presentation_9_2009__ppt	59	43.99	13
8.16_AOD_FINAL_Provider_Training_Presentation_9_2009__ppt	60	24.01	185
8.16_AOD_FINAL_Provider_Training_Presentation_9_2009__ppt	61	18.0	363
8.16_AOD_FINAL_Provider_Training_Presentation_9_2009__ppt	62	40.0	6
8.16_AOD_FINAL_Provider_Training_Presentation_9_2009__ppt	63	18.0	334
8.16_AOD_FINAL_Provider_Training_Presentation_9_2009__ppt	64	43.99	6
8.16_AOD_FINAL_Provider_Training_Presentation_9_2009__ppt	65	18.0	278
8.16_AOD_FINAL_Provider_Training_Presentation_9_2009__ppt	66	40.0	6
8.16_AOD_FINAL_Provider_Training_Presentation_9_2009__ppt	67	20.01	272
8.16_AOD_FINAL_Provider_Training_Presentation_9_2009__ppt	68	40.0	6
8.16_AOD_FINAL_Provider_Training_Presentation_9_2009__ppt	69	36.0	16
8.16_AOD_FINAL_Provider_Training_Presentation_9_2009__ppt	70	20.01	411
8.16_AOD_FINAL_Provider_Training_Presentation_9_2009__ppt	71	20.01	355
8.16_AOD_FINAL_Provider_Training_Presentation_9_2009__ppt	72	24.01	197
8.16_AOD_FINAL_Provider_Training_Presentation_9_2009__ppt	73	20.01	171
8.16_AOD_FINAL_Provider_Training_Presentation_9_2009__ppt	74	20.01	75
8.16_AOD_FINAL_Provider_Training_Presentation_9_2009__ppt	75	24.01	146
8.16_AOD_FINAL_Provider_Training_Presentation_9_2009__ppt	76	20.01	248
8.16_AOD_FINAL_Provider_Training_Presentation_9_2009__ppt	77	20.01	265
8.16_AOD_FINAL_Provider_Training_Presentation_9_2009__ppt	78	20.01	355
8.16_AOD_FINAL_Provider_Training_Presentation_9_2009__ppt	79	24.01	27
8.16_AOD_FINAL_Provider_Training_Presentation_9_2009__ppt	80	18.0	726
8.16_AOD_FINAL_Provider_Training_Presentation_9_2009__ppt	81	28.01	39
8.16_AOD_FINAL_Provider_Training_Presentation_9_2009__ppt	82	24.01	182
8.16_AOD_FINAL_Provider_Training_Presentation_9_2009__ppt	83	18.0	631
8.16_AOD_FINAL_Provider_Training_Presentation_9_2009__ppt	84	18.0	195
8.16_AOD_FINAL_Provider_Training_Presentation_9_2009__ppt	85	24.01	145
8.16_AOD_FINAL_Provider_Training_Presentation_9_2009__ppt	86	18.0	22
8.16_AOD_FINAL_Provider_Training_Presentation_9_2009__ppt	87	18.0	20
8.16_AOD_FINAL_Provider_Training_Presentation_9_2009__ppt	88	14.0	2
8.16_AOD_FINAL_Provider_Training_Presentation_9_2009__ppt	89	14.0	65
8.16_AOD_FINAL_Provider_Training_Presentation_9_2009__ppt	90	14.0	2
8.16_AOD_FINAL_Provider_Training_Presentation_9_2009__ppt	91	18.0	501
8.16_AOD_FINAL_Provider_Training_Presentation_9_2009__ppt	92	14.0	504
8.16_AOD_FINAL_Provider_Training_Presentation_9_2009__ppt	93	15.99	163
8.16_AOD_FINAL_Provider_Training_Presentation_9_2009__ppt	94	36.0	47
berlin__ppt	1	24.01	156
berlin__ppt	2	20.01	130
berlin__ppt	3	22.0	96
berlin__ppt	4	25.99	291
berlin__ppt	5	24.01	361
berlin__ppt	6	25.99	244
berlin__ppt	7	25.99	141
berlin__ppt	8	22.0	198
berlin__ppt	9	28.01	258
berlin__ppt	10	24.01	253
berlin__ppt	11	25.99	337
berlin__ppt	12	20.01	356
berlin__ppt	13	22.0	360
berlin__ppt	14	24.01	315
berlin__ppt	15	28.01	27
berlin__ppt	16	22.0	333
berlin__ppt	17	25.99	309
berlin__ppt	18	22.0	151
berlin__ppt	19	24.01	143
berlin__ppt	20	22.0	110
berlin__ppt	21	24.01	111
berlin__ppt	22	25.99	183
berlin__ppt	23	24.01	130
berlin__ppt	24	32.0	97
berlin__ppt	25	24.01	188
berlin__ppt	26	28.01	196
berlin__ppt	27	32.0	109
berlin__ppt	28	24.01	79
berlin__ppt	29	25.99	197
RESPA_-_Section_8_Webinar__ppt	1	20.01	99
RESPA_-_Section_8_Webinar__ppt	2	24.01	273
RESPA_-_Section_8_Webinar__ppt	3	20.01	344
RESPA_-_Section_8_Webinar__ppt	4	13.01	1594
RESPA_-_Section_8_Webinar__ppt	5	43.99	22
RESPA_-_Section_8_Webinar__ppt	6	20.01	145
RESPA_-_Section_8_Webinar__ppt	7	22.0	174
RESPA_-_Section_8_Webinar__ppt	8	14.0	643
RESPA_-_Section_8_Webinar__ppt	9	20.01	110
RESPA_-_Section_8_Webinar__ppt	10	18.99	494
RESPA_-_Section_8_Webinar__ppt	11	24.01	169
RESPA_-_Section_8_Webinar__ppt	12	20.01	321
RESPA_-_Section_8_Webinar__ppt	13	24.01	151
RESPA_-_Section_8_Webinar__ppt	14	20.01	432
RESPA_-_Section_8_Webinar__ppt	15	24.01	360
RESPA_-_Section_8_Webinar__ppt	16	17.01	207
RESPA_-_Section_8_Webinar__ppt	17	18.99	345
RESPA_-_Section_8_Webinar__ppt	18	18.99	314
RESPA_-_Section_8_Webinar__ppt	19	18.99	216
RESPA_-_Section_8_Webinar__ppt	20	20.01	235
RESPA_-_Section_8_Webinar__ppt	21	22.0	262
RESPA_-_Section_8_Webinar__ppt	22	24.01	199
RESPA_-_Section_8_Webinar__ppt	23	24.01	223
RESPA_-_Section_8_Webinar__ppt	24	18.99	394
RESPA_-_Section_8_Webinar__ppt	25	17.01	343
RESPA_-_Section_8_Webinar__ppt	26	20.01	375
RESPA_-_Section_8_Webinar__ppt	27	14.0	63
RESPA_-_Section_8_Webinar__ppt	28	20.01	280
RESPA_-_Section_8_Webinar__ppt	29	20.01	201
RESPA_-_Section_8_Webinar__ppt	30	17.01	280
RESPA_-_Section_8_Webinar__ppt	31	14.99	286
RESPA_-_Section_8_Webinar__ppt	32	22.0	219
RESPA_-_Section_8_Webinar__ppt	33	20.01	320
RESPA_-_Section_8_Webinar__ppt	34	24.01	175
RESPA_-_Section_8_Webinar__ppt	35	24.01	165
5b_upasana_dasgupta_-_liability_and_registration__pptx	1	40.0	98
5b_upasana_dasgupta_-_liability_and_registration__pptx	2	24.01	251
5b_upasana_dasgupta_-_liability_and_registration__pptx	3	61.0	39
5b_upasana_dasgupta_-_liability_and_registration__pptx	4	24.01	287
5b_upasana_dasgupta_-_liability_and_registration__pptx	5	24.01	243
5b_upasana_dasgupta_-_liability_and_registration__pptx	6	20.01	354
5b_upasana_dasgupta_-_liability_and_registration__pptx	7	18.0	631
5b_upasana_dasgupta_-_liability_and_registration__pptx	8	18.0	729
5b_upasana_dasgupta_-_liability_and_registration__pptx	9	22.0	299
5b_upasana_dasgupta_-_liability_and_registration__pptx	10	17.01	552
5b_upasana_dasgupta_-_liability_and_registration__pptx	11	24.01	245
5b_upasana_dasgupta_-_liability_and_registration__pptx	12	22.0	304
5b_upasana_dasgupta_-_liability_and_registration__pptx	13	22.0	508
5b_upasana_dasgupta_-_liability_and_registration__pptx	14	40.0	61
5b_upasana_dasgupta_-_liability_and_registration__pptx	15	11.99	43
NAS-Infrastructure-Roadmaps-Weather__pptx	1	32.0	33
NAS-Infrastructure-Roadmaps-Weather__pptx	2	11.99	990
NAS-Infrastructure-Roadmaps-Weather__pptx	3	14.0	669
NAS-Infrastructure-Roadmaps-Weather__pptx	4	7.99	535
NAS-Infrastructure-Roadmaps-Weather__pptx	5	7.99	506
NAS-Infrastructure-Roadmaps-Weather__pptx	6	7.99	414
NAS-Infrastructure-Roadmaps-Weather__pptx	7	7.99	609
NAS-Infrastructure-Roadmaps-Weather__pptx	8	11.99	1708
NAS-Infrastructure-Roadmaps-Weather__pptx	9	11.99	1922
NAS-Infrastructure-Roadmaps-Weather__pptx	10	11.99	1538
NAS-Infrastructure-Roadmaps-Weather__pptx	11	9.02	1279
Lepore__ppt	1	15.99	65
Lepore__ppt	2	20.01	383
Lepore__ppt	3	20.01	168
Lepore__ppt	4	17.01	234
Lepore__ppt	5	14.99	243
Lepore__ppt	6	24.01	226
Lepore__ppt	7	14.99	510
Lepore__ppt	8	18.0	562
Lepore__ppt	9	17.01	554
Lepore__ppt	10	14.0	1079
Lepore__ppt	11	18.99	529
Lepore__ppt	12	17.01	276
Lepore__ppt	13	20.01	245
Lepore__ppt	14	20.01	242
Lepore__ppt	15	24.01	239
Lepore__ppt	16	20.01	157
Lepore__ppt	17	24.01	321
Lepore__ppt	18	17.01	292
Lepore__ppt	19	11.99	119
Lepore__ppt	20	24.01	136
Ensemble-pour-l-amelioration-de-la-securite-de-lac-AIRBUS__pptx	1	21.0	59
Ensemble-pour-l-amelioration-de-la-securite-de-lac-AIRBUS__pptx	2	18.0	145
Ensemble-pour-l-amelioration-de-la-securite-de-lac-AIRBUS__pptx	3	4.99	126
Ensemble-pour-l-amelioration-de-la-securite-de-lac-AIRBUS__pptx	4	14.99	403
Ensemble-pour-l-amelioration-de-la-securite-de-lac-AIRBUS__pptx	5	14.99	436
Ensemble-pour-l-amelioration-de-la-securite-de-lac-AIRBUS__pptx	6	14.99	653
Ensemble-pour-l-amelioration-de-la-securite-de-lac-AIRBUS__pptx	7	18.99	282
Ensemble-pour-l-amelioration-de-la-securite-de-lac-AIRBUS__pptx	8	15.99	240
Ensemble-pour-l-amelioration-de-la-securite-de-lac-AIRBUS__pptx	9	7.0	8
iris07.12.12__pptx	1	18.0	61
iris07.12.12__pptx	2	43.99	17
iris07.12.12__pptx	3	32.0	31
iris07.12.12__pptx	4	24.01	110
iris07.12.12__pptx	5	28.01	244
iris07.12.12__pptx	6	32.0	73
iris07.12.12__pptx	7	28.01	407
iris07.12.12__pptx	8	25.0	748
iris07.12.12__pptx	9	18.0	61
iris07.12.12__pptx	10	40.0	20
iris07.12.12__pptx	11	24.01	352
iris07.12.12__pptx	12	32.0	139
iris07.12.12__pptx	13	20.01	115
iris07.12.12__pptx	14	32.0	278
iris07.12.12__pptx	15	28.01	326
iris07.12.12__pptx	16	29.99	245
iris07.12.12__pptx	17	32.0	195
iris07.12.12__pptx	18	24.01	44
iris07.12.12__pptx	19	24.01	230
iris07.12.12__pptx	20	47.99	40
iris07.12.12__pptx	21	18.0	61
wopanets-innovationdays-06-16__pptx	1	43.99	52
wopanets-innovationdays-06-16__pptx	2	24.01	316
wopanets-innovationdays-06-16__pptx	3	24.01	372
wopanets-innovationdays-06-16__pptx	4	24.01	345
wopanets-innovationdays-06-16__pptx	5	35.01	99
wopanets-innovationdays-06-16__pptx	6	24.01	370
wopanets-innovationdays-06-16__pptx	7	21.0	104
wopanets-innovationdays-06-16__pptx	8	35.01	99
wopanets-innovationdays-06-16__pptx	9	28.01	144
wopanets-innovationdays-06-16__pptx	10	35.01	107
wopanets-innovationdays-06-16__pptx	11	24.01	415
wopanets-innovationdays-06-16__pptx	12	24.01	52
wopanets-innovationdays-06-16__pptx	13	20.01	410
wopanets-innovationdays-06-16__pptx	14	28.01	232
wopanets-innovationdays-06-16__pptx	15	43.99	31
introduction_to_bea_tuxedo__ppt	1	36.0	25
introduction_to_bea_tuxedo__ppt	2	24.01	86
introduction_to_bea_tuxedo__ppt	3	32.0	61
introduction_to_bea_tuxedo__ppt	4	28.01	113
introduction_to_bea_tuxedo__ppt	5	28.01	95
introduction_to_bea_tuxedo__ppt	6	32.0	108
introduction_to_bea_tuxedo__ppt	7	32.0	53
introduction_to_bea_tuxedo__ppt	8	28.01	92
introduction_to_bea_tuxedo__ppt	9	32.0	115
introduction_to_bea_tuxedo__ppt	10	28.01	88
introduction_to_bea_tuxedo__ppt	11	14.0	49
introduction_to_bea_tuxedo__ppt	12	14.0	49
introduction_to_bea_tuxedo__ppt	13	18.0	73
introduction_to_bea_tuxedo__ppt	14	18.0	92
introduction_to_bea_tuxedo__ppt	15	28.01	96
introduction_to_bea_tuxedo__ppt	16	24.01	56
introduction_to_bea_tuxedo__ppt	17	20.01	85
introduction_to_bea_tuxedo__ppt	18	18.0	225
introduction_to_bea_tuxedo__ppt	19	20.01	112
introduction_to_bea_tuxedo__ppt	20	20.01	66
introduction_to_bea_tuxedo__ppt	21	15.99	348
introduction_to_bea_tuxedo__ppt	22	18.0	133
introduction_to_bea_tuxedo__ppt	23	18.0	61
introduction_to_bea_tuxedo__ppt	24	28.01	79
introduction_to_bea_tuxedo__ppt	25	24.01	59
introduction_to_bea_tuxedo__ppt	26	32.0	53
introduction_to_bea_tuxedo__ppt	27	28.01	81
introduction_to_bea_tuxedo__ppt	28	14.0	51
introduction_to_bea_tuxedo__ppt	29	11.99	72
introduction_to_bea_tuxedo__ppt	30	11.99	79
introduction_to_bea_tuxedo__ppt	31	24.01	99
introduction_to_bea_tuxedo__ppt	32	9.01	1423
introduction_to_bea_tuxedo__ppt	33	11.99	414
introduction_to_bea_tuxedo__ppt	34	28.01	65
introduction_to_bea_tuxedo__ppt	35	11.99	262
introduction_to_bea_tuxedo__ppt	36	11.99	122
introduction_to_bea_tuxedo__ppt	37	20.01	143
introduction_to_bea_tuxedo__ppt	38	20.01	239
introduction_to_bea_tuxedo__ppt	39	28.01	125
introduction_to_bea_tuxedo__ppt	40	36.0	9
FIT26-Presentation-Airservices-Update__pptx	1	14.0	23
FIT26-Presentation-Airservices-Update__pptx	2	20.01	197
FIT26-Presentation-Airservices-Update__pptx	3	36.0	17
FIT26-Presentation-Airservices-Update__pptx	4	20.01	68
FIT26-Presentation-Airservices-Update__pptx	5	20.01	54
FIT26-Presentation-Airservices-Update__pptx	6	20.01	234
FIT26-Presentation-Airservices-Update__pptx	7	20.01	33
FIT26-Presentation-Airservices-Update__pptx	8	20.01	192
FIT26-Presentation-Airservices-Update__pptx	9	20.01	61
FIT26-Presentation-Airservices-Update__pptx	10	20.01	170
FIT26-Presentation-Airservices-Update__pptx	11	24.01	77
redac-fullComm-201705-EE-FRs-briefing__pptx	1	40.0	42
redac-fullComm-201705-EE-FRs-briefing__pptx	2	21.0	126
redac-fullComm-201705-EE-FRs-briefing__pptx	3	25.99	230
redac-fullComm-201705-EE-FRs-briefing__pptx	4	25.99	247
redac-fullComm-201705-EE-FRs-briefing__pptx	5	25.99	252
redac-fullComm-201705-EE-FRs-briefing__pptx	6	25.99	278
redac-fullComm-201705-EE-FRs-briefing__pptx	7	25.99	261
redac-fullComm-201705-EE-FRs-briefing__pptx	8	25.99	337
BHCA Part II webinar #2 - 10.2020__pptx	1	35.01	57
BHCA Part II webinar #2 - 10.2020__pptx	2	65.99	51
BHCA Part II webinar #2 - 10.2020__pptx	3	20.01	86
BHCA Part II webinar #2 - 10.2020__pptx	4	47.99	16
BHCA Part II webinar #2 - 10.2020__pptx	5	22.0	242
BHCA Part II webinar #2 - 10.2020__pptx	6	47.99	13
BHCA Part II webinar #2 - 10.2020__pptx	7	20.01	165
BHCA Part II webinar #2 - 10.2020__pptx	8	17.01	167
BHCA Part II webinar #2 - 10.2020__pptx	9	24.01	12
BHCA Part II webinar #2 - 10.2020__pptx	10	20.01	104
BHCA Part II webinar #2 - 10.2020__pptx	11	47.99	17
BHCA Part II webinar #2 - 10.2020__pptx	12	18.0	726
BHCA Part II webinar #2 - 10.2020__pptx	13	17.01	824
BHCA Part II webinar #2 - 10.2020__pptx	14	18.0	795
BHCA Part II webinar #2 - 10.2020__pptx	15	17.01	430
BHCA Part II webinar #2 - 10.2020__pptx	16	18.0	406
BHCA Part II webinar #2 - 10.2020__pptx	17	17.01	577
BHCA Part II webinar #2 - 10.2020__pptx	18	24.01	12
BHCA Part II webinar #2 - 10.2020__pptx	19	18.0	165
BHCA Part II webinar #2 - 10.2020__pptx	20	47.99	9
BHCA Part II webinar #2 - 10.2020__pptx	21	20.01	83
item_3-environmental_process_briefing__pptx	1	18.99	52
item_3-environmental_process_briefing__pptx	2	32.0	123
item_3-environmental_process_briefing__pptx	3	32.0	243
item_3-environmental_process_briefing__pptx	4	32.0	157
item_3-environmental_process_briefing__pptx	5	36.0	27
item_3-environmental_process_briefing__pptx	6	36.0	29
item_3-environmental_process_briefing__pptx	7	28.01	132
item_3-environmental_process_briefing__pptx	8	32.0	123
item_3-environmental_process_briefing__pptx	9	28.01	67
item_3-environmental_process_briefing__pptx	10	28.01	134
item_3-environmental_process_briefing__pptx	11	32.0	98
item_3-environmental_process_briefing__pptx	12	32.0	8
pods05__ppt	1	24.01	74
pods05__ppt	2	28.01	83
pods05__ppt	3	28.01	212
pods05__ppt	4	47.99	21
pods05__ppt	5	24.01	63
pods05__ppt	6	28.01	62
pods05__ppt	7	24.01	212
pods05__ppt	8	32.0	27
pods05__ppt	9	11.99	2211
pods05__ppt	10	24.01	63
pods05__ppt	11	32.0	103
pods05__ppt	12	28.01	132
pods05__ppt	13	29.99	33
pods05__ppt	14	14.0	504
pods05__ppt	15	18.0	291
pods05__ppt	16	32.0	88
pods05__ppt	17	20.01	279
pods05__ppt	18	28.01	176
pods05__ppt	19	28.01	83
pods05__ppt	20	28.01	141
pods05__ppt	21	28.01	78
pods05__ppt	22	32.0	42
pods05__ppt	23	43.99	23
pods05__ppt	24	24.01	20
pods05__ppt	25	18.72	58
pods05__ppt	26	24.01	148
pods05__ppt	27	32.0	182
pods05__ppt	28	28.01	72
pods05__ppt	29	24.01	118
pods05__ppt	30	24.01	71
pods05__ppt	31	28.01	108
pods05__ppt	32	9.01	30
pods05__ppt	33	9.01	60
pods05__ppt	34	32.0	54
pods05__ppt	35	32.0	101
pods05__ppt	36	24.01	187
pods05__ppt	37	24.01	71
pods05__ppt	38	28.01	44
pods05__ppt	39	20.01	85
pods05__ppt	40	24.01	31
pods05__ppt	41	24.01	31
pods05__ppt	42	43.99	22
pods05__ppt	43	43.99	22
pods05__ppt	44	43.99	22
pods05__ppt	45	28.01	25
pods05__ppt	46	28.01	25
pods05__ppt	47	28.01	173
pods05__ppt	48	32.0	61
pods05__ppt	49	43.99	27
pods05__ppt	50	28.01	178
pods05__ppt	51	24.01	142
pods05__ppt	52	28.01	116
pods05__ppt	53	28.01	107
pods05__ppt	54	32.0	134
pods05__ppt	55	24.01	92
pods05__ppt	56	24.01	196
pods05__ppt	57	28.01	53
pods05__ppt	58	28.01	236
pods05__ppt	59	28.01	127
pods05__ppt	60	24.01	74
bitesize-writing-a-report__pptx	1	20.01	41
bitesize-writing-a-report__pptx	2	32.0	118
bitesize-writing-a-report__pptx	3	28.01	103
bitesize-writing-a-report__pptx	4	28.01	220
bitesize-writing-a-report__pptx	5	24.01	271
bitesize-writing-a-report__pptx	6	24.01	144
bitesize-writing-a-report__pptx	7	24.01	105
bitesize-writing-a-report__pptx	8	24.01	165
bitesize-writing-a-report__pptx	9	20.01	410
bitesize-writing-a-report__pptx	10	20.01	283
bitesize-writing-a-report__pptx	11	24.01	88
bitesize-writing-a-report__pptx	12	9.01	76
bitesize-writing-a-report__pptx	13	28.01	301
bitesize-writing-a-report__pptx	14	24.01	296
bitesize-writing-a-report__pptx	15	28.01	103
ANG C-1 ATC-TO Core Program - HF REDAC briefing September 7 2016__pptx	1	28.01	48
ANG C-1 ATC-TO Core Program - HF REDAC briefing September 7 2016__pptx	2	20.01	355
ANG C-1 ATC-TO Core Program - HF REDAC briefing September 7 2016__pptx	3	18.0	672
ANG C-1 ATC-TO Core Program - HF REDAC briefing September 7 2016__pptx	4	18.0	199
ANG C-1 ATC-TO Core Program - HF REDAC briefing September 7 2016__pptx	5	20.01	348
ANG C-1 ATC-TO Core Program - HF REDAC briefing September 7 2016__pptx	6	20.01	210
ANG C-1 ATC-TO Core Program - HF REDAC briefing September 7 2016__pptx	7	14.0	870
ANG C-1 ATC-TO Core Program - HF REDAC briefing September 7 2016__pptx	8	20.01	510
ANG C-1 ATC-TO Core Program - HF REDAC briefing September 7 2016__pptx	9	14.0	521
ANG C-1 ATC-TO Core Program - HF REDAC briefing September 7 2016__pptx	10	20.01	395
ANG C-1 ATC-TO Core Program - HF REDAC briefing September 7 2016__pptx	11	14.0	330
ANG C-1 ATC-TO Core Program - HF REDAC briefing September 7 2016__pptx	12	20.01	381
ANG C-1 ATC-TO Core Program - HF REDAC briefing September 7 2016__pptx	13	14.0	342
ANG C-1 ATC-TO Core Program - HF REDAC briefing September 7 2016__pptx	14	20.01	296
ANG C-1 ATC-TO Core Program - HF REDAC briefing September 7 2016__pptx	15	14.0	672
ANG C-1 ATC-TO Core Program - HF REDAC briefing September 7 2016__pptx	16	15.99	227
ANG C-1 ATC-TO Core Program - HF REDAC briefing September 7 2016__pptx	17	14.0	719
ANG C-1 ATC-TO Core Program - HF REDAC briefing September 7 2016__pptx	18	14.0	668
ANG C-1 ATC-TO Core Program - HF REDAC briefing September 7 2016__pptx	19	11.99	993
EG1_dsrc tech__ppt	1	22.0	62
EG1_dsrc tech__ppt	2	17.01	175
EG1_dsrc tech__ppt	3	18.0	444
EG1_dsrc tech__ppt	4	18.0	226
EG1_dsrc tech__ppt	5	20.01	205
EG1_dsrc tech__ppt	6	20.01	332
EG1_dsrc tech__ppt	7	18.0	130
EG1_dsrc tech__ppt	8	18.0	186
EG1_dsrc tech__ppt	9	18.0	371
EG1_dsrc tech__ppt	10	18.0	293
EG1_dsrc tech__ppt	11	20.01	373
EG1_dsrc tech__ppt	12	18.0	92
EG1_dsrc tech__ppt	13	18.0	99
EG1_dsrc tech__ppt	14	18.0	116
EG1_dsrc tech__ppt	15	18.0	126
EG1_dsrc tech__ppt	16	18.0	103
EG1_dsrc tech__ppt	17	18.0	147
EG1_dsrc tech__ppt	18	11.87	920
EG1_dsrc tech__ppt	19	12.17	578
EG1_dsrc tech__ppt	20	11.42	593
EG1_dsrc tech__ppt	21	20.01	334
EG1_dsrc tech__ppt	22	8.1	148
EG1_dsrc tech__ppt	23	18.0	408
EG1_dsrc tech__ppt	24	20.01	290
EG1_dsrc tech__ppt	25	20.01	517
EG1_dsrc tech__ppt	26	20.01	379
c_291533__pptx	1	32.0	30
c_291533__pptx	2	20.01	113
c_291533__pptx	3	43.99	27
c_291533__pptx	4	22.0	443
c_291533__pptx	5	43.99	52
c_291533__pptx	6	22.0	165
c_291533__pptx	7	43.99	16
c_291533__pptx	8	20.01	304
c_291533__pptx	9	20.01	36
c_291533__pptx	10	14.99	885
c_291533__pptx	11	18.0	669
c_291533__pptx	12	18.0	735
c_291533__pptx	13	21.0	303
c_291533__pptx	14	43.99	13
c_291533__pptx	15	20.01	532
c_291533__pptx	16	43.99	21
c_291533__pptx	17	24.01	339
c_291533__pptx	18	24.01	395
c_291533__pptx	19	24.01	212
concepts-surrounding-cloud-computing-carolyn-kranz-and-rich-prem-gb-seattle-2011__ppt	1	28.01	52
concepts-surrounding-cloud-computing-carolyn-kranz-and-rich-prem-gb-seattle-2011__ppt	2	32.0	8
concepts-surrounding-cloud-computing-carolyn-kranz-and-rich-prem-gb-seattle-2011__ppt	3	22.0	411
concepts-surrounding-cloud-computing-carolyn-kranz-and-rich-prem-gb-seattle-2011__ppt	4	15.99	743
concepts-surrounding-cloud-computing-carolyn-kranz-and-rich-prem-gb-seattle-2011__ppt	5	20.01	249
concepts-surrounding-cloud-computing-carolyn-kranz-and-rich-prem-gb-seattle-2011__ppt	6	20.01	419
concepts-surrounding-cloud-computing-carolyn-kranz-and-rich-prem-gb-seattle-2011__ppt	7	20.01	575
concepts-surrounding-cloud-computing-carolyn-kranz-and-rich-prem-gb-seattle-2011__ppt	8	14.0	221
concepts-surrounding-cloud-computing-carolyn-kranz-and-rich-prem-gb-seattle-2011__ppt	9	15.99	858
concepts-surrounding-cloud-computing-carolyn-kranz-and-rich-prem-gb-seattle-2011__ppt	10	20.01	458
concepts-surrounding-cloud-computing-carolyn-kranz-and-rich-prem-gb-seattle-2011__ppt	11	15.99	153
concepts-surrounding-cloud-computing-carolyn-kranz-and-rich-prem-gb-seattle-2011__ppt	12	32.0	8
concepts-surrounding-cloud-computing-carolyn-kranz-and-rich-prem-gb-seattle-2011__ppt	13	20.01	251
concepts-surrounding-cloud-computing-carolyn-kranz-and-rich-prem-gb-seattle-2011__ppt	14	18.0	258
concepts-surrounding-cloud-computing-carolyn-kranz-and-rich-prem-gb-seattle-2011__ppt	15	17.01	455
concepts-surrounding-cloud-computing-carolyn-kranz-and-rich-prem-gb-seattle-2011__ppt	16	20.01	158
concepts-surrounding-cloud-computing-carolyn-kranz-and-rich-prem-gb-seattle-2011__ppt	17	20.01	51
concepts-surrounding-cloud-computing-carolyn-kranz-and-rich-prem-gb-seattle-2011__ppt	18	32.0	8
concepts-surrounding-cloud-computing-carolyn-kranz-and-rich-prem-gb-seattle-2011__ppt	19	32.0	16
concepts-surrounding-cloud-computing-carolyn-kranz-and-rich-prem-gb-seattle-2011__ppt	20	18.99	232
concepts-surrounding-cloud-computing-carolyn-kranz-and-rich-prem-gb-seattle-2011__ppt	21	20.01	231
concepts-surrounding-cloud-computing-carolyn-kranz-and-rich-prem-gb-seattle-2011__ppt	22	18.0	512
concepts-surrounding-cloud-computing-carolyn-kranz-and-rich-prem-gb-seattle-2011__ppt	23	25.0	95
concepts-surrounding-cloud-computing-carolyn-kranz-and-rich-prem-gb-seattle-2011__ppt	24	18.0	880
concepts-surrounding-cloud-computing-carolyn-kranz-and-rich-prem-gb-seattle-2011__ppt	25	32.0	8
concepts-surrounding-cloud-computing-carolyn-kranz-and-rich-prem-gb-seattle-2011__ppt	26	18.0	128
concepts-surrounding-cloud-computing-carolyn-kranz-and-rich-prem-gb-seattle-2011__ppt	27	11.99	1357
concepts-surrounding-cloud-computing-carolyn-kranz-and-rich-prem-gb-seattle-2011__ppt	28	14.99	280
concepts-surrounding-cloud-computing-carolyn-kranz-and-rich-prem-gb-seattle-2011__ppt	29	18.0	579
concepts-surrounding-cloud-computing-carolyn-kranz-and-rich-prem-gb-seattle-2011__ppt	30	20.01	394
concepts-surrounding-cloud-computing-carolyn-kranz-and-rich-prem-gb-seattle-2011__ppt	31	20.01	346
concepts-surrounding-cloud-computing-carolyn-kranz-and-rich-prem-gb-seattle-2011__ppt	32	32.0	30
concepts-surrounding-cloud-computing-carolyn-kranz-and-rich-prem-gb-seattle-2011__ppt	33	15.99	463
concepts-surrounding-cloud-computing-carolyn-kranz-and-rich-prem-gb-seattle-2011__ppt	34	15.99	163
concepts-surrounding-cloud-computing-carolyn-kranz-and-rich-prem-gb-seattle-2011__ppt	35	36.0	9
concepts-surrounding-cloud-computing-carolyn-kranz-and-rich-prem-gb-seattle-2011__ppt	36	24.01	93
ws_prod-g-doc-Events-r-6.-ESM__ppt	1	14.0	77
ws_prod-g-doc-Events-r-6.-ESM__ppt	2	20.01	114
ws_prod-g-doc-Events-r-6.-ESM__ppt	3	20.01	299
ws_prod-g-doc-Events-r-6.-ESM__ppt	4	20.01	245
ws_prod-g-doc-Events-r-6.-ESM__ppt	5	18.99	245
ws_prod-g-doc-Events-r-6.-ESM__ppt	6	20.01	321
ws_prod-g-doc-Events-r-6.-ESM__ppt	7	18.99	307
ws_prod-g-doc-Events-r-6.-ESM__ppt	8	17.01	321
ws_prod-g-doc-Events-r-6.-ESM__ppt	9	17.01	333
ws_prod-g-doc-Events-r-6.-ESM__ppt	10	20.01	357
ws_prod-g-doc-Events-r-6.-ESM__ppt	11	20.01	354
ws_prod-g-doc-Events-r-6.-ESM__ppt	12	20.01	307
ws_prod-g-doc-Events-r-6.-ESM__ppt	13	17.01	348
ws_prod-g-doc-Events-r-6.-ESM__ppt	14	20.01	340
ws_prod-g-doc-Events-r-6.-ESM__ppt	15	20.01	337
ws_prod-g-doc-Events-r-6.-ESM__ppt	16	20.01	338
ws_prod-g-doc-Events-r-6.-ESM__ppt	17	18.99	237
ws_prod-g-doc-Events-r-6.-ESM__ppt	18	17.01	357
ws_prod-g-doc-Events-r-6.-ESM__ppt	19	20.01	424
ws_prod-g-doc-Events-r-6.-ESM__ppt	20	17.01	329
ws_prod-g-doc-Events-r-6.-ESM__ppt	21	18.99	373
ws_prod-g-doc-Events-r-6.-ESM__ppt	22	18.99	442
ws_prod-g-doc-Events-r-6.-ESM__ppt	23	20.01	414
ws_prod-g-doc-Events-r-6.-ESM__ppt	24	20.01	335
ws_prod-g-doc-Events-r-6.-ESM__ppt	25	14.0	78
iep-amount-frequency-for-webinar__ppt	1	28.01	107
iep-amount-frequency-for-webinar__ppt	2	24.01	267
iep-amount-frequency-for-webinar__ppt	3	10.01	9
iep-amount-frequency-for-webinar__ppt	4	28.01	145
iep-amount-frequency-for-webinar__ppt	5	28.01	127
iep-amount-frequency-for-webinar__ppt	6	28.01	92
iep-amount-frequency-for-webinar__ppt	7	28.01	234
iep-amount-frequency-for-webinar__ppt	8	28.01	196
iep-amount-frequency-for-webinar__ppt	9	28.01	274
iep-amount-frequency-for-webinar__ppt	10	28.01	99
iep-amount-frequency-for-webinar__ppt	11	28.01	234
iep-amount-frequency-for-webinar__ppt	12	24.01	187
iep-amount-frequency-for-webinar__ppt	13	28.01	320
iep-amount-frequency-for-webinar__ppt	14	22.0	273
iep-amount-frequency-for-webinar__ppt	15	24.01	207
iep-amount-frequency-for-webinar__ppt	16	22.99	166
iep-amount-frequency-for-webinar__ppt	17	24.01	124
iep-amount-frequency-for-webinar__ppt	18	28.01	103
iep-amount-frequency-for-webinar__ppt	19	28.01	152
iep-amount-frequency-for-webinar__ppt	20	28.01	115
iep-amount-frequency-for-webinar__ppt	21	24.01	238
iep-amount-frequency-for-webinar__ppt	22	24.01	160
iep-amount-frequency-for-webinar__ppt	23	28.01	145
iep-amount-frequency-for-webinar__ppt	24	22.0	248
iep-amount-frequency-for-webinar__ppt	25	20.01	90
iep-amount-frequency-for-webinar__ppt	26	28.01	141
iep-amount-frequency-for-webinar__ppt	27	24.01	230
iep-amount-frequency-for-webinar__ppt	28	28.01	227
iep-amount-frequency-for-webinar__ppt	29	24.01	158
iep-amount-frequency-for-webinar__ppt	30	28.01	213
iep-amount-frequency-for-webinar__ppt	31	24.01	168
iep-amount-frequency-for-webinar__ppt	32	40.0	23
iep-amount-frequency-for-webinar__ppt	33	18.0	68
iep-amount-frequency-for-webinar__ppt	34	40.0	23
iep-amount-frequency-for-webinar__ppt	35	18.0	117
iep-amount-frequency-for-webinar__ppt	36	40.0	23
iep-amount-frequency-for-webinar__ppt	37	17.01	73
iep-amount-frequency-for-webinar__ppt	38	24.01	137
iep-amount-frequency-for-webinar__ppt	39	28.01	229
FIT26-Presentation-PR-Briefing-Debrief-Airbus__pptx	1	14.99	42
FIT26-Presentation-PR-Briefing-Debrief-Airbus__pptx	2	14.0	617
FIT26-Presentation-PR-Briefing-Debrief-Airbus__pptx	3	14.0	729
FIT26-Presentation-PR-Briefing-Debrief-Airbus__pptx	4	14.0	908
FIT26-Presentation-PR-Briefing-Debrief-Airbus__pptx	5	14.0	663
FIT26-Presentation-PR-Briefing-Debrief-Airbus__pptx	6	14.0	335
FIT26-Presentation-PR-Briefing-Debrief-Airbus__pptx	7	11.99	619
FIT26-Presentation-PR-Briefing-Debrief-Airbus__pptx	8	14.0	1097
FIT26-Presentation-PR-Briefing-Debrief-Airbus__pptx	9	7.99	49
REDAC HF briefing Sep 2016_LARD_ATC_TO_FE_v2__pptx	1	28.01	50
REDAC HF briefing Sep 2016_LARD_ATC_TO_FE_v2__pptx	2	18.0	595
REDAC HF briefing Sep 2016_LARD_ATC_TO_FE_v2__pptx	3	20.01	453
REDAC HF briefing Sep 2016_LARD_ATC_TO_FE_v2__pptx	4	18.0	305
REDAC HF briefing Sep 2016_LARD_ATC_TO_FE_v2__pptx	5	14.0	978
REDAC HF briefing Sep 2016_LARD_ATC_TO_FE_v2__pptx	6	15.99	315
REDAC HF briefing Sep 2016_LARD_ATC_TO_FE_v2__pptx	7	14.0	502
REDAC HF briefing Sep 2016_LARD_ATC_TO_FE_v2__pptx	8	11.99	694
REDAC HF briefing Sep 2016_LARD_ATC_TO_FE_v2__pptx	9	14.0	630
REDAC HF briefing Sep 2016_LARD_ATC_TO_FE_v2__pptx	10	11.99	700
REDAC HF briefing Sep 2016_LARD_ATC_TO_FE_v2__pptx	11	11.99	884
REDAC HF briefing Sep 2016_LARD_ATC_TO_FE_v2__pptx	12	11.99	655
REDAC HF briefing Sep 2016_LARD_ATC_TO_FE_v2__pptx	13	11.99	956
REDAC HF briefing Sep 2016_LARD_ATC_TO_FE_v2__pptx	14	11.99	672
REDAC HF briefing Sep 2016_LARD_ATC_TO_FE_v2__pptx	15	11.99	1239
REDAC HF briefing Sep 2016_LARD_ATC_TO_FE_v2__pptx	16	11.99	930
REDAC HF briefing Sep 2016_LARD_ATC_TO_FE_v2__pptx	17	11.99	29
REDAC HF briefing Sep 2016_LARD_ATC_TO_FE_v2__pptx	18	11.99	29
G-InvoicingKeithJarboe__pptx	1	25.99	35
G-InvoicingKeithJarboe__pptx	2	18.0	698
G-InvoicingKeithJarboe__pptx	3	15.99	352
G-InvoicingKeithJarboe__pptx	4	18.0	807
G-InvoicingKeithJarboe__pptx	5	18.0	421
G-InvoicingKeithJarboe__pptx	6	18.0	404
G-InvoicingKeithJarboe__pptx	7	15.99	208
G-InvoicingKeithJarboe__pptx	8	15.99	377
G-InvoicingKeithJarboe__pptx	9	15.99	166
G-InvoicingKeithJarboe__pptx	10	18.0	66
G-InvoicingKeithJarboe__pptx	11	15.99	439
G-InvoicingKeithJarboe__pptx	12	18.0	484
G-InvoicingKeithJarboe__pptx	13	18.0	452
airbus-powerpoint-presentation-2019-20-without-video_diy_2019-20__pptx	1	46.01	25
airbus-powerpoint-presentation-2019-20-without-video_diy_2019-20__pptx	2	24.01	83
airbus-powerpoint-presentation-2019-20-without-video_diy_2019-20__pptx	3	24.01	58
airbus-powerpoint-presentation-2019-20-without-video_diy_2019-20__pptx	4	24.01	83
airbus-powerpoint-presentation-2019-20-without-video_diy_2019-20__pptx	5	36.0	27
airbus-powerpoint-presentation-2019-20-without-video_diy_2019-20__pptx	6	22.0	222
airbus-powerpoint-presentation-2019-20-without-video_diy_2019-20__pptx	7	28.01	37
airbus-powerpoint-presentation-2019-20-without-video_diy_2019-20__pptx	8	24.01	52
airbus-powerpoint-presentation-2019-20-without-video_diy_2019-20__pptx	9	24.01	100
airbus-powerpoint-presentation-2019-20-without-video_diy_2019-20__pptx	10	24.01	83
airbus-powerpoint-presentation-2019-20-without-video_diy_2019-20__pptx	11	24.01	83
airbus-powerpoint-presentation-2019-20-without-video_diy_2019-20__pptx	12	40.0	29
airbus-powerpoint-presentation-2019-20-without-video_diy_2019-20__pptx	13	15.99	163
airbus-powerpoint-presentation-2019-20-without-video_diy_2019-20__pptx	14	24.01	83
airbus-powerpoint-presentation-2019-20-without-video_diy_2019-20__pptx	15	24.01	83
airbus-powerpoint-presentation-2019-20-without-video_diy_2019-20__pptx	16	22.0	125
airbus-powerpoint-presentation-2019-20-without-video_diy_2019-20__pptx	17	24.01	83
airbus-powerpoint-presentation-2019-20-without-video_diy_2019-20__pptx	18	24.01	83
airbus-powerpoint-presentation-2019-20-without-video_diy_2019-20__pptx	19	22.0	232
airbus-powerpoint-presentation-2019-20-without-video_diy_2019-20__pptx	20	24.01	83
airbus-powerpoint-presentation-2019-20-without-video_diy_2019-20__pptx	21	24.01	83
airbus-powerpoint-presentation-2019-20-without-video_diy_2019-20__pptx	22	17.01	369
airbus-powerpoint-presentation-2019-20-without-video_diy_2019-20__pptx	23	22.0	130
airbus-powerpoint-presentation-2019-20-without-video_diy_2019-20__pptx	24	40.0	12
airbus-powerpoint-presentation-2019-20-without-video_diy_2019-20__pptx	25	20.01	156
airbus-powerpoint-presentation-2019-20-without-video_diy_2019-20__pptx	26	20.01	156
airbus-powerpoint-presentation-2019-20-without-video_diy_2019-20__pptx	27	20.01	156
airbus-powerpoint-presentation-2019-20-without-video_diy_2019-20__pptx	28	17.01	123
airbus-powerpoint-presentation-2019-20-without-video_diy_2019-20__pptx	29	22.0	107
airbus-powerpoint-presentation-2019-20-without-video_diy_2019-20__pptx	30	28.01	27
airbus-powerpoint-presentation-2019-20-without-video_diy_2019-20__pptx	31	22.0	180
airbus-powerpoint-presentation-2019-20-without-video_diy_2019-20__pptx	32	22.0	150
airbus-powerpoint-presentation-2019-20-without-video_diy_2019-20__pptx	33	24.01	83
airbus-powerpoint-presentation-2019-20-without-video_diy_2019-20__pptx	34	24.01	83
airbus-powerpoint-presentation-2019-20-without-video_diy_2019-20__pptx	35	43.99	12
airbus-powerpoint-presentation-2019-20-without-video_diy_2019-20__pptx	36	24.01	83
airbus-powerpoint-presentation-2019-20-without-video_diy_2019-20__pptx	37	43.99	14
airbus-powerpoint-presentation-2019-20-without-video_diy_2019-20__pptx	38	36.0	18
Airport Planning 09112013__ppt	1	20.01	71
Airport Planning 09112013__ppt	2	12.62	153
Airport Planning 09112013__ppt	3	11.99	70
Airport Planning 09112013__ppt	4	18.0	214
Airport Planning 09112013__ppt	5	18.0	490
Airport Planning 09112013__ppt	6	18.0	217
Airport Planning 09112013__ppt	7	18.0	544
Airport Planning 09112013__ppt	8	18.0	552
Airport Planning 09112013__ppt	9	24.01	302
nabiyeleul_1_aviation_service_28_july_2020__pptx	1	28.8	120
nabiyeleul_1_aviation_service_28_july_2020__pptx	2	28.01	367
nabiyeleul_1_aviation_service_28_july_2020__pptx	3	32.0	292
nabiyeleul_1_aviation_service_28_july_2020__pptx	4	29.99	246
nabiyeleul_1_aviation_service_28_july_2020__pptx	5	32.0	297
nabiyeleul_1_aviation_service_28_july_2020__pptx	6	28.01	264
nabiyeleul_1_aviation_service_28_july_2020__pptx	7	28.01	356
nabiyeleul_1_aviation_service_28_july_2020__pptx	8	28.01	413
nabiyeleul_1_aviation_service_28_july_2020__pptx	9	28.01	357
30-04-2021 merged NDoH and NICD_Presentation HBV BD meeting 05May2021_1__pptx	1	15.99	112
30-04-2021 merged NDoH and NICD_Presentation HBV BD meeting 05May2021_1__pptx	2	18.0	208
30-04-2021 merged NDoH and NICD_Presentation HBV BD meeting 05May2021_1__pptx	3	21.0	441
30-04-2021 merged NDoH and NICD_Presentation HBV BD meeting 05May2021_1__pptx	4	9.01	679
30-04-2021 merged NDoH and NICD_Presentation HBV BD meeting 05May2021_1__pptx	5	9.01	467
30-04-2021 merged NDoH and NICD_Presentation HBV BD meeting 05May2021_1__pptx	6	10.01	220
30-04-2021 merged NDoH and NICD_Presentation HBV BD meeting 05May2021_1__pptx	7	18.0	69
30-04-2021 merged NDoH and NICD_Presentation HBV BD meeting 05May2021_1__pptx	8	18.0	377
30-04-2021 merged NDoH and NICD_Presentation HBV BD meeting 05May2021_1__pptx	9	22.99	627
30-04-2021 merged NDoH and NICD_Presentation HBV BD meeting 05May2021_1__pptx	10	20.01	618
30-04-2021 merged NDoH and NICD_Presentation HBV BD meeting 05May2021_1__pptx	11	22.0	407
30-04-2021 merged NDoH and NICD_Presentation HBV BD meeting 05May2021_1__pptx	12	24.01	449
30-04-2021 merged NDoH and NICD_Presentation HBV BD meeting 05May2021_1__pptx	13	24.01	474
30-04-2021 merged NDoH and NICD_Presentation HBV BD meeting 05May2021_1__pptx	14	24.01	412
30-04-2021 merged NDoH and NICD_Presentation HBV BD meeting 05May2021_1__pptx	15	18.0	672
30-04-2021 merged NDoH and NICD_Presentation HBV BD meeting 05May2021_1__pptx	16	28.01	258
30-04-2021 merged NDoH and NICD_Presentation HBV BD meeting 05May2021_1__pptx	17	32.0	118
30-04-2021 merged NDoH and NICD_Presentation HBV BD meeting 05May2021_1__pptx	18	32.0	53
BasicMed_AME_Presentation__pptx	1	18.0	58
BasicMed_AME_Presentation__pptx	2	24.01	236
BasicMed_AME_Presentation__pptx	3	24.01	287
BasicMed_AME_Presentation__pptx	4	32.0	69
BasicMed_AME_Presentation__pptx	5	32.0	69
BasicMed_AME_Presentation__pptx	6	20.01	168
BasicMed_AME_Presentation__pptx	7	20.01	98
BasicMed_AME_Presentation__pptx	8	18.0	213
BasicMed_AME_Presentation__pptx	9	24.01	381
BasicMed_AME_Presentation__pptx	10	18.0	185
BasicMed_AME_Presentation__pptx	11	20.01	406
BasicMed_AME_Presentation__pptx	12	24.01	300
BasicMed_AME_Presentation__pptx	13	24.01	289
BasicMed_AME_Presentation__pptx	14	22.0	307
BasicMed_AME_Presentation__pptx	15	28.01	58
BasicMed_AME_Presentation__pptx	16	20.01	122
BasicMed_AME_Presentation__pptx	17	24.01	160
BasicMed_AME_Presentation__pptx	18	24.01	87
HENTZEN_COMPOSITE_MATERIALS_IN_THE_AEROSPACE_INDUSTRY__pptx	1	47.99	40
HENTZEN_COMPOSITE_MATERIALS_IN_THE_AEROSPACE_INDUSTRY__pptx	2	24.01	236
HENTZEN_COMPOSITE_MATERIALS_IN_THE_AEROSPACE_INDUSTRY__pptx	3	22.0	167
HENTZEN_COMPOSITE_MATERIALS_IN_THE_AEROSPACE_INDUSTRY__pptx	4	47.99	9
HENTZEN_COMPOSITE_MATERIALS_IN_THE_AEROSPACE_INDUSTRY__pptx	5	18.0	98
HENTZEN_COMPOSITE_MATERIALS_IN_THE_AEROSPACE_INDUSTRY__pptx	6	24.01	134
HENTZEN_COMPOSITE_MATERIALS_IN_THE_AEROSPACE_INDUSTRY__pptx	7	20.01	145
HENTZEN_COMPOSITE_MATERIALS_IN_THE_AEROSPACE_INDUSTRY__pptx	8	24.01	149
HENTZEN_COMPOSITE_MATERIALS_IN_THE_AEROSPACE_INDUSTRY__pptx	9	24.01	58
HENTZEN_COMPOSITE_MATERIALS_IN_THE_AEROSPACE_INDUSTRY__pptx	10	24.01	82
HENTZEN_COMPOSITE_MATERIALS_IN_THE_AEROSPACE_INDUSTRY__pptx	11	18.0	113
HENTZEN_COMPOSITE_MATERIALS_IN_THE_AEROSPACE_INDUSTRY__pptx	12	20.01	410
1-secretariat__ppt	1	43.99	110
1-secretariat__ppt	2	36.0	132
1-secretariat__ppt	3	43.99	72
1-secretariat__ppt	4	28.01	180
1-secretariat__ppt	5	36.0	290
1-secretariat__ppt	6	36.0	122
1-secretariat__ppt	7	32.0	174
1-secretariat__ppt	8	32.0	216
1-secretariat__ppt	9	32.99	172
1-secretariat__ppt	10	28.01	201
John_Broggio__RSS_Campion_event_John_Broggio__pptx	1	28.01	53
John_Broggio__RSS_Campion_event_John_Broggio__pptx	2	18.0	222
John_Broggio__RSS_Campion_event_John_Broggio__pptx	3	22.0	230
John_Broggio__RSS_Campion_event_John_Broggio__pptx	4	15.99	205
John_Broggio__RSS_Campion_event_John_Broggio__pptx	5	11.99	151
John_Broggio__RSS_Campion_event_John_Broggio__pptx	6	20.01	101
John_Broggio__RSS_Campion_event_John_Broggio__pptx	7	14.0	147
John_Broggio__RSS_Campion_event_John_Broggio__pptx	8	14.0	140
John_Broggio__RSS_Campion_event_John_Broggio__pptx	9	14.0	245
John_Broggio__RSS_Campion_event_John_Broggio__pptx	10	18.0	279
John_Broggio__RSS_Campion_event_John_Broggio__pptx	11	20.01	432
John_Broggio__RSS_Campion_event_John_Broggio__pptx	12	18.0	119
John_Broggio__RSS_Campion_event_John_Broggio__pptx	13	18.0	412
John_Broggio__RSS_Campion_event_John_Broggio__pptx	14	20.01	123
John_Broggio__RSS_Campion_event_John_Broggio__pptx	15	20.01	208
John_Broggio__RSS_Campion_event_John_Broggio__pptx	16	18.0	393
John_Broggio__RSS_Campion_event_John_Broggio__pptx	17	18.0	426
John_Broggio__RSS_Campion_event_John_Broggio__pptx	18	15.99	462
John_Broggio__RSS_Campion_event_John_Broggio__pptx	19	11.99	36
John_Broggio__RSS_Campion_event_John_Broggio__pptx	20	11.99	36
John_Broggio__RSS_Campion_event_John_Broggio__pptx	21	11.99	36
John_Broggio__RSS_Campion_event_John_Broggio__pptx	22	11.99	36
John_Broggio__RSS_Campion_event_John_Broggio__pptx	23	18.0	270
John_Broggio__RSS_Campion_event_John_Broggio__pptx	24	14.0	228
John_Broggio__RSS_Campion_event_John_Broggio__pptx	25	15.99	512
redac-sas-201403-ppt-portfolio-rev-sim__pptx	1	28.01	66
redac-sas-201403-ppt-portfolio-rev-sim__pptx	2	15.99	421
redac-sas-201403-ppt-portfolio-rev-sim__pptx	3	15.99	566
redac-sas-201403-ppt-portfolio-rev-sim__pptx	4	18.0	259
redac-sas-201403-ppt-portfolio-rev-sim__pptx	5	18.0	353
redac-sas-201403-ppt-portfolio-rev-sim__pptx	6	9.01	718
redac-sas-201403-ppt-portfolio-rev-sim__pptx	7	14.0	96
redac-sas-201403-ppt-portfolio-rev-sim__pptx	8	20.01	249
redac-sas-201403-ppt-portfolio-rev-sim__pptx	9	15.99	382
redac-sas-201403-ppt-portfolio-rev-sim__pptx	10	10.01	1241
redac-sas-201403-ppt-portfolio-rev-sim__pptx	11	11.99	621
redac-sas-201403-ppt-portfolio-rev-sim__pptx	12	11.99	797
redac-sas-201403-ppt-portfolio-rev-sim__pptx	13	11.99	986
redac-sas-201403-ppt-portfolio-rev-sim__pptx	14	11.99	646
Tax factsheet 2022 (1)__pptx	1	20.01	25
Tax factsheet 2022 (1)__pptx	2	24.01	136
Tax factsheet 2022 (1)__pptx	3	20.01	441
Tax factsheet 2022 (1)__pptx	4	20.01	479
Tax factsheet 2022 (1)__pptx	5	20.01	424
Tax factsheet 2022 (1)__pptx	6	14.99	685
Tax factsheet 2022 (1)__pptx	7	14.0	493
Tax factsheet 2022 (1)__pptx	8	25.0	74
Tax factsheet 2022 (1)__pptx	9	14.99	842
Tax factsheet 2022 (1)__pptx	10	14.99	424
Tax factsheet 2022 (1)__pptx	11	25.0	81
Tax factsheet 2022 (1)__pptx	12	14.99	546
Tax factsheet 2022 (1)__pptx	13	14.99	877
Tax factsheet 2022 (1)__pptx	14	14.99	859
Tax factsheet 2022 (1)__pptx	15	25.0	85
Tax factsheet 2022 (1)__pptx	16	14.99	598
Tax factsheet 2022 (1)__pptx	17	14.99	459
Tax factsheet 2022 (1)__pptx	18	14.99	435
Tax factsheet 2022 (1)__pptx	19	25.0	87
Tax factsheet 2022 (1)__pptx	20	14.99	760
Tax factsheet 2022 (1)__pptx	21	14.99	626
Tax factsheet 2022 (1)__pptx	22	25.0	76
Tax factsheet 2022 (1)__pptx	23	14.99	362
Tax factsheet 2022 (1)__pptx	24	14.99	653
Tax factsheet 2022 (1)__pptx	25	14.99	463
Tax factsheet 2022 (1)__pptx	26	25.0	423
Tax factsheet 2022 (1)__pptx	27	10.01	394
Copy of Full deck with references Promotion of Outside Interests at Work final(1)__pptx	1	24.01	115
Copy of Full deck with references Promotion of Outside Interests at Work final(1)__pptx	2	28.01	119
Copy of Full deck with references Promotion of Outside Interests at Work final(1)__pptx	3	28.01	215
Copy of Full deck with references Promotion of Outside Interests at Work final(1)__pptx	4	28.01	250
Copy of Full deck with references Promotion of Outside Interests at Work final(1)__pptx	5	28.01	325
Copy of Full deck with references Promotion of Outside Interests at Work final(1)__pptx	6	18.0	733
Copy of Full deck with references Promotion of Outside Interests at Work final(1)__pptx	7	20.01	693
Copy of Full deck with references Promotion of Outside Interests at Work final(1)__pptx	8	20.01	431
Copy of Full deck with references Promotion of Outside Interests at Work final(1)__pptx	9	24.01	408
Copy of Full deck with references Promotion of Outside Interests at Work final(1)__pptx	10	20.01	384
Copy of Full deck with references Promotion of Outside Interests at Work final(1)__pptx	11	24.01	445
Copy of Full deck with references Promotion of Outside Interests at Work final(1)__pptx	12	22.0	570
Copy of Full deck with references Promotion of Outside Interests at Work final(1)__pptx	13	24.01	442
Copy of Full deck with references Promotion of Outside Interests at Work final(1)__pptx	14	24.01	457
Copy of Full deck with references Promotion of Outside Interests at Work final(1)__pptx	15	24.01	569
Copy of Full deck with references Promotion of Outside Interests at Work final(1)__pptx	16	24.01	564
Copy of Full deck with references Promotion of Outside Interests at Work final(1)__pptx	17	20.01	599
Copy of Full deck with references Promotion of Outside Interests at Work final(1)__pptx	18	22.0	591
Copy of Full deck with references Promotion of Outside Interests at Work final(1)__pptx	19	25.0	208
Copy of Full deck with references Promotion of Outside Interests at Work final(1)__pptx	20	24.01	641
Copy of Full deck with references Promotion of Outside Interests at Work final(1)__pptx	21	24.01	319
Copy of Full deck with references Promotion of Outside Interests at Work final(1)__pptx	22	22.0	442
Copy of Full deck with references Promotion of Outside Interests at Work final(1)__pptx	23	24.01	189
Copy of Full deck with references Promotion of Outside Interests at Work final(1)__pptx	24	24.01	158
Copy of Full deck with references Promotion of Outside Interests at Work final(1)__pptx	25	24.01	114
Copy of Full deck with references Promotion of Outside Interests at Work final(1)__pptx	26	24.01	414
Copy of Full deck with references Promotion of Outside Interests at Work final(1)__pptx	27	24.01	294
Copy of Full deck with references Promotion of Outside Interests at Work final(1)__pptx	28	24.01	615
Copy of Full deck with references Promotion of Outside Interests at Work final(1)__pptx	29	24.01	302
Copy of Full deck with references Promotion of Outside Interests at Work final(1)__pptx	30	24.01	620
Copy of Full deck with references Promotion of Outside Interests at Work final(1)__pptx	31	24.01	152
Copy of Full deck with references Promotion of Outside Interests at Work final(1)__pptx	32	24.01	463
Copy of Full deck with references Promotion of Outside Interests at Work final(1)__pptx	33	24.01	105
171128IPAP__pptx	1	32.99	90
171128IPAP__pptx	2	20.01	116
171128IPAP__pptx	3	18.0	767
171128IPAP__pptx	4	18.0	389
171128IPAP__pptx	5	15.99	997
171128IPAP__pptx	6	18.0	651
171128IPAP__pptx	7	18.0	596
171128IPAP__pptx	8	18.0	702
171128IPAP__pptx	9	18.0	550
171128IPAP__pptx	10	15.99	962
171128IPAP__pptx	11	18.0	643
171128IPAP__pptx	12	15.99	833
171128IPAP__pptx	13	18.0	550
171128IPAP__pptx	14	18.0	754
171128IPAP__pptx	15	15.99	1077
171128IPAP__pptx	16	15.99	960
171128IPAP__pptx	17	15.99	1024
171128IPAP__pptx	18	15.99	1089
171128IPAP__pptx	19	15.99	648
171128IPAP__pptx	20	15.99	1060
171128IPAP__pptx	21	15.99	864
171128IPAP__pptx	22	18.0	746
171128IPAP__pptx	23	15.99	1031
171128IPAP__pptx	24	11.99	135
171128IPAP__pptx	25	15.99	780
171128IPAP__pptx	26	15.99	743
171128IPAP__pptx	27	18.0	543
171128IPAP__pptx	28	18.0	614
171128IPAP__pptx	29	60.01	8
171128IPAP__pptx	30	47.99	23
171128IPAP__pptx	31	18.0	586
171128IPAP__pptx	32	11.01	47
171128IPAP__pptx	33	9.0	95
171128IPAP__pptx	34	9.0	136
171128IPAP__pptx	35	9.0	103
171128IPAP__pptx	36	18.0	238
171128IPAP__pptx	37	18.0	213
171128IPAP__pptx	38	15.99	403
171128IPAP__pptx	39	15.99	465
171128IPAP__pptx	40	15.99	408
REDAC Briefing_SSIT_CARA_08132014.ppt__pptx	1	20.01	96
REDAC Briefing_SSIT_CARA_08132014.ppt__pptx	2	20.01	92
REDAC Briefing_SSIT_CARA_08132014.ppt__pptx	3	24.01	179
REDAC Briefing_SSIT_CARA_08132014.ppt__pptx	4	11.0	243
REDAC Briefing_SSIT_CARA_08132014.ppt__pptx	5	24.01	115
REDAC Briefing_SSIT_CARA_08132014.ppt__pptx	6	20.01	24
REDAC Briefing_SSIT_CARA_08132014.ppt__pptx	7	14.99	116
REDAC Briefing_SSIT_CARA_08132014.ppt__pptx	8	24.01	99
REDAC Briefing_SSIT_CARA_08132014.ppt__pptx	9	18.99	241
REDAC Briefing_SSIT_CARA_08132014.ppt__pptx	10	24.01	127
REDAC Briefing_SSIT_CARA_08132014.ppt__pptx	11	15.99	200
REDAC Briefing_SSIT_CARA_08132014.ppt__pptx	12	24.01	77
REDAC Briefing_SSIT_CARA_08132014.ppt__pptx	13	7.99	16
REDAC Briefing_SSIT_CARA_08132014.ppt__pptx	14	7.99	16
joint_user_outcomes_michael_fullerton_29.06.12__ppt	1	25.99	16
joint_user_outcomes_michael_fullerton_29.06.12__ppt	2	25.99	302
joint_user_outcomes_michael_fullerton_29.06.12__ppt	3	25.99	357
joint_user_outcomes_michael_fullerton_29.06.12__ppt	4	22.0	349
joint_user_outcomes_michael_fullerton_29.06.12__ppt	5	18.99	444
joint_user_outcomes_michael_fullerton_29.06.12__ppt	6	15.99	516
joint_user_outcomes_michael_fullerton_29.06.12__ppt	7	22.0	410
joint_user_outcomes_michael_fullerton_29.06.12__ppt	8	25.99	206
joint_user_outcomes_michael_fullerton_29.06.12__ppt	9	18.99	640
joint_user_outcomes_michael_fullerton_29.06.12__ppt	10	14.99	627
joint_user_outcomes_michael_fullerton_29.06.12__ppt	11	17.01	509
joint_user_outcomes_michael_fullerton_29.06.12__ppt	12	25.99	238
joint_user_outcomes_michael_fullerton_29.06.12__ppt	13	25.99	187
joint_user_outcomes_michael_fullerton_29.06.12__ppt	14	15.99	353
joint_user_outcomes_michael_fullerton_29.06.12__ppt	15	10.01	628
joint_user_outcomes_michael_fullerton_29.06.12__ppt	16	18.0	585
joint_user_outcomes_michael_fullerton_29.06.12__ppt	17	17.01	676
joint_user_outcomes_michael_fullerton_29.06.12__ppt	18	18.0	453
joint_user_outcomes_michael_fullerton_29.06.12__ppt	19	18.0	578
joint_user_outcomes_michael_fullerton_29.06.12__ppt	20	11.0	1353
3492__pptx	1	4.51	93
3492__pptx	2	4.51	93
3492__pptx	3	10.01	106
3492__pptx	4	15.99	98
3492__pptx	5	11.99	231
3492__pptx	6	4.51	93
3492__pptx	7	4.51	93
3492__pptx	8	15.99	194
3492__pptx	9	4.51	93
3492__pptx	10	18.0	171
3492__pptx	11	15.99	156
3492__pptx	12	4.51	93
3492__pptx	13	20.01	243
3492__pptx	14	20.01	187
3492__pptx	15	4.51	93
3492__pptx	16	4.51	93
3492__pptx	17	4.51	93
3492__pptx	18	4.51	93
3492__pptx	19	4.51	93
3492__pptx	20	20.01	188
3492__pptx	21	20.01	232
3492__pptx	22	5.5	855
passiv__pptx	1	54.0	12
passiv__pptx	2	24.01	219
passiv__pptx	3	24.01	77
passiv__pptx	4	24.01	249
passiv__pptx	5	18.0	45
passiv__pptx	6	24.01	164
passiv__pptx	7	20.01	280
passiv__pptx	8	24.01	198
passiv__pptx	9	18.0	215
passiv__pptx	10	20.01	167
passiv__pptx	11	20.01	164
passiv__pptx	12	20.01	236
passiv__pptx	13	15.99	189
passiv__pptx	14	14.0	640
passiv__pptx	15	15.99	398
passiv__pptx	16	14.0	426
passiv__pptx	17	18.0	215
passiv__pptx	18	18.0	276
passiv__pptx	19	18.0	168
passiv__pptx	20	15.99	740
passiv__pptx	21	20.01	75
Boeing 737 Max - Group 5__pptx	1	0.0	0
Boeing 737 Max - Group 5__pptx	2	36.0	27
1_Country-Updates_DRC_English__pptx	1	14.99	104
1_Country-Updates_DRC_English__pptx	2	7.99	59
1_Country-Updates_DRC_English__pptx	3	7.99	58
1_Country-Updates_DRC_English__pptx	4	15.99	291
1_Country-Updates_DRC_English__pptx	5	11.99	157
1_Country-Updates_DRC_English__pptx	6	36.0	62
1_Country-Updates_DRC_English__pptx	7	17.01	464
1_Country-Updates_DRC_English__pptx	8	18.0	192
1_Country-Updates_DRC_English__pptx	9	18.0	318
1_Country-Updates_DRC_English__pptx	10	18.0	424
1_Country-Updates_DRC_English__pptx	11	7.99	60
1_Country-Updates_DRC_English__pptx	12	11.99	96
1_Country-Updates_DRC_English__pptx	13	9.01	171
1_Country-Updates_DRC_English__pptx	14	11.99	124
1_Country-Updates_DRC_English__pptx	15	7.99	58
1_Country-Updates_DRC_English__pptx	16	14.0	352
flying-by-numbers-presentation__pptx	1	24.01	37
flying-by-numbers-presentation__pptx	2	18.0	501
flying-by-numbers-presentation__pptx	3	24.01	199
flying-by-numbers-presentation__pptx	4	24.01	219
flying-by-numbers-presentation__pptx	5	36.0	42
flying-by-numbers-presentation__pptx	6	24.01	74
flying-by-numbers-presentation__pptx	7	14.0	111
flying-by-numbers-presentation__pptx	8	24.01	240
flying-by-numbers-presentation__pptx	9	24.01	183
flying-by-numbers-presentation__pptx	10	24.01	307
NAS-Infrastructure-Roadmaps-v16.0__pptx	1	13.49	29
NAS-Infrastructure-Roadmaps-v16.0__pptx	2	11.99	426
NAS-Infrastructure-Roadmaps-v16.0__pptx	3	11.99	1021
NAS-Infrastructure-Roadmaps-v16.0__pptx	4	10.96	555
NAS-Infrastructure-Roadmaps-v16.0__pptx	5	10.99	430
NAS-Infrastructure-Roadmaps-v16.0__pptx	6	14.0	186
NAS-Infrastructure-Roadmaps-v16.0__pptx	7	7.99	330
NAS-Infrastructure-Roadmaps-v16.0__pptx	8	7.99	544
NAS-Infrastructure-Roadmaps-v16.0__pptx	9	7.99	190
NAS-Infrastructure-Roadmaps-v16.0__pptx	10	10.01	124
NAS-Infrastructure-Roadmaps-v16.0__pptx	11	7.99	817
NAS-Infrastructure-Roadmaps-v16.0__pptx	12	7.99	616
NAS-Infrastructure-Roadmaps-v16.0__pptx	13	7.99	317
NAS-Infrastructure-Roadmaps-v16.0__pptx	14	7.99	312
NAS-Infrastructure-Roadmaps-v16.0__pptx	15	11.99	1273
NAS-Infrastructure-Roadmaps-v16.0__pptx	16	8.79	1368
NAS-Infrastructure-Roadmaps-v16.0__pptx	17	14.0	177
NAS-Infrastructure-Roadmaps-v16.0__pptx	18	7.99	610
NAS-Infrastructure-Roadmaps-v16.0__pptx	19	7.99	394
NAS-Infrastructure-Roadmaps-v16.0__pptx	20	7.99	359
NAS-Infrastructure-Roadmaps-v16.0__pptx	21	7.99	343
NAS-Infrastructure-Roadmaps-v16.0__pptx	22	7.99	266
NAS-Infrastructure-Roadmaps-v16.0__pptx	23	11.99	713
NAS-Infrastructure-Roadmaps-v16.0__pptx	24	8.79	1290
NAS-Infrastructure-Roadmaps-v16.0__pptx	25	8.79	496
NAS-Infrastructure-Roadmaps-v16.0__pptx	26	14.0	252
NAS-Infrastructure-Roadmaps-v16.0__pptx	27	7.99	518
NAS-Infrastructure-Roadmaps-v16.0__pptx	28	7.99	456
NAS-Infrastructure-Roadmaps-v16.0__pptx	29	11.99	1035
NAS-Infrastructure-Roadmaps-v16.0__pptx	30	8.79	1070
NAS-Infrastructure-Roadmaps-v16.0__pptx	31	14.0	507
NAS-Infrastructure-Roadmaps-v16.0__pptx	32	7.99	511
NAS-Infrastructure-Roadmaps-v16.0__pptx	33	7.99	640
NAS-Infrastructure-Roadmaps-v16.0__pptx	34	7.99	366
NAS-Infrastructure-Roadmaps-v16.0__pptx	35	7.99	289
NAS-Infrastructure-Roadmaps-v16.0__pptx	36	11.99	1251
NAS-Infrastructure-Roadmaps-v16.0__pptx	37	8.79	1188
NAS-Infrastructure-Roadmaps-v16.0__pptx	38	8.79	1240
NAS-Infrastructure-Roadmaps-v16.0__pptx	39	8.76	1411
NAS-Infrastructure-Roadmaps-v16.0__pptx	40	8.79	80
NAS-Infrastructure-Roadmaps-v16.0__pptx	41	14.0	494
NAS-Infrastructure-Roadmaps-v16.0__pptx	42	7.99	351
NAS-Infrastructure-Roadmaps-v16.0__pptx	43	7.99	412
NAS-Infrastructure-Roadmaps-v16.0__pptx	44	7.99	384
NAS-Infrastructure-Roadmaps-v16.0__pptx	45	7.99	636
NAS-Infrastructure-Roadmaps-v16.0__pptx	46	7.99	178
NAS-Infrastructure-Roadmaps-v16.0__pptx	47	11.99	795
NAS-Infrastructure-Roadmaps-v16.0__pptx	48	8.79	1329
NAS-Infrastructure-Roadmaps-v16.0__pptx	49	8.79	874
NAS-Infrastructure-Roadmaps-v16.0__pptx	50	14.0	582
NAS-Infrastructure-Roadmaps-v16.0__pptx	51	7.99	408
NAS-Infrastructure-Roadmaps-v16.0__pptx	52	7.99	159
NAS-Infrastructure-Roadmaps-v16.0__pptx	53	7.99	577
NAS-Infrastructure-Roadmaps-v16.0__pptx	54	7.99	593
NAS-Infrastructure-Roadmaps-v16.0__pptx	55	8.79	700
NAS-Infrastructure-Roadmaps-v16.0__pptx	56	14.0	200
NAS-Infrastructure-Roadmaps-v16.0__pptx	57	7.99	631
NAS-Infrastructure-Roadmaps-v16.0__pptx	58	7.99	591
NAS-Infrastructure-Roadmaps-v16.0__pptx	59	7.99	176
NAS-Infrastructure-Roadmaps-v16.0__pptx	60	7.99	605
NAS-Infrastructure-Roadmaps-v16.0__pptx	61	11.99	617
NAS-Infrastructure-Roadmaps-v16.0__pptx	62	8.79	525
NAS-Infrastructure-Roadmaps-v16.0__pptx	63	14.0	532
NAS-Infrastructure-Roadmaps-v16.0__pptx	64	7.99	1230
NAS-Infrastructure-Roadmaps-v16.0__pptx	65	7.99	536
NAS-Infrastructure-Roadmaps-v16.0__pptx	66	7.99	1050
NAS-Infrastructure-Roadmaps-v16.0__pptx	67	11.99	621
NAS-Infrastructure-Roadmaps-v16.0__pptx	68	11.0	1855
NAS-Infrastructure-Roadmaps-v16.0__pptx	69	8.61	951
NAS-Infrastructure-Roadmaps-v16.0__pptx	70	14.0	430
NAS-Infrastructure-Roadmaps-v16.0__pptx	71	7.99	491
NAS-Infrastructure-Roadmaps-v16.0__pptx	72	7.99	531
NAS-Infrastructure-Roadmaps-v16.0__pptx	73	10.01	124
NAS-Infrastructure-Roadmaps-v16.0__pptx	74	11.99	1714
NAS-Infrastructure-Roadmaps-v16.0__pptx	75	11.99	523
NAS-Infrastructure-Roadmaps-v16.0__pptx	76	8.79	1342
NAS-Infrastructure-Roadmaps-v16.0__pptx	77	8.76	220
NAS-Infrastructure-Roadmaps-v16.0__pptx	78	14.0	218
NAS-Infrastructure-Roadmaps-v16.0__pptx	79	14.0	524
NAS-Infrastructure-Roadmaps-v16.0__pptx	80	10.01	171
NAS-Infrastructure-Roadmaps-v16.0__pptx	81	7.99	462
NAS-Infrastructure-Roadmaps-v16.0__pptx	82	11.99	68
NAS-Infrastructure-Roadmaps-v16.0__pptx	83	8.79	678
NAS-Infrastructure-Roadmaps-v16.0__pptx	84	14.0	718
NAS-Infrastructure-Roadmaps-v16.0__pptx	85	7.99	284
NAS-Infrastructure-Roadmaps-v16.0__pptx	86	14.0	186
NAS-Infrastructure-Roadmaps-v16.0__pptx	87	14.0	186
NAS-Infrastructure-Roadmaps-v16.0__pptx	88	7.99	496
NAS-Infrastructure-Roadmaps-v16.0__pptx	89	11.99	1016
NAS-Infrastructure-Roadmaps-v16.0__pptx	90	8.79	109
NAS-Infrastructure-Roadmaps-v16.0__pptx	91	14.0	634
NAS-Infrastructure-Roadmaps-v16.0__pptx	92	7.99	781
NAS-Infrastructure-Roadmaps-v16.0__pptx	93	7.99	686
NAS-Infrastructure-Roadmaps-v16.0__pptx	94	7.99	576
NAS-Infrastructure-Roadmaps-v16.0__pptx	95	11.99	323
NAS-Infrastructure-Roadmaps-v16.0__pptx	96	8.79	285
NAS-Infrastructure-Roadmaps-v16.0__pptx	97	14.0	187
NAS-Infrastructure-Roadmaps-v16.0__pptx	98	7.99	326
NAS-Infrastructure-Roadmaps-v16.0__pptx	99	7.99	525
NAS-Infrastructure-Roadmaps-v16.0__pptx	100	7.99	346
NAS-Infrastructure-Roadmaps-v16.0__pptx	101	7.99	290
NAS-Infrastructure-Roadmaps-v16.0__pptx	102	11.99	1044
NAS-Infrastructure-Roadmaps-v16.0__pptx	103	8.79	1390
NAS-Infrastructure-Roadmaps-v16.0__pptx	104	8.77	381
NAS-Infrastructure-Roadmaps-v16.0__pptx	105	14.0	728
NAS-Infrastructure-Roadmaps-v16.0__pptx	106	7.99	477
NAS-Infrastructure-Roadmaps-v16.0__pptx	107	7.99	505
NAS-Infrastructure-Roadmaps-v16.0__pptx	108	7.99	338
NAS-Infrastructure-Roadmaps-v16.0__pptx	109	7.99	290
NAS-Infrastructure-Roadmaps-v16.0__pptx	110	11.99	1436
NAS-Infrastructure-Roadmaps-v16.0__pptx	111	11.99	1912
NAS-Infrastructure-Roadmaps-v16.0__pptx	112	11.99	1094
NAS-Infrastructure-Roadmaps-v16.0__pptx	113	8.79	1206
NAS-Infrastructure-Roadmaps-v16.0__pptx	114	8.76	594
NAS-Infrastructure-Roadmaps-v16.0__pptx	115	7.99	56
NAS-Infrastructure-Roadmaps-v16.0__pptx	116	11.0	1861
NAS-Infrastructure-Roadmaps-v16.0__pptx	117	11.0	1789
NAS-Infrastructure-Roadmaps-v16.0__pptx	118	11.0	1676
NAS-Infrastructure-Roadmaps-v16.0__pptx	119	11.0	1546
NAS-Infrastructure-Roadmaps-v16.0__pptx	120	11.0	1675
NAS-Infrastructure-Roadmaps-v16.0__pptx	121	11.0	1341
NAS-Infrastructure-Roadmaps-v16.0__pptx	122	7.99	56
NAS-Infrastructure-Roadmaps-v16.0__pptx	123	14.0	102
NAS-Infrastructure-Roadmaps-v16.0__pptx	124	14.0	77
NAS-Infrastructure-Roadmaps-v16.0__pptx	125	14.0	157
NAS-Infrastructure-Roadmaps-v16.0__pptx	126	14.0	288
NAS-Infrastructure-Roadmaps-v16.0__pptx	127	14.0	364
NAS-Infrastructure-Roadmaps-v16.0__pptx	128	14.0	288
NAS-Infrastructure-Roadmaps-v16.0__pptx	129	14.0	214
NAS-Infrastructure-Roadmaps-v16.0__pptx	130	11.99	909
NAS-Infrastructure-Roadmaps-v16.0__pptx	131	14.0	196
NAS-Infrastructure-Roadmaps-v16.0__pptx	132	14.0	142
NAS-Infrastructure-Roadmaps-v16.0__pptx	133	14.0	336
NAS-Infrastructure-Roadmaps-v16.0__pptx	134	14.0	132
NAS-Infrastructure-Roadmaps-v16.0__pptx	135	14.0	379
NAS-Infrastructure-Roadmaps-v16.0__pptx	136	14.0	218
NAS-Infrastructure-Roadmaps-v16.0__pptx	137	7.99	56
3495__pptx	1	24.01	66
3495__pptx	2	18.0	106
3495__pptx	3	18.0	161
3495__pptx	4	18.0	89
3495__pptx	5	18.0	141
3495__pptx	6	18.0	246
3495__pptx	7	18.0	89
3495__pptx	8	18.0	89
3495__pptx	9	18.0	89
3495__pptx	10	18.0	95
3495__pptx	11	18.0	70
3495__pptx	12	18.0	98
3495__pptx	13	18.0	200
3495__pptx	14	18.0	101
3495__pptx	15	18.0	268
3495__pptx	16	18.0	340
3495__pptx	17	18.0	192
3495__pptx	18	18.0	130
3495__pptx	19	18.0	111
3495__pptx	20	18.0	118
3495__pptx	21	18.0	98
3495__pptx	22	18.0	148
3495__pptx	23	18.0	70
3495__pptx	24	18.0	302
3495__pptx	25	18.0	66
3495__pptx	26	18.0	66
Framing Europe__ppt	1	32.0	110
Framing Europe__ppt	2	24.01	556
Framing Europe__ppt	3	28.01	748
Framing Europe__ppt	4	28.01	506
Framing Europe__ppt	5	24.01	316
Framing Europe__ppt	6	24.01	482
Framing Europe__ppt	7	20.01	1218
Framing Europe__ppt	8	32.0	444
Framing Europe__ppt	9	24.01	766
Framing Europe__ppt	10	24.01	884
Framing Europe__ppt	11	24.01	856
Framing Europe__ppt	12	24.01	1152
Framing Europe__ppt	13	20.01	1268
Framing Europe__ppt	14	20.01	1348
Framing Europe__ppt	15	24.01	1106
Framing Europe__ppt	16	20.01	1506
Framing Europe__ppt	17	18.0	484
Framing Europe__ppt	18	28.01	668
Framing Europe__ppt	19	24.01	1148
Framing Europe__ppt	20	20.01	1110
Framing Europe__ppt	21	20.01	1416
Framing Europe__ppt	22	22.0	1202
Framing Europe__ppt	23	24.01	994
Framing Europe__ppt	24	24.01	1248
order-of-worship-ppt-revised-2018__pptx	1	11.0	47
order-of-worship-ppt-revised-2018__pptx	2	18.0	156
order-of-worship-ppt-revised-2018__pptx	3	20.01	80
order-of-worship-ppt-revised-2018__pptx	4	20.01	36
order-of-worship-ppt-revised-2018__pptx	5	15.99	308
order-of-worship-ppt-revised-2018__pptx	6	20.01	110
order-of-worship-ppt-revised-2018__pptx	7	20.01	107
order-of-worship-ppt-revised-2018__pptx	8	20.01	179
order-of-worship-ppt-revised-2018__pptx	9	18.99	260
order-of-worship-ppt-revised-2018__pptx	10	17.01	266
order-of-worship-ppt-revised-2018__pptx	11	20.01	240
order-of-worship-ppt-revised-2018__pptx	12	20.01	145
order-of-worship-ppt-revised-2018__pptx	13	18.0	291
order-of-worship-ppt-revised-2018__pptx	14	20.01	185
order-of-worship-ppt-revised-2018__pptx	15	18.0	250
order-of-worship-ppt-revised-2018__pptx	16	20.01	69
order-of-worship-ppt-revised-2018__pptx	17	20.01	230
order-of-worship-ppt-revised-2018__pptx	18	18.0	266
order-of-worship-ppt-revised-2018__pptx	19	20.01	210
order-of-worship-ppt-revised-2018__pptx	20	18.0	291
order-of-worship-ppt-revised-2018__pptx	21	20.01	146
order-of-worship-ppt-revised-2018__pptx	22	20.01	177
order-of-worship-ppt-revised-2018__pptx	23	20.01	143
order-of-worship-ppt-revised-2018__pptx	24	20.01	261
order-of-worship-ppt-revised-2018__pptx	25	36.0	9
order-of-worship-ppt-revised-2018__pptx	26	32.0	17
order-of-worship-ppt-revised-2018__pptx	27	20.01	307
order-of-worship-ppt-revised-2018__pptx	28	20.01	84
AATF-Fact-Sheet-2025__pptx	1	36.0	38
AATF-Fact-Sheet-2025__pptx	2	17.01	729
AATF-Fact-Sheet-2025__pptx	3	17.01	730
AATF-Fact-Sheet-2025__pptx	4	11.99	780
AATF-Fact-Sheet-2025__pptx	5	11.51	153
AATF-Fact-Sheet-2025__pptx	6	9.5	1150
AATF-Fact-Sheet-2025__pptx	7	14.0	53
AATF-Fact-Sheet-2025__pptx	8	29.99	33
AATF-Fact-Sheet-2025__pptx	9	28.01	38
Session-1-Presentation-Reporting-Forms-Form-12-final__pptx	1	18.11	73
Session-1-Presentation-Reporting-Forms-Form-12-final__pptx	2	24.01	201
Session-1-Presentation-Reporting-Forms-Form-12-final__pptx	3	36.0	57
Session-1-Presentation-Reporting-Forms-Form-12-final__pptx	4	15.99	332
Session-1-Presentation-Reporting-Forms-Form-12-final__pptx	5	18.0	666
Session-1-Presentation-Reporting-Forms-Form-12-final__pptx	6	18.0	534
Session-1-Presentation-Reporting-Forms-Form-12-final__pptx	7	18.0	792
Session-1-Presentation-Reporting-Forms-Form-12-final__pptx	8	18.0	445
Session-1-Presentation-Reporting-Forms-Form-12-final__pptx	9	15.99	134
Session-1-Presentation-Reporting-Forms-Form-12-final__pptx	10	18.0	675
Session-1-Presentation-Reporting-Forms-Form-12-final__pptx	11	18.0	689
Session-1-Presentation-Reporting-Forms-Form-12-final__pptx	12	18.0	506
Session-1-Presentation-Reporting-Forms-Form-12-final__pptx	13	50.0	22
Session-1-Presentation-Reporting-Forms-Form-12-final__pptx	14	18.11	41
Session-1-Presentation-Reporting-Forms-Form-12-final__pptx	15	18.11	148
ROK-PI Climate Bulletin - Edition 2017-06__pptx	1	10.49	589
ROK-PI Climate Bulletin - Edition 2017-06__pptx	2	11.0	738
429_BLISc 2019 IInd Sem.  PAPER-7 UNIT 3__pptx	1	54.0	80
429_BLISc 2019 IInd Sem.  PAPER-7 UNIT 3__pptx	2	17.01	956
429_BLISc 2019 IInd Sem.  PAPER-7 UNIT 3__pptx	3	18.0	1200
429_BLISc 2019 IInd Sem.  PAPER-7 UNIT 3__pptx	4	18.0	1303
429_BLISc 2019 IInd Sem.  PAPER-7 UNIT 3__pptx	5	18.0	837
429_BLISc 2019 IInd Sem.  PAPER-7 UNIT 3__pptx	6	18.0	1024
429_BLISc 2019 IInd Sem.  PAPER-7 UNIT 3__pptx	7	18.0	416
429_BLISc 2019 IInd Sem.  PAPER-7 UNIT 3__pptx	8	18.0	335
429_BLISc 2019 IInd Sem.  PAPER-7 UNIT 3__pptx	9	14.99	797
429_BLISc 2019 IInd Sem.  PAPER-7 UNIT 3__pptx	10	18.0	1092
429_BLISc 2019 IInd Sem.  PAPER-7 UNIT 3__pptx	11	18.0	1122
429_BLISc 2019 IInd Sem.  PAPER-7 UNIT 3__pptx	12	17.01	1522
429_BLISc 2019 IInd Sem.  PAPER-7 UNIT 3__pptx	13	14.99	1195
429_BLISc 2019 IInd Sem.  PAPER-7 UNIT 3__pptx	14	18.0	840
429_BLISc 2019 IInd Sem.  PAPER-7 UNIT 3__pptx	15	18.0	896
429_BLISc 2019 IInd Sem.  PAPER-7 UNIT 3__pptx	16	18.0	560
429_BLISc 2019 IInd Sem.  PAPER-7 UNIT 3__pptx	17	18.0	1052
429_BLISc 2019 IInd Sem.  PAPER-7 UNIT 3__pptx	18	18.0	579
429_BLISc 2019 IInd Sem.  PAPER-7 UNIT 3__pptx	19	17.01	862
429_BLISc 2019 IInd Sem.  PAPER-7 UNIT 3__pptx	20	18.0	540
Employment-Based_I-485__ppt	1	40.0	76
Employment-Based_I-485__ppt	2	32.0	102
Employment-Based_I-485__ppt	3	28.01	133
Employment-Based_I-485__ppt	4	32.0	107
Employment-Based_I-485__ppt	5	24.01	206
Employment-Based_I-485__ppt	6	28.01	83
Employment-Based_I-485__ppt	7	24.01	317
Employment-Based_I-485__ppt	8	28.01	98
Employment-Based_I-485__ppt	9	21.0	513
Employment-Based_I-485__ppt	10	28.01	74
Employment-Based_I-485__ppt	11	32.0	103
Employment-Based_I-485__ppt	12	24.01	384
Employment-Based_I-485__ppt	13	32.0	75
Employment-Based_I-485__ppt	14	22.0	198
Employment-Based_I-485__ppt	15	24.01	182
Employment-Based_I-485__ppt	16	25.99	119
Employment-Based_I-485__ppt	17	25.99	163
Employment-Based_I-485__ppt	18	24.01	184
Employment-Based_I-485__ppt	19	18.0	374
Employment-Based_I-485__ppt	20	20.01	275
Employment-Based_I-485__ppt	21	20.01	341
Employment-Based_I-485__ppt	22	24.01	259
Employment-Based_I-485__ppt	23	24.01	123
Employment-Based_I-485__ppt	24	24.01	161
Employment-Based_I-485__ppt	25	20.01	447
Employment-Based_I-485__ppt	26	28.01	143
Employment-Based_I-485__ppt	27	24.01	342
Employment-Based_I-485__ppt	28	28.01	245
Employment-Based_I-485__ppt	29	28.01	177
Employment-Based_I-485__ppt	30	24.01	379
Employment-Based_I-485__ppt	31	24.01	292
Employment-Based_I-485__ppt	32	20.01	278
Employment-Based_I-485__ppt	33	27.01	230
Employment-Based_I-485__ppt	34	32.0	199
Employment-Based_I-485__ppt	35	32.0	234
Employment-Based_I-485__ppt	36	25.99	229
Employment-Based_I-485__ppt	37	32.0	211
Employment-Based_I-485__ppt	38	32.0	193
Employment-Based_I-485__ppt	39	25.99	153
Employment-Based_I-485__ppt	40	28.01	274
Employment-Based_I-485__ppt	41	32.0	265
Employment-Based_I-485__ppt	42	28.01	225
JesuitAssocOfStudentPersonnel__ppt	1	20.01	118
JesuitAssocOfStudentPersonnel__ppt	2	18.0	265
JesuitAssocOfStudentPersonnel__ppt	3	28.01	82
JesuitAssocOfStudentPersonnel__ppt	4	24.01	266
JesuitAssocOfStudentPersonnel__ppt	5	20.01	369
JesuitAssocOfStudentPersonnel__ppt	6	28.01	154
JesuitAssocOfStudentPersonnel__ppt	7	24.01	273
JesuitAssocOfStudentPersonnel__ppt	8	24.01	333
JesuitAssocOfStudentPersonnel__ppt	9	25.99	67
JesuitAssocOfStudentPersonnel__ppt	10	24.01	198
JesuitAssocOfStudentPersonnel__ppt	11	24.01	172
JesuitAssocOfStudentPersonnel__ppt	12	54.0	25
JesuitAssocOfStudentPersonnel__ppt	13	20.01	300
JesuitAssocOfStudentPersonnel__ppt	14	18.99	213
JesuitAssocOfStudentPersonnel__ppt	15	28.01	183
JesuitAssocOfStudentPersonnel__ppt	16	24.01	241
JesuitAssocOfStudentPersonnel__ppt	17	32.0	166
JesuitAssocOfStudentPersonnel__ppt	18	24.01	318
JesuitAssocOfStudentPersonnel__ppt	19	20.01	366
JesuitAssocOfStudentPersonnel__ppt	20	32.0	221
JesuitAssocOfStudentPersonnel__ppt	21	28.01	232
JesuitAssocOfStudentPersonnel__ppt	22	32.0	159
JesuitAssocOfStudentPersonnel__ppt	23	28.01	286
JesuitAssocOfStudentPersonnel__ppt	24	13.01	150
JesuitAssocOfStudentPersonnel__ppt	25	24.01	157
JesuitAssocOfStudentPersonnel__ppt	26	24.01	176
JesuitAssocOfStudentPersonnel__ppt	27	18.99	184
JesuitAssocOfStudentPersonnel__ppt	28	28.01	99
JesuitAssocOfStudentPersonnel__ppt	29	20.01	97
JesuitAssocOfStudentPersonnel__ppt	30	32.0	46
JesuitAssocOfStudentPersonnel__ppt	31	32.0	110
REDAC briefing March12-13-2014jemvbFINAL.ppt__pptx	1	15.99	43
REDAC briefing March12-13-2014jemvbFINAL.ppt__pptx	2	28.01	92
REDAC briefing March12-13-2014jemvbFINAL.ppt__pptx	3	15.99	445
REDAC briefing March12-13-2014jemvbFINAL.ppt__pptx	4	15.99	471
REDAC briefing March12-13-2014jemvbFINAL.ppt__pptx	5	14.0	707
REDAC briefing March12-13-2014jemvbFINAL.ppt__pptx	6	15.99	917
REDAC briefing March12-13-2014jemvbFINAL.ppt__pptx	7	15.99	603
REDAC briefing March12-13-2014jemvbFINAL.ppt__pptx	8	10.01	258
REDAC briefing March12-13-2014jemvbFINAL.ppt__pptx	9	10.01	168
REDAC briefing March12-13-2014jemvbFINAL.ppt__pptx	10	15.99	745
REDAC briefing March12-13-2014jemvbFINAL.ppt__pptx	11	14.0	1081
REDAC briefing March12-13-2014jemvbFINAL.ppt__pptx	12	15.99	675
REDAC briefing March12-13-2014jemvbFINAL.ppt__pptx	13	18.0	420
REDAC briefing March12-13-2014jemvbFINAL.ppt__pptx	14	14.0	612
REDAC briefing March12-13-2014jemvbFINAL.ppt__pptx	15	15.99	543
REDAC briefing March12-13-2014jemvbFINAL.ppt__pptx	16	14.0	553
REDAC briefing March12-13-2014jemvbFINAL.ppt__pptx	17	14.0	376
REDAC briefing March12-13-2014jemvbFINAL.ppt__pptx	18	14.0	590
REDAC briefing March12-13-2014jemvbFINAL.ppt__pptx	19	14.0	486
REDAC briefing March12-13-2014jemvbFINAL.ppt__pptx	20	14.0	411
REDAC briefing March12-13-2014jemvbFINAL.ppt__pptx	21	14.0	498
REDAC briefing March12-13-2014jemvbFINAL.ppt__pptx	22	14.0	450
REDAC briefing March12-13-2014jemvbFINAL.ppt__pptx	23	15.99	330
REDAC briefing March12-13-2014jemvbFINAL.ppt__pptx	24	14.0	346
REDAC briefing March12-13-2014jemvbFINAL.ppt__pptx	25	14.0	420
COMSTAC_11_5_2021am_2__pptx	1	18.0	96
COMSTAC_11_5_2021am_2__pptx	2	24.01	104
COMSTAC_11_5_2021am_2__pptx	3	24.01	78
COMSTAC_11_5_2021am_2__pptx	4	18.0	31
COMSTAC_11_5_2021am_2__pptx	5	18.0	96
COMSTAC_11_5_2021am_2__pptx	6	18.0	96
COMSTAC_11_5_2021am_2__pptx	7	24.01	191
COMSTAC_11_5_2021am_2__pptx	8	28.01	172
COMSTAC_11_5_2021am_2__pptx	9	25.99	206
COMSTAC_11_5_2021am_2__pptx	10	32.0	174
COMSTAC_11_5_2021am_2__pptx	11	18.0	96
COMSTAC_11_5_2021am_2__pptx	12	32.0	157
COMSTAC_11_5_2021am_2__pptx	13	24.01	353
COMSTAC_11_5_2021am_2__pptx	14	28.01	96
COMSTAC_11_5_2021am_2__pptx	15	24.01	292
COMSTAC_11_5_2021am_2__pptx	16	24.01	245
COMSTAC_11_5_2021am_2__pptx	17	32.0	157
COMSTAC_11_5_2021am_2__pptx	18	18.0	96
COMSTAC_11_5_2021am_2__pptx	19	28.01	350
COMSTAC_11_5_2021am_2__pptx	20	28.01	322
COMSTAC_11_5_2021am_2__pptx	21	22.0	882
COMSTAC_11_5_2021am_2__pptx	22	22.0	559
COMSTAC_11_5_2021am_2__pptx	23	18.0	96
COMSTAC_11_5_2021am_2__pptx	24	28.01	334
COMSTAC_11_5_2021am_2__pptx	25	24.01	220
COMSTAC_11_5_2021am_2__pptx	26	28.01	159
COMSTAC_11_5_2021am_2__pptx	27	18.0	96
COMSTAC_11_5_2021am_2__pptx	28	36.0	45
COMSTAC_11_5_2021am_2__pptx	29	36.0	71
COMSTAC_11_5_2021am_2__pptx	30	20.01	730
COMSTAC_11_5_2021am_2__pptx	31	28.01	173
COMSTAC_11_5_2021am_2__pptx	32	28.01	324
COMSTAC_11_5_2021am_2__pptx	33	22.0	751
COMSTAC_11_5_2021am_2__pptx	34	15.99	624
COMSTAC_11_5_2021am_2__pptx	35	11.99	1220
COMSTAC_11_5_2021am_2__pptx	36	20.01	330
COMSTAC_11_5_2021am_2__pptx	37	22.0	405
COMSTAC_11_5_2021am_2__pptx	38	22.0	439
COMSTAC_11_5_2021am_2__pptx	39	18.0	96
vv_summit_SAIC-PRESENTATION_FAA-V&V-Summit_508c__pptx	1	15.99	108
vv_summit_SAIC-PRESENTATION_FAA-V&V-Summit_508c__pptx	2	4.99	49
vv_summit_SAIC-PRESENTATION_FAA-V&V-Summit_508c__pptx	3	4.99	49
vv_summit_SAIC-PRESENTATION_FAA-V&V-Summit_508c__pptx	4	4.99	49
vv_summit_SAIC-PRESENTATION_FAA-V&V-Summit_508c__pptx	5	4.99	49
vv_summit_SAIC-PRESENTATION_FAA-V&V-Summit_508c__pptx	6	18.0	313
vv_summit_SAIC-PRESENTATION_FAA-V&V-Summit_508c__pptx	7	11.99	86
vv_summit_SAIC-PRESENTATION_FAA-V&V-Summit_508c__pptx	8	18.0	80
vv_summit_SAIC-PRESENTATION_FAA-V&V-Summit_508c__pptx	9	14.0	416
vv_summit_SAIC-PRESENTATION_FAA-V&V-Summit_508c__pptx	10	18.0	55
vv_summit_SAIC-PRESENTATION_FAA-V&V-Summit_508c__pptx	11	4.99	49
vv_summit_SAIC-PRESENTATION_FAA-V&V-Summit_508c__pptx	12	32.0	112
vv_summit_SAIC-PRESENTATION_FAA-V&V-Summit_508c__pptx	13	4.99	49
vv_summit_SAIC-PRESENTATION_FAA-V&V-Summit_508c__pptx	14	4.99	49
vv_summit_SAIC-PRESENTATION_FAA-V&V-Summit_508c__pptx	15	20.01	184
vv_summit_SAIC-PRESENTATION_FAA-V&V-Summit_508c__pptx	16	15.99	205
vv_summit_SAIC-PRESENTATION_FAA-V&V-Summit_508c__pptx	17	15.99	87
vv_summit_SAIC-PRESENTATION_FAA-V&V-Summit_508c__pptx	18	15.99	234
vv_summit_SAIC-PRESENTATION_FAA-V&V-Summit_508c__pptx	19	4.99	49
[Christophe]NLP_reseau_inge_stat__pptx	1	32.0	42
[Christophe]NLP_reseau_inge_stat__pptx	2	24.01	262
[Christophe]NLP_reseau_inge_stat__pptx	3	24.01	132
[Christophe]NLP_reseau_inge_stat__pptx	4	18.0	369
[Christophe]NLP_reseau_inge_stat__pptx	5	14.0	362
[Christophe]NLP_reseau_inge_stat__pptx	6	13.61	286
[Christophe]NLP_reseau_inge_stat__pptx	7	24.01	156
[Christophe]NLP_reseau_inge_stat__pptx	8	25.0	40
[Christophe]NLP_reseau_inge_stat__pptx	9	20.01	34
[Christophe]NLP_reseau_inge_stat__pptx	10	20.01	243
[Christophe]NLP_reseau_inge_stat__pptx	11	18.0	322
[Christophe]NLP_reseau_inge_stat__pptx	12	25.0	44
[Christophe]NLP_reseau_inge_stat__pptx	13	24.01	58
[Christophe]NLP_reseau_inge_stat__pptx	14	24.01	241
[Christophe]NLP_reseau_inge_stat__pptx	15	24.01	371
[Christophe]NLP_reseau_inge_stat__pptx	16	24.01	383
[Christophe]NLP_reseau_inge_stat__pptx	17	25.0	8
County ACHS Presentaion Webinar 8-16-16 Peg__pptx	1	54.0	34
County ACHS Presentaion Webinar 8-16-16 Peg__pptx	2	32.0	134
County ACHS Presentaion Webinar 8-16-16 Peg__pptx	3	24.01	396
County ACHS Presentaion Webinar 8-16-16 Peg__pptx	4	28.01	516
County ACHS Presentaion Webinar 8-16-16 Peg__pptx	5	24.01	161
County ACHS Presentaion Webinar 8-16-16 Peg__pptx	6	22.99	45
County ACHS Presentaion Webinar 8-16-16 Peg__pptx	7	24.01	332
County ACHS Presentaion Webinar 8-16-16 Peg__pptx	8	24.01	409
County ACHS Presentaion Webinar 8-16-16 Peg__pptx	9	24.01	168
County ACHS Presentaion Webinar 8-16-16 Peg__pptx	10	43.99	30
County ACHS Presentaion Webinar 8-16-16 Peg__pptx	11	28.01	136
County ACHS Presentaion Webinar 8-16-16 Peg__pptx	12	24.01	96
County ACHS Presentaion Webinar 8-16-16 Peg__pptx	13	24.01	109
County ACHS Presentaion Webinar 8-16-16 Peg__pptx	14	20.01	79
County ACHS Presentaion Webinar 8-16-16 Peg__pptx	15	18.99	125
County ACHS Presentaion Webinar 8-16-16 Peg__pptx	16	28.01	220
County ACHS Presentaion Webinar 8-16-16 Peg__pptx	17	20.01	191
County ACHS Presentaion Webinar 8-16-16 Peg__pptx	18	24.01	271
County ACHS Presentaion Webinar 8-16-16 Peg__pptx	19	28.01	277
County ACHS Presentaion Webinar 8-16-16 Peg__pptx	20	25.99	310
County ACHS Presentaion Webinar 8-16-16 Peg__pptx	21	24.01	119
County ACHS Presentaion Webinar 8-16-16 Peg__pptx	22	20.01	218
County ACHS Presentaion Webinar 8-16-16 Peg__pptx	23	17.01	128
County ACHS Presentaion Webinar 8-16-16 Peg__pptx	24	28.01	206
County ACHS Presentaion Webinar 8-16-16 Peg__pptx	25	47.99	16
County ACHS Presentaion Webinar 8-16-16 Peg__pptx	26	18.0	185
BUS-Chapter 05__ppt	1	36.0	41
BUS-Chapter 05__ppt	2	25.99	252
BUS-Chapter 05__ppt	3	28.01	210
BUS-Chapter 05__ppt	4	24.01	248
BUS-Chapter 05__ppt	5	28.01	152
BUS-Chapter 05__ppt	6	28.01	97
BUS-Chapter 05__ppt	7	25.99	241
BUS-Chapter 05__ppt	8	24.01	211
BUS-Chapter 05__ppt	9	24.01	234
BUS-Chapter 05__ppt	10	24.01	134
BUS-Chapter 05__ppt	11	20.01	183
BUS-Chapter 05__ppt	12	20.01	232
BUS-Chapter 05__ppt	13	28.01	199
BUS-Chapter 05__ppt	14	24.01	170
BUS-Chapter 05__ppt	15	24.01	116
BUS-Chapter 05__ppt	16	24.01	285
BUS-Chapter 05__ppt	17	22.0	310
BUS-Chapter 05__ppt	18	24.01	217
BUS-Chapter 05__ppt	19	25.99	224
BUS-Chapter 05__ppt	20	24.01	213
BUS-Chapter 05__ppt	21	24.01	185
BUS-Chapter 05__ppt	22	24.01	171
BUS-Chapter 05__ppt	23	24.01	270
BUS-Chapter 05__ppt	24	24.01	140
BUS-Chapter 05__ppt	25	25.99	279
BUS-Chapter 05__ppt	26	24.01	54
BUS-Chapter 05__ppt	27	24.01	321
BUS-Chapter 05__ppt	28	20.01	66
BUS-Chapter 05__ppt	29	24.01	166
BUS-Chapter 05__ppt	30	24.01	106
BUS-Chapter 05__ppt	31	24.01	180
BUS-Chapter 05__ppt	32	24.01	228
BUS-Chapter 05__ppt	33	24.01	229
BUS-Chapter 05__ppt	34	24.01	241
BUS-Chapter 05__ppt	35	24.01	243
BUS-Chapter 05__ppt	36	24.01	195
BUS-Chapter 05__ppt	37	20.01	157
BUS-Chapter 05__ppt	38	28.01	120
BUS-Chapter 05__ppt	39	24.01	176
BUS-Chapter 05__ppt	40	28.01	107
BUS-Chapter 05__ppt	41	24.01	76
BUS-Chapter 05__ppt	42	20.01	303
BUS-Chapter 05__ppt	43	20.01	173
BUS-Chapter 05__ppt	44	24.01	193
BUS-Chapter 05__ppt	45	28.01	122
BUS-Chapter 05__ppt	46	20.01	244
BUS-Chapter 05__ppt	47	20.01	124
BUS-Chapter 05__ppt	48	22.0	259
BUS-Chapter 05__ppt	49	25.99	313
BUS-Chapter 05__ppt	50	28.01	236
FAA_Form_337__ppt	1	28.01	26
FAA_Form_337__ppt	2	65.99	58
FAA_Form_337__ppt	3	40.0	26
FAA_Form_337__ppt	4	29.99	152
FAA_Form_337__ppt	5	24.01	226
FAA_Form_337__ppt	6	32.0	137
FAA_Form_337__ppt	7	36.0	135
FAA_Form_337__ppt	8	6.9	317
FAA_Form_337__ppt	9	32.0	137
FAA_Form_337__ppt	10	5.63	1514
FAA_Form_337__ppt	11	11.99	374
FAA_Form_337__ppt	12	5.52	1514
FAA_Form_337__ppt	13	32.0	88
FAA_Form_337__ppt	14	32.0	44
FAA_Form_337__ppt	15	24.01	215
FAA_Form_337__ppt	16	24.01	239
FAA_Form_337__ppt	17	24.01	229
FAA_Form_337__ppt	18	5.63	1514
FAA_Form_337__ppt	19	32.0	113
FAA_Form_337__ppt	20	32.0	62
FAA_Form_337__ppt	21	28.01	38
FAA_Form_337__ppt	22	32.0	92
FAA_Form_337__ppt	23	5.54	1514
FAA_Form_337__ppt	24	5.54	1514
FAA_Form_337__ppt	25	5.54	1514
FAA_Form_337__ppt	26	5.54	1514
FAA_Form_337__ppt	27	5.54	1514
FAA_Form_337__ppt	28	32.0	112
FAA_Form_337__ppt	29	5.66	1514
FAA_Form_337__ppt	30	6.89	317
FAA_Form_337__ppt	31	32.0	13
FAA_Form_337__ppt	32	32.0	117
FAA_Form_337__ppt	33	32.0	159
FAA_Form_337__ppt	34	32.0	138
FAA_Form_337__ppt	35	28.01	82
FAA_Form_337__ppt	36	5.66	1514
FAA_Form_337__ppt	37	28.01	146
FAA_Form_337__ppt	38	24.01	219
FAA_Form_337__ppt	39	36.0	57
FAA_Form_337__ppt	40	28.01	94
FAA_Form_337__ppt	41	65.99	12
FAA_Form_337__ppt	42	25.99	85
FAA_Form_337__ppt	43	31.01	206
FAA_Form_337__ppt	44	32.0	151
FAA_Form_337__ppt	45	60.01	14
FAA_Form_337__ppt	46	32.0	108
FAA_Form_337__ppt	47	40.0	57
FAA_Form_337__ppt	48	40.0	93
FAA_Form_337__ppt	49	36.99	149
FAA_Form_337__ppt	50	43.99	97
FAA_Form_337__ppt	51	29.99	189
FAA_Form_337__ppt	52	36.0	28
FAA_Form_337__ppt	53	25.99	299
FAA_Form_337__ppt	54	28.01	179
FAA_Form_337__ppt	55	22.0	375
FAA_Form_337__ppt	56	25.99	199
FAA_Form_337__ppt	57	24.01	110
FAA_Form_337__ppt	58	24.01	255
FAA_Form_337__ppt	59	24.01	223
FAA_Form_337__ppt	60	39.44	54
FAA_Form_337__ppt	61	10.01	178
FAA_Form_337__ppt	62	36.0	56
FAA_Form_337__ppt	63	28.01	115
FAA_Form_337__ppt	64	28.01	146
FAA_Form_337__ppt	65	28.01	92
FAA_Form_337__ppt	66	32.99	116
FAA_Form_337__ppt	67	65.99	58
DoIRD Meeting 16JAN14 v1-1__pptx	1	18.0	136
DoIRD Meeting 16JAN14 v1-1__pptx	2	18.99	382
DoIRD Meeting 16JAN14 v1-1__pptx	3	25.0	377
DoIRD Meeting 16JAN14 v1-1__pptx	4	25.99	413
DoIRD Meeting 16JAN14 v1-1__pptx	5	43.99	15
DoIRD Meeting 16JAN14 v1-1__pptx	6	20.01	544
DoIRD Meeting 16JAN14 v1-1__pptx	7	22.0	454
DoIRD Meeting 16JAN14 v1-1__pptx	8	22.0	380
DoIRD Meeting 16JAN14 v1-1__pptx	9	43.99	56
DoIRD Meeting 16JAN14 v1-1__pptx	10	24.01	277
DoIRD Meeting 16JAN14 v1-1__pptx	11	14.0	125
DoIRD Meeting 16JAN14 v1-1__pptx	12	24.01	132
DoIRD Meeting 16JAN14 v1-1__pptx	13	29.99	191
DoIRD Meeting 16JAN14 v1-1__pptx	14	24.01	521
DoIRD Meeting 16JAN14 v1-1__pptx	15	24.01	460
2014BSA_Sunday_Killion__pptx	1	36.0	37
2014BSA_Sunday_Killion__pptx	2	18.0	478
2014BSA_Sunday_Killion__pptx	3	32.0	117
2014BSA_Sunday_Killion__pptx	4	60.01	16
2014BSA_Sunday_Killion__pptx	5	16.49	65
2014BSA_Sunday_Killion__pptx	6	11.39	189
2014BSA_Sunday_Killion__pptx	7	11.49	199
2014BSA_Sunday_Killion__pptx	8	12.19	70
2014BSA_Sunday_Killion__pptx	9	54.0	28
2014BSA_Sunday_Killion__pptx	10	11.49	151
2014BSA_Sunday_Killion__pptx	11	13.31	87
2014BSA_Sunday_Killion__pptx	12	9.49	172
2014BSA_Sunday_Killion__pptx	13	11.99	96
2014BSA_Sunday_Killion__pptx	14	11.81	108
2014BSA_Sunday_Killion__pptx	15	10.69	127
2014BSA_Sunday_Killion__pptx	16	18.99	331
2014BSA_Sunday_Killion__pptx	17	10.99	204
2014BSA_Sunday_Killion__pptx	18	11.28	139
2014BSA_Sunday_Killion__pptx	19	10.98	127
2014BSA_Sunday_Killion__pptx	20	28.01	61
2014BSA_Sunday_Killion__pptx	21	13.07	323
2014BSA_Sunday_Killion__pptx	22	11.26	898
2014BSA_Sunday_Killion__pptx	23	47.99	28
2014BSA_Sunday_Killion__pptx	24	10.49	130
2014BSA_Sunday_Killion__pptx	25	9.01	208
2014BSA_Sunday_Killion__pptx	26	9.79	147
2014BSA_Sunday_Killion__pptx	27	11.79	189
2014BSA_Sunday_Killion__pptx	28	15.39	125
2014BSA_Sunday_Killion__pptx	29	9.94	696
2014BSA_Sunday_Killion__pptx	30	60.01	17
2014BSA_Sunday_Killion__pptx	31	7.6	205
2014BSA_Sunday_Killion__pptx	32	32.0	121
2014BSA_Sunday_Killion__pptx	33	28.01	96
2014BSA_Sunday_Killion__pptx	34	11.59	102
2014BSA_Sunday_Killion__pptx	35	32.0	30
2014BSA_Sunday_Killion__pptx	36	60.01	9
2014BSA_Sunday_Killion__pptx	37	11.08	92
2014BSA_Sunday_Killion__pptx	38	13.69	89
2014BSA_Sunday_Killion__pptx	39	20.01	291
2014BSA_Sunday_Killion__pptx	40	14.2	96
2014BSA_Sunday_Killion__pptx	41	28.01	80
2014BSA_Sunday_Killion__pptx	42	22.0	388
2014BSA_Sunday_Killion__pptx	43	9.94	1224
2014BSA_Sunday_Killion__pptx	44	20.01	379
2014BSA_Sunday_Killion__pptx	45	32.0	91
2014BSA_Sunday_Killion__pptx	46	28.01	122
2014BSA_Sunday_Killion__pptx	47	25.99	95
2014BSA_Sunday_Killion__pptx	48	28.01	101
2014BSA_Sunday_Killion__pptx	49	7.99	1713
2014BSA_Sunday_Killion__pptx	50	0.0	0
Sector_Skills_Insights_Advanced_Manufacturing_summary_slide_pack__pptx	1	40.0	41
Sector_Skills_Insights_Advanced_Manufacturing_summary_slide_pack__pptx	2	15.99	1059
Sector_Skills_Insights_Advanced_Manufacturing_summary_slide_pack__pptx	3	14.0	386
Sector_Skills_Insights_Advanced_Manufacturing_summary_slide_pack__pptx	4	14.51	1040
Sector_Skills_Insights_Advanced_Manufacturing_summary_slide_pack__pptx	5	14.99	498
Sector_Skills_Insights_Advanced_Manufacturing_summary_slide_pack__pptx	6	15.99	397
Sector_Skills_Insights_Advanced_Manufacturing_summary_slide_pack__pptx	7	14.0	805
Sector_Skills_Insights_Advanced_Manufacturing_summary_slide_pack__pptx	8	16.5	706
Sector_Skills_Insights_Advanced_Manufacturing_summary_slide_pack__pptx	9	14.0	753
Sector_Skills_Insights_Advanced_Manufacturing_summary_slide_pack__pptx	10	18.0	803
Sector_Skills_Insights_Advanced_Manufacturing_summary_slide_pack__pptx	11	14.0	824
Sector_Skills_Insights_Advanced_Manufacturing_summary_slide_pack__pptx	12	14.99	1021
Sector_Skills_Insights_Advanced_Manufacturing_summary_slide_pack__pptx	13	14.0	1516
Sector_Skills_Insights_Advanced_Manufacturing_summary_slide_pack__pptx	14	15.99	699
Sector_Skills_Insights_Advanced_Manufacturing_summary_slide_pack__pptx	15	14.99	919
Sector_Skills_Insights_Advanced_Manufacturing_summary_slide_pack__pptx	16	14.0	1196
Sector_Skills_Insights_Advanced_Manufacturing_summary_slide_pack__pptx	17	14.0	1477
Sector_Skills_Insights_Advanced_Manufacturing_summary_slide_pack__pptx	18	14.99	1053
Sector_Skills_Insights_Advanced_Manufacturing_summary_slide_pack__pptx	19	14.51	868
Sector_Skills_Insights_Advanced_Manufacturing_summary_slide_pack__pptx	20	14.99	1106
Sector_Skills_Insights_Advanced_Manufacturing_summary_slide_pack__pptx	21	14.99	1055
Sector_Skills_Insights_Advanced_Manufacturing_summary_slide_pack__pptx	22	11.0	188
Sector_Skills_Insights_Advanced_Manufacturing_summary_slide_pack__pptx	23	14.99	714
Sector_Skills_Insights_Advanced_Manufacturing_summary_slide_pack__pptx	24	15.99	1260
SRDMG(16)024_60 GHz onboard airplanes__pptx	1	14.99	42
SRDMG(16)024_60 GHz onboard airplanes__pptx	2	20.01	265
SRDMG(16)024_60 GHz onboard airplanes__pptx	3	9.01	32
SRDMG(16)024_60 GHz onboard airplanes__pptx	4	9.01	32
SRDMG(16)024_60 GHz onboard airplanes__pptx	5	22.0	669
SRDMG(16)024_60 GHz onboard airplanes__pptx	6	18.0	89
SRDMG(16)024_60 GHz onboard airplanes__pptx	7	18.0	33
SRDMG(16)024_60 GHz onboard airplanes__pptx	8	11.0	154
SRDMG(16)024_60 GHz onboard airplanes__pptx	9	11.99	166
SRDMG(16)024_60 GHz onboard airplanes__pptx	10	15.99	328
SRDMG(16)024_60 GHz onboard airplanes__pptx	11	18.0	57
SRDMG(16)024_60 GHz onboard airplanes__pptx	12	18.0	118
SRDMG(16)024_60 GHz onboard airplanes__pptx	13	25.99	411
SRDMG(16)024_60 GHz onboard airplanes__pptx	14	28.01	219
SRDMG(16)024_60 GHz onboard airplanes__pptx	15	28.01	266
SRDMG(16)024_60 GHz onboard airplanes__pptx	16	18.0	524
SRDMG(16)024_60 GHz onboard airplanes__pptx	17	28.01	176
SRDMG(16)024_60 GHz onboard airplanes__pptx	18	17.01	457
SRDMG(16)024_60 GHz onboard airplanes__pptx	19	15.99	787
SRDMG(16)024_60 GHz onboard airplanes__pptx	20	18.0	861
SRDMG(16)024_60 GHz onboard airplanes__pptx	21	25.99	416
SRDMG(16)024_60 GHz onboard airplanes__pptx	22	25.99	484
SRDMG(16)024_60 GHz onboard airplanes__pptx	23	10.01	213
SRDMG(16)024_60 GHz onboard airplanes__pptx	24	28.01	151
SRDMG(16)024_60 GHz onboard airplanes__pptx	25	24.01	715
SRDMG(16)024_60 GHz onboard airplanes__pptx	26	20.01	63
chapter_4_0__pptx	1	28.01	52
chapter_4_0__pptx	2	27.01	382
chapter_4_0__pptx	3	22.99	485
chapter_4_0__pptx	4	27.01	264
chapter_4_0__pptx	5	27.01	362
chapter_4_0__pptx	6	27.01	301
chapter_4_0__pptx	7	11.99	66
chapter_4_0__pptx	8	24.01	593
chapter_4_0__pptx	9	27.01	197
chapter_4_0__pptx	10	11.99	67
chapter_4_0__pptx	11	11.99	67
chapter_4_0__pptx	12	24.01	284
chapter_4_0__pptx	13	22.99	180
chapter_4_0__pptx	14	27.01	188
chapter_4_0__pptx	15	27.01	145
chapter_4_0__pptx	16	27.01	143
chapter_4_0__pptx	17	27.01	264
chapter_4_0__pptx	18	11.99	67
chapter_4_0__pptx	19	11.99	67
chapter_4_0__pptx	20	27.01	348
chapter_4_0__pptx	21	27.01	309
chapter_4_0__pptx	22	27.01	291
chapter_4_0__pptx	23	11.99	67
chapter_4_0__pptx	24	21.0	206
chapter_4_0__pptx	25	11.99	67
chapter_4_0__pptx	26	27.01	170
chapter_4_0__pptx	27	11.99	67
chapter_4_0__pptx	28	27.01	359
chapter_4_0__pptx	29	27.01	254
chapter_4_0__pptx	30	11.99	67
chapter_4_0__pptx	31	11.99	67
chapter_4_0__pptx	32	27.01	203
chapter_4_0__pptx	33	27.01	158
chapter_4_0__pptx	34	11.99	67
chapter_4_0__pptx	35	24.01	452
chapter_4_0__pptx	36	27.01	238
chapter_4_0__pptx	37	27.01	174
chapter_4_0__pptx	38	27.01	246
chapter_4_0__pptx	39	27.01	269
chapter_4_0__pptx	40	24.01	527
chapter_4_0__pptx	41	27.01	248
chapter_4_0__pptx	42	22.0	762
chapter_4_0__pptx	43	24.01	135
chapter_4_0__pptx	44	27.01	315
chapter_4_0__pptx	45	27.01	165
chapter_4_0__pptx	46	27.01	249
chapter_4_0__pptx	47	22.99	192
chapter_4_0__pptx	48	22.99	512
chapter_4_0__pptx	49	27.01	405
chapter_4_0__pptx	50	11.99	67
chapter_4_0__pptx	51	27.01	128
chapter_4_0__pptx	52	22.99	373
chapter_4_0__pptx	53	11.99	67
chapter_4_0__pptx	54	22.99	166
vvsummit2022-SAIC-PRESENTATION__pptx	1	15.99	108
vvsummit2022-SAIC-PRESENTATION__pptx	2	4.99	49
vvsummit2022-SAIC-PRESENTATION__pptx	3	4.99	49
vvsummit2022-SAIC-PRESENTATION__pptx	4	4.99	49
vvsummit2022-SAIC-PRESENTATION__pptx	5	4.99	49
vvsummit2022-SAIC-PRESENTATION__pptx	6	18.0	313
vvsummit2022-SAIC-PRESENTATION__pptx	7	11.99	86
vvsummit2022-SAIC-PRESENTATION__pptx	8	18.0	80
vvsummit2022-SAIC-PRESENTATION__pptx	9	14.0	416
vvsummit2022-SAIC-PRESENTATION__pptx	10	18.0	55
vvsummit2022-SAIC-PRESENTATION__pptx	11	4.99	49
vvsummit2022-SAIC-PRESENTATION__pptx	12	32.0	112
vvsummit2022-SAIC-PRESENTATION__pptx	13	4.99	49
vvsummit2022-SAIC-PRESENTATION__pptx	14	4.99	49
vvsummit2022-SAIC-PRESENTATION__pptx	15	20.01	184
vvsummit2022-SAIC-PRESENTATION__pptx	16	15.99	205
vvsummit2022-SAIC-PRESENTATION__pptx	17	15.99	87
vvsummit2022-SAIC-PRESENTATION__pptx	18	15.99	234
vvsummit2022-SAIC-PRESENTATION__pptx	19	4.99	49
Aerospace_Journey_of_Flight_Chapter_BCB1637572DA6__ppt	1	21.0	58
Aerospace_Journey_of_Flight_Chapter_BCB1637572DA6__ppt	2	29.99	148
Aerospace_Journey_of_Flight_Chapter_BCB1637572DA6__ppt	3	29.99	214
Aerospace_Journey_of_Flight_Chapter_BCB1637572DA6__ppt	4	25.0	171
Aerospace_Journey_of_Flight_Chapter_BCB1637572DA6__ppt	5	17.01	575
Aerospace_Journey_of_Flight_Chapter_BCB1637572DA6__ppt	6	17.01	476
Aerospace_Journey_of_Flight_Chapter_BCB1637572DA6__ppt	7	17.01	590
Aerospace_Journey_of_Flight_Chapter_BCB1637572DA6__ppt	8	17.01	513
Aerospace_Journey_of_Flight_Chapter_BCB1637572DA6__ppt	9	14.99	681
Aerospace_Journey_of_Flight_Chapter_BCB1637572DA6__ppt	10	17.01	541
Aerospace_Journey_of_Flight_Chapter_BCB1637572DA6__ppt	11	14.99	603
Aerospace_Journey_of_Flight_Chapter_BCB1637572DA6__ppt	12	14.99	418
Aerospace_Journey_of_Flight_Chapter_BCB1637572DA6__ppt	13	14.99	630
Aerospace_Journey_of_Flight_Chapter_BCB1637572DA6__ppt	14	13.01	432
Aerospace_Journey_of_Flight_Chapter_BCB1637572DA6__ppt	15	14.99	366
Aerospace_Journey_of_Flight_Chapter_BCB1637572DA6__ppt	16	14.99	566
Aerospace_Journey_of_Flight_Chapter_BCB1637572DA6__ppt	17	13.01	569
Aerospace_Journey_of_Flight_Chapter_BCB1637572DA6__ppt	18	17.01	147
Aerospace_Journey_of_Flight_Chapter_BCB1637572DA6__ppt	19	17.01	255
Aerospace_Journey_of_Flight_Chapter_BCB1637572DA6__ppt	20	17.01	67
Aerospace_Journey_of_Flight_Chapter_BCB1637572DA6__ppt	21	29.99	121
Aerospace_Journey_of_Flight_Chapter_BCB1637572DA6__ppt	22	17.01	150
Aerospace_Journey_of_Flight_Chapter_BCB1637572DA6__ppt	23	18.99	39
Aerospace_Journey_of_Flight_Chapter_BCB1637572DA6__ppt	24	18.99	86
Aerospace_Journey_of_Flight_Chapter_BCB1637572DA6__ppt	25	18.99	272
Aerospace_Journey_of_Flight_Chapter_BCB1637572DA6__ppt	26	14.99	269
hofman__ppt	1	24.01	52
hofman__ppt	2	22.0	272
hofman__ppt	3	28.01	272
hofman__ppt	4	32.0	120
hofman__ppt	5	28.01	109
hofman__ppt	6	32.0	200
hofman__ppt	7	25.99	108
hofman__ppt	8	20.01	189
hofman__ppt	9	25.99	83
hofman__ppt	10	32.0	127
hofman__ppt	11	20.01	234
hofman__ppt	12	25.99	242
hofman__ppt	13	29.99	132
Snowbirds_High_Show__pptx	1	20.01	237
Snowbirds_High_Show__pptx	2	0.0	0
Snowbirds_High_Show__pptx	3	15.99	393
Snowbirds_High_Show__pptx	4	0.0	0
Snowbirds_High_Show__pptx	5	14.0	151
Snowbirds_High_Show__pptx	6	0.0	0
Snowbirds_High_Show__pptx	7	0.0	0
Snowbirds_High_Show__pptx	8	15.99	44
Snowbirds_High_Show__pptx	9	0.0	0
Snowbirds_High_Show__pptx	10	18.0	438
Snowbirds_High_Show__pptx	11	24.01	50
Snowbirds_High_Show__pptx	12	10.01	175
Snowbirds_High_Show__pptx	13	10.01	175
Snowbirds_High_Show__pptx	14	14.0	224
Snowbirds_High_Show__pptx	15	10.01	175
Snowbirds_High_Show__pptx	16	9.01	111
Snowbirds_High_Show__pptx	17	14.0	88
Snowbirds_High_Show__pptx	18	14.0	202
Snowbirds_High_Show__pptx	19	14.0	72
Snowbirds_High_Show__pptx	20	14.0	155
Snowbirds_High_Show__pptx	21	14.0	198
Snowbirds_High_Show__pptx	22	14.0	138
Snowbirds_High_Show__pptx	23	14.0	106
Snowbirds_High_Show__pptx	24	14.0	186
Snowbirds_High_Show__pptx	25	15.99	156
Snowbirds_High_Show__pptx	26	9.01	138
Snowbirds_High_Show__pptx	27	14.0	163
Snowbirds_High_Show__pptx	28	14.0	99
Snowbirds_High_Show__pptx	29	14.0	56
Snowbirds_High_Show__pptx	30	10.01	122
Snowbirds_High_Show__pptx	31	10.01	175
Snowbirds_High_Show__pptx	32	24.01	168
Snowbirds_High_Show__pptx	33	43.99	23
Snowbirds_High_Show__pptx	34	10.01	140
Snowbirds_High_Show__pptx	35	10.01	131
Snowbirds_High_Show__pptx	36	10.01	175
Snowbirds_High_Show__pptx	37	43.99	23
Snowbirds_High_Show__pptx	38	10.01	175
Snowbirds_High_Show__pptx	39	10.01	175
Snowbirds_High_Show__pptx	40	10.01	122
Snowbirds_High_Show__pptx	41	10.01	175
redac-sas-201509-asisp-research__pptx	1	20.01	77
redac-sas-201509-asisp-research__pptx	2	18.0	379
redac-sas-201509-asisp-research__pptx	3	20.01	135
redac-sas-201509-asisp-research__pptx	4	28.01	158
redac-sas-201509-asisp-research__pptx	5	18.0	80
redac-sas-201509-asisp-research__pptx	6	18.0	223
redac-sas-201509-asisp-research__pptx	7	14.0	976
redac-sas-201509-asisp-research__pptx	8	24.01	253
redac-sas-201509-asisp-research__pptx	9	22.0	290
redac-sas-201509-asisp-research__pptx	10	17.49	302
redac-sas-201509-asisp-research__pptx	11	20.01	246
redac-sas-201509-asisp-research__pptx	12	22.0	161
redac-sas-201509-asisp-research__pptx	13	24.01	148
redac-sas-201509-asisp-research__pptx	14	20.01	72
redac-sas-201509-asisp-research__pptx	15	20.01	331
redac-sas-201509-asisp-research__pptx	16	18.0	388
redac-sas-201509-asisp-research__pptx	17	28.01	313
redac-sas-201509-asisp-research__pptx	18	24.01	323
redac-sas-201509-asisp-research__pptx	19	20.01	573
redac-sas-201509-asisp-research__pptx	20	20.01	569
redac-sas-201509-asisp-research__pptx	21	18.0	216
redac-sas-201509-asisp-research__pptx	22	18.0	195
redac-sas-201509-asisp-research__pptx	23	11.99	2
redac-sas-201509-asisp-research__pptx	24	32.0	83
redac-sas-201509-asisp-research__pptx	25	28.01	92
redac-sas-201509-asisp-research__pptx	26	24.01	445
redac-sas-201509-asisp-research__pptx	27	18.0	746
redac-sas-201509-asisp-research__pptx	28	18.0	227
redac-sas-201509-asisp-research__pptx	29	24.01	421
redac-sas-201509-asisp-research__pptx	30	15.99	359
redac-sas-201509-asisp-research__pptx	31	32.0	20
redac-sas-201509-asisp-research__pptx	32	14.0	140
redac-sas-201509-asisp-research__pptx	33	20.01	127
redac-sas-201509-asisp-research__pptx	34	28.01	134
redac-sas-201509-asisp-research__pptx	35	15.99	334
redac-sas-201509-asisp-research__pptx	36	24.01	238
redac-sas-201509-asisp-research__pptx	37	14.0	357
redac-sas-201509-asisp-research__pptx	38	18.0	558
redac-sas-201509-asisp-research__pptx	39	18.0	557
redac-sas-201509-asisp-research__pptx	40	20.01	330
redac-sas-201509-asisp-research__pptx	41	18.0	220
redac-sas-201509-asisp-research__pptx	42	15.99	404
redac-sas-201509-asisp-research__pptx	43	32.0	6
redac-sas-201509-asisp-research__pptx	44	11.99	184
redac-sas-201509-asisp-research__pptx	45	36.99	29
section_1_our_rights_presentation__pptx	1	32.0	49
section_1_our_rights_presentation__pptx	2	17.01	444
section_1_our_rights_presentation__pptx	3	15.99	1
section_1_our_rights_presentation__pptx	4	11.0	898
section_1_our_rights_presentation__pptx	5	18.0	178
section_1_our_rights_presentation__pptx	6	14.0	454
section_1_our_rights_presentation__pptx	7	11.99	798
section_1_our_rights_presentation__pptx	8	15.99	743
section_1_our_rights_presentation__pptx	9	15.99	983
section_1_our_rights_presentation__pptx	10	11.99	1148
section_1_our_rights_presentation__pptx	11	15.99	1065
section_1_our_rights_presentation__pptx	12	11.99	759
section_1_our_rights_presentation__pptx	13	15.99	736
section_1_our_rights_presentation__pptx	14	15.99	419
section_1_our_rights_presentation__pptx	15	11.99	999
section_1_our_rights_presentation__pptx	16	15.99	555
section_1_our_rights_presentation__pptx	17	15.99	537
section_1_our_rights_presentation__pptx	18	11.99	930
section_1_our_rights_presentation__pptx	19	15.99	561
section_1_our_rights_presentation__pptx	20	15.99	781
section_1_our_rights_presentation__pptx	21	11.99	773
section_1_our_rights_presentation__pptx	22	10.01	1564
section_1_our_rights_presentation__pptx	23	15.99	982
section_1_our_rights_presentation__pptx	24	11.99	639
section_1_our_rights_presentation__pptx	25	15.99	770
section_1_our_rights_presentation__pptx	26	24.01	307
section_1_our_rights_presentation__pptx	27	11.99	272
section_1_our_rights_presentation__pptx	28	18.0	394
section_1_our_rights_presentation__pptx	29	60.01	9
section_1_our_rights_presentation__pptx	30	17.01	444
23-session-2-pptx__pptx	1	36.0	32
23-session-2-pptx__pptx	2	24.01	236
23-session-2-pptx__pptx	3	28.01	98
23-session-2-pptx__pptx	4	28.01	280
23-session-2-pptx__pptx	5	28.01	60
23-session-2-pptx__pptx	6	28.01	213
23-session-2-pptx__pptx	7	32.0	14
23-session-2-pptx__pptx	8	32.0	15
23-session-2-pptx__pptx	9	32.0	25
23-session-2-pptx__pptx	10	22.0	506
23-session-2-pptx__pptx	11	32.0	20
23-session-2-pptx__pptx	12	32.0	8
23-session-2-pptx__pptx	13	28.01	20
23-session-2-pptx__pptx	14	32.0	15
23-session-2-pptx__pptx	15	40.0	39
23-session-2-pptx__pptx	16	36.0	9
vvsummit2022-Research-Roadmap-and-the-UML-3-Operational-Integration-Assessment__pptx	1	32.0	57
vvsummit2022-Research-Roadmap-and-the-UML-3-Operational-Integration-Assessment__pptx	2	20.01	36
vvsummit2022-Research-Roadmap-and-the-UML-3-Operational-Integration-Assessment__pptx	3	24.01	137
vvsummit2022-Research-Roadmap-and-the-UML-3-Operational-Integration-Assessment__pptx	4	24.01	233
vvsummit2022-Research-Roadmap-and-the-UML-3-Operational-Integration-Assessment__pptx	5	18.0	156
vvsummit2022-Research-Roadmap-and-the-UML-3-Operational-Integration-Assessment__pptx	6	20.01	29
vvsummit2022-Research-Roadmap-and-the-UML-3-Operational-Integration-Assessment__pptx	7	14.0	89
vvsummit2022-Research-Roadmap-and-the-UML-3-Operational-Integration-Assessment__pptx	8	14.0	102
vvsummit2022-Research-Roadmap-and-the-UML-3-Operational-Integration-Assessment__pptx	9	11.99	194
vvsummit2022-Research-Roadmap-and-the-UML-3-Operational-Integration-Assessment__pptx	10	11.99	195
vvsummit2022-Research-Roadmap-and-the-UML-3-Operational-Integration-Assessment__pptx	11	14.0	61
vvsummit2022-Research-Roadmap-and-the-UML-3-Operational-Integration-Assessment__pptx	12	20.01	141
vvsummit2022-Research-Roadmap-and-the-UML-3-Operational-Integration-Assessment__pptx	13	18.0	140
vvsummit2022-Research-Roadmap-and-the-UML-3-Operational-Integration-Assessment__pptx	14	18.0	140
vvsummit2022-Research-Roadmap-and-the-UML-3-Operational-Integration-Assessment__pptx	15	18.0	163
vvsummit2022-Research-Roadmap-and-the-UML-3-Operational-Integration-Assessment__pptx	16	18.0	218
vvsummit2022-Research-Roadmap-and-the-UML-3-Operational-Integration-Assessment__pptx	17	18.0	221
vvsummit2022-Research-Roadmap-and-the-UML-3-Operational-Integration-Assessment__pptx	18	18.0	221
vvsummit2022-Research-Roadmap-and-the-UML-3-Operational-Integration-Assessment__pptx	19	20.01	29
vvsummit2022-Research-Roadmap-and-the-UML-3-Operational-Integration-Assessment__pptx	20	18.0	84
vvsummit2022-Research-Roadmap-and-the-UML-3-Operational-Integration-Assessment__pptx	21	18.0	116
vvsummit2022-Research-Roadmap-and-the-UML-3-Operational-Integration-Assessment__pptx	22	20.01	41
vvsummit2022-Research-Roadmap-and-the-UML-3-Operational-Integration-Assessment__pptx	23	32.0	35
vvsummit2022-Research-Roadmap-and-the-UML-3-Operational-Integration-Assessment__pptx	24	18.0	262
vvsummit2022-Research-Roadmap-and-the-UML-3-Operational-Integration-Assessment__pptx	25	18.0	262
vvsummit2022-Research-Roadmap-and-the-UML-3-Operational-Integration-Assessment__pptx	26	18.0	262
vvsummit2022-Research-Roadmap-and-the-UML-3-Operational-Integration-Assessment__pptx	27	24.01	200
vvsummit2022-Research-Roadmap-and-the-UML-3-Operational-Integration-Assessment__pptx	28	24.01	339
vvsummit2022-Research-Roadmap-and-the-UML-3-Operational-Integration-Assessment__pptx	29	24.01	339
vvsummit2022-Research-Roadmap-and-the-UML-3-Operational-Integration-Assessment__pptx	30	18.0	25
vvsummit2022-Research-Roadmap-and-the-UML-3-Operational-Integration-Assessment__pptx	31	32.0	28
vvsummit2022-Research-Roadmap-and-the-UML-3-Operational-Integration-Assessment__pptx	32	18.0	116
vvsummit2022-Research-Roadmap-and-the-UML-3-Operational-Integration-Assessment__pptx	33	28.01	336
B2B-Center-Readiness-and-Student-Retention__pptx	1	54.0	23
B2B-Center-Readiness-and-Student-Retention__pptx	2	25.0	296
B2B-Center-Readiness-and-Student-Retention__pptx	3	25.0	306
B2B-Center-Readiness-and-Student-Retention__pptx	4	25.0	179
B2B-Center-Readiness-and-Student-Retention__pptx	5	25.0	344
B2B-Center-Readiness-and-Student-Retention__pptx	6	54.0	19
B2B-Center-Readiness-and-Student-Retention__pptx	7	25.0	248
B2B-Center-Readiness-and-Student-Retention__pptx	8	25.0	266
B2B-Center-Readiness-and-Student-Retention__pptx	9	25.0	281
B2B-Center-Readiness-and-Student-Retention__pptx	10	25.0	394
B2B-Center-Readiness-and-Student-Retention__pptx	11	54.0	17
B2B-Center-Readiness-and-Student-Retention__pptx	12	10.49	27
B2B-Center-Readiness-and-Student-Retention__pptx	13	10.49	27
B2B-Center-Readiness-and-Student-Retention__pptx	14	25.0	256
B2B-Center-Readiness-and-Student-Retention__pptx	15	25.0	224
B2B-Center-Readiness-and-Student-Retention__pptx	16	54.0	25
B2B-Center-Readiness-and-Student-Retention__pptx	17	13.01	340
B2B-Center-Readiness-and-Student-Retention__pptx	18	54.0	24
B2B-Center-Readiness-and-Student-Retention__pptx	19	21.0	176
B2B-Center-Readiness-and-Student-Retention__pptx	20	54.0	17
B2B-Center-Readiness-and-Student-Retention__pptx	21	25.0	289
B2B-Center-Readiness-and-Student-Retention__pptx	22	21.0	186
B2B-Center-Readiness-and-Student-Retention__pptx	23	25.0	319
B2B-Center-Readiness-and-Student-Retention__pptx	24	54.0	27
B2B-Center-Readiness-and-Student-Retention__pptx	25	25.0	311
B2B-Center-Readiness-and-Student-Retention__pptx	26	25.0	322
B2B-Center-Readiness-and-Student-Retention__pptx	27	25.0	221
B2B-Center-Readiness-and-Student-Retention__pptx	28	25.0	343
B2B-Center-Readiness-and-Student-Retention__pptx	29	54.0	24
B2B-Center-Readiness-and-Student-Retention__pptx	30	18.0	264
B2B-Center-Readiness-and-Student-Retention__pptx	31	15.99	30
B2B-Center-Readiness-and-Student-Retention__pptx	32	20.01	152
B2B-Center-Readiness-and-Student-Retention__pptx	33	0.0	0
RPA P4 - Advanced Material__pptx	1	15.99	58
RPA P4 - Advanced Material__pptx	2	11.99	612
RPA P4 - Advanced Material__pptx	3	6.8	795
RPA P4 - Advanced Material__pptx	4	13.01	577
RPA P4 - Advanced Material__pptx	5	14.0	398
RPA P4 - Advanced Material__pptx	6	18.0	85
RPA P4 - Advanced Material__pptx	7	18.0	162
RPA P4 - Advanced Material__pptx	8	14.0	33
RPA P4 - Advanced Material__pptx	9	15.99	79
RPA P4 - Advanced Material__pptx	10	9.01	103
RPA P4 - Advanced Material__pptx	11	18.0	525
RPA P4 - Advanced Material__pptx	12	10.21	429
RPA P4 - Advanced Material__pptx	13	18.0	125
RPA P4 - Advanced Material__pptx	14	14.99	116
RPA P4 - Advanced Material__pptx	15	20.01	126
RPA P4 - Advanced Material__pptx	16	11.99	152
RPA P4 - Advanced Material__pptx	17	15.99	262
RPA P4 - Advanced Material__pptx	18	20.01	200
RPA P4 - Advanced Material__pptx	19	18.0	116
RPA P4 - Advanced Material__pptx	20	14.0	35
_1___Opatrny_Ales_United_Kingdom_business_opportunities_final__pptx	1	18.0	79
_1___Opatrny_Ales_United_Kingdom_business_opportunities_final__pptx	2	15.99	117
_1___Opatrny_Ales_United_Kingdom_business_opportunities_final__pptx	3	15.99	281
_1___Opatrny_Ales_United_Kingdom_business_opportunities_final__pptx	4	28.01	31
_1___Opatrny_Ales_United_Kingdom_business_opportunities_final__pptx	5	15.99	118
_1___Opatrny_Ales_United_Kingdom_business_opportunities_final__pptx	6	28.01	28
_1___Opatrny_Ales_United_Kingdom_business_opportunities_final__pptx	7	15.99	164
_1___Opatrny_Ales_United_Kingdom_business_opportunities_final__pptx	8	15.99	293
_1___Opatrny_Ales_United_Kingdom_business_opportunities_final__pptx	9	15.99	232
_1___Opatrny_Ales_United_Kingdom_business_opportunities_final__pptx	10	28.01	43
_1___Opatrny_Ales_United_Kingdom_business_opportunities_final__pptx	11	15.99	469
_1___Opatrny_Ales_United_Kingdom_business_opportunities_final__pptx	12	15.99	755
_1___Opatrny_Ales_United_Kingdom_business_opportunities_final__pptx	13	15.99	660
_1___Opatrny_Ales_United_Kingdom_business_opportunities_final__pptx	14	15.99	830
_1___Opatrny_Ales_United_Kingdom_business_opportunities_final__pptx	15	15.99	494
_1___Opatrny_Ales_United_Kingdom_business_opportunities_final__pptx	16	15.99	634
_1___Opatrny_Ales_United_Kingdom_business_opportunities_final__pptx	17	18.0	55
_1___Opatrny_Ales_United_Kingdom_business_opportunities_final__pptx	18	15.99	361
_1___Opatrny_Ales_United_Kingdom_business_opportunities_final__pptx	19	15.99	439
_1___Opatrny_Ales_United_Kingdom_business_opportunities_final__pptx	20	11.99	2
_1___Opatrny_Ales_United_Kingdom_business_opportunities_final__pptx	21	15.99	594
_1___Opatrny_Ales_United_Kingdom_business_opportunities_final__pptx	22	15.99	642
_1___Opatrny_Ales_United_Kingdom_business_opportunities_final__pptx	23	15.99	680
_1___Opatrny_Ales_United_Kingdom_business_opportunities_final__pptx	24	15.99	307
_1___Opatrny_Ales_United_Kingdom_business_opportunities_final__pptx	25	28.01	24
Ramp Up Campaign - French__pptx	1	101.0	23
Ramp Up Campaign - French__pptx	2	42.01	233
Ramp Up Campaign - French__pptx	3	25.99	826
Ramp Up Campaign - French__pptx	4	28.49	791
Ramp Up Campaign - French__pptx	5	38.01	342
Ramp Up Campaign - French__pptx	6	101.0	9
gillikin_online_user_mtg_2010__ppt	1	20.01	115
gillikin_online_user_mtg_2010__ppt	2	33.99	134
gillikin_online_user_mtg_2010__ppt	3	22.0	189
gillikin_online_user_mtg_2010__ppt	4	29.99	182
gillikin_online_user_mtg_2010__ppt	5	28.01	194
gillikin_online_user_mtg_2010__ppt	6	24.01	213
gillikin_online_user_mtg_2010__ppt	7	42.01	53
gillikin_online_user_mtg_2010__ppt	8	42.01	30
gillikin_online_user_mtg_2010__ppt	9	42.01	38
gillikin_online_user_mtg_2010__ppt	10	42.01	21
gillikin_online_user_mtg_2010__ppt	11	25.99	195
gillikin_online_user_mtg_2010__ppt	12	29.99	106
gillikin_online_user_mtg_2010__ppt	13	42.01	58
gillikin_online_user_mtg_2010__ppt	14	24.01	190
gillikin_online_user_mtg_2010__ppt	15	28.01	273
gillikin_online_user_mtg_2010__ppt	16	25.99	150
gillikin_online_user_mtg_2010__ppt	17	25.99	244
gillikin_online_user_mtg_2010__ppt	18	42.01	100
gillikin_online_user_mtg_2010__ppt	19	25.99	112
gillikin_online_user_mtg_2010__ppt	20	28.01	113
gillikin_online_user_mtg_2010__ppt	21	24.01	204
gillikin_online_user_mtg_2010__ppt	22	29.99	141
gillikin_online_user_mtg_2010__ppt	23	42.01	62
gillikin_online_user_mtg_2010__ppt	24	42.01	65
gillikin_online_user_mtg_2010__ppt	25	24.01	167
gillikin_online_user_mtg_2010__ppt	26	25.99	223
gillikin_online_user_mtg_2010__ppt	27	32.0	59
gillikin_online_user_mtg_2010__ppt	28	24.01	134
gillikin_online_user_mtg_2010__ppt	29	29.99	113
gillikin_online_user_mtg_2010__ppt	30	28.01	211
gillikin_online_user_mtg_2010__ppt	31	38.01	33
gillikin_online_user_mtg_2010__ppt	32	25.99	260
gillikin_online_user_mtg_2010__ppt	33	42.01	8
gillikin_online_user_mtg_2010__ppt	34	20.01	163
gillikin_online_user_mtg_2010__ppt	35	24.01	130
gillikin_online_user_mtg_2010__ppt	36	29.99	111
gillikin_online_user_mtg_2010__ppt	37	24.01	191
gillikin_online_user_mtg_2010__ppt	38	29.99	57
gillikin_online_user_mtg_2010__ppt	39	42.01	14
gillikin_online_user_mtg_2010__ppt	40	29.99	96
PRM_training__pptx	1	18.0	161
PRM_training__pptx	2	15.99	203
PRM_training__pptx	3	15.99	209
PRM_training__pptx	4	15.99	311
PRM_training__pptx	5	15.99	230
PRM_training__pptx	6	15.99	369
PRM_training__pptx	7	15.99	250
PRM_training__pptx	8	18.0	428
PRM_training__pptx	9	18.0	277
PRM_training__pptx	10	18.0	551
PRM_training__pptx	11	18.0	825
PRM_training__pptx	12	18.0	906
PRM_training__pptx	13	15.99	170
PRM_training__pptx	14	15.99	207
PRM_training__pptx	15	15.99	457
PRM_training__pptx	16	15.99	341
PRM_training__pptx	17	18.0	387
PRM_training__pptx	18	15.99	379
PRM_training__pptx	19	18.0	656
PRM_training__pptx	20	18.0	808
PRM_training__pptx	21	18.0	734
PRM_training__pptx	22	15.99	1022
redac-sas-201703-hf-research-division__pptx	1	18.0	83
redac-sas-201703-hf-research-division__pptx	2	18.0	203
redac-sas-201703-hf-research-division__pptx	3	11.99	686
redac-sas-201703-hf-research-division__pptx	4	18.0	331
redac-sas-201703-hf-research-division__pptx	5	18.0	354
redac-sas-201703-hf-research-division__pptx	6	18.0	212
redac-sas-201703-hf-research-division__pptx	7	18.0	250
redac-sas-201703-hf-research-division__pptx	8	11.99	29
redac-sas-201703-hf-research-division__pptx	9	11.99	29
redac-sas-201703-hf-research-division__pptx	10	11.99	29
redac-sas-201703-hf-research-division__pptx	11	9.01	396
redac-sas-201703-hf-research-division__pptx	12	28.01	61
redac-sas-201703-hf-research-division__pptx	13	15.99	450
Intersil_Italy_CAN_Bus_Transceiver_Presentation_Final__pptx	1	15.99	68
Intersil_Italy_CAN_Bus_Transceiver_Presentation_Final__pptx	2	25.99	324
Intersil_Italy_CAN_Bus_Transceiver_Presentation_Final__pptx	3	36.0	60
Intersil_Italy_CAN_Bus_Transceiver_Presentation_Final__pptx	4	25.99	155
Intersil_Italy_CAN_Bus_Transceiver_Presentation_Final__pptx	5	11.0	341
Intersil_Italy_CAN_Bus_Transceiver_Presentation_Final__pptx	6	11.0	701
Intersil_Italy_CAN_Bus_Transceiver_Presentation_Final__pptx	7	17.01	247
Intersil_Italy_CAN_Bus_Transceiver_Presentation_Final__pptx	8	24.01	49
Intersil_Italy_CAN_Bus_Transceiver_Presentation_Final__pptx	9	36.0	53
Intersil_Italy_CAN_Bus_Transceiver_Presentation_Final__pptx	10	14.0	396
Intersil_Italy_CAN_Bus_Transceiver_Presentation_Final__pptx	11	18.0	352
Intersil_Italy_CAN_Bus_Transceiver_Presentation_Final__pptx	12	40.0	50
Intersil_Italy_CAN_Bus_Transceiver_Presentation_Final__pptx	13	20.01	401
Intersil_Italy_CAN_Bus_Transceiver_Presentation_Final__pptx	14	18.0	219
Intersil_Italy_CAN_Bus_Transceiver_Presentation_Final__pptx	15	14.99	393
Intersil_Italy_CAN_Bus_Transceiver_Presentation_Final__pptx	16	17.01	193
Intersil_Italy_CAN_Bus_Transceiver_Presentation_Final__pptx	17	20.01	478
Intersil_Italy_CAN_Bus_Transceiver_Presentation_Final__pptx	18	36.0	45
Intersil_Italy_CAN_Bus_Transceiver_Presentation_Final__pptx	19	11.0	347
Intersil_Italy_CAN_Bus_Transceiver_Presentation_Final__pptx	20	20.01	331
Intersil_Italy_CAN_Bus_Transceiver_Presentation_Final__pptx	21	20.01	112
Intersil_Italy_CAN_Bus_Transceiver_Presentation_Final__pptx	22	20.01	320
Intersil_Italy_CAN_Bus_Transceiver_Presentation_Final__pptx	23	11.99	775
Intersil_Italy_CAN_Bus_Transceiver_Presentation_Final__pptx	24	20.01	381
Intersil_Italy_CAN_Bus_Transceiver_Presentation_Final__pptx	25	10.01	40
Intersil_Italy_CAN_Bus_Transceiver_Presentation_Final__pptx	26	36.0	12
Intersil_Italy_CAN_Bus_Transceiver_Presentation_Final__pptx	27	14.0	191
Intersil_Italy_CAN_Bus_Transceiver_Presentation_Final__pptx	28	20.01	311
Intersil_Italy_CAN_Bus_Transceiver_Presentation_Final__pptx	29	20.01	307
Intersil_Italy_CAN_Bus_Transceiver_Presentation_Final__pptx	30	20.01	291
Intersil_Italy_CAN_Bus_Transceiver_Presentation_Final__pptx	31	20.01	295
Intersil_Italy_CAN_Bus_Transceiver_Presentation_Final__pptx	32	20.01	296
Intersil_Italy_CAN_Bus_Transceiver_Presentation_Final__pptx	33	20.01	311
Intersil_Italy_CAN_Bus_Transceiver_Presentation_Final__pptx	34	14.0	159
Intersil_Italy_CAN_Bus_Transceiver_Presentation_Final__pptx	35	20.01	288
Intersil_Italy_CAN_Bus_Transceiver_Presentation_Final__pptx	36	20.01	289
Intersil_Italy_CAN_Bus_Transceiver_Presentation_Final__pptx	37	25.99	477
Intersil_Italy_CAN_Bus_Transceiver_Presentation_Final__pptx	38	20.01	187
Intersil_Italy_CAN_Bus_Transceiver_Presentation_Final__pptx	39	17.01	356
Presentation - Identify Components of the Airport (1)__pptx	1	13.01	62
Presentation - Identify Components of the Airport (1)__pptx	2	24.01	249
Presentation - Identify Components of the Airport (1)__pptx	3	24.01	216
Presentation - Identify Components of the Airport (1)__pptx	4	24.01	284
Presentation - Identify Components of the Airport (1)__pptx	5	24.01	187
Presentation - Identify Components of the Airport (1)__pptx	6	24.01	288
Presentation - Identify Components of the Airport (1)__pptx	7	24.01	303
Presentation - Identify Components of the Airport (1)__pptx	8	20.01	73
Presentation - Identify Components of the Airport (1)__pptx	9	24.01	281
Presentation - Identify Components of the Airport (1)__pptx	10	40.0	48
Presentation - Identify Components of the Airport (1)__pptx	11	24.01	276
Presentation - Identify Components of the Airport (1)__pptx	12	36.0	11
Sean Monogue__pptx	1	15.99	127
Sean Monogue__pptx	2	24.01	172
Sean Monogue__pptx	3	18.0	249
Sean Monogue__pptx	4	20.01	241
Sean Monogue__pptx	5	20.01	178
Sean Monogue__pptx	6	20.01	213
Sean Monogue__pptx	7	20.01	142
Sean Monogue__pptx	8	18.0	558
Sean Monogue__pptx	9	18.0	198
Sean Monogue__pptx	10	18.0	434
Sean Monogue__pptx	11	18.0	309
Sean Monogue__pptx	12	22.0	192
Sean Monogue__pptx	13	15.99	811
Sean Monogue__pptx	14	24.01	169
Sean Monogue__pptx	15	24.01	157
2015-Civil-Rights-Website-training__ppt	1	20.01	149
2015-Civil-Rights-Website-training__ppt	2	29.99	115
2015-Civil-Rights-Website-training__ppt	3	24.01	262
2015-Civil-Rights-Website-training__ppt	4	32.0	51
2015-Civil-Rights-Website-training__ppt	5	24.01	326
2015-Civil-Rights-Website-training__ppt	6	28.01	135
2015-Civil-Rights-Website-training__ppt	7	14.99	602
2015-Civil-Rights-Website-training__ppt	8	24.01	115
2015-Civil-Rights-Website-training__ppt	9	28.01	120
2015-Civil-Rights-Website-training__ppt	10	20.01	251
2015-Civil-Rights-Website-training__ppt	11	20.01	131
2015-Civil-Rights-Website-training__ppt	12	15.99	633
2015-Civil-Rights-Website-training__ppt	13	25.0	90
2015-Civil-Rights-Website-training__ppt	14	20.01	371
2015-Civil-Rights-Website-training__ppt	15	25.99	318
2015-Civil-Rights-Website-training__ppt	16	24.01	92
2015-Civil-Rights-Website-training__ppt	17	28.01	53
2015-Civil-Rights-Website-training__ppt	18	22.0	273
2015-Civil-Rights-Website-training__ppt	19	28.01	103
2015-Civil-Rights-Website-training__ppt	20	32.0	132
2015-Civil-Rights-Website-training__ppt	21	20.01	622
2015-Civil-Rights-Website-training__ppt	22	14.0	92
2015-Civil-Rights-Website-training__ppt	23	32.0	197
2015-Civil-Rights-Website-training__ppt	24	5.72	1773
2015-Civil-Rights-Website-training__ppt	25	22.0	179
2015-Civil-Rights-Website-training__ppt	26	24.01	313
2015-Civil-Rights-Website-training__ppt	27	24.01	137
2015-Civil-Rights-Website-training__ppt	28	25.99	239
2015-Civil-Rights-Website-training__ppt	29	27.01	178
2015-Civil-Rights-Website-training__ppt	30	22.0	215
2015-Civil-Rights-Website-training__ppt	31	32.0	83
2015-Civil-Rights-Website-training__ppt	32	20.01	158
2015-Civil-Rights-Website-training__ppt	33	24.01	207
2015-Civil-Rights-Website-training__ppt	34	18.0	194
2015-Civil-Rights-Website-training__ppt	35	22.0	145
2015-Civil-Rights-Website-training__ppt	36	5.86	1052
2015-Civil-Rights-Website-training__ppt	37	20.01	301
2015-Civil-Rights-Website-training__ppt	38	7.44	1143
2015-Civil-Rights-Website-training__ppt	39	17.01	412
2015-Civil-Rights-Website-training__ppt	40	28.01	187
2015-Civil-Rights-Website-training__ppt	41	25.99	341
2015-Civil-Rights-Website-training__ppt	42	22.0	346
2015-Civil-Rights-Website-training__ppt	43	17.01	503
2015-Civil-Rights-Website-training__ppt	44	43.99	24
2015-Civil-Rights-Website-training__ppt	45	20.01	254
2015-Civil-Rights-Website-training__ppt	46	40.0	33
2015-Civil-Rights-Website-training__ppt	47	17.01	78
2015-Civil-Rights-Website-training__ppt	48	20.01	168
2015-Civil-Rights-Website-training__ppt	49	28.01	270
2015-Civil-Rights-Website-training__ppt	50	18.0	259
2015-Civil-Rights-Website-training__ppt	51	22.0	276
2015-Civil-Rights-Website-training__ppt	52	32.0	54
2015-Civil-Rights-Website-training__ppt	53	40.0	36
2015-Civil-Rights-Website-training__ppt	54	20.01	116
2015-Civil-Rights-Website-training__ppt	55	25.99	295
2015-Civil-Rights-Website-training__ppt	56	24.01	365
2015-Civil-Rights-Website-training__ppt	57	24.01	291
2015-Civil-Rights-Website-training__ppt	58	28.01	270
2015-Civil-Rights-Website-training__ppt	59	24.01	276
2015-Civil-Rights-Website-training__ppt	60	24.01	201
2015-Civil-Rights-Website-training__ppt	61	24.01	237
2015-Civil-Rights-Website-training__ppt	62	28.01	102
2015-Civil-Rights-Website-training__ppt	63	32.0	142
2015-Civil-Rights-Website-training__ppt	64	32.0	163
2015-Civil-Rights-Website-training__ppt	65	32.0	42
2015-Civil-Rights-Website-training__ppt	66	6.25	1317
2015-Civil-Rights-Website-training__ppt	67	28.01	240
2015-Civil-Rights-Website-training__ppt	68	32.0	127
2015-Civil-Rights-Website-training__ppt	69	20.01	245
2015-Civil-Rights-Website-training__ppt	70	32.0	195
2015-Civil-Rights-Website-training__ppt	71	28.01	197
2015-Civil-Rights-Website-training__ppt	72	24.01	193
2015-Civil-Rights-Website-training__ppt	73	32.0	207
2015-Civil-Rights-Website-training__ppt	74	32.0	132
2015-Civil-Rights-Website-training__ppt	75	24.01	123
2015-Civil-Rights-Website-training__ppt	76	22.0	152
2015-Civil-Rights-Website-training__ppt	77	24.01	220
2015-Civil-Rights-Website-training__ppt	78	24.01	137
2015-Civil-Rights-Website-training__ppt	79	15.99	179
2015-Civil-Rights-Website-training__ppt	80	25.99	169
2015-Civil-Rights-Website-training__ppt	81	5.65	474
2015-Civil-Rights-Website-training__ppt	82	28.01	121
2015-Civil-Rights-Website-training__ppt	83	28.01	171
2015-Civil-Rights-Website-training__ppt	84	29.99	188
2015-Civil-Rights-Website-training__ppt	85	28.01	133
2015-Civil-Rights-Website-training__ppt	86	28.01	286
2015-Civil-Rights-Website-training__ppt	87	18.0	170
2015-Civil-Rights-Website-training__ppt	88	20.01	275
2015-Civil-Rights-Website-training__ppt	89	25.99	224
2015-Civil-Rights-Website-training__ppt	90	7.0	962
2015-Civil-Rights-Website-training__ppt	91	27.01	138
2015-Civil-Rights-Website-training__ppt	92	24.01	104
2015-Civil-Rights-Website-training__ppt	93	32.0	86
2015-Civil-Rights-Website-training__ppt	94	10.01	124
ws_prod-g-doc-Events-2008-February-5-NATO-activities__ppt	1	28.01	36
ws_prod-g-doc-Events-2008-February-5-NATO-activities__ppt	2	32.0	29
ws_prod-g-doc-Events-2008-February-5-NATO-activities__ppt	3	14.0	204
ws_prod-g-doc-Events-2008-February-5-NATO-activities__ppt	4	28.01	121
ws_prod-g-doc-Events-2008-February-5-NATO-activities__ppt	5	18.0	31
ws_prod-g-doc-Events-2008-February-5-NATO-activities__ppt	6	15.99	150
ws_prod-g-doc-Events-2008-February-5-NATO-activities__ppt	7	24.01	117
ws_prod-g-doc-Events-2008-February-5-NATO-activities__ppt	8	24.01	152
ws_prod-g-doc-Events-2008-February-5-NATO-activities__ppt	9	28.01	53
ws_prod-g-doc-Events-2008-February-5-NATO-activities__ppt	10	20.01	65
ws_prod-g-doc-Events-2008-February-5-NATO-activities__ppt	11	24.01	162
ws_prod-g-doc-Events-2008-February-5-NATO-activities__ppt	12	28.01	81
ws_prod-g-doc-Events-2008-February-5-NATO-activities__ppt	13	13.71	132
Structural Testing__pptx	1	24.01	39
Structural Testing__pptx	2	28.01	175
Structural Testing__pptx	3	54.0	19
Structural Testing__pptx	4	28.01	115
Structural Testing__pptx	5	20.01	177
Structural Testing__pptx	6	28.01	203
Structural Testing__pptx	7	54.0	22
Structural Testing__pptx	8	24.01	203
Structural Testing__pptx	9	24.01	40
Structural Testing__pptx	10	20.01	121
Structural Testing__pptx	11	28.01	93
Structural Testing__pptx	12	8.39	230
Structural Testing__pptx	13	28.01	132
Structural Testing__pptx	14	28.01	95
Structural Testing__pptx	15	54.0	35
Structural Testing__pptx	16	32.0	162
Structural Testing__pptx	17	28.01	150
Structural Testing__pptx	18	22.0	169
Structural Testing__pptx	19	43.99	14
Structural Testing__pptx	20	25.51	112
Structural Testing__pptx	21	19.5	91
Structural Testing__pptx	22	28.01	106
Structural Testing__pptx	23	20.01	165
Structural Testing__pptx	24	20.01	228
Structural Testing__pptx	25	24.01	117
Structural Testing__pptx	26	24.01	145
Structural Testing__pptx	27	23.5	26
Structural Testing__pptx	28	23.5	87
Structural Testing__pptx	29	28.01	128
Structural Testing__pptx	30	24.01	80
Structural Testing__pptx	31	24.01	137
Structural Testing__pptx	32	31.49	25
Structural Testing__pptx	33	17.49	57
Structural Testing__pptx	34	20.01	106
Structural Testing__pptx	35	24.01	167
Structural Testing__pptx	36	28.01	213
Structural Testing__pptx	37	24.01	170
Structural Testing__pptx	38	18.0	193
Structural Testing__pptx	39	24.01	150
Structural Testing__pptx	40	14.99	80
Structural Testing__pptx	41	24.01	338
Structural Testing__pptx	42	22.0	30
Structural Testing__pptx	43	24.01	111
Structural Testing__pptx	44	24.01	72
Structural Testing__pptx	45	17.01	143
Structural Testing__pptx	46	24.01	187
Structural Testing__pptx	47	24.01	162
Structural Testing__pptx	48	28.01	142
Structural Testing__pptx	49	65.99	11
Structural Testing__pptx	50	28.01	136
Structural Testing__pptx	51	27.01	216
Structural Testing__pptx	52	24.01	100
Structural Testing__pptx	53	24.01	185
Structural Testing__pptx	54	25.99	236
Structural Testing__pptx	55	40.0	36
Structural Testing__pptx	56	25.99	236
Structural Testing__pptx	57	31.01	142
Structural Testing__pptx	58	28.01	244
Structural Testing__pptx	59	28.01	461
Structural Testing__pptx	60	24.01	205
Structural Testing__pptx	61	24.01	55
Structural Testing__pptx	62	28.01	322
Structural Testing__pptx	63	20.01	95
Structural Testing__pptx	64	40.0	34
Structural Testing__pptx	65	22.0	136
Structural Testing__pptx	66	24.01	187
Structural Testing__pptx	67	28.01	117
Structural Testing__pptx	68	28.01	151
Structural Testing__pptx	69	24.01	354
Structural Testing__pptx	70	22.0	149
Structural Testing__pptx	71	28.01	216
Structural Testing__pptx	72	40.0	22
Structural Testing__pptx	73	28.01	190
Structural Testing__pptx	74	28.01	153
Structural Testing__pptx	75	28.01	137
Structural Testing__pptx	76	28.01	66
Structural Testing__pptx	77	24.01	146
Structural Testing__pptx	78	24.01	95
Structural Testing__pptx	79	18.0	95
Structural Testing__pptx	80	15.99	468
Structural Testing__pptx	81	20.01	240
Structural Testing__pptx	82	20.01	95
Structural Testing__pptx	83	28.01	170
Structural Testing__pptx	84	28.01	196
Structural Testing__pptx	85	32.0	49
Structural Testing__pptx	86	24.01	327
Structural Testing__pptx	87	24.01	199
Structural Testing__pptx	88	28.01	84
Structural Testing__pptx	89	24.01	117
Technical_Report_Elements[1]__pptx	1	68.0	22
Technical_Report_Elements[1]__pptx	2	36.0	98
Technical_Report_Elements[1]__pptx	3	28.01	181
Technical_Report_Elements[1]__pptx	4	32.0	174
Technical_Report_Elements[1]__pptx	5	32.0	128
Technical_Report_Elements[1]__pptx	6	32.0	276
Technical_Report_Elements[1]__pptx	7	29.99	138
Technical_Report_Elements[1]__pptx	8	14.0	210
Technical_Report_Elements[1]__pptx	9	28.01	177
Technical_Report_Elements[1]__pptx	10	36.0	71
Technical_Report_Elements[1]__pptx	11	28.01	171
Technical_Report_Elements[1]__pptx	12	28.01	117
Technical_Report_Elements[1]__pptx	13	28.01	180
Technical_Report_Elements[1]__pptx	14	28.01	279
Technical_Report_Elements[1]__pptx	15	25.99	193
Technical_Report_Elements[1]__pptx	16	28.01	128
Technical_Report_Elements[1]__pptx	17	28.01	131
Technical_Report_Elements[1]__pptx	18	28.01	217
Technical_Report_Elements[1]__pptx	19	28.01	125
Technical_Report_Elements[1]__pptx	20	32.0	176
Technical_Report_Elements[1]__pptx	21	32.0	106
Technical_Report_Elements[1]__pptx	22	28.01	136
Technical_Report_Elements[1]__pptx	23	28.01	113
Technical_Report_Elements[1]__pptx	24	28.01	194
Technical_Report_Elements[1]__pptx	25	28.01	221
Technical_Report_Elements[1]__pptx	26	24.01	195
Technical_Report_Elements[1]__pptx	27	28.01	197
Technical_Report_Elements[1]__pptx	28	24.01	121
Technical_Report_Elements[1]__pptx	29	24.01	142
Technical_Report_Elements[1]__pptx	30	28.01	251
Technical_Report_Elements[1]__pptx	31	24.01	95
Technical_Report_Elements[1]__pptx	32	28.01	95
Technical_Report_Elements[1]__pptx	33	28.01	128
Technical_Report_Elements[1]__pptx	34	32.0	88
Technical_Report_Elements[1]__pptx	35	28.01	297
Technical_Report_Elements[1]__pptx	36	32.0	31
Technical_Report_Elements[1]__pptx	37	28.01	99
Technical_Report_Elements[1]__pptx	38	32.0	131
Technical_Report_Elements[1]__pptx	39	18.0	503
schematicplaymar21__pptx	1	11.99	62
schematicplaymar21__pptx	2	11.99	62
schematicplaymar21__pptx	3	18.0	482
schematicplaymar21__pptx	4	18.0	536
schematicplaymar21__pptx	5	18.0	356
schematicplaymar21__pptx	6	18.0	837
schematicplaymar21__pptx	7	14.0	1071
schematicplaymar21__pptx	8	18.0	723
schematicplaymar21__pptx	9	18.0	253
schematicplaymar21__pptx	10	18.0	607
schematicplaymar21__pptx	11	18.0	541
schematicplaymar21__pptx	12	18.0	450
schematicplaymar21__pptx	13	18.0	356
schematicplaymar21__pptx	14	18.0	480
schematicplaymar21__pptx	15	18.0	697
schematicplaymar21__pptx	16	18.0	623
schematicplaymar21__pptx	17	18.0	440
schematicplaymar21__pptx	18	28.01	115
schematicplaymar21__pptx	19	20.01	495
schematicplaymar21__pptx	20	18.0	415
schematicplaymar21__pptx	21	14.0	130
schematicplay__pptx	1	11.99	62
schematicplay__pptx	2	11.99	62
schematicplay__pptx	3	18.0	491
schematicplay__pptx	4	18.0	536
schematicplay__pptx	5	18.0	356
schematicplay__pptx	6	18.0	837
schematicplay__pptx	7	14.0	1071
schematicplay__pptx	8	18.0	723
schematicplay__pptx	9	18.0	253
schematicplay__pptx	10	18.0	607
schematicplay__pptx	11	18.0	541
schematicplay__pptx	12	18.0	450
schematicplay__pptx	13	18.0	356
schematicplay__pptx	14	18.0	480
schematicplay__pptx	15	18.0	697
schematicplay__pptx	16	18.0	623
schematicplay__pptx	17	18.0	440
schematicplay__pptx	18	28.01	115
schematicplay__pptx	19	20.01	481
schematicplay__pptx	20	18.0	440
schematicplay__pptx	21	14.0	130
Architecture__ppt	1	32.0	12
Architecture__ppt	2	20.01	51
Architecture__ppt	3	24.01	132
Architecture__ppt	4	24.01	70
Architecture__ppt	5	24.01	247
Architecture__ppt	6	14.0	435
Architecture__ppt	7	24.01	49
Architecture__ppt	8	27.01	24
Architecture__ppt	9	22.0	559
Architecture__ppt	10	27.01	24
Architecture__ppt	11	18.0	27
Architecture__ppt	12	22.0	230
Architecture__ppt	13	18.0	201
Architecture__ppt	14	18.0	173
Architecture__ppt	15	20.01	378
Architecture__ppt	16	22.0	25
Architecture__ppt	17	20.01	404
Architecture__ppt	18	22.0	39
Architecture__ppt	19	22.0	39
Architecture__ppt	20	22.0	389
Architecture__ppt	21	27.01	19
Architecture__ppt	22	27.01	20
Architecture__ppt	23	27.01	17
Architecture__ppt	24	22.0	403
Architecture__ppt	25	22.0	84
Architecture__ppt	26	24.01	65
Architecture__ppt	27	32.0	18
Architecture__ppt	28	27.01	18
Architecture__ppt	29	24.01	43
Wildlife for REDAC September 11__pptx	1	15.99	34
Wildlife for REDAC September 11__pptx	2	24.01	128
Wildlife for REDAC September 11__pptx	3	28.01	45
Wildlife for REDAC September 11__pptx	4	24.01	82
Wildlife for REDAC September 11__pptx	5	2.68	166
Wildlife for REDAC September 11__pptx	6	11.99	29
Wildlife for REDAC September 11__pptx	7	11.99	29
Wildlife for REDAC September 11__pptx	8	15.99	34
Wildlife for REDAC September 11__pptx	9	24.01	298
Wildlife for REDAC September 11__pptx	10	28.01	118
Wildlife for REDAC September 11__pptx	11	15.99	234
Wildlife for REDAC September 11__pptx	12	24.01	108
Wildlife for REDAC September 11__pptx	13	28.01	46
Wildlife for REDAC September 11__pptx	14	36.0	10
Wildlife for REDAC September 11__pptx	15	18.0	154
Wildlife for REDAC September 11__pptx	16	11.99	212
Wildlife for REDAC September 11__pptx	17	20.01	222
Wildlife for REDAC September 11__pptx	18	11.99	84
Wildlife for REDAC September 11__pptx	19	24.01	270
Wildlife for REDAC September 11__pptx	20	11.99	29
Wildlife for REDAC September 11__pptx	21	11.0	549
Wildlife for REDAC September 11__pptx	22	11.99	29
Wildlife for REDAC September 11__pptx	23	11.99	29
Wildlife for REDAC September 11__pptx	24	11.99	29
Wildlife for REDAC September 11__pptx	25	11.99	29
Wildlife for REDAC September 11__pptx	26	24.01	116
Wildlife for REDAC September 11__pptx	27	15.99	230
Wildlife for REDAC September 11__pptx	28	11.99	29
Wildlife for REDAC September 11__pptx	29	11.99	96
Wildlife for REDAC September 11__pptx	30	11.99	29
Wildlife for REDAC September 11__pptx	31	14.0	80
Wildlife for REDAC September 11__pptx	32	24.01	58
Wildlife for REDAC September 11__pptx	33	11.99	29
Wildlife for REDAC September 11__pptx	34	11.99	29
Wildlife for REDAC September 11__pptx	35	11.99	29
Wildlife for REDAC September 11__pptx	36	11.99	29
Wildlife for REDAC September 11__pptx	37	20.01	121
Wildlife for REDAC September 11__pptx	38	11.99	29
Wildlife for REDAC September 11__pptx	39	24.01	211
Wildlife for REDAC September 11__pptx	40	7.99	1724
Wildlife for REDAC September 11__pptx	41	20.01	284
Reporting_responsibilities_matrix__pptx	1	22.0	59
Reporting_responsibilities_matrix__pptx	2	15.99	1655
Reporting_responsibilities_matrix__pptx	3	11.99	218
Reporting_responsibilities_matrix__pptx	4	15.99	395
Reporting_responsibilities_matrix__pptx	5	18.0	86
Reporting_responsibilities_matrix__pptx	6	18.0	86
Reporting_responsibilities_matrix__pptx	7	18.0	78
Reporting_responsibilities_matrix__pptx	8	18.0	115
Reporting_responsibilities_matrix__pptx	9	11.99	96
Reporting_responsibilities_matrix__pptx	10	18.0	123
Reporting_responsibilities_matrix__pptx	11	18.0	88
Reporting_responsibilities_matrix__pptx	12	11.99	124
Reporting_responsibilities_matrix__pptx	13	18.0	132
Reporting_responsibilities_matrix__pptx	14	18.0	86
Reporting_responsibilities_matrix__pptx	15	18.0	80
Reporting_responsibilities_matrix__pptx	16	18.0	69
Reporting_responsibilities_matrix__pptx	17	18.0	86
Reporting_responsibilities_matrix__pptx	18	11.99	145
Reporting_responsibilities_matrix__pptx	19	11.99	91
Reporting_responsibilities_matrix__pptx	20	18.0	93
Reporting_responsibilities_matrix__pptx	21	18.0	94
Reporting_responsibilities_matrix__pptx	22	18.0	108
Reporting_responsibilities_matrix__pptx	23	18.0	95
Reporting_responsibilities_matrix__pptx	24	18.0	121
Reporting_responsibilities_matrix__pptx	25	11.99	70
Reporting_responsibilities_matrix__pptx	26	18.0	124
Reporting_responsibilities_matrix__pptx	27	18.0	104
Reporting_responsibilities_matrix__pptx	28	18.0	93
Reporting_responsibilities_matrix__pptx	29	18.0	74
Reporting_responsibilities_matrix__pptx	30	11.99	1396
Reporting_responsibilities_matrix__pptx	31	11.99	1640
Reporting_responsibilities_matrix__pptx	32	11.99	1421
Reporting_responsibilities_matrix__pptx	33	11.99	1188
Reporting_responsibilities_matrix__pptx	34	11.99	822
Reporting_responsibilities_matrix__pptx	35	11.99	1083
Reporting_responsibilities_matrix__pptx	36	11.99	1396
Reporting_responsibilities_matrix__pptx	37	11.99	1640
Reporting_responsibilities_matrix__pptx	38	11.99	932
Reporting_responsibilities_matrix__pptx	39	11.99	1421
Reporting_responsibilities_matrix__pptx	40	11.99	1188
Reporting_responsibilities_matrix__pptx	41	11.99	822
Reporting_responsibilities_matrix__pptx	42	11.99	1083
Reporting_responsibilities_matrix__pptx	43	11.99	976
Reporting_responsibilities_matrix__pptx	44	11.99	1378
Reporting_responsibilities_matrix__pptx	45	11.99	926
Reporting_responsibilities_matrix__pptx	46	11.99	759
Reporting_responsibilities_matrix__pptx	47	11.99	624
Reporting_responsibilities_matrix__pptx	48	11.99	1218
Reporting_responsibilities_matrix__pptx	49	11.99	1041
Reporting_responsibilities_matrix__pptx	50	11.99	1064
Reporting_responsibilities_matrix__pptx	51	11.99	894
Reporting_responsibilities_matrix__pptx	52	11.99	883
Reporting_responsibilities_matrix__pptx	53	11.99	905
Reporting_responsibilities_matrix__pptx	54	11.99	1072
Reporting_responsibilities_matrix__pptx	55	11.99	880
Reporting_responsibilities_matrix__pptx	56	11.99	875
Reporting_responsibilities_matrix__pptx	57	11.99	1016
Reporting_responsibilities_matrix__pptx	58	11.99	639
Reporting_responsibilities_matrix__pptx	59	11.99	862
Reporting_responsibilities_matrix__pptx	60	11.99	1035
Reporting_responsibilities_matrix__pptx	61	11.99	1006
Reporting_responsibilities_matrix__pptx	62	11.99	1127
Reporting_responsibilities_matrix__pptx	63	11.99	1097
Reporting_responsibilities_matrix__pptx	64	11.99	565
Reporting_responsibilities_matrix__pptx	65	11.99	1567
Reporting_responsibilities_matrix__pptx	66	11.99	1041
Reporting_responsibilities_matrix__pptx	67	11.99	1124
Reporting_responsibilities_matrix__pptx	68	11.99	894
Reporting_responsibilities_matrix__pptx	69	11.99	883
Reporting_responsibilities_matrix__pptx	70	11.99	905
Reporting_responsibilities_matrix__pptx	71	11.99	1072
Reporting_responsibilities_matrix__pptx	72	11.99	880
Reporting_responsibilities_matrix__pptx	73	11.99	875
Reporting_responsibilities_matrix__pptx	74	11.99	1016
Reporting_responsibilities_matrix__pptx	75	11.99	1133
Reporting_responsibilities_matrix__pptx	76	11.99	368
Reporting_responsibilities_matrix__pptx	77	11.99	2008
Reporting_responsibilities_matrix__pptx	78	11.99	2191
Reporting_responsibilities_matrix__pptx	79	11.99	565
Reporting_responsibilities_matrix__pptx	80	11.99	1567
Reporting_responsibilities_matrix__pptx	81	11.99	1275
Reporting_responsibilities_matrix__pptx	82	11.99	1658
Reporting_responsibilities_matrix__pptx	83	11.99	1330
Reporting_responsibilities_matrix__pptx	84	11.99	719
Reporting_responsibilities_matrix__pptx	85	11.99	1202
Reporting_responsibilities_matrix__pptx	86	11.99	782
Reporting_responsibilities_matrix__pptx	87	11.99	1090
Reporting_responsibilities_matrix__pptx	88	11.99	904
Reporting_responsibilities_matrix__pptx	89	11.99	842
Reporting_responsibilities_matrix__pptx	90	11.99	948
Reporting_responsibilities_matrix__pptx	91	11.99	1661
Reporting_responsibilities_matrix__pptx	92	11.99	1714
Reporting_responsibilities_matrix__pptx	93	11.99	1148
Reporting_responsibilities_matrix__pptx	94	11.99	1706
Reporting_responsibilities_matrix__pptx	95	11.99	1433
Reporting_responsibilities_matrix__pptx	96	11.99	1508
Reporting_responsibilities_matrix__pptx	97	11.99	1330
Reporting_responsibilities_matrix__pptx	98	11.99	790
Reporting_responsibilities_matrix__pptx	99	11.99	1408
Reporting_responsibilities_matrix__pptx	100	11.99	1569
Reporting_responsibilities_matrix__pptx	101	11.99	1181
Reporting_responsibilities_matrix__pptx	102	11.99	1348
Reporting_responsibilities_matrix__pptx	103	11.99	1116
Reporting_responsibilities_matrix__pptx	104	11.99	1306
Reporting_responsibilities_matrix__pptx	105	11.99	1661
Reporting_responsibilities_matrix__pptx	106	11.99	932
Reporting_responsibilities_matrix__pptx	107	11.99	1714
Reporting_responsibilities_matrix__pptx	108	11.99	1148
Reporting_responsibilities_matrix__pptx	109	11.0	1160
Reporting_responsibilities_matrix__pptx	110	11.99	1640
Reporting_responsibilities_matrix__pptx	111	11.99	1293
Reporting_responsibilities_matrix__pptx	112	11.99	1315
Reporting_responsibilities_matrix__pptx	113	11.99	1310
Reporting_responsibilities_matrix__pptx	114	11.99	1780
Reporting_responsibilities_matrix__pptx	115	11.99	1095
Reporting_responsibilities_matrix__pptx	116	11.99	1153
Reporting_responsibilities_matrix__pptx	117	11.99	1109
Reporting_responsibilities_matrix__pptx	118	11.99	862
Reporting_responsibilities_matrix__pptx	119	11.99	1504
Reporting_responsibilities_matrix__pptx	120	11.99	643
Reporting_responsibilities_matrix__pptx	121	11.99	1793
Reporting_responsibilities_matrix__pptx	122	11.99	932
Reporting_responsibilities_matrix__pptx	123	11.99	1435
Reporting_responsibilities_matrix__pptx	124	11.99	1374
Reporting_responsibilities_matrix__pptx	125	11.99	1524
Reporting_responsibilities_matrix__pptx	126	11.99	1484
Reporting_responsibilities_matrix__pptx	127	11.99	1336
Reporting_responsibilities_matrix__pptx	128	11.99	1647
Reporting_responsibilities_matrix__pptx	129	11.99	1086
Reporting_responsibilities_matrix__pptx	130	11.99	1845
Reporting_responsibilities_matrix__pptx	131	11.99	1370
Reporting_responsibilities_matrix__pptx	132	11.99	1475
Reporting_responsibilities_matrix__pptx	133	11.99	1011
Reporting_responsibilities_matrix__pptx	134	11.99	1878
Reporting_responsibilities_matrix__pptx	135	11.99	1172
Reporting_responsibilities_matrix__pptx	136	11.99	1217
Reporting_responsibilities_matrix__pptx	137	11.99	1379
Reporting_responsibilities_matrix__pptx	138	11.99	1667
Reporting_responsibilities_matrix__pptx	139	11.99	1433
Reporting_responsibilities_matrix__pptx	140	11.99	1500
Reporting_responsibilities_matrix__pptx	141	11.99	1271
Reporting_responsibilities_matrix__pptx	142	11.99	1354
Reporting_responsibilities_matrix__pptx	143	11.99	1293
Reporting_responsibilities_matrix__pptx	144	11.99	1534
Reporting_responsibilities_matrix__pptx	145	11.99	802
Reporting_responsibilities_matrix__pptx	146	11.99	1110
Reporting_responsibilities_matrix__pptx	147	11.99	924
Reporting_responsibilities_matrix__pptx	148	11.99	862
Reporting_responsibilities_matrix__pptx	149	11.99	1522
Reporting_responsibilities_matrix__pptx	150	11.99	1657
Reporting_responsibilities_matrix__pptx	151	11.99	932
Reporting_responsibilities_matrix__pptx	152	11.99	1676
Reporting_responsibilities_matrix__pptx	153	11.99	1370
Reporting_responsibilities_matrix__pptx	154	11.99	1546
Reporting_responsibilities_matrix__pptx	155	11.99	1628
Reporting_responsibilities_matrix__pptx	156	11.99	1240
Reporting_responsibilities_matrix__pptx	157	11.99	1524
Reporting_responsibilities_matrix__pptx	158	11.99	985
Reporting_responsibilities_matrix__pptx	159	11.99	1740
Reporting_responsibilities_matrix__pptx	160	11.99	1360
Reporting_responsibilities_matrix__pptx	161	11.99	1449
Reporting_responsibilities_matrix__pptx	162	11.99	1524
Reporting_responsibilities_matrix__pptx	163	11.99	1484
Reporting_responsibilities_matrix__pptx	164	11.99	1336
Reporting_responsibilities_matrix__pptx	165	11.99	1647
Reporting_responsibilities_matrix__pptx	166	11.99	1424
Reporting_responsibilities_matrix__pptx	167	11.99	1507
Reporting_responsibilities_matrix__pptx	168	11.99	1370
Reporting_responsibilities_matrix__pptx	169	11.99	1475
Reporting_responsibilities_matrix__pptx	170	11.99	1011
Reporting_responsibilities_matrix__pptx	171	11.99	1720
Reporting_responsibilities_matrix__pptx	172	11.99	1330
Reporting_responsibilities_matrix__pptx	173	11.99	1305
Reporting_responsibilities_matrix__pptx	174	11.99	1291
Reporting_responsibilities_matrix__pptx	175	11.99	1667
Reporting_responsibilities_matrix__pptx	176	11.99	1538
Reporting_responsibilities_matrix__pptx	177	11.99	1395
Reporting_responsibilities_matrix__pptx	178	11.99	1315
Reporting_responsibilities_matrix__pptx	179	11.99	1310
Reporting_responsibilities_matrix__pptx	180	11.99	1293
Reporting_responsibilities_matrix__pptx	181	11.99	1534
Reporting_responsibilities_matrix__pptx	182	11.99	1095
Reporting_responsibilities_matrix__pptx	183	11.99	1153
Reporting_responsibilities_matrix__pptx	184	11.99	1109
Reporting_responsibilities_matrix__pptx	185	11.99	862
Reporting_responsibilities_matrix__pptx	186	11.99	835
Reporting_responsibilities_matrix__pptx	187	11.99	1426
Reporting_responsibilities_matrix__pptx	188	11.99	932
Reporting_responsibilities_matrix__pptx	189	11.99	1582
Reporting_responsibilities_matrix__pptx	190	11.99	1280
Reporting_responsibilities_matrix__pptx	191	11.99	665
Reporting_responsibilities_matrix__pptx	192	11.99	946
Reporting_responsibilities_matrix__pptx	193	11.99	181
Reporting_responsibilities_matrix__pptx	194	11.99	181
Reporting_responsibilities_matrix__pptx	195	11.99	223
Reporting_responsibilities_matrix__pptx	196	11.99	172
Reporting_responsibilities_matrix__pptx	197	11.99	172
Reporting_responsibilities_matrix__pptx	198	11.99	665
Reporting_responsibilities_matrix__pptx	199	11.99	946
Reporting_responsibilities_matrix__pptx	200	11.99	205
Reporting_responsibilities_matrix__pptx	201	11.99	2008
Reporting_responsibilities_matrix__pptx	202	11.99	1567
Reporting_responsibilities_matrix__pptx	203	11.99	1275
Reporting_responsibilities_matrix__pptx	204	11.99	1658
Reporting_responsibilities_matrix__pptx	205	11.99	1330
Reporting_responsibilities_matrix__pptx	206	11.99	719
Reporting_responsibilities_matrix__pptx	207	11.99	1202
Reporting_responsibilities_matrix__pptx	208	11.99	782
Reporting_responsibilities_matrix__pptx	209	11.99	1090
Reporting_responsibilities_matrix__pptx	210	11.99	904
Reporting_responsibilities_matrix__pptx	211	11.99	842
Reporting_responsibilities_matrix__pptx	212	11.99	948
Reporting_responsibilities_matrix__pptx	213	11.99	1706
Reporting_responsibilities_matrix__pptx	214	11.99	1433
Reporting_responsibilities_matrix__pptx	215	11.99	1508
Reporting_responsibilities_matrix__pptx	216	11.99	1330
Reporting_responsibilities_matrix__pptx	217	11.99	790
Reporting_responsibilities_matrix__pptx	218	11.99	1408
Reporting_responsibilities_matrix__pptx	219	11.99	1569
Reporting_responsibilities_matrix__pptx	220	11.99	1181
Reporting_responsibilities_matrix__pptx	221	11.99	1348
Reporting_responsibilities_matrix__pptx	222	11.99	1116
Reporting_responsibilities_matrix__pptx	223	11.99	1306
Reporting_responsibilities_matrix__pptx	224	11.0	1160
Reporting_responsibilities_matrix__pptx	225	11.99	1640
Reporting_responsibilities_matrix__pptx	226	11.99	1293
Reporting_responsibilities_matrix__pptx	227	11.99	1315
Reporting_responsibilities_matrix__pptx	228	11.99	1310
Reporting_responsibilities_matrix__pptx	229	11.99	1780
Reporting_responsibilities_matrix__pptx	230	11.99	1095
Reporting_responsibilities_matrix__pptx	231	11.99	1153
Reporting_responsibilities_matrix__pptx	232	11.99	1109
Reporting_responsibilities_matrix__pptx	233	11.99	862
Reporting_responsibilities_matrix__pptx	234	11.99	976
Reporting_responsibilities_matrix__pptx	235	11.99	624
Reporting_responsibilities_matrix__pptx	236	11.99	1218
Reporting_responsibilities_matrix__pptx	237	11.99	1041
Reporting_responsibilities_matrix__pptx	238	11.99	1064
Reporting_responsibilities_matrix__pptx	239	11.99	894
Reporting_responsibilities_matrix__pptx	240	11.99	883
Reporting_responsibilities_matrix__pptx	241	11.99	905
Reporting_responsibilities_matrix__pptx	242	11.99	1072
Reporting_responsibilities_matrix__pptx	243	11.99	880
Reporting_responsibilities_matrix__pptx	244	11.99	875
Reporting_responsibilities_matrix__pptx	245	11.99	1016
Reporting_responsibilities_matrix__pptx	246	11.99	639
Reporting_responsibilities_matrix__pptx	247	11.99	862
Reporting_responsibilities_matrix__pptx	248	11.99	263
Reporting_responsibilities_matrix__pptx	249	11.99	1524
Reporting_responsibilities_matrix__pptx	250	11.99	1720
Reporting_responsibilities_matrix__pptx	251	11.99	1330
Reporting_responsibilities_matrix__pptx	252	11.99	1305
Reporting_responsibilities_matrix__pptx	253	11.99	1291
Reporting_responsibilities_matrix__pptx	254	11.99	1667
Reporting_responsibilities_matrix__pptx	255	11.99	1538
Reporting_responsibilities_matrix__pptx	256	11.99	1395
Reporting_responsibilities_matrix__pptx	257	11.99	1315
Reporting_responsibilities_matrix__pptx	258	11.99	1310
Reporting_responsibilities_matrix__pptx	259	11.99	1293
Reporting_responsibilities_matrix__pptx	260	11.99	1534
Reporting_responsibilities_matrix__pptx	261	11.99	1095
Reporting_responsibilities_matrix__pptx	262	11.99	1153
Reporting_responsibilities_matrix__pptx	263	11.99	1109
Reporting_responsibilities_matrix__pptx	264	11.99	862
Reporting_responsibilities_matrix__pptx	265	11.99	1396
Reporting_responsibilities_matrix__pptx	266	11.99	1060
Reporting_responsibilities_matrix__pptx	267	11.99	835
Reporting_responsibilities_matrix__pptx	268	36.0	8
NWD-GLA-Community-Outreach-Day-Oct-2025__pptx	1	22.0	40
NWD-GLA-Community-Outreach-Day-Oct-2025__pptx	2	20.01	111
NWD-GLA-Community-Outreach-Day-Oct-2025__pptx	3	15.99	36
NWD-GLA-Community-Outreach-Day-Oct-2025__pptx	4	22.0	133
NWD-GLA-Community-Outreach-Day-Oct-2025__pptx	5	13.01	346
NWD-GLA-Community-Outreach-Day-Oct-2025__pptx	6	14.99	129
NWD-GLA-Community-Outreach-Day-Oct-2025__pptx	7	27.01	26
NWD-GLA-Community-Outreach-Day-Oct-2025__pptx	8	20.01	130
NWD-GLA-Community-Outreach-Day-Oct-2025__pptx	9	18.0	301
NWD-GLA-Community-Outreach-Day-Oct-2025__pptx	10	20.01	566
NWD-GLA-Community-Outreach-Day-Oct-2025__pptx	11	15.99	1150
NWD-GLA-Community-Outreach-Day-Oct-2025__pptx	12	18.99	249
NWD-GLA-Community-Outreach-Day-Oct-2025__pptx	13	43.99	9
redac-nasops-201503-RIRP-portfolio-update__pptx	1	40.0	45
redac-nasops-201503-RIRP-portfolio-update__pptx	2	25.0	266
redac-nasops-201503-RIRP-portfolio-update__pptx	3	25.0	388
redac-nasops-201503-RIRP-portfolio-update__pptx	4	20.01	425
redac-nasops-201503-RIRP-portfolio-update__pptx	5	25.0	424
redac-nasops-201503-RIRP-portfolio-update__pptx	6	20.01	29
redac-nasops-201503-RIRP-portfolio-update__pptx	7	18.0	526
redac-nasops-201503-RIRP-portfolio-update__pptx	8	13.01	60
redac-nasops-201503-RIRP-portfolio-update__pptx	9	36.0	48
redac-nasops-201503-RIRP-portfolio-update__pptx	10	20.01	351
redac-nasops-201503-RIRP-portfolio-update__pptx	11	14.99	233
redac-nasops-201503-RIRP-portfolio-update__pptx	12	14.99	137
redac-nasops-201503-RIRP-portfolio-update__pptx	13	20.01	312
redac-nasops-201503-RIRP-portfolio-update__pptx	14	20.01	29
redac-nasops-201503-RIRP-portfolio-update__pptx	15	22.0	323
redac-nasops-201503-RIRP-portfolio-update__pptx	16	24.01	488
redac-nasops-201503-RIRP-portfolio-update__pptx	17	24.01	223
redac-nasops-201503-RIRP-portfolio-update__pptx	18	15.99	212
redac-nasops-201503-RIRP-portfolio-update__pptx	19	20.01	466
redac-nasops-201503-RIRP-portfolio-update__pptx	20	36.0	55
redac-nasops-201503-RIRP-portfolio-update__pptx	21	20.01	252
redac-nasops-201503-RIRP-portfolio-update__pptx	22	20.01	301
redac-nasops-201503-RIRP-portfolio-update__pptx	23	20.01	258
redac-nasops-201503-RIRP-portfolio-update__pptx	24	20.01	320
redac-nasops-201503-RIRP-portfolio-update__pptx	25	40.0	34
redac-nasops-201503-RIRP-portfolio-update__pptx	26	20.01	495
redac-nasops-201503-RIRP-portfolio-update__pptx	27	13.01	31
redac-nasops-201503-RIRP-portfolio-update__pptx	28	13.01	467
redac-nasops-201503-RIRP-portfolio-update__pptx	29	22.0	52
redac-nasops-201503-RIRP-portfolio-update__pptx	30	11.0	128
redac-nasops-201503-RIRP-portfolio-update__pptx	31	9.01	232
redac-nasops-201503-RIRP-portfolio-update__pptx	32	18.0	118
redac-nasops-201503-RIRP-portfolio-update__pptx	33	20.01	178
redac-nasops-201503-RIRP-portfolio-update__pptx	34	15.99	219
redac-nasops-201503-RIRP-portfolio-update__pptx	35	20.01	314
redac-nasops-201503-RIRP-portfolio-update__pptx	36	13.01	31
redac-nasops-201503-RIRP-portfolio-update__pptx	37	20.01	592
redac-nasops-201503-RIRP-portfolio-update__pptx	38	13.01	31
redac-nasops-201503-RIRP-portfolio-update__pptx	39	20.01	844
redac-nasops-201503-RIRP-portfolio-update__pptx	40	13.01	31
redac-nasops-201503-RIRP-portfolio-update__pptx	41	22.0	73
redac-nasops-201503-RIRP-portfolio-update__pptx	42	36.0	36
redac-nasops-201503-RIRP-portfolio-update__pptx	43	20.01	574
redac-nasops-201503-RIRP-portfolio-update__pptx	44	18.0	151
redac-nasops-201503-RIRP-portfolio-update__pptx	45	20.01	135
redac-nasops-201503-RIRP-portfolio-update__pptx	46	20.01	49
servicedesk-plus-overviewfinal__pptx	1	25.99	17
servicedesk-plus-overviewfinal__pptx	2	11.99	116
servicedesk-plus-overviewfinal__pptx	3	20.01	19
servicedesk-plus-overviewfinal__pptx	4	14.0	171
servicedesk-plus-overviewfinal__pptx	5	18.0	97
servicedesk-plus-overviewfinal__pptx	6	10.01	342
servicedesk-plus-overviewfinal__pptx	7	14.99	85
servicedesk-plus-overviewfinal__pptx	8	11.99	144
servicedesk-plus-overviewfinal__pptx	9	11.99	46
servicedesk-plus-overviewfinal__pptx	10	32.0	15
servicedesk-plus-overviewfinal__pptx	11	11.99	369
servicedesk-plus-overviewfinal__pptx	12	17.01	34
servicedesk-plus-overviewfinal__pptx	13	15.99	85
servicedesk-plus-overviewfinal__pptx	14	15.99	51
servicedesk-plus-overviewfinal__pptx	15	15.99	52
servicedesk-plus-overviewfinal__pptx	16	15.99	45
servicedesk-plus-overviewfinal__pptx	17	15.99	71
servicedesk-plus-overviewfinal__pptx	18	15.99	37
servicedesk-plus-overviewfinal__pptx	19	13.01	326
servicedesk-plus-overviewfinal__pptx	20	9.01	300
servicedesk-plus-overviewfinal__pptx	21	14.99	177
servicedesk-plus-overviewfinal__pptx	22	29.99	9
servicedesk-plus-overviewfinal__pptx	23	11.99	257
servicedesk-plus-overviewfinal__pptx	24	18.0	15
servicedesk-plus-overviewfinal__pptx	25	21.0	46
servicedesk-plus-overviewfinal__pptx	26	36.0	10
servicedesk-plus-overviewfinal__pptx	27	24.01	18
servicedesk-plus-overviewfinal__pptx	28	11.0	196
servicedesk-plus-overviewfinal__pptx	29	11.99	211
servicedesk-plus-overviewfinal__pptx	30	35.01	24
servicedesk-plus-overviewfinal__pptx	31	22.0	24
servicedesk-plus-overviewfinal__pptx	32	11.99	193
servicedesk-plus-overviewfinal__pptx	33	11.99	162
servicedesk-plus-overviewfinal__pptx	34	36.0	10
servicedesk-plus-overviewfinal__pptx	35	22.0	27
servicedesk-plus-overviewfinal__pptx	36	11.99	173
servicedesk-plus-overviewfinal__pptx	37	11.99	186
servicedesk-plus-overviewfinal__pptx	38	36.0	10
servicedesk-plus-overviewfinal__pptx	39	25.99	25
servicedesk-plus-overviewfinal__pptx	40	11.99	216
servicedesk-plus-overviewfinal__pptx	41	11.99	210
servicedesk-plus-overviewfinal__pptx	42	11.99	55
servicedesk-plus-overviewfinal__pptx	43	36.0	10
servicedesk-plus-overviewfinal__pptx	44	24.01	24
servicedesk-plus-overviewfinal__pptx	45	11.99	142
servicedesk-plus-overviewfinal__pptx	46	11.99	217
servicedesk-plus-overviewfinal__pptx	47	11.99	168
servicedesk-plus-overviewfinal__pptx	48	36.0	10
servicedesk-plus-overviewfinal__pptx	49	24.01	25
servicedesk-plus-overviewfinal__pptx	50	11.99	205
servicedesk-plus-overviewfinal__pptx	51	11.99	161
servicedesk-plus-overviewfinal__pptx	52	36.0	10
servicedesk-plus-overviewfinal__pptx	53	25.0	23
servicedesk-plus-overviewfinal__pptx	54	11.99	220
servicedesk-plus-overviewfinal__pptx	55	11.99	169
servicedesk-plus-overviewfinal__pptx	56	11.0	147
servicedesk-plus-overviewfinal__pptx	57	40.0	9
servicedesk-plus-overviewfinal__pptx	58	11.99	81
servicedesk-plus-overviewfinal__pptx	59	11.99	217
servicedesk-plus-overviewfinal__pptx	60	40.0	12
servicedesk-plus-overviewfinal__pptx	61	18.99	15
servicedesk-plus-overviewfinal__pptx	62	11.99	172
servicedesk-plus-overviewfinal__pptx	63	11.99	222
servicedesk-plus-overviewfinal__pptx	64	11.99	257
servicedesk-plus-overviewfinal__pptx	65	11.99	143
servicedesk-plus-overviewfinal__pptx	66	11.2	44
1200-Assigning-Club-officers__pptx	1	79.99	30
1200-Assigning-Club-officers__pptx	2	43.99	65
1200-Assigning-Club-officers__pptx	3	65.99	46
1200-Assigning-Club-officers__pptx	4	0.0	0
1200-Assigning-Club-officers__pptx	5	0.0	0
1200-Assigning-Club-officers__pptx	6	50.99	22
1200-Assigning-Club-officers__pptx	7	43.99	62
1200-Assigning-Club-officers__pptx	8	43.99	43
1200-Assigning-Club-officers__pptx	9	60.01	54
1200-Assigning-Club-officers__pptx	10	36.0	85
1200-Assigning-Club-officers__pptx	11	43.99	157
1200-Assigning-Club-officers__pptx	12	36.0	27
1200-Assigning-Club-officers__pptx	13	36.0	42
1200-Assigning-Club-officers__pptx	14	150.01	8
1200-Assigning-Club-officers__pptx	15	0.0	0
1200-Assigning-Club-officers__pptx	16	0.0	0
FAAAIandtheArtandScienceofV&Vfinal__pptx			
FAAAIandtheArtandScienceofV&Vfinal__pptx			
FAAAIandtheArtandScienceofV&Vfinal__pptx			
FAAAIandtheArtandScienceofV&Vfinal__pptx			
FAAAIandtheArtandScienceofV&Vfinal__pptx			
FAAAIandtheArtandScienceofV&Vfinal__pptx			
FAAAIandtheArtandScienceofV&Vfinal__pptx			
FAAAIandtheArtandScienceofV&Vfinal__pptx			
FAAAIandtheArtandScienceofV&Vfinal__pptx			
FAAAIandtheArtandScienceofV&Vfinal__pptx			
FAAAIandtheArtandScienceofV&Vfinal__pptx			
FAAAIandtheArtandScienceofV&Vfinal__pptx			
FAAAIandtheArtandScienceofV&Vfinal__pptx			
FAAAIandtheArtandScienceofV&Vfinal__pptx			
FAAAIandtheArtandScienceofV&Vfinal__pptx			
FAAAIandtheArtandScienceofV&Vfinal__pptx			
FAAAIandtheArtandScienceofV&Vfinal__pptx			
FAAAIandtheArtandScienceofV&Vfinal__pptx			
FAAAIandtheArtandScienceofV&Vfinal__pptx			
FAAAIandtheArtandScienceofV&Vfinal__pptx			
FAAAIandtheArtandScienceofV&Vfinal__pptx	1	15.99	55
FAAAIandtheArtandScienceofV&Vfinal__pptx	2	20.01	45
FAAAIandtheArtandScienceofV&Vfinal__pptx	3	24.01	267
FAAAIandtheArtandScienceofV&Vfinal__pptx	4	18.0	237
FAAAIandtheArtandScienceofV&Vfinal__pptx	5	20.01	79
FAAAIandtheArtandScienceofV&Vfinal__pptx	6	20.01	54
FAAAIandtheArtandScienceofV&Vfinal__pptx	7	8.92	81
FAAAIandtheArtandScienceofV&Vfinal__pptx	8	24.01	37
FAAAIandtheArtandScienceofV&Vfinal__pptx	9	20.01	62
FAAAIandtheArtandScienceofV&Vfinal__pptx	10	24.01	256
FAAAIandtheArtandScienceofV&Vfinal__pptx	11	24.01	293
FAAAIandtheArtandScienceofV&Vfinal__pptx	12	18.0	118
FAAAIandtheArtandScienceofV&Vfinal__pptx	13	18.0	483
FAAAIandtheArtandScienceofV&Vfinal__pptx	14	18.0	318
FAAAIandtheArtandScienceofV&Vfinal__pptx	15	24.01	153
FAAAIandtheArtandScienceofV&Vfinal__pptx	16	24.01	448
FAAAIandtheArtandScienceofV&Vfinal__pptx	17	32.0	32
FAAAIandtheArtandScienceofV&Vfinal__pptx	18	20.01	94
FAAAIandtheArtandScienceofV&Vfinal__pptx	19	24.01	106
FAAAIandtheArtandScienceofV&Vfinal__pptx	20	18.0	100
FAAAIandtheArtandScienceofV&Vfinal__pptx	21	32.0	39
FAAAIandtheArtandScienceofV&Vfinal__pptx	22	14.0	113
FAAAIandtheArtandScienceofV&Vfinal__pptx	23	24.01	101
FAAAIandtheArtandScienceofV&Vfinal__pptx	24	24.01	162
FAAAIandtheArtandScienceofV&Vfinal__pptx	25	24.01	58
FAAAIandtheArtandScienceofV&Vfinal__pptx	26	24.01	174
FAAAIandtheArtandScienceofV&Vfinal__pptx	27	20.01	45
FAAAIandtheArtandScienceofV&Vfinal__pptx	28	20.01	70
FAAAIandtheArtandScienceofV&Vfinal__pptx	29	20.01	64
FAAAIandtheArtandScienceofV&Vfinal__pptx	30	20.01	67
