identity	path	status	md5
2017-04-27-Lease-Transition-Records-Checklist-FINAL-1__xlsx	sheets/ceiling-001/xlsx/2017-04-27-Lease-Transition-Records-Checklist-FINAL-1.xlsx	ok	aaca0ddce1e0b2e2a8f57676ddb69150
2020-01-29-Lease-Transition-Records-Checklist-FINAL-1__xlsx	sheets/ceiling-001/xlsx/2020-01-29-Lease-Transition-Records-Checklist-FINAL-1.xlsx	ok	64d97984a11403a2e6915ed0b66ec515
Template Pilot Logbook JAR-FCL V3.0__xls	sheets/ceiling-001/xls/Template Pilot Logbook JAR-FCL V3.0.xls	ok	aa89c369768866331a7f734726f5cbf0
EASA-IFP-WEBLISTNOODATA-ListsofForeignapprovals(WEB)_NewChart_2022-08-05-03-31-32__xlsx	sheets/ceiling-001/xlsx/EASA-IFP-WEBLISTNOODATA-ListsofForeignapprovals(WEB)_NewChart_2022-08-05-03-31-32.xlsx	ok	036ca7a6459f94a6786e7c0e391859a7
EASA-IFP-145Scope(WEB)_ALL_ValidF145SOA_2022-12-16-04-31-58_0__xlsx	sheets/ceiling-001/xlsx/EASA-IFP-145Scope(WEB)_ALL_ValidF145SOA_2022-12-16-04-31-58_0.xlsx	ok	723c62d9bcd089a7674f929a02d40eb2
oltl-bulletin-59-26-03-ptr-sc-registration-form-for-oltl-approved-software__xlsx	sheets/done-001/xlsx/oltl-bulletin-59-26-03-ptr-sc-registration-form-for-oltl-approved-software.xlsx	ok	5642354b621da4eaa44490d128958e97
Patent Index 2024 - Top 100 applicants 2024__xlsx	sheets/done-001/xlsx/Patent Index 2024 - Top 100 applicants 2024.xlsx	ok	8a36ca73314a8f6c1d29382b52e24c4f
REDAC_SCHEDULE_RPD_135__xls	sheets/done-001/xls/REDAC_SCHEDULE_RPD_135.xls	ok	ddd8b649e8531cb5354ac2510c5669ee
FMMO_NMPF_37C__xlsx	sheets/done-001/xlsx/FMMO_NMPF_37C.xlsx	ok	3f933cf0e4074099572bbc94d957b394
einvoice-summary-worksheet__xlsx	sheets/done-001/xlsx/einvoice-summary-worksheet.xlsx	ok	09ea70ebd1497d52edda1d52de96ef91
Geo_Abschlussarbeiten__xlsx	sheets/done-001/xlsx/Geo_Abschlussarbeiten.xlsx	ok	0031db837508f8bd4c142e3cc42162a7
16424782563923__xlsx	sheets/done-001/xlsx/16424782563923.xlsx	ok	cbdcdebb6d6490a1d309c26484d3eab4
Airplanes-MTOW__xls	sheets/done-001/xls/Airplanes-MTOW.xls	ok	b76583a18ab5451068897367bf30baf6
RPD 155 REDAC SCHEDULE 2014-04-02__xls	sheets/done-001/xls/RPD 155 REDAC SCHEDULE 2014-04-02.xls	ok	86caf127dae650b85dc79665b1043c4a
ExampleWhiteListData__xlsx	sheets/done-001/xlsx/ExampleWhiteListData.xlsx	ok	dddac2188a1c086a0b28fcc092de98a1
WEBSITE-RESOURCE-LIST-by-CATEGORY-4-6-18-341pm__xlsx	sheets/done-002/xlsx/WEBSITE-RESOURCE-LIST-by-CATEGORY-4-6-18-341pm.xlsx	ok	0379503dfd462f88e1116ac043b35bf0
(5000021142)-(subc0226)-criminology-subject-collection-list__xlsx	sheets/done-002/xlsx/(5000021142)-(subc0226)-criminology-subject-collection-list.xlsx	ok	1322e9705f9b25da95942f571961158d
P1636e__xls	sheets/done-002/xls/P1636e.xls	ok	713c6cb1b073d58201452ad4d8b6b7e0
Chicago.List.2025__xlsx	sheets/done-002/xlsx/Chicago.List.2025.xlsx	ok	844bbe8abd1b6eb844db3b702b647102
2012-GA-Survey-Chapter-5-Tables-16Dec2013-V2__xls	sheets/done-002/xls/2012-GA-Survey-Chapter-5-Tables-16Dec2013-V2.xls	ok	0aa2e5317e532f04e3d0282372bfbc78
REDAC_SCHEDULE_RPD_137__xls	sheets/done-002/xls/REDAC_SCHEDULE_RPD_137.xls	ok	ec1a5ef8b1a1d6d415464f94cf854237
Upload__hvv_Linie_150_2023__XLSX	sheets/done-002/xlsx/Upload__hvv_Linie_150_2023.XLSX	ok	6c422411e22c13ca81eaa553ccdf6033
e-pass-contact-details-template__xlsx	sheets/done-002/xlsx/e-pass-contact-details-template.xlsx	ok	a422a525efab52720bfc98ca18b45875
AIRBUS_station_evaluation_checklist_v2__xlsx	sheets/done-002/xlsx/AIRBUS_station_evaluation_checklist_v2.xlsx	ok	12bd0aaf0ea8ed456a54d6d5120de150
2012-GA-Survey-Chapter-6-Tables-16Dec2013-V2__xls	sheets/done-002/xls/2012-GA-Survey-Chapter-6-Tables-16Dec2013-V2.xls	ok	f97a769796f2010beb933e365e410617
RPA-Budgets-FY-17-19-20__xls	sheets/done-003/xls/RPA-Budgets-FY-17-19-20.xls	ok	85a325e98d8be176800b561bb639bbb2
VOR Candidate Discontinuance List 2026-01-08__xlsx	sheets/done-003/xlsx/VOR Candidate Discontinuance List 2026-01-08.xlsx	ok	dd176ff9e0de113bb31cf19daeb8373a
Air_Boss_Master_List__xlsx	sheets/done-003/xlsx/Air_Boss_Master_List.xlsx	ok	a25016d980198d1f6ae4b032046bf6d4
programs contact list as of 07-01-10__xls	sheets/done-003/xls/programs contact list as of 07-01-10.xls	ok	4c901e62d216e7d9ac4ef5217dd79347
Bulletin-37-Appendix-2-immediate-detriment-data-request__xlsx	sheets/done-003/xlsx/Bulletin-37-Appendix-2-immediate-detriment-data-request.xlsx	ok	ff9f89510387cf90f66f6e17379d87f4
4-12-Kings-Attachment-13-Application-Architecture-Security-Requirements__xls	sheets/done-003/xls/4-12-Kings-Attachment-13-Application-Architecture-Security-Requirements.xls	ok	a1611e2954d3effacdd7a252f1567855
00514292__xlsx	sheets/done-003/xlsx/00514292.xlsx	ok	07bb015c8ed72405ae7ef60c9af7b5f7
disclosures_ecm__xls	sheets/done-003/xls/disclosures_ecm.xls	ok	d30d5882eea313dee7a2cd4c001cc8af
NPA_21_21_Sentenced_Comments__xls	sheets/done-003/xls/NPA_21_21_Sentenced_Comments.xls	ok	374e39f893c201f796bd219d316e25c9
redac-sas-201503-fy17-research-portfolio__xlsx	sheets/done-003/xlsx/redac-sas-201503-fy17-research-portfolio.xlsx	ok	1a028161c6ceb53261c2dac16f755249
permit-applications-determined-july-2015__xls	sheets/done-004/xls/permit-applications-determined-july-2015.xls	ok	b5704933571b86aac7bd09afb2dbbed9
EU_145s_with_TCCA_approval_-_31.01.2025__xlsx	sheets/done-004/xlsx/EU_145s_with_TCCA_approval_-_31.01.2025.xlsx	ok	4ff8040bb4dbcbec4023901ceb42729f
UAE Type Accepted Aircraft Models__xlsx	sheets/done-004/xlsx/UAE Type Accepted Aircraft Models.xlsx	ok	a860905385e18049ee4354bb21a3e663
List-of-Members-August-2017__xlsx	sheets/done-004/xlsx/List-of-Members-August-2017.xlsx	ok	06e4bda74982284edc3dcd52fcd5fac5
NorwegianXPensionXFundXanalysisXexportsXandXLAWS-1__xls	sheets/done-004/xls/NorwegianXPensionXFundXanalysisXexportsXandXLAWS-1.xls	ok	1f8f3579d1b84da19995cf9ca5911ece
Travel-Cost-Estimate-Calculator__xlsx	sheets/done-004/xlsx/Travel-Cost-Estimate-Calculator.xlsx	ok	1fe87a26639fe2d06dd18264c255300e
Estero Rotary Awards__xlsx	sheets/done-004/xlsx/Estero Rotary Awards.xlsx	ok	c9e4a5c0b3dfcc8c6d3b09001125b680
flying-log-passenger-23rd-september-2014__xls	sheets/done-004/xls/flying-log-passenger-23rd-september-2014.xls	ok	02b452c0a35014861fa3a1fa9ab6e2d8
Foreign_SA-CAT-I_and_CAT-II-III_Pub_0__xlsx	sheets/done-004/xlsx/Foreign_SA-CAT-I_and_CAT-II-III_Pub_0.xlsx	ok	96eacd9481fccfaac00c47166ec70d01
Part_375_Operators__xlsx	sheets/done-004/xlsx/Part_375_Operators.xlsx	ok	9eb8bad3e7a3b546521d92450c086518
arp-sop-300-Exhibit-A-Table-Templates__xlsx	sheets/done-005/xlsx/arp-sop-300-Exhibit-A-Table-Templates.xlsx	ok	907fafaa13590318bee8157e966b68ff
National-Reports__xlsx	sheets/done-005/xlsx/National-Reports.xlsx	ok	5f26ed5baca69f211e7b56aae2bb6632
SectorAdvisoryGroupandStrategyBoards__xls	sheets/done-005/xls/SectorAdvisoryGroupandStrategyBoards.xls	ok	5b4e1dc8fc229ba88e1d60ee2ae78bcb
cy10_primary_enplanements__xls	sheets/done-005/xls/cy10_primary_enplanements.xls	ok	71635821f63b157bef6b3d8f63d578f4
esurf-12-135-2024-t01__xlsx	sheets/done-005/xlsx/esurf-12-135-2024-t01.xlsx	ok	6c8f4519cae7aa0b580cbe21b4b565ee
Background_Declaration_Template__xls	sheets/done-005/xls/Background_Declaration_Template.xls	ok	3faec29eafbf0014a295d55944661653
Part_129_Operators__xlsx	sheets/done-005/xlsx/Part_129_Operators.xlsx	ok	d3ec2f0101dd15628b731ef5547e7e8e
Praktikastellen_-_chinesischsprachiger_Kulturraum__xls	sheets/done-005/xls/Praktikastellen_-_chinesischsprachiger_Kulturraum.xls	ok	f9b9d89941ffbc63728e735153349e6e
apron-area__xls	sheets/done-005/xls/apron-area.xls	ok	03dc111bd6a970ed4ce0c6f8efedf71f
june_2025_published__xlsx	sheets/done-005/xlsx/june_2025_published.xlsx	ok	7fe89788f2ab0aa52cf7d74857c6b8f0
WG7_NCWF_Skills_Table__XLS	sheets/done-006/xls/WG7_NCWF_Skills_Table.XLS	ok	19a3b0954532b9be9ae9eea6b6906b9d
Hazard Analysis Template__xls	sheets/done-006/xls/Hazard Analysis Template.xls	ok	3f7229f99e4dbd2a06f89e57d893d760
ZenithAviation_AuctionList__xls	sheets/done-006/xls/ZenithAviation_AuctionList.xls	ok	92b23635189f226ad44efce6016f4ca1
SSRO_Quarterly_Statistical_Bulletin_Q3201617_DATA__xlsx	sheets/done-006/xlsx/SSRO_Quarterly_Statistical_Bulletin_Q3201617_DATA.xlsx	ok	e768d6698ae66534197264f7c06dafdd
register-changes-in-may-2024---adujsted__xlsx	sheets/done-006/xlsx/register-changes-in-may-2024---adujsted.xlsx	ok	2b1e44b5fccf2455f1f2c2315869fa39
Infotabelle_WLAN im Flugzeug__xlsx	sheets/done-006/xlsx/Infotabelle_WLAN im Flugzeug.xlsx	ok	fe1734993cee7d18ba3b1bcbfe588417
Published_Issuances_2024__xlsx	sheets/done-006/xlsx/Published_Issuances_2024.xlsx	ok	2e7e5d068826c0a46644083619df5f46
dragon-175066A__xlsx	sheets/done-006/xlsx/dragon-175066A.xlsx	ok	ce0bc5a5920c4983f40d445d574557a3
AFS-400_Contacts__xlsx	sheets/done-006/xlsx/AFS-400_Contacts.xlsx	ok	39b89431196e07850ada630dd4e87263
Performance__xlsx	sheets/done-006/xlsx/Performance.xlsx	ok	cfde82463d30657dd7b4296a8d8a5b31
ecopy of 2016 statistical bulletin_public finance statistics_final__xlsx	sheets/done-007/xlsx/ecopy of 2016 statistical bulletin_public finance statistics_final.xlsx	ok	2b09a839ef4d1e8cb9b1d28160641302
CSA_CCM_v1.2__xls	sheets/done-007/xls/CSA_CCM_v1.2.xls	ok	9e2b75fb3adbbc52c3afe9fe718bb441
jobs-bulletin-51-22-december-2025__xlsx	sheets/done-007/xlsx/jobs-bulletin-51-22-december-2025.xlsx	ok	6ab217e443a13eb314df32e0ca916083
114339-PROP-P127508-PUBLIC-PPCRNARCPPforPublication__xlsx	sheets/done-007/xlsx/114339-PROP-P127508-PUBLIC-PPCRNARCPPforPublication.xlsx	ok	370240e5e4ae7756c027533c2105395c
wiley-cancelled-title-list__xlsx	sheets/done-007/xlsx/wiley-cancelled-title-list.xlsx	ok	d33d9d4cefea36db660fc5c3b20bd266
National-Finalists-2024-1__xlsx	sheets/done-007/xlsx/National-Finalists-2024-1.xlsx	ok	1f1f95e4e8f384640d6e4ab29d2c9381
essd-16-3433-2024-t02__xlsx	sheets/done-007/xlsx/essd-16-3433-2024-t02.xlsx	ok	c9f3e2e34feb82bb9b05d588f9ac283f
hdss-bulletin-index-2019-2022__xlsx	sheets/done-007/xlsx/hdss-bulletin-index-2019-2022.xlsx	ok	efd3038d884799694e51524db9da6f85
ACRONYM__xls	sheets/done-007/xls/ACRONYM.xls	ok	be5182f04e6888eaa7d2d1bf98fc1a24
SLSA_Directory_031423__xlsx	sheets/done-007/xlsx/SLSA_Directory_031423.xlsx	ok	190fdae502663fbfe2647dc18f197f75
RVSM_Non_approved_list_2025_84c0b3f4ac__xlsx	sheets/done-008/xlsx/RVSM_Non_approved_list_2025_84c0b3f4ac.xlsx	ok	29855d60ad6e41ded9382341a2c8a12e
template-ECSPR-notifications__xlsx	sheets/done-008/xlsx/template-ECSPR-notifications.xlsx	ok	413b14e5bb21eda9d86ef83cdebfb8d0
Liste-Zertifizierung-ChemKlimaschutzV-RPT__xls	sheets/done-008/xls/Liste-Zertifizierung-ChemKlimaschutzV-RPT.xls	ok	2794e7b2fbb5b3e9d2075fee0b324bbd
data_20121018181533__xls	sheets/done-008/xls/data_20121018181533.xls	ok	38767138a828a8c4a7ac8725ae4c347c
Computer and Software Services_50 State Comparison__xlsx	sheets/done-008/xlsx/Computer and Software Services_50 State Comparison.xlsx	ok	d9f4530291732d047aecd71e0bf1cb7f
commander-authorisation-tasks-spreadsheet-october-2025__xlsx	sheets/done-008/xlsx/commander-authorisation-tasks-spreadsheet-october-2025.xlsx	ok	1c8db8b93430697b4729f0a6afaf805d
2015-19 top 25 Arms producing companies data - to upload on website - FINAL_edit__xlsx	sheets/done-008/xlsx/2015-19 top 25 Arms producing companies data - to upload on website - FINAL_edit.xlsx	ok	832a779ed168037427e1a76d18ba7ce8
Company_Seniority_Date_Calculator__xlsx	sheets/done-008/xlsx/Company_Seniority_Date_Calculator.xlsx	ok	9d6cea9bd4b2e1896e79e7e225f2b8fc
airports_6__xlsx	sheets/done-008/xlsx/airports_6.xlsx	ok	f7d8d931755e18e7d905fa373a9c190b
TDA_Smoke-Detectors__xlsx	sheets/done-008/xlsx/TDA_Smoke-Detectors.xlsx	ok	b3bbed80e4c35a7e787276b81c763aa8
6f9e605c-fded-11e3-bd0e-00144feab7de__xls	sheets/done-009/xls/6f9e605c-fded-11e3-bd0e-00144feab7de.xls	ok	66ca700e677dbdc77c2a3debda6008bd
PBN Matrix NAAs (V01)__xlsx	sheets/done-009/xlsx/PBN Matrix NAAs (V01).xlsx	ok	78dc44a93464db38f9bef8796302c1ae
sistem-rekod-markah-srm-_-rekod-master__xlsx	sheets/done-009/xlsx/sistem-rekod-markah-srm-_-rekod-master.xlsx	ok	94476068bbfd84f0da8f1c2bebb61068
Aviation_Abbreviations__xlsx	sheets/done-009/xlsx/Aviation_Abbreviations.xlsx	ok	b3bbd7392e3a7d0b243c7adb55b5db4f
RegChangeReport__xlsx	sheets/done-009/xlsx/RegChangeReport.xlsx	ok	1537e65b29a5a2c6195dbe62ceddb3f5
State-Medicaid-Payment-Policies-for-Medicare-Cost-Sharing__xlsx	sheets/done-009/xlsx/State-Medicaid-Payment-Policies-for-Medicare-Cost-Sharing.xlsx	ok	de42775a198cc95f36073bc907229a3e
cy01_state__xls	sheets/done-009/xls/cy01_state.xls	ok	499f4d19fbdbe2804997fd910916eb17
INDEX_Digital_Transformation_Toolkits__xls	sheets/done-009/xls/INDEX_Digital_Transformation_Toolkits.xls	ok	d485ace796ee01f087ed1d04a0fe7f81
Data-Architecture-Tool-Fit-Assessment-Template__xlsx	sheets/done-009/xlsx/Data-Architecture-Tool-Fit-Assessment-Template.xlsx	ok	9c9d2241c080c791384f8bf999f92f1f
EHEST-Pre-departure-checklist-Rev.-1-06-12-2016__xls	sheets/done-009/xls/EHEST-Pre-departure-checklist-Rev.-1-06-12-2016.xls	ok	57e408bbc6ffdee46a1551f02b319f5e
PC1000__xls	sheets/done-010/xls/PC1000.xls	ok	e9a0abd8d692252d3346f22659e4d153
Keywords_Mapping_Graphs_and_Charts__xlsx	sheets/done-010/xlsx/Keywords_Mapping_Graphs_and_Charts.xlsx	ok	b44999d5a3135dfb232ae21d699ee429
TOGAF9-Tool-ConfReqts-CSQ__xls	sheets/done-010/xls/TOGAF9-Tool-ConfReqts-CSQ.xls	ok	70f91dcd22491c8dc9274916c4f170f2
DOE-C2M2-V1.1-to-DOE-C2M2-V2.1 (1.1.0)__xlsx	sheets/done-010/xlsx/DOE-C2M2-V1.1-to-DOE-C2M2-V2.1 (1.1.0).xlsx	ok	041cc283f032be41ee1201b4bccbba67
cy06_primary_np_comm__xls	sheets/done-010/xls/cy06_primary_np_comm.xls	ok	b51042f93ddcf136dcba88cea3166da2
NAARMO_Mexico_RVSM_Approvals__xlsx	sheets/done-010/xlsx/NAARMO_Mexico_RVSM_Approvals.xlsx	ok	9195f2d45e45b7668678af49de7eb18d
RMP 2011-2014 and Inventory__xls	sheets/done-010/xls/RMP 2011-2014 and Inventory.xls	ok	962371ad62e026ee0fc75ec126b93b46
AFCforPtF-Digital-Certificate-Publication-Report__xlsx	sheets/done-010/xlsx/AFCforPtF-Digital-Certificate-Publication-Report.xlsx	ok	3f6f339c3743df10f5c229da2ad672ac
AMOC-Digital-Certificate-Publication-Report__xlsx	sheets/done-010/xlsx/AMOC-Digital-Certificate-Publication-Report.xlsx	ok	b63dd9c1937b34fa8a89b7093cc17086
Special-Procedures_2025-07-10__xls	sheets/done-010/xls/Special-Procedures_2025-07-10.xls	ok	1ef4d959f4165a67a52cd7782b45dbf9
T0A0D0000090006XLSE__xls	sheets/done-011/xls/T0A0D0000090006XLSE.xls	ok	85dde8885282ad5ea1cb843713fef2ab
List of EQS securities_0__xls	sheets/done-011/xls/List of EQS securities_0.xls	ok	2e01f21262b49297c3c15725791588bf
links-2026__xlsx	sheets/done-011/xlsx/links-2026.xlsx	ok	83a443489460b333a789f1e0c371bba3
Application_Compliance_Checklist_5_Apr_2021__xlsx	sheets/done-011/xlsx/Application_Compliance_Checklist_5_Apr_2021.xlsx	ok	2b9faafdd84a95e53f72641108cb6b38
Capability_List_9-14-2022_Dallas_Combined-Aircraft_Manuf_unsorted__xlsx	sheets/done-011/xlsx/Capability_List_9-14-2022_Dallas_Combined-Aircraft_Manuf_unsorted.xlsx	ok	1974c755ac62bb1559a6f56512931811
aircraft_analysis-2018-06__xlsx	sheets/done-011/xlsx/aircraft_analysis-2018-06.xlsx	ok	baa17aabeb1c9b2d34eee99767771343
2023-qhp-form-and-rate-combined-checklist-final__xlsx	sheets/done-011/xlsx/2023-qhp-form-and-rate-combined-checklist-final.xlsx	ok	c76978cb7a88d4dc3645dc6b967244a8
FY2023-AIP-grants__xlsx	sheets/done-011/xlsx/FY2023-AIP-grants.xlsx	ok	fc5aa9efa6975d6cccae7350fbeacc67
Application_for_authorisation_as_crowdfunding_service_provider__xlsx	sheets/done-011/xlsx/Application_for_authorisation_as_crowdfunding_service_provider.xlsx	ok	3a3675163174dd2b1013addc78290337
SIL_TDB605__xls	sheets/done-011/xls/SIL_TDB605.xls	ok	f4d8a1717843404c175a82b68f2318d9
atspp_pay_tables__xlsx	sheets/done-012/xlsx/atspp_pay_tables.xlsx	ok	54e48f58849af0ee253b2ba53591e70d
certification-type-certificates-docs-tcdns-databases-MAdB-Rotorcraft-14-28112013__xlsx	sheets/done-012/xlsx/certification-type-certificates-docs-tcdns-databases-MAdB-Rotorcraft-14-28112013.xlsx	ok	015ca3195daf3cd21a68207fd65cf632
2025_Active_Civil_Airmen_Statistics_FINAL__xlsx	sheets/done-012/xlsx/2025_Active_Civil_Airmen_Statistics_FINAL.xlsx	ok	5a835044ff5dc4b407195fe31a6dedbe
SIL_TDB609__xls	sheets/done-012/xls/SIL_TDB609.xls	ok	80941165288d2830ed7bbaa3e2a59a59
CSJU List of Recipients of funds 2013-2020__xlsx	sheets/done-012/xlsx/CSJU List of Recipients of funds 2013-2020.xlsx	ok	dfd124adb6454f341a9a56790040fc51
NPIAS_2007_App_A__xls	sheets/done-012/xls/NPIAS_2007_App_A.xls	ok	0107c8124c4b07c9af3dc4e04f063958
Copy of EASA-IFP-WEBLISTNOODATA-ListsofBASAapprovals(WEB)_ListofValidUSBASAorganisations_2023-01-13-04-33-14__xlsx	sheets/done-012/xlsx/Copy of EASA-IFP-WEBLISTNOODATA-ListsofBASAapprovals(WEB)_ListofValidUSBASAorganisations_2023-01-13-04-33-14.xlsx	ok	f891cafa95ee37214849295bba8cbc62
MinCh-Digital-Certificate-Publication-Report__xlsx	sheets/done-012/xlsx/MinCh-Digital-Certificate-Publication-Report.xlsx	ok	0b17c7485ca21b5a088b7f7a80f407eb
EASA-IFP-WEBLISTNOODATA-ListsofBASAapprovals_WEB__ListofValidBASAorganisations_2025-01-20-08-56-36__xlsx	sheets/done-012/xlsx/EASA-IFP-WEBLISTNOODATA-ListsofBASAapprovals_WEB__ListofValidBASAorganisations_2025-01-20-08-56-36.xlsx	ok	80830aeeb01494c1aaec915bfac99e6b
npias_2009_appA__xls	sheets/done-012/xls/npias_2009_appA.xls	ok	34810c0bd1f94d32eabbd504406c350a
fy20-may20-sep20__xlsx	sheets/done-013/xlsx/fy20-may20-sep20.xlsx	ok	3b0f7e2186da523644ab4fd40d2a5e58
ECA Sinters__xls	sheets/done-013/xls/ECA Sinters.xls	ok	64b391fe30d3889e60d988f19ab04907
aircraft_analysis_2016-04-27__xls	sheets/done-013/xls/aircraft_analysis_2016-04-27.xls	ok	cbbe3030e604b3eaab3ccfbc7fbfaa8d
FY2021-AIP-grants__xlsx	sheets/done-013/xlsx/FY2021-AIP-grants.xlsx	ok	a58b3666806c3e9f80e555ef30446f4d
afn-afn-20250801-fy25-jan25-mar25__xlsx	sheets/done-013/xlsx/afn-afn-20250801-fy25-jan25-mar25.xlsx	ok	58f4e65922b98dae598701710c649eae
fy2011-aip-grants__xls	sheets/done-013/xls/fy2011-aip-grants.xls	ok	cd50260a92e5a2b159bedb4fcb2c43bc
alle einzeln__xlsx	sheets/done-013/xlsx/alle einzeln.xlsx	ok	e7939a309bb97ced9a403685fa619bd2
18-02RD301_ILS_components_Master_9-13-18__xls	sheets/done-013/xls/18-02RD301_ILS_components_Master_9-13-18.xls	ok	9c3fb210582d67bc26c1d4eb6d13689c
fy2010-aip-grants__xls	sheets/done-013/xls/fy2010-aip-grants.xls	ok	d585f00fb915040b4e0c239821b8340c
capa-liste-nse-1__xls	sheets/done-013/xls/capa-liste-nse-1.xls	ok	c22ffd469fe8f3105792f49182b82960
Aircraft_Database__xlsx	sheets/done-014/xlsx/Aircraft_Database.xlsx	ok	617b8ce277bfdbbd454d4533d9fe6646
TICAPCapability_Final__xls	sheets/done-014/xls/TICAPCapability_Final.xls	ok	85d14c085aea29c06a04326d8b63aa2e
fm-provider-service-measures__xlsx	sheets/done-014/xlsx/fm-provider-service-measures.xlsx	ok	7258dfd29ebee51e66c6962f487f3d5b
NPIAS_App_A__xls	sheets/done-014/xls/NPIAS_App_A.xls	ok	20138374f3ed81d811330c1d73f862e6
UASEventsNov2014-Aug2015__xls	sheets/done-014/xls/UASEventsNov2014-Aug2015.xls	ok	531eede026704055b22d6492a917ea8f
seihon_zassi_kikou_20221215__xlsx	sheets/done-014/xlsx/seihon_zassi_kikou_20221215.xlsx	ok	a86b8e3f47dbb47987647e1afe52b7c1
MajCh-Digital-Certificate-Publication-Report__xlsx	sheets/done-014/xlsx/MajCh-Digital-Certificate-Publication-Report.xlsx	ok	49ea45a1c427cfe9cc2b19c433020edb
edb-emissions-databank v27-NewFormat (web)__xlsx	sheets/done-014/xlsx/edb-emissions-databank v27-NewFormat (web).xlsx	ok	a115e65f668fb74b61bd348ca3a8961a
6880ac7361ca1b99a9230811_ST Capability List Rev.16 - Web__xlsx	sheets/done-014/xlsx/6880ac7361ca1b99a9230811_ST Capability List Rev.16 - Web.xlsx	ok	4935fed8c4a1652da8988f6ce2a8e098
7-memento-2015-transports-aeriens-b__xls	sheets/done-014/xls/7-memento-2015-transports-aeriens-b.xls	ok	022a88f572d6ac4b2b7d85b590b47f46
flightstandards-doc-Cross-reference-table_version02__xlsx	sheets/done-015/xlsx/flightstandards-doc-Cross-reference-table_version02.xlsx	ok	8990524d1d6a6a575b9aa875374a5607
PA_Delaware__xls	sheets/done-015/xls/PA_Delaware.xls	ok	9c6a986a63af690d8d27f47c8ed739b1
underlying-holdings-emea-en_gb-monthly-holdings-state-street-emu-esg-screened-index-equity-fund__xls	sheets/done-015/xls/underlying-holdings-emea-en_gb-monthly-holdings-state-street-emu-esg-screened-index-equity-fund.xls	ok	1f2cc83af44b03c98bc7a4878d6f7e90
activespecs__xls	sheets/done-015/xls/activespecs.xls	ok	2e323177ddef48ed682e20c44c473fdf
Global_Market_Forecast_2016-2035_Airbus_Data_Set__xlsx	sheets/done-015/xlsx/Global_Market_Forecast_2016-2035_Airbus_Data_Set.xlsx	ok	fab1bbab63ab6a818f9e6dd9b08fa8ce
laufende-nip-vorhaben-hyland__xls	sheets/done-015/xls/laufende-nip-vorhaben-hyland.xls	ok	bdf9759e4c7d6429900b616b24f84a5a
tk-syllabus-comparison-document-v5__xlsx	sheets/done-015/xlsx/tk-syllabus-comparison-document-v5.xlsx	ok	dd1a105dc1340242314906f39dbc6026
certification-type-certificates-docs-tcdns-databases-MAdB-Light-Prop-14-28112013__xlsx	sheets/done-015/xlsx/certification-type-certificates-docs-tcdns-databases-MAdB-Light-Prop-14-28112013.xlsx	ok	a95c2ed6d8b4f03de5dfd73bf15ad357
AIM_OPR_LIST__xls	sheets/done-015/xls/AIM_OPR_LIST.xls	ok	28631759e72b894c379915d5e7dbf6af
EASA_PRODUCT_LIST_-_ALL__xlsx	sheets/done-015/xlsx/EASA_PRODUCT_LIST_-_ALL.xlsx	ok	9f11e7e5ea84d4aca2b33a565b480cbe
TK-Syllabus-Comparison-Document-v2__xlsx	sheets/done-016/xlsx/TK-Syllabus-Comparison-Document-v2.xlsx	ok	1f63ac9911461bbfe34e4a06ad95656b
environment-edb-docs-edb-emissions-databank__xls	sheets/done-016/xls/environment-edb-docs-edb-emissions-databank.xls	ok	9e9d757c2ede9a8e5936a142bb296fc5
RCO_VOR_Master_List_082824__xlsx	sheets/done-016/xlsx/RCO_VOR_Master_List_082824.xlsx	ok	af01b066438583292edc159799f90a0d
Laser Report 2024 FOIA __Oct (1)__xlsx	sheets/done-016/xlsx/Laser Report 2024 FOIA __Oct (1).xlsx	ok	d1448b22f7a11813d8b9ee35c9555532
STC_WebList__xlsx	sheets/done-016/xlsx/STC_WebList.xlsx	ok	960fa6ef25dfc5a6205741c617e7be9a
EASA-IFP-147Scope_WEB__ALL_Valid147SoA_2024-11-28-11-16-31__xlsx	sheets/done-016/xlsx/EASA-IFP-147Scope_WEB__ALL_Valid147SoA_2024-11-28-11-16-31.xlsx	ok	d43448f83101799080ed99d67b1173ed
FY2018_Q4_UAS_Sightings__xlsx	sheets/extra-001/xlsx/FY2018_Q4_UAS_Sightings.xlsx	ok	76e96d67685f8c11be0fb66fe6420944
ans_mappings_of_eccairs_terms__xlsx	sheets/metrics-001/xlsx/ans_mappings_of_eccairs_terms.xlsx	ok	4630184ece46059ff5803e3713799776
orbus_togaf_tool_csq__xls	sheets/missing-001/xls/orbus_togaf_tool_csq.xls	ok	6cf4b64fa6cde482291ced626365d789
sectors-defense-and-aerospace__xlsx	sheets/pagination-001/xlsx/sectors-defense-and-aerospace.xlsx	ok	6985191185e192b1ca78b2120737e623
grants-2005__xls	sheets/pagination-001/xls/grants-2005.xls	ok	caf5d8c5b7c43313b41411236197a274
SIL_TDB648__xlsx	sheets/pagination-001/xlsx/SIL_TDB648.xlsx	ok	c9ba7f89fcd969a489e7499a1e53df59
CIS_Debian_Linux_8_Benchmark_v1.0.0__xls	sheets/pagination-001/xls/CIS_Debian_Linux_8_Benchmark_v1.0.0.xls	ok	0aae2219c8ae2812ae682431bbf24f20
ODs-February-2022-Airbus-Commercial-Aircraft__xlsx	sheets/pagination-001/xlsx/ODs-February-2022-Airbus-Commercial-Aircraft.xlsx	ok	3b92b715b6c1fe1a524adda5b03381fd
FAA-2019-0995-0002_attachment_2__xlsx	sheets/table-001/xlsx/FAA-2019-0995-0002_attachment_2.xlsx	ok	f7dc9e2d1602ca2edb41f86c06a69b64
fse_identification_form__xlsx	sheets/unstable-001/xlsx/fse_identification_form.xlsx	ok	f4a0a850e35a868299900e6adbe3ec88
solog_orientation_august_2019__pptx	slides/ceiling-001/pptx/solog_orientation_august_2019.pptx	ok	fae45292657a27172d388430a428cfd9
architecture6__ppt	slides/ceiling-001/ppt/architecture6.ppt	ok	866d7ee8416ff8daafe58620b7c91df1
Fundamentals_Module_1_basics__ppt	slides/ceiling-001/ppt/Fundamentals_Module_1_basics.ppt	ok	05729b904ee0ce6715560bf4b7484084
W3_Case_Study_of_a_Tsunami_Warning_Simulation_Exercise_Ed__ppt	slides/ceiling-001/ppt/W3_Case_Study_of_a_Tsunami_Warning_Simulation_Exercise_Ed.ppt	ok	9d686270e1ac83c2c8f43f12acbfc8e7
OnTrac_StarCertificationProgram-3Day__pptx	slides/ceiling-001/pptx/OnTrac_StarCertificationProgram-3Day.pptx	ok	0c5c690148b178633cf41bb8c7d2fcf6
Sylva%20introduction%20session__pptx	slides/ceiling-001/pptx/Sylva%20introduction%20session.pptx	ok	3ed6bf4c024756f7733ab23bd8e9e2a0
7-Zulkefli_Part147n66_IKMAS__pptx	slides/ceiling-001/pptx/7-Zulkefli_Part147n66_IKMAS.pptx	ok	1f2200baa90406c8ea65000d49285e18
RRM-training-syllabus-Chapter-3-Teamwork-TC-Towing-Incident-Analysis-Dec-2009__ppt	slides/ceiling-001/ppt/RRM-training-syllabus-Chapter-3-Teamwork-TC-Towing-Incident-Analysis-Dec-2009.ppt	ok	343e0aae1be083130cb3f07d2085249e
Thailand17__ppt	slides/ceiling-001/ppt/Thailand17.ppt	ok	19ee3efdef68341c2847d1888b210991
N2_E_Maestroni_Swarm_COP__pptx	slides/ceiling-001/pptx/N2_E_Maestroni_Swarm_COP.pptx	ok	3d78571728e19cc015082468de840798
WiGr_2021W_1_Angebot-Nachfrage-Elastizität-211017-171222__pptx	slides/ceiling-002/pptx/WiGr_2021W_1_Angebot-Nachfrage-Elastizität-211017-171222.pptx	ok	53ac068d6ed57f524bedd5c62a8ba0d9
pres_ioc_phuket__ppt	slides/ceiling-002/ppt/pres_ioc_phuket.ppt	ok	180ab3a878a8cf7b6d8bb2f3b9a85c65
16 - UTM - (NASA)__pptx	slides/ceiling-002/pptx/16 - UTM - (NASA).pptx	ok	17aab8eef62110a14ce04abc73d6440c
Demick_JetBlue__pptx	slides/ceiling-002/pptx/Demick_JetBlue.pptx	ok	9ce37798b67235cae7c00cc933cb6a28
8_P-Pavese_AIRBUS-ATB-journee-CRATB__pptx	slides/ceiling-002/pptx/8_P-Pavese_AIRBUS-ATB-journee-CRATB.pptx	ok	bb7b929a8c9e2ff16d2fe3d149a8814d
southern-classic-kennesaw-state-university-final__pptx	slides/chart-001/pptx/southern-classic-kennesaw-state-university-final.pptx	ok	6c4d1b3faf70592d633e7058c482a636
fishbone-diagram-template-ppt-1__pptx	slides/done-001/pptx/fishbone-diagram-template-ppt-1.pptx	ok	d8bc8ee49343d80c119d1b3e19593c3c
Trust Fund Excise Taxes Structure__pptx	slides/done-001/pptx/Trust Fund Excise Taxes Structure.pptx	ok	b81d2b8765717a57e987670848acf16a
Definitions commodity chains__pptx	slides/done-001/pptx/Definitions commodity chains.pptx	ok	e8ca24fc45957ad0c069fc1c65e4d0fd
BMFE-06-03 (Gerflor) Smoke Density and Toxicity__pptx	slides/done-001/pptx/BMFE-06-03 (Gerflor) Smoke Density and Toxicity.pptx	ok	3e5f2d984b2767638104f07533befa48
wells08_basic__ppt	slides/done-001/ppt/wells08_basic.ppt	ok	17d80b3bb670369cd2a5e053d9164e27
Statement of Work presentation__pptx	slides/done-001/pptx/Statement of Work presentation.pptx	ok	041618d82566f49a04f00d74ddab251d
WC_Update-Aug03__ppt	slides/done-001/ppt/WC_Update-Aug03.ppt	ok	e077b6875c9aa171fa8d10fa50dbab1b
111006 COMSTAC STOWG Aero spaceports IFG__pptx	slides/done-001/pptx/111006 COMSTAC STOWG Aero spaceports IFG.pptx	ok	cab2c1a02cadea9273c90c2e35db091b
policy-pesentation__ppt	slides/done-001/ppt/policy-pesentation.ppt	ok	5e00c1af3963573bb8f1600890686ec4
iaeg_work_group_leader_updates__pptx	slides/done-001/pptx/iaeg_work_group_leader_updates.pptx	ok	d2b5b4c351fe1777a669e3936aaf8f0c
Curriculum-Schematic-E22-11052025__pptx	slides/done-002/pptx/Curriculum-Schematic-E22-11052025.pptx	ok	c7a8dde6f058f4d958b9561847c26a81
ws_prod-g-doc-Events-2007-may-presentation-PtF-background-+-principles__ppt	slides/done-002/ppt/ws_prod-g-doc-Events-2007-may-presentation-PtF-background-+-principles.ppt	ok	bc6965157e06c4c2022d78e97eda0301
diapo_6_fees_vous_etes_poctdoct_exterieur_a_luniv_v2_0_1__pptx	slides/done-002/pptx/diapo_6_fees_vous_etes_poctdoct_exterieur_a_luniv_v2_0_1.pptx	ok	1df8ffc1b61c95be46a8a5a4ba8618b5
ws_prod-g-doc-Events-2007-Approval-of-Flight-Conditions-RM-NAA-16032007__ppt	slides/done-002/ppt/ws_prod-g-doc-Events-2007-Approval-of-Flight-Conditions-RM-NAA-16032007.ppt	ok	5fede256fd578b4b282849463a3b970d
gfopportunitiesforlinkagespres_2010_en__ppt	slides/done-002/ppt/gfopportunitiesforlinkagespres_2010_en.ppt	ok	e810db4ac98c6353088f001fb16c9b62
ws_prod-g-doc-Events-2007-november-IACA-presentation-at-EASA-Fuel-Tank-Safety-Training-Seminar__ppt	slides/done-002/ppt/ws_prod-g-doc-Events-2007-november-IACA-presentation-at-EASA-Fuel-Tank-Safety-Training-Seminar.ppt	ok	5c4832aba99bd878c72f7252002cc86a
medicines_bulletin_february_2023_final__pptx	slides/done-002/pptx/medicines_bulletin_february_2023_final.pptx	ok	b99a4f330aab27160e681aa25313a02e
ws_prod-g-doc-Events-Part-M-presentation__ppt	slides/done-002/ppt/ws_prod-g-doc-Events-Part-M-presentation.ppt	ok	f698d77b3ebf85be1de905e04fade4d2
080214-Intl-pol-frameworks-and-their-implications-for-Africa-ISS-workshop__ppt	slides/done-002/ppt/080214-Intl-pol-frameworks-and-their-implications-for-Africa-ISS-workshop.ppt	ok	386f0f88f243ba9485b119447f4949da
dhs-293364__pptx	slides/done-002/pptx/dhs-293364.pptx	ok	33bcc15a54ac23658f4a02e6ba80561f
ev122_jj-liew-tort-of-bribery-webinar__pptx	slides/done-003/pptx/ev122_jj-liew-tort-of-bribery-webinar.pptx	ok	6a5215b874cd0c80e0e23efd0c262a22
97936__pptx	slides/done-003/pptx/97936.pptx	ok	b09ecd5be8c2af3e108910579b49ba70
02_REDAC_New ATM briefing _March 2017v2__pptx	slides/done-003/pptx/02_REDAC_New ATM briefing _March 2017v2.pptx	ok	2915e3ecda0e23ce17028257f99d17fa
outlook_of_nigerian_pension_sector__ppt	slides/done-003/ppt/outlook_of_nigerian_pension_sector.ppt	ok	0e3a310947127ec49d5c6073d18451ed
ws_prod-g-doc-Events-2007-september-MDM.032-(ENGLISH)-CZ__ppt	slides/done-003/ppt/ws_prod-g-doc-Events-2007-september-MDM.032-(ENGLISH)-CZ.ppt	ok	a783bcaad1a7ca8a168a1824ff847fb4
Inducement-to-Insurance-Business__ppt	slides/done-003/ppt/Inducement-to-Insurance-Business.ppt	ok	7bb1bedd0b66efd7943aaf01d74673e4
010605Vul__ppt	slides/done-003/ppt/010605Vul.ppt	ok	68c0429c758aeca3d7574349bb99673e
NCW-2024-Guide-__pptx	slides/done-003/pptx/NCW-2024-Guide-.pptx	ok	6d117669318f2b6eed6bd8e2ad935d2a
ws_prod-g-doc-Events-2007-Privileges__ppt	slides/done-003/ppt/ws_prod-g-doc-Events-2007-Privileges.ppt	ok	d52fef92a459f1cb8a24528619e84510
ws_prod-g-doc-Events-2007-september-M.017-(French)-France__ppt	slides/done-003/ppt/ws_prod-g-doc-Events-2007-september-M.017-(French)-France.ppt	ok	6cdb47b841aa2b474d56f2a5fab4cc95
DOE Interactive Exercise Presentation draft rev 2__pptx	slides/done-004/pptx/DOE Interactive Exercise Presentation draft rev 2.pptx	ok	89924cf741a2cb7a15598ed8a44ab3ed
Session 21- The option to expand & abandon__pptx	slides/done-004/pptx/Session 21- The option to expand & abandon.pptx	ok	05c52624e469c8324fbf6889258dd5c9
undp_presentation_revised_17_may__ppt	slides/done-004/ppt/undp_presentation_revised_17_may.ppt	ok	dd67c6d521c4b468177097bf2e8aa73f
Item 6b - UNSD - Dissemination through APIs__pptx	slides/done-004/pptx/Item 6b - UNSD - Dissemination through APIs.pptx	ok	21b423f9e2172c632d522c4cf1ecb6c1
redac-fullComm-201705-EE-FRs-briefing__pptx	slides/done-004/pptx/redac-fullComm-201705-EE-FRs-briefing.pptx	ok	5b06f735f75ff1515aab103cd1e89bae
ghgp-supply-chain-initiative_20100323_wri__pptx	slides/done-004/pptx/ghgp-supply-chain-initiative_20100323_wri.pptx	ok	453cb8def9e404231d6bdb24011d15a7
ws_prod-g-doc-Events-industrymeeting18112004-European-Safety-Strategy-Initiative__ppt	slides/done-004/ppt/ws_prod-g-doc-Events-industrymeeting18112004-European-Safety-Strategy-Initiative.ppt	ok	f4124feec6c64eff91717a3ea4e25c01
Liturgical-Commission-2025-Convention-Presentation__pptx	slides/done-004/pptx/Liturgical-Commission-2025-Convention-Presentation.pptx	ok	25919fe1c8c5ce14444aeb0b9de948ba
attendance-updates-for-governors__pptx	slides/done-004/pptx/attendance-updates-for-governors.pptx	ok	dfce7615c503ad317683b1bd50d7655a
0335fab9-79f0-4944-b92c-f223837ca2d8__ppt	slides/done-004/ppt/0335fab9-79f0-4944-b92c-f223837ca2d8.ppt	ok	1a2344da8bee16248ddce836b726c9df
c_291533__pptx	slides/done-005/pptx/c_291533.pptx	ok	16a8c8367d66bf6a1ea328db37feea61
5b_upasana_dasgupta_-_liability_and_registration__pptx	slides/done-005/pptx/5b_upasana_dasgupta_-_liability_and_registration.pptx	ok	71de898378b7329fe1da19a3ea330c9d
ANG C-1 ATC-TO Core Program - HF REDAC briefing September 7 2016__pptx	slides/done-005/pptx/ANG C-1 ATC-TO Core Program - HF REDAC briefing September 7 2016.pptx	ok	1daa72bb8a722604a7241a587924fc38
ws_prod-g-doc-Events-industrymeeting18112004-Aercap__ppt	slides/done-005/ppt/ws_prod-g-doc-Events-industrymeeting18112004-Aercap.ppt	ok	3d97e98675ef84e2e97884be8b0b3786
manufacturing_process_simulation_working_group_overview_2023__pptx	slides/done-005/pptx/manufacturing_process_simulation_working_group_overview_2023.pptx	ok	6dd3aba2f64391c093b2fe688e63004c
NAS-Infrastructure-Roadmaps-Weather__pptx	slides/done-005/pptx/NAS-Infrastructure-Roadmaps-Weather.pptx	ok	397302276264df88d79fc49266b19512
berlin__ppt	slides/done-005/ppt/berlin.ppt	ok	5486743c13e9f72ec6ef0bc1e948f1fa
ITE106-Chapter 4__ppt	slides/done-005/ppt/ITE106-Chapter 4.ppt	ok	6a54bdf0553d7f4cae899069e76cb2ac
pods05__ppt	slides/done-005/ppt/pods05.ppt	ok	50600084afed4546bdf6a78be70662e0
NAS-Infrastructure-Roadmaps-HSI__pptx	slides/done-005/pptx/NAS-Infrastructure-Roadmaps-HSI.pptx	ok	38c62a9591e5ef500a556fd524450f3d
wopanets-innovationdays-06-16__pptx	slides/done-006/pptx/wopanets-innovationdays-06-16.pptx	ok	2a50f6f33835f979e1cb7e5c3f2e7d66
social-media-app-bulletin-january__pptx	slides/done-006/pptx/social-media-app-bulletin-january.pptx	ok	d9810a9aebc107a05ce301aeca9862ec
ws_prod-g-doc-Events-r-6.-ESM__ppt	slides/done-006/ppt/ws_prod-g-doc-Events-r-6.-ESM.ppt	ok	53bdc729ddf7057e75a33c7f722ad4e9
Course Selection 2025-26 Current Grade 09__pptx	slides/done-006/pptx/Course Selection 2025-26 Current Grade 09.pptx	ok	81fd071969cb8e6b84af6bdb6fa98bd3
Stakeholders-v08052017 - v5__pptx	slides/done-006/pptx/Stakeholders-v08052017 - v5.pptx	ok	ff0bc137723eba2abd2d034de39e81bd
Lepore__ppt	slides/done-006/ppt/Lepore.ppt	ok	356f9f037fa03ace690f7612fe147643
iris07.12.12__pptx	slides/done-006/pptx/iris07.12.12.pptx	ok	75abd6f7a3aa0c75df636f465d0daa45
nabiyeleul_1_aviation_service_28_july_2020__pptx	slides/done-006/pptx/nabiyeleul_1_aviation_service_28_july_2020.pptx	ok	5d3686dc90c8189edbb7f23ad51b7f19
REDAC HF briefing Sep 2016_LARD_ATC_TO_FE_v2__pptx	slides/done-006/pptx/REDAC HF briefing Sep 2016_LARD_ATC_TO_FE_v2.pptx	ok	391fbd62238f9f517ac5de29b7f07bee
Ensemble-pour-l-amelioration-de-la-securite-de-lac-AIRBUS__pptx	slides/done-006/pptx/Ensemble-pour-l-amelioration-de-la-securite-de-lac-AIRBUS.pptx	ok	79cfc4e51756c8071dafaedf478505ec
introduction_to_bea_tuxedo__ppt	slides/done-007/ppt/introduction_to_bea_tuxedo.ppt	ok	9871ad4f3ef9efc829ae91e270c04cf0
PAL Block Intro 2023__pptx	slides/done-007/pptx/PAL Block Intro 2023.pptx	ok	6529d43cc9f01c6c96724cd766e552d8
flying-by-numbers-presentation__pptx	slides/done-007/pptx/flying-by-numbers-presentation.pptx	ok	f7a4e45ccca2b774a786b2fcfc2da047
Boeing 737 Max - Group 5__pptx	slides/done-007/pptx/Boeing 737 Max - Group 5.pptx	ok	e4e7c7cf4e59e5bddadaadcf3b1d9382
bitesize-writing-a-report__pptx	slides/done-007/pptx/bitesize-writing-a-report.pptx	ok	83a7cb2090e7dcd1dc27b605ddd63028
1-secretariat__ppt	slides/done-007/ppt/1-secretariat.ppt	ok	59e28911d8e7f673968bddde4762c588
10. Drawings, circuit diagrams and schematics__pptx	slides/done-007/pptx/10. Drawings, circuit diagrams and schematics.pptx	ok	a3e5b4882b77583d15f3e0ea30da9da2
BHCA Part II webinar #2 - 10.2020__pptx	slides/done-007/pptx/BHCA Part II webinar #2 - 10.2020.pptx	ok	e3c452412134c4c314d701cc6533963b
joint_user_outcomes_michael_fullerton_29.06.12__ppt	slides/done-007/ppt/joint_user_outcomes_michael_fullerton_29.06.12.ppt	ok	e9358f7f754031c507f81d4d38ce86ca
71393_pp7__ppt	slides/done-007/ppt/71393_pp7.ppt	ok	43473fda8ed4573aecff48b889a944fc
FIT26-Presentation-Airservices-Update__pptx	slides/done-008/pptx/FIT26-Presentation-Airservices-Update.pptx	ok	6a07f20a9101cee390a3889ef8c74da0
RESPA_-_Section_8_Webinar__ppt	slides/done-008/ppt/RESPA_-_Section_8_Webinar.ppt	ok	14aced3f807e664940c504af73cc7b67
AATF-Fact-Sheet-2025__pptx	slides/done-008/pptx/AATF-Fact-Sheet-2025.pptx	ok	5113107b9260b50518fdc126749c456e
Framing Europe__ppt	slides/done-008/ppt/Framing Europe.ppt	ok	6aea15b6310f2abe5c3de29017af48d3
concepts-surrounding-cloud-computing-carolyn-kranz-and-rich-prem-gb-seattle-2011__ppt	slides/done-008/ppt/concepts-surrounding-cloud-computing-carolyn-kranz-and-rich-prem-gb-seattle-2011.ppt	ok	4c762b15f45c0b3b5237cc78eba4c543
8.16_AOD_FINAL_Provider_Training_Presentation_9_2009__ppt	slides/done-008/ppt/8.16_AOD_FINAL_Provider_Training_Presentation_9_2009.ppt	ok	45b07f7d38fcd94cebd5b0f22b2465e8
item_3-environmental_process_briefing__pptx	slides/done-008/pptx/item_3-environmental_process_briefing.pptx	ok	45310f225c5351da609ca24015bf39bb
EG1_dsrc tech__ppt	slides/done-008/ppt/EG1_dsrc tech.ppt	ok	ddb5137bcd15ce737a27794b2c5cee43
G-InvoicingKeithJarboe__pptx	slides/done-008/pptx/G-InvoicingKeithJarboe.pptx	ok	470dc21c3e0381a462953ed4ccfc7c81
ROK-PI Climate Bulletin - Edition 2017-06__pptx	slides/done-008/pptx/ROK-PI Climate Bulletin - Edition 2017-06.pptx	ok	347938c819786cd6142a430c0523a0e3
redac-sas-201403-ppt-portfolio-rev-sim__pptx	slides/done-009/pptx/redac-sas-201403-ppt-portfolio-rev-sim.pptx	ok	aff78880878e09d1aebc7cda6a8aacae
Employment-Based_I-485__ppt	slides/done-009/ppt/Employment-Based_I-485.ppt	ok	0f5bd4974d399fba5c828a1a48afb14c
Airport Planning 09112013__ppt	slides/done-009/ppt/Airport Planning 09112013.ppt	ok	682cc73b8a017f5fff131a18939c28db
airbus-powerpoint-presentation-2019-20-without-video_diy_2019-20__pptx	slides/done-009/pptx/airbus-powerpoint-presentation-2019-20-without-video_diy_2019-20.pptx	ok	9d45051387fc9381a9e08a4fb07c258d
30-04-2021 merged NDoH and NICD_Presentation HBV BD meeting 05May2021_1__pptx	slides/done-009/pptx/30-04-2021 merged NDoH and NICD_Presentation HBV BD meeting 05May2021_1.pptx	ok	ed15ce1da1c9d755bb744014e2d394f1
FIT26-Presentation-PR-Briefing-Debrief-Airbus__pptx	slides/done-009/pptx/FIT26-Presentation-PR-Briefing-Debrief-Airbus.pptx	ok	4eb758a367c6a5cf0ff37d26edc5c95f
HENTZEN_COMPOSITE_MATERIALS_IN_THE_AEROSPACE_INDUSTRY__pptx	slides/done-009/pptx/HENTZEN_COMPOSITE_MATERIALS_IN_THE_AEROSPACE_INDUSTRY.pptx	ok	d770cd688ea24551936a5b96f20c105f
[Christophe]NLP_reseau_inge_stat__pptx	slides/done-009/pptx/[Christophe]NLP_reseau_inge_stat.pptx	ok	980a4fe5d0fe1c1553031d47eaf9d550
COMSTAC_11_5_2021am_2__pptx	slides/done-009/pptx/COMSTAC_11_5_2021am_2.pptx	ok	501f24760641d0958124dcf0cc7102e2
iep-amount-frequency-for-webinar__ppt	slides/done-009/ppt/iep-amount-frequency-for-webinar.ppt	ok	3764ad1211241f59d8290f1e730cd81a
Tax factsheet 2022 (1)__pptx	slides/done-010/pptx/Tax factsheet 2022 (1).pptx	ok	4bae003424ac9935e9d3d720ad30bff5
section_1_our_rights_presentation__pptx	slides/done-010/pptx/section_1_our_rights_presentation.pptx	ok	f1dc7107cbb04d8b1f87878284ca2d05
Copy of Full deck with references Promotion of Outside Interests at Work final(1)__pptx	slides/done-010/pptx/Copy of Full deck with references Promotion of Outside Interests at Work final(1).pptx	ok	74006ed91ab644c49aecd75c9642716e
John_Broggio__RSS_Campion_event_John_Broggio__pptx	slides/done-010/pptx/John_Broggio__RSS_Campion_event_John_Broggio.pptx	ok	918c12cfdf5823ffa0f0cb9604eef066
REDAC Briefing_SSIT_CARA_08132014.ppt__pptx	slides/done-010/pptx/REDAC Briefing_SSIT_CARA_08132014.ppt.pptx	ok	4bd26670e02671ebf1bc277451514128
DoIRD Meeting 16JAN14 v1-1__pptx	slides/done-010/pptx/DoIRD Meeting 16JAN14 v1-1.pptx	ok	eb676b833b65d44b956c34906f887a25
BUS-Chapter 05__ppt	slides/done-010/ppt/BUS-Chapter 05.ppt	ok	c07bda43f1c537cab56d2ae3b9c1d253
BasicMed_AME_Presentation__pptx	slides/done-010/pptx/BasicMed_AME_Presentation.pptx	ok	d4aa873c52882b04efb30a04d3ba01a2
Sector_Skills_Insights_Advanced_Manufacturing_summary_slide_pack__pptx	slides/done-010/pptx/Sector_Skills_Insights_Advanced_Manufacturing_summary_slide_pack.pptx	ok	05ec95d40b4e4aeda6e7889781181ee9
passiv__pptx	slides/done-010/pptx/passiv.pptx	ok	4cfcb8e294a04306e226430ceeeca0cf
171128IPAP__pptx	slides/done-011/pptx/171128IPAP.pptx	ok	d4cca52f471bfb738c6bc69cd97828e2
3495__pptx	slides/done-011/pptx/3495.pptx	ok	db931f5e22db6d848e1d0c871a760ffb
order-of-worship-ppt-revised-2018__pptx	slides/done-011/pptx/order-of-worship-ppt-revised-2018.pptx	ok	41a6e9a1ec8d96c29f5179884a90f2d1
NAS-Infrastructure-Roadmaps-v16.0__pptx	slides/done-011/pptx/NAS-Infrastructure-Roadmaps-v16.0.pptx	ok	c474730e7bfd083b81dfe5853bd926f9
Session-1-Presentation-Reporting-Forms-Form-12-final__pptx	slides/done-011/pptx/Session-1-Presentation-Reporting-Forms-Form-12-final.pptx	ok	f623c7e4b8040c822a29a2670c0ea911
_1___Opatrny_Ales_United_Kingdom_business_opportunities_final__pptx	slides/done-011/pptx/_1___Opatrny_Ales_United_Kingdom_business_opportunities_final.pptx	ok	f3490e26d3ba55ea397b2c55b107d357
23-session-2-pptx__pptx	slides/done-011/pptx/23-session-2-pptx.pptx	ok	773e5feb15b9fab86296444589c9df7c
1_Country-Updates_DRC_English__pptx	slides/done-011/pptx/1_Country-Updates_DRC_English.pptx	ok	543e6a7075f446b56df41a4f583191b9
B2B-Center-Readiness-and-Student-Retention__pptx	slides/done-011/pptx/B2B-Center-Readiness-and-Student-Retention.pptx	ok	e4a6f0f29d19da361158b33c8a28989f
3492__pptx	slides/done-011/pptx/3492.pptx	ok	6e73e2878fac9faa51e83e97860b88a4
vv_summit_SAIC-PRESENTATION_FAA-V&V-Summit_508c__pptx	slides/done-012/pptx/vv_summit_SAIC-PRESENTATION_FAA-V&V-Summit_508c.pptx	ok	b633d09792b96cfc64d2c1ed94b6e72d
vvsummit2022-SAIC-PRESENTATION__pptx	slides/done-012/pptx/vvsummit2022-SAIC-PRESENTATION.pptx	ok	061eb2694c18650d9351386390b9092a
SRDMG(16)024_60 GHz onboard airplanes__pptx	slides/done-012/pptx/SRDMG(16)024_60 GHz onboard airplanes.pptx	ok	a0693d376c0fc67b39bc6c5a02b95403
REDAC briefing March12-13-2014jemvbFINAL.ppt__pptx	slides/done-012/pptx/REDAC briefing March12-13-2014jemvbFINAL.ppt.pptx	ok	4f51e2ae4287322ad7174c5fdb082f8c
County ACHS Presentaion Webinar 8-16-16 Peg__pptx	slides/done-012/pptx/County ACHS Presentaion Webinar 8-16-16 Peg.pptx	ok	8aa6b4cb05eabdc7588d4b2e285eccbe
gillikin_online_user_mtg_2010__ppt	slides/done-012/ppt/gillikin_online_user_mtg_2010.ppt	ok	9be4a7f7e27c031b1d00fa2a2c812bdc
JesuitAssocOfStudentPersonnel__ppt	slides/done-012/ppt/JesuitAssocOfStudentPersonnel.ppt	ok	0c86d9da61d72f27165a5a444d210796
Intersil_Italy_CAN_Bus_Transceiver_Presentation_Final__pptx	slides/done-012/pptx/Intersil_Italy_CAN_Bus_Transceiver_Presentation_Final.pptx	ok	16bd9c3044ad168ca9d45ce03289e678
429_BLISc 2019 IInd Sem.  PAPER-7 UNIT 3__pptx	slides/done-012/pptx/429_BLISc 2019 IInd Sem.  PAPER-7 UNIT 3.pptx	ok	4360321b2f1b885fe83b7bb7cd45f5cc
Sean Monogue__pptx	slides/done-012/pptx/Sean Monogue.pptx	ok	7a57900166e799dc2de08cce8f1fdaf9
ws_prod-g-doc-Events-2008-February-5-NATO-activities__ppt	slides/done-013/ppt/ws_prod-g-doc-Events-2008-February-5-NATO-activities.ppt	ok	1cda3565c716d5a86e3d4150dbdda26e
2014BSA_Sunday_Killion__pptx	slides/done-013/pptx/2014BSA_Sunday_Killion.pptx	ok	f4ac5d1347edaedd2c215eeb255758a0
Structural Testing__pptx	slides/done-013/pptx/Structural Testing.pptx	ok	64e54cf4c8d821552bc3fa55acf4bda1
chapter_4_0__pptx	slides/done-013/pptx/chapter_4_0.pptx	ok	7ddff9acd5a90603d7f75b4f2d74436b
hofman__ppt	slides/done-013/ppt/hofman.ppt	ok	fef9ef65f8e8bd6940281e390dcaa646
PRM_training__pptx	slides/done-013/pptx/PRM_training.pptx	ok	a895caa25bce7b5625f59751d1468e66
2015-Civil-Rights-Website-training__ppt	slides/done-013/ppt/2015-Civil-Rights-Website-training.ppt	ok	89317884d75961e51e31fdc3329d7421
FAA_Form_337__ppt	slides/done-013/ppt/FAA_Form_337.ppt	ok	b28e6ac6194ec873ad362ff9b16480bf
redac-sas-201703-hf-research-division__pptx	slides/done-013/pptx/redac-sas-201703-hf-research-division.pptx	ok	f3a453e853d5f8c9112b25b57bf2adaf
schematicplaymar21__pptx	slides/done-013/pptx/schematicplaymar21.pptx	ok	5ebdd025db6d7128c113eef5f773fc2d
schematicplay__pptx	slides/done-014/pptx/schematicplay.pptx	ok	d536ec189228591e8d174e9c5089f33d
Aerospace_Journey_of_Flight_Chapter_BCB1637572DA6__ppt	slides/done-014/ppt/Aerospace_Journey_of_Flight_Chapter_BCB1637572DA6.ppt	ok	e23b003c2292628f55d3c2d0a4ab9ce8
redac-sas-201509-asisp-research__pptx	slides/done-014/pptx/redac-sas-201509-asisp-research.pptx	ok	e1968752d204942b550e661157bb0854
Snowbirds_High_Show__pptx	slides/done-014/pptx/Snowbirds_High_Show.pptx	ok	a518b9f37cfc8e3ab7a297ff23073ee6
Reporting_responsibilities_matrix__pptx	slides/done-014/pptx/Reporting_responsibilities_matrix.pptx	ok	1a96be7412a2ba66b20ed3b8d4fc6a66
vvsummit2022-Research-Roadmap-and-the-UML-3-Operational-Integration-Assessment__pptx	slides/done-014/pptx/vvsummit2022-Research-Roadmap-and-the-UML-3-Operational-Integration-Assessment.pptx	ok	003fe6e2f0fac542bd994b357d90600e
Presentation - Identify Components of the Airport (1)__pptx	slides/done-014/pptx/Presentation - Identify Components of the Airport (1).pptx	ok	117a6b9d0675adff272686b582bbfa24
Technical_Report_Elements[1]__pptx	slides/done-014/pptx/Technical_Report_Elements[1].pptx	ok	1bbfbfa51f63450e62696dbfbe2e429b
servicedesk-plus-overviewfinal__pptx	slides/done-014/pptx/servicedesk-plus-overviewfinal.pptx	ok	9ca373bcc0004802222a7701ac146f23
redac-nasops-201503-RIRP-portfolio-update__pptx	slides/done-014/pptx/redac-nasops-201503-RIRP-portfolio-update.pptx	ok	74da4a0460354c23f94987f06c672176
Architecture__ppt	slides/done-015/ppt/Architecture.ppt	ok	486ac25633962090569cf1a028271b7f
RPA P4 - Advanced Material__pptx	slides/done-015/pptx/RPA P4 - Advanced Material.pptx	ok	2099f2901cf3f3121f4249f4e9962053
Wildlife for REDAC September 11__pptx	slides/done-015/pptx/Wildlife for REDAC September 11.pptx	ok	a475eeb7f961a8a8db11f43554dfb043
1200-Assigning-Club-officers__pptx	slides/done-015/pptx/1200-Assigning-Club-officers.pptx	ok	c1069d3563785e8602832feff8af9f28
FAAAIandtheArtandScienceofV&Vfinal__pptx	slides/extra-001/pptx/FAAAIandtheArtandScienceofV&Vfinal.pptx	ok	6159b63d0bb7ce521bf7494259778548
Ramp Up Campaign - French__pptx	slides/metrics-001/pptx/Ramp Up Campaign - French.pptx	ok	718544bd96832adf5f8969d6dca47d12
NWD-GLA-Community-Outreach-Day-Oct-2025__pptx	slides/missing-001/pptx/NWD-GLA-Community-Outreach-Day-Oct-2025.pptx	ok	ff74ab87d56e1927f7ffbecc0e245972
AW-104D-RVSM-Aircraft-Approval-Checklist.pdf__docx	words/ceiling-001/docx/AW-104D-RVSM-Aircraft-Approval-Checklist.pdf.docx	ok	6018de59065d67ecfe1561b5efa6eef1
CMTA_Airport_Transportation__docx	words/done-001/docx/CMTA_Airport_Transportation.docx	ok	a612a6a661c4f84e4e2061bb502fb4df
Pre-Application_Letter_of_Intent_Example__docx	words/done-001/docx/Pre-Application_Letter_of_Intent_Example.docx	ok	72a03e99f12674b4c6b18773cec46d69
FAA-2013-0422-0009_attachment_1__doc	words/done-001/doc/FAA-2013-0422-0009_attachment_1.doc	ok	75457aea7007d22b898a3f3b92738c72
GLACIERBG.ETT__doc	words/done-001/doc/GLACIERBG.ETT.doc	ok	3310eaa54640d25599a063aa19033125
Service-Bulletin-SDFNR5-April-25-2023-FNR-TRANSMISSION-LUBRICATION__docx	words/done-001/docx/Service-Bulletin-SDFNR5-April-25-2023-FNR-TRANSMISSION-LUBRICATION.docx	ok	fef915d17dd4decd7cdf87e2ec67f978
advert-for-draft-decision-airbus-epr-bm3965ia-v006__doc	words/done-001/doc/advert-for-draft-decision-airbus-epr-bm3965ia-v006.doc	ok	9034e88c71c0f8b26e39ec7fff491024
LENTOBUSSIAIKATAULU.-31.10.-31.12.2022__doc	words/done-001/doc/LENTOBUSSIAIKATAULU.-31.10.-31.12.2022.doc	ok	62744ab87abdad7092eef474e7061102
private-hire-operators-licensed__docx	words/done-001/docx/private-hire-operators-licensed.docx	ok	c8c88cfc975ca220ecf9f44536b551ef
Sample_PAO-PSO_91-113_Letter__docx	words/done-001/docx/Sample_PAO-PSO_91-113_Letter.docx	ok	e11c4a1edaae9d97000da478dbf1b1c2
foca_form_1__doc	words/done-001/doc/foca_form_1.doc	ok	706db43f0df0a80f713c8d32624b8929
lk03_17__docx	words/done-002/docx/lk03_17.docx	ok	12c26308559ed28596829594cf24f85a
FMRBullletinB-28__doc	words/done-002/doc/FMRBullletinB-28.doc	ok	a6574a3d68949656e44235c77070c712
Bull01-06-Reserve Training Standards__doc	words/done-002/doc/Bull01-06-Reserve Training Standards.doc	ok	a0d08ce25305204f9d2e733b634729c7
easa-form-1__docx	words/done-002/docx/easa-form-1.docx	ok	a88b06deb4a8f67759583e7782e3255a
AUWG min 4-3-24 final__docx	words/done-002/docx/AUWG min 4-3-24 final.docx	ok	662ed198b404589a561ebda218d55cdc
CSCRS_Technical-Report-Documentation-Page-with-instructions__docx	words/done-002/docx/CSCRS_Technical-Report-Documentation-Page-with-instructions.docx	ok	274b9692bbc30eb2f68c6eb278d6963c
Interview-mit-Manfred1-Müller__docx	words/done-002/docx/Interview-mit-Manfred1-Müller.docx	ok	55af23aa125e79312f77eca82f13dddb
prison-population-bulletin-june__doc	words/done-002/doc/prison-population-bulletin-june.doc	ok	e6c65b6f033f9d8c6d3c33c1826933b4
FAA-High-Level-Org-Chart__docx	words/done-002/docx/FAA-High-Level-Org-Chart.docx	ok	30fcf7d7b8365e409b86a86b70878082
s33song-beverlyactproductionofdocuments__docx	words/done-002/docx/s33song-beverlyactproductionofdocuments.docx	ok	1020b38b3780c0c6321219a31ab23328
10795__doc	words/done-003/doc/10795.doc	ok	5bf294baf328ffa17f81f1c90ced0569
Temp16__doc	words/done-003/doc/Temp16.doc	ok	b3083c22974ff7e90dcfef30cb7739d5
mde087077~283__docx	words/done-003/docx/mde087077~283.docx	ok	9abe0f0a158af2c6783f1072a3c1bc38
DRX-Ascend System Course Description__docx	words/done-003/docx/DRX-Ascend System Course Description.docx	ok	b3bbd6e1f5481903d524ea5130eb70c1
191216_Lesefassung_Nachtflugregelung__docx	words/done-003/docx/191216_Lesefassung_Nachtflugregelung.docx	ok	a51f1b811cc6f50a807f805487106c06
Technical_Issue_Report_Form__docx	words/done-003/docx/Technical_Issue_Report_Form.docx	ok	b9f8f0cb31b326f9d00d0bf76a26865a
II.1.2_Hypoxia__doc	words/done-003/doc/II.1.2_Hypoxia.doc	ok	e07bddb17b61000b3fa58416440a616d
2015-April-SWIM_Users_Forum-Q&A__docx	words/done-003/docx/2015-April-SWIM_Users_Forum-Q&A.docx	ok	2dddf737ab2e935ec5ca502aaf83c2a5
96-3-clement-data__doc	words/done-003/doc/96-3-clement-data.doc	ok	a9f8f09e7adde1dc0246e4e882b7a9d7
DEP2008-1900__doc	words/done-003/doc/DEP2008-1900.doc	ok	a85664e5910025fd20cbf39d2302afec
07-04__doc	words/done-004/doc/07-04.doc	ok	c241d76408ee85a1bd55598e90e3d3e5
1528039320__docx	words/done-004/docx/1528039320.docx	ok	c6a1ad48bc853d36add4a5e6562a55bc
License App Instructions 2-22__docx	words/done-004/docx/License App Instructions 2-22.docx	ok	fd788c0dff4c53f3c70fe7aaddc4b187
Software Architecture Document Template__docx	words/done-004/docx/Software Architecture Document Template.docx	ok	7f08a21962614c41352aeb77e9badcdd
How-to-Write-an-Architecture-Document-for-a-Technology-Service__docx	words/done-004/docx/How-to-Write-an-Architecture-Document-for-a-Technology-Service.docx	ok	4b13668c4614c193771dc25ca471d99b
2ca950374241722b8ea7c132dfce63ae__doc	words/done-004/doc/2ca950374241722b8ea7c132dfce63ae.doc	ok	65bed35dc82ca240f7c3b4783d15d8c9
PAT-047 - Architecture and Detailed Design Assessment__docx	words/done-004/docx/PAT-047 - Architecture and Detailed Design Assessment.docx	ok	de21824b90ca11b386af8cca2d6148c5
opic 5--Case Studies Movie and Aviation Industries__doc	words/done-004/doc/opic 5--Case Studies Movie and Aviation Industries.doc	ok	2406c0d164bbe9e23b1ba38e1bc00d44
461249__docx	words/done-004/docx/461249.docx	ok	c36e35e92b0aa318190b83e0a7401bd0
RobertQ_Service__doc	words/done-004/doc/RobertQ_Service.doc	ok	ae51e0c04d223043f044d0bbcd6cf978
healthcare-reform-nsa-consumer-bulletin__docx	words/done-005/docx/healthcare-reform-nsa-consumer-bulletin.docx	ok	7cc577485fcf77398d321d54c6e84b97
316r_a_f__doc	words/done-005/doc/316r_a_f.doc	ok	8422686825c8b78be6683c119c3d21d0
2024-12_Comlux_opens_Maintenance_and_Service_Center_in_Dubai__docx	words/done-005/docx/2024-12_Comlux_opens_Maintenance_and_Service_Center_in_Dubai.docx	ok	f09e8be987e12ce4f76570a4ae0e4ed1
316r_a_e__doc	words/done-005/doc/316r_a_e.doc	ok	5efda3885aa6f563343e3b6a2041fd3d
Theft-Restitution-Letter-Vancouver-ASC-2005__doc	words/done-005/doc/Theft-Restitution-Letter-Vancouver-ASC-2005.doc	ok	a8043a1dc7ba4f4918d1c0c2fbb6a997
part-147_approval list_20230119__docx	words/done-005/docx/part-147_approval list_20230119.docx	ok	6f5cb08487e240fabe36e14df236b929
Technical Report and Technical Update Guidelines__docx	words/done-005/docx/Technical Report and Technical Update Guidelines.docx	ok	331e78fc64ee9a1b480ed6e09189e7a3
BID_ACKNOWLEDGEMENT_FORM_FOR_A320__docx	words/done-005/docx/BID_ACKNOWLEDGEMENT_FORM_FOR_A320.docx	ok	819d8925dfca13184591281b6e03d91a
loi_format_letter_of_intent-a-320-214-a330__doc	words/done-005/doc/loi_format_letter_of_intent-a-320-214-a330.doc	ok	5ab0393dd1955563876dd478592d925c
f445896eb008d14c1746fc37d412dc22__docx	words/done-005/docx/f445896eb008d14c1746fc37d412dc22.docx	ok	d0788422aadfa6630da9183d050fe764
SDL_FSDO_Part91_LOA_Checklist__docx	words/done-006/docx/SDL_FSDO_Part91_LOA_Checklist.docx	ok	1af28db84a0a50ff358dd62f3d1eda81
healthcare-reform-nsa-provider-bulletin__docx	words/done-006/docx/healthcare-reform-nsa-provider-bulletin.docx	ok	2e8a2d2125288a523c788b15719d5833
LHD-230-application-for-the-approval-of-an-aircraftr__doc	words/done-006/doc/LHD-230-application-for-the-approval-of-an-aircraftr.doc	ok	b86fce23c9951ee7b1becf143391566a
003__doc	words/done-006/doc/003.doc	ok	07f6dc29d34185e1bd5b2c09d8140f22
P200904290238_0238_51880__doc	words/done-006/doc/P200904290238_0238_51880.doc	ok	a4ab5cc0b98f538f90119c62c6876dad
technical-memo-format__docx	words/done-006/docx/technical-memo-format.docx	ok	29848ecacb219276cdd0955e3bebb5ec
cacs-206-1751218225__docx	words/done-006/docx/cacs-206-1751218225.docx	ok	d99a214ebf909365082c06c35eba1226
62599_FRANCE-BRAZIL- Air France Flight 447 crash__docx	words/done-006/docx/62599_FRANCE-BRAZIL- Air France Flight 447 crash.docx	ok	350aeb45e40526c57652d1408831af35
1244277 1 Comment__doc	words/done-006/doc/1244277 1 Comment.doc	ok	0c6662caed84cecdd1946b172c29e84a
Wales_Office_Quarter_4_Ministerial_Transparency_Return__DOC	words/done-006/doc/Wales_Office_Quarter_4_Ministerial_Transparency_Return.DOC	ok	86a68861543fc788e1f02a16689163da
RNW167A-150428__doc	words/done-007/doc/RNW167A-150428.doc	ok	b6bfa1a311ceb23892fa95dabe476865
congregationalhistories_ky_2023__doc	words/done-007/doc/congregationalhistories_ky_2023.doc	ok	c1ea777f041223fea6c0ad32e40e9a8d
template-technical-report__docx	words/done-007/docx/template-technical-report.docx	ok	beb35ac51ce775e4e266e36a41e17fb8
technical-report-template__docx	words/done-007/docx/technical-report-template.docx	ok	96190fda67b5a07b6270b629b7e7a293
final-technical-report-template__docx	words/done-007/docx/final-technical-report-template.docx	ok	8c780fd72171560ce73203732e86e7d5
johnson_hall_service_log.pdf__docx	words/done-007/docx/johnson_hall_service_log.pdf.docx	ok	05524175eab793c497cf25cfee948209
chapter 12__doc	words/done-007/doc/chapter 12.doc	ok	411fe120d3df1b84c311e4d976de30c2
Press release_EUREKA labels ITEA 3 Cluster__docx	words/done-007/docx/Press release_EUREKA labels ITEA 3 Cluster.docx	ok	fb35055c4c22560311355b044d6da1ae
0c662f5c948a7d81d32ffd833c5cc59421a5f522__docx	words/done-007/docx/0c662f5c948a7d81d32ffd833c5cc59421a5f522.docx	ok	ba2993c01b44b470748a79a84b0642fa
09__docx	words/done-007/docx/09.docx	ok	e05baaaeef2f66f190941a0f59e76d94
FAA-2017-0628-0002_attachment_1__docx	words/done-008/docx/FAA-2017-0628-0002_attachment_1.docx	ok	bcd3cc9637b9bd338038f53a84a2e4b1
2024-2nd-quarter-case-summaries__doc	words/done-008/doc/2024-2nd-quarter-case-summaries.doc	ok	8c00c06af1cb3359336b3275e34cb685
PUR-0012-UTAS-GRAMS-SPA-Template-1-25-2024__doc	words/done-008/doc/PUR-0012-UTAS-GRAMS-SPA-Template-1-25-2024.doc	ok	61ea8b65f03b42c697a930c1f989e1cd
UAS-SGI_waiver_approval_request_form__docx	words/done-008/docx/UAS-SGI_waiver_approval_request_form.docx	ok	df2071e576b0b44afd4c0de880ed6830
1245685 1 Comment__doc	words/done-008/doc/1245685 1 Comment.doc	ok	baed2ce374e7c7d95dd5972ebed648cd
ECSS-E-ST-50-16C-Annex-A(30September2021)__docx	words/done-008/docx/ECSS-E-ST-50-16C-Annex-A(30September2021).docx	ok	a0964792390fda604aa8025686317a6a
4400-91_Proposal_To_Lease_Space_10-2024__docx	words/done-008/docx/4400-91_Proposal_To_Lease_Space_10-2024.docx	ok	a31f25bfa58bb232299c3bbdfcb55b91
draft-variation-notice-airbus-bm3965ia-v006-vs-comments__docx	words/done-008/docx/draft-variation-notice-airbus-bm3965ia-v006-vs-comments.docx	ok	512462d092c1b136a74f0cc7cab27741
FlightLaws__doc	words/done-008/doc/FlightLaws.doc	ok	3033571895797aafb60d6dcad271c6a1
Lessons-Learned-Bulletin-Dorset-version-to-IIRG-V5__docx	words/done-008/docx/Lessons-Learned-Bulletin-Dorset-version-to-IIRG-V5.docx	ok	f27d07317d08a2569fd8cb0f5c8314ae
Contract_Check_Pilot_Sample_LOA__docx	words/done-009/docx/Contract_Check_Pilot_Sample_LOA.docx	ok	f78715219a2bae9148f109f69ea6b921
Case-Study-Heathrow-Airport__docx	words/done-009/docx/Case-Study-Heathrow-Airport.docx	ok	12eaf0b92f590def5fb61938c1665253
2013-op12-Annex III - Curriculum Vitae__doc	words/done-009/doc/2013-op12-Annex III - Curriculum Vitae.doc	ok	a87fc32197758d7bba851b09f0e19279
SWDD-template__docx	words/done-009/docx/SWDD-template.docx	ok	bcc2e10a697b788ebf4933c61eaab4f2
certification-flight-standards-doc-oeb-supporting-documents-tgl-TGL26-section-5-REV10__doc	words/done-009/doc/certification-flight-standards-doc-oeb-supporting-documents-tgl-TGL26-section-5-REV10.doc	ok	854abf7d67609882eb63b707740fbf99
A380MaenPressRel__doc	words/done-009/doc/A380MaenPressRel.doc	ok	842b1bbc7d176eea014f989d97567db6
form_1123_application_form_rvsm_spa__docx	words/done-009/docx/form_1123_application_form_rvsm_spa.docx	ok	2a29e56fbd6a6e7871234ed87f0803c0
237287_0486190101_0486190101_geolink2neu__doc	words/done-009/doc/237287_0486190101_0486190101_geolink2neu.doc	ok	675c7e07b4699fc325cd1af8e87de2ab
CP-ETSO template_v2020__DOC	words/done-009/doc/CP-ETSO template_v2020.DOC	ok	19a53b425e21e42b67c026d571743c3f
technical report template__docx	words/done-009/docx/technical report template.docx	ok	e7d6422eacd3d0f0c81fd7aed66db373
te.iors.00048-002 SUP Questionnaire__docx	words/done-010/docx/te.iors.00048-002 SUP Questionnaire.docx	ok	a72eb1b82bd8e0e5f183e1a5a3dcd72e
195584360__docx	words/done-010/docx/195584360.docx	ok	50eccee250a9e937ff2b453918787811
361400CSLegislation1RF01PUBLIC1__doc	words/done-010/doc/361400CSLegislation1RF01PUBLIC1.doc	ok	7f77ffdc44010345ad9e3e0991197309
5709.16 ch.40_mgfinal__docx	words/done-010/docx/5709.16 ch.40_mgfinal.docx	ok	c7cf507077b0d7f19159f62846fc34ce
PM-apeech-Handover-of-New-Airbus-Aircraft-for-Fiji-Airways-Dec.-15th__docx	words/done-010/docx/PM-apeech-Handover-of-New-Airbus-Aircraft-for-Fiji-Airways-Dec.-15th.docx	ok	c65aba99ced3a92f59831c3cbc5ca167
Writing a technical report (SCE subject guide)__docx	words/done-010/docx/Writing a technical report (SCE subject guide).docx	ok	76d3163e7140132e90a45a936e3fc9d1
Checklist for TC STC ETSO data packages to FAA_TIP rev 5__docx	words/done-010/docx/Checklist for TC STC ETSO data packages to FAA_TIP rev 5.docx	ok	3a8e4d466a939945b45f05136590b044
f111__doc	words/done-010/doc/f111.doc	ok	77970251428920d7228e8344eb9b4857
FG-AI4NDM-TR-skeleton_template__docx	words/done-010/docx/FG-AI4NDM-TR-skeleton_template.docx	ok	6f5a6e3d6f80c4f521e7c0c5265cc674
1528364855__doc	words/done-010/doc/1528364855.doc	ok	a0f2f7e0cf5e90dd00d6975fe5dc60a2
f2_registro_de_aprovacao_com_pbcs_EN__docx	words/done-011/docx/f2_registro_de_aprovacao_com_pbcs_EN.docx	ok	e9a0fff91597070d8c923c6ea62e4e8d
135__doc	words/done-011/doc/135.doc	ok	a735c3cca1759f68662c34f18b419af5
tibs_guidelines_2__docx	words/done-011/docx/tibs_guidelines_2.docx	ok	24ed4c1f2ae90acd2884d7b69293cfda
part-145-approval list 2025__docx	words/done-011/docx/part-145-approval list 2025.docx	ok	8e13e1c4f886868c5df7863dceac4f01
part-145-approval list (1)__docx	words/done-011/docx/part-145-approval list (1).docx	ok	55de85252098f997c9adf53f20e38fce
eTAR_External_Web_tool_Tip_Sheet_mh__docx	words/done-011/docx/eTAR_External_Web_tool_Tip_Sheet_mh.docx	ok	af57b5d4ba065372e34ff0d3382f4918
b053-19__docx	words/done-011/docx/b053-19.docx	ok	43b290d2b4f9b014ef53d8c3970ff085
AAC-AD-No-2021-01-Boeing-737-8-and-737-9-MAX__doc	words/done-011/doc/AAC-AD-No-2021-01-Boeing-737-8-and-737-9-MAX.doc	ok	657d365172934f0c7537be4b5bf86f60
Company-profile-2022-EN__docx	words/done-011/docx/Company-profile-2022-EN.docx	ok	dda3ffaaea57713071de4c00704258f8
monthly-content-feeder__docx	words/done-011/docx/monthly-content-feeder.docx	ok	42a6b92ef0652df63edde9a83574f94d
19-06 Assistive Technology TAB Final - 508__docx	words/done-012/docx/19-06 Assistive Technology TAB Final - 508.docx	ok	e201893d73788b9c9e62e9eb4d7b84ca
AirbusCallouts__doc	words/done-012/doc/AirbusCallouts.doc	ok	0b2a595cb382a7bd26ec4a713e6d6056
technical-architecture__docx	words/done-012/docx/technical-architecture.docx	ok	918a86b89ca2a8c4964ae2cfc8eee790
slcc-architecture-uu-architecture__docx	words/done-012/docx/slcc-architecture-uu-architecture.docx	ok	729c7c42784dfd145be89b838011c4d5
RMI_Document_Repository_Public-Reprts_GettingOffOil__doc	words/done-012/doc/RMI_Document_Repository_Public-Reprts_GettingOffOil.doc	ok	e6191d392e49113e5ec4d1f44a10e5d6
Leadership Information Article__docx	words/done-012/docx/Leadership Information Article.docx	ok	a1ee272ee570bf25e3cd31b306b440b4
20110608_psp__docx	words/done-012/docx/20110608_psp.docx	ok	a1bcf9bf5d228238fbcc9ddbc3b00d90
b050-19__docx	words/done-012/docx/b050-19.docx	ok	e501bfcac6f6cb4df51d8c4a77b22d50
bulletin__docx	words/done-012/docx/bulletin.docx	ok	acac1876ada22e27b69b2ac8148285c3
FO.FCTOA_.000129 Application for activities related to FSTD__docx	words/done-012/docx/FO.FCTOA_.000129 Application for activities related to FSTD.docx	ok	8ddc00db46ce969a46404fda3385912d
Sol PJ14-03-04 Solution Contextual__docx	words/done-013/docx/Sol PJ14-03-04 Solution Contextual.docx	ok	35073cd62abcde052c8e2a8b9a306444
easa-regulations-update-20__docx	words/done-013/docx/easa-regulations-update-20.docx	ok	f250308b9d05592ac8e347f4479a1b2c
1257259179492_2007_TPPT_102_Supporting_Doc_2-434003080__doc	words/done-013/doc/1257259179492_2007_TPPT_102_Supporting_Doc_2-434003080.doc	ok	f88c85d7aca9ee2e06975c6535daf191
Form-SM-76A-_-CAR-OPS-2A-Instruments-and-Equipment-Compliance-Statement-_-11__docx	words/done-013/docx/Form-SM-76A-_-CAR-OPS-2A-Instruments-and-Equipment-Compliance-Statement-_-11.docx	ok	d4ba517ac8828cb3106395a46b7632f7
SPA-11_mcar_part-11_v2.9__docx	words/done-013/docx/SPA-11_mcar_part-11_v2.9.docx	ok	b5b870b17106a6594b042a9f706bb47e
1228841571067_2009_TPPT_13__2007_TPPT_102__R-108535759__doc	words/done-013/doc/1228841571067_2009_TPPT_13__2007_TPPT_102__R-108535759.doc	ok	bb8a0cebc3e79409e177e36ca522ad97
omrIMInterpretiveGuideLine__doc	words/done-013/doc/omrIMInterpretiveGuideLine.doc	ok	0a9500022de1cad344243fb890e04a5f
Reid__doc	words/done-013/doc/Reid.doc	ok	c463db05fe56fa7b52b7d586ae8dab9f
gpp-pr-top-7-office-markets-4q-2023__docx	words/done-013/docx/gpp-pr-top-7-office-markets-4q-2023.docx	ok	80a444144ee174df02d2fd70eff76c5d
hdss-bulletin-issue-285-25-june-2025__docx	words/done-013/docx/hdss-bulletin-issue-285-25-june-2025.docx	ok	5497321747de02f80e2617e47f01e510
644730BRI0mna000BOX361539B00public0__doc	words/done-014/doc/644730BRI0mna000BOX361539B00public0.doc	ok	cafc347f3bf054a6c21c378cb55324da
exhibit-06---technical-architecture-template__docx	words/done-014/docx/exhibit-06---technical-architecture-template.docx	ok	714ebe4393492369f4f9c7e8b75bb2ac
1603642410-MoM-CASCOM-06-2020-draft04__docx	words/done-014/docx/1603642410-MoM-CASCOM-06-2020-draft04.docx	ok	b6864044c4119209afbc4abd9595b4a0
1_tpr_template__from_fy14___docx	words/done-014/docx/1_tpr_template__from_fy14_.docx	ok	2e31b65737d6087e961d6312aa9eece6
Regulations Governing the Status, Basic Rights and Duties of Officials other than Secretariat Officials, and Experts on Mission__docx	words/done-014/docx/Regulations Governing the Status, Basic Rights and Duties of Officials other than Secretariat Officials, and Experts on Mission.docx	ok	6f480ac3b8ce675af14bf962f1bbe6f2
AFS-050-004-F2_0i__docx	words/done-014/docx/AFS-050-004-F2_0i.docx	ok	9a4ca6740f3cb91320ec64c8c63934e4
231164_SystemDesignDocument__docx	words/done-014/docx/231164_SystemDesignDocument.docx	ok	06a05a794775870303cd51a46960a545
PK_FlugzeugeStricken__doc	words/done-014/doc/PK_FlugzeugeStricken.doc	ok	ad6b4ad3e775e1345555b0ac9c7af45d
fleetfastfacts16nov2023__docx	words/done-014/docx/fleetfastfacts16nov2023.docx	ok	ccd645c430afc566472383f50f2c2be4
300502-Mecenat-Airbus-Simusante_CHU-Amiens-Picardie__doc	words/done-014/doc/300502-Mecenat-Airbus-Simusante_CHU-Amiens-Picardie.doc	ok	245ee25d06f20345a1c0ff431fb75574
SFSP_2013-02_Bulletin__doc	words/done-015/doc/SFSP_2013-02_Bulletin.doc	ok	79e01e2e7efba3ed5753cbdc358b0d5a
JEMIT_Template__docx	words/done-015/docx/JEMIT_Template.docx	ok	3cbc35ec82370bdaa9a41daf808a8f7e
system_design__technical_architecture_template__docx	words/done-015/docx/system_design__technical_architecture_template.docx	ok	1bdccc22760306f65c0c6547fb97c1a7
PI-doc.-no.-2E-Technical-Review-Report__docx	words/done-015/docx/PI-doc.-no.-2E-Technical-Review-Report.docx	ok	5a21661455157722fe77cd29de050c71
Sample_SQMS_Program__docx	words/done-015/docx/Sample_SQMS_Program.docx	ok	215e124420622ba60c4f83b7b3556432
Agile_Arc_SysDes__docx	words/done-015/docx/Agile_Arc_SysDes.docx	ok	71ba0ed128334e6f1e06ded2dd2cef4e
2013_11__doc	words/done-015/doc/2013_11.doc	ok	0b205534b972fe7aef482f9d573ad069
03_Technical_Report_(progress)_template__docx	words/done-015/docx/03_Technical_Report_(progress)_template.docx	ok	484f262e2869e669ee85cc51681b2fbc
DOA_Template_Form_Type_Certification_Programme__docx	words/done-015/docx/DOA_Template_Form_Type_Certification_Programme.docx	ok	4b91b8852a75a30f9b1deda52f89c2a5
airbus-pdf-information-package_v1-4__docx	words/done-015/docx/airbus-pdf-information-package_v1-4.docx	ok	1287b241e435e8a0a0b663086e21fe80
Allegiant_Company_Profile_with_History__docx	words/done-016/docx/Allegiant_Company_Profile_with_History.docx	ok	56b460dc959293933255369f8bb2f6cf
HC-Bulletin-template__docx	words/done-016/docx/HC-Bulletin-template.docx	ok	0620df5c1d047fdff45b5e5259f2a244
120509coss__doc	words/done-016/doc/120509coss.doc	ok	cb0b14171123fdc144e787332fcda29e
t_TEMPforInvProgs__docx	words/done-016/docx/t_TEMPforInvProgs.docx	ok	f2aea9be42eee37849155a3884d0cdeb
SPA-06_mcar_part-6_and_IS_v2.9__docx	words/done-016/docx/SPA-06_mcar_part-6_and_IS_v2.9.docx	ok	629b4dc72e357a96bcfed4fef481dce9
PES-Technical-Report-Template_Jan_2019__docx	words/done-016/docx/PES-Technical-Report-Template_Jan_2019.docx	ok	1b4a4cc5209a91cedeb0728a7f5e0e30
dragon1-enterprise-architecture-document-example-v0.1d__docx	words/done-016/docx/dragon1-enterprise-architecture-document-example-v0.1d.docx	ok	edacdcd8d16dc44fb46ef580c6cd7589
150_5335_5a__doc	words/done-016/doc/150_5335_5a.doc	ok	8782753634ca95f5952dcb56597b72fd
Annex-10-to-the-Aircraft-Maintenance-Specialist-Certification-Rule-GCAA__docx	words/done-016/docx/Annex-10-to-the-Aircraft-Maintenance-Specialist-Certification-Rule-GCAA.docx	ok	54406179961d1a971fc4337ef189b5d3
UG.CAO.00133 Foreign Part 145 approvals - Language__docx	words/extra-001/docx/UG.CAO.00133 Foreign Part 145 approvals - Language.docx	ok	d53d6e83587a2971142a025e45880a85
info-bulletin-601__doc	words/extra-001/doc/info-bulletin-601.doc	ok	7880aa78c82209977af4ec50d52b86ba
UG.CAO.00006 Foreign Part 145 approvals - User Guide for Applicants & Approval Holders__docx	words/extra-001/docx/UG.CAO.00006 Foreign Part 145 approvals - User Guide for Applicants & Approval Holders.docx	ok	e054075ed79ed2ad1a200ee2b7d0e5a7
762__doc	words/extra-001/doc/762.doc	ok	40f88754863d7bdf997d1612319486ac
ABCD-WB-08-00 Weight and Balance Report - v1 08.03.16__docx	words/extra-001/docx/ABCD-WB-08-00 Weight and Balance Report - v1 08.03.16.docx	ok	ecda039434eb9b16c230385519e4c2d2
ABCD-FE-01-00 Flight Envelope - v1 08.03.16__docx	words/ceiling-001/docx/ABCD-FE-01-00 Flight Envelope - v1 08.03.16.docx	ok	0ff3760ae27f2fe44cb7a53a1fa850a9
ABCD-SDE-23-00 - Avionic System Description - 17.02.16 - v1__docx	words/extra-001/docx/ABCD-SDE-23-00 - Avionic System Description - 17.02.16 - v1.docx	ok	3b0b38f025516dba807377a2c2eee400
review-welsh-government-communications-mister-peter-mandelson__docx	words/metrics-001/docx/review-welsh-government-communications-mister-peter-mandelson.docx	ok	7f099ef90c2b38142c0f68792c4cbecc
手机免提系统TSB__doc	words/metrics-001/doc/手机免提系统TSB.doc	ok	0a400e121f35e9bd011b80ee19b189f8
A320SimNotes__doc	words/metrics-001/doc/A320SimNotes.doc	ok	592db00d9fabe9fe621ebb3a90ba7694
AWR OPS-AOC 044 Statement of Compliance RVSM  Rev 04 01 Feb 2024__docx	words/metrics-001/docx/AWR OPS-AOC 044 Statement of Compliance RVSM  Rev 04 01 Feb 2024.docx	ok	76f6c2ddd3f91df680f904579aa982ea
FRE-03_mcar_part-3_and_IS_v2.9__docx	words/metrics-001/docx/FRE-03_mcar_part-3_and_IS_v2.9.docx	ok	cfa809895f31eafafc865d328f885996
SPA-02_mcar_part-2_and_IS_v2.9__docx	words/metrics-001/docx/SPA-02_mcar_part-2_and_IS_v2.9.docx	ok	71a3daec001412946ea733bc096315a5
02_mcar_part-2_and_IS_v2.10__docx	words/metrics-001/docx/02_mcar_part-2_and_IS_v2.10.docx	ok	8eee389f5a553f1c694e0765badf92ba
OM template for non-complex NCC operators_August 2016__docx	words/metrics-001/docx/OM template for non-complex NCC operators_August 2016.docx	ok	8a2d72c3b219d30eebe34290252a21e1
xx_SETIS_PWS_template_10.19.22__docx	words/missing-001/docx/xx_SETIS_PWS_template_10.19.22.docx	ok	c77a1e42c833e7751438191776db9384
TE.CAO.00125 Foreign Part 145 approvals - OJT Logbook__docx	words/done-016/docx/TE.CAO.00125 Foreign Part 145 approvals - OJT Logbook.docx	ok	e16e5a04d4463795679861c9a907e00d
May 25 bulletin focus on carers in the workplace__docx	words/missing-001/docx/May 25 bulletin focus on carers in the workplace.docx	ok	6fde2ed714529c8657c78a02079b92ef
CRIF - SpÃ©cification technique - Socle applicatif__docx	words/missing-002/docx/CRIF - SpÃ©cification technique - Socle applicatif.docx	ok	c379bcb7786e6093c842c9300dfa0b00
33004__docx	words/missing-001/docx/33004.docx	ok	2c50b041ed378516d176501c73984e24
1447__doc	words/pagination-001/doc/1447.doc	ok	3354b0ae5120511251d4810284ae1fe7
template---tpr-technical-progress-report-with-guidance__docx	words/pagination-001/docx/template---tpr-technical-progress-report-with-guidance.docx	ok	7fbc9b14cad42f7a13233237a0201f19
FO.FCTOA.00010 Application for a Part-ORA ATO Approval__docx	words/pagination-001/docx/FO.FCTOA.00010 Application for a Part-ORA ATO Approval.docx	ok	bbe2736a8f68c5954f43d27358014987
absrc-pac-01-info-note-en__doc	words/pagination-002/doc/absrc-pac-01-info-note-en.doc	ok	89fffb72de37a45aaf64db2a308fd498
ESPN-R - MCF - Manual - Ed1.0 - For Publication__docx	words/pagination-001/docx/ESPN-R - MCF - Manual - Ed1.0 - For Publication.docx	ok	f7d3b014320f7f5636a017723a7c336b
A_320__doc	words/pagination-001/doc/A_320.doc	ok	7d4a2370bb81a4a66455551db7661982
report-template__docx	words/pagination-001/docx/report-template.docx	ok	dc85d84e50e8b3559d07d5f0e17fd010
ESPN-R - MCF - RA - Ed1__docx	words/pagination-001/docx/ESPN-R - MCF - RA - Ed1.docx	ok	066a88b65957e3971ac92c5f515ddaeb
24-25_FAA_Holdover_Tables__docx	words/pagination-001/docx/24-25_FAA_Holdover_Tables.docx	ok	7f425ea555b6ec8c65c5378aa1e73ed8
FAA 2025-26 Holdover Tables__docx	words/pagination-001/docx/FAA 2025-26 Holdover Tables.docx	ok	36ecf92c4526ead1f7cabe9bbd2e8ec4
150_5300_13_chg12__doc	words/pagination-002/doc/150_5300_13_chg12.doc	ok	12ce12ffac433ea97448ca4abdbc5a98
EHEST-SMS-Safety-Management-Manual-V2__docx	words/pagination-003/docx/EHEST-SMS-Safety-Management-Manual-V2.docx	ok	40bdc31e2226eb5704e2c724a388c17d
150-5370-10H__docx	words/pagination-003/docx/150-5370-10H.docx	ok	e25230dd97e38d4d835e0a43e1053d7c
AC-150-5370-10G-updated-201604__docx	words/done-016/docx/AC-150-5370-10G-updated-201604.docx	ok	003901f92d2d46a16335c3f898780ff1
docs-quality-MA.IMS.00001-Integrated-Management-System-manual__docx	words/pagination-002/docx/docs-quality-MA.IMS.00001-Integrated-Management-System-manual.docx	ok	5ac89a2ec681263f1c08c334df0f40a9
A1. EASA Form 2__docx	words/table-001/docx/A1. EASA Form 2.docx	ok	2b8f48d0dab77b6b74165eb97cf24b54
approvals-and-standardisation-organisation-approvals-docs-part-145-annex-B-B11.-TE.CAO.00129-Foreign-Part-145-approvals---Experience--logbook__docx	words/table-001/docx/approvals-and-standardisation-organisation-approvals-docs-part-145-annex-B-B11.-TE.CAO.00129-Foreign-Part-145-approvals---Experience--logbook.docx	ok	256ead71c528ed17c5d32f07bb187fee
B11. TE.CAO.00129  Experience  logbook__docx	words/table-001/docx/B11. TE.CAO.00129  Experience  logbook.docx	ok	832aa462349f4161e050a7cad719936f
150_5300_13_chg8__doc	words/ceiling-001/doc/150_5300_13_chg8.doc	ok	b6441e826855013ac4bb9a84f5955caa
150_5300_13_chg10__doc	words/table-001/doc/150_5300_13_chg10.doc	ok	0bafa608d052d3aa557cc3ab9426777b
clustered-column-template__docx	words/chartset-001/docx/clustered-column-template.docx	ok	91b9ac95c4696d4e515e54c243dd8cfd
clustered-column-result__docx	words/chartset-001/docx/clustered-column-result.docx	ok	828640a07e1d48a102423dfb3e1a7102
pie-chart-template__docx	words/chartset-001/docx/pie-chart-template.docx	ok	f52abe7ef43ffb4130bb0883293193b6
026_advanced_word_chart_report__docx	words/chartset-001/docx/026_advanced_word_chart_report.docx	ok	ea24e6ed76c7a06b6418c82aa8954a99
032_advanced_word_chart_report__docx	words/chartset-001/docx/032_advanced_word_chart_report.docx	ok	d27e6a664e5616e0bec08f8b4f5f2385
002_advanced_word_chart_report__docx	words/chartset-001/docx/002_advanced_word_chart_report.docx	ok	bf75f35585eb5483867e52fbf213a32d
008_advanced_word_chart_report__docx	words/chartset-001/docx/008_advanced_word_chart_report.docx	ok	8f632d20521eacc4c6fd7428190567d9
014_advanced_word_chart_report__docx	words/chartset-001/docx/014_advanced_word_chart_report.docx	ok	be453967d7363da02da08e15725d4b71
020_advanced_word_chart_report__docx	words/chartset-001/docx/020_advanced_word_chart_report.docx	ok	796c61612de75b0149eece871c6481f1
pie-chart-result__docx	words/chartset-001/docx/pie-chart-result.docx	ok	dc1a3d25afd5d9cfb6cf7b72e430ee8e
011_advanced_word_chart_report__docx	words/chartset-002/docx/011_advanced_word_chart_report.docx	ok	e6e67f426b2df090b6048be0061f0e98
005_advanced_word_chart_report__docx	words/chartset-002/docx/005_advanced_word_chart_report.docx	ok	cb4cb8545aeb6e16cad16b8c58bd39a1
029_advanced_word_chart_report__docx	words/chartset-002/docx/029_advanced_word_chart_report.docx	ok	205685fd058ef55d032136c636bbe885
021_advanced_word_chart_report__docx	words/chartset-002/docx/021_advanced_word_chart_report.docx	ok	990b709838f08568ca90bcfc19f0b208
033_advanced_word_chart_report__docx	words/chartset-002/docx/033_advanced_word_chart_report.docx	ok	21fb71f3a023353201d7390c54188113
023_advanced_word_chart_report__docx	words/chartset-002/docx/023_advanced_word_chart_report.docx	ok	000ff6ff8d15de21d2b78b1533b3746f
017_advanced_word_chart_report__docx	words/chartset-002/docx/017_advanced_word_chart_report.docx	ok	67060be84d65395985a0d3cdc23058b8
030_advanced_word_chart_report__docx	words/chartset-002/docx/030_advanced_word_chart_report.docx	ok	5b9d2d088caf37a138d98ec66606d89e
006_advanced_word_chart_report__docx	words/chartset-002/docx/006_advanced_word_chart_report.docx	ok	330d3f0aa978082c2c6c8fd3f99ad072
015_advanced_word_chart_report__docx	words/chartset-002/docx/015_advanced_word_chart_report.docx	ok	d2e8143da4e9fd2e3ebf63415f5fcb17
019_advanced_word_chart_report__docx	words/chartset-003/docx/019_advanced_word_chart_report.docx	ok	54e395a59091115d3938d720f78ab77b
009_advanced_word_chart_report__docx	words/chartset-003/docx/009_advanced_word_chart_report.docx	ok	a35bed75d5df50b7e3e721d1d5fa97cd
001_advanced_word_chart_report__docx	words/chartset-003/docx/001_advanced_word_chart_report.docx	ok	b44d292642b59a7f617d4d53dce84cc6
004_advanced_word_chart_report__docx	words/chartset-003/docx/004_advanced_word_chart_report.docx	ok	1ca52c537d25055fa39ce1b96a620c6b
027_advanced_word_chart_report__docx	words/chartset-003/docx/027_advanced_word_chart_report.docx	ok	f0c5ccf979d7564baa06555536468de8
028_advanced_word_chart_report__docx	words/chartset-003/docx/028_advanced_word_chart_report.docx	ok	aa610bad14d167a23d75eff573574cac
003_advanced_word_chart_report__docx	words/chartset-003/docx/003_advanced_word_chart_report.docx	ok	0ea6e11ed0a627470432e11e67a7197e
025_advanced_word_chart_report__docx	words/chartset-003/docx/025_advanced_word_chart_report.docx	ok	36e127ed33098911513ac9b2058ec29f
007_advanced_word_chart_report__docx	words/chartset-003/docx/007_advanced_word_chart_report.docx	ok	b6057991bb03f9c0856b6f9bf2f28de2
016_advanced_word_chart_report__docx	words/chartset-003/docx/016_advanced_word_chart_report.docx	ok	806582b6c6f87daa60ba8a3b1c9d1f10
018_advanced_word_chart_report__docx	words/chartset-004/docx/018_advanced_word_chart_report.docx	ok	3b68ec756bdee2645865fdc8d84458be
022_advanced_word_chart_report__docx	words/chartset-004/docx/022_advanced_word_chart_report.docx	ok	e78d4b9fd8d40c896fee06e1af69c6a9
024_advanced_word_chart_report__docx	words/chartset-004/docx/024_advanced_word_chart_report.docx	ok	8e27214938e991e73df86de8f7d26741
031_advanced_word_chart_report__docx	words/chartset-004/docx/031_advanced_word_chart_report.docx	ok	93ebe6b4769e6ece1e3377cfb87a9c9d
012_advanced_word_chart_report__docx	words/chartset-004/docx/012_advanced_word_chart_report.docx	ok	934d134fe18fc1e9ecf3bd26aae64d39
010_advanced_word_chart_report__docx	words/chartset-004/docx/010_advanced_word_chart_report.docx	ok	17c47f2dd12a97ade7138f76801b4bc3
013_advanced_word_chart_report__docx	words/chartset-004/docx/013_advanced_word_chart_report.docx	ok	3f515d512349dd9757e11a2da1d04f7a
016_advanced_excel_radar__xlsx	sheets/chartset-001/xlsx/016_advanced_excel_radar.xlsx	ok	74dc05f2627a375cd27d1d60856cf929
032_advanced_excel_radar__xlsx	sheets/chartset-001/xlsx/032_advanced_excel_radar.xlsx	ok	8cd7f010c37e62be849bd01e38ec446a
006_advanced_excel_scatter__xlsx	sheets/chartset-001/xlsx/006_advanced_excel_scatter.xlsx	ok	0207a784c0d5bb109cd8dd3fb8235579
005_advanced_excel_area__xlsx	sheets/chartset-001/xlsx/005_advanced_excel_area.xlsx	ok	00db8def8a0c60cfebd8a5827650b34d
028_advanced_excel_doughnut__xlsx	sheets/chartset-001/xlsx/028_advanced_excel_doughnut.xlsx	ok	5da88bdd410d1601aa8788bc6b64a64a
001_advanced_excel_bar__xlsx	sheets/chartset-001/xlsx/001_advanced_excel_bar.xlsx	ok	ac8aeab16f9ee1fd99a09ce180f1b94c
025_advanced_excel_bar__xlsx	sheets/chartset-001/xlsx/025_advanced_excel_bar.xlsx	ok	b44e428845c420dac6a0e9afe987e941
033_advanced_excel_bar__xlsx	sheets/chartset-001/xlsx/033_advanced_excel_bar.xlsx	ok	9e58bc1bcd52d9bdb544c81415b07107
002_advanced_excel_line__xlsx	sheets/chartset-001/xlsx/002_advanced_excel_line.xlsx	ok	40939315c3e58475fac2217a776b1701
022_advanced_excel_scatter__xlsx	sheets/chartset-001/xlsx/022_advanced_excel_scatter.xlsx	ok	8a9e740f3d75982d6b4d398eadb97b2e
013_advanced_excel_area__xlsx	sheets/chartset-002/xlsx/013_advanced_excel_area.xlsx	ok	79f96b67fc399fccc83bc364388c2731
030_advanced_excel_scatter__xlsx	sheets/chartset-002/xlsx/030_advanced_excel_scatter.xlsx	ok	5ac6296c5208ef0293238f05d348eadf
011_advanced_excel_pie__xlsx	sheets/chartset-002/xlsx/011_advanced_excel_pie.xlsx	ok	07158ffa3118a4a1e23a6b0fc69a008b
027_advanced_excel_pie__xlsx	sheets/chartset-002/xlsx/027_advanced_excel_pie.xlsx	ok	88992ddcb50b359938a5d955253ef8f0
012_advanced_excel_doughnut__xlsx	sheets/chartset-002/xlsx/012_advanced_excel_doughnut.xlsx	ok	503975574ce069a0fbf2da13b1bd871b
021_advanced_excel_area__xlsx	sheets/chartset-002/xlsx/021_advanced_excel_area.xlsx	ok	ec443fd61a19ed48d6b6e50566084120
026_advanced_excel_line__xlsx	sheets/chartset-002/xlsx/026_advanced_excel_line.xlsx	ok	e6ab1afa228e2929ad507db5ca77b87d
034_advanced_excel_line__xlsx	sheets/chartset-002/xlsx/034_advanced_excel_line.xlsx	ok	d1eeb6e0c48dc32b87ba5e7a575b4718
003_advanced_excel_pie__xlsx	sheets/chartset-002/xlsx/003_advanced_excel_pie.xlsx	ok	6d568f3cb7380dd92845ac2a893c3c12
007_advanced_excel_bubble__xlsx	sheets/chartset-002/xlsx/007_advanced_excel_bubble.xlsx	ok	31f52797944a87a11d6ed95f306eb6b8
031_advanced_excel_bubble__xlsx	sheets/chartset-003/xlsx/031_advanced_excel_bubble.xlsx	ok	015e6c30cc64ea5d5d0df5824e72f54c
015_advanced_excel_bubble__xlsx	sheets/chartset-003/xlsx/015_advanced_excel_bubble.xlsx	ok	111e586b8b113974d8c6328a51e806cd
004_advanced_excel_doughnut__xlsx	sheets/chartset-003/xlsx/004_advanced_excel_doughnut.xlsx	ok	560e11fe02f98569315285552f3ddd41
020_advanced_excel_doughnut__xlsx	sheets/chartset-003/xlsx/020_advanced_excel_doughnut.xlsx	ok	da0d0ea72291059490ed1bea27382ea2
008_advanced_excel_radar__xlsx	sheets/chartset-003/xlsx/008_advanced_excel_radar.xlsx	ok	bdbf933c0eea680bd4fe9ae856d1adc1
024_advanced_excel_radar__xlsx	sheets/chartset-003/xlsx/024_advanced_excel_radar.xlsx	ok	c5fd4de774f934c9fe1605478b60baa9
014_advanced_excel_scatter__xlsx	sheets/chartset-003/xlsx/014_advanced_excel_scatter.xlsx	ok	46789177e8650e4a92fc8530d8ff22a3
018_advanced_excel_line__xlsx	sheets/chartset-003/xlsx/018_advanced_excel_line.xlsx	ok	e5447be9868fd28934b5494675b7ecaa
017_advanced_excel_bar__xlsx	sheets/chartset-003/xlsx/017_advanced_excel_bar.xlsx	ok	a05f1b31a23fb4c08abd09e3400f3516
029_advanced_excel_area__xlsx	sheets/chartset-003/xlsx/029_advanced_excel_area.xlsx	ok	be0b7556b007e1ba4c702db6fc381f5e
023_advanced_excel_bubble__xlsx	sheets/chartset-004/xlsx/023_advanced_excel_bubble.xlsx	ok	38e4e051b96745756c9f30244d4b4502
009_advanced_excel_bar__xlsx	sheets/chartset-004/xlsx/009_advanced_excel_bar.xlsx	ok	ecd4b0aee4a327b02401cc9ca6cd0efc
010_advanced_excel_line__xlsx	sheets/chartset-004/xlsx/010_advanced_excel_line.xlsx	ok	2ffeddb29f2ea79dd59a79f20fe30922
019_advanced_excel_pie__xlsx	sheets/chartset-004/xlsx/019_advanced_excel_pie.xlsx	ok	fa80d82f175216cfafe064a32e5f1b0b
microsoft_learn_multi_chart_examples__xlsx	sheets/chartset-004/xlsx/microsoft_learn_multi_chart_examples.xlsx	ok	a66bc0ee31de344aee305c4bfc8ce15b
DynamicBubbleChart__xlsx	sheets/chartset-004/xlsx/DynamicBubbleChart.xlsx	ok	343aef1cb36d5bcd51eda56cfd15c03f
scatter_chart__pptx	slides/chartset-001/pptx/scatter_chart.pptx	ok	4ddda76df0314d50a5cb5ff0283797e5
stacked_area_chart__pptx	slides/chartset-001/pptx/stacked_area_chart.pptx	ok	b312b8b8a535202e104705ec96421815
stacked_bar_chart__pptx	slides/chartset-001/pptx/stacked_bar_chart.pptx	ok	9204082c4fe700f175a04544d30047f8
bar_chart__pptx	slides/chartset-001/pptx/bar_chart.pptx	ok	bbc6261f78e724ee5164933c43129713
combo_bar_line_chart__pptx	slides/chartset-001/pptx/combo_bar_line_chart.pptx	ok	d0a8c2b8ede3578460486cab93e2f534
line_chart__pptx	slides/chartset-001/pptx/line_chart.pptx	ok	6f2ffb8e13bfe7628bf920e7dc4c754a
008_advanced_powerpoint_bubble__pptx	slides/chartset-001/pptx/008_advanced_powerpoint_bubble.pptx	ok	d685bc84d3c2dc600720c503d1f44d9f
015_advanced_powerpoint_scatter__pptx	slides/chartset-001/pptx/015_advanced_powerpoint_scatter.pptx	ok	c08cf0178082ca67e44ce28036bf0c17
016_advanced_powerpoint_bubble__pptx	slides/chartset-001/pptx/016_advanced_powerpoint_bubble.pptx	ok	199630e090030fe99a1888abb68e9ef0
031_advanced_powerpoint_scatter__pptx	slides/chartset-001/pptx/031_advanced_powerpoint_scatter.pptx	ok	cb98e4d44d275078fcf77a97ffc79a7c
007_advanced_powerpoint_scatter__pptx	slides/chartset-002/pptx/007_advanced_powerpoint_scatter.pptx	ok	6003a464166b3593a4130dfbdea8f8c5
023_advanced_powerpoint_scatter__pptx	slides/chartset-002/pptx/023_advanced_powerpoint_scatter.pptx	ok	c69c9ae11b481ddb0a633c1b9e1a2b79
032_advanced_powerpoint_bubble__pptx	slides/chartset-002/pptx/032_advanced_powerpoint_bubble.pptx	ok	9189e45007adde727f9c7870704806eb
024_advanced_powerpoint_bubble__pptx	slides/chartset-002/pptx/024_advanced_powerpoint_bubble.pptx	ok	9a182089791cd24a6b9282babfbf72c9
006_advanced_powerpoint_area__pptx	slides/chartset-002/pptx/006_advanced_powerpoint_area.pptx	ok	7c181bc0f161fc892b863ec4a72b0e56
014_advanced_powerpoint_area__pptx	slides/chartset-002/pptx/014_advanced_powerpoint_area.pptx	ok	2920bfe865379959cd51e5d3daeca707
030_advanced_powerpoint_area__pptx	slides/chartset-002/pptx/030_advanced_powerpoint_area.pptx	ok	0fd7069afab0aa6cc41f6d7cc2628778
001_advanced_powerpoint_bar__pptx	slides/chartset-002/pptx/001_advanced_powerpoint_bar.pptx	ok	c905781700b5cd40c18b05297c68cbe4
017_advanced_powerpoint_bar__pptx	slides/chartset-002/pptx/017_advanced_powerpoint_bar.pptx	ok	078378f479f7e3a2cea64165696018e9
033_advanced_powerpoint_bar__pptx	slides/chartset-002/pptx/033_advanced_powerpoint_bar.pptx	ok	033519646c5e7439a1a09286b06bedb0
019_advanced_powerpoint_line__pptx	slides/chartset-003/pptx/019_advanced_powerpoint_line.pptx	ok	dc3f4bbb55885d4fb74930a6eea2f4fb
003_advanced_powerpoint_line__pptx	slides/chartset-003/pptx/003_advanced_powerpoint_line.pptx	ok	3def7e684e1eeba325c6f06cfbb86188
002_advanced_powerpoint_column__pptx	slides/chartset-003/pptx/002_advanced_powerpoint_column.pptx	ok	4ae5cb651858b1bf2b4f4f24ccb10c31
010_advanced_powerpoint_column__pptx	slides/chartset-003/pptx/010_advanced_powerpoint_column.pptx	ok	199f412c95019bc459db69a6f0bd69e8
011_advanced_powerpoint_line__pptx	slides/chartset-003/pptx/011_advanced_powerpoint_line.pptx	ok	a3c5dc4585b6b577ef742d43737b16d4
027_advanced_powerpoint_line__pptx	slides/chartset-003/pptx/027_advanced_powerpoint_line.pptx	ok	151797a0a2476f64e7d144470326b982
012_advanced_powerpoint_pie__pptx	slides/chartset-003/pptx/012_advanced_powerpoint_pie.pptx	ok	574606ff161c735783c80df5ae63a3c3
028_advanced_powerpoint_pie__pptx	slides/chartset-003/pptx/028_advanced_powerpoint_pie.pptx	ok	5073751d727f42c99d76329edf0063da
005_advanced_powerpoint_doughnut__pptx	slides/chartset-003/pptx/005_advanced_powerpoint_doughnut.pptx	ok	e71aab160d5e618c5c8c975318857747
009_advanced_powerpoint_bar__pptx	slides/chartset-003/pptx/009_advanced_powerpoint_bar.pptx	ok	f69fa8c6ecea3dcfb247e01e7d137d4e
021_advanced_powerpoint_doughnut__pptx	slides/chartset-004/pptx/021_advanced_powerpoint_doughnut.pptx	ok	d58526dd3bb2bbe62bcebaa0c0055455
025_advanced_powerpoint_bar__pptx	slides/chartset-004/pptx/025_advanced_powerpoint_bar.pptx	ok	ef8809f0388f62b97e17d3eab5514c5b
026_advanced_powerpoint_column__pptx	slides/chartset-004/pptx/026_advanced_powerpoint_column.pptx	ok	28aba355b22eada2e8c9d7c3a50bd977
013_advanced_powerpoint_doughnut__pptx	slides/chartset-004/pptx/013_advanced_powerpoint_doughnut.pptx	ok	4e0bc8f54e21ac3b7af725404b0ccb87
029_advanced_powerpoint_doughnut__pptx	slides/chartset-004/pptx/029_advanced_powerpoint_doughnut.pptx	ok	eec99cbf7516e3ee2135296bafbf9926
004_advanced_powerpoint_pie__pptx	slides/chartset-004/pptx/004_advanced_powerpoint_pie.pptx	ok	141b8d6ccab28714c40ad7fc4dd9917b
020_advanced_powerpoint_pie__pptx	slides/chartset-004/pptx/020_advanced_powerpoint_pie.pptx	ok	271a914099531b8570c525e3e06c6ed7
022_advanced_powerpoint_area__pptx	slides/chartset-004/pptx/022_advanced_powerpoint_area.pptx	ok	a0ca7f6ffcc11c82e265cc53644f723e
018_advanced_powerpoint_column__pptx	slides/chartset-004/pptx/018_advanced_powerpoint_column.pptx	ok	fc16d639f2600ff7f244602aac08b547
003_Free_Genogram_Diagram_Template_Easy_Format_60eb6e42__docx	words/chartset-005/docx/003_Free_Genogram_Diagram_Template_Easy_Format_60eb6e42.docx	ok	f31a58325f54b6cc8703386b6630a4cc
005_Free_Genogram_Diagram_Template_Excellent_layout_f5f185d0__docx	words/chartset-005/docx/005_Free_Genogram_Diagram_Template_Excellent_layout_f5f185d0.docx	ok	e93c943466be85243135b75bf6120f7a
036_Venn_Diagram_Template_Fillable_Layout_3ffbba36__docx	words/chartset-005/docx/036_Venn_Diagram_Template_Fillable_Layout_3ffbba36.docx	ok	4343d26feae0b6a6a41c32a89c5ce853
052_Organogram_Template_Colorful_Flow_Chart_cba9fbfe__docx	words/chartset-005/docx/052_Organogram_Template_Colorful_Flow_Chart_cba9fbfe.docx	ok	959c3f9d79fb6e5d15333d288a105b01
053_Organogram_Template_Creative_Theme_21657a3d__docx	words/chartset-005/docx/053_Organogram_Template_Creative_Theme_21657a3d.docx	ok	d8e7942a9fc9cbf59b876c409dbe22d2
054_Organogram_Template_Grey_Vertical_Theme_b2dbd9a8__docx	words/chartset-005/docx/054_Organogram_Template_Grey_Vertical_Theme_b2dbd9a8.docx	ok	fe0ea4ce57f860588a572745e8f0de64
083_Printable_Graph_Paper_Template_Customizable_Format_55ff93a3__docx	words/chartset-005/docx/083_Printable_Graph_Paper_Template_Customizable_Format_55ff93a3.docx	ok	59638b84da233ca6c684a71812af1ef8
084_Printable_Graph_Paper_Template_Editable_Layout_d66c6820__docx	words/chartset-005/docx/084_Printable_Graph_Paper_Template_Editable_Layout_d66c6820.docx	ok	9384d9fd7e8e1c1071bbce59f76875a1
085_Printable_Graph_Paper_Template_Excellent_Format_4bcae89a__docx	words/chartset-005/docx/085_Printable_Graph_Paper_Template_Excellent_Format_4bcae89a.docx	ok	f5336e35f2ac84eb85353861575b04bd
087_Printable_Graph_Paper_Template_Green_Theme_0c14ea04__docx	words/chartset-005/docx/087_Printable_Graph_Paper_Template_Green_Theme_0c14ea04.docx	ok	cd85cd2206e4bc3e6c52b0f8b1e48d04
001_Free_Genogram_Diagram_Template_Blue_and_Gray_Theme_7c9e01a7__docx	words/chartset-006/docx/001_Free_Genogram_Diagram_Template_Blue_and_Gray_Theme_7c9e01a7.docx	ok	a8063a446d835e4788276780c85e5f3b
002_Free_Genogram_Diagram_Template_Customizable_Format_2219584b__docx	words/chartset-006/docx/002_Free_Genogram_Diagram_Template_Customizable_Format_2219584b.docx	ok	6aa91eb877fba745f13e99a1ca8bf1a9
033_Venn_Diagram_Template_Colored_Theme_2aea6697__docx	words/chartset-006/docx/033_Venn_Diagram_Template_Colored_Theme_2aea6697.docx	ok	5a26719ba9615c0e42a446d65a61df8e
057_Organogram_Template_Vertical_Colorful_Theme_724b143c__docx	words/chartset-006/docx/057_Organogram_Template_Vertical_Colorful_Theme_724b143c.docx	ok	d9452d5fe28b76d553c7d6c0fe7e6345
081_Printable_Graph_Paper_Template_Blue_Theme_629316cb__docx	words/chartset-006/docx/081_Printable_Graph_Paper_Template_Blue_Theme_629316cb.docx	ok	5219c36caecc47c9ff3d2f431ffa3b5b
086_Printable_Graph_Paper_Template_Gray_Theme_7300e5d7__docx	words/chartset-006/docx/086_Printable_Graph_Paper_Template_Gray_Theme_7300e5d7.docx	ok	d0979781a1ed3ebdbd41e8e5710cddab
088_Printable_Graph_Paper_Template_Quality_layout_33051f6e__docx	words/chartset-006/docx/088_Printable_Graph_Paper_Template_Quality_layout_33051f6e.docx	ok	fcf073ed213962b9babb1f11707c7a72
093_Business_Case_Template_Customizable_Layout_510c25e7__docx	words/chartset-006/docx/093_Business_Case_Template_Customizable_Layout_510c25e7.docx	ok	8e6269d642469af310bdfd58c1663fc1
097_Business_Case_Template_Elegant_Layout_3ba9cbf2__docx	words/chartset-006/docx/097_Business_Case_Template_Elegant_Layout_3ba9cbf2.docx	ok	38ff1d4f855ca8112945cab1d8c1f781
099_Business_Case_Template_Gray_Theme_ac3edbf4__docx	words/chartset-006/docx/099_Business_Case_Template_Gray_Theme_ac3edbf4.docx	ok	875c3d5d64c7285a3290726a1ce91022
009_Free_Genogram_Diagram_Template_Handy_Format_4bb900f0__docx	words/chartset-007/docx/009_Free_Genogram_Diagram_Template_Handy_Format_4bb900f0.docx	ok	dddf932a50313b9b83008ddc698cbab1
018_Project_Timeline_Template_Editable_Format_e1cf1df5__docx	words/chartset-007/docx/018_Project_Timeline_Template_Editable_Format_e1cf1df5.docx	ok	efac91d7698dc8df0eb2a451077c6bad
025_Unit_Circle_Chart_Cos_and_Sin_Model_1ed01892__docx	words/chartset-007/docx/025_Unit_Circle_Chart_Cos_and_Sin_Model_1ed01892.docx	ok	0b50fd9d6e35409aba6ab7e022298518
034_Venn_Diagram_Template_Customizable_Format_d14642b7__docx	words/chartset-007/docx/034_Venn_Diagram_Template_Customizable_Format_d14642b7.docx	ok	5defca816dda12086a7e783e0c37ca59
049_Visual_Product_Roadmap_Template_Simple_Format_4af26e4f__docx	words/chartset-007/docx/049_Visual_Product_Roadmap_Template_Simple_Format_4af26e4f.docx	ok	bc086c2f7a1c36ac4a51dd351e56a51e
058_Organogram_Template_With_Picture_Theme_44b79368__docx	words/chartset-007/docx/058_Organogram_Template_With_Picture_Theme_44b79368.docx	ok	684bfa705d8d739c19df6631f16041c8
074_Storyboard_Template_Editable_Design_132436d1__docx	words/chartset-007/docx/074_Storyboard_Template_Editable_Design_132436d1.docx	ok	ca6cd46c83d21fc89064506acb3676c9
080_Printable_Graph_Paper_Template_Black_Theme_6b066be1__docx	words/chartset-007/docx/080_Printable_Graph_Paper_Template_Black_Theme_6b066be1.docx	ok	3e59ecfdb7d6036bd0e73c8b11ca5ff8
089_Printable_Graph_Paper_Template_Simlpe_Format_3aff1c88__docx	words/chartset-007/docx/089_Printable_Graph_Paper_Template_Simlpe_Format_3aff1c88.docx	ok	9794da7abba4cd458016e46dbe7f905b
094_Business_Case_Template_Decent_Layout_e7722f2b__docx	words/chartset-007/docx/094_Business_Case_Template_Decent_Layout_e7722f2b.docx	ok	72155b85236d9eed6949176d8816398f
004_Free_Genogram_Diagram_Template_Editable_Format_b82b6152__docx	words/chartset-008/docx/004_Free_Genogram_Diagram_Template_Editable_Format_b82b6152.docx	ok	aa4ab52120cd40ab5e0ad5ecb3f5c985
006_Free_Genogram_Diagram_Template_Fillable_Format_7ca08541__docx	words/chartset-008/docx/006_Free_Genogram_Diagram_Template_Fillable_Format_7ca08541.docx	ok	86ef2b1d96e3b128634bd287932b3849
010_Free_Genogram_Diagram_Template_Yellow_Theme_6ee4f818__docx	words/chartset-008/docx/010_Free_Genogram_Diagram_Template_Yellow_Theme_6ee4f818.docx	ok	05c9cd96fb7086868abec6e88b871d3e
012_Project_Timeline_Template_Black_and_Brown_Theme_35c76550__docx	words/chartset-008/docx/012_Project_Timeline_Template_Black_and_Brown_Theme_35c76550.docx	ok	0902596c135f5babe580eaf4b12672ad
016_Project_Timeline_Template_Complete_Guide_7d36d09c__docx	words/chartset-008/docx/016_Project_Timeline_Template_Complete_Guide_7d36d09c.docx	ok	3845490285d4decefc1dc1f1c7b9cc78
035_Venn_Diagram_Template_Editable_Format_966dff5f__docx	words/chartset-008/docx/035_Venn_Diagram_Template_Editable_Format_966dff5f.docx	ok	4bfe29aa62cc1bdf9c3cda30b4ffad0f
046_Visual_Product_Roadmap_Template_Fillable_Format_582acab0__docx	words/chartset-008/docx/046_Visual_Product_Roadmap_Template_Fillable_Format_582acab0.docx	ok	ec703f5e3144a889bc10e83cac0262f6
092_Business_Case_Template_Convenient_Format_00786cce__docx	words/chartset-008/docx/092_Business_Case_Template_Convenient_Format_00786cce.docx	ok	f9b47a8fb9cfc61aa52dab54ce9e41c2
098_Business_Case_Template_Fillable_Layout_d0c5410e__docx	words/chartset-008/docx/098_Business_Case_Template_Fillable_Layout_d0c5410e.docx	ok	88fb5d98f21297102fd6afea37257b6c
100_Business_Case_Template_Modern_Format_ff9e7282__docx	words/chartset-008/docx/100_Business_Case_Template_Modern_Format_ff9e7282.docx	ok	39b702f37685da8fc6f0936f7f216102
007_Free_Genogram_Diagram_Template_Green_and_Purple_Theme_8d2ba829__docx	words/chartset-009/docx/007_Free_Genogram_Diagram_Template_Green_and_Purple_Theme_8d2ba829.docx	ok	8f466a86d62dedd7efdc142ecbe105b4
017_Project_Timeline_Template_Customizable_Format_5d5ca2e8__docx	words/chartset-009/docx/017_Project_Timeline_Template_Customizable_Format_5d5ca2e8.docx	ok	f19184c3bddcd253b3e328e80112b02f
019_Project_Timeline_Template_Excellent_Layout_4ee62967__docx	words/chartset-009/docx/019_Project_Timeline_Template_Excellent_Layout_4ee62967.docx	ok	f4679d9a457565d1d229251dbf8bf623
027_Unit_Circle_Chart_Graphical_Chart_5462a579__docx	words/chartset-009/docx/027_Unit_Circle_Chart_Graphical_Chart_5462a579.docx	ok	472c9db48109e977232016fa81fed9f1
030_Unit_Circle_Chart_Points_System_23b5ef07__docx	words/chartset-009/docx/030_Unit_Circle_Chart_Points_System_23b5ef07.docx	ok	2cc9b249af7d95d19805d95bf6aca183
037_Venn_Diagram_Template_Four_Circle_764829a0__docx	words/chartset-009/docx/037_Venn_Diagram_Template_Four_Circle_764829a0.docx	ok	0275d48a6e5340f2e16101ba3f8d94df
041_Visual_Product_Roadmap_Template_Blank_Format_63a3e010__docx	words/chartset-009/docx/041_Visual_Product_Roadmap_Template_Blank_Format_63a3e010.docx	ok	7675f561b65eae49c03f59e502218670
042_Visual_Product_Roadmap_Template_Colored_Background_89385cfb__docx	words/chartset-009/docx/042_Visual_Product_Roadmap_Template_Colored_Background_89385cfb.docx	ok	2d6b106bb47db4811796cabf082d7a3e
077_Storyboard_Template_Pink_and_Blue_Theme_805e82ab__docx	words/chartset-009/docx/077_Storyboard_Template_Pink_and_Blue_Theme_805e82ab.docx	ok	a1af0eb58c5bc0abe572a13b038c3849
082_Printable_Graph_Paper_Template_Colored_Background_9092cf9b__docx	words/chartset-009/docx/082_Printable_Graph_Paper_Template_Colored_Background_9092cf9b.docx	ok	7b648aeb16e877d30e5e35317440b68a
020_Project_Timeline_Template_Modern_Theme_0c215d87__docx	words/chartset-010/docx/020_Project_Timeline_Template_Modern_Theme_0c215d87.docx	ok	671f31b7a6d8515aee89e694b5418ae9
023_Unit_Circle_Chart_Circular_Percentage_790f7b75__docx	words/chartset-010/docx/023_Unit_Circle_Chart_Circular_Percentage_790f7b75.docx	ok	e2aabfee4033ec00d8d1c6c8e75588f3
026_Unit_Circle_Chart_Four_Quadrants_09bf3ed1__docx	words/chartset-010/docx/026_Unit_Circle_Chart_Four_Quadrants_09bf3ed1.docx	ok	a8600fad8d86fc658f145148a8e06a42
028_Unit_Circle_Chart_Optimized_Graph_83d9c756__docx	words/chartset-010/docx/028_Unit_Circle_Chart_Optimized_Graph_83d9c756.docx	ok	69998b610a1f70fb26ae14520074cda1
032_Venn_Diagram_Template_Brown_Theme_d5b549f0__docx	words/chartset-010/docx/032_Venn_Diagram_Template_Brown_Theme_d5b549f0.docx	ok	a25f3f4b23a94780be4329c1946e8562
051_Organogram_Template_Basic_Theme_e6464d06__docx	words/chartset-010/docx/051_Organogram_Template_Basic_Theme_e6464d06.docx	ok	8a95805b13574e1fc16cb4dfd0f8f378
056_Organogram_Template_Square_Theme_38f373d4__docx	words/chartset-010/docx/056_Organogram_Template_Square_Theme_38f373d4.docx	ok	df937f7d59ba9632fbdc1817364c8a92
066_Work_Breakdown_Structure_Template_Colored_Background_c27ff248__docx	words/chartset-010/docx/066_Work_Breakdown_Structure_Template_Colored_Background_c27ff248.docx	ok	b18db9acbc9de219b2331153a6e3d8b8
067_Work_Breakdown_Structure_Template_Gray_Theme_89f8be8b__docx	words/chartset-010/docx/067_Work_Breakdown_Structure_Template_Gray_Theme_89f8be8b.docx	ok	7435c7881858f8042669a16ca4a9edc5
090_Business_Case_Template_Blue_Theme_108ff0f1__docx	words/chartset-010/docx/090_Business_Case_Template_Blue_Theme_108ff0f1.docx	ok	4bddd2abce10a5591c9dc5bcd035b8c4
015_Project_Timeline_Template_Colored_Background_6434b0e8__docx	words/chartset-011/docx/015_Project_Timeline_Template_Colored_Background_6434b0e8.docx	ok	872d39ac10dc2378504c47384c475c68
022_Unit_Circle_Chart_Circle_A_and_B_19dbf275__docx	words/chartset-011/docx/022_Unit_Circle_Chart_Circle_A_and_B_19dbf275.docx	ok	b9009fbf55a34e9e5447ba82a7343da4
029_Unit_Circle_Chart_Pie_Theme_8a922142__docx	words/chartset-011/docx/029_Unit_Circle_Chart_Pie_Theme_8a922142.docx	ok	deda6dc39c64509ac108f0b8a8c22a74
039_Venn_Diagram_Template_Simple_Format_6f82661d__docx	words/chartset-011/docx/039_Venn_Diagram_Template_Simple_Format_6f82661d.docx	ok	096a7665e6ad7d991c49c169e57ed7ee
040_Venn_Diagram_Template_Three_Circle_80f32f5e__docx	words/chartset-011/docx/040_Venn_Diagram_Template_Three_Circle_80f32f5e.docx	ok	69b87ec1adf626f21e811820c7eaab8a
043_Visual_Product_Roadmap_Template_Customizable_Format_ee0fe5b1__docx	words/chartset-011/docx/043_Visual_Product_Roadmap_Template_Customizable_Format_ee0fe5b1.docx	ok	e5f9b2e9e75e54d03687204723518c5e
061_Nursing_Concept_Map_Template_fb9816f0__docx	words/chartset-011/docx/061_Nursing_Concept_Map_Template_fb9816f0.docx	ok	4eb7ed2f73e1c407ca31e893b70db252
064_Foot_Reflexology_Chart_Customizable_Format_79b7db06__docx	words/chartset-011/docx/064_Foot_Reflexology_Chart_Customizable_Format_79b7db06.docx	ok	933ae7368a35722d75c3761f65ee26e2
065_Work_Breakdown_Structure_Template_Blue_Theme_2b207f62__docx	words/chartset-011/docx/065_Work_Breakdown_Structure_Template_Blue_Theme_2b207f62.docx	ok	da3f57ea80ffc1d0eef91ef668c9af78
068_Work_Breakdown_Structure_Template_Green_Theme_63e69ed8__docx	words/chartset-011/docx/068_Work_Breakdown_Structure_Template_Green_Theme_63e69ed8.docx	ok	99e80cc0b588c827d8b3fa38b73f46d2
008_Free_Genogram_Diagram_Template_Green_and_Yellow_Theme_9017c1a8__docx	words/chartset-012/docx/008_Free_Genogram_Diagram_Template_Green_and_Yellow_Theme_9017c1a8.docx	ok	8cfe71e3b0d4b9e57583adfd51f5f178
013_Project_Timeline_Template_Blue_Background_4ea3475e__docx	words/chartset-012/docx/013_Project_Timeline_Template_Blue_Background_4ea3475e.docx	ok	a0379e5c8e40e0cc815e58b0621351f1
021_Unit_Circle_Chart_3D_Pie_Chart_404247ab__docx	words/chartset-012/docx/021_Unit_Circle_Chart_3D_Pie_Chart_404247ab.docx	ok	87531fdedcd5f74f855a20d18397225d
024_Unit_Circle_Chart_Colorful_Circles_7c92601e__docx	words/chartset-012/docx/024_Unit_Circle_Chart_Colorful_Circles_7c92601e.docx	ok	7dda47f29a9d62e9577f489cc3c748ba
031_Venn_Diagram_Template_Blue_Theme_a9e417b8__docx	words/chartset-012/docx/031_Venn_Diagram_Template_Blue_Theme_a9e417b8.docx	ok	d9e1ce44b17b736e1b297027c69ee13e
044_Visual_Product_Roadmap_Template_Editable_Format_c232a2c0__docx	words/chartset-012/docx/044_Visual_Product_Roadmap_Template_Editable_Format_c232a2c0.docx	ok	34135a66392c5605a4ce021a6cb13f50
050_Visual_Product_Roadmap_Template_Yellow_and_Blue_Theme_49b50744__docx	words/chartset-012/docx/050_Visual_Product_Roadmap_Template_Yellow_and_Blue_Theme_49b50744.docx	ok	9e581eb589aec662d3afd98556973f7d
055_Organogram_Template_Horizontal_Structure_28a7e725__docx	words/chartset-012/docx/055_Organogram_Template_Horizontal_Structure_28a7e725.docx	ok	f46278915f066b68bf245eb7b6f4c007
095_Business_Case_Template_Easy_Format_61de7128__docx	words/chartset-012/docx/095_Business_Case_Template_Easy_Format_61de7128.docx	ok	4ec11aaaf1a55f37b6cd5ff17e270a84
096_Business_Case_Template_Editable_Layout_41fe0bc0__docx	words/chartset-012/docx/096_Business_Case_Template_Editable_Layout_41fe0bc0.docx	ok	56ac52f2c7ef40051cbcc50ac33c321c
038_Venn_Diagram_Template_Off_White_and_Blue_Theme_9dff385e__docx	words/chartset-013/docx/038_Venn_Diagram_Template_Off_White_and_Blue_Theme_9dff385e.docx	ok	15e44a125d14c42df00c3c8a02b11e69
047_Visual_Product_Roadmap_Template_Professional_Layout_2ff4499e__docx	words/chartset-013/docx/047_Visual_Product_Roadmap_Template_Professional_Layout_2ff4499e.docx	ok	cbbf0372e8ac88e1ef243df76e3630cd
048_Visual_Product_Roadmap_Template_Quality_Layout_f38f7aee__docx	words/chartset-013/docx/048_Visual_Product_Roadmap_Template_Quality_Layout_f38f7aee.docx	ok	6f0b61deebc85621f3a8ae8be135e42c
059_Disease_Concept_Map_Template_4acf63f2__docx	words/chartset-013/docx/059_Disease_Concept_Map_Template_4acf63f2.docx	ok	3ea458b81fd10f6ce3becd0d3d11a6ab
060_Human_Body_Concept_Map_Template_ac872cfb__docx	words/chartset-013/docx/060_Human_Body_Concept_Map_Template_ac872cfb.docx	ok	2dbe02372096d32a7f41f57ecfbcc6cc
069_Work_Breakdown_Structure_Template_Professional_Format_1e02dce1__docx	words/chartset-013/docx/069_Work_Breakdown_Structure_Template_Professional_Format_1e02dce1.docx	ok	461b74d6c16c73cc01e513587b64dbb0
072_Storyboard_Template_Colored_Theme_28524a15__docx	words/chartset-013/docx/072_Storyboard_Template_Colored_Theme_28524a15.docx	ok	dc609706a5ac03d7612695b99638fe75
073_Storyboard_Template_Easy_to_Use_44ce05fc__docx	words/chartset-013/docx/073_Storyboard_Template_Easy_to_Use_44ce05fc.docx	ok	b0f3e8244add18bf35fd265a9bffc057
075_Storyboard_Template_Fillable_Format_7fa01641__docx	words/chartset-013/docx/075_Storyboard_Template_Fillable_Format_7fa01641.docx	ok	971cd9360ae1aa3b4482fe0576e8357f
091_Business_Case_Template_Complete_Guide_cb91a140__docx	words/chartset-013/docx/091_Business_Case_Template_Complete_Guide_cb91a140.docx	ok	4665901d60d308cfa97b610f3a4228d2
011_Project_Timeline_Template_Beautiful_Theme_2336e680__docx	words/chartset-014/docx/011_Project_Timeline_Template_Beautiful_Theme_2336e680.docx	ok	fdcf83fe8e5f4d861283510550506703
014_Project_Timeline_Template_Blue_and_Green_Theme_a8311fa1__docx	words/chartset-014/docx/014_Project_Timeline_Template_Blue_and_Green_Theme_a8311fa1.docx	ok	2495b536c16ffe93cc943d826625166e
045_Visual_Product_Roadmap_Template_Excellent_Format_e364063c__docx	words/chartset-014/docx/045_Visual_Product_Roadmap_Template_Excellent_Format_e364063c.docx	ok	923b538b8ade5634f9dc079ead3c3aa2
062_Vocabulary_Concept_Map_Template_2f7c1c09__docx	words/chartset-014/docx/062_Vocabulary_Concept_Map_Template_2f7c1c09.docx	ok	0d98270f6225243c8f13be5d65bef764
063_Foot_Reflexology_Chart_Complete_Guide_cf5ed992__docx	words/chartset-014/docx/063_Foot_Reflexology_Chart_Complete_Guide_cf5ed992.docx	ok	a83cde38f4ee5b38b8aab283643dad37
070_Storyboard_Template_Blank_Format_fc41673a__docx	words/chartset-014/docx/070_Storyboard_Template_Blank_Format_fc41673a.docx	ok	194ce16b5aeb2ac273e153efe01c46ce
071_Storyboard_Template_Cartoon_Theme_ae113de2__docx	words/chartset-014/docx/071_Storyboard_Template_Cartoon_Theme_ae113de2.docx	ok	ed568af28f6bdc27cac0bacda9a65a03
076_Storyboard_Template_Gray_Theme_1e5fd5e5__docx	words/chartset-014/docx/076_Storyboard_Template_Gray_Theme_1e5fd5e5.docx	ok	3ad9e16af9d4bf88f4f5da3c91b5976b
078_Storyboard_Template_Pink_and_Gray_Theme_ea89553f__docx	words/chartset-014/docx/078_Storyboard_Template_Pink_and_Gray_Theme_ea89553f.docx	ok	ee4567bf78559647a64a8bb9d4223e43
079_Storyboard_Template_Simple_Format_81653703__docx	words/chartset-014/docx/079_Storyboard_Template_Simple_Format_81653703.docx	ok	5215bb7bdf777ae35dfe87944ffcab48
004_Contextures_chart_sample_de7c0671__xlsx	sheets/chartset-005/xlsx/004_Contextures_chart_sample_de7c0671.xlsx	ok	a56543f5cff113b6dd6d5e4b6d33551f
022_Pareto_Chart_Template_-_Pareto_Analysis_in_Excel_with_Pareto_Diagram_82b5a874__xlsx	sheets/chartset-005/xlsx/022_Pareto_Chart_Template_-_Pareto_Analysis_in_Excel_with_Pareto_Diagram_82b5a874.xlsx	ok	f7b6f518bb3285e3219caba51dac15d4
067_Basic_invoice_Use_this_template_1d35c3e9__xlsx	sheets/chartset-005/xlsx/067_Basic_invoice_Use_this_template_1d35c3e9.xlsx	ok	538e2087d965b7f0ea8ddf7b50368391
073_Graph_paper_6e1a30eb__xlsx	sheets/chartset-005/xlsx/073_Graph_paper_6e1a30eb.xlsx	ok	1fcc7735887e48365e7caad85b84d004
074_Idea_planner_bacaa123__xlsx	sheets/chartset-005/xlsx/074_Idea_planner_bacaa123.xlsx	ok	186ad0a7dcccab5c49f1b063bf044913
091_Volunteer_Sign_Up_Sheet_Template_Colored_Background_2cb58d01__xlsx	sheets/chartset-005/xlsx/091_Volunteer_Sign_Up_Sheet_Template_Colored_Background_2cb58d01.xlsx	ok	d32c323861303b57da8a4afaa873d29d
093_Volunteer_Sign_Up_Sheet_Template_Customizable_Format_3a4d6b58__xlsx	sheets/chartset-005/xlsx/093_Volunteer_Sign_Up_Sheet_Template_Customizable_Format_3a4d6b58.xlsx	ok	5f82db566a1971570bf7a137ee100e7c
095_Volunteer_Sign_Up_Sheet_Template_Fillable_Format_b3330009__xlsx	sheets/chartset-005/xlsx/095_Volunteer_Sign_Up_Sheet_Template_Fillable_Format_b3330009.xlsx	ok	be9c88fdab85623baa43438ae7be5b24
096_Volunteer_Sign_Up_Sheet_Template_Green_Theme_b4f1809d__xlsx	sheets/chartset-005/xlsx/096_Volunteer_Sign_Up_Sheet_Template_Green_Theme_b4f1809d.xlsx	ok	9fc4bf549ca4482c22ebd163a71d9518
098_Volunteer_Sign_Up_Sheet_Template_Simple_Layout_080a06a1__xlsx	sheets/chartset-005/xlsx/098_Volunteer_Sign_Up_Sheet_Template_Simple_Layout_080a06a1.xlsx	ok	d532d6c0a061923d32ec4a9e889b6644
005_Contextures_chart_sample_6e279b08__xlsx	sheets/chartset-006/xlsx/005_Contextures_chart_sample_6e279b08.xlsx	ok	f51d0b422f8287637f14d2feb5de1263
006_Contextures_chart_sample_afa23b53__xlsx	sheets/chartset-006/xlsx/006_Contextures_chart_sample_afa23b53.xlsx	ok	bfa6b7d2109b9b0688fac1d204653f9c
044_Cash_flow_forecast_Use_this_template_b8fa1f35__xlsx	sheets/chartset-006/xlsx/044_Cash_flow_forecast_Use_this_template_b8fa1f35.xlsx	ok	3c23db2ff3b0f273480c0f50d968a940
052_Manufacturing_output_chart_88570318__xlsx	sheets/chartset-006/xlsx/052_Manufacturing_output_chart_88570318.xlsx	ok	5b58fc2ff270837452bd2d69981cae95
061_Regional_sales_chart_cb9eb690__xlsx	sheets/chartset-006/xlsx/061_Regional_sales_chart_cb9eb690.xlsx	ok	388e67ac5b98f70cfa2ba811e33f30db
070_Equipment_inventory_list_Use_this_template_fd524c8a__xlsx	sheets/chartset-006/xlsx/070_Equipment_inventory_list_Use_this_template_fd524c8a.xlsx	ok	7c3bdc751b57b572082bfa38f0051c2d
088_To-do_list_with_progress_tracker_Use_this_template_8c438912__xlsx	sheets/chartset-006/xlsx/088_To-do_list_with_progress_tracker_Use_this_template_8c438912.xlsx	ok	8e1c55d0ea7ef0c5138dc6ff2f53d09f
089_Vintage_inventory_list_Use_this_template_f616cac0__xlsx	sheets/chartset-006/xlsx/089_Vintage_inventory_list_Use_this_template_f616cac0.xlsx	ok	0ab23fac8d2d7b48aa997271314e977e
011_Contextures_chart_sample_599b4392__xls	sheets/chartset-006/xls/011_Contextures_chart_sample_599b4392.xls	ok	7b0aa359ac3571722e6c5e62c31923ed
014_Contextures_chart_sample_991ecfc5__xls	sheets/chartset-006/xls/014_Contextures_chart_sample_991ecfc5.xls	ok	aed179fca27aa49ce9937c6b616eb55a
003_Contextures_chart_sample_9bda2719__xlsm	sheets/chartset-007/xlsm/003_Contextures_chart_sample_9bda2719.xlsm	ok	3959855e93af0f987d5fe5fca6bf457e
037_Personal_money_tracker_a57957bb__xlsx	sheets/chartset-007/xlsx/037_Personal_money_tracker_a57957bb.xlsx	ok	9a7f804ccc6ebc4d2bd3cdb4e2a3340f
040_Blood_pressure_tracker_872b6833__xlsx	sheets/chartset-007/xlsx/040_Blood_pressure_tracker_872b6833.xlsx	ok	067f56a1c5c2887ba4f684cdfba6dc91
050_Financial_vision_d44241e1__xlsx	sheets/chartset-007/xlsx/050_Financial_vision_d44241e1.xlsx	ok	ed0d47d1ba775b5cfb4ef7828c17bb70
054_Problem_analysis_with_Pareto_chart_11058329__xlsx	sheets/chartset-007/xlsx/054_Problem_analysis_with_Pareto_chart_11058329.xlsx	ok	8ea76d4b6dfd744a461e97e64e6f7be3
058_Social_media_engagement_data_cfa1cb18__xlsx	sheets/chartset-007/xlsx/058_Social_media_engagement_data_cfa1cb18.xlsx	ok	808f87bed05f139e15c9956861a67165
063_Sales_pipeline_aec57013__xlsx	sheets/chartset-007/xlsx/063_Sales_pipeline_aec57013.xlsx	ok	d98d07d278d75ce82c7ae37a4133b713
082_Project_to_do_list_28f80082__xlsx	sheets/chartset-007/xlsx/082_Project_to_do_list_28f80082.xlsx	ok	1d8ee0210265d0f32a324b4aa400c625
083_Project_tracker_Use_this_template_b38d057c__xlsx	sheets/chartset-007/xlsx/083_Project_tracker_Use_this_template_b38d057c.xlsx	ok	1de9cb887948aa2fd3a21d6ffebe5144
090_Weekly_time_sheet_Use_this_template_0499cc43__xlsx	sheets/chartset-007/xlsx/090_Weekly_time_sheet_Use_this_template_0499cc43.xlsx	ok	47c9fd992fc8a433e8e0f793e7ef36dc
008_Contextures_chart_sample_7ea7a1d7__xlsx	sheets/chartset-008/xlsx/008_Contextures_chart_sample_7ea7a1d7.xlsx	ok	61d16857e40a2e2effa299d0572f84d2
021_Control_Chart_Template_-_Create_Control_Charts_in_Excel_fd3b1a5d__xlsx	sheets/chartset-008/xlsx/021_Control_Chart_Template_-_Create_Control_Charts_in_Excel_fd3b1a5d.xlsx	ok	a6e128d9606ad265ed22ea4dc9b45a4c
023_Waterfall_Chart_Template_for_Excel_349f7689__xlsx	sheets/chartset-008/xlsx/023_Waterfall_Chart_Template_for_Excel_349f7689.xlsx	ok	2995146b4755a75baacefda935972565
034_Personal_net_worth_calculator_f7b8fb57__xlsx	sheets/chartset-008/xlsx/034_Personal_net_worth_calculator_f7b8fb57.xlsx	ok	355a11c5a0e7358a60a8f651905f8730
046_Cost_analysis_with_Pareto_chart_7db5ef69__xlsx	sheets/chartset-008/xlsx/046_Cost_analysis_with_Pareto_chart_7db5ef69.xlsx	ok	7f73a7fe521b60df6c28aad7cd41085b
051_Manufacturer_defect_analysis_53db27ea__xlsx	sheets/chartset-008/xlsx/051_Manufacturer_defect_analysis_53db27ea.xlsx	ok	aff17e5fbf43e71930fff20668288aae
055_Project_timeline_with_milestones_Use_this_template_546cecc0__xlsx	sheets/chartset-008/xlsx/055_Project_timeline_with_milestones_Use_this_template_546cecc0.xlsx	ok	411730c3380dc64ac6939350661ef201
092_Volunteer_Sign_Up_Sheet_Template_Complete_Guide_31fe4d22__xlsx	sheets/chartset-008/xlsx/092_Volunteer_Sign_Up_Sheet_Template_Complete_Guide_31fe4d22.xlsx	ok	13250723291f7f686559d547a308c6a7
094_Volunteer_Sign_Up_Sheet_Template_Editable_Format_6711b281__xlsx	sheets/chartset-008/xlsx/094_Volunteer_Sign_Up_Sheet_Template_Editable_Format_6711b281.xlsx	ok	bbdde5bd1e1ec661b80b2f93241add3e
099_Volunteer_Sign_Up_Sheet_Template_Stylish_Format_c0cc35a6__xlsx	sheets/chartset-008/xlsx/099_Volunteer_Sign_Up_Sheet_Template_Stylish_Format_c0cc35a6.xlsx	ok	446bbd88e259b1306d717f8f6ec11078
015_Free_Gantt_Chart_Template_for_Excel_414e86bf__xlsx	sheets/chartset-009/xlsx/015_Free_Gantt_Chart_Template_for_Excel_414e86bf.xlsx	ok	d9068e49df7d2e815d9901b8d5ce7ef7
018_Weight_Loss_Chart_-_Free_Printable_Weight_Loss_Charts_and_Weight_Log_3337bd0a__xlsx	sheets/chartset-009/xlsx/018_Weight_Loss_Chart_-_Free_Printable_Weight_Loss_Charts_and_Weight_Log_3337bd0a.xlsx	ok	d057bd849357f49c3bdcb2d160d7ce83
024_Free_Kids_Chore_Chart_Template_ad74bb34__xlsx	sheets/chartset-009/xlsx/024_Free_Kids_Chore_Chart_Template_ad74bb34.xlsx	ok	3fa6f9c1be876b8d0d5eb963d46476a9
029_Annual_budget_Use_this_template_30324a97__xlsx	sheets/chartset-009/xlsx/029_Annual_budget_Use_this_template_30324a97.xlsx	ok	1435b0b802da8a358973197109d96021
041_Business_budget_ef942467__xlsx	sheets/chartset-009/xlsx/041_Business_budget_ef942467.xlsx	ok	197e0c22355995789cbe1c82cbf0d1c9
053_Personal_asset_inventory_5446d84b__xlsx	sheets/chartset-009/xlsx/053_Personal_asset_inventory_5446d84b.xlsx	ok	adeffc17df99cce6f8742d058356581b
056_Quarterly_sale_report_baa6bb0d__xlsx	sheets/chartset-009/xlsx/056_Quarterly_sale_report_baa6bb0d.xlsx	ok	c694197245bcad28b0e05ce5d8e4535f
075_Idea_planner_tasks_f44ebd73__xlsx	sheets/chartset-009/xlsx/075_Idea_planner_tasks_f44ebd73.xlsx	ok	45c4c89cefb1d2962883fb2dd3610807
081_Project_performance_report_Use_this_template_be2468b3__xlsx	sheets/chartset-009/xlsx/081_Project_performance_report_Use_this_template_be2468b3.xlsx	ok	f525f11afdf91ace0c290f35d0ba5ef9
085_Simple_Gantt_chart_d65b8377__xlsx	sheets/chartset-009/xlsx/085_Simple_Gantt_chart_d65b8377.xlsx	ok	c36aa33dfcedbcb85bfc1884a69803d6
047_Date_tracker_Gantt_chart_bf34f3a8__xlsx	sheets/chartset-010/xlsx/047_Date_tracker_Gantt_chart_bf34f3a8.xlsx	ok	73460bf1f2a9583aad7826920a6afa90
062_Run_chart_cb7476ea__xlsx	sheets/chartset-010/xlsx/062_Run_chart_cb7476ea.xlsx	ok	07f0e8c08c64aac9601f1a346a55f93f
065_Weight_loss_tracker_ff1c89af__xlsx	sheets/chartset-010/xlsx/065_Weight_loss_tracker_ff1c89af.xlsx	ok	57bc295f51a6b5f2b5bfdd3a321b8c28
069_Blue_modern_balance_sheet_Use_this_template_6b4d70d3__xlsx	sheets/chartset-010/xlsx/069_Blue_modern_balance_sheet_Use_this_template_6b4d70d3.xlsx	ok	0fa37211d93fab46cd96533d4ad3bbc9
072_Gantt_project_planner_dde00e33__xlsx	sheets/chartset-010/xlsx/072_Gantt_project_planner_dde00e33.xlsx	ok	ce32a7889e8050f41127fdd85c4850fc
078_Modern_inventory_list_Use_this_template_41abd5bf__xlsx	sheets/chartset-010/xlsx/078_Modern_inventory_list_Use_this_template_41abd5bf.xlsx	ok	ed9bcb5762ff19922863bdf2f530ac86
079_Org_charts_visual_248d1dcf__xlsx	sheets/chartset-010/xlsx/079_Org_charts_visual_248d1dcf.xlsx	ok	fbfd4dddbb7e38ed94f10272fdeefd3e
084_Service_invoice_Use_this_template_c92b43dc__xlsx	sheets/chartset-010/xlsx/084_Service_invoice_Use_this_template_c92b43dc.xlsx	ok	d21c1f4ab6ba3b3c05841111f1691e06
086_Simple_grey_invoice_Use_this_template_063b3773__xlsx	sheets/chartset-010/xlsx/086_Simple_grey_invoice_Use_this_template_063b3773.xlsx	ok	6a27c79716235769f2e24e109c2fb57f
100_Volunteer_Sign_Up_Sheet_Template_Tabular_Format_0975f34e__xlsx	sheets/chartset-010/xlsx/100_Volunteer_Sign_Up_Sheet_Template_Tabular_Format_0975f34e.xlsx	ok	72c9048fd7a319f78263dbe7e909d6a3
007_Contextures_chart_sample_667d8e47__xlsm	sheets/chartset-011/xlsm/007_Contextures_chart_sample_667d8e47.xlsm	ok	a3e30a135df8ee1a3e6d6619ea5e039a
010_Contextures_chart_sample_e6ea06a3__xlsx	sheets/chartset-011/xlsx/010_Contextures_chart_sample_e6ea06a3.xlsx	ok	252d243f8215baa264e378eda3eae943
028_Budget_summary_report_4aeefd13__xlsx	sheets/chartset-011/xlsx/028_Budget_summary_report_4aeefd13.xlsx	ok	71d62c44b6c8f639d41aa788aed50db3
030_Basic_balance_sheet_Use_this_template_10ed9144__xlsx	sheets/chartset-011/xlsx/030_Basic_balance_sheet_Use_this_template_10ed9144.xlsx	ok	b248bab21ec4626e2c73024030622688
042_Business_monthly_budget_4e4d092f__xlsx	sheets/chartset-011/xlsx/042_Business_monthly_budget_4e4d092f.xlsx	ok	f886631aed3d4df91b377a1f210f2bd7
057_Simple_balance_sheet_Use_this_template_e2d4cbb2__xlsx	sheets/chartset-011/xlsx/057_Simple_balance_sheet_Use_this_template_e2d4cbb2.xlsx	ok	ea30438457b1fc07530ea08059066ed5
060_Monthly_company_budget_47b2a99a__xlsx	sheets/chartset-011/xlsx/060_Monthly_company_budget_47b2a99a.xlsx	ok	3bdd63867bfa0dc8b7d79aab97c4b564
066_Agile_Gantt_chart_08f9de45__xlsx	sheets/chartset-011/xlsx/066_Agile_Gantt_chart_08f9de45.xlsx	ok	192d648bd933eda97aafcd5c46c060d4
071_Four-week_project_timeline_Use_this_template_4f05db49__xlsx	sheets/chartset-011/xlsx/071_Four-week_project_timeline_Use_this_template_4f05db49.xlsx	ok	7cb840823e6fa99649d87c0075e8a81f
077_Inventory_list_with_highlighting_Use_this_template_36d8d57a__xlsx	sheets/chartset-011/xlsx/077_Inventory_list_with_highlighting_Use_this_template_36d8d57a.xlsx	ok	e5be7973abe27abf00263e0b4eff3332
002_Contextures_chart_sample_f605e7bc__xlsx	sheets/chartset-012/xlsx/002_Contextures_chart_sample_f605e7bc.xlsx	ok	d77436a66e10a2aa88d9270bb804e568
009_Contextures_chart_sample_adcb3f6c__xlsx	sheets/chartset-012/xlsx/009_Contextures_chart_sample_adcb3f6c.xlsx	ok	35d4e745465574d6f08143140617b100
012_Contextures_chart_sample_9900da76__xlsx	sheets/chartset-012/xlsx/012_Contextures_chart_sample_9900da76.xlsx	ok	1d3a719587556e48cf1586b6d890a565
013_Contextures_chart_sample_21b98e22__xlsx	sheets/chartset-012/xlsx/013_Contextures_chart_sample_21b98e22.xlsx	ok	7a8fe7c37e1d976f34082aeaab3d1425
020_Free_Blood_Pressure_Chart_and_Printable_Blood_Pressure_Log_8f8dcc39__xlsx	sheets/chartset-012/xlsx/020_Free_Blood_Pressure_Chart_and_Printable_Blood_Pressure_Log_8f8dcc39.xlsx	ok	e0f0a740f581180c21ec0cea6fec9db1
026_Monthly_cash_flow_statement_Use_this_template_8aaebea1__xlsx	sheets/chartset-012/xlsx/026_Monthly_cash_flow_statement_Use_this_template_8aaebea1.xlsx	ok	a85b58dcbd1495c92fa7f0f4f82ecd67
036_Simple_to-do_list_Use_this_template_ba44373b__xlsx	sheets/chartset-012/xlsx/036_Simple_to-do_list_Use_this_template_ba44373b.xlsx	ok	976ca575a636451b848075b851ddf26b
068_Blue_inventory_list_Use_this_template_f9908489__xlsx	sheets/chartset-012/xlsx/068_Blue_inventory_list_Use_this_template_f9908489.xlsx	ok	ce6226b9d1423b02a67b4e7602978e00
080_Profit_and_loss_income_statement_3566dae9__xlsx	sheets/chartset-012/xlsx/080_Profit_and_loss_income_statement_3566dae9.xlsx	ok	42fde5eb22db523d1a42bc749f413f2e
097_Volunteer_Sign_Up_Sheet_Template_Professional_Format_075d06ed__xlsx	sheets/chartset-012/xlsx/097_Volunteer_Sign_Up_Sheet_Template_Professional_Format_075d06ed.xlsx	ok	d24e1e7965fa66959f99b457046e4813
001_Contextures_chart_sample_b089bc34__xlsx	sheets/chartset-013/xlsx/001_Contextures_chart_sample_b089bc34.xlsx	ok	1b1b406ad3a4e968aa4f650edf2f1660
019_Free_Blood_Sugar_Chart_for_Excel_-_Track_Your_Blood_Sugar_Level_36f4a782__xlsx	sheets/chartset-013/xlsx/019_Free_Blood_Sugar_Chart_for_Excel_-_Track_Your_Blood_Sugar_Level_36f4a782.xlsx	ok	f2e28b13df30530ee3df85fc6a86c190
031_Business_expense_budget_f3a46278__xlsx	sheets/chartset-013/xlsx/031_Business_expense_budget_f3a46278.xlsx	ok	2c951b260da66025da893d8cf9cb76a0
032_Business_expenses_budget_d377eaab__xlsx	sheets/chartset-013/xlsx/032_Business_expenses_budget_d377eaab.xlsx	ok	d5d42729dce4bb1a71be71aa9bc5ddaf
033_Event_planning_tracker_Use_this_template_f29a848e__xlsx	sheets/chartset-013/xlsx/033_Event_planning_tracker_Use_this_template_f29a848e.xlsx	ok	d4315a0ebd179e88b8dd553bd8fd3684
035_Project_plan_for_law_firms_aa2d4462__xlsx	sheets/chartset-013/xlsx/035_Project_plan_for_law_firms_aa2d4462.xlsx	ok	3be78841ff6833865936f6e305e57ed0
043_Buy_a_car_vs._rideshare_ff07c7e6__xlsx	sheets/chartset-013/xlsx/043_Buy_a_car_vs._rideshare_ff07c7e6.xlsx	ok	64499f3b036dfb4b16c42bf5b36a8fe1
049_Expenses_calculator_c351f3d0__xlsx	sheets/chartset-013/xlsx/049_Expenses_calculator_c351f3d0.xlsx	ok	e80f90ba01afb9a1231684ea2a03ab5a
059_Milestone_and_task_project_timeline_Use_this_template_24f1e8f1__xlsx	sheets/chartset-013/xlsx/059_Milestone_and_task_project_timeline_Use_this_template_24f1e8f1.xlsx	ok	06d6e369df05628dfa38d3811c452a0d
087_Simple_personal_budget_3cf9b1af__xlsx	sheets/chartset-013/xlsx/087_Simple_personal_budget_3cf9b1af.xlsx	ok	943e66090bc9f479e26e9cc30c6ada0b
016_Free_Organizational_Chart_Template_-_Company_Organization_Chart_db913144__xlsx	sheets/chartset-014/xlsx/016_Free_Organizational_Chart_Template_-_Company_Organization_Chart_db913144.xlsx	ok	feba5e8d2a54d2946a8bd3dc144c1334
017_Timeline_Templates_for_Excel_b88faee6__xlsx	sheets/chartset-014/xlsx/017_Timeline_Templates_for_Excel_b88faee6.xlsx	ok	9135658d6b7ee24e3dccd88cb49350a1
025_Printable_Reward_Charts_for_Kids_-_Reward_Chart_Template_aabacd93__xlsx	sheets/chartset-014/xlsx/025_Printable_Reward_Charts_for_Kids_-_Reward_Chart_Template_aabacd93.xlsx	ok	7fe9dc9222f5c7cfd8e3e4ba14b18cba
027_Simple_personal_cash_flow_statement_675c6584__xlsx	sheets/chartset-014/xlsx/027_Simple_personal_cash_flow_statement_675c6584.xlsx	ok	cec00f74c5cc9fde201059b85c195d61
038_Baby_growth_chart_bb9cd672__xlsx	sheets/chartset-014/xlsx/038_Baby_growth_chart_bb9cd672.xlsx	ok	9e5a2070bc3790d42657e54004bcbf4d
039_Baby_growth_tracker_e295ae56__xlsx	sheets/chartset-014/xlsx/039_Baby_growth_tracker_e295ae56.xlsx	ok	b35017bfd35bd157f3931817337dc845
045_Check_register_with_chart_4becb8a0__xlsx	sheets/chartset-014/xlsx/045_Check_register_with_chart_4becb8a0.xlsx	ok	c61adfccbf95b7306f3e9aac7d88e0dd
048_Expense_trends_budget_18d1e8ba__xlsx	sheets/chartset-014/xlsx/048_Expense_trends_budget_18d1e8ba.xlsx	ok	50c939abe9ea0fb95c69ba4a20b4980f
064_Small_business_cash_flow_Use_this_template_0a640756__xlsx	sheets/chartset-014/xlsx/064_Small_business_cash_flow_Use_this_template_0a640756.xlsx	ok	9b63775f33fe7c36854ed3b1e4fd35e7
076_Inventory_list_accessibility_guide_Use_this_template_f43dab19__xlsx	sheets/chartset-014/xlsx/076_Inventory_list_accessibility_guide_Use_this_template_f43dab19.xlsx	ok	17882fe80d3f361c00b234c1feb212e5
004_2-Stage_Vertical_Funnel_Diagram_for_PowerPoint_593f4c80__pptx	slides/chartset-005/pptx/004_2-Stage_Vertical_Funnel_Diagram_for_PowerPoint_593f4c80.pptx	ok	96a47b42499e086a928aa526e6f98bf9
005_2-Step_Funnel_On_left_With_Text_767f0490__pptx	slides/chartset-005/pptx/005_2-Step_Funnel_On_left_With_Text_767f0490.pptx	ok	99bc86d5be9779756f1254065acbd4d5
006_2-Way_Horizontal_Hierarchy_for_PowerPoint_and_Google_Slides_7c1e5084__pptx	slides/chartset-005/pptx/006_2-Way_Horizontal_Hierarchy_for_PowerPoint_and_Google_Slides_7c1e5084.pptx	ok	fb0f8c56ca0070d64fd410707d5fde78
011_3-Stage_Vertical_Funnel_Diagram_for_PowerPoint_10ce23dd__pptx	slides/chartset-005/pptx/011_3-Stage_Vertical_Funnel_Diagram_for_PowerPoint_10ce23dd.pptx	ok	16932f0cccc40834d99b2f4198ae8359
068_Funnel_Diagram_for_PowerPoint_with_2_Steps_437e4ba7__pptx	slides/chartset-005/pptx/068_Funnel_Diagram_for_PowerPoint_with_2_Steps_437e4ba7.pptx	ok	495f6e6a7fda7708faa919b391125a18
069_Funnel_Diagram_for_PowerPoint_with_3_Steps_f96396fc__pptx	slides/chartset-005/pptx/069_Funnel_Diagram_for_PowerPoint_with_3_Steps_f96396fc.pptx	ok	0af9a87ec98030c4e2b1a356960dce73
070_Funnel_Diagram_for_PowerPoint_with_4_Steps_975f1642__pptx	slides/chartset-005/pptx/070_Funnel_Diagram_for_PowerPoint_with_4_Steps_975f1642.pptx	ok	b3ac955de785f6a99c1016182e62f09a
071_Funnel_Diagram_for_PowerPoint_with_5_Steps_5ceacdec__pptx	slides/chartset-005/pptx/071_Funnel_Diagram_for_PowerPoint_with_5_Steps_5ceacdec.pptx	ok	42f8ddd4dde01345077b3f54318061c2
076_Hexadonut_Charts_for_PowerPoint_and_Google_Slides_2b879835__pptx	slides/chartset-005/pptx/076_Hexadonut_Charts_for_PowerPoint_and_Google_Slides_2b879835.pptx	ok	7ce3703533a552253164a06ffc606541
084_Infographic_Hierarchy_Tree_for_PowerPoint_fda8141c__pptx	slides/chartset-005/pptx/084_Infographic_Hierarchy_Tree_for_PowerPoint_fda8141c.pptx	ok	f60bb531edbd6a575f0b15db6280a25e
001_1-2-3_Horizontal_Hierarchy_39795b4d__pptx	slides/chartset-006/pptx/001_1-2-3_Horizontal_Hierarchy_39795b4d.pptx	ok	34157b876aa1d6105d9f289b84d4c626
007_3_Circles_Diagram_for_PowerPoint_dac9f170__pptx	slides/chartset-006/pptx/007_3_Circles_Diagram_for_PowerPoint_dac9f170.pptx	ok	f6faf7557e9d8031492874b7e745a7fb
017_4-Stage_Vertical_Funnel_Diagram_for_PowerPoint_61e7bde5__pptx	slides/chartset-006/pptx/017_4-Stage_Vertical_Funnel_Diagram_for_PowerPoint_61e7bde5.pptx	ok	1afa1b917a0bd96105fffbcdd46fa7f0
031_Alarm_Clock_Pie-Chart_for_PowerPoint_and_Google_Slides_0b185a05__pptx	slides/chartset-006/pptx/031_Alarm_Clock_Pie-Chart_for_PowerPoint_and_Google_Slides_0b185a05.pptx	ok	698507676393aa68d394ce57a673d5b1
043_Dual_Horizontal_Hierarchy_for_PowerPoint_and_Google_Slides_5074b09e__pptx	slides/chartset-006/pptx/043_Dual_Horizontal_Hierarchy_for_PowerPoint_and_Google_Slides_5074b09e.pptx	ok	b7b2706e05b27f539e4ffd5ffbaca5c4
044_Dual_Mind_Spark_Chart_for_PowerPoint_a83f890a__pptx	slides/chartset-006/pptx/044_Dual_Mind_Spark_Chart_for_PowerPoint_a83f890a.pptx	ok	090050fd6425793f052aa3bb2ae3bcbd
055_Four_Pillar_Hierarchy_for_PowerPoint_and_Google_Slides_6b42ed18__pptx	slides/chartset-006/pptx/055_Four_Pillar_Hierarchy_for_PowerPoint_and_Google_Slides_6b42ed18.pptx	ok	ace9c2738d942a28c35ff48ce1ddb2da
077_Horizontal_Org_Chart_for_PowerPoint_and_Google_Slides_8cf07020__pptx	slides/chartset-006/pptx/077_Horizontal_Org_Chart_for_PowerPoint_and_Google_Slides_8cf07020.pptx	ok	9d9c8cfd1117e82e4ec20251261941a6
094_Intersecting_Teardrops_for_PowerPoint_and_Google_Slides_ff43aedb__pptx	slides/chartset-006/pptx/094_Intersecting_Teardrops_for_PowerPoint_and_Google_Slides_ff43aedb.pptx	ok	92c26d984cd24983218c1fd2147a3a99
099_Light_Bulb_SWOT_for_PowerPoint_and_Google_Slides_554a1e33__pptx	slides/chartset-006/pptx/099_Light_Bulb_SWOT_for_PowerPoint_and_Google_Slides_554a1e33.pptx	ok	e99f4c9b854e665872e6638f6f4dff5f
035_Chemistry_Column_PowerPoint_Chart_45bf8a76__pptx	slides/chartset-007/pptx/035_Chemistry_Column_PowerPoint_Chart_45bf8a76.pptx	ok	53e445b2c4cd7fa520ac063257fc3413
039_Consumer_Decision_Journey_for_PowerPoint_319207e1__pptx	slides/chartset-007/pptx/039_Consumer_Decision_Journey_for_PowerPoint_319207e1.pptx	ok	8f4a57a08902ac03c6f2d3809e87f1e5
047_Female_Radar_Brain_for_PowerPoint_and_Google_Slides_c2a541f6__pptx	slides/chartset-007/pptx/047_Female_Radar_Brain_for_PowerPoint_and_Google_Slides_c2a541f6.pptx	ok	9d8be76185ab965747822ed46f40ed77
054_Flowchart_Board_Game_for_PowerPoint_and_Google_Slides_1b047962__pptx	slides/chartset-007/pptx/054_Flowchart_Board_Game_for_PowerPoint_and_Google_Slides_1b047962.pptx	ok	13883229e1a1695598fe8bdec7764f81
057_Four-Branch_Diagram_for_PowerPoint_and_Google_Slides_ddf5d27c__pptx	slides/chartset-007/pptx/057_Four-Branch_Diagram_for_PowerPoint_and_Google_Slides_ddf5d27c.pptx	ok	f91e3422b21d278e31e7d44d743a6d65
083_Infographic_Hexagon_Cluster_for_PowerPoint_and_Google_Slides_ef811a12__pptx	slides/chartset-007/pptx/083_Infographic_Hexagon_Cluster_for_PowerPoint_and_Google_Slides_ef811a12.pptx	ok	8e7e92496cd0a817f756f2c828517564
090_Infographic_Radial_for_PowerPoint_and_Google_Slides_16a69891__pptx	slides/chartset-007/pptx/090_Infographic_Radial_for_PowerPoint_and_Google_Slides_16a69891.pptx	ok	6810a58e2c2977150f67d0e1e7343e92
091_Infographic_Radial_for_PowerPoint_and_Google_Slides_c6909fa6__pptx	slides/chartset-007/pptx/091_Infographic_Radial_for_PowerPoint_and_Google_Slides_c6909fa6.pptx	ok	907abefd553f6e47cf2853e9d2d8642c
092_Infographic_Tree_Diagram_for_PowerPoint_and_Google_Slides_d721fa00__pptx	slides/chartset-007/pptx/092_Infographic_Tree_Diagram_for_PowerPoint_and_Google_Slides_d721fa00.pptx	ok	29dae22c6c786e63054048bb835fd132
096_Lab_Flask_Charts_for_PowerPoint_and_Google_Slides_91e3cbb5__pptx	slides/chartset-007/pptx/096_Lab_Flask_Charts_for_PowerPoint_and_Google_Slides_91e3cbb5.pptx	ok	c54b9e1d79b13f84e5187bb7fadf6662
009_3-Circle_Venn_PowerPoint_Diagram_2e59baa9__pptx	slides/chartset-008/pptx/009_3-Circle_Venn_PowerPoint_Diagram_2e59baa9.pptx	ok	ebe628547255d13f427db73043cf8f6a
012_3-Step_Hexagons_Puzzle_Diagram_for_PowerPoint_982482b5__pptx	slides/chartset-008/pptx/012_3-Step_Hexagons_Puzzle_Diagram_for_PowerPoint_982482b5.pptx	ok	7d23ce1e66445ffe736d30ed1c41afc1
018_4-Step_Hexagons_Puzzle_Diagram_for_PowerPoint_19957cce__pptx	slides/chartset-008/pptx/018_4-Step_Hexagons_Puzzle_Diagram_for_PowerPoint_19957cce.pptx	ok	9b1c0de5a4cf3857b1b3626a93aec0f3
038_Competitive_Advantage_Card_for_PowerPoint_and_Google_Slides_373720f6__pptx	slides/chartset-008/pptx/038_Competitive_Advantage_Card_for_PowerPoint_and_Google_Slides_373720f6.pptx	ok	af56008f5c63ef7130c8b8ae02b31bb5
040_Crab_Diagram_for_PowerPoint_and_Google_Slides_13d38ff3__pptx	slides/chartset-008/pptx/040_Crab_Diagram_for_PowerPoint_and_Google_Slides_13d38ff3.pptx	ok	98f7a27ae367ce7a763e2f1b155a766b
058_Four-Direction_Divergence_Diagram_for_PowerPoint_and_Google_Slides_9838e28d__pptx	slides/chartset-008/pptx/058_Four-Direction_Divergence_Diagram_for_PowerPoint_and_Google_Slides_9838e28d.pptx	ok	118bd378abfc4a35afb9ceb5887a7772
065_Fourfold_Ribbon_Rings_for_PowerPoint_and_Google_Slides_39687419__pptx	slides/chartset-008/pptx/065_Fourfold_Ribbon_Rings_for_PowerPoint_and_Google_Slides_39687419.pptx	ok	0d9e1473cc174b08de99e49ef200b4cf
072_Gear_Pie_Chart_for_PowerPoint_and_Google_Slides_d464d3a0__pptx	slides/chartset-008/pptx/072_Gear_Pie_Chart_for_PowerPoint_and_Google_Slides_d464d3a0.pptx	ok	26698f14edc901a8c017691c6380ce6a
078_Horizontal_Pyramid_Org_Chart_for_PowerPoint_and_Google_Slides_70ea115a__pptx	slides/chartset-008/pptx/078_Horizontal_Pyramid_Org_Chart_for_PowerPoint_and_Google_Slides_70ea115a.pptx	ok	d4fc55649a6266c077ebd37b408e1dcc
100_Lime_and_Lemon_Data-Driven_Chart_for_PowerPoint_d7bb4a44__pptx	slides/chartset-008/pptx/100_Lime_and_Lemon_Data-Driven_Chart_for_PowerPoint_d7bb4a44.pptx	ok	ddf988404241c4f908d0035e3504d735
015_4-Option_Color_Wheel_Diagram_df7e4b8f__pptx	slides/chartset-009/pptx/015_4-Option_Color_Wheel_Diagram_df7e4b8f.pptx	ok	d6b8f27c2eed7afdc11b6afd90340f08
020_5-Option_Color_Wheel_Diagram_104ea3b0__pptx	slides/chartset-009/pptx/020_5-Option_Color_Wheel_Diagram_104ea3b0.pptx	ok	b08694e6f131cd2ccddb9e424ac46913
022_5-Step_Hexagons_Puzzle_Diagram_for_PowerPoint_eda9895e__pptx	slides/chartset-009/pptx/022_5-Step_Hexagons_Puzzle_Diagram_for_PowerPoint_eda9895e.pptx	ok	c25f76810d6b1dd0a5208b15e96606b5
025_6-Option_Color_Wheel_Diagram_27e1c74d__pptx	slides/chartset-009/pptx/025_6-Option_Color_Wheel_Diagram_27e1c74d.pptx	ok	f8ed412013d734212457dcc9cb42a994
030_Abstract_Petal_Diagram_71aa5e3a__pptx	slides/chartset-009/pptx/030_Abstract_Petal_Diagram_71aa5e3a.pptx	ok	67949f0ffda9397878f5b2de7fe78e59
033_Battery_Percentage_Chart_c99c24b5__pptx	slides/chartset-009/pptx/033_Battery_Percentage_Chart_c99c24b5.pptx	ok	6a0df76890dfc0b5069c29a87a848226
037_Circle_Matrix_Framework_44bc5218__pptx	slides/chartset-009/pptx/037_Circle_Matrix_Framework_44bc5218.pptx	ok	890ed63d2627aead2373188e8fd3f700
052_Flame_Percentage_Chart_d27d49c4__pptx	slides/chartset-009/pptx/052_Flame_Percentage_Chart_d27d49c4.pptx	ok	bd0aa2c940156a9b02b626d9b563008a
075_Heart_Arc_Radial_for_PowerPoint_and_Google_Slides_a27a3021__pptx	slides/chartset-009/pptx/075_Heart_Arc_Radial_for_PowerPoint_and_Google_Slides_a27a3021.pptx	ok	08a1c3d9934145e6366757a3b8bee6fd
087_Infographic_Organization_Chart_for_PowerPoint_and_Google_Slides_2d951912__pptx	slides/chartset-009/pptx/087_Infographic_Organization_Chart_for_PowerPoint_and_Google_Slides_2d951912.pptx	ok	3d4ff75e5bdcae7eb101bf9bf31528a4
002_10-Point_Dual_Hub_Comparison_4ee242c9__pptx	slides/chartset-010/pptx/002_10-Point_Dual_Hub_Comparison_4ee242c9.pptx	ok	b60a4099c1d1d012c553ce0295124bae
027_6-Point_Dual_Hub_Comparison_13f9af30__pptx	slides/chartset-010/pptx/027_6-Point_Dual_Hub_Comparison_13f9af30.pptx	ok	ecd10354cb9f5be1a0b9136fe6676772
028_8-Point_Dual_Hub_Comparison_d6c5dde5__pptx	slides/chartset-010/pptx/028_8-Point_Dual_Hub_Comparison_d6c5dde5.pptx	ok	c546bd500ed73288b0a08c0f37ab80db
041_Crosswise_Quadrant_Diagram_ea8bdf52__pptx	slides/chartset-010/pptx/041_Crosswise_Quadrant_Diagram_ea8bdf52.pptx	ok	9f024def9aff02d53b88f9129196bd85
042_Diamond_Hub_Infographic_a60cfaa1__pptx	slides/chartset-010/pptx/042_Diamond_Hub_Infographic_a60cfaa1.pptx	ok	942e6f337a9cfd86dedf12c04a8813d5
045_Dual-Segment_Quadrant_14a57221__pptx	slides/chartset-010/pptx/045_Dual-Segment_Quadrant_14a57221.pptx	ok	e8e4dd390c4426fcf34b948058e8ba29
048_Five-Arrows_Converging_Cycle_bb192e27__pptx	slides/chartset-010/pptx/048_Five-Arrows_Converging_Cycle_bb192e27.pptx	ok	b51cfd26e1c29dcdace35a5e8c424877
063_Four-Step_Infinity_Loop_3480185b__pptx	slides/chartset-010/pptx/063_Four-Step_Infinity_Loop_3480185b.pptx	ok	aa954e8f5c649fbf58b048a0ca6da151
093_Insightful_Zoom_Chart_22b5464e__pptx	slides/chartset-010/pptx/093_Insightful_Zoom_Chart_22b5464e.pptx	ok	572af1faaf3257a8f1f4a8f446aea64a
095_Interwoven_Bars_e5aa46c2__pptx	slides/chartset-010/pptx/095_Interwoven_Bars_e5aa46c2.pptx	ok	dedbc84ef2591232732327771fe44ea4
010_3-Group_Hierarchy_for_PowerPoint_and_Google_Slides_20476ce0__pptx	slides/chartset-011/pptx/010_3-Group_Hierarchy_for_PowerPoint_and_Google_Slides_20476ce0.pptx	ok	b598185a4c991115d3c4a439a59b9f8e
026_6-Part_Hexagon_Radial_Diagram_b8ca3f40__pptx	slides/chartset-011/pptx/026_6-Part_Hexagon_Radial_Diagram_b8ca3f40.pptx	ok	de7bd4c7c7ed6c408f29a6bed098d669
034_Central_Idea_Hub_Diagram_8258e6ad__pptx	slides/chartset-011/pptx/034_Central_Idea_Hub_Diagram_8258e6ad.pptx	ok	00e3f78e6e7d224bf3e541d7d1cee982
046_Eight-Point_Strategic_Compass_35ee62de__pptx	slides/chartset-011/pptx/046_Eight-Point_Strategic_Compass_35ee62de.pptx	ok	4a6cde8b184c733ec504c4cd163604f6
051_Five-Stage_Zigzag_Timeline_2bd39be9__pptx	slides/chartset-011/pptx/051_Five-Stage_Zigzag_Timeline_2bd39be9.pptx	ok	4954897d17e6a361bffda41ed2da5fb8
053_Flow_Wave_Process_9c0082f4__pptx	slides/chartset-011/pptx/053_Flow_Wave_Process_9c0082f4.pptx	ok	2f2d4289c8c716ec42b1c61e956f947e
060_Four-Part_Radial_Core_Diagram_40d6614e__pptx	slides/chartset-011/pptx/060_Four-Part_Radial_Core_Diagram_40d6614e.pptx	ok	505a9ddd8b202f2a8d3f1678f6449115
062_Four-Step_Growth_Staircase_8a3ef338__pptx	slides/chartset-011/pptx/062_Four-Step_Growth_Staircase_8a3ef338.pptx	ok	055b1e22bbf3dbe71714b562aeab9e57
097_Labeled_Organization_Chart_for_PowerPoint_and_Google_Slides_f24fa592__pptx	slides/chartset-011/pptx/097_Labeled_Organization_Chart_for_PowerPoint_and_Google_Slides_f24fa592.pptx	ok	db711b51b56f613dfd611788b687d7fc
098_Leaning_Cards_Process_dadb3738__pptx	slides/chartset-011/pptx/098_Leaning_Cards_Process_dadb3738.pptx	ok	b42e671199b061296fbf3d8ffb1d6972
003_2-Circle_Venn_Diagram_7ab74e5c__pptx	slides/chartset-012/pptx/003_2-Circle_Venn_Diagram_7ab74e5c.pptx	ok	2ac195fb725c88b459cf490be7123d10
008_3-Circle_Venn_Diagram_024a12c5__pptx	slides/chartset-012/pptx/008_3-Circle_Venn_Diagram_024a12c5.pptx	ok	f7149b4d0d30a7abbf048c9deb769e52
013_3-Step_Segmented_Cycle_Process_5232f82d__pptx	slides/chartset-012/pptx/013_3-Step_Segmented_Cycle_Process_5232f82d.pptx	ok	e8d68fac54f83af83885002dbf3277dc
061_Four-Stage_Serpentine_Chart_05699efe__pptx	slides/chartset-012/pptx/061_Four-Stage_Serpentine_Chart_05699efe.pptx	ok	43d39a3513c96d42829d4a2c66d49683
064_Four-Step_Success_Cycle_30c0a917__pptx	slides/chartset-012/pptx/064_Four-Step_Success_Cycle_30c0a917.pptx	ok	e24213c15fa9ddd218e155b82afeaaa8
067_Free_PowerPoint_Layered_Funnel_Process_4_Stages_4deb9647__pptx	slides/chartset-012/pptx/067_Free_PowerPoint_Layered_Funnel_Process_4_Stages_4deb9647.pptx	ok	522a0f16bbf37c2f9dc4ef001ed52a5e
073_Halo_Radial_for_PowerPoint_and_Google_Slides_4bd0918b__pptx	slides/chartset-012/pptx/073_Halo_Radial_for_PowerPoint_and_Google_Slides_4bd0918b.pptx	ok	a19abddb0ea53e0fb2ebbbf482bb4c7e
074_Hashtag_Matrix_246eb8d9__pptx	slides/chartset-012/pptx/074_Hashtag_Matrix_246eb8d9.pptx	ok	4a6bb64c00141a08d7820e1b53eec1c9
080_Infographic_Cycle_Venn_Diagram_for_PowerPoint_2e3cdb7f__pptx	slides/chartset-012/pptx/080_Infographic_Cycle_Venn_Diagram_for_PowerPoint_2e3cdb7f.pptx	ok	13da85603f4673f0ae1803fd906a8f0d
089_Infographic_Radial_Matrix_for_PowerPoint_and_Google_Slides_eb0550f2__pptx	slides/chartset-012/pptx/089_Infographic_Radial_Matrix_for_PowerPoint_and_Google_Slides_eb0550f2.pptx	ok	6934a7b3d46cb531a40cebd7a4c72b85
014_3D_Radial_Block_List_for_PowerPoint_and_Google_Slides_0773075e__pptx	slides/chartset-013/pptx/014_3D_Radial_Block_List_for_PowerPoint_and_Google_Slides_0773075e.pptx	ok	6bf43d0bac50e89e23efca7a1bb89621
016_4-Position_Org_Chart_1d3640b6__pptx	slides/chartset-013/pptx/016_4-Position_Org_Chart_1d3640b6.pptx	ok	d1ae0ae463263fa09f4aab400fb6dd47
023_5-Step_Progress_Cards_91d5ff57__pptx	slides/chartset-013/pptx/023_5-Step_Progress_Cards_91d5ff57.pptx	ok	8f5235c21f7472b7e52e5f2469893366
032_BCG_Growth-Share_Matrix_560d0485__pptx	slides/chartset-013/pptx/032_BCG_Growth-Share_Matrix_560d0485.pptx	ok	d899ab043230e3e76f088a71a1f2f671
049_Five-Block_Hub_Spoke_42ee8593__pptx	slides/chartset-013/pptx/049_Five-Block_Hub_Spoke_42ee8593.pptx	ok	8aacce24f41779fee6688d8b871c57f1
050_Five-Point_Radial_Hub_00793e08__pptx	slides/chartset-013/pptx/050_Five-Point_Radial_Hub_00793e08.pptx	ok	426e2df07c590e1ebaba2ea9924db61b
056_Four-Block_Hub_Spoke_134b89d1__pptx	slides/chartset-013/pptx/056_Four-Block_Hub_Spoke_134b89d1.pptx	ok	463daff83d1718edd118e0b3f8e9cd85
066_Free_PowerPoint_Layered_Funnel_Process_c0b380ec__pptx	slides/chartset-013/pptx/066_Free_PowerPoint_Layered_Funnel_Process_c0b380ec.pptx	ok	94f2b395d166d8e4ac26cf14c7482658
079_Horizontal_Relationships_for_PowerPoint_and_Google_Slides_a3d35f63__pptx	slides/chartset-013/pptx/079_Horizontal_Relationships_for_PowerPoint_and_Google_Slides_a3d35f63.pptx	ok	ef2bbf062b8f94abb6568b373f34a492
088_Infographic_Quadrant_Pie_Chart_7b1e8abd__pptx	slides/chartset-013/pptx/088_Infographic_Quadrant_Pie_Chart_7b1e8abd.pptx	ok	0083250faedd0436e79d7ca0bb399a2b
019_4-Step_Segmented_Cycle_Process_2ff93c19__pptx	slides/chartset-014/pptx/019_4-Step_Segmented_Cycle_Process_2ff93c19.pptx	ok	ff8abebb567ededb06e3ce9403471b71
021_5-Position_Org_Chart_cb042559__pptx	slides/chartset-014/pptx/021_5-Position_Org_Chart_cb042559.pptx	ok	733b1b6c36bc3587f4e3d318cd3de5a5
024_5-Step_Segmented_Cycle_Process_c8ca37ef__pptx	slides/chartset-014/pptx/024_5-Step_Segmented_Cycle_Process_c8ca37ef.pptx	ok	28d882ec86c65904b2264f9e135fece0
029_8-Step_Neumorphic_Cycle_Diagram_b9b75044__pptx	slides/chartset-014/pptx/029_8-Step_Neumorphic_Cycle_Diagram_b9b75044.pptx	ok	6e143912dae5cda72716ac40f5c2e8b6
036_Chevron_Process_Cards_3c8f0ea1__pptx	slides/chartset-014/pptx/036_Chevron_Process_Cards_3c8f0ea1.pptx	ok	bac51efe9d77496e9cd7949cf4a46c94
059_Four-Part_Concept_Puzzle_30cea7e5__pptx	slides/chartset-014/pptx/059_Four-Part_Concept_Puzzle_30cea7e5.pptx	ok	0c7b9034670c18220753cc25e7ed8e23
081_Infographic_Funnel_w_3_Stages_for_PowerPoint_28e26b31__pptx	slides/chartset-014/pptx/081_Infographic_Funnel_w_3_Stages_for_PowerPoint_28e26b31.pptx	ok	073302e9081a7f5870e98995858371bc
082_Infographic_Funnel_with_4_Stages_for_PowerPoint_72d4f125__pptx	slides/chartset-014/pptx/082_Infographic_Funnel_with_4_Stages_for_PowerPoint_72d4f125.pptx	ok	8061cc3fcb61bf9dc0a6f0a866b1891f
085_Infographic_Org_Chart_for_PowerPoint_5_Blocks_3870252f__pptx	slides/chartset-014/pptx/085_Infographic_Org_Chart_for_PowerPoint_5_Blocks_3870252f.pptx	ok	c04b2cb63b7dc6b872eff18259eb503f
086_Infographic_Org_Chart_for_PowerPoint_6_Blocks_f9086d83__pptx	slides/chartset-014/pptx/086_Infographic_Org_Chart_for_PowerPoint_6_Blocks_f9086d83.pptx	ok	ce5275bdd5d367aa533cfd21c2c2ca23
WordArt_Shapes_Arrows_Catalog1__docx	words/drawingset-001/docx/WordArt_Shapes_Arrows_Catalog1.docx	ok	68f84a348397d8d5e5648af1b422903d
