doc	part	holder	depth	alt	pos	has_wh	w	h	left	top	frm	to	parse	strokeweight	strokecolor	stroked	strokeoff	fullpath
ABCD-FE-01-00 Flight Envelope - v1 08.03.16.docx	word/footer2.xml	w:pict	top	fallback	absolute	0	-	-	-	-	-.2pt,1.55pt	509.45pt,1.55pt	1	1pt	white	-	0	/home/user/sample-files/words/ceiling-001/docx/ABCD-FE-01-00 Flight Envelope - v1 08.03.16.docx
ABCD-FE-01-00 Flight Envelope - v1 08.03.16.docx	word/footer1.xml	w:pict	top	fallback	absolute	0	-	-	-	-	1pt,1.9pt	510.65pt,1.9pt	1	1pt	white	-	0	/home/user/sample-files/words/ceiling-001/docx/ABCD-FE-01-00 Flight Envelope - v1 08.03.16.docx
AW-104D-RVSM-Aircraft-Approval-Checklist.pdf.docx	word/footer1.xml	w:pict	top	fallback	absolute	0	-	-	-	-	3.25pt,-1.75pt	514.05pt,-.4pt	1	.25pt	black [3200]	-	0	/home/user/sample-files/words/ceiling-001/docx/AW-104D-RVSM-Aircraft-Approval-Checklist.pdf.docx
AW-104D-RVSM-Aircraft-Approval-Checklist.pdf.docx	word/footer2.xml	w:pict	top	fallback	absolute	0	-	-	-	-	3.95pt,-1.8pt	513.4pt,-1.1pt	1	.25pt	black [3200]	-	0	/home/user/sample-files/words/ceiling-001/docx/AW-104D-RVSM-Aircraft-Approval-Checklist.pdf.docx
003_Free_Genogram_Diagram_Template_Easy_Format_60eb6e42.docx	word/document.xml	w:pict	group	fallback	absolute	0	-	-	-	-	9518,1848	15459,8258	1	.5pt	#00b050	-	0	/home/user/sample-files/words/chartset-005/docx/003_Free_Genogram_Diagram_Template_Easy_Format_60eb6e42.docx
003_Free_Genogram_Diagram_Template_Easy_Format_60eb6e42.docx	word/document.xml	w:pict	group	fallback	absolute	0	-	-	-	-	9287,1221	15441,8150	1	.5pt	#00b050	-	0	/home/user/sample-files/words/chartset-005/docx/003_Free_Genogram_Diagram_Template_Easy_Format_60eb6e42.docx
003_Free_Genogram_Diagram_Template_Easy_Format_60eb6e42.docx	word/document.xml	w:pict	group	fallback	absolute	0	-	-	-	-	14977,12770	21657,12770	1	-	#00b050	-	0	/home/user/sample-files/words/chartset-005/docx/003_Free_Genogram_Diagram_Template_Easy_Format_60eb6e42.docx
003_Free_Genogram_Diagram_Template_Easy_Format_60eb6e42.docx	word/document.xml	w:pict	group	fallback	absolute	0	-	-	-	-	6463,12770	10897,12770	1	-	#00b050	-	0	/home/user/sample-files/words/chartset-005/docx/003_Free_Genogram_Diagram_Template_Easy_Format_60eb6e42.docx
003_Free_Genogram_Diagram_Template_Easy_Format_60eb6e42.docx	word/document.xml	w:pict	group	fallback	absolute	0	-	-	-	-	42040,4887	42040,8315	1	.5pt	#00b050	-	0	/home/user/sample-files/words/chartset-005/docx/003_Free_Genogram_Diagram_Template_Easy_Format_60eb6e42.docx
003_Free_Genogram_Diagram_Template_Easy_Format_60eb6e42.docx	word/document.xml	w:pict	group	fallback	absolute	0	-	-	-	-	16553,4887	41939,4887	1	.5pt	#00b050	-	0	/home/user/sample-files/words/chartset-005/docx/003_Free_Genogram_Diagram_Template_Easy_Format_60eb6e42.docx
003_Free_Genogram_Diagram_Template_Easy_Format_60eb6e42.docx	word/document.xml	w:pict	group	fallback	absolute	0	-	-	-	-	16553,4887	16553,7828	1	.5pt	#00b050	-	0	/home/user/sample-files/words/chartset-005/docx/003_Free_Genogram_Diagram_Template_Easy_Format_60eb6e42.docx
003_Free_Genogram_Diagram_Template_Easy_Format_60eb6e42.docx	word/document.xml	w:pict	group	fallback	absolute	0	-	-	-	-	16869,15607	16887,22352	1	-	#00b050	-	0	/home/user/sample-files/words/chartset-005/docx/003_Free_Genogram_Diagram_Template_Easy_Format_60eb6e42.docx
003_Free_Genogram_Diagram_Template_Easy_Format_60eb6e42.docx	word/document.xml	w:pict	group	fallback	absolute	0	-	-	-	-	2837,22387	16879,22387	1	-	#00b050	-	0	/home/user/sample-files/words/chartset-005/docx/003_Free_Genogram_Diagram_Template_Easy_Format_60eb6e42.docx
003_Free_Genogram_Diagram_Template_Easy_Format_60eb6e42.docx	word/document.xml	w:pict	group	fallback	absolute	0	-	-	-	-	2837,14819	2837,22425	1	-	#00b050	-	0	/home/user/sample-files/words/chartset-005/docx/003_Free_Genogram_Diagram_Template_Easy_Format_60eb6e42.docx
003_Free_Genogram_Diagram_Template_Easy_Format_60eb6e42.docx	word/document.xml	w:pict	group	fallback	absolute	0	-	-	-	-	21756,0	21756,4889	1	.5pt	#00b050	-	0	/home/user/sample-files/words/chartset-005/docx/003_Free_Genogram_Diagram_Template_Easy_Format_60eb6e42.docx
003_Free_Genogram_Diagram_Template_Easy_Format_60eb6e42.docx	word/document.xml	w:pict	group	fallback	absolute	0	-	-	-	-	-2957,12887	9887,12887	1	.5pt	#00b050	-	0	/home/user/sample-files/words/chartset-005/docx/003_Free_Genogram_Diagram_Template_Easy_Format_60eb6e42.docx
003_Free_Genogram_Diagram_Template_Easy_Format_60eb6e42.docx	word/document.xml	w:pict	group	fallback	absolute	0	-	-	-	-	3468,13558	3468,33457	1	.5pt	#00b050	-	0	/home/user/sample-files/words/chartset-005/docx/003_Free_Genogram_Diagram_Template_Easy_Format_60eb6e42.docx
003_Free_Genogram_Diagram_Template_Easy_Format_60eb6e42.docx	word/document.xml	w:pict	group	fallback	absolute	0	-	-	-	-	-8976,9768	-8976,16681	1	.5pt	#00b050	-	0	/home/user/sample-files/words/chartset-005/docx/003_Free_Genogram_Diagram_Template_Easy_Format_60eb6e42.docx
003_Free_Genogram_Diagram_Template_Easy_Format_60eb6e42.docx	word/document.xml	w:pict	group	fallback	absolute	0	-	-	-	-	14125,16638	14125,21905	1	.5pt	#00b050	-	0	/home/user/sample-files/words/chartset-005/docx/003_Free_Genogram_Diagram_Template_Easy_Format_60eb6e42.docx
003_Free_Genogram_Diagram_Template_Easy_Format_60eb6e42.docx	word/document.xml	w:pict	group	fallback	absolute	0	-	-	-	-	24699,10285	24699,16657	1	.5pt	#00b050	-	0	/home/user/sample-files/words/chartset-005/docx/003_Free_Genogram_Diagram_Template_Easy_Format_60eb6e42.docx
003_Free_Genogram_Diagram_Template_Easy_Format_60eb6e42.docx	word/document.xml	w:pict	group	fallback	absolute	0	-	-	-	-	-9018,16638	24740,16638	1	.5pt	#00b050	-	0	/home/user/sample-files/words/chartset-005/docx/003_Free_Genogram_Diagram_Template_Easy_Format_60eb6e42.docx
003_Free_Genogram_Diagram_Template_Easy_Format_60eb6e42.docx	word/document.xml	w:pict	group	fallback	absolute	0	-	-	-	-	0,19436	0,26170	1	.5pt	#00b050	-	0	/home/user/sample-files/words/chartset-005/docx/003_Free_Genogram_Diagram_Template_Easy_Format_60eb6e42.docx
003_Free_Genogram_Diagram_Template_Easy_Format_60eb6e42.docx	word/document.xml	w:pict	group	fallback	absolute	0	-	-	-	-	-118,19446	-62,25949	1	.5pt	#00b050	-	0	/home/user/sample-files/words/chartset-005/docx/003_Free_Genogram_Diagram_Template_Easy_Format_60eb6e42.docx
003_Free_Genogram_Diagram_Template_Easy_Format_60eb6e42.docx	word/document.xml	w:pict	group	fallback	absolute	0	-	-	-	-	14188,15450	14188,19077	1	.5pt	#00b050	-	0	/home/user/sample-files/words/chartset-005/docx/003_Free_Genogram_Diagram_Template_Easy_Format_60eb6e42.docx
003_Free_Genogram_Diagram_Template_Easy_Format_60eb6e42.docx	word/document.xml	w:pict	group	fallback	absolute	0	-	-	-	-	0,-4662	0,2207	1	.5pt	#00b050	-	0	/home/user/sample-files/words/chartset-005/docx/003_Free_Genogram_Diagram_Template_Easy_Format_60eb6e42.docx
003_Free_Genogram_Diagram_Template_Easy_Format_60eb6e42.docx	word/document.xml	w:pict	group	fallback	absolute	0	-	-	-	-	21125,-4488	21125,5833	1	.5pt	#00b050	-	0	/home/user/sample-files/words/chartset-005/docx/003_Free_Genogram_Diagram_Template_Easy_Format_60eb6e42.docx
003_Free_Genogram_Diagram_Template_Easy_Format_60eb6e42.docx	word/document.xml	w:pict	group	fallback	absolute	0	-	-	-	-	-7735,2205	21125,2205	1	.5pt	#00b050	-	0	/home/user/sample-files/words/chartset-005/docx/003_Free_Genogram_Diagram_Template_Easy_Format_60eb6e42.docx
003_Free_Genogram_Diagram_Template_Easy_Format_60eb6e42.docx	word/document.xml	w:pict	group	fallback	absolute	0	-	-	-	-	1349,-1084	1349,3624	1	.5pt	#00b050	-	0	/home/user/sample-files/words/chartset-005/docx/003_Free_Genogram_Diagram_Template_Easy_Format_60eb6e42.docx
003_Free_Genogram_Diagram_Template_Easy_Format_60eb6e42.docx	word/document.xml	w:pict	group	fallback	absolute	0	-	-	-	-	-167,-5314	-167,1325	1	.5pt	#00b050	-	0	/home/user/sample-files/words/chartset-005/docx/003_Free_Genogram_Diagram_Template_Easy_Format_60eb6e42.docx
003_Free_Genogram_Diagram_Template_Easy_Format_60eb6e42.docx	word/document.xml	w:pict	group	fallback	absolute	0	-	-	-	-	33982,-5002	33982,1499	1	.5pt	#00b050	-	0	/home/user/sample-files/words/chartset-005/docx/003_Free_Genogram_Diagram_Template_Easy_Format_60eb6e42.docx
003_Free_Genogram_Diagram_Template_Easy_Format_60eb6e42.docx	word/document.xml	w:pict	group	fallback	absolute	0	-	-	-	-	-168,1306	34003,1306	1	.5pt	#00b050	-	0	/home/user/sample-files/words/chartset-005/docx/003_Free_Genogram_Diagram_Template_Easy_Format_60eb6e42.docx
005_Free_Genogram_Diagram_Template_Excellent_layout_f5f185d0.docx	word/document.xml	w:pict	group	fallback	absolute	0	-	-	-	-	15194,0	15194,3443	1	.5pt	#0d0d0d [3069]	-	0	/home/user/sample-files/words/chartset-005/docx/005_Free_Genogram_Diagram_Template_Excellent_layout_f5f185d0.docx
005_Free_Genogram_Diagram_Template_Excellent_layout_f5f185d0.docx	word/document.xml	w:pict	group	fallback	absolute	0	-	-	-	-	0,0	15233,0	1	.5pt	#0d0d0d [3069]	-	0	/home/user/sample-files/words/chartset-005/docx/005_Free_Genogram_Diagram_Template_Excellent_layout_f5f185d0.docx
005_Free_Genogram_Diagram_Template_Excellent_layout_f5f185d0.docx	word/document.xml	w:pict	group	fallback	absolute	0	-	-	-	-	2256,17812	2256,21138	1	.5pt	#0d0d0d [3069]	-	0	/home/user/sample-files/words/chartset-005/docx/005_Free_Genogram_Diagram_Template_Excellent_layout_f5f185d0.docx
005_Free_Genogram_Diagram_Template_Excellent_layout_f5f185d0.docx	word/document.xml	w:pict	group	fallback	absolute	0	-	-	-	-	42818,18264	45294,20550	1	.5pt	black [3200]	-	0	/home/user/sample-files/words/chartset-005/docx/005_Free_Genogram_Diagram_Template_Excellent_layout_f5f185d0.docx
005_Free_Genogram_Diagram_Template_Excellent_layout_f5f185d0.docx	word/document.xml	w:pict	group	fallback	absolute	0	-	-	-	-	42206,17777	45000,20355	1	.5pt	black [3200]	-	0	/home/user/sample-files/words/chartset-005/docx/005_Free_Genogram_Diagram_Template_Excellent_layout_f5f185d0.docx
005_Free_Genogram_Diagram_Template_Excellent_layout_f5f185d0.docx	word/document.xml	w:pict	group	fallback	absolute	0	-	-	-	-	56248,690	59658,4112	1	.5pt	black [3200]	-	0	/home/user/sample-files/words/chartset-005/docx/005_Free_Genogram_Diagram_Template_Excellent_layout_f5f185d0.docx
005_Free_Genogram_Diagram_Template_Excellent_layout_f5f185d0.docx	word/document.xml	w:pict	group	fallback	absolute	0	-	-	-	-	56161,690	59571,4112	1	.5pt	black [3200]	-	0	/home/user/sample-files/words/chartset-005/docx/005_Free_Genogram_Diagram_Template_Excellent_layout_f5f185d0.docx
005_Free_Genogram_Diagram_Template_Excellent_layout_f5f185d0.docx	word/document.xml	w:pict	group	fallback	absolute	0	-	-	-	-	72614,0	77751,4851	1	.5pt	black [3200]	-	0	/home/user/sample-files/words/chartset-005/docx/005_Free_Genogram_Diagram_Template_Excellent_layout_f5f185d0.docx
005_Free_Genogram_Diagram_Template_Excellent_layout_f5f185d0.docx	word/document.xml	w:pict	group	fallback	absolute	0	-	-	-	-	72680,0	77822,4857	1	.5pt	black [3200]	-	0	/home/user/sample-files/words/chartset-005/docx/005_Free_Genogram_Diagram_Template_Excellent_layout_f5f185d0.docx
005_Free_Genogram_Diagram_Template_Excellent_layout_f5f185d0.docx	word/document.xml	w:pict	group	fallback	absolute	0	-	-	-	-	-435140,-37012	79166,448730	1	.5pt	black [3200]	-	0	/home/user/sample-files/words/chartset-005/docx/005_Free_Genogram_Diagram_Template_Excellent_layout_f5f185d0.docx
005_Free_Genogram_Diagram_Template_Excellent_layout_f5f185d0.docx	word/document.xml	w:pict	group	fallback	absolute	0	-	-	-	-	-438797,-37012	75515,448730	1	.5pt	black [3200]	-	0	/home/user/sample-files/words/chartset-005/docx/005_Free_Genogram_Diagram_Template_Excellent_layout_f5f185d0.docx
005_Free_Genogram_Diagram_Template_Excellent_layout_f5f185d0.docx	word/document.xml	w:pict	group	fallback	absolute	0	-	-	-	-	8137,0	13281,4857	1	.5pt	black [3200]	-	0	/home/user/sample-files/words/chartset-005/docx/005_Free_Genogram_Diagram_Template_Excellent_layout_f5f185d0.docx
005_Free_Genogram_Diagram_Template_Excellent_layout_f5f185d0.docx	word/document.xml	w:pict	group	fallback	absolute	0	-	-	-	-	8101,0	13244,4857	1	.5pt	black [3200]	-	0	/home/user/sample-files/words/chartset-005/docx/005_Free_Genogram_Diagram_Template_Excellent_layout_f5f185d0.docx
005_Free_Genogram_Diagram_Template_Excellent_layout_f5f185d0.docx	word/document.xml	w:pict	group	fallback	absolute	0	-	-	-	-	30019,30002	30019,34412	1	.5pt	#0d0d0d [3069]	-	0	/home/user/sample-files/words/chartset-005/docx/005_Free_Genogram_Diagram_Template_Excellent_layout_f5f185d0.docx
005_Free_Genogram_Diagram_Template_Excellent_layout_f5f185d0.docx	word/document.xml	w:pict	group	fallback	absolute	0	-	-	-	-	75278,18819	75278,21772	1	.5pt	#0d0d0d [3069]	-	0	/home/user/sample-files/words/chartset-005/docx/005_Free_Genogram_Diagram_Template_Excellent_layout_f5f185d0.docx
005_Free_Genogram_Diagram_Template_Excellent_layout_f5f185d0.docx	word/document.xml	w:pict	group	fallback	absolute	0	-	-	-	-	80581,16342	80585,18855	1	.5pt	#0d0d0d [3069]	-	0	/home/user/sample-files/words/chartset-005/docx/005_Free_Genogram_Diagram_Template_Excellent_layout_f5f185d0.docx
005_Free_Genogram_Diagram_Template_Excellent_layout_f5f185d0.docx	word/document.xml	w:pict	group	fallback	absolute	0	-	-	-	-	69536,18819	80585,18819	1	.5pt	#0d0d0d [3069]	-	0	/home/user/sample-files/words/chartset-005/docx/005_Free_Genogram_Diagram_Template_Excellent_layout_f5f185d0.docx
005_Free_Genogram_Diagram_Template_Excellent_layout_f5f185d0.docx	word/document.xml	w:pict	group	fallback	absolute	0	-	-	-	-	69536,15629	69536,18773	1	.5pt	#0d0d0d [3069]	-	0	/home/user/sample-files/words/chartset-005/docx/005_Free_Genogram_Diagram_Template_Excellent_layout_f5f185d0.docx
005_Free_Genogram_Diagram_Template_Excellent_layout_f5f185d0.docx	word/document.xml	w:pict	group	fallback	absolute	0	-	-	-	-	80476,9375	80488,11717	1	.5pt	#0d0d0d [3069]	-	0	/home/user/sample-files/words/chartset-005/docx/005_Free_Genogram_Diagram_Template_Excellent_layout_f5f185d0.docx
005_Free_Genogram_Diagram_Template_Excellent_layout_f5f185d0.docx	word/document.xml	w:pict	group	fallback	absolute	0	-	-	-	-	58585,9250	58585,12298	1	.5pt	#0d0d0d [3069]	-	0	/home/user/sample-files/words/chartset-005/docx/005_Free_Genogram_Diagram_Template_Excellent_layout_f5f185d0.docx
005_Free_Genogram_Diagram_Template_Excellent_layout_f5f185d0.docx	word/document.xml	w:pict	group	fallback	absolute	0	-	-	-	-	58585,9315	80492,9315	1	.5pt	#0d0d0d [3069]	-	0	/home/user/sample-files/words/chartset-005/docx/005_Free_Genogram_Diagram_Template_Excellent_layout_f5f185d0.docx
005_Free_Genogram_Diagram_Template_Excellent_layout_f5f185d0.docx	word/document.xml	w:pict	group	fallback	absolute	0	-	-	-	-	67412,2126	67412,9270	1	.5pt	#0d0d0d [3069]	-	0	/home/user/sample-files/words/chartset-005/docx/005_Free_Genogram_Diagram_Template_Excellent_layout_f5f185d0.docx
005_Free_Genogram_Diagram_Template_Excellent_layout_f5f185d0.docx	word/document.xml	w:pict	group	fallback	absolute	0	-	-	-	-	60267,2126	72743,2126	1	.5pt	#0d0d0d [3069]	-	0	/home/user/sample-files/words/chartset-005/docx/005_Free_Genogram_Diagram_Template_Excellent_layout_f5f185d0.docx
005_Free_Genogram_Diagram_Template_Excellent_layout_f5f185d0.docx	word/document.xml	w:pict	group	fallback	absolute	0	-	-	-	-	44125,19446	44125,24747	1	.5pt	#0d0d0d [3069]	-	0	/home/user/sample-files/words/chartset-005/docx/005_Free_Genogram_Diagram_Template_Excellent_layout_f5f185d0.docx
005_Free_Genogram_Diagram_Template_Excellent_layout_f5f185d0.docx	word/document.xml	w:pict	group	fallback	absolute	0	-	-	-	-	59223,16426	59223,19302	1	.5pt	#0d0d0d [3069]	-	0	/home/user/sample-files/words/chartset-005/docx/005_Free_Genogram_Diagram_Template_Excellent_layout_f5f185d0.docx
005_Free_Genogram_Diagram_Template_Excellent_layout_f5f185d0.docx	word/document.xml	w:pict	group	fallback	absolute	0	-	-	-	-	29664,19349	59287,19349	1	.5pt	#0d0d0d [3069]	-	0	/home/user/sample-files/words/chartset-005/docx/005_Free_Genogram_Diagram_Template_Excellent_layout_f5f185d0.docx
005_Free_Genogram_Diagram_Template_Excellent_layout_f5f185d0.docx	word/document.xml	w:pict	group	fallback	absolute	0	-	-	-	-	29664,16264	29664,19279	1	.5pt	#0d0d0d [3069]	-	0	/home/user/sample-files/words/chartset-005/docx/005_Free_Genogram_Diagram_Template_Excellent_layout_f5f185d0.docx
005_Free_Genogram_Diagram_Template_Excellent_layout_f5f185d0.docx	word/document.xml	w:pict	group	fallback	absolute	0	-	-	-	-	8080,18818	8080,24450	1	.5pt	#0d0d0d [3069]	-	0	/home/user/sample-files/words/chartset-005/docx/005_Free_Genogram_Diagram_Template_Excellent_layout_f5f185d0.docx
005_Free_Genogram_Diagram_Template_Excellent_layout_f5f185d0.docx	word/document.xml	w:pict	group	fallback	absolute	0	-	-	-	-	20839,9250	20839,12286	1	.5pt	#0d0d0d [3069]	-	0	/home/user/sample-files/words/chartset-005/docx/005_Free_Genogram_Diagram_Template_Excellent_layout_f5f185d0.docx
005_Free_Genogram_Diagram_Template_Excellent_layout_f5f185d0.docx	word/document.xml	w:pict	group	fallback	absolute	0	-	-	-	-	29630,9248	29664,12012	1	.5pt	#0d0d0d [3069]	-	0	/home/user/sample-files/words/chartset-005/docx/005_Free_Genogram_Diagram_Template_Excellent_layout_f5f185d0.docx
005_Free_Genogram_Diagram_Template_Excellent_layout_f5f185d0.docx	word/document.xml	w:pict	group	fallback	absolute	0	-	-	-	-	12652,9250	29702,9250	1	.5pt	#0d0d0d [3069]	-	0	/home/user/sample-files/words/chartset-005/docx/005_Free_Genogram_Diagram_Template_Excellent_layout_f5f185d0.docx
005_Free_Genogram_Diagram_Template_Excellent_layout_f5f185d0.docx	word/document.xml	w:pict	group	fallback	absolute	0	-	-	-	-	12651,9248	12668,12324	1	.5pt	#0d0d0d [3069]	-	0	/home/user/sample-files/words/chartset-005/docx/005_Free_Genogram_Diagram_Template_Excellent_layout_f5f185d0.docx
005_Free_Genogram_Diagram_Template_Excellent_layout_f5f185d0.docx	word/document.xml	w:pict	group	fallback	absolute	0	-	-	-	-	12650,16827	12668,18836	1	.5pt	#0d0d0d [3069]	-	0	/home/user/sample-files/words/chartset-005/docx/005_Free_Genogram_Diagram_Template_Excellent_layout_f5f185d0.docx
005_Free_Genogram_Diagram_Template_Excellent_layout_f5f185d0.docx	word/document.xml	w:pict	group	fallback	absolute	0	-	-	-	-	3402,18819	12641,18819	1	.5pt	#0d0d0d [3069]	-	0	/home/user/sample-files/words/chartset-005/docx/005_Free_Genogram_Diagram_Template_Excellent_layout_f5f185d0.docx
005_Free_Genogram_Diagram_Template_Excellent_layout_f5f185d0.docx	word/document.xml	w:pict	group	fallback	absolute	0	-	-	-	-	16693,2126	16693,9270	1	.5pt	#0d0d0d [3069]	-	0	/home/user/sample-files/words/chartset-005/docx/005_Free_Genogram_Diagram_Template_Excellent_layout_f5f185d0.docx
005_Free_Genogram_Diagram_Template_Excellent_layout_f5f185d0.docx	word/document.xml	w:pict	group	fallback	absolute	0	-	-	-	-	10101,2126	28181,2126	1	1pt	#0d0d0d [3069]	-	0	/home/user/sample-files/words/chartset-005/docx/005_Free_Genogram_Diagram_Template_Excellent_layout_f5f185d0.docx
005_Free_Genogram_Diagram_Template_Excellent_layout_f5f185d0.docx	word/document.xml	w:pict	group	fallback	absolute	0	-	-	-	-	56188,29450	56188,33860	1	.5pt	#0d0d0d [3069]	-	0	/home/user/sample-files/words/chartset-005/docx/005_Free_Genogram_Diagram_Template_Excellent_layout_f5f185d0.docx
005_Free_Genogram_Diagram_Template_Excellent_layout_f5f185d0.docx	word/document.xml	w:pict	group	fallback	absolute	0	-	-	-	-	48053,29450	60267,29450	1	.5pt	#0d0d0d [3069]	-	0	/home/user/sample-files/words/chartset-005/docx/005_Free_Genogram_Diagram_Template_Excellent_layout_f5f185d0.docx
005_Free_Genogram_Diagram_Template_Excellent_layout_f5f185d0.docx	word/document.xml	w:pict	group	fallback	absolute	0	-	-	-	-	50412,24878	50412,29004	1	.5pt	#0d0d0d [3069]	-	0	/home/user/sample-files/words/chartset-005/docx/005_Free_Genogram_Diagram_Template_Excellent_layout_f5f185d0.docx
005_Free_Genogram_Diagram_Template_Excellent_layout_f5f185d0.docx	word/document.xml	w:pict	group	fallback	absolute	0	-	-	-	-	36943,24878	36943,28862	1	.5pt	#0d0d0d [3069]	-	0	/home/user/sample-files/words/chartset-005/docx/005_Free_Genogram_Diagram_Template_Excellent_layout_f5f185d0.docx
005_Free_Genogram_Diagram_Template_Excellent_layout_f5f185d0.docx	word/document.xml	w:pict	group	fallback	absolute	0	-	-	-	-	36892,24876	50479,24876	1	.5pt	#0d0d0d [3069]	-	0	/home/user/sample-files/words/chartset-005/docx/005_Free_Genogram_Diagram_Template_Excellent_layout_f5f185d0.docx
005_Free_Genogram_Diagram_Template_Excellent_layout_f5f185d0.docx	word/document.xml	w:pict	group	fallback	absolute	0	-	-	-	-	22365,29873	35403,29873	1	.5pt	#0d0d0d [3069]	-	0	/home/user/sample-files/words/chartset-005/docx/005_Free_Genogram_Diagram_Template_Excellent_layout_f5f185d0.docx
005_Free_Genogram_Diagram_Template_Excellent_layout_f5f185d0.docx	word/document.xml	w:pict	group	fallback	absolute	0	-	-	-	-	0,381	7298,381	1	.5pt	#70ad47 [3209]	-	0	/home/user/sample-files/words/chartset-005/docx/005_Free_Genogram_Diagram_Template_Excellent_layout_f5f185d0.docx
005_Free_Genogram_Diagram_Template_Excellent_layout_f5f185d0.docx	word/document.xml	w:pict	group	fallback	absolute	0	-	-	-	-	0,0	7296,0	1	.5pt	#70ad47 [3209]	-	0	/home/user/sample-files/words/chartset-005/docx/005_Free_Genogram_Diagram_Template_Excellent_layout_f5f185d0.docx
052_Organogram_Template_Colorful_Flow_Chart_cba9fbfe.docx	word/document.xml	w:pict	group	fallback	absolute	0	-	-	-	-	0,86	6920,86	1	2.25pt	black [3200]	-	0	/home/user/sample-files/words/chartset-005/docx/052_Organogram_Template_Colorful_Flow_Chart_cba9fbfe.docx
052_Organogram_Template_Colorful_Flow_Chart_cba9fbfe.docx	word/document.xml	w:pict	group	fallback	absolute	0	-	-	-	-	0,86	6920,86	1	2.25pt	black [3200]	-	0	/home/user/sample-files/words/chartset-005/docx/052_Organogram_Template_Colorful_Flow_Chart_cba9fbfe.docx
052_Organogram_Template_Colorful_Flow_Chart_cba9fbfe.docx	word/document.xml	w:pict	group	fallback	absolute	0	-	-	-	-	21017,49950	42669,49950	1	2.25pt	black [3200]	-	0	/home/user/sample-files/words/chartset-005/docx/052_Organogram_Template_Colorful_Flow_Chart_cba9fbfe.docx
052_Organogram_Template_Colorful_Flow_Chart_cba9fbfe.docx	word/document.xml	w:pict	group	fallback	absolute	0	-	-	-	-	0,86	6920,86	1	2.25pt	black [3200]	-	0	/home/user/sample-files/words/chartset-005/docx/052_Organogram_Template_Colorful_Flow_Chart_cba9fbfe.docx
052_Organogram_Template_Colorful_Flow_Chart_cba9fbfe.docx	word/document.xml	w:pict	group	fallback	absolute	0	-	-	-	-	0,86	6920,86	1	2.25pt	black [3200]	-	0	/home/user/sample-files/words/chartset-005/docx/052_Organogram_Template_Colorful_Flow_Chart_cba9fbfe.docx
052_Organogram_Template_Colorful_Flow_Chart_cba9fbfe.docx	word/document.xml	w:pict	group	fallback	absolute	0	-	-	-	-	126,49820	56981,49820	1	2.25pt	black [3200]	-	0	/home/user/sample-files/words/chartset-005/docx/052_Organogram_Template_Colorful_Flow_Chart_cba9fbfe.docx
052_Organogram_Template_Colorful_Flow_Chart_cba9fbfe.docx	word/document.xml	w:pict	group	fallback	absolute	0	-	-	-	-	3498,-3410	3498,3580	1	2.25pt	black [3200]	-	0	/home/user/sample-files/words/chartset-005/docx/052_Organogram_Template_Colorful_Flow_Chart_cba9fbfe.docx
052_Organogram_Template_Colorful_Flow_Chart_cba9fbfe.docx	word/document.xml	w:pict	group	fallback	absolute	0	-	-	-	-	0,86	6920,86	1	2.25pt	black [3200]	-	0	/home/user/sample-files/words/chartset-005/docx/052_Organogram_Template_Colorful_Flow_Chart_cba9fbfe.docx
052_Organogram_Template_Colorful_Flow_Chart_cba9fbfe.docx	word/document.xml	w:pict	group	fallback	absolute	0	-	-	-	-	0,86	6920,86	1	2.25pt	black [3200]	-	0	/home/user/sample-files/words/chartset-005/docx/052_Organogram_Template_Colorful_Flow_Chart_cba9fbfe.docx
052_Organogram_Template_Colorful_Flow_Chart_cba9fbfe.docx	word/document.xml	w:pict	group	fallback	absolute	0	-	-	-	-	0,86	6920,86	1	2.25pt	black [3200]	-	0	/home/user/sample-files/words/chartset-005/docx/052_Organogram_Template_Colorful_Flow_Chart_cba9fbfe.docx
052_Organogram_Template_Colorful_Flow_Chart_cba9fbfe.docx	word/document.xml	w:pict	group	fallback	absolute	0	-	-	-	-	0,86	6920,86	1	2.25pt	black [3200]	-	0	/home/user/sample-files/words/chartset-005/docx/052_Organogram_Template_Colorful_Flow_Chart_cba9fbfe.docx
052_Organogram_Template_Colorful_Flow_Chart_cba9fbfe.docx	word/document.xml	w:pict	group	fallback	absolute	0	-	-	-	-	0,32	6920,32	1	2.25pt	black [3200]	-	0	/home/user/sample-files/words/chartset-005/docx/052_Organogram_Template_Colorful_Flow_Chart_cba9fbfe.docx
052_Organogram_Template_Colorful_Flow_Chart_cba9fbfe.docx	word/document.xml	w:pict	group	fallback	absolute	0	-	-	-	-	0,86	6920,86	1	2.25pt	black [3200]	-	0	/home/user/sample-files/words/chartset-005/docx/052_Organogram_Template_Colorful_Flow_Chart_cba9fbfe.docx
052_Organogram_Template_Colorful_Flow_Chart_cba9fbfe.docx	word/document.xml	w:pict	group	fallback	absolute	0	-	-	-	-	20881,47767	20881,49957	1	2.25pt	black [3200]	-	0	/home/user/sample-files/words/chartset-005/docx/052_Organogram_Template_Colorful_Flow_Chart_cba9fbfe.docx
053_Organogram_Template_Creative_Theme_21657a3d.docx	word/document.xml	w:pict	group	fallback	absolute	0	-	-	-	-	0,-4256	10178,-4256	1	.5pt	black [3200]	-	0	/home/user/sample-files/words/chartset-005/docx/053_Organogram_Template_Creative_Theme_21657a3d.docx
053_Organogram_Template_Creative_Theme_21657a3d.docx	word/document.xml	w:pict	group	fallback	absolute	0	-	-	-	-	0,-4256	10178,-4256	1	.5pt	black [3200]	-	0	/home/user/sample-files/words/chartset-005/docx/053_Organogram_Template_Creative_Theme_21657a3d.docx
053_Organogram_Template_Creative_Theme_21657a3d.docx	word/document.xml	w:pict	group	fallback	absolute	0	-	-	-	-	0,2070	10179,2070	1	.5pt	black [3200]	-	0	/home/user/sample-files/words/chartset-005/docx/053_Organogram_Template_Creative_Theme_21657a3d.docx
053_Organogram_Template_Creative_Theme_21657a3d.docx	word/document.xml	w:pict	group	fallback	absolute	0	-	-	-	-	4917,0	4917,2065	1	.5pt	black [3200]	-	0	/home/user/sample-files/words/chartset-005/docx/053_Organogram_Template_Creative_Theme_21657a3d.docx
053_Organogram_Template_Creative_Theme_21657a3d.docx	word/document.xml	w:pict	group	fallback	absolute	0	-	-	-	-	0,2070	10179,2070	1	.5pt	black [3200]	-	0	/home/user/sample-files/words/chartset-005/docx/053_Organogram_Template_Creative_Theme_21657a3d.docx
053_Organogram_Template_Creative_Theme_21657a3d.docx	word/document.xml	w:pict	group	fallback	absolute	0	-	-	-	-	4917,0	4917,2065	1	.5pt	black [3200]	-	0	/home/user/sample-files/words/chartset-005/docx/053_Organogram_Template_Creative_Theme_21657a3d.docx
054_Organogram_Template_Grey_Vertical_Theme_b2dbd9a8.docx	word/document.xml	w:pict	group	fallback	absolute	0	-	-	-	-	52017,38215	54536,38215	1	.5pt	black [3200]	-	0	/home/user/sample-files/words/chartset-005/docx/054_Organogram_Template_Grey_Vertical_Theme_b2dbd9a8.docx
054_Organogram_Template_Grey_Vertical_Theme_b2dbd9a8.docx	word/document.xml	w:pict	group	fallback	absolute	0	-	-	-	-	25620,37956	28140,37956	1	.5pt	black [3200]	-	0	/home/user/sample-files/words/chartset-005/docx/054_Organogram_Template_Grey_Vertical_Theme_b2dbd9a8.docx
054_Organogram_Template_Grey_Vertical_Theme_b2dbd9a8.docx	word/document.xml	w:pict	group	fallback	absolute	0	-	-	-	-	50033,26310	50033,35747	1	.5pt	black [3200]	-	0	/home/user/sample-files/words/chartset-005/docx/054_Organogram_Template_Grey_Vertical_Theme_b2dbd9a8.docx
054_Organogram_Template_Grey_Vertical_Theme_b2dbd9a8.docx	word/document.xml	w:pict	group	fallback	absolute	0	-	-	-	-	23291,26310	23291,35747	1	.5pt	black [3200]	-	0	/home/user/sample-files/words/chartset-005/docx/054_Organogram_Template_Grey_Vertical_Theme_b2dbd9a8.docx
054_Organogram_Template_Grey_Vertical_Theme_b2dbd9a8.docx	word/document.xml	w:pict	group	fallback	absolute	0	-	-	-	-	63662,31486	66177,31486	1	.5pt	black [3200]	-	0	/home/user/sample-files/words/chartset-005/docx/054_Organogram_Template_Grey_Vertical_Theme_b2dbd9a8.docx
054_Organogram_Template_Grey_Vertical_Theme_b2dbd9a8.docx	word/document.xml	w:pict	group	fallback	absolute	0	-	-	-	-	42528,26310	42528,29307	1	.5pt	black [3200]	-	0	/home/user/sample-files/words/chartset-005/docx/054_Organogram_Template_Grey_Vertical_Theme_b2dbd9a8.docx
054_Organogram_Template_Grey_Vertical_Theme_b2dbd9a8.docx	word/document.xml	w:pict	group	fallback	absolute	0	-	-	-	-	30451,26310	30451,29307	1	.5pt	black [3200]	-	0	/home/user/sample-files/words/chartset-005/docx/054_Organogram_Template_Grey_Vertical_Theme_b2dbd9a8.docx
054_Organogram_Template_Grey_Vertical_Theme_b2dbd9a8.docx	word/document.xml	w:pict	group	fallback	absolute	0	-	-	-	-	58918,26396	58918,29394	1	.5pt	black [3200]	-	0	/home/user/sample-files/words/chartset-005/docx/054_Organogram_Template_Grey_Vertical_Theme_b2dbd9a8.docx
054_Organogram_Template_Grey_Vertical_Theme_b2dbd9a8.docx	word/document.xml	w:pict	group	fallback	absolute	0	-	-	-	-	17166,26310	17166,29308	1	.5pt	black [3200]	-	0	/home/user/sample-files/words/chartset-005/docx/054_Organogram_Template_Grey_Vertical_Theme_b2dbd9a8.docx
054_Organogram_Template_Grey_Vertical_Theme_b2dbd9a8.docx	word/document.xml	w:pict	group	fallback	absolute	0	-	-	-	-	17166,26310	58936,26310	1	.5pt	black [3200]	-	0	/home/user/sample-files/words/chartset-005/docx/054_Organogram_Template_Grey_Vertical_Theme_b2dbd9a8.docx
054_Organogram_Template_Grey_Vertical_Theme_b2dbd9a8.docx	word/document.xml	w:pict	group	fallback	absolute	0	-	-	-	-	9661,31400	12181,31400	1	.5pt	black [3200]	-	0	/home/user/sample-files/words/chartset-005/docx/054_Organogram_Template_Grey_Vertical_Theme_b2dbd9a8.docx
054_Organogram_Template_Grey_Vertical_Theme_b2dbd9a8.docx	word/document.xml	w:pict	group	fallback	absolute	0	-	-	-	-	29329,22773	31849,22773	1	.5pt	black [3200]	-	0	/home/user/sample-files/words/chartset-005/docx/054_Organogram_Template_Grey_Vertical_Theme_b2dbd9a8.docx
054_Organogram_Template_Grey_Vertical_Theme_b2dbd9a8.docx	word/document.xml	w:pict	group	fallback	absolute	0	-	-	-	-	39854,16217	42373,16217	1	.5pt	black [3200]	-	0	/home/user/sample-files/words/chartset-005/docx/054_Organogram_Template_Grey_Vertical_Theme_b2dbd9a8.docx
054_Organogram_Template_Grey_Vertical_Theme_b2dbd9a8.docx	word/document.xml	w:pict	group	fallback	absolute	0	-	-	-	-	9575,16217	12095,16217	1	.5pt	black [3200]	-	0	/home/user/sample-files/words/chartset-005/docx/054_Organogram_Template_Grey_Vertical_Theme_b2dbd9a8.docx
054_Organogram_Template_Grey_Vertical_Theme_b2dbd9a8.docx	word/document.xml	w:pict	group	fallback	absolute	0	-	-	-	-	35540,9489	35540,13878	1	.5pt	black [3200]	-	0	/home/user/sample-files/words/chartset-005/docx/054_Organogram_Template_Grey_Vertical_Theme_b2dbd9a8.docx
054_Organogram_Template_Grey_Vertical_Theme_b2dbd9a8.docx	word/document.xml	w:pict	group	fallback	absolute	0	-	-	-	-	16562,9489	16562,13878	1	.5pt	black [3200]	-	0	/home/user/sample-files/words/chartset-005/docx/054_Organogram_Template_Grey_Vertical_Theme_b2dbd9a8.docx
054_Organogram_Template_Grey_Vertical_Theme_b2dbd9a8.docx	word/document.xml	w:pict	group	fallback	absolute	0	-	-	-	-	16476,9489	35446,9489	1	.5pt	black [3200]	-	0	/home/user/sample-files/words/chartset-005/docx/054_Organogram_Template_Grey_Vertical_Theme_b2dbd9a8.docx
054_Organogram_Template_Grey_Vertical_Theme_b2dbd9a8.docx	word/document.xml	w:pict	group	fallback	absolute	0	-	-	-	-	25792,6901	25792,20146	1	.5pt	black [3200]	-	0	/home/user/sample-files/words/chartset-005/docx/054_Organogram_Template_Grey_Vertical_Theme_b2dbd9a8.docx
001_Free_Genogram_Diagram_Template_Blue_and_Gray_Theme_7c9e01a7.docx	word/document.xml	w:pict	group	fallback	absolute	0	-	-	-	-	28575,4762	28575,8972	1	.5pt	black [3200]	-	0	/home/user/sample-files/words/chartset-006/docx/001_Free_Genogram_Diagram_Template_Blue_and_Gray_Theme_7c9e01a7.docx
001_Free_Genogram_Diagram_Template_Blue_and_Gray_Theme_7c9e01a7.docx	word/document.xml	w:pict	group	fallback	absolute	0	-	-	-	-	2286,8953	28448,8953	1	.5pt	black [3200]	-	0	/home/user/sample-files/words/chartset-006/docx/001_Free_Genogram_Diagram_Template_Blue_and_Gray_Theme_7c9e01a7.docx
001_Free_Genogram_Diagram_Template_Blue_and_Gray_Theme_7c9e01a7.docx	word/document.xml	w:pict	group	fallback	absolute	0	-	-	-	-	2286,4762	2286,8974	1	.5pt	black [3200]	-	0	/home/user/sample-files/words/chartset-006/docx/001_Free_Genogram_Diagram_Template_Blue_and_Gray_Theme_7c9e01a7.docx
001_Free_Genogram_Diagram_Template_Blue_and_Gray_Theme_7c9e01a7.docx	word/document.xml	w:pict	group	fallback	absolute	0	-	-	-	-	-6290,3809	-6290,7512	1	.5pt	black [3200]	-	0	/home/user/sample-files/words/chartset-006/docx/001_Free_Genogram_Diagram_Template_Blue_and_Gray_Theme_7c9e01a7.docx
001_Free_Genogram_Diagram_Template_Blue_and_Gray_Theme_7c9e01a7.docx	word/document.xml	w:pict	group	fallback	absolute	0	-	-	-	-	-6289,3770	12114,3770	1	.5pt	black [3200]	-	0	/home/user/sample-files/words/chartset-006/docx/001_Free_Genogram_Diagram_Template_Blue_and_Gray_Theme_7c9e01a7.docx
001_Free_Genogram_Diagram_Template_Blue_and_Gray_Theme_7c9e01a7.docx	word/document.xml	w:pict	group	fallback	absolute	0	-	-	-	-	12192,3809	12192,11764	1	.5pt	black [3200]	-	0	/home/user/sample-files/words/chartset-006/docx/001_Free_Genogram_Diagram_Template_Blue_and_Gray_Theme_7c9e01a7.docx
001_Free_Genogram_Diagram_Template_Blue_and_Gray_Theme_7c9e01a7.docx	word/document.xml	w:pict	group	fallback	absolute	0	-	-	-	-	6667,0	6667,3721	1	.5pt	black [3200]	-	0	/home/user/sample-files/words/chartset-006/docx/001_Free_Genogram_Diagram_Template_Blue_and_Gray_Theme_7c9e01a7.docx
001_Free_Genogram_Diagram_Template_Blue_and_Gray_Theme_7c9e01a7.docx	word/document.xml	w:pict	group	fallback	absolute	0	-	-	-	-	55220,42157	55220,46243	1	.5pt	black [3200]	-	0	/home/user/sample-files/words/chartset-006/docx/001_Free_Genogram_Diagram_Template_Blue_and_Gray_Theme_7c9e01a7.docx
001_Free_Genogram_Diagram_Template_Blue_and_Gray_Theme_7c9e01a7.docx	word/document.xml	w:pict	group	fallback	absolute	0	-	-	-	-	71751,38053	71751,45415	1	.5pt	black [3200]	-	0	/home/user/sample-files/words/chartset-006/docx/001_Free_Genogram_Diagram_Template_Blue_and_Gray_Theme_7c9e01a7.docx
001_Free_Genogram_Diagram_Template_Blue_and_Gray_Theme_7c9e01a7.docx	word/document.xml	w:pict	group	fallback	absolute	0	-	-	-	-	61514,25888	61514,32898	1	.5pt	black [3200]	-	0	/home/user/sample-files/words/chartset-006/docx/001_Free_Genogram_Diagram_Template_Blue_and_Gray_Theme_7c9e01a7.docx
001_Free_Genogram_Diagram_Template_Blue_and_Gray_Theme_7c9e01a7.docx	word/document.xml	w:pict	group	fallback	absolute	0	-	-	-	-	34200,26244	34200,36005	1	.5pt	black [3200]	-	0	/home/user/sample-files/words/chartset-006/docx/001_Free_Genogram_Diagram_Template_Blue_and_Gray_Theme_7c9e01a7.docx
001_Free_Genogram_Diagram_Template_Blue_and_Gray_Theme_7c9e01a7.docx	word/document.xml	w:pict	group	fallback	absolute	0	-	-	-	-	73,0	73,4207	1	.5pt	black [3200]	-	0	/home/user/sample-files/words/chartset-006/docx/001_Free_Genogram_Diagram_Template_Blue_and_Gray_Theme_7c9e01a7.docx
001_Free_Genogram_Diagram_Template_Blue_and_Gray_Theme_7c9e01a7.docx	word/document.xml	w:pict	group	fallback	absolute	0	-	-	-	-	6224,-1979	6262,10624	1	.5pt	black [3200]	-	0	/home/user/sample-files/words/chartset-006/docx/001_Free_Genogram_Diagram_Template_Blue_and_Gray_Theme_7c9e01a7.docx
001_Free_Genogram_Diagram_Template_Blue_and_Gray_Theme_7c9e01a7.docx	word/document.xml	w:pict	group	fallback	absolute	0	-	-	-	-	12629,0	12629,4210	1	.5pt	black [3200]	-	0	/home/user/sample-files/words/chartset-006/docx/001_Free_Genogram_Diagram_Template_Blue_and_Gray_Theme_7c9e01a7.docx
001_Free_Genogram_Diagram_Template_Blue_and_Gray_Theme_7c9e01a7.docx	word/document.xml	w:pict	group	fallback	absolute	0	-	-	-	-	72558,6115	72558,12983	1	.5pt	black [3200]	-	0	/home/user/sample-files/words/chartset-006/docx/001_Free_Genogram_Diagram_Template_Blue_and_Gray_Theme_7c9e01a7.docx
001_Free_Genogram_Diagram_Template_Blue_and_Gray_Theme_7c9e01a7.docx	word/document.xml	w:pict	group	fallback	absolute	0	-	-	-	-	21019,6557	21019,12745	1	.5pt	black [3200]	-	0	/home/user/sample-files/words/chartset-006/docx/001_Free_Genogram_Diagram_Template_Blue_and_Gray_Theme_7c9e01a7.docx
001_Free_Genogram_Diagram_Template_Blue_and_Gray_Theme_7c9e01a7.docx	word/document.xml	w:pict	group	fallback	absolute	0	-	-	-	-	73,0	73,4207	1	.5pt	black [3200]	-	0	/home/user/sample-files/words/chartset-006/docx/001_Free_Genogram_Diagram_Template_Blue_and_Gray_Theme_7c9e01a7.docx
001_Free_Genogram_Diagram_Template_Blue_and_Gray_Theme_7c9e01a7.docx	word/document.xml	w:pict	group	fallback	absolute	0	-	-	-	-	6283,-1979	6321,10625	1	.5pt	black [3200]	-	0	/home/user/sample-files/words/chartset-006/docx/001_Free_Genogram_Diagram_Template_Blue_and_Gray_Theme_7c9e01a7.docx
001_Free_Genogram_Diagram_Template_Blue_and_Gray_Theme_7c9e01a7.docx	word/document.xml	w:pict	group	fallback	absolute	0	-	-	-	-	12629,0	12629,4210	1	.5pt	black [3200]	-	0	/home/user/sample-files/words/chartset-006/docx/001_Free_Genogram_Diagram_Template_Blue_and_Gray_Theme_7c9e01a7.docx
001_Free_Genogram_Diagram_Template_Blue_and_Gray_Theme_7c9e01a7.docx	word/document.xml	w:pict	group	fallback	absolute	0	-	-	-	-	42674,49023	52962,49023	1	.5pt	black [3200]	-	0	/home/user/sample-files/words/chartset-006/docx/001_Free_Genogram_Diagram_Template_Blue_and_Gray_Theme_7c9e01a7.docx
001_Free_Genogram_Diagram_Template_Blue_and_Gray_Theme_7c9e01a7.docx	word/document.xml	w:pict	group	fallback	absolute	0	-	-	-	-	12630,0	12630,4207	1	.5pt	black [3200]	-	0	/home/user/sample-files/words/chartset-006/docx/001_Free_Genogram_Diagram_Template_Blue_and_Gray_Theme_7c9e01a7.docx
001_Free_Genogram_Diagram_Template_Blue_and_Gray_Theme_7c9e01a7.docx	word/document.xml	w:pict	group	fallback	absolute	0	-	-	-	-	6285,-1980	6323,10627	1	.5pt	black [3200]	-	0	/home/user/sample-files/words/chartset-006/docx/001_Free_Genogram_Diagram_Template_Blue_and_Gray_Theme_7c9e01a7.docx
001_Free_Genogram_Diagram_Template_Blue_and_Gray_Theme_7c9e01a7.docx	word/document.xml	w:pict	group	fallback	absolute	0	-	-	-	-	74,118	74,4328	1	.5pt	black [3200]	-	0	/home/user/sample-files/words/chartset-006/docx/001_Free_Genogram_Diagram_Template_Blue_and_Gray_Theme_7c9e01a7.docx
001_Free_Genogram_Diagram_Template_Blue_and_Gray_Theme_7c9e01a7.docx	word/document.xml	w:pict	group	fallback	absolute	0	-	-	-	-	25481,35923	45968,35923	1	.5pt	black [3200]	-	0	/home/user/sample-files/words/chartset-006/docx/001_Free_Genogram_Diagram_Template_Blue_and_Gray_Theme_7c9e01a7.docx
001_Free_Genogram_Diagram_Template_Blue_and_Gray_Theme_7c9e01a7.docx	word/document.xml	w:pict	group	fallback	absolute	0	-	-	-	-	12406,6535	12406,12823	1	-	black [3200]	-	0	/home/user/sample-files/words/chartset-006/docx/001_Free_Genogram_Diagram_Template_Blue_and_Gray_Theme_7c9e01a7.docx
001_Free_Genogram_Diagram_Template_Blue_and_Gray_Theme_7c9e01a7.docx	word/document.xml	w:pict	group	fallback	absolute	0	-	-	-	-	3336,6535	3336,12822	1	-	black [3200]	-	0	/home/user/sample-files/words/chartset-006/docx/001_Free_Genogram_Diagram_Template_Blue_and_Gray_Theme_7c9e01a7.docx
001_Free_Genogram_Diagram_Template_Blue_and_Gray_Theme_7c9e01a7.docx	word/document.xml	w:pict	group	fallback	absolute	0	-	-	-	-	16027,-117	16027,9862	1	-	black [3200]	-	0	/home/user/sample-files/words/chartset-006/docx/001_Free_Genogram_Diagram_Template_Blue_and_Gray_Theme_7c9e01a7.docx
001_Free_Genogram_Diagram_Template_Blue_and_Gray_Theme_7c9e01a7.docx	word/document.xml	w:pict	group	fallback	absolute	0	-	-	-	-	-190,190	-190,9679	1	-	black [3200]	-	0	/home/user/sample-files/words/chartset-006/docx/001_Free_Genogram_Diagram_Template_Blue_and_Gray_Theme_7c9e01a7.docx
001_Free_Genogram_Diagram_Template_Blue_and_Gray_Theme_7c9e01a7.docx	word/document.xml	w:pict	group	fallback	absolute	0	-	-	-	-	14977,4799	14977,9009	1	-	#ed7d31 [3205]	-	0	/home/user/sample-files/words/chartset-006/docx/001_Free_Genogram_Diagram_Template_Blue_and_Gray_Theme_7c9e01a7.docx
001_Free_Genogram_Diagram_Template_Blue_and_Gray_Theme_7c9e01a7.docx	word/document.xml	w:pict	group	fallback	absolute	0	-	-	-	-	8627,2709	8665,15320	1	-	#ed7d31 [3205]	-	0	/home/user/sample-files/words/chartset-006/docx/001_Free_Genogram_Diagram_Template_Blue_and_Gray_Theme_7c9e01a7.docx
001_Free_Genogram_Diagram_Template_Blue_and_Gray_Theme_7c9e01a7.docx	word/document.xml	w:pict	group	fallback	absolute	0	-	-	-	-	2358,4799	2358,9011	1	-	#ed7d31 [3205]	-	0	/home/user/sample-files/words/chartset-006/docx/001_Free_Genogram_Diagram_Template_Blue_and_Gray_Theme_7c9e01a7.docx
001_Free_Genogram_Diagram_Template_Blue_and_Gray_Theme_7c9e01a7.docx	word/document.xml	w:pict	group	fallback	absolute	0	-	-	-	-	14977,4799	14977,9009	1	.5pt	black [3200]	-	0	/home/user/sample-files/words/chartset-006/docx/001_Free_Genogram_Diagram_Template_Blue_and_Gray_Theme_7c9e01a7.docx
001_Free_Genogram_Diagram_Template_Blue_and_Gray_Theme_7c9e01a7.docx	word/document.xml	w:pict	group	fallback	absolute	0	-	-	-	-	8627,2709	8665,15320	1	.5pt	black [3200]	-	0	/home/user/sample-files/words/chartset-006/docx/001_Free_Genogram_Diagram_Template_Blue_and_Gray_Theme_7c9e01a7.docx
001_Free_Genogram_Diagram_Template_Blue_and_Gray_Theme_7c9e01a7.docx	word/document.xml	w:pict	group	fallback	absolute	0	-	-	-	-	2358,4799	2358,9011	1	.5pt	black [3200]	-	0	/home/user/sample-files/words/chartset-006/docx/001_Free_Genogram_Diagram_Template_Blue_and_Gray_Theme_7c9e01a7.docx
001_Free_Genogram_Diagram_Template_Blue_and_Gray_Theme_7c9e01a7.docx	word/document.xml	w:pict	group	fallback	absolute	0	-	-	-	-	14977,4799	14977,9009	1	.5pt	black [3200]	-	0	/home/user/sample-files/words/chartset-006/docx/001_Free_Genogram_Diagram_Template_Blue_and_Gray_Theme_7c9e01a7.docx
001_Free_Genogram_Diagram_Template_Blue_and_Gray_Theme_7c9e01a7.docx	word/document.xml	w:pict	group	fallback	absolute	0	-	-	-	-	8627,2709	8665,15320	1	.5pt	black [3200]	-	0	/home/user/sample-files/words/chartset-006/docx/001_Free_Genogram_Diagram_Template_Blue_and_Gray_Theme_7c9e01a7.docx
001_Free_Genogram_Diagram_Template_Blue_and_Gray_Theme_7c9e01a7.docx	word/document.xml	w:pict	group	fallback	absolute	0	-	-	-	-	2358,4799	2358,9011	1	.5pt	black [3200]	-	0	/home/user/sample-files/words/chartset-006/docx/001_Free_Genogram_Diagram_Template_Blue_and_Gray_Theme_7c9e01a7.docx
001_Free_Genogram_Diagram_Template_Blue_and_Gray_Theme_7c9e01a7.docx	word/document.xml	w:pict	group	fallback	absolute	0	-	-	-	-	14977,4799	14977,9009	1	.5pt	black [3200]	-	0	/home/user/sample-files/words/chartset-006/docx/001_Free_Genogram_Diagram_Template_Blue_and_Gray_Theme_7c9e01a7.docx
001_Free_Genogram_Diagram_Template_Blue_and_Gray_Theme_7c9e01a7.docx	word/document.xml	w:pict	group	fallback	absolute	0	-	-	-	-	8627,2709	8665,15320	1	.5pt	black [3200]	-	0	/home/user/sample-files/words/chartset-006/docx/001_Free_Genogram_Diagram_Template_Blue_and_Gray_Theme_7c9e01a7.docx
001_Free_Genogram_Diagram_Template_Blue_and_Gray_Theme_7c9e01a7.docx	word/document.xml	w:pict	group	fallback	absolute	0	-	-	-	-	2358,4799	2358,9011	1	.5pt	black [3200]	-	0	/home/user/sample-files/words/chartset-006/docx/001_Free_Genogram_Diagram_Template_Blue_and_Gray_Theme_7c9e01a7.docx
001_Free_Genogram_Diagram_Template_Blue_and_Gray_Theme_7c9e01a7.docx	word/document.xml	w:pict	group	fallback	absolute	0	-	-	-	-	22217,2323	22217,6533	1	.5pt	black [3200]	-	0	/home/user/sample-files/words/chartset-006/docx/001_Free_Genogram_Diagram_Template_Blue_and_Gray_Theme_7c9e01a7.docx
001_Free_Genogram_Diagram_Template_Blue_and_Gray_Theme_7c9e01a7.docx	word/document.xml	w:pict	group	fallback	absolute	0	-	-	-	-	-3946,6557	22217,6557	1	.5pt	black [3200]	-	0	/home/user/sample-files/words/chartset-006/docx/001_Free_Genogram_Diagram_Template_Blue_and_Gray_Theme_7c9e01a7.docx
001_Free_Genogram_Diagram_Template_Blue_and_Gray_Theme_7c9e01a7.docx	word/document.xml	w:pict	group	fallback	absolute	0	-	-	-	-	-3928,2323	-3928,6535	1	.5pt	black [3200]	-	0	/home/user/sample-files/words/chartset-006/docx/001_Free_Genogram_Diagram_Template_Blue_and_Gray_Theme_7c9e01a7.docx
001_Free_Genogram_Diagram_Template_Blue_and_Gray_Theme_7c9e01a7.docx	word/document.xml	w:pict	group	fallback	absolute	0	-	-	-	-	0,3468	5296,3468	1	.5pt	black [3200]	-	0	/home/user/sample-files/words/chartset-006/docx/001_Free_Genogram_Diagram_Template_Blue_and_Gray_Theme_7c9e01a7.docx
001_Free_Genogram_Diagram_Template_Blue_and_Gray_Theme_7c9e01a7.docx	word/document.xml	w:pict	group	fallback	absolute	0	-	-	-	-	472,0	4746,6892	1	.5pt	black [3200]	-	0	/home/user/sample-files/words/chartset-006/docx/001_Free_Genogram_Diagram_Template_Blue_and_Gray_Theme_7c9e01a7.docx
001_Free_Genogram_Diagram_Template_Blue_and_Gray_Theme_7c9e01a7.docx	word/document.xml	w:pict	group	fallback	absolute	0	-	-	-	-	472,630	5056,7099	1	.5pt	black [3200]	-	0	/home/user/sample-files/words/chartset-006/docx/001_Free_Genogram_Diagram_Template_Blue_and_Gray_Theme_7c9e01a7.docx
001_Free_Genogram_Diagram_Template_Blue_and_Gray_Theme_7c9e01a7.docx	word/document.xml	w:pict	top	fallback	absolute	0	-	-	-	-	271.5pt,204.1pt	323.15pt,256.2pt	1	.5pt	black [3200]	-	0	/home/user/sample-files/words/chartset-006/docx/001_Free_Genogram_Diagram_Template_Blue_and_Gray_Theme_7c9e01a7.docx
001_Free_Genogram_Diagram_Template_Blue_and_Gray_Theme_7c9e01a7.docx	word/document.xml	w:pict	group	fallback	absolute	0	-	-	-	-	114300,95250	448945,392430	1	.5pt	black [3200]	-	0	/home/user/sample-files/words/chartset-006/docx/001_Free_Genogram_Diagram_Template_Blue_and_Gray_Theme_7c9e01a7.docx
001_Free_Genogram_Diagram_Template_Blue_and_Gray_Theme_7c9e01a7.docx	word/document.xml	w:pict	group	fallback	absolute	0	-	-	-	-	0,0	334645,297180	1	.5pt	black [3200]	-	0	/home/user/sample-files/words/chartset-006/docx/001_Free_Genogram_Diagram_Template_Blue_and_Gray_Theme_7c9e01a7.docx
001_Free_Genogram_Diagram_Template_Blue_and_Gray_Theme_7c9e01a7.docx	word/document.xml	w:pict	group	fallback	absolute	0	-	-	-	-	0,0	6720,7146	1	.5pt	black [3200]	-	0	/home/user/sample-files/words/chartset-006/docx/001_Free_Genogram_Diagram_Template_Blue_and_Gray_Theme_7c9e01a7.docx
001_Free_Genogram_Diagram_Template_Blue_and_Gray_Theme_7c9e01a7.docx	word/document.xml	w:pict	group	fallback	absolute	0	-	-	-	-	190,381	6286,6896	1	.5pt	black [3200]	-	0	/home/user/sample-files/words/chartset-006/docx/001_Free_Genogram_Diagram_Template_Blue_and_Gray_Theme_7c9e01a7.docx
002_Free_Genogram_Diagram_Template_Customizable_Format_2219584b.docx	word/document.xml	w:pict	group	fallback	absolute	0	-	-	-	-	78828,0	287204,226714	1	.5pt	black [3200]	-	0	/home/user/sample-files/words/chartset-006/docx/002_Free_Genogram_Diagram_Template_Customizable_Format_2219584b.docx
002_Free_Genogram_Diagram_Template_Customizable_Format_2219584b.docx	word/document.xml	w:pict	group	fallback	absolute	0	-	-	-	-	0,15766	208376,242480	1	.5pt	black [3200]	-	0	/home/user/sample-files/words/chartset-006/docx/002_Free_Genogram_Diagram_Template_Customizable_Format_2219584b.docx
002_Free_Genogram_Diagram_Template_Customizable_Format_2219584b.docx	word/document.xml	w:pict	group	fallback	absolute	0	-	-	-	-	22623,92	24890,2175	1	.5pt	black [3200]	-	0	/home/user/sample-files/words/chartset-006/docx/002_Free_Genogram_Diagram_Template_Customizable_Format_2219584b.docx
002_Free_Genogram_Diagram_Template_Customizable_Format_2219584b.docx	word/document.xml	w:pict	group	fallback	absolute	0	-	-	-	-	-25382,328	-23298,2595	1	.5pt	black [3200]	-	0	/home/user/sample-files/words/chartset-006/docx/002_Free_Genogram_Diagram_Template_Customizable_Format_2219584b.docx
002_Free_Genogram_Diagram_Template_Customizable_Format_2219584b.docx	word/document.xml	w:pict	group	fallback	absolute	0	-	-	-	-	15607,2049	26322,2049	1	.5pt	black [3213]	-	0	/home/user/sample-files/words/chartset-006/docx/002_Free_Genogram_Diagram_Template_Customizable_Format_2219584b.docx
002_Free_Genogram_Diagram_Template_Customizable_Format_2219584b.docx	word/document.xml	w:pict	group	fallback	absolute	0	-	-	-	-	0,1734	10714,1734	1	.5pt	black [3213]	-	0	/home/user/sample-files/words/chartset-006/docx/002_Free_Genogram_Diagram_Template_Customizable_Format_2219584b.docx
002_Free_Genogram_Diagram_Template_Customizable_Format_2219584b.docx	word/document.xml	w:pict	top	fallback	absolute	0	-	-	-	-	652.95pt,70.75pt	700.95pt,122.05pt	1	.5pt	black [3200]	-	0	/home/user/sample-files/words/chartset-006/docx/002_Free_Genogram_Diagram_Template_Customizable_Format_2219584b.docx
002_Free_Genogram_Diagram_Template_Customizable_Format_2219584b.docx	word/document.xml	w:pict	top	fallback	absolute	0	-	-	-	-	651.6pt,67.05pt	704.5pt,123.3pt	1	.5pt	black [3200]	-	0	/home/user/sample-files/words/chartset-006/docx/002_Free_Genogram_Diagram_Template_Customizable_Format_2219584b.docx
002_Free_Genogram_Diagram_Template_Customizable_Format_2219584b.docx	word/document.xml	w:pict	top	fallback	absolute	0	-	-	-	-	351.45pt,154.05pt	399.45pt,205.35pt	1	.5pt	black [3200]	-	0	/home/user/sample-files/words/chartset-006/docx/002_Free_Genogram_Diagram_Template_Customizable_Format_2219584b.docx
002_Free_Genogram_Diagram_Template_Customizable_Format_2219584b.docx	word/document.xml	w:pict	top	fallback	absolute	0	-	-	-	-	350.1pt,150.35pt	403pt,206.6pt	1	.5pt	black [3200]	-	0	/home/user/sample-files/words/chartset-006/docx/002_Free_Genogram_Diagram_Template_Customizable_Format_2219584b.docx
002_Free_Genogram_Diagram_Template_Customizable_Format_2219584b.docx	word/document.xml	w:pict	top	fallback	absolute	0	-	-	-	-	384.55pt,344.3pt	437.45pt,400.55pt	1	.5pt	black [3200]	-	0	/home/user/sample-files/words/chartset-006/docx/002_Free_Genogram_Diagram_Template_Customizable_Format_2219584b.docx
002_Free_Genogram_Diagram_Template_Customizable_Format_2219584b.docx	word/document.xml	w:pict	top	fallback	absolute	0	-	-	-	-	385.9pt,348pt	433.9pt,399.3pt	1	.5pt	black [3200]	-	0	/home/user/sample-files/words/chartset-006/docx/002_Free_Genogram_Diagram_Template_Customizable_Format_2219584b.docx
002_Free_Genogram_Diagram_Template_Customizable_Format_2219584b.docx	word/document.xml	w:pict	group	fallback	absolute	0	-	-	-	-	-15257,4737	25929,4737	1	1pt	black [3213]	-	0	/home/user/sample-files/words/chartset-006/docx/002_Free_Genogram_Diagram_Template_Customizable_Format_2219584b.docx
002_Free_Genogram_Diagram_Template_Customizable_Format_2219584b.docx	word/document.xml	w:pict	group	fallback	absolute	0	-	-	-	-	-15316,4784	-15316,8567	1	1pt	black [3213]	-	0	/home/user/sample-files/words/chartset-006/docx/002_Free_Genogram_Diagram_Template_Customizable_Format_2219584b.docx
002_Free_Genogram_Diagram_Template_Customizable_Format_2219584b.docx	word/document.xml	w:pict	group	fallback	absolute	0	-	-	-	-	8612,0	8612,4463	1	1pt	black [3213]	-	0	/home/user/sample-files/words/chartset-006/docx/002_Free_Genogram_Diagram_Template_Customizable_Format_2219584b.docx
002_Free_Genogram_Diagram_Template_Customizable_Format_2219584b.docx	word/document.xml	w:pict	group	fallback	absolute	0	-	-	-	-	-45125,2458	-35890,2458	1	-	black [3200]	-	0	/home/user/sample-files/words/chartset-006/docx/002_Free_Genogram_Diagram_Template_Customizable_Format_2219584b.docx
002_Free_Genogram_Diagram_Template_Customizable_Format_2219584b.docx	word/document.xml	w:pict	group	fallback	absolute	0	-	-	-	-	-35694,-4363	-35694,2458	1	-	black [3200]	-	0	/home/user/sample-files/words/chartset-006/docx/002_Free_Genogram_Diagram_Template_Customizable_Format_2219584b.docx
002_Free_Genogram_Diagram_Template_Customizable_Format_2219584b.docx	word/document.xml	w:pict	group	fallback	absolute	0	-	-	-	-	-45393,-4363	-45393,2720	1	-	black [3200]	-	0	/home/user/sample-files/words/chartset-006/docx/002_Free_Genogram_Diagram_Template_Customizable_Format_2219584b.docx
002_Free_Genogram_Diagram_Template_Customizable_Format_2219584b.docx	word/document.xml	w:pict	group	fallback	absolute	0	-	-	-	-	7645,3446	7645,13477	1	1pt	black [3213]	-	0	/home/user/sample-files/words/chartset-006/docx/002_Free_Genogram_Diagram_Template_Customizable_Format_2219584b.docx
002_Free_Genogram_Diagram_Template_Customizable_Format_2219584b.docx	word/document.xml	w:pict	group	fallback	absolute	0	-	-	-	-	12741,8536	12741,12041	1	1pt	black [3213]	-	0	/home/user/sample-files/words/chartset-006/docx/002_Free_Genogram_Diagram_Template_Customizable_Format_2219584b.docx
002_Free_Genogram_Diagram_Template_Customizable_Format_2219584b.docx	word/document.xml	w:pict	group	fallback	absolute	0	-	-	-	-	2609,8536	2609,11936	1	1pt	black [3213]	-	0	/home/user/sample-files/words/chartset-006/docx/002_Free_Genogram_Diagram_Template_Customizable_Format_2219584b.docx
002_Free_Genogram_Diagram_Template_Customizable_Format_2219584b.docx	word/document.xml	w:pict	group	fallback	absolute	0	-	-	-	-	7794,4292	7794,8305	1	1pt	black [3213]	-	0	/home/user/sample-files/words/chartset-006/docx/002_Free_Genogram_Diagram_Template_Customizable_Format_2219584b.docx
002_Free_Genogram_Diagram_Template_Customizable_Format_2219584b.docx	word/document.xml	w:pict	group	fallback	absolute	0	-	-	-	-	8033,-2099	8033,10639	1	1pt	black [3213]	-	0	/home/user/sample-files/words/chartset-006/docx/002_Free_Genogram_Diagram_Template_Customizable_Format_2219584b.docx
002_Free_Genogram_Diagram_Template_Customizable_Format_2219584b.docx	word/document.xml	w:pict	group	fallback	absolute	0	-	-	-	-	1621,0	1621,4307	1	1pt	black [3213]	-	0	/home/user/sample-files/words/chartset-006/docx/002_Free_Genogram_Diagram_Template_Customizable_Format_2219584b.docx
002_Free_Genogram_Diagram_Template_Customizable_Format_2219584b.docx	word/document.xml	w:pict	group	fallback	absolute	0	-	-	-	-	14390,0	14390,4178	1	1pt	black [3213]	-	0	/home/user/sample-files/words/chartset-006/docx/002_Free_Genogram_Diagram_Template_Customizable_Format_2219584b.docx
002_Free_Genogram_Diagram_Template_Customizable_Format_2219584b.docx	word/document.xml	w:pict	group	fallback	absolute	0	-	-	-	-	2184,7110	16490,7110	1	1pt	black [3213]	-	0	/home/user/sample-files/words/chartset-006/docx/002_Free_Genogram_Diagram_Template_Customizable_Format_2219584b.docx
002_Free_Genogram_Diagram_Template_Customizable_Format_2219584b.docx	word/document.xml	w:pict	group	fallback	absolute	0	-	-	-	-	16490,4497	16490,7041	1	1pt	black [3213]	-	0	/home/user/sample-files/words/chartset-006/docx/002_Free_Genogram_Diagram_Template_Customizable_Format_2219584b.docx
002_Free_Genogram_Diagram_Template_Customizable_Format_2219584b.docx	word/document.xml	w:pict	group	fallback	absolute	0	-	-	-	-	2098,4497	2098,7041	1	1pt	black [3213]	-	0	/home/user/sample-files/words/chartset-006/docx/002_Free_Genogram_Diagram_Template_Customizable_Format_2219584b.docx
002_Free_Genogram_Diagram_Template_Customizable_Format_2219584b.docx	word/document.xml	w:pict	group	fallback	absolute	0	-	-	-	-	10255,7110	10255,11507	1	1pt	black [3200]	-	0	/home/user/sample-files/words/chartset-006/docx/002_Free_Genogram_Diagram_Template_Customizable_Format_2219584b.docx
002_Free_Genogram_Diagram_Template_Customizable_Format_2219584b.docx	word/document.xml	w:pict	group	fallback	absolute	0	-	-	-	-	1201,14865	29625,14865	1	1pt	black [3213]	-	0	/home/user/sample-files/words/chartset-006/docx/002_Free_Genogram_Diagram_Template_Customizable_Format_2219584b.docx
002_Free_Genogram_Diagram_Template_Customizable_Format_2219584b.docx	word/document.xml	w:pict	group	fallback	absolute	0	-	-	-	-	29630,12244	29630,14828	1	1pt	black [3213]	-	0	/home/user/sample-files/words/chartset-006/docx/002_Free_Genogram_Diagram_Template_Customizable_Format_2219584b.docx
002_Free_Genogram_Diagram_Template_Customizable_Format_2219584b.docx	word/document.xml	w:pict	group	fallback	absolute	0	-	-	-	-	1121,12224	1121,14809	1	1pt	black [3213]	-	0	/home/user/sample-files/words/chartset-006/docx/002_Free_Genogram_Diagram_Template_Customizable_Format_2219584b.docx
002_Free_Genogram_Diagram_Template_Customizable_Format_2219584b.docx	word/document.xml	w:pict	group	fallback	absolute	0	-	-	-	-	524,3837	21655,3837	1	1pt	black [3213]	-	0	/home/user/sample-files/words/chartset-006/docx/002_Free_Genogram_Diagram_Template_Customizable_Format_2219584b.docx
002_Free_Genogram_Diagram_Template_Customizable_Format_2219584b.docx	word/document.xml	w:pict	group	fallback	absolute	0	-	-	-	-	466,3837	466,6881	1	1pt	black [3213]	-	0	/home/user/sample-files/words/chartset-006/docx/002_Free_Genogram_Diagram_Template_Customizable_Format_2219584b.docx
002_Free_Genogram_Diagram_Template_Customizable_Format_2219584b.docx	word/document.xml	w:pict	group	fallback	absolute	0	-	-	-	-	6417,5643	40750,5643	1	1pt	black [3213]	-	0	/home/user/sample-files/words/chartset-006/docx/002_Free_Genogram_Diagram_Template_Customizable_Format_2219584b.docx
002_Free_Genogram_Diagram_Template_Customizable_Format_2219584b.docx	word/document.xml	w:pict	group	fallback	absolute	0	-	-	-	-	11678,4206	30757,4206	1	1pt	black [3213]	-	0	/home/user/sample-files/words/chartset-006/docx/002_Free_Genogram_Diagram_Template_Customizable_Format_2219584b.docx
002_Free_Genogram_Diagram_Template_Customizable_Format_2219584b.docx	word/document.xml	w:pict	group	fallback	absolute	0	-	-	-	-	30757,1584	30757,4169	1	1pt	black [3213]	-	0	/home/user/sample-files/words/chartset-006/docx/002_Free_Genogram_Diagram_Template_Customizable_Format_2219584b.docx
002_Free_Genogram_Diagram_Template_Customizable_Format_2219584b.docx	word/document.xml	w:pict	group	fallback	absolute	0	-	-	-	-	11571,-1660	11632,3967	1	1pt	black [3213]	-	0	/home/user/sample-files/words/chartset-006/docx/002_Free_Genogram_Diagram_Template_Customizable_Format_2219584b.docx
002_Free_Genogram_Diagram_Template_Customizable_Format_2219584b.docx	word/document.xml	w:pict	group	fallback	absolute	0	-	-	-	-	2434,7056	30859,7056	1	1pt	black [3213]	-	0	/home/user/sample-files/words/chartset-006/docx/002_Free_Genogram_Diagram_Template_Customizable_Format_2219584b.docx
002_Free_Genogram_Diagram_Template_Customizable_Format_2219584b.docx	word/document.xml	w:pict	group	fallback	absolute	0	-	-	-	-	30757,4487	30757,7071	1	1pt	black [3213]	-	0	/home/user/sample-files/words/chartset-006/docx/002_Free_Genogram_Diagram_Template_Customizable_Format_2219584b.docx
002_Free_Genogram_Diagram_Template_Customizable_Format_2219584b.docx	word/document.xml	w:pict	group	fallback	absolute	0	-	-	-	-	2375,4512	2375,7097	1	1pt	black [3213]	-	0	/home/user/sample-files/words/chartset-006/docx/002_Free_Genogram_Diagram_Template_Customizable_Format_2219584b.docx
002_Free_Genogram_Diagram_Template_Customizable_Format_2219584b.docx	word/document.xml	w:pict	group	fallback	absolute	0	-	-	-	-	8975,7153	30750,7153	1	1pt	black [3213]	-	0	/home/user/sample-files/words/chartset-006/docx/002_Free_Genogram_Diagram_Template_Customizable_Format_2219584b.docx
002_Free_Genogram_Diagram_Template_Customizable_Format_2219584b.docx	word/document.xml	w:pict	group	fallback	absolute	0	-	-	-	-	30757,4631	30757,7215	1	1pt	black [3213]	-	0	/home/user/sample-files/words/chartset-006/docx/002_Free_Genogram_Diagram_Template_Customizable_Format_2219584b.docx
002_Free_Genogram_Diagram_Template_Customizable_Format_2219584b.docx	word/document.xml	w:pict	group	fallback	absolute	0	-	-	-	-	8975,4521	8975,7106	1	1pt	black [3213]	-	0	/home/user/sample-files/words/chartset-006/docx/002_Free_Genogram_Diagram_Template_Customizable_Format_2219584b.docx
002_Free_Genogram_Diagram_Template_Customizable_Format_2219584b.docx	word/document.xml	w:pict	group	fallback	absolute	0	-	-	-	-	7412,2070	7412,12239	1	1pt	black [3213]	-	0	/home/user/sample-files/words/chartset-006/docx/002_Free_Genogram_Diagram_Template_Customizable_Format_2219584b.docx
002_Free_Genogram_Diagram_Template_Customizable_Format_2219584b.docx	word/document.xml	w:pict	group	fallback	absolute	0	-	-	-	-	12469,4631	12469,7215	1	1pt	black [3213]	-	0	/home/user/sample-files/words/chartset-006/docx/002_Free_Genogram_Diagram_Template_Customizable_Format_2219584b.docx
002_Free_Genogram_Diagram_Template_Customizable_Format_2219584b.docx	word/document.xml	w:pict	group	fallback	absolute	0	-	-	-	-	2375,4512	2375,7097	1	1pt	black [3213]	-	0	/home/user/sample-files/words/chartset-006/docx/002_Free_Genogram_Diagram_Template_Customizable_Format_2219584b.docx
002_Free_Genogram_Diagram_Template_Customizable_Format_2219584b.docx	word/document.xml	w:pict	group	fallback	absolute	0	-	-	-	-	7412,2070	7412,12239	1	1pt	black [3213]	-	0	/home/user/sample-files/words/chartset-006/docx/002_Free_Genogram_Diagram_Template_Customizable_Format_2219584b.docx
002_Free_Genogram_Diagram_Template_Customizable_Format_2219584b.docx	word/document.xml	w:pict	group	fallback	absolute	0	-	-	-	-	12469,4631	12469,7215	1	1pt	black [3213]	-	0	/home/user/sample-files/words/chartset-006/docx/002_Free_Genogram_Diagram_Template_Customizable_Format_2219584b.docx
002_Free_Genogram_Diagram_Template_Customizable_Format_2219584b.docx	word/document.xml	w:pict	group	fallback	absolute	0	-	-	-	-	2218,4512	2218,7097	1	1pt	black [3213]	-	0	/home/user/sample-files/words/chartset-006/docx/002_Free_Genogram_Diagram_Template_Customizable_Format_2219584b.docx
002_Free_Genogram_Diagram_Template_Customizable_Format_2219584b.docx	word/document.xml	w:pict	group	fallback	absolute	0	-	-	-	-	7412,2070	7412,12239	1	1pt	black [3213]	-	0	/home/user/sample-files/words/chartset-006/docx/002_Free_Genogram_Diagram_Template_Customizable_Format_2219584b.docx
002_Free_Genogram_Diagram_Template_Customizable_Format_2219584b.docx	word/document.xml	w:pict	group	fallback	absolute	0	-	-	-	-	12469,4631	12469,7215	1	1pt	black [3213]	-	0	/home/user/sample-files/words/chartset-006/docx/002_Free_Genogram_Diagram_Template_Customizable_Format_2219584b.docx
002_Free_Genogram_Diagram_Template_Customizable_Format_2219584b.docx	word/document.xml	w:pict	group	fallback	absolute	0	-	-	-	-	2375,4512	2375,7097	1	1pt	black [3213]	-	0	/home/user/sample-files/words/chartset-006/docx/002_Free_Genogram_Diagram_Template_Customizable_Format_2219584b.docx
002_Free_Genogram_Diagram_Template_Customizable_Format_2219584b.docx	word/document.xml	w:pict	group	fallback	absolute	0	-	-	-	-	13939,2070	13939,12239	1	1pt	black [3213]	-	0	/home/user/sample-files/words/chartset-006/docx/002_Free_Genogram_Diagram_Template_Customizable_Format_2219584b.docx
002_Free_Genogram_Diagram_Template_Customizable_Format_2219584b.docx	word/document.xml	w:pict	group	fallback	absolute	0	-	-	-	-	18995,4631	18995,7215	1	1pt	black [3213]	-	0	/home/user/sample-files/words/chartset-006/docx/002_Free_Genogram_Diagram_Template_Customizable_Format_2219584b.docx
002_Free_Genogram_Diagram_Template_Customizable_Format_2219584b.docx	word/document.xml	w:pict	group	fallback	absolute	0	-	-	-	-	8854,4520	8854,7104	1	1pt	black [3213]	-	0	/home/user/sample-files/words/chartset-006/docx/002_Free_Genogram_Diagram_Template_Customizable_Format_2219584b.docx
002_Free_Genogram_Diagram_Template_Customizable_Format_2219584b.docx	word/document.xml	w:pict	group	fallback	absolute	0	-	-	-	-	35211,7233	35211,10774	1	1pt	black [3200]	-	0	/home/user/sample-files/words/chartset-006/docx/002_Free_Genogram_Diagram_Template_Customizable_Format_2219584b.docx
002_Free_Genogram_Diagram_Template_Customizable_Format_2219584b.docx	word/document.xml	w:pict	group	fallback	absolute	0	-	-	-	-	13576,7377	13576,10918	1	1pt	black [3200]	-	0	/home/user/sample-files/words/chartset-006/docx/002_Free_Genogram_Diagram_Template_Customizable_Format_2219584b.docx
002_Free_Genogram_Diagram_Template_Customizable_Format_2219584b.docx	word/document.xml	w:pict	group	fallback	absolute	0	-	-	-	-	83503,7136	83524,10587	1	1pt	black [3200]	-	0	/home/user/sample-files/words/chartset-006/docx/002_Free_Genogram_Diagram_Template_Customizable_Format_2219584b.docx
002_Free_Genogram_Diagram_Template_Customizable_Format_2219584b.docx	word/document.xml	w:pict	group	fallback	absolute	0	-	-	-	-	55409,7506	55409,10870	1	1pt	black [3200]	-	0	/home/user/sample-files/words/chartset-006/docx/002_Free_Genogram_Diagram_Template_Customizable_Format_2219584b.docx
002_Free_Genogram_Diagram_Template_Customizable_Format_2219584b.docx	word/document.xml	w:pict	group	fallback	absolute	0	-	-	-	-	38245,36265	38245,39940	1	1pt	black [3200]	-	0	/home/user/sample-files/words/chartset-006/docx/002_Free_Genogram_Diagram_Template_Customizable_Format_2219584b.docx
002_Free_Genogram_Diagram_Template_Customizable_Format_2219584b.docx	word/document.xml	w:pict	group	fallback	absolute	0	-	-	-	-	25009,18015	25126,36204	1	1pt	black [3200]	-	0	/home/user/sample-files/words/chartset-006/docx/002_Free_Genogram_Diagram_Template_Customizable_Format_2219584b.docx
002_Free_Genogram_Diagram_Template_Customizable_Format_2219584b.docx	word/document.xml	w:pict	group	fallback	absolute	0	-	-	-	-	69330,17878	69330,24855	1	1pt	black [3200]	-	0	/home/user/sample-files/words/chartset-006/docx/002_Free_Genogram_Diagram_Template_Customizable_Format_2219584b.docx
002_Free_Genogram_Diagram_Template_Customizable_Format_2219584b.docx	word/document.xml	w:pict	group	fallback	absolute	0	-	-	-	-	5143,-2096	5143,8038	1	1pt	black [3213]	-	0	/home/user/sample-files/words/chartset-006/docx/002_Free_Genogram_Diagram_Template_Customizable_Format_2219584b.docx
002_Free_Genogram_Diagram_Template_Customizable_Format_2219584b.docx	word/document.xml	w:pict	group	fallback	absolute	0	-	-	-	-	10096,190	10096,3016	1	1pt	black [3213]	-	0	/home/user/sample-files/words/chartset-006/docx/002_Free_Genogram_Diagram_Template_Customizable_Format_2219584b.docx
002_Free_Genogram_Diagram_Template_Customizable_Format_2219584b.docx	word/document.xml	w:pict	group	fallback	absolute	0	-	-	-	-	0,0	0,2825	1	1pt	black [3213]	-	0	/home/user/sample-files/words/chartset-006/docx/002_Free_Genogram_Diagram_Template_Customizable_Format_2219584b.docx
002_Free_Genogram_Diagram_Template_Customizable_Format_2219584b.docx	word/document.xml	w:pict	group	fallback	absolute	0	-	-	-	-	4953,3048	4953,7513	1	1pt	black [3200]	-	0	/home/user/sample-files/words/chartset-006/docx/002_Free_Genogram_Diagram_Template_Customizable_Format_2219584b.docx
002_Free_Genogram_Diagram_Template_Customizable_Format_2219584b.docx	word/document.xml	w:pict	group	fallback	absolute	0	-	-	-	-	51625,17145	54036,17145	1	.5pt	black [3200]	-	0	/home/user/sample-files/words/chartset-006/docx/002_Free_Genogram_Diagram_Template_Customizable_Format_2219584b.docx
002_Free_Genogram_Diagram_Template_Customizable_Format_2219584b.docx	word/document.xml	w:pict	group	fallback	absolute	0	-	-	-	-	38862,17145	41668,17145	1	.5pt	black [3200]	-	0	/home/user/sample-files/words/chartset-006/docx/002_Free_Genogram_Diagram_Template_Customizable_Format_2219584b.docx
002_Free_Genogram_Diagram_Template_Customizable_Format_2219584b.docx	word/document.xml	w:pict	group	fallback	absolute	0	-	-	-	-	57912,38100	57912,42297	1	1pt	black [3200]	-	0	/home/user/sample-files/words/chartset-006/docx/002_Free_Genogram_Diagram_Template_Customizable_Format_2219584b.docx
002_Free_Genogram_Diagram_Template_Customizable_Format_2219584b.docx	word/document.xml	w:pict	group	fallback	absolute	0	-	-	-	-	63410,57472	63410,60342	1	1pt	black [3213]	-	0	/home/user/sample-files/words/chartset-006/docx/002_Free_Genogram_Diagram_Template_Customizable_Format_2219584b.docx
002_Free_Genogram_Diagram_Template_Customizable_Format_2219584b.docx	word/document.xml	w:pict	group	fallback	absolute	0	-	-	-	-	3138,36030	5222,38293	1	.5pt	black [3200]	-	0	/home/user/sample-files/words/chartset-006/docx/002_Free_Genogram_Diagram_Template_Customizable_Format_2219584b.docx
002_Free_Genogram_Diagram_Template_Customizable_Format_2219584b.docx	word/document.xml	w:pict	group	fallback	absolute	0	-	-	-	-	78828,0	287204,226714	1	.5pt	black [3200]	-	0	/home/user/sample-files/words/chartset-006/docx/002_Free_Genogram_Diagram_Template_Customizable_Format_2219584b.docx
002_Free_Genogram_Diagram_Template_Customizable_Format_2219584b.docx	word/document.xml	w:pict	group	fallback	absolute	0	-	-	-	-	0,15766	208376,242480	1	.5pt	black [3200]	-	0	/home/user/sample-files/words/chartset-006/docx/002_Free_Genogram_Diagram_Template_Customizable_Format_2219584b.docx
002_Free_Genogram_Diagram_Template_Customizable_Format_2219584b.docx	word/document.xml	w:pict	group	fallback	absolute	0	-	-	-	-	16137,1802	21958,1802	1	.25pt	black [3213]	-	0	/home/user/sample-files/words/chartset-006/docx/002_Free_Genogram_Diagram_Template_Customizable_Format_2219584b.docx
002_Free_Genogram_Diagram_Template_Customizable_Format_2219584b.docx	word/document.xml	w:pict	group	fallback	absolute	0	-	-	-	-	3986,1739	10714,1739	1	.25pt	black [3213]	-	0	/home/user/sample-files/words/chartset-006/docx/002_Free_Genogram_Diagram_Template_Customizable_Format_2219584b.docx
002_Free_Genogram_Diagram_Template_Customizable_Format_2219584b.docx	word/document.xml	w:pict	group	fallback	absolute	0	-	-	-	-	0,0	6718,7143	1	.5pt	black [3200]	-	0	/home/user/sample-files/words/chartset-006/docx/002_Free_Genogram_Diagram_Template_Customizable_Format_2219584b.docx
002_Free_Genogram_Diagram_Template_Customizable_Format_2219584b.docx	word/document.xml	w:pict	group	fallback	absolute	0	-	-	-	-	136,409	6232,6924	1	.5pt	black [3200]	-	0	/home/user/sample-files/words/chartset-006/docx/002_Free_Genogram_Diagram_Template_Customizable_Format_2219584b.docx
002_Free_Genogram_Diagram_Template_Customizable_Format_2219584b.docx	word/document.xml	w:pict	top	fallback	absolute	0	-	-	-	-	16.9pt,-49.65pt	16.9pt,151.3pt	1	.5pt	black [3200]	-	0	/home/user/sample-files/words/chartset-006/docx/002_Free_Genogram_Diagram_Template_Customizable_Format_2219584b.docx
057_Organogram_Template_Vertical_Colorful_Theme_724b143c.docx	word/document.xml	w:pict	group	fallback	absolute	0	-	-	-	-	48807,0	48807,3746	1	.5pt	black [3200]	-	0	/home/user/sample-files/words/chartset-006/docx/057_Organogram_Template_Vertical_Colorful_Theme_724b143c.docx
057_Organogram_Template_Vertical_Colorful_Theme_724b143c.docx	word/document.xml	w:pict	group	fallback	absolute	0	-	-	-	-	36694,118	36694,3865	1	.5pt	black [3200]	-	0	/home/user/sample-files/words/chartset-006/docx/057_Organogram_Template_Vertical_Colorful_Theme_724b143c.docx
057_Organogram_Template_Vertical_Colorful_Theme_724b143c.docx	word/document.xml	w:pict	group	fallback	absolute	0	-	-	-	-	24463,118	24463,3865	1	.5pt	black [3200]	-	0	/home/user/sample-files/words/chartset-006/docx/057_Organogram_Template_Vertical_Colorful_Theme_724b143c.docx
057_Organogram_Template_Vertical_Colorful_Theme_724b143c.docx	word/document.xml	w:pict	group	fallback	absolute	0	-	-	-	-	11875,237	11875,3984	1	.5pt	black [3200]	-	0	/home/user/sample-files/words/chartset-006/docx/057_Organogram_Template_Vertical_Colorful_Theme_724b143c.docx
057_Organogram_Template_Vertical_Colorful_Theme_724b143c.docx	word/document.xml	w:pict	group	fallback	absolute	0	-	-	-	-	0,237	0,3984	1	.5pt	black [3200]	-	0	/home/user/sample-files/words/chartset-006/docx/057_Organogram_Template_Vertical_Colorful_Theme_724b143c.docx
057_Organogram_Template_Vertical_Colorful_Theme_724b143c.docx	word/document.xml	w:pict	group	fallback	absolute	0	-	-	-	-	48807,0	48807,3746	1	.5pt	black [3200]	-	0	/home/user/sample-files/words/chartset-006/docx/057_Organogram_Template_Vertical_Colorful_Theme_724b143c.docx
057_Organogram_Template_Vertical_Colorful_Theme_724b143c.docx	word/document.xml	w:pict	group	fallback	absolute	0	-	-	-	-	36694,118	36694,3865	1	.5pt	black [3200]	-	0	/home/user/sample-files/words/chartset-006/docx/057_Organogram_Template_Vertical_Colorful_Theme_724b143c.docx
057_Organogram_Template_Vertical_Colorful_Theme_724b143c.docx	word/document.xml	w:pict	group	fallback	absolute	0	-	-	-	-	24463,118	24463,3865	1	.5pt	black [3200]	-	0	/home/user/sample-files/words/chartset-006/docx/057_Organogram_Template_Vertical_Colorful_Theme_724b143c.docx
057_Organogram_Template_Vertical_Colorful_Theme_724b143c.docx	word/document.xml	w:pict	group	fallback	absolute	0	-	-	-	-	11875,237	11875,3984	1	.5pt	black [3200]	-	0	/home/user/sample-files/words/chartset-006/docx/057_Organogram_Template_Vertical_Colorful_Theme_724b143c.docx
057_Organogram_Template_Vertical_Colorful_Theme_724b143c.docx	word/document.xml	w:pict	group	fallback	absolute	0	-	-	-	-	0,237	0,3984	1	.5pt	black [3200]	-	0	/home/user/sample-files/words/chartset-006/docx/057_Organogram_Template_Vertical_Colorful_Theme_724b143c.docx
057_Organogram_Template_Vertical_Colorful_Theme_724b143c.docx	word/document.xml	w:pict	group	fallback	absolute	0	-	-	-	-	48807,0	48807,3746	1	.5pt	black [3200]	-	0	/home/user/sample-files/words/chartset-006/docx/057_Organogram_Template_Vertical_Colorful_Theme_724b143c.docx
057_Organogram_Template_Vertical_Colorful_Theme_724b143c.docx	word/document.xml	w:pict	group	fallback	absolute	0	-	-	-	-	36694,118	36694,3865	1	.5pt	black [3200]	-	0	/home/user/sample-files/words/chartset-006/docx/057_Organogram_Template_Vertical_Colorful_Theme_724b143c.docx
057_Organogram_Template_Vertical_Colorful_Theme_724b143c.docx	word/document.xml	w:pict	group	fallback	absolute	0	-	-	-	-	24463,118	24463,3865	1	.5pt	black [3200]	-	0	/home/user/sample-files/words/chartset-006/docx/057_Organogram_Template_Vertical_Colorful_Theme_724b143c.docx
057_Organogram_Template_Vertical_Colorful_Theme_724b143c.docx	word/document.xml	w:pict	group	fallback	absolute	0	-	-	-	-	11875,237	11875,3984	1	.5pt	black [3200]	-	0	/home/user/sample-files/words/chartset-006/docx/057_Organogram_Template_Vertical_Colorful_Theme_724b143c.docx
057_Organogram_Template_Vertical_Colorful_Theme_724b143c.docx	word/document.xml	w:pict	group	fallback	absolute	0	-	-	-	-	0,237	0,3984	1	.5pt	black [3200]	-	0	/home/user/sample-files/words/chartset-006/docx/057_Organogram_Template_Vertical_Colorful_Theme_724b143c.docx
057_Organogram_Template_Vertical_Colorful_Theme_724b143c.docx	word/document.xml	w:pict	group	fallback	absolute	0	-	-	-	-	48807,0	48807,3746	1	.5pt	black [3200]	-	0	/home/user/sample-files/words/chartset-006/docx/057_Organogram_Template_Vertical_Colorful_Theme_724b143c.docx
057_Organogram_Template_Vertical_Colorful_Theme_724b143c.docx	word/document.xml	w:pict	group	fallback	absolute	0	-	-	-	-	36694,118	36694,3865	1	.5pt	black [3200]	-	0	/home/user/sample-files/words/chartset-006/docx/057_Organogram_Template_Vertical_Colorful_Theme_724b143c.docx
057_Organogram_Template_Vertical_Colorful_Theme_724b143c.docx	word/document.xml	w:pict	group	fallback	absolute	0	-	-	-	-	24463,118	24463,3865	1	.5pt	black [3200]	-	0	/home/user/sample-files/words/chartset-006/docx/057_Organogram_Template_Vertical_Colorful_Theme_724b143c.docx
057_Organogram_Template_Vertical_Colorful_Theme_724b143c.docx	word/document.xml	w:pict	group	fallback	absolute	0	-	-	-	-	11875,237	11875,3984	1	.5pt	black [3200]	-	0	/home/user/sample-files/words/chartset-006/docx/057_Organogram_Template_Vertical_Colorful_Theme_724b143c.docx
057_Organogram_Template_Vertical_Colorful_Theme_724b143c.docx	word/document.xml	w:pict	group	fallback	absolute	0	-	-	-	-	0,237	0,3984	1	.5pt	black [3200]	-	0	/home/user/sample-files/words/chartset-006/docx/057_Organogram_Template_Vertical_Colorful_Theme_724b143c.docx
057_Organogram_Template_Vertical_Colorful_Theme_724b143c.docx	word/document.xml	w:pict	group	fallback	absolute	0	-	-	-	-	0,952	67341,952	1	1pt	black [3200]	-	0	/home/user/sample-files/words/chartset-006/docx/057_Organogram_Template_Vertical_Colorful_Theme_724b143c.docx
057_Organogram_Template_Vertical_Colorful_Theme_724b143c.docx	word/document.xml	w:pict	group	fallback	absolute	0	-	-	-	-	53760,26801	53760,30547	1	.5pt	black [3200]	-	0	/home/user/sample-files/words/chartset-006/docx/057_Organogram_Template_Vertical_Colorful_Theme_724b143c.docx
057_Organogram_Template_Vertical_Colorful_Theme_724b143c.docx	word/document.xml	w:pict	group	fallback	absolute	0	-	-	-	-	41620,26959	41620,30705	1	.5pt	black [3200]	-	0	/home/user/sample-files/words/chartset-006/docx/057_Organogram_Template_Vertical_Colorful_Theme_724b143c.docx
057_Organogram_Template_Vertical_Colorful_Theme_724b143c.docx	word/document.xml	w:pict	group	fallback	absolute	0	-	-	-	-	29481,26959	29481,30705	1	.5pt	black [3200]	-	0	/home/user/sample-files/words/chartset-006/docx/057_Organogram_Template_Vertical_Colorful_Theme_724b143c.docx
057_Organogram_Template_Vertical_Colorful_Theme_724b143c.docx	word/document.xml	w:pict	group	fallback	absolute	0	-	-	-	-	16869,26959	16869,30705	1	.5pt	black [3200]	-	0	/home/user/sample-files/words/chartset-006/docx/057_Organogram_Template_Vertical_Colorful_Theme_724b143c.docx
057_Organogram_Template_Vertical_Colorful_Theme_724b143c.docx	word/document.xml	w:pict	group	fallback	absolute	0	-	-	-	-	5044,26959	5044,30705	1	.5pt	black [3200]	-	0	/home/user/sample-files/words/chartset-006/docx/057_Organogram_Template_Vertical_Colorful_Theme_724b143c.docx
009_Free_Genogram_Diagram_Template_Handy_Format_4bb900f0.docx	word/document.xml	w:pict	group	fallback	absolute	0	-	-	-	-	78828,0	287204,226714	1	.5pt	black [3200]	-	0	/home/user/sample-files/words/chartset-007/docx/009_Free_Genogram_Diagram_Template_Handy_Format_4bb900f0.docx
009_Free_Genogram_Diagram_Template_Handy_Format_4bb900f0.docx	word/document.xml	w:pict	group	fallback	absolute	0	-	-	-	-	0,15766	208376,242480	1	.5pt	black [3200]	-	0	/home/user/sample-files/words/chartset-007/docx/009_Free_Genogram_Diagram_Template_Handy_Format_4bb900f0.docx
009_Free_Genogram_Diagram_Template_Handy_Format_4bb900f0.docx	word/document.xml	w:pict	group	fallback	absolute	0	-	-	-	-	9826,0	9826,4485	1	.5pt	red	-	0	/home/user/sample-files/words/chartset-007/docx/009_Free_Genogram_Diagram_Template_Handy_Format_4bb900f0.docx
009_Free_Genogram_Diagram_Template_Handy_Format_4bb900f0.docx	word/document.xml	w:pict	group	fallback	absolute	0	-	-	-	-	9007,0	9007,4485	1	.5pt	red	-	0	/home/user/sample-files/words/chartset-007/docx/009_Free_Genogram_Diagram_Template_Handy_Format_4bb900f0.docx
009_Free_Genogram_Diagram_Template_Handy_Format_4bb900f0.docx	word/document.xml	w:pict	group	fallback	absolute	0	-	-	-	-	8052,0	8052,4485	1	.5pt	red	-	0	/home/user/sample-files/words/chartset-007/docx/009_Free_Genogram_Diagram_Template_Handy_Format_4bb900f0.docx
009_Free_Genogram_Diagram_Template_Handy_Format_4bb900f0.docx	word/document.xml	w:pict	group	fallback	absolute	0	-	-	-	-	7096,0	7096,4486	1	.5pt	red	-	0	/home/user/sample-files/words/chartset-007/docx/009_Free_Genogram_Diagram_Template_Handy_Format_4bb900f0.docx
009_Free_Genogram_Diagram_Template_Handy_Format_4bb900f0.docx	word/document.xml	w:pict	group	fallback	absolute	0	-	-	-	-	6277,0	6277,4485	1	.5pt	red	-	0	/home/user/sample-files/words/chartset-007/docx/009_Free_Genogram_Diagram_Template_Handy_Format_4bb900f0.docx
009_Free_Genogram_Diagram_Template_Handy_Format_4bb900f0.docx	word/document.xml	w:pict	group	fallback	absolute	0	-	-	-	-	5322,0	5322,4485	1	.5pt	red	-	0	/home/user/sample-files/words/chartset-007/docx/009_Free_Genogram_Diagram_Template_Handy_Format_4bb900f0.docx
009_Free_Genogram_Diagram_Template_Handy_Format_4bb900f0.docx	word/document.xml	w:pict	group	fallback	absolute	0	-	-	-	-	4503,0	4503,4485	1	.5pt	red	-	0	/home/user/sample-files/words/chartset-007/docx/009_Free_Genogram_Diagram_Template_Handy_Format_4bb900f0.docx
009_Free_Genogram_Diagram_Template_Handy_Format_4bb900f0.docx	word/document.xml	w:pict	group	fallback	absolute	0	-	-	-	-	3548,0	3548,4486	1	.5pt	red	-	0	/home/user/sample-files/words/chartset-007/docx/009_Free_Genogram_Diagram_Template_Handy_Format_4bb900f0.docx
009_Free_Genogram_Diagram_Template_Handy_Format_4bb900f0.docx	word/document.xml	w:pict	group	fallback	absolute	0	-	-	-	-	2593,0	2593,4485	1	.5pt	red	-	0	/home/user/sample-files/words/chartset-007/docx/009_Free_Genogram_Diagram_Template_Handy_Format_4bb900f0.docx
009_Free_Genogram_Diagram_Template_Handy_Format_4bb900f0.docx	word/document.xml	w:pict	group	fallback	absolute	0	-	-	-	-	1774,0	1774,4485	1	.5pt	red	-	0	/home/user/sample-files/words/chartset-007/docx/009_Free_Genogram_Diagram_Template_Handy_Format_4bb900f0.docx
009_Free_Genogram_Diagram_Template_Handy_Format_4bb900f0.docx	word/document.xml	w:pict	group	fallback	absolute	0	-	-	-	-	818,0	818,4485	1	.5pt	red	-	0	/home/user/sample-files/words/chartset-007/docx/009_Free_Genogram_Diagram_Template_Handy_Format_4bb900f0.docx
009_Free_Genogram_Diagram_Template_Handy_Format_4bb900f0.docx	word/document.xml	w:pict	group	fallback	absolute	0	-	-	-	-	0,0	0,4486	1	.5pt	red	-	0	/home/user/sample-files/words/chartset-007/docx/009_Free_Genogram_Diagram_Template_Handy_Format_4bb900f0.docx
009_Free_Genogram_Diagram_Template_Handy_Format_4bb900f0.docx	word/document.xml	w:pict	group	fallback	absolute	0	-	-	-	-	38481,27241	38481,32956	1	1pt	black [3200]	-	0	/home/user/sample-files/words/chartset-007/docx/009_Free_Genogram_Diagram_Template_Handy_Format_4bb900f0.docx
009_Free_Genogram_Diagram_Template_Handy_Format_4bb900f0.docx	word/document.xml	w:pict	group	fallback	absolute	0	-	-	-	-	3048,3048	16196,3048	1	.25pt	#0d0d0d [3069]	-	0	/home/user/sample-files/words/chartset-007/docx/009_Free_Genogram_Diagram_Template_Handy_Format_4bb900f0.docx
009_Free_Genogram_Diagram_Template_Handy_Format_4bb900f0.docx	word/document.xml	w:pict	group	fallback	absolute	0	-	-	-	-	16192,3048	16192,6250	1	.25pt	#0d0d0d [3069]	-	0	/home/user/sample-files/words/chartset-007/docx/009_Free_Genogram_Diagram_Template_Handy_Format_4bb900f0.docx
009_Free_Genogram_Diagram_Template_Handy_Format_4bb900f0.docx	word/document.xml	w:pict	group	fallback	absolute	0	-	-	-	-	3048,3048	3048,7023	1	.25pt	#0d0d0d [3069]	-	0	/home/user/sample-files/words/chartset-007/docx/009_Free_Genogram_Diagram_Template_Handy_Format_4bb900f0.docx
009_Free_Genogram_Diagram_Template_Handy_Format_4bb900f0.docx	word/document.xml	w:pict	group	fallback	absolute	0	-	-	-	-	11620,0	11620,2948	1	.25pt	#0d0d0d [3069]	-	0	/home/user/sample-files/words/chartset-007/docx/009_Free_Genogram_Diagram_Template_Handy_Format_4bb900f0.docx
009_Free_Genogram_Diagram_Template_Handy_Format_4bb900f0.docx	word/document.xml	w:pict	group	fallback	absolute	0	-	-	-	-	16690,-6152	16690,5780	1	.25pt	#0d0d0d [3069]	-	0	/home/user/sample-files/words/chartset-007/docx/009_Free_Genogram_Diagram_Template_Handy_Format_4bb900f0.docx
009_Free_Genogram_Diagram_Template_Handy_Format_4bb900f0.docx	word/document.xml	w:pict	group	fallback	absolute	0	-	-	-	-	24192,2997	29805,2997	1	.25pt	#0d0d0d [3069]	-	0	/home/user/sample-files/words/chartset-007/docx/009_Free_Genogram_Diagram_Template_Handy_Format_4bb900f0.docx
009_Free_Genogram_Diagram_Template_Handy_Format_4bb900f0.docx	word/document.xml	w:pict	group	fallback	absolute	0	-	-	-	-	2857,139	2857,3579	1	.25pt	#0d0d0d [3069]	-	0	/home/user/sample-files/words/chartset-007/docx/009_Free_Genogram_Diagram_Template_Handy_Format_4bb900f0.docx
009_Free_Genogram_Diagram_Template_Handy_Format_4bb900f0.docx	word/document.xml	w:pict	group	fallback	absolute	0	-	-	-	-	2857,139	27028,196	1	.25pt	#0d0d0d [3069]	-	0	/home/user/sample-files/words/chartset-007/docx/009_Free_Genogram_Diagram_Template_Handy_Format_4bb900f0.docx
009_Free_Genogram_Diagram_Template_Handy_Format_4bb900f0.docx	word/document.xml	w:pict	group	fallback	absolute	0	-	-	-	-	54673,27241	64198,27241	1	1pt	#0d0d0d [3069]	-	0	/home/user/sample-files/words/chartset-007/docx/009_Free_Genogram_Diagram_Template_Handy_Format_4bb900f0.docx
009_Free_Genogram_Diagram_Template_Handy_Format_4bb900f0.docx	word/document.xml	w:pict	group	fallback	absolute	0	-	-	-	-	39052,-4954	39052,38730	1	1pt	black [3200]	-	0	/home/user/sample-files/words/chartset-007/docx/009_Free_Genogram_Diagram_Template_Handy_Format_4bb900f0.docx
009_Free_Genogram_Diagram_Template_Handy_Format_4bb900f0.docx	word/document.xml	w:pict	group	fallback	absolute	0	-	-	-	-	-3115,3169	3114,3169	1	.5pt	black [3200]	-	0	/home/user/sample-files/words/chartset-007/docx/009_Free_Genogram_Diagram_Template_Handy_Format_4bb900f0.docx
009_Free_Genogram_Diagram_Template_Handy_Format_4bb900f0.docx	word/document.xml	w:pict	group	fallback	absolute	0	-	-	-	-	-2405,3159	3913,3159	1	.5pt	black [3200]	-	0	/home/user/sample-files/words/chartset-007/docx/009_Free_Genogram_Diagram_Template_Handy_Format_4bb900f0.docx
009_Free_Genogram_Diagram_Template_Handy_Format_4bb900f0.docx	word/document.xml	w:pict	group	fallback	absolute	0	-	-	-	-	-1596,3169	4633,3169	1	.5pt	black [3200]	-	0	/home/user/sample-files/words/chartset-007/docx/009_Free_Genogram_Diagram_Template_Handy_Format_4bb900f0.docx
009_Free_Genogram_Diagram_Template_Handy_Format_4bb900f0.docx	word/document.xml	w:pict	group	fallback	absolute	0	-	-	-	-	-886,3159	5432,3159	1	.5pt	black [3200]	-	0	/home/user/sample-files/words/chartset-007/docx/009_Free_Genogram_Diagram_Template_Handy_Format_4bb900f0.docx
009_Free_Genogram_Diagram_Template_Handy_Format_4bb900f0.docx	word/document.xml	w:pict	group	fallback	absolute	0	-	-	-	-	-3115,3169	3114,3169	1	.5pt	black [3200]	-	0	/home/user/sample-files/words/chartset-007/docx/009_Free_Genogram_Diagram_Template_Handy_Format_4bb900f0.docx
009_Free_Genogram_Diagram_Template_Handy_Format_4bb900f0.docx	word/document.xml	w:pict	group	fallback	absolute	0	-	-	-	-	-2405,3159	3913,3159	1	.5pt	black [3200]	-	0	/home/user/sample-files/words/chartset-007/docx/009_Free_Genogram_Diagram_Template_Handy_Format_4bb900f0.docx
009_Free_Genogram_Diagram_Template_Handy_Format_4bb900f0.docx	word/document.xml	w:pict	group	fallback	absolute	0	-	-	-	-	-1596,3169	4633,3169	1	.5pt	black [3200]	-	0	/home/user/sample-files/words/chartset-007/docx/009_Free_Genogram_Diagram_Template_Handy_Format_4bb900f0.docx
009_Free_Genogram_Diagram_Template_Handy_Format_4bb900f0.docx	word/document.xml	w:pict	group	fallback	absolute	0	-	-	-	-	2273,0	2273,6469	1	.5pt	black [3200]	-	0	/home/user/sample-files/words/chartset-007/docx/009_Free_Genogram_Diagram_Template_Handy_Format_4bb900f0.docx
009_Free_Genogram_Diagram_Template_Handy_Format_4bb900f0.docx	word/document.xml	w:pict	group	fallback	absolute	0	-	-	-	-	-3115,3169	3114,3169	1	.5pt	black [3200]	-	0	/home/user/sample-files/words/chartset-007/docx/009_Free_Genogram_Diagram_Template_Handy_Format_4bb900f0.docx
009_Free_Genogram_Diagram_Template_Handy_Format_4bb900f0.docx	word/document.xml	w:pict	group	fallback	absolute	0	-	-	-	-	-2405,3159	3913,3159	1	.5pt	black [3200]	-	0	/home/user/sample-files/words/chartset-007/docx/009_Free_Genogram_Diagram_Template_Handy_Format_4bb900f0.docx
009_Free_Genogram_Diagram_Template_Handy_Format_4bb900f0.docx	word/document.xml	w:pict	group	fallback	absolute	0	-	-	-	-	-1596,3169	4633,3169	1	.5pt	black [3200]	-	0	/home/user/sample-files/words/chartset-007/docx/009_Free_Genogram_Diagram_Template_Handy_Format_4bb900f0.docx
009_Free_Genogram_Diagram_Template_Handy_Format_4bb900f0.docx	word/document.xml	w:pict	group	fallback	absolute	0	-	-	-	-	-886,3159	5432,3159	1	.5pt	black [3200]	-	0	/home/user/sample-files/words/chartset-007/docx/009_Free_Genogram_Diagram_Template_Handy_Format_4bb900f0.docx
009_Free_Genogram_Diagram_Template_Handy_Format_4bb900f0.docx	word/document.xml	w:pict	group	fallback	absolute	0	-	-	-	-	-3115,3169	3114,3169	1	.5pt	black [3200]	-	0	/home/user/sample-files/words/chartset-007/docx/009_Free_Genogram_Diagram_Template_Handy_Format_4bb900f0.docx
009_Free_Genogram_Diagram_Template_Handy_Format_4bb900f0.docx	word/document.xml	w:pict	group	fallback	absolute	0	-	-	-	-	-2405,3159	3913,3159	1	.5pt	black [3200]	-	0	/home/user/sample-files/words/chartset-007/docx/009_Free_Genogram_Diagram_Template_Handy_Format_4bb900f0.docx
009_Free_Genogram_Diagram_Template_Handy_Format_4bb900f0.docx	word/document.xml	w:pict	group	fallback	absolute	0	-	-	-	-	-1596,3169	4633,3169	1	.5pt	black [3200]	-	0	/home/user/sample-files/words/chartset-007/docx/009_Free_Genogram_Diagram_Template_Handy_Format_4bb900f0.docx
009_Free_Genogram_Diagram_Template_Handy_Format_4bb900f0.docx	word/document.xml	w:pict	group	fallback	absolute	0	-	-	-	-	-886,3159	5432,3159	1	.5pt	black [3200]	-	0	/home/user/sample-files/words/chartset-007/docx/009_Free_Genogram_Diagram_Template_Handy_Format_4bb900f0.docx
009_Free_Genogram_Diagram_Template_Handy_Format_4bb900f0.docx	word/document.xml	w:pict	group	fallback	absolute	0	-	-	-	-	16011,0	22152,6966	1	1.5pt	black [3200]	-	0	/home/user/sample-files/words/chartset-007/docx/009_Free_Genogram_Diagram_Template_Handy_Format_4bb900f0.docx
009_Free_Genogram_Diagram_Template_Handy_Format_4bb900f0.docx	word/document.xml	w:pict	group	fallback	absolute	0	-	-	-	-	16011,0	22145,6930	1	1.5pt	black [3200]	-	0	/home/user/sample-files/words/chartset-007/docx/009_Free_Genogram_Diagram_Template_Handy_Format_4bb900f0.docx
009_Free_Genogram_Diagram_Template_Handy_Format_4bb900f0.docx	word/document.xml	w:pict	group	fallback	absolute	0	-	-	-	-	0,0	6141,6966	1	1.5pt	black [3200]	-	0	/home/user/sample-files/words/chartset-007/docx/009_Free_Genogram_Diagram_Template_Handy_Format_4bb900f0.docx
009_Free_Genogram_Diagram_Template_Handy_Format_4bb900f0.docx	word/document.xml	w:pict	group	fallback	absolute	0	-	-	-	-	0,0	6134,6930	1	1.5pt	black [3200]	-	0	/home/user/sample-files/words/chartset-007/docx/009_Free_Genogram_Diagram_Template_Handy_Format_4bb900f0.docx
009_Free_Genogram_Diagram_Template_Handy_Format_4bb900f0.docx	word/document.xml	w:pict	group	fallback	absolute	0	-	-	-	-	0,0	6141,6966	1	1.5pt	black [3200]	-	0	/home/user/sample-files/words/chartset-007/docx/009_Free_Genogram_Diagram_Template_Handy_Format_4bb900f0.docx
009_Free_Genogram_Diagram_Template_Handy_Format_4bb900f0.docx	word/document.xml	w:pict	group	fallback	absolute	0	-	-	-	-	0,0	6134,6930	1	1.5pt	black [3200]	-	0	/home/user/sample-files/words/chartset-007/docx/009_Free_Genogram_Diagram_Template_Handy_Format_4bb900f0.docx
009_Free_Genogram_Diagram_Template_Handy_Format_4bb900f0.docx	word/document.xml	w:pict	group	fallback	absolute	0	-	-	-	-	3238,0	3238,4076	1	1pt	#0d0d0d [3069]	-	0	/home/user/sample-files/words/chartset-007/docx/009_Free_Genogram_Diagram_Template_Handy_Format_4bb900f0.docx
009_Free_Genogram_Diagram_Template_Handy_Format_4bb900f0.docx	word/document.xml	w:pict	group	fallback	absolute	0	-	-	-	-	391,6604	391,10693	1	1pt	#0d0d0d [3069]	-	0	/home/user/sample-files/words/chartset-007/docx/009_Free_Genogram_Diagram_Template_Handy_Format_4bb900f0.docx
009_Free_Genogram_Diagram_Template_Handy_Format_4bb900f0.docx	word/document.xml	w:pict	group	fallback	absolute	0	-	-	-	-	2060,11045	2060,15134	1	1pt	#0d0d0d [3069]	-	0	/home/user/sample-files/words/chartset-007/docx/009_Free_Genogram_Diagram_Template_Handy_Format_4bb900f0.docx
009_Free_Genogram_Diagram_Template_Handy_Format_4bb900f0.docx	word/document.xml	w:pict	group	fallback	absolute	0	-	-	-	-	8687,11045	8687,15134	1	1pt	#0d0d0d [3069]	-	0	/home/user/sample-files/words/chartset-007/docx/009_Free_Genogram_Diagram_Template_Handy_Format_4bb900f0.docx
009_Free_Genogram_Diagram_Template_Handy_Format_4bb900f0.docx	word/document.xml	w:pict	group	fallback	absolute	0	-	-	-	-	6235,-2127	6235,10343	1	1pt	black [3200]	-	0	/home/user/sample-files/words/chartset-007/docx/009_Free_Genogram_Diagram_Template_Handy_Format_4bb900f0.docx
009_Free_Genogram_Diagram_Template_Handy_Format_4bb900f0.docx	word/document.xml	w:pict	group	fallback	absolute	0	-	-	-	-	12426,0	12426,4089	1	1pt	black [3200]	-	0	/home/user/sample-files/words/chartset-007/docx/009_Free_Genogram_Diagram_Template_Handy_Format_4bb900f0.docx
009_Free_Genogram_Diagram_Template_Handy_Format_4bb900f0.docx	word/document.xml	w:pict	group	fallback	absolute	0	-	-	-	-	44,0	44,4095	1	1pt	black [3200]	-	0	/home/user/sample-files/words/chartset-007/docx/009_Free_Genogram_Diagram_Template_Handy_Format_4bb900f0.docx
009_Free_Genogram_Diagram_Template_Handy_Format_4bb900f0.docx	word/document.xml	w:pict	group	fallback	absolute	0	-	-	-	-	7713,-7938	7713,4533	1	1pt	black [3200]	-	0	/home/user/sample-files/words/chartset-007/docx/009_Free_Genogram_Diagram_Template_Handy_Format_4bb900f0.docx
009_Free_Genogram_Diagram_Template_Handy_Format_4bb900f0.docx	word/document.xml	w:pict	group	fallback	absolute	0	-	-	-	-	1521,-13643	1521,-1702	1	1pt	black [3200]	-	0	/home/user/sample-files/words/chartset-007/docx/009_Free_Genogram_Diagram_Template_Handy_Format_4bb900f0.docx
009_Free_Genogram_Diagram_Template_Handy_Format_4bb900f0.docx	word/document.xml	w:pict	group	fallback	absolute	0	-	-	-	-	5040,-10544	5040,-2554	1	1pt	#0d0d0d [3069]	-	0	/home/user/sample-files/words/chartset-007/docx/009_Free_Genogram_Diagram_Template_Handy_Format_4bb900f0.docx
009_Free_Genogram_Diagram_Template_Handy_Format_4bb900f0.docx	word/document.xml	w:pict	group	fallback	absolute	0	-	-	-	-	3175,0	3175,7990	1	1pt	#0d0d0d [3069]	-	0	/home/user/sample-files/words/chartset-007/docx/009_Free_Genogram_Diagram_Template_Handy_Format_4bb900f0.docx
009_Free_Genogram_Diagram_Template_Handy_Format_4bb900f0.docx	word/document.xml	w:pict	group	fallback	absolute	0	-	-	-	-	71989,10562	71989,14639	1	1pt	black [3200]	-	0	/home/user/sample-files/words/chartset-007/docx/009_Free_Genogram_Diagram_Template_Handy_Format_4bb900f0.docx
009_Free_Genogram_Diagram_Template_Handy_Format_4bb900f0.docx	word/document.xml	w:pict	group	fallback	absolute	0	-	-	-	-	6135,-2179	6135,10290	1	1pt	black [3200]	-	0	/home/user/sample-files/words/chartset-007/docx/009_Free_Genogram_Diagram_Template_Handy_Format_4bb900f0.docx
009_Free_Genogram_Diagram_Template_Handy_Format_4bb900f0.docx	word/document.xml	w:pict	group	fallback	absolute	0	-	-	-	-	12412,0	12412,4089	1	1pt	black [3200]	-	0	/home/user/sample-files/words/chartset-007/docx/009_Free_Genogram_Diagram_Template_Handy_Format_4bb900f0.docx
009_Free_Genogram_Diagram_Template_Handy_Format_4bb900f0.docx	word/document.xml	w:pict	group	fallback	absolute	0	-	-	-	-	-110,19	-110,4114	1	1pt	black [3200]	-	0	/home/user/sample-files/words/chartset-007/docx/009_Free_Genogram_Diagram_Template_Handy_Format_4bb900f0.docx
009_Free_Genogram_Diagram_Template_Handy_Format_4bb900f0.docx	word/document.xml	w:pict	group	fallback	absolute	0	-	-	-	-	9280,10645	9280,14344	1	1pt	#0d0d0d [3069]	-	0	/home/user/sample-files/words/chartset-007/docx/009_Free_Genogram_Diagram_Template_Handy_Format_4bb900f0.docx
009_Free_Genogram_Diagram_Template_Handy_Format_4bb900f0.docx	word/document.xml	w:pict	group	fallback	absolute	0	-	-	-	-	6245,-2180	6245,10291	1	1pt	#0d0d0d [3069]	-	0	/home/user/sample-files/words/chartset-007/docx/009_Free_Genogram_Diagram_Template_Handy_Format_4bb900f0.docx
009_Free_Genogram_Diagram_Template_Handy_Format_4bb900f0.docx	word/document.xml	w:pict	group	fallback	absolute	0	-	-	-	-	12412,0	12412,4089	1	1pt	#0d0d0d [3069]	-	0	/home/user/sample-files/words/chartset-007/docx/009_Free_Genogram_Diagram_Template_Handy_Format_4bb900f0.docx
009_Free_Genogram_Diagram_Template_Handy_Format_4bb900f0.docx	word/document.xml	w:pict	group	fallback	absolute	0	-	-	-	-	0,19	0,4114	1	1pt	#0d0d0d [3069]	-	0	/home/user/sample-files/words/chartset-007/docx/009_Free_Genogram_Diagram_Template_Handy_Format_4bb900f0.docx
009_Free_Genogram_Diagram_Template_Handy_Format_4bb900f0.docx	word/document.xml	w:pict	group	fallback	absolute	0	-	-	-	-	27339,7167	69773,7167	1	1pt	black [3200]	-	0	/home/user/sample-files/words/chartset-007/docx/009_Free_Genogram_Diagram_Template_Handy_Format_4bb900f0.docx
009_Free_Genogram_Diagram_Template_Handy_Format_4bb900f0.docx	word/document.xml	w:pict	group	fallback	absolute	0	-	-	-	-	51836,65	51836,7253	1	1pt	black [3200]	-	0	/home/user/sample-files/words/chartset-007/docx/009_Free_Genogram_Diagram_Template_Handy_Format_4bb900f0.docx
009_Free_Genogram_Diagram_Template_Handy_Format_4bb900f0.docx	word/document.xml	w:pict	group	fallback	absolute	0	-	-	-	-	10,0	10,7199	1	1pt	black [3200]	-	0	/home/user/sample-files/words/chartset-007/docx/009_Free_Genogram_Diagram_Template_Handy_Format_4bb900f0.docx
009_Free_Genogram_Diagram_Template_Handy_Format_4bb900f0.docx	word/document.xml	w:pict	group	fallback	absolute	0	-	-	-	-	0,0	6141,6966	1	1.5pt	black [3200]	-	0	/home/user/sample-files/words/chartset-007/docx/009_Free_Genogram_Diagram_Template_Handy_Format_4bb900f0.docx
009_Free_Genogram_Diagram_Template_Handy_Format_4bb900f0.docx	word/document.xml	w:pict	group	fallback	absolute	0	-	-	-	-	0,0	6134,6930	1	1.5pt	black [3200]	-	0	/home/user/sample-files/words/chartset-007/docx/009_Free_Genogram_Diagram_Template_Handy_Format_4bb900f0.docx
009_Free_Genogram_Diagram_Template_Handy_Format_4bb900f0.docx	word/document.xml	w:pict	group	fallback	absolute	0	-	-	-	-	61345,10645	61345,14150	1	1pt	black [3200]	-	0	/home/user/sample-files/words/chartset-007/docx/009_Free_Genogram_Diagram_Template_Handy_Format_4bb900f0.docx
009_Free_Genogram_Diagram_Template_Handy_Format_4bb900f0.docx	word/document.xml	w:pict	group	fallback	absolute	0	-	-	-	-	0,0	6141,6966	1	1.5pt	black [3200]	-	0	/home/user/sample-files/words/chartset-007/docx/009_Free_Genogram_Diagram_Template_Handy_Format_4bb900f0.docx
009_Free_Genogram_Diagram_Template_Handy_Format_4bb900f0.docx	word/document.xml	w:pict	group	fallback	absolute	0	-	-	-	-	0,0	6134,6930	1	1.5pt	black [3200]	-	0	/home/user/sample-files/words/chartset-007/docx/009_Free_Genogram_Diagram_Template_Handy_Format_4bb900f0.docx
018_Project_Timeline_Template_Editable_Format_e1cf1df5.docx	word/document.xml	w:pict	top	fallback	absolute	0	-	-	-	-	1.8pt,-17.2pt	116.8pt,-17.2pt	1	.5pt	black [3200]	-	0	/home/user/sample-files/words/chartset-007/docx/018_Project_Timeline_Template_Editable_Format_e1cf1df5.docx
025_Unit_Circle_Chart_Cos_and_Sin_Model_1ed01892.docx	word/document.xml	w:pict	group	fallback	absolute	0	-	-	-	-	9443,-193	32916,42167	1	.5pt	black [3213]	-	0	/home/user/sample-files/words/chartset-007/docx/025_Unit_Circle_Chart_Cos_and_Sin_Model_1ed01892.docx
025_Unit_Circle_Chart_Cos_and_Sin_Model_1ed01892.docx	word/document.xml	w:pict	group	fallback	absolute	0	-	-	-	-	3851,4230	38912,37666	1	.5pt	black [3213]	-	0	/home/user/sample-files/words/chartset-007/docx/025_Unit_Circle_Chart_Cos_and_Sin_Model_1ed01892.docx
025_Unit_Circle_Chart_Cos_and_Sin_Model_1ed01892.docx	word/document.xml	w:pict	group	fallback	absolute	0	-	-	-	-	9310,0	33603,41762	1	.5pt	black [3213]	-	0	/home/user/sample-files/words/chartset-007/docx/025_Unit_Circle_Chart_Cos_and_Sin_Model_1ed01892.docx
025_Unit_Circle_Chart_Cos_and_Sin_Model_1ed01892.docx	word/document.xml	w:pict	group	fallback	absolute	0	-	-	-	-	9443,-193	32916,42167	1	.5pt	black [3213]	-	0	/home/user/sample-files/words/chartset-007/docx/025_Unit_Circle_Chart_Cos_and_Sin_Model_1ed01892.docx
025_Unit_Circle_Chart_Cos_and_Sin_Model_1ed01892.docx	word/document.xml	w:pict	group	fallback	absolute	0	-	-	-	-	3851,4230	38912,37666	1	.5pt	black [3213]	-	0	/home/user/sample-files/words/chartset-007/docx/025_Unit_Circle_Chart_Cos_and_Sin_Model_1ed01892.docx
025_Unit_Circle_Chart_Cos_and_Sin_Model_1ed01892.docx	word/document.xml	w:pict	group	fallback	absolute	0	-	-	-	-	9310,0	33603,41762	1	.5pt	black [3213]	-	0	/home/user/sample-files/words/chartset-007/docx/025_Unit_Circle_Chart_Cos_and_Sin_Model_1ed01892.docx
049_Visual_Product_Roadmap_Template_Simple_Format_4af26e4f.docx	word/document.xml	w:pict	top	fallback	absolute	0	-	-	-	-	100.5pt,78.8pt	297.75pt,78.8pt	1	.5pt	black [3200]	-	0	/home/user/sample-files/words/chartset-007/docx/049_Visual_Product_Roadmap_Template_Simple_Format_4af26e4f.docx
058_Organogram_Template_With_Picture_Theme_44b79368.docx	word/document.xml	w:pict	group	fallback	absolute	0	-	-	-	-	0,7243	4825,7243	1	1pt	#0d0d0d [3069]	-	0	/home/user/sample-files/words/chartset-007/docx/058_Organogram_Template_With_Picture_Theme_44b79368.docx
058_Organogram_Template_With_Picture_Theme_44b79368.docx	word/document.xml	w:pict	group	fallback	absolute	0	-	-	-	-	0,14487	4826,14487	1	1pt	#0d0d0d [3069]	-	0	/home/user/sample-files/words/chartset-007/docx/058_Organogram_Template_With_Picture_Theme_44b79368.docx
058_Organogram_Template_With_Picture_Theme_44b79368.docx	word/document.xml	w:pict	group	fallback	absolute	0	-	-	-	-	4,7283	4,14595	1	1pt	#0d0d0d [3069]	-	0	/home/user/sample-files/words/chartset-007/docx/058_Organogram_Template_With_Picture_Theme_44b79368.docx
058_Organogram_Template_With_Picture_Theme_44b79368.docx	word/document.xml	w:pict	group	fallback	absolute	0	-	-	-	-	8984,9064	8984,11562	1	1pt	#0d0d0d [3069]	-	0	/home/user/sample-files/words/chartset-007/docx/058_Organogram_Template_With_Picture_Theme_44b79368.docx
058_Organogram_Template_With_Picture_Theme_44b79368.docx	word/document.xml	w:pict	group	fallback	absolute	0	-	-	-	-	24410,8984	24410,11483	1	1pt	#0d0d0d [3069]	-	0	/home/user/sample-files/words/chartset-007/docx/058_Organogram_Template_With_Picture_Theme_44b79368.docx
058_Organogram_Template_With_Picture_Theme_44b79368.docx	word/document.xml	w:pict	group	fallback	absolute	0	-	-	-	-	8984,8984	24426,8984	1	1pt	#0d0d0d [3069]	-	0	/home/user/sample-files/words/chartset-007/docx/058_Organogram_Template_With_Picture_Theme_44b79368.docx
058_Organogram_Template_With_Picture_Theme_44b79368.docx	word/document.xml	w:pict	group	fallback	absolute	0	-	-	-	-	0,7677	6464,7677	1	1pt	#0d0d0d [3069]	-	0	/home/user/sample-files/words/chartset-007/docx/058_Organogram_Template_With_Picture_Theme_44b79368.docx
058_Organogram_Template_With_Picture_Theme_44b79368.docx	word/document.xml	w:pict	group	fallback	absolute	0	-	-	-	-	0,14578	6469,14578	1	1pt	#0d0d0d [3069]	-	0	/home/user/sample-files/words/chartset-007/docx/058_Organogram_Template_With_Picture_Theme_44b79368.docx
058_Organogram_Template_With_Picture_Theme_44b79368.docx	word/document.xml	w:pict	group	fallback	absolute	0	-	-	-	-	0,0	2657,0	1	1pt	#0d0d0d [3069]	-	0	/home/user/sample-files/words/chartset-007/docx/058_Organogram_Template_With_Picture_Theme_44b79368.docx
058_Organogram_Template_With_Picture_Theme_44b79368.docx	word/document.xml	w:pict	group	fallback	absolute	0	-	-	-	-	0,0	0,14606	1	1pt	#0d0d0d [3069]	-	0	/home/user/sample-files/words/chartset-007/docx/058_Organogram_Template_With_Picture_Theme_44b79368.docx
058_Organogram_Template_With_Picture_Theme_44b79368.docx	word/document.xml	w:pict	group	fallback	absolute	0	-	-	-	-	17731,6679	17731,8895	1	1pt	#0d0d0d [3069]	-	0	/home/user/sample-files/words/chartset-007/docx/058_Organogram_Template_With_Picture_Theme_44b79368.docx
058_Organogram_Template_With_Picture_Theme_44b79368.docx	word/document.xml	w:pict	group	fallback	absolute	0	-	-	-	-	-2910,5666	3554,5666	1	1pt	#0d0d0d [3069]	-	0	/home/user/sample-files/words/chartset-007/docx/058_Organogram_Template_With_Picture_Theme_44b79368.docx
058_Organogram_Template_With_Picture_Theme_44b79368.docx	word/document.xml	w:pict	group	fallback	absolute	0	-	-	-	-	-2910,11420	3559,11420	1	1pt	#0d0d0d [3069]	-	0	/home/user/sample-files/words/chartset-007/docx/058_Organogram_Template_With_Picture_Theme_44b79368.docx
058_Organogram_Template_With_Picture_Theme_44b79368.docx	word/document.xml	w:pict	group	fallback	absolute	0	-	-	-	-	-2910,-3158	3559,-3158	1	1pt	#0d0d0d [3069]	-	0	/home/user/sample-files/words/chartset-007/docx/058_Organogram_Template_With_Picture_Theme_44b79368.docx
058_Organogram_Template_With_Picture_Theme_44b79368.docx	word/document.xml	w:pict	group	fallback	absolute	0	-	-	-	-	-2910,-3158	-2910,11448	1	1pt	#0d0d0d [3069]	-	0	/home/user/sample-files/words/chartset-007/docx/058_Organogram_Template_With_Picture_Theme_44b79368.docx
058_Organogram_Template_With_Picture_Theme_44b79368.docx	word/document.xml	w:pict	group	fallback	absolute	0	-	-	-	-	0,7677	6464,7677	1	1pt	#0d0d0d [3069]	-	0	/home/user/sample-files/words/chartset-007/docx/058_Organogram_Template_With_Picture_Theme_44b79368.docx
058_Organogram_Template_With_Picture_Theme_44b79368.docx	word/document.xml	w:pict	group	fallback	absolute	0	-	-	-	-	0,14578	6469,14578	1	1pt	#0d0d0d [3069]	-	0	/home/user/sample-files/words/chartset-007/docx/058_Organogram_Template_With_Picture_Theme_44b79368.docx
058_Organogram_Template_With_Picture_Theme_44b79368.docx	word/document.xml	w:pict	group	fallback	absolute	0	-	-	-	-	0,0	948,0	1	1pt	#0d0d0d [3069]	-	0	/home/user/sample-files/words/chartset-007/docx/058_Organogram_Template_With_Picture_Theme_44b79368.docx
058_Organogram_Template_With_Picture_Theme_44b79368.docx	word/document.xml	w:pict	group	fallback	absolute	0	-	-	-	-	0,0	0,14606	1	1pt	#0d0d0d [3069]	-	0	/home/user/sample-files/words/chartset-007/docx/058_Organogram_Template_With_Picture_Theme_44b79368.docx
058_Organogram_Template_With_Picture_Theme_44b79368.docx	word/document.xml	w:pict	group	fallback	absolute	0	-	-	-	-	9774,6621	9774,11710	1	1pt	#0d0d0d [3069]	-	0	/home/user/sample-files/words/chartset-007/docx/058_Organogram_Template_With_Picture_Theme_44b79368.docx
058_Organogram_Template_With_Picture_Theme_44b79368.docx	word/document.xml	w:pict	group	fallback	absolute	0	-	-	-	-	30740,6621	30740,9367	1	1pt	#0d0d0d [3069]	-	0	/home/user/sample-files/words/chartset-007/docx/058_Organogram_Template_With_Picture_Theme_44b79368.docx
058_Organogram_Template_With_Picture_Theme_44b79368.docx	word/document.xml	w:pict	group	fallback	absolute	0	-	-	-	-	0,0	0,6056	1	1pt	#0d0d0d [3069]	-	0	/home/user/sample-files/words/chartset-007/docx/058_Organogram_Template_With_Picture_Theme_44b79368.docx
058_Organogram_Template_With_Picture_Theme_44b79368.docx	word/document.xml	w:pict	group	fallback	absolute	0	-	-	-	-	0,0	22088,0	1	1pt	#0d0d0d [3069]	-	0	/home/user/sample-files/words/chartset-007/docx/058_Organogram_Template_With_Picture_Theme_44b79368.docx
058_Organogram_Template_With_Picture_Theme_44b79368.docx	word/document.xml	w:pict	group	fallback	absolute	0	-	-	-	-	0,0	0,6056	1	1pt	#0d0d0d [3069]	-	0	/home/user/sample-files/words/chartset-007/docx/058_Organogram_Template_With_Picture_Theme_44b79368.docx
058_Organogram_Template_With_Picture_Theme_44b79368.docx	word/document.xml	w:pict	group	fallback	absolute	0	-	-	-	-	0,0	22088,0	1	1pt	#0d0d0d [3069]	-	0	/home/user/sample-files/words/chartset-007/docx/058_Organogram_Template_With_Picture_Theme_44b79368.docx
074_Storyboard_Template_Editable_Design_132436d1.docx	word/document.xml	w:pict	top	fallback	absolute	0	-	-	-	-	-144.45pt,34.55pt	426.6pt,34.55pt	1	3pt	black [3200]	-	0	/home/user/sample-files/words/chartset-007/docx/074_Storyboard_Template_Editable_Design_132436d1.docx
074_Storyboard_Template_Editable_Design_132436d1.docx	word/document.xml	w:pict	top	fallback	absolute	0	-	-	-	-	-143.4pt,38.25pt	427.65pt,38.25pt	1	3pt	#ffc000	-	0	/home/user/sample-files/words/chartset-007/docx/074_Storyboard_Template_Editable_Design_132436d1.docx
004_Free_Genogram_Diagram_Template_Editable_Format_b82b6152.docx	word/document.xml	w:pict	top	fallback	absolute	0	-	-	-	-	2in,123.15pt	297.45pt,123.15pt	1	.5pt	black [3213]	-	0	/home/user/sample-files/words/chartset-008/docx/004_Free_Genogram_Diagram_Template_Editable_Format_b82b6152.docx
004_Free_Genogram_Diagram_Template_Editable_Format_b82b6152.docx	word/document.xml	w:pict	top	fallback	absolute	0	-	-	-	-	155.55pt,-16.3pt	629.45pt,-16.3pt	1	.5pt	black [3200]	-	0	/home/user/sample-files/words/chartset-008/docx/004_Free_Genogram_Diagram_Template_Editable_Format_b82b6152.docx
004_Free_Genogram_Diagram_Template_Editable_Format_b82b6152.docx	word/document.xml	w:pict	top	fallback	absolute	0	-	-	-	-	579.75pt,117pt	579.75pt,181.05pt	1	.5pt	black [3213]	-	0	/home/user/sample-files/words/chartset-008/docx/004_Free_Genogram_Diagram_Template_Editable_Format_b82b6152.docx
004_Free_Genogram_Diagram_Template_Editable_Format_b82b6152.docx	word/document.xml	w:pict	top	fallback	absolute	0	-	-	-	-	305.55pt,255.35pt	375.85pt,328.15pt	1	.5pt	black [3200]	-	0	/home/user/sample-files/words/chartset-008/docx/004_Free_Genogram_Diagram_Template_Editable_Format_b82b6152.docx
004_Free_Genogram_Diagram_Template_Editable_Format_b82b6152.docx	word/document.xml	w:pict	top	fallback	absolute	0	-	-	-	-	373.6pt,252.7pt	445.45pt,310.6pt	1	.5pt	black [3200]	-	0	/home/user/sample-files/words/chartset-008/docx/004_Free_Genogram_Diagram_Template_Editable_Format_b82b6152.docx
004_Free_Genogram_Diagram_Template_Editable_Format_b82b6152.docx	word/document.xml	w:pict	top	fallback	absolute	0	-	-	-	-	62.6pt,374pt	62.6pt,408.8pt	1	.5pt	black [3213]	-	0	/home/user/sample-files/words/chartset-008/docx/004_Free_Genogram_Diagram_Template_Editable_Format_b82b6152.docx
004_Free_Genogram_Diagram_Template_Editable_Format_b82b6152.docx	word/document.xml	w:pict	top	fallback	absolute	0	-	-	-	-	-8.25pt,240.85pt	-8.25pt,292.45pt	1	1.5pt	black [3213]	-	0	/home/user/sample-files/words/chartset-008/docx/004_Free_Genogram_Diagram_Template_Editable_Format_b82b6152.docx
004_Free_Genogram_Diagram_Template_Editable_Format_b82b6152.docx	word/document.xml	w:pict	top	fallback	absolute	0	-	-	-	-	176.7pt,373.3pt	176.7pt,408.6pt	1	1.5pt	black [3213]	-	0	/home/user/sample-files/words/chartset-008/docx/004_Free_Genogram_Diagram_Template_Editable_Format_b82b6152.docx
004_Free_Genogram_Diagram_Template_Editable_Format_b82b6152.docx	word/document.xml	w:pict	top	fallback	absolute	0	-	-	-	-	470.15pt,84.6pt	529.35pt,144.2pt	1	.5pt	black [3200]	-	0	/home/user/sample-files/words/chartset-008/docx/004_Free_Genogram_Diagram_Template_Editable_Format_b82b6152.docx
004_Free_Genogram_Diagram_Template_Editable_Format_b82b6152.docx	word/document.xml	w:pict	top	fallback	absolute	0	-	-	-	-	35.4pt,165.85pt	61.75pt,189.25pt	1	.5pt	black [3200]	-	0	/home/user/sample-files/words/chartset-008/docx/004_Free_Genogram_Diagram_Template_Editable_Format_b82b6152.docx
004_Free_Genogram_Diagram_Template_Editable_Format_b82b6152.docx	word/document.xml	w:pict	top	fallback	absolute	0	-	-	-	-	44.95pt,173.05pt	71.3pt,196.45pt	1	.5pt	black [3200]	-	0	/home/user/sample-files/words/chartset-008/docx/004_Free_Genogram_Diagram_Template_Editable_Format_b82b6152.docx
004_Free_Genogram_Diagram_Template_Editable_Format_b82b6152.docx	word/document.xml	w:pict	group	fallback	absolute	0	-	-	-	-	18277,0	18288,7776	1	.5pt	black [3213]	-	0	/home/user/sample-files/words/chartset-008/docx/004_Free_Genogram_Diagram_Template_Editable_Format_b82b6152.docx
004_Free_Genogram_Diagram_Template_Editable_Format_b82b6152.docx	word/document.xml	w:pict	group	fallback	absolute	0	-	-	-	-	0,0	25,7665	1	.5pt	black [3213]	-	0	/home/user/sample-files/words/chartset-008/docx/004_Free_Genogram_Diagram_Template_Editable_Format_b82b6152.docx
004_Free_Genogram_Diagram_Template_Editable_Format_b82b6152.docx	word/document.xml	w:pict	group	fallback	absolute	0	-	-	-	-	0,0	18361,0	1	.5pt	black [3213]	-	0	/home/user/sample-files/words/chartset-008/docx/004_Free_Genogram_Diagram_Template_Editable_Format_b82b6152.docx
004_Free_Genogram_Diagram_Template_Editable_Format_b82b6152.docx	word/document.xml	w:pict	group	fallback	absolute	0	-	-	-	-	2021,5633	13787,5633	1	.5pt	black [3213]	-	0	/home/user/sample-files/words/chartset-008/docx/004_Free_Genogram_Diagram_Template_Editable_Format_b82b6152.docx
004_Free_Genogram_Diagram_Template_Editable_Format_b82b6152.docx	word/document.xml	w:pict	group	fallback	absolute	0	-	-	-	-	18109,0	18288,4190	1	.5pt	black [3213]	-	0	/home/user/sample-files/words/chartset-008/docx/004_Free_Genogram_Diagram_Template_Editable_Format_b82b6152.docx
004_Free_Genogram_Diagram_Template_Editable_Format_b82b6152.docx	word/document.xml	w:pict	group	fallback	absolute	0	-	-	-	-	0,0	0,2999	1	.5pt	black [3213]	-	0	/home/user/sample-files/words/chartset-008/docx/004_Free_Genogram_Diagram_Template_Editable_Format_b82b6152.docx
004_Free_Genogram_Diagram_Template_Editable_Format_b82b6152.docx	word/document.xml	w:pict	group	fallback	absolute	0	-	-	-	-	0,0	18361,0	1	.5pt	black [3213]	-	0	/home/user/sample-files/words/chartset-008/docx/004_Free_Genogram_Diagram_Template_Editable_Format_b82b6152.docx
004_Free_Genogram_Diagram_Template_Editable_Format_b82b6152.docx	word/document.xml	w:pict	group	fallback	absolute	0	-	-	-	-	68982,18361	68982,24213	1	.5pt	black [3213]	-	0	/home/user/sample-files/words/chartset-008/docx/004_Free_Genogram_Diagram_Template_Editable_Format_b82b6152.docx
004_Free_Genogram_Diagram_Template_Editable_Format_b82b6152.docx	word/document.xml	w:pict	group	fallback	absolute	0	-	-	-	-	60887,18361	75876,18433	1	.5pt	black [3213]	-	0	/home/user/sample-files/words/chartset-008/docx/004_Free_Genogram_Diagram_Template_Editable_Format_b82b6152.docx
004_Free_Genogram_Diagram_Template_Editable_Format_b82b6152.docx	word/document.xml	w:pict	group	fallback	absolute	0	-	-	-	-	15660,12078	15660,15501	1	.5pt	black [3213]	-	0	/home/user/sample-files/words/chartset-008/docx/004_Free_Genogram_Diagram_Template_Editable_Format_b82b6152.docx
004_Free_Genogram_Diagram_Template_Editable_Format_b82b6152.docx	word/document.xml	w:pict	group	fallback	absolute	0	-	-	-	-	3438,12143	3438,15571	1	.5pt	black [3213]	-	0	/home/user/sample-files/words/chartset-008/docx/004_Free_Genogram_Diagram_Template_Editable_Format_b82b6152.docx
004_Free_Genogram_Diagram_Template_Editable_Format_b82b6152.docx	word/document.xml	w:pict	group	fallback	absolute	0	-	-	-	-	3437,12144	15694,12144	1	.5pt	black [3213]	-	0	/home/user/sample-files/words/chartset-008/docx/004_Free_Genogram_Diagram_Template_Editable_Format_b82b6152.docx
004_Free_Genogram_Diagram_Template_Editable_Format_b82b6152.docx	word/document.xml	w:pict	group	fallback	absolute	0	-	-	-	-	10168,5124	10168,12097	1	.5pt	black [3213]	-	0	/home/user/sample-files/words/chartset-008/docx/004_Free_Genogram_Diagram_Template_Editable_Format_b82b6152.docx
004_Free_Genogram_Diagram_Template_Editable_Format_b82b6152.docx	word/document.xml	w:pict	group	fallback	absolute	0	-	-	-	-	5852,5124	26017,5350	1	.5pt	black [3213]	-	0	/home/user/sample-files/words/chartset-008/docx/004_Free_Genogram_Diagram_Template_Editable_Format_b82b6152.docx
004_Free_Genogram_Diagram_Template_Editable_Format_b82b6152.docx	word/document.xml	w:pict	group	fallback	absolute	0	-	-	-	-	25657,11737	25657,15289	1	.5pt	black [3213]	-	0	/home/user/sample-files/words/chartset-008/docx/004_Free_Genogram_Diagram_Template_Editable_Format_b82b6152.docx
004_Free_Genogram_Diagram_Template_Editable_Format_b82b6152.docx	word/document.xml	w:pict	group	fallback	absolute	0	-	-	-	-	1501,11737	1501,15289	1	.5pt	black [3213]	-	0	/home/user/sample-files/words/chartset-008/docx/004_Free_Genogram_Diagram_Template_Editable_Format_b82b6152.docx
004_Free_Genogram_Diagram_Template_Editable_Format_b82b6152.docx	word/document.xml	w:pict	group	fallback	absolute	0	-	-	-	-	10919,2718	10919,11699	1	.5pt	black [3213]	-	0	/home/user/sample-files/words/chartset-008/docx/004_Free_Genogram_Diagram_Template_Editable_Format_b82b6152.docx
004_Free_Genogram_Diagram_Template_Editable_Format_b82b6152.docx	word/document.xml	w:pict	group	fallback	absolute	0	-	-	-	-	5595,2593	18847,2797	1	.5pt	black [3213]	-	0	/home/user/sample-files/words/chartset-008/docx/004_Free_Genogram_Diagram_Template_Editable_Format_b82b6152.docx
004_Free_Genogram_Diagram_Template_Editable_Format_b82b6152.docx	word/document.xml	w:pict	group	fallback	absolute	0	-	-	-	-	13579,-342	13579,23812	1	.5pt	black [3213]	-	0	/home/user/sample-files/words/chartset-008/docx/004_Free_Genogram_Diagram_Template_Editable_Format_b82b6152.docx
004_Free_Genogram_Diagram_Template_Editable_Format_b82b6152.docx	word/document.xml	w:pict	top	fallback	absolute	0	-	-	-	-	-34.75pt,322.75pt	20.7pt,322.75pt	1	.5pt	black [3200]	-	0	/home/user/sample-files/words/chartset-008/docx/004_Free_Genogram_Diagram_Template_Editable_Format_b82b6152.docx
006_Free_Genogram_Diagram_Template_Fillable_Format_7ca08541.docx	word/document.xml	w:pict	group	fallback	absolute	0	-	-	-	-	2995,6835	16144,6835	1	.25pt	#0d0d0d [3069]	-	0	/home/user/sample-files/words/chartset-008/docx/006_Free_Genogram_Diagram_Template_Fillable_Format_7ca08541.docx
006_Free_Genogram_Diagram_Template_Fillable_Format_7ca08541.docx	word/document.xml	w:pict	group	fallback	absolute	0	-	-	-	-	16238,6835	16238,10038	1	.25pt	#0d0d0d [3069]	-	0	/home/user/sample-files/words/chartset-008/docx/006_Free_Genogram_Diagram_Template_Fillable_Format_7ca08541.docx
006_Free_Genogram_Diagram_Template_Fillable_Format_7ca08541.docx	word/document.xml	w:pict	group	fallback	absolute	0	-	-	-	-	2995,6835	2995,10811	1	.25pt	#0d0d0d [3069]	-	0	/home/user/sample-files/words/chartset-008/docx/006_Free_Genogram_Diagram_Template_Fillable_Format_7ca08541.docx
006_Free_Genogram_Diagram_Template_Fillable_Format_7ca08541.docx	word/document.xml	w:pict	group	fallback	absolute	0	-	-	-	-	11562,3783	11562,6732	1	.25pt	#0d0d0d [3069]	-	0	/home/user/sample-files/words/chartset-008/docx/006_Free_Genogram_Diagram_Template_Fillable_Format_7ca08541.docx
006_Free_Genogram_Diagram_Template_Fillable_Format_7ca08541.docx	word/document.xml	w:pict	group	fallback	absolute	0	-	-	-	-	22951,1737	36179,1737	1	.25pt	#0d0d0d [3069]	-	0	/home/user/sample-files/words/chartset-008/docx/006_Free_Genogram_Diagram_Template_Fillable_Format_7ca08541.docx
006_Free_Genogram_Diagram_Template_Fillable_Format_7ca08541.docx	word/document.xml	w:pict	group	fallback	absolute	0	-	-	-	-	22828,1736	22828,4857	1	.25pt	#0d0d0d [3069]	-	0	/home/user/sample-files/words/chartset-008/docx/006_Free_Genogram_Diagram_Template_Fillable_Format_7ca08541.docx
006_Free_Genogram_Diagram_Template_Fillable_Format_7ca08541.docx	word/document.xml	w:pict	group	fallback	absolute	0	-	-	-	-	36046,1798	36046,5672	1	.25pt	#0d0d0d [3069]	-	0	/home/user/sample-files/words/chartset-008/docx/006_Free_Genogram_Diagram_Template_Fillable_Format_7ca08541.docx
006_Free_Genogram_Diagram_Template_Fillable_Format_7ca08541.docx	word/document.xml	w:pict	group	fallback	absolute	0	-	-	-	-	1767,11317	4990,16814	1	.25pt	#0d0d0d [3069]	-	0	/home/user/sample-files/words/chartset-008/docx/006_Free_Genogram_Diagram_Template_Fillable_Format_7ca08541.docx
006_Free_Genogram_Diagram_Template_Fillable_Format_7ca08541.docx	word/document.xml	w:pict	group	fallback	absolute	0	-	-	-	-	-2035,11298	1747,15654	1	.25pt	#0d0d0d [3069]	-	0	/home/user/sample-files/words/chartset-008/docx/006_Free_Genogram_Diagram_Template_Fillable_Format_7ca08541.docx
006_Free_Genogram_Diagram_Template_Fillable_Format_7ca08541.docx	word/document.xml	w:pict	group	fallback	absolute	0	-	-	-	-	-3275,6683	6859,6683	1	.25pt	#0d0d0d [3069]	-	0	/home/user/sample-files/words/chartset-008/docx/006_Free_Genogram_Diagram_Template_Fillable_Format_7ca08541.docx
006_Free_Genogram_Diagram_Template_Fillable_Format_7ca08541.docx	word/document.xml	w:pict	group	fallback	absolute	0	-	-	-	-	25885,44692	33635,44692	1	.25pt	#0d0d0d [3069]	-	0	/home/user/sample-files/words/chartset-008/docx/006_Free_Genogram_Diagram_Template_Fillable_Format_7ca08541.docx
006_Free_Genogram_Diagram_Template_Fillable_Format_7ca08541.docx	word/document.xml	w:pict	group	fallback	absolute	0	-	-	-	-	45966,41251	51170,41251	1	.25pt	#0d0d0d [3069]	-	0	/home/user/sample-files/words/chartset-008/docx/006_Free_Genogram_Diagram_Template_Fillable_Format_7ca08541.docx
006_Free_Genogram_Diagram_Template_Fillable_Format_7ca08541.docx	word/document.xml	w:pict	group	fallback	absolute	0	-	-	-	-	56655,41204	61900,41204	1	.25pt	#0d0d0d [3069]	-	0	/home/user/sample-files/words/chartset-008/docx/006_Free_Genogram_Diagram_Template_Fillable_Format_7ca08541.docx
006_Free_Genogram_Diagram_Template_Fillable_Format_7ca08541.docx	word/document.xml	w:pict	group	fallback	absolute	0	-	-	-	-	36513,38650	36514,41864	1	.25pt	#0d0d0d [3069]	-	0	/home/user/sample-files/words/chartset-008/docx/006_Free_Genogram_Diagram_Template_Fillable_Format_7ca08541.docx
006_Free_Genogram_Diagram_Template_Fillable_Format_7ca08541.docx	word/document.xml	w:pict	group	fallback	absolute	0	-	-	-	-	-1390,40322	13961,40322	1	.25pt	#0d0d0d [3069]	-	0	/home/user/sample-files/words/chartset-008/docx/006_Free_Genogram_Diagram_Template_Fillable_Format_7ca08541.docx
006_Free_Genogram_Diagram_Template_Fillable_Format_7ca08541.docx	word/document.xml	w:pict	group	fallback	absolute	0	-	-	-	-	13939,40389	13939,42827	1	.25pt	#0d0d0d [3069]	-	0	/home/user/sample-files/words/chartset-008/docx/006_Free_Genogram_Diagram_Template_Fillable_Format_7ca08541.docx
006_Free_Genogram_Diagram_Template_Fillable_Format_7ca08541.docx	word/document.xml	w:pict	group	fallback	absolute	0	-	-	-	-	-1390,40444	-1390,45433	1	.25pt	#0d0d0d [3069]	-	0	/home/user/sample-files/words/chartset-008/docx/006_Free_Genogram_Diagram_Template_Fillable_Format_7ca08541.docx
006_Free_Genogram_Diagram_Template_Fillable_Format_7ca08541.docx	word/document.xml	w:pict	group	fallback	absolute	0	-	-	-	-	28498,26720	28498,31162	1	.25pt	#0d0d0d [3069]	-	0	/home/user/sample-files/words/chartset-008/docx/006_Free_Genogram_Diagram_Template_Fillable_Format_7ca08541.docx
006_Free_Genogram_Diagram_Template_Fillable_Format_7ca08541.docx	word/document.xml	w:pict	group	fallback	absolute	0	-	-	-	-	5418,27050	5418,40296	1	.25pt	#0d0d0d [3069]	-	0	/home/user/sample-files/words/chartset-008/docx/006_Free_Genogram_Diagram_Template_Fillable_Format_7ca08541.docx
006_Free_Genogram_Diagram_Template_Fillable_Format_7ca08541.docx	word/document.xml	w:pict	group	fallback	absolute	0	-	-	-	-	1986,26921	8549,26923	1	.25pt	#0d0d0d [3069]	-	0	/home/user/sample-files/words/chartset-008/docx/006_Free_Genogram_Diagram_Template_Fillable_Format_7ca08541.docx
006_Free_Genogram_Diagram_Template_Fillable_Format_7ca08541.docx	word/document.xml	w:pict	group	fallback	absolute	0	-	-	-	-	24102,26690	33783,26720	1	.25pt	#0d0d0d [3069]	-	0	/home/user/sample-files/words/chartset-008/docx/006_Free_Genogram_Diagram_Template_Fillable_Format_7ca08541.docx
006_Free_Genogram_Diagram_Template_Fillable_Format_7ca08541.docx	word/document.xml	w:pict	group	fallback	absolute	0	-	-	-	-	-899,15940	36513,15940	1	.25pt	#0d0d0d [3069]	-	0	/home/user/sample-files/words/chartset-008/docx/006_Free_Genogram_Diagram_Template_Fillable_Format_7ca08541.docx
006_Free_Genogram_Diagram_Template_Fillable_Format_7ca08541.docx	word/document.xml	w:pict	group	fallback	absolute	0	-	-	-	-	36426,15840	36427,23826	1	.25pt	#0d0d0d [3069]	-	0	/home/user/sample-files/words/chartset-008/docx/006_Free_Genogram_Diagram_Template_Fillable_Format_7ca08541.docx
006_Free_Genogram_Diagram_Template_Fillable_Format_7ca08541.docx	word/document.xml	w:pict	group	fallback	absolute	0	-	-	-	-	-4871,19979	3073,19979	1	.25pt	#0d0d0d [3069]	-	0	/home/user/sample-files/words/chartset-008/docx/006_Free_Genogram_Diagram_Template_Fillable_Format_7ca08541.docx
006_Free_Genogram_Diagram_Template_Fillable_Format_7ca08541.docx	word/document.xml	w:pict	group	fallback	absolute	0	-	-	-	-	-6079,8648	-6079,15859	1	.25pt	#0d0d0d [3069]	-	0	/home/user/sample-files/words/chartset-008/docx/006_Free_Genogram_Diagram_Template_Fillable_Format_7ca08541.docx
006_Free_Genogram_Diagram_Template_Fillable_Format_7ca08541.docx	word/document.xml	w:pict	group	fallback	absolute	0	-	-	-	-	-11380,8559	-330,8559	1	.25pt	#0d0d0d [3069]	-	0	/home/user/sample-files/words/chartset-008/docx/006_Free_Genogram_Diagram_Template_Fillable_Format_7ca08541.docx
006_Free_Genogram_Diagram_Template_Fillable_Format_7ca08541.docx	word/document.xml	w:pict	group	fallback	absolute	0	-	-	-	-	39863,26660	50234,26666	1	.25pt	#0d0d0d [3069]	-	0	/home/user/sample-files/words/chartset-008/docx/006_Free_Genogram_Diagram_Template_Fillable_Format_7ca08541.docx
006_Free_Genogram_Diagram_Template_Fillable_Format_7ca08541.docx	word/document.xml	w:pict	group	fallback	absolute	0	-	-	-	-	53404,19303	75003,19303	1	.25pt	#0d0d0d [3069]	-	0	/home/user/sample-files/words/chartset-008/docx/006_Free_Genogram_Diagram_Template_Fillable_Format_7ca08541.docx
006_Free_Genogram_Diagram_Template_Fillable_Format_7ca08541.docx	word/document.xml	w:pict	group	fallback	absolute	0	-	-	-	-	75074,19303	75074,23477	1	.25pt	black [3200]	-	0	/home/user/sample-files/words/chartset-008/docx/006_Free_Genogram_Diagram_Template_Fillable_Format_7ca08541.docx
006_Free_Genogram_Diagram_Template_Fillable_Format_7ca08541.docx	word/document.xml	w:pict	group	fallback	absolute	0	-	-	-	-	53406,19302	53407,23736	1	.25pt	#0d0d0d [3069]	-	0	/home/user/sample-files/words/chartset-008/docx/006_Free_Genogram_Diagram_Template_Fillable_Format_7ca08541.docx
006_Free_Genogram_Diagram_Template_Fillable_Format_7ca08541.docx	word/document.xml	w:pict	group	fallback	absolute	0	-	-	-	-	63531,10284	63531,19302	1	.25pt	#0d0d0d [3069]	-	0	/home/user/sample-files/words/chartset-008/docx/006_Free_Genogram_Diagram_Template_Fillable_Format_7ca08541.docx
006_Free_Genogram_Diagram_Template_Fillable_Format_7ca08541.docx	word/document.xml	w:pict	group	fallback	absolute	0	-	-	-	-	58457,10284	69239,10284	1	.25pt	#0d0d0d [3069]	-	0	/home/user/sample-files/words/chartset-008/docx/006_Free_Genogram_Diagram_Template_Fillable_Format_7ca08541.docx
006_Free_Genogram_Diagram_Template_Fillable_Format_7ca08541.docx	word/document.xml	w:pict	group	fallback	absolute	0	-	-	-	-	78020,26428	85571,26428	1	.25pt	#0d0d0d [3069]	-	0	/home/user/sample-files/words/chartset-008/docx/006_Free_Genogram_Diagram_Template_Fillable_Format_7ca08541.docx
006_Free_Genogram_Diagram_Template_Fillable_Format_7ca08541.docx	word/document.xml	w:pict	group	fallback	absolute	0	-	-	-	-	67252,26430	67252,34005	1	.25pt	#0d0d0d [3069]	-	0	/home/user/sample-files/words/chartset-008/docx/006_Free_Genogram_Diagram_Template_Fillable_Format_7ca08541.docx
006_Free_Genogram_Diagram_Template_Fillable_Format_7ca08541.docx	word/document.xml	w:pict	group	fallback	absolute	0	-	-	-	-	42987,26720	42987,38376	1	.25pt	#0d0d0d [3069]	-	0	/home/user/sample-files/words/chartset-008/docx/006_Free_Genogram_Diagram_Template_Fillable_Format_7ca08541.docx
006_Free_Genogram_Diagram_Template_Fillable_Format_7ca08541.docx	word/document.xml	w:pict	group	fallback	absolute	0	-	-	-	-	55893,26428	67160,26428	1	.25pt	#0d0d0d [3069]	-	0	/home/user/sample-files/words/chartset-008/docx/006_Free_Genogram_Diagram_Template_Fillable_Format_7ca08541.docx
006_Free_Genogram_Diagram_Template_Fillable_Format_7ca08541.docx	word/document.xml	w:pict	group	fallback	absolute	0	-	-	-	-	36513,38596	59277,38649	1	.25pt	#0d0d0d [3069]	-	0	/home/user/sample-files/words/chartset-008/docx/006_Free_Genogram_Diagram_Template_Fillable_Format_7ca08541.docx
006_Free_Genogram_Diagram_Template_Fillable_Format_7ca08541.docx	word/document.xml	w:pict	group	fallback	absolute	0	-	-	-	-	22738,47839	29031,47839	1	.25pt	#0d0d0d [3069]	-	0	/home/user/sample-files/words/chartset-008/docx/006_Free_Genogram_Diagram_Template_Fillable_Format_7ca08541.docx
006_Free_Genogram_Diagram_Template_Fillable_Format_7ca08541.docx	word/document.xml	w:pict	top	fallback	absolute	0	-	-	-	-	394.75pt,176.35pt	458.8pt,240.9pt	1	.5pt	black [3200]	-	0	/home/user/sample-files/words/chartset-008/docx/006_Free_Genogram_Diagram_Template_Fillable_Format_7ca08541.docx
006_Free_Genogram_Diagram_Template_Fillable_Format_7ca08541.docx	word/document.xml	w:pict	top	fallback	absolute	0	-	-	-	-	690.55pt,331.6pt	738.55pt,379.95pt	1	.5pt	black [3200]	-	0	/home/user/sample-files/words/chartset-008/docx/006_Free_Genogram_Diagram_Template_Fillable_Format_7ca08541.docx
006_Free_Genogram_Diagram_Template_Fillable_Format_7ca08541.docx	word/document.xml	w:pict	group	fallback	absolute	0	-	-	-	-	78828,0	287204,226714	1	.5pt	black [3200]	-	0	/home/user/sample-files/words/chartset-008/docx/006_Free_Genogram_Diagram_Template_Fillable_Format_7ca08541.docx
006_Free_Genogram_Diagram_Template_Fillable_Format_7ca08541.docx	word/document.xml	w:pict	group	fallback	absolute	0	-	-	-	-	0,15766	208376,242480	1	.5pt	black [3200]	-	0	/home/user/sample-files/words/chartset-008/docx/006_Free_Genogram_Diagram_Template_Fillable_Format_7ca08541.docx
010_Free_Genogram_Diagram_Template_Yellow_Theme_6ee4f818.docx	word/document.xml	w:pict	top	fallback	absolute	0	-	-	-	-	60.75pt,39.75pt	98.8pt,79.25pt	1	.5pt	black [3200]	-	0	/home/user/sample-files/words/chartset-008/docx/010_Free_Genogram_Diagram_Template_Yellow_Theme_6ee4f818.docx
010_Free_Genogram_Diagram_Template_Yellow_Theme_6ee4f818.docx	word/document.xml	w:pict	top	fallback	absolute	0	-	-	-	-	63.4pt,38.7pt	96.25pt,79.25pt	1	.5pt	black [3200]	-	0	/home/user/sample-files/words/chartset-008/docx/010_Free_Genogram_Diagram_Template_Yellow_Theme_6ee4f818.docx
010_Free_Genogram_Diagram_Template_Yellow_Theme_6ee4f818.docx	word/document.xml	w:pict	top	fallback	absolute	0	-	-	-	-	284.75pt,487.85pt	304.1pt,507.2pt	1	.5pt	black [3200]	-	0	/home/user/sample-files/words/chartset-008/docx/010_Free_Genogram_Diagram_Template_Yellow_Theme_6ee4f818.docx
010_Free_Genogram_Diagram_Template_Yellow_Theme_6ee4f818.docx	word/document.xml	w:pict	top	fallback	absolute	0	-	-	-	-	292.4pt,322.15pt	340.9pt,371.05pt	1	.5pt	black [3200]	-	0	/home/user/sample-files/words/chartset-008/docx/010_Free_Genogram_Diagram_Template_Yellow_Theme_6ee4f818.docx
010_Free_Genogram_Diagram_Template_Yellow_Theme_6ee4f818.docx	word/document.xml	w:pict	top	fallback	absolute	0	-	-	-	-	-45.95pt,172.4pt	5.7pt,224.5pt	1	.5pt	black [3200]	-	0	/home/user/sample-files/words/chartset-008/docx/010_Free_Genogram_Diagram_Template_Yellow_Theme_6ee4f818.docx
010_Free_Genogram_Diagram_Template_Yellow_Theme_6ee4f818.docx	word/document.xml	w:pict	group	fallback	absolute	0	-	-	-	-	54591,27296	300251,272956	1	.5pt	red	-	0	/home/user/sample-files/words/chartset-008/docx/010_Free_Genogram_Diagram_Template_Yellow_Theme_6ee4f818.docx
010_Free_Genogram_Diagram_Template_Yellow_Theme_6ee4f818.docx	word/document.xml	w:pict	group	fallback	absolute	0	-	-	-	-	0,0	245660,245660	1	.5pt	red	-	0	/home/user/sample-files/words/chartset-008/docx/010_Free_Genogram_Diagram_Template_Yellow_Theme_6ee4f818.docx
010_Free_Genogram_Diagram_Template_Yellow_Theme_6ee4f818.docx	word/document.xml	w:pict	group	fallback	absolute	0	-	-	-	-	9826,0	9826,4485	1	.5pt	red	-	0	/home/user/sample-files/words/chartset-008/docx/010_Free_Genogram_Diagram_Template_Yellow_Theme_6ee4f818.docx
010_Free_Genogram_Diagram_Template_Yellow_Theme_6ee4f818.docx	word/document.xml	w:pict	group	fallback	absolute	0	-	-	-	-	9007,0	9007,4485	1	.5pt	red	-	0	/home/user/sample-files/words/chartset-008/docx/010_Free_Genogram_Diagram_Template_Yellow_Theme_6ee4f818.docx
010_Free_Genogram_Diagram_Template_Yellow_Theme_6ee4f818.docx	word/document.xml	w:pict	group	fallback	absolute	0	-	-	-	-	8052,0	8052,4485	1	.5pt	red	-	0	/home/user/sample-files/words/chartset-008/docx/010_Free_Genogram_Diagram_Template_Yellow_Theme_6ee4f818.docx
010_Free_Genogram_Diagram_Template_Yellow_Theme_6ee4f818.docx	word/document.xml	w:pict	group	fallback	absolute	0	-	-	-	-	7096,0	7096,4486	1	.5pt	red	-	0	/home/user/sample-files/words/chartset-008/docx/010_Free_Genogram_Diagram_Template_Yellow_Theme_6ee4f818.docx
010_Free_Genogram_Diagram_Template_Yellow_Theme_6ee4f818.docx	word/document.xml	w:pict	group	fallback	absolute	0	-	-	-	-	6277,0	6277,4485	1	.5pt	red	-	0	/home/user/sample-files/words/chartset-008/docx/010_Free_Genogram_Diagram_Template_Yellow_Theme_6ee4f818.docx
010_Free_Genogram_Diagram_Template_Yellow_Theme_6ee4f818.docx	word/document.xml	w:pict	group	fallback	absolute	0	-	-	-	-	5322,0	5322,4485	1	.5pt	red	-	0	/home/user/sample-files/words/chartset-008/docx/010_Free_Genogram_Diagram_Template_Yellow_Theme_6ee4f818.docx
010_Free_Genogram_Diagram_Template_Yellow_Theme_6ee4f818.docx	word/document.xml	w:pict	group	fallback	absolute	0	-	-	-	-	4503,0	4503,4485	1	.5pt	red	-	0	/home/user/sample-files/words/chartset-008/docx/010_Free_Genogram_Diagram_Template_Yellow_Theme_6ee4f818.docx
010_Free_Genogram_Diagram_Template_Yellow_Theme_6ee4f818.docx	word/document.xml	w:pict	group	fallback	absolute	0	-	-	-	-	3548,0	3548,4486	1	.5pt	red	-	0	/home/user/sample-files/words/chartset-008/docx/010_Free_Genogram_Diagram_Template_Yellow_Theme_6ee4f818.docx
010_Free_Genogram_Diagram_Template_Yellow_Theme_6ee4f818.docx	word/document.xml	w:pict	group	fallback	absolute	0	-	-	-	-	2593,0	2593,4485	1	.5pt	red	-	0	/home/user/sample-files/words/chartset-008/docx/010_Free_Genogram_Diagram_Template_Yellow_Theme_6ee4f818.docx
010_Free_Genogram_Diagram_Template_Yellow_Theme_6ee4f818.docx	word/document.xml	w:pict	group	fallback	absolute	0	-	-	-	-	1774,0	1774,4485	1	.5pt	red	-	0	/home/user/sample-files/words/chartset-008/docx/010_Free_Genogram_Diagram_Template_Yellow_Theme_6ee4f818.docx
010_Free_Genogram_Diagram_Template_Yellow_Theme_6ee4f818.docx	word/document.xml	w:pict	group	fallback	absolute	0	-	-	-	-	818,0	818,4485	1	.5pt	red	-	0	/home/user/sample-files/words/chartset-008/docx/010_Free_Genogram_Diagram_Template_Yellow_Theme_6ee4f818.docx
010_Free_Genogram_Diagram_Template_Yellow_Theme_6ee4f818.docx	word/document.xml	w:pict	group	fallback	absolute	0	-	-	-	-	0,0	0,4486	1	.5pt	red	-	0	/home/user/sample-files/words/chartset-008/docx/010_Free_Genogram_Diagram_Template_Yellow_Theme_6ee4f818.docx
010_Free_Genogram_Diagram_Template_Yellow_Theme_6ee4f818.docx	word/document.xml	w:pict	group	fallback	absolute	0	-	-	-	-	48778,2493	48778,6360	1	.5pt	black [3200]	-	0	/home/user/sample-files/words/chartset-008/docx/010_Free_Genogram_Diagram_Template_Yellow_Theme_6ee4f818.docx
010_Free_Genogram_Diagram_Template_Yellow_Theme_6ee4f818.docx	word/document.xml	w:pict	group	fallback	absolute	0	-	-	-	-	-10943,0	-10943,4252	1	.5pt	black [3200]	-	0	/home/user/sample-files/words/chartset-008/docx/010_Free_Genogram_Diagram_Template_Yellow_Theme_6ee4f818.docx
010_Free_Genogram_Diagram_Template_Yellow_Theme_6ee4f818.docx	word/document.xml	w:pict	group	fallback	absolute	0	-	-	-	-	-10840,-37	10416,-37	1	.5pt	black [3200]	-	0	/home/user/sample-files/words/chartset-008/docx/010_Free_Genogram_Diagram_Template_Yellow_Theme_6ee4f818.docx
010_Free_Genogram_Diagram_Template_Yellow_Theme_6ee4f818.docx	word/document.xml	w:pict	group	fallback	absolute	0	-	-	-	-	13302,209	13341,2047	1	.5pt	black [3200]	-	0	/home/user/sample-files/words/chartset-008/docx/010_Free_Genogram_Diagram_Template_Yellow_Theme_6ee4f818.docx
010_Free_Genogram_Diagram_Template_Yellow_Theme_6ee4f818.docx	word/document.xml	w:pict	group	fallback	absolute	0	-	-	-	-	25333,149	25453,2273	1	.5pt	black [3200]	-	0	/home/user/sample-files/words/chartset-008/docx/010_Free_Genogram_Diagram_Template_Yellow_Theme_6ee4f818.docx
010_Free_Genogram_Diagram_Template_Yellow_Theme_6ee4f818.docx	word/document.xml	w:pict	group	fallback	absolute	0	-	-	-	-	19337,-5847	19372,6032	1	.5pt	black [3200]	-	0	/home/user/sample-files/words/chartset-008/docx/010_Free_Genogram_Diagram_Template_Yellow_Theme_6ee4f818.docx
010_Free_Genogram_Diagram_Template_Yellow_Theme_6ee4f818.docx	word/document.xml	w:pict	group	fallback	absolute	0	-	-	-	-	36990,5091	36990,8952	1	.25pt	black [3213]	-	0	/home/user/sample-files/words/chartset-008/docx/010_Free_Genogram_Diagram_Template_Yellow_Theme_6ee4f818.docx
010_Free_Genogram_Diagram_Template_Yellow_Theme_6ee4f818.docx	word/document.xml	w:pict	group	fallback	absolute	0	-	-	-	-	31294,3143	31329,14618	1	.25pt	black [3213]	-	0	/home/user/sample-files/words/chartset-008/docx/010_Free_Genogram_Diagram_Template_Yellow_Theme_6ee4f818.docx
010_Free_Genogram_Diagram_Template_Yellow_Theme_6ee4f818.docx	word/document.xml	w:pict	group	fallback	absolute	0	-	-	-	-	25598,5091	25598,8954	1	.25pt	black [3213]	-	0	/home/user/sample-files/words/chartset-008/docx/010_Free_Genogram_Diagram_Template_Yellow_Theme_6ee4f818.docx
010_Free_Genogram_Diagram_Template_Yellow_Theme_6ee4f818.docx	word/document.xml	w:pict	group	fallback	absolute	0	-	-	-	-	13641,6406	13641,8803	1	.5pt	red	-	0	/home/user/sample-files/words/chartset-008/docx/010_Free_Genogram_Diagram_Template_Yellow_Theme_6ee4f818.docx
010_Free_Genogram_Diagram_Template_Yellow_Theme_6ee4f818.docx	word/document.xml	w:pict	group	fallback	absolute	0	-	-	-	-	817,8817	13663,8817	1	.5pt	red	-	0	/home/user/sample-files/words/chartset-008/docx/010_Free_Genogram_Diagram_Template_Yellow_Theme_6ee4f818.docx
010_Free_Genogram_Diagram_Template_Yellow_Theme_6ee4f818.docx	word/document.xml	w:pict	group	fallback	absolute	0	-	-	-	-	643,-23	643,8954	1	.5pt	red	-	0	/home/user/sample-files/words/chartset-008/docx/010_Free_Genogram_Diagram_Template_Yellow_Theme_6ee4f818.docx
010_Free_Genogram_Diagram_Template_Yellow_Theme_6ee4f818.docx	word/document.xml	w:pict	group	fallback	absolute	0	-	-	-	-	55220,42157	55220,46243	1	.5pt	black [3200]	-	0	/home/user/sample-files/words/chartset-008/docx/010_Free_Genogram_Diagram_Template_Yellow_Theme_6ee4f818.docx
010_Free_Genogram_Diagram_Template_Yellow_Theme_6ee4f818.docx	word/document.xml	w:pict	group	fallback	absolute	0	-	-	-	-	84908,26006	84908,33369	1	.5pt	black [3200]	-	0	/home/user/sample-files/words/chartset-008/docx/010_Free_Genogram_Diagram_Template_Yellow_Theme_6ee4f818.docx
010_Free_Genogram_Diagram_Template_Yellow_Theme_6ee4f818.docx	word/document.xml	w:pict	group	fallback	absolute	0	-	-	-	-	61514,25888	61514,32898	1	.5pt	black [3200]	-	0	/home/user/sample-files/words/chartset-008/docx/010_Free_Genogram_Diagram_Template_Yellow_Theme_6ee4f818.docx
010_Free_Genogram_Diagram_Template_Yellow_Theme_6ee4f818.docx	word/document.xml	w:pict	group	fallback	absolute	0	-	-	-	-	78693,42257	78693,45976	1	.5pt	black [3200]	-	0	/home/user/sample-files/words/chartset-008/docx/010_Free_Genogram_Diagram_Template_Yellow_Theme_6ee4f818.docx
010_Free_Genogram_Diagram_Template_Yellow_Theme_6ee4f818.docx	word/document.xml	w:pict	group	fallback	absolute	0	-	-	-	-	73,0	73,4207	1	.5pt	black [3200]	-	0	/home/user/sample-files/words/chartset-008/docx/010_Free_Genogram_Diagram_Template_Yellow_Theme_6ee4f818.docx
010_Free_Genogram_Diagram_Template_Yellow_Theme_6ee4f818.docx	word/document.xml	w:pict	group	fallback	absolute	0	-	-	-	-	6283,-1979	6321,10625	1	.5pt	black [3200]	-	0	/home/user/sample-files/words/chartset-008/docx/010_Free_Genogram_Diagram_Template_Yellow_Theme_6ee4f818.docx
010_Free_Genogram_Diagram_Template_Yellow_Theme_6ee4f818.docx	word/document.xml	w:pict	group	fallback	absolute	0	-	-	-	-	12629,0	12629,4210	1	.5pt	black [3200]	-	0	/home/user/sample-files/words/chartset-008/docx/010_Free_Genogram_Diagram_Template_Yellow_Theme_6ee4f818.docx
010_Free_Genogram_Diagram_Template_Yellow_Theme_6ee4f818.docx	word/document.xml	w:pict	group	fallback	absolute	0	-	-	-	-	72558,9262	72558,12983	1	.5pt	black [3200]	-	0	/home/user/sample-files/words/chartset-008/docx/010_Free_Genogram_Diagram_Template_Yellow_Theme_6ee4f818.docx
010_Free_Genogram_Diagram_Template_Yellow_Theme_6ee4f818.docx	word/document.xml	w:pict	group	fallback	absolute	0	-	-	-	-	22208,9025	22208,12746	1	.5pt	black [3200]	-	0	/home/user/sample-files/words/chartset-008/docx/010_Free_Genogram_Diagram_Template_Yellow_Theme_6ee4f818.docx
010_Free_Genogram_Diagram_Template_Yellow_Theme_6ee4f818.docx	word/document.xml	w:pict	group	fallback	absolute	0	-	-	-	-	73,0	73,4207	1	.5pt	black [3200]	-	0	/home/user/sample-files/words/chartset-008/docx/010_Free_Genogram_Diagram_Template_Yellow_Theme_6ee4f818.docx
010_Free_Genogram_Diagram_Template_Yellow_Theme_6ee4f818.docx	word/document.xml	w:pict	group	fallback	absolute	0	-	-	-	-	6283,-1979	6321,10625	1	.5pt	black [3200]	-	0	/home/user/sample-files/words/chartset-008/docx/010_Free_Genogram_Diagram_Template_Yellow_Theme_6ee4f818.docx
010_Free_Genogram_Diagram_Template_Yellow_Theme_6ee4f818.docx	word/document.xml	w:pict	group	fallback	absolute	0	-	-	-	-	12629,0	12629,4210	1	.5pt	black [3200]	-	0	/home/user/sample-files/words/chartset-008/docx/010_Free_Genogram_Diagram_Template_Yellow_Theme_6ee4f818.docx
010_Free_Genogram_Diagram_Template_Yellow_Theme_6ee4f818.docx	word/document.xml	w:pict	group	fallback	absolute	0	-	-	-	-	12132,0	12132,4207	1	.5pt	black [3200]	-	0	/home/user/sample-files/words/chartset-008/docx/010_Free_Genogram_Diagram_Template_Yellow_Theme_6ee4f818.docx
010_Free_Genogram_Diagram_Template_Yellow_Theme_6ee4f818.docx	word/document.xml	w:pict	group	fallback	absolute	0	-	-	-	-	4777,4305	12009,4305	1	.5pt	black [3200]	-	0	/home/user/sample-files/words/chartset-008/docx/010_Free_Genogram_Diagram_Template_Yellow_Theme_6ee4f818.docx
010_Free_Genogram_Diagram_Template_Yellow_Theme_6ee4f818.docx	word/document.xml	w:pict	group	fallback	absolute	0	-	-	-	-	4777,0	4777,4210	1	.5pt	black [3200]	-	0	/home/user/sample-files/words/chartset-008/docx/010_Free_Genogram_Diagram_Template_Yellow_Theme_6ee4f818.docx
010_Free_Genogram_Diagram_Template_Yellow_Theme_6ee4f818.docx	word/document.xml	w:pict	group	fallback	absolute	0	-	-	-	-	12630,0	12630,4207	1	.5pt	black [3200]	-	0	/home/user/sample-files/words/chartset-008/docx/010_Free_Genogram_Diagram_Template_Yellow_Theme_6ee4f818.docx
010_Free_Genogram_Diagram_Template_Yellow_Theme_6ee4f818.docx	word/document.xml	w:pict	group	fallback	absolute	0	-	-	-	-	6285,-1980	6323,10627	1	.5pt	black [3200]	-	0	/home/user/sample-files/words/chartset-008/docx/010_Free_Genogram_Diagram_Template_Yellow_Theme_6ee4f818.docx
010_Free_Genogram_Diagram_Template_Yellow_Theme_6ee4f818.docx	word/document.xml	w:pict	group	fallback	absolute	0	-	-	-	-	74,1964	74,4210	1	.5pt	black [3200]	-	0	/home/user/sample-files/words/chartset-008/docx/010_Free_Genogram_Diagram_Template_Yellow_Theme_6ee4f818.docx
010_Free_Genogram_Diagram_Template_Yellow_Theme_6ee4f818.docx	word/document.xml	w:pict	group	fallback	absolute	0	-	-	-	-	0,-2681	0,1526	1	.5pt	black [3200]	-	0	/home/user/sample-files/words/chartset-008/docx/010_Free_Genogram_Diagram_Template_Yellow_Theme_6ee4f818.docx
010_Free_Genogram_Diagram_Template_Yellow_Theme_6ee4f818.docx	word/document.xml	w:pict	group	fallback	absolute	0	-	-	-	-	26,1356	12398,1616	1	.5pt	black [3200]	-	0	/home/user/sample-files/words/chartset-008/docx/010_Free_Genogram_Diagram_Template_Yellow_Theme_6ee4f818.docx
010_Free_Genogram_Diagram_Template_Yellow_Theme_6ee4f818.docx	word/document.xml	w:pict	group	fallback	absolute	0	-	-	-	-	12398,-2502	12398,1707	1	.5pt	black [3200]	-	0	/home/user/sample-files/words/chartset-008/docx/010_Free_Genogram_Diagram_Template_Yellow_Theme_6ee4f818.docx
010_Free_Genogram_Diagram_Template_Yellow_Theme_6ee4f818.docx	word/document.xml	w:pict	group	fallback	absolute	0	-	-	-	-	12782,4799	12782,9009	1	.25pt	black [3213]	-	0	/home/user/sample-files/words/chartset-008/docx/010_Free_Genogram_Diagram_Template_Yellow_Theme_6ee4f818.docx
010_Free_Genogram_Diagram_Template_Yellow_Theme_6ee4f818.docx	word/document.xml	w:pict	group	fallback	absolute	0	-	-	-	-	2340,9034	12708,9034	1	.25pt	black [3213]	-	0	/home/user/sample-files/words/chartset-008/docx/010_Free_Genogram_Diagram_Template_Yellow_Theme_6ee4f818.docx
010_Free_Genogram_Diagram_Template_Yellow_Theme_6ee4f818.docx	word/document.xml	w:pict	group	fallback	absolute	0	-	-	-	-	2358,4799	2358,9011	1	.25pt	black [3213]	-	0	/home/user/sample-files/words/chartset-008/docx/010_Free_Genogram_Diagram_Template_Yellow_Theme_6ee4f818.docx
010_Free_Genogram_Diagram_Template_Yellow_Theme_6ee4f818.docx	word/document.xml	w:pict	group	fallback	absolute	0	-	-	-	-	6562,-3652	6600,8959	1	.5pt	black [3200]	-	0	/home/user/sample-files/words/chartset-008/docx/010_Free_Genogram_Diagram_Template_Yellow_Theme_6ee4f818.docx
010_Free_Genogram_Diagram_Template_Yellow_Theme_6ee4f818.docx	word/document.xml	w:pict	group	fallback	absolute	0	-	-	-	-	14977,4799	14977,9009	1	.5pt	black [3200]	-	0	/home/user/sample-files/words/chartset-008/docx/010_Free_Genogram_Diagram_Template_Yellow_Theme_6ee4f818.docx
010_Free_Genogram_Diagram_Template_Yellow_Theme_6ee4f818.docx	word/document.xml	w:pict	group	fallback	absolute	0	-	-	-	-	8627,2709	8665,15320	1	.5pt	black [3200]	-	0	/home/user/sample-files/words/chartset-008/docx/010_Free_Genogram_Diagram_Template_Yellow_Theme_6ee4f818.docx
010_Free_Genogram_Diagram_Template_Yellow_Theme_6ee4f818.docx	word/document.xml	w:pict	group	fallback	absolute	0	-	-	-	-	2358,4799	2358,9011	1	.5pt	black [3200]	-	0	/home/user/sample-files/words/chartset-008/docx/010_Free_Genogram_Diagram_Template_Yellow_Theme_6ee4f818.docx
010_Free_Genogram_Diagram_Template_Yellow_Theme_6ee4f818.docx	word/document.xml	w:pict	group	fallback	absolute	0	-	-	-	-	14977,4799	14977,9009	1	.5pt	black [3200]	-	0	/home/user/sample-files/words/chartset-008/docx/010_Free_Genogram_Diagram_Template_Yellow_Theme_6ee4f818.docx
010_Free_Genogram_Diagram_Template_Yellow_Theme_6ee4f818.docx	word/document.xml	w:pict	group	fallback	absolute	0	-	-	-	-	8627,2709	8665,15320	1	.5pt	black [3200]	-	0	/home/user/sample-files/words/chartset-008/docx/010_Free_Genogram_Diagram_Template_Yellow_Theme_6ee4f818.docx
010_Free_Genogram_Diagram_Template_Yellow_Theme_6ee4f818.docx	word/document.xml	w:pict	group	fallback	absolute	0	-	-	-	-	2358,4799	2358,9011	1	.5pt	black [3200]	-	0	/home/user/sample-files/words/chartset-008/docx/010_Free_Genogram_Diagram_Template_Yellow_Theme_6ee4f818.docx
010_Free_Genogram_Diagram_Template_Yellow_Theme_6ee4f818.docx	word/document.xml	w:pict	group	fallback	absolute	0	-	-	-	-	14977,4799	14977,9009	1	.5pt	black [3200]	-	0	/home/user/sample-files/words/chartset-008/docx/010_Free_Genogram_Diagram_Template_Yellow_Theme_6ee4f818.docx
010_Free_Genogram_Diagram_Template_Yellow_Theme_6ee4f818.docx	word/document.xml	w:pict	group	fallback	absolute	0	-	-	-	-	8627,2709	8665,15320	1	.5pt	black [3200]	-	0	/home/user/sample-files/words/chartset-008/docx/010_Free_Genogram_Diagram_Template_Yellow_Theme_6ee4f818.docx
010_Free_Genogram_Diagram_Template_Yellow_Theme_6ee4f818.docx	word/document.xml	w:pict	group	fallback	absolute	0	-	-	-	-	2358,4799	2358,9011	1	.5pt	black [3200]	-	0	/home/user/sample-files/words/chartset-008/docx/010_Free_Genogram_Diagram_Template_Yellow_Theme_6ee4f818.docx
010_Free_Genogram_Diagram_Template_Yellow_Theme_6ee4f818.docx	word/document.xml	w:pict	group	fallback	absolute	0	-	-	-	-	18438,4799	18438,9009	1	.5pt	black [3200]	-	0	/home/user/sample-files/words/chartset-008/docx/010_Free_Genogram_Diagram_Template_Yellow_Theme_6ee4f818.docx
010_Free_Genogram_Diagram_Template_Yellow_Theme_6ee4f818.docx	word/document.xml	w:pict	group	fallback	absolute	0	-	-	-	-	12087,2709	12125,15320	1	.5pt	black [3200]	-	0	/home/user/sample-files/words/chartset-008/docx/010_Free_Genogram_Diagram_Template_Yellow_Theme_6ee4f818.docx
010_Free_Genogram_Diagram_Template_Yellow_Theme_6ee4f818.docx	word/document.xml	w:pict	group	fallback	absolute	0	-	-	-	-	5818,4799	5818,9011	1	.5pt	black [3200]	-	0	/home/user/sample-files/words/chartset-008/docx/010_Free_Genogram_Diagram_Template_Yellow_Theme_6ee4f818.docx
010_Free_Genogram_Diagram_Template_Yellow_Theme_6ee4f818.docx	word/document.xml	w:pict	group	fallback	absolute	0	-	-	-	-	6029,3897	6029,7310	1	.5pt	black [3200]	-	0	/home/user/sample-files/words/chartset-008/docx/010_Free_Genogram_Diagram_Template_Yellow_Theme_6ee4f818.docx
010_Free_Genogram_Diagram_Template_Yellow_Theme_6ee4f818.docx	word/document.xml	w:pict	group	fallback	absolute	0	-	-	-	-	23,0	23,3861	1	.5pt	black [3200]	-	0	/home/user/sample-files/words/chartset-008/docx/010_Free_Genogram_Diagram_Template_Yellow_Theme_6ee4f818.docx
010_Free_Genogram_Diagram_Template_Yellow_Theme_6ee4f818.docx	word/document.xml	w:pict	group	fallback	absolute	0	-	-	-	-	5719,-1798	5754,9676	1	.5pt	black [3200]	-	0	/home/user/sample-files/words/chartset-008/docx/010_Free_Genogram_Diagram_Template_Yellow_Theme_6ee4f818.docx
010_Free_Genogram_Diagram_Template_Yellow_Theme_6ee4f818.docx	word/document.xml	w:pict	group	fallback	absolute	0	-	-	-	-	11529,0	11529,3863	1	.5pt	black [3200]	-	0	/home/user/sample-files/words/chartset-008/docx/010_Free_Genogram_Diagram_Template_Yellow_Theme_6ee4f818.docx
010_Free_Genogram_Diagram_Template_Yellow_Theme_6ee4f818.docx	word/document.xml	w:pict	group	fallback	absolute	0	-	-	-	-	55104,20694	55104,24561	1	.5pt	black [3200]	-	0	/home/user/sample-files/words/chartset-008/docx/010_Free_Genogram_Diagram_Template_Yellow_Theme_6ee4f818.docx
010_Free_Genogram_Diagram_Template_Yellow_Theme_6ee4f818.docx	word/document.xml	w:pict	group	fallback	absolute	0	-	-	-	-	14437,5053	14437,9434	1	.25pt	black [3213]	-	0	/home/user/sample-files/words/chartset-008/docx/010_Free_Genogram_Diagram_Template_Yellow_Theme_6ee4f818.docx
010_Free_Genogram_Diagram_Template_Yellow_Theme_6ee4f818.docx	word/document.xml	w:pict	group	fallback	absolute	0	-	-	-	-	8293,3580	8331,15645	1	.25pt	black [3213]	-	0	/home/user/sample-files/words/chartset-008/docx/010_Free_Genogram_Diagram_Template_Yellow_Theme_6ee4f818.docx
010_Free_Genogram_Diagram_Template_Yellow_Theme_6ee4f818.docx	word/document.xml	w:pict	group	fallback	absolute	0	-	-	-	-	2406,5293	2406,9675	1	.25pt	black [3213]	-	0	/home/user/sample-files/words/chartset-008/docx/010_Free_Genogram_Diagram_Template_Yellow_Theme_6ee4f818.docx
010_Free_Genogram_Diagram_Template_Yellow_Theme_6ee4f818.docx	word/document.xml	w:pict	group	fallback	absolute	0	-	-	-	-	0,0	219456,221156	1	.5pt	black [3200]	-	0	/home/user/sample-files/words/chartset-008/docx/010_Free_Genogram_Diagram_Template_Yellow_Theme_6ee4f818.docx
010_Free_Genogram_Diagram_Template_Yellow_Theme_6ee4f818.docx	word/document.xml	w:pict	group	fallback	absolute	0	-	-	-	-	0,3468	5296,3468	1	.5pt	black [3200]	-	0	/home/user/sample-files/words/chartset-008/docx/010_Free_Genogram_Diagram_Template_Yellow_Theme_6ee4f818.docx
010_Free_Genogram_Diagram_Template_Yellow_Theme_6ee4f818.docx	word/document.xml	w:pict	group	fallback	absolute	0	-	-	-	-	472,0	4746,6892	1	.5pt	black [3200]	-	0	/home/user/sample-files/words/chartset-008/docx/010_Free_Genogram_Diagram_Template_Yellow_Theme_6ee4f818.docx
010_Free_Genogram_Diagram_Template_Yellow_Theme_6ee4f818.docx	word/document.xml	w:pict	group	fallback	absolute	0	-	-	-	-	472,630	5056,7099	1	.5pt	black [3200]	-	0	/home/user/sample-files/words/chartset-008/docx/010_Free_Genogram_Diagram_Template_Yellow_Theme_6ee4f818.docx
010_Free_Genogram_Diagram_Template_Yellow_Theme_6ee4f818.docx	word/document.xml	w:pict	group	fallback	absolute	0	-	-	-	-	12609,13676	12609,18161	1	.5pt	red	-	0	/home/user/sample-files/words/chartset-008/docx/010_Free_Genogram_Diagram_Template_Yellow_Theme_6ee4f818.docx
010_Free_Genogram_Diagram_Template_Yellow_Theme_6ee4f818.docx	word/document.xml	w:pict	group	fallback	absolute	0	-	-	-	-	11790,13676	11790,18161	1	.5pt	red	-	0	/home/user/sample-files/words/chartset-008/docx/010_Free_Genogram_Diagram_Template_Yellow_Theme_6ee4f818.docx
010_Free_Genogram_Diagram_Template_Yellow_Theme_6ee4f818.docx	word/document.xml	w:pict	group	fallback	absolute	0	-	-	-	-	10835,13676	10835,18161	1	.5pt	red	-	0	/home/user/sample-files/words/chartset-008/docx/010_Free_Genogram_Diagram_Template_Yellow_Theme_6ee4f818.docx
010_Free_Genogram_Diagram_Template_Yellow_Theme_6ee4f818.docx	word/document.xml	w:pict	group	fallback	absolute	0	-	-	-	-	9879,13676	9879,18162	1	.5pt	red	-	0	/home/user/sample-files/words/chartset-008/docx/010_Free_Genogram_Diagram_Template_Yellow_Theme_6ee4f818.docx
010_Free_Genogram_Diagram_Template_Yellow_Theme_6ee4f818.docx	word/document.xml	w:pict	group	fallback	absolute	0	-	-	-	-	9060,13676	9060,18161	1	.5pt	red	-	0	/home/user/sample-files/words/chartset-008/docx/010_Free_Genogram_Diagram_Template_Yellow_Theme_6ee4f818.docx
010_Free_Genogram_Diagram_Template_Yellow_Theme_6ee4f818.docx	word/document.xml	w:pict	group	fallback	absolute	0	-	-	-	-	8105,13676	8105,18161	1	.5pt	red	-	0	/home/user/sample-files/words/chartset-008/docx/010_Free_Genogram_Diagram_Template_Yellow_Theme_6ee4f818.docx
010_Free_Genogram_Diagram_Template_Yellow_Theme_6ee4f818.docx	word/document.xml	w:pict	group	fallback	absolute	0	-	-	-	-	7286,13676	7286,18161	1	.5pt	red	-	0	/home/user/sample-files/words/chartset-008/docx/010_Free_Genogram_Diagram_Template_Yellow_Theme_6ee4f818.docx
010_Free_Genogram_Diagram_Template_Yellow_Theme_6ee4f818.docx	word/document.xml	w:pict	group	fallback	absolute	0	-	-	-	-	6331,13676	6331,18162	1	.5pt	red	-	0	/home/user/sample-files/words/chartset-008/docx/010_Free_Genogram_Diagram_Template_Yellow_Theme_6ee4f818.docx
010_Free_Genogram_Diagram_Template_Yellow_Theme_6ee4f818.docx	word/document.xml	w:pict	group	fallback	absolute	0	-	-	-	-	5376,13676	5376,18161	1	.5pt	red	-	0	/home/user/sample-files/words/chartset-008/docx/010_Free_Genogram_Diagram_Template_Yellow_Theme_6ee4f818.docx
010_Free_Genogram_Diagram_Template_Yellow_Theme_6ee4f818.docx	word/document.xml	w:pict	group	fallback	absolute	0	-	-	-	-	4557,13676	4557,18161	1	.5pt	red	-	0	/home/user/sample-files/words/chartset-008/docx/010_Free_Genogram_Diagram_Template_Yellow_Theme_6ee4f818.docx
010_Free_Genogram_Diagram_Template_Yellow_Theme_6ee4f818.docx	word/document.xml	w:pict	group	fallback	absolute	0	-	-	-	-	3601,13676	3601,18161	1	.5pt	red	-	0	/home/user/sample-files/words/chartset-008/docx/010_Free_Genogram_Diagram_Template_Yellow_Theme_6ee4f818.docx
010_Free_Genogram_Diagram_Template_Yellow_Theme_6ee4f818.docx	word/document.xml	w:pict	group	fallback	absolute	0	-	-	-	-	2782,13676	2782,18162	1	.5pt	red	-	0	/home/user/sample-files/words/chartset-008/docx/010_Free_Genogram_Diagram_Template_Yellow_Theme_6ee4f818.docx
010_Free_Genogram_Diagram_Template_Yellow_Theme_6ee4f818.docx	word/document.xml	w:pict	group	fallback	absolute	0	-	-	-	-	3365,-3334	10083,3809	1	.5pt	black [3200]	-	0	/home/user/sample-files/words/chartset-008/docx/010_Free_Genogram_Diagram_Template_Yellow_Theme_6ee4f818.docx
010_Free_Genogram_Diagram_Template_Yellow_Theme_6ee4f818.docx	word/document.xml	w:pict	group	fallback	absolute	0	-	-	-	-	3501,-2924	9597,3590	1	.5pt	black [3200]	-	0	/home/user/sample-files/words/chartset-008/docx/010_Free_Genogram_Diagram_Template_Yellow_Theme_6ee4f818.docx
016_Project_Timeline_Template_Complete_Guide_7d36d09c.docx	word/document.xml	w:pict	top	fallback	absolute	0	-	-	-	-	382.25pt,-15.3pt	497.25pt,-15.3pt	1	.5pt	black [3200]	-	0	/home/user/sample-files/words/chartset-008/docx/016_Project_Timeline_Template_Complete_Guide_7d36d09c.docx
016_Project_Timeline_Template_Complete_Guide_7d36d09c.docx	word/document.xml	w:pict	top	fallback	absolute	0	-	-	-	-	-81.3pt,-15pt	33.7pt,-15pt	1	.5pt	black [3200]	-	0	/home/user/sample-files/words/chartset-008/docx/016_Project_Timeline_Template_Complete_Guide_7d36d09c.docx
046_Visual_Product_Roadmap_Template_Fillable_Format_582acab0.docx	word/document.xml	w:pict	top	fallback	absolute	0	-	-	-	-	665.4pt,298.5pt	665.4pt,315.7pt	1	3pt	black [3200]	-	0	/home/user/sample-files/words/chartset-008/docx/046_Visual_Product_Roadmap_Template_Fillable_Format_582acab0.docx
046_Visual_Product_Roadmap_Template_Fillable_Format_582acab0.docx	word/document.xml	w:pict	top	fallback	absolute	0	-	-	-	-	436.3pt,298.5pt	436.3pt,315.7pt	1	3pt	black [3200]	-	0	/home/user/sample-files/words/chartset-008/docx/046_Visual_Product_Roadmap_Template_Fillable_Format_582acab0.docx
046_Visual_Product_Roadmap_Template_Fillable_Format_582acab0.docx	word/document.xml	w:pict	top	fallback	absolute	0	-	-	-	-	565.2pt,276.3pt	565.2pt,293.5pt	1	3pt	black [3200]	-	0	/home/user/sample-files/words/chartset-008/docx/046_Visual_Product_Roadmap_Template_Fillable_Format_582acab0.docx
046_Visual_Product_Roadmap_Template_Fillable_Format_582acab0.docx	word/document.xml	w:pict	top	fallback	absolute	0	-	-	-	-	305.6pt,276.05pt	305.6pt,293.25pt	1	3pt	black [3200]	-	0	/home/user/sample-files/words/chartset-008/docx/046_Visual_Product_Roadmap_Template_Fillable_Format_582acab0.docx
046_Visual_Product_Roadmap_Template_Fillable_Format_582acab0.docx	word/document.xml	w:pict	top	fallback	absolute	0	-	-	-	-	54.75pt,276.95pt	54.75pt,294.15pt	1	3pt	black [3200]	-	0	/home/user/sample-files/words/chartset-008/docx/046_Visual_Product_Roadmap_Template_Fillable_Format_582acab0.docx
046_Visual_Product_Roadmap_Template_Fillable_Format_582acab0.docx	word/document.xml	w:pict	top	fallback	absolute	0	-	-	-	-	174.7pt,297.2pt	174.7pt,314.4pt	1	3pt	black [3200]	-	0	/home/user/sample-files/words/chartset-008/docx/046_Visual_Product_Roadmap_Template_Fillable_Format_582acab0.docx
007_Free_Genogram_Diagram_Template_Green_and_Purple_Theme_8d2ba829.docx	word/document.xml	w:pict	top	fallback	absolute	0	-	-	-	-	353pt,371.55pt	562.65pt,371.55pt	1	.5pt	black [3213]	-	0	/home/user/sample-files/words/chartset-009/docx/007_Free_Genogram_Diagram_Template_Green_and_Purple_Theme_8d2ba829.docx
007_Free_Genogram_Diagram_Template_Green_and_Purple_Theme_8d2ba829.docx	word/document.xml	w:pict	top	fallback	absolute	0	-	-	-	-	-12.5pt,116.75pt	-12.5pt,172.15pt	1	1.5pt	black [3200]	-	0	/home/user/sample-files/words/chartset-009/docx/007_Free_Genogram_Diagram_Template_Green_and_Purple_Theme_8d2ba829.docx
007_Free_Genogram_Diagram_Template_Green_and_Purple_Theme_8d2ba829.docx	word/document.xml	w:pict	top	fallback	absolute	0	-	-	-	-	141.5pt,116.75pt	141.5pt,173.1pt	1	1.5pt	black [3200]	-	0	/home/user/sample-files/words/chartset-009/docx/007_Free_Genogram_Diagram_Template_Green_and_Purple_Theme_8d2ba829.docx
007_Free_Genogram_Diagram_Template_Green_and_Purple_Theme_8d2ba829.docx	word/document.xml	w:pict	group	fallback	absolute	0	-	-	-	-	29736,149	29736,8267	1	1.5pt	black [3213]	-	0	/home/user/sample-files/words/chartset-009/docx/007_Free_Genogram_Diagram_Template_Green_and_Purple_Theme_8d2ba829.docx
007_Free_Genogram_Diagram_Template_Green_and_Purple_Theme_8d2ba829.docx	word/document.xml	w:pict	group	fallback	absolute	0	-	-	-	-	9379,0	9379,8117	1	1.5pt	black [3213]	-	0	/home/user/sample-files/words/chartset-009/docx/007_Free_Genogram_Diagram_Template_Green_and_Purple_Theme_8d2ba829.docx
007_Free_Genogram_Diagram_Template_Green_and_Purple_Theme_8d2ba829.docx	word/document.xml	w:pict	group	fallback	absolute	0	-	-	-	-	9379,-10	37033,85	1	1.5pt	black [3213]	-	0	/home/user/sample-files/words/chartset-009/docx/007_Free_Genogram_Diagram_Template_Green_and_Purple_Theme_8d2ba829.docx
007_Free_Genogram_Diagram_Template_Green_and_Purple_Theme_8d2ba829.docx	word/document.xml	w:pict	top	fallback	absolute	0	-	-	-	-	419.55pt,372pt	419.75pt,415.3pt	1	.5pt	black [3200]	-	0	/home/user/sample-files/words/chartset-009/docx/007_Free_Genogram_Diagram_Template_Green_and_Purple_Theme_8d2ba829.docx
007_Free_Genogram_Diagram_Template_Green_and_Purple_Theme_8d2ba829.docx	word/document.xml	w:pict	group	fallback	absolute	0	-	-	-	-	4568,5816	4600,11356	1	.5pt	black [3200]	-	0	/home/user/sample-files/words/chartset-009/docx/007_Free_Genogram_Diagram_Template_Green_and_Purple_Theme_8d2ba829.docx
007_Free_Genogram_Diagram_Template_Green_and_Purple_Theme_8d2ba829.docx	word/document.xml	w:pict	group	fallback	absolute	0	-	-	-	-	21459,-1880	21459,8486	1	.5pt	black [3200]	-	0	/home/user/sample-files/words/chartset-009/docx/007_Free_Genogram_Diagram_Template_Green_and_Purple_Theme_8d2ba829.docx
007_Free_Genogram_Diagram_Template_Green_and_Purple_Theme_8d2ba829.docx	word/document.xml	w:pict	group	fallback	absolute	0	-	-	-	-	21405,8489	21405,8489	1	.5pt	black [3200]	-	0	/home/user/sample-files/words/chartset-009/docx/007_Free_Genogram_Diagram_Template_Green_and_Purple_Theme_8d2ba829.docx
007_Free_Genogram_Diagram_Template_Green_and_Purple_Theme_8d2ba829.docx	word/document.xml	w:pict	group	fallback	absolute	0	-	-	-	-	0,-5838	0,5833	1	.5pt	black [3200]	-	0	/home/user/sample-files/words/chartset-009/docx/007_Free_Genogram_Diagram_Template_Green_and_Purple_Theme_8d2ba829.docx
007_Free_Genogram_Diagram_Template_Green_and_Purple_Theme_8d2ba829.docx	word/document.xml	w:pict	group	fallback	absolute	0	-	-	-	-	21275,-5834	21275,9452	1	.5pt	black [3200]	-	0	/home/user/sample-files/words/chartset-009/docx/007_Free_Genogram_Diagram_Template_Green_and_Purple_Theme_8d2ba829.docx
007_Free_Genogram_Diagram_Template_Green_and_Purple_Theme_8d2ba829.docx	word/document.xml	w:pict	group	fallback	absolute	0	-	-	-	-	0,2207	21125,2207	1	.5pt	black [3200]	-	0	/home/user/sample-files/words/chartset-009/docx/007_Free_Genogram_Diagram_Template_Green_and_Purple_Theme_8d2ba829.docx
007_Free_Genogram_Diagram_Template_Green_and_Purple_Theme_8d2ba829.docx	word/document.xml	w:pict	top	fallback	absolute	0	-	-	-	-	439.25pt,116.25pt	439.25pt,178.35pt	1	.5pt	black [3200]	-	0	/home/user/sample-files/words/chartset-009/docx/007_Free_Genogram_Diagram_Template_Green_and_Purple_Theme_8d2ba829.docx
007_Free_Genogram_Diagram_Template_Green_and_Purple_Theme_8d2ba829.docx	word/document.xml	w:pict	top	fallback	absolute	0	-	-	-	-	353.7pt,178.95pt	353.85pt,234.4pt	1	.5pt	black [3200]	-	0	/home/user/sample-files/words/chartset-009/docx/007_Free_Genogram_Diagram_Template_Green_and_Purple_Theme_8d2ba829.docx
007_Free_Genogram_Diagram_Template_Green_and_Purple_Theme_8d2ba829.docx	word/document.xml	w:pict	top	fallback	absolute	0	-	-	-	-	263.7pt,116.3pt	263.7pt,179.75pt	1	.5pt	black [3200]	-	0	/home/user/sample-files/words/chartset-009/docx/007_Free_Genogram_Diagram_Template_Green_and_Purple_Theme_8d2ba829.docx
007_Free_Genogram_Diagram_Template_Green_and_Purple_Theme_8d2ba829.docx	word/document.xml	w:pict	top	fallback	absolute	0	-	-	-	-	262.9pt,178.95pt	439.95pt,178.95pt	1	.5pt	black [3200]	-	0	/home/user/sample-files/words/chartset-009/docx/007_Free_Genogram_Diagram_Template_Green_and_Purple_Theme_8d2ba829.docx
007_Free_Genogram_Diagram_Template_Green_and_Purple_Theme_8d2ba829.docx	word/document.xml	w:pict	top	fallback	absolute	0	-	-	-	-	225.7pt,265.45pt	324.05pt,265.45pt	1	.5pt	black [3213]	-	0	/home/user/sample-files/words/chartset-009/docx/007_Free_Genogram_Diagram_Template_Green_and_Purple_Theme_8d2ba829.docx
007_Free_Genogram_Diagram_Template_Green_and_Purple_Theme_8d2ba829.docx	word/document.xml	w:pict	top	fallback	absolute	0	-	-	-	-	622.6pt,179.15pt	622.6pt,293.8pt	1	.5pt	black [3200]	-	0	/home/user/sample-files/words/chartset-009/docx/007_Free_Genogram_Diagram_Template_Green_and_Purple_Theme_8d2ba829.docx
007_Free_Genogram_Diagram_Template_Green_and_Purple_Theme_8d2ba829.docx	word/document.xml	w:pict	top	fallback	absolute	0	-	-	-	-	448.45pt,445.8pt	532.5pt,446.35pt	1	.5pt	black [3213]	-	0	/home/user/sample-files/words/chartset-009/docx/007_Free_Genogram_Diagram_Template_Green_and_Purple_Theme_8d2ba829.docx
007_Free_Genogram_Diagram_Template_Green_and_Purple_Theme_8d2ba829.docx	word/document.xml	w:pict	group	fallback	absolute	0	-	-	-	-	38075,10496	38075,16465	1	.5pt	black [3213]	-	0	/home/user/sample-files/words/chartset-009/docx/007_Free_Genogram_Diagram_Template_Green_and_Purple_Theme_8d2ba829.docx
007_Free_Genogram_Diagram_Template_Green_and_Purple_Theme_8d2ba829.docx	word/document.xml	w:pict	group	fallback	absolute	0	-	-	-	-	17688,12615	17688,16488	1	.5pt	black [3213]	-	0	/home/user/sample-files/words/chartset-009/docx/007_Free_Genogram_Diagram_Template_Green_and_Purple_Theme_8d2ba829.docx
007_Free_Genogram_Diagram_Template_Green_and_Purple_Theme_8d2ba829.docx	word/document.xml	w:pict	group	fallback	absolute	0	-	-	-	-	17661,10424	38078,10424	1	.5pt	black [3213]	-	0	/home/user/sample-files/words/chartset-009/docx/007_Free_Genogram_Diagram_Template_Green_and_Purple_Theme_8d2ba829.docx
007_Free_Genogram_Diagram_Template_Green_and_Purple_Theme_8d2ba829.docx	word/document.xml	w:pict	group	fallback	absolute	0	-	-	-	-	17688,0	17688,13377	1	.5pt	black [3213]	-	0	/home/user/sample-files/words/chartset-009/docx/007_Free_Genogram_Diagram_Template_Green_and_Purple_Theme_8d2ba829.docx
007_Free_Genogram_Diagram_Template_Green_and_Purple_Theme_8d2ba829.docx	word/document.xml	w:pict	top	fallback	absolute	0	-	-	-	-	246.85pt,395.8pt	302.6pt,452.2pt	1	.5pt	black [3200]	-	0	/home/user/sample-files/words/chartset-009/docx/007_Free_Genogram_Diagram_Template_Green_and_Purple_Theme_8d2ba829.docx
007_Free_Genogram_Diagram_Template_Green_and_Purple_Theme_8d2ba829.docx	word/document.xml	w:pict	top	fallback	absolute	0	-	-	-	-	250.75pt,400.75pt	297.5pt,452.2pt	1	.5pt	black [3200]	-	0	/home/user/sample-files/words/chartset-009/docx/007_Free_Genogram_Diagram_Template_Green_and_Purple_Theme_8d2ba829.docx
007_Free_Genogram_Diagram_Template_Green_and_Purple_Theme_8d2ba829.docx	word/document.xml	w:pict	top	fallback	absolute	0	-	-	-	-	609.45pt,166.35pt	635.25pt,192.15pt	1	.5pt	black [3200]	-	0	/home/user/sample-files/words/chartset-009/docx/007_Free_Genogram_Diagram_Template_Green_and_Purple_Theme_8d2ba829.docx
007_Free_Genogram_Diagram_Template_Green_and_Purple_Theme_8d2ba829.docx	word/document.xml	w:pict	top	fallback	absolute	0	-	-	-	-	262.65pt,252.75pt	288.45pt,278.55pt	1	.5pt	black [3200]	-	0	/home/user/sample-files/words/chartset-009/docx/007_Free_Genogram_Diagram_Template_Green_and_Purple_Theme_8d2ba829.docx
017_Project_Timeline_Template_Customizable_Format_5d5ca2e8.docx	word/document.xml	w:pict	top	fallback	absolute	0	-	-	-	-	14.9pt,4.65pt	106.2pt,4.65pt	1	.5pt	black [3200]	-	0	/home/user/sample-files/words/chartset-009/docx/017_Project_Timeline_Template_Customizable_Format_5d5ca2e8.docx
019_Project_Timeline_Template_Excellent_Layout_4ee62967.docx	word/document.xml	w:pict	top	fallback	absolute	0	-	-	-	-	163.3pt,213pt	163.3pt,222.2pt	1	2.25pt	black [3200]	-	0	/home/user/sample-files/words/chartset-009/docx/019_Project_Timeline_Template_Excellent_Layout_4ee62967.docx
019_Project_Timeline_Template_Excellent_Layout_4ee62967.docx	word/document.xml	w:pict	top	fallback	absolute	0	-	-	-	-	303.2pt,264.85pt	303.2pt,274.05pt	1	2.25pt	black [3200]	-	0	/home/user/sample-files/words/chartset-009/docx/019_Project_Timeline_Template_Excellent_Layout_4ee62967.docx
019_Project_Timeline_Template_Excellent_Layout_4ee62967.docx	word/document.xml	w:pict	top	fallback	absolute	0	-	-	-	-	610.05pt,264.7pt	610.05pt,273.9pt	1	2.25pt	black [3200]	-	0	/home/user/sample-files/words/chartset-009/docx/019_Project_Timeline_Template_Excellent_Layout_4ee62967.docx
019_Project_Timeline_Template_Excellent_Layout_4ee62967.docx	word/document.xml	w:pict	top	fallback	absolute	0	-	-	-	-	450.45pt,213.5pt	450.45pt,222.7pt	1	2.25pt	black [3200]	-	0	/home/user/sample-files/words/chartset-009/docx/019_Project_Timeline_Template_Excellent_Layout_4ee62967.docx
019_Project_Timeline_Template_Excellent_Layout_4ee62967.docx	word/document.xml	w:pict	top	fallback	absolute	0	-	-	-	-	35.6pt,265.15pt	35.6pt,274.35pt	1	2.25pt	black [3200]	-	0	/home/user/sample-files/words/chartset-009/docx/019_Project_Timeline_Template_Excellent_Layout_4ee62967.docx
030_Unit_Circle_Chart_Points_System_23b5ef07.docx	word/document.xml	w:pict	group	fallback	absolute	0	-	-	-	-	0,15012	17876,18832	1	.5pt	black [3200]	-	0	/home/user/sample-files/words/chartset-009/docx/030_Unit_Circle_Chart_Points_System_23b5ef07.docx
030_Unit_Circle_Chart_Points_System_23b5ef07.docx	word/document.xml	w:pict	group	fallback	absolute	0	-	-	-	-	14330,0	18899,14193	1	.5pt	black [3200]	-	0	/home/user/sample-files/words/chartset-009/docx/030_Unit_Circle_Chart_Points_System_23b5ef07.docx
030_Unit_Circle_Chart_Points_System_23b5ef07.docx	word/document.xml	w:pict	group	fallback	absolute	0	-	-	-	-	8052,3821	18899,16681	1	.5pt	black [3200]	-	0	/home/user/sample-files/words/chartset-009/docx/030_Unit_Circle_Chart_Points_System_23b5ef07.docx
030_Unit_Circle_Chart_Points_System_23b5ef07.docx	word/document.xml	w:pict	group	fallback	absolute	0	-	-	-	-	3684,7779	18904,18646	1	.5pt	black [3200]	-	0	/home/user/sample-files/words/chartset-009/docx/030_Unit_Circle_Chart_Points_System_23b5ef07.docx
030_Unit_Circle_Chart_Points_System_23b5ef07.docx	word/document.xml	w:pict	group	fallback	absolute	0	-	-	-	-	0,15012	17876,18832	1	.5pt	black [3200]	-	0	/home/user/sample-files/words/chartset-009/docx/030_Unit_Circle_Chart_Points_System_23b5ef07.docx
030_Unit_Circle_Chart_Points_System_23b5ef07.docx	word/document.xml	w:pict	group	fallback	absolute	0	-	-	-	-	14330,0	18899,14193	1	.5pt	black [3200]	-	0	/home/user/sample-files/words/chartset-009/docx/030_Unit_Circle_Chart_Points_System_23b5ef07.docx
030_Unit_Circle_Chart_Points_System_23b5ef07.docx	word/document.xml	w:pict	group	fallback	absolute	0	-	-	-	-	8052,3821	18899,16681	1	.5pt	black [3200]	-	0	/home/user/sample-files/words/chartset-009/docx/030_Unit_Circle_Chart_Points_System_23b5ef07.docx
030_Unit_Circle_Chart_Points_System_23b5ef07.docx	word/document.xml	w:pict	group	fallback	absolute	0	-	-	-	-	3684,7779	18904,18646	1	.5pt	black [3200]	-	0	/home/user/sample-files/words/chartset-009/docx/030_Unit_Circle_Chart_Points_System_23b5ef07.docx
030_Unit_Circle_Chart_Points_System_23b5ef07.docx	word/document.xml	w:pict	group	fallback	absolute	0	-	-	-	-	0,15012	17876,18832	1	.5pt	black [3200]	-	0	/home/user/sample-files/words/chartset-009/docx/030_Unit_Circle_Chart_Points_System_23b5ef07.docx
030_Unit_Circle_Chart_Points_System_23b5ef07.docx	word/document.xml	w:pict	group	fallback	absolute	0	-	-	-	-	14330,0	18899,14193	1	.5pt	black [3200]	-	0	/home/user/sample-files/words/chartset-009/docx/030_Unit_Circle_Chart_Points_System_23b5ef07.docx
030_Unit_Circle_Chart_Points_System_23b5ef07.docx	word/document.xml	w:pict	group	fallback	absolute	0	-	-	-	-	8052,3821	18899,16681	1	.5pt	black [3200]	-	0	/home/user/sample-files/words/chartset-009/docx/030_Unit_Circle_Chart_Points_System_23b5ef07.docx
030_Unit_Circle_Chart_Points_System_23b5ef07.docx	word/document.xml	w:pict	group	fallback	absolute	0	-	-	-	-	3684,7779	18904,18646	1	.5pt	black [3200]	-	0	/home/user/sample-files/words/chartset-009/docx/030_Unit_Circle_Chart_Points_System_23b5ef07.docx
030_Unit_Circle_Chart_Points_System_23b5ef07.docx	word/document.xml	w:pict	group	fallback	absolute	0	-	-	-	-	0,15012	17876,18832	1	.5pt	black [3200]	-	0	/home/user/sample-files/words/chartset-009/docx/030_Unit_Circle_Chart_Points_System_23b5ef07.docx
030_Unit_Circle_Chart_Points_System_23b5ef07.docx	word/document.xml	w:pict	group	fallback	absolute	0	-	-	-	-	14330,0	18899,14193	1	.5pt	black [3200]	-	0	/home/user/sample-files/words/chartset-009/docx/030_Unit_Circle_Chart_Points_System_23b5ef07.docx
030_Unit_Circle_Chart_Points_System_23b5ef07.docx	word/document.xml	w:pict	group	fallback	absolute	0	-	-	-	-	8052,3821	18899,16681	1	.5pt	black [3200]	-	0	/home/user/sample-files/words/chartset-009/docx/030_Unit_Circle_Chart_Points_System_23b5ef07.docx
030_Unit_Circle_Chart_Points_System_23b5ef07.docx	word/document.xml	w:pict	group	fallback	absolute	0	-	-	-	-	3684,7779	18904,18646	1	.5pt	black [3200]	-	0	/home/user/sample-files/words/chartset-009/docx/030_Unit_Circle_Chart_Points_System_23b5ef07.docx
041_Visual_Product_Roadmap_Template_Blank_Format_63a3e010.docx	word/document.xml	w:pict	top	fallback	absolute	0	-	-	-	-	88.65pt,91.9pt	224.05pt,91.9pt	1	.5pt	black [3200]	-	0	/home/user/sample-files/words/chartset-009/docx/041_Visual_Product_Roadmap_Template_Blank_Format_63a3e010.docx
082_Printable_Graph_Paper_Template_Colored_Background_9092cf9b.docx	word/document.xml	w:pict	top	fallback	absolute	0	-	-	-	-	-4.2pt,-.5pt	-4.2pt,-.5pt	1	-	#4a7ebb	-	0	/home/user/sample-files/words/chartset-009/docx/082_Printable_Graph_Paper_Template_Colored_Background_9092cf9b.docx
051_Organogram_Template_Basic_Theme_e6464d06.docx	word/document.xml	w:pict	group	fallback	absolute	0	-	-	-	-	19563,37745	19563,44176	1	1pt	black [3200]	-	0	/home/user/sample-files/words/chartset-010/docx/051_Organogram_Template_Basic_Theme_e6464d06.docx
051_Organogram_Template_Basic_Theme_e6464d06.docx	word/document.xml	w:pict	group	fallback	absolute	0	-	-	-	-	19563,37745	20902,37745	1	1pt	black [3200]	-	0	/home/user/sample-files/words/chartset-010/docx/051_Organogram_Template_Basic_Theme_e6464d06.docx
051_Organogram_Template_Basic_Theme_e6464d06.docx	word/document.xml	w:pict	group	fallback	absolute	0	-	-	-	-	19457,44231	20988,44231	1	1pt	black [3200]	-	0	/home/user/sample-files/words/chartset-010/docx/051_Organogram_Template_Basic_Theme_e6464d06.docx
051_Organogram_Template_Basic_Theme_e6464d06.docx	word/document.xml	w:pict	group	fallback	absolute	0	-	-	-	-	19563,25305	19563,31736	1	1pt	black [3200]	-	0	/home/user/sample-files/words/chartset-010/docx/051_Organogram_Template_Basic_Theme_e6464d06.docx
051_Organogram_Template_Basic_Theme_e6464d06.docx	word/document.xml	w:pict	group	fallback	absolute	0	-	-	-	-	19563,25305	20903,25305	1	1pt	black [3200]	-	0	/home/user/sample-files/words/chartset-010/docx/051_Organogram_Template_Basic_Theme_e6464d06.docx
051_Organogram_Template_Basic_Theme_e6464d06.docx	word/document.xml	w:pict	group	fallback	absolute	0	-	-	-	-	19351,31791	20882,31791	1	1pt	black [3200]	-	0	/home/user/sample-files/words/chartset-010/docx/051_Organogram_Template_Basic_Theme_e6464d06.docx
051_Organogram_Template_Basic_Theme_e6464d06.docx	word/document.xml	w:pict	group	fallback	absolute	0	-	-	-	-	19351,12652	19351,19085	1	1pt	black [3200]	-	0	/home/user/sample-files/words/chartset-010/docx/051_Organogram_Template_Basic_Theme_e6464d06.docx
051_Organogram_Template_Basic_Theme_e6464d06.docx	word/document.xml	w:pict	group	fallback	absolute	0	-	-	-	-	19351,12652	20693,12652	1	1pt	black [3200]	-	0	/home/user/sample-files/words/chartset-010/docx/051_Organogram_Template_Basic_Theme_e6464d06.docx
051_Organogram_Template_Basic_Theme_e6464d06.docx	word/document.xml	w:pict	group	fallback	absolute	0	-	-	-	-	19351,19032	20886,19032	1	1pt	black [3200]	-	0	/home/user/sample-files/words/chartset-010/docx/051_Organogram_Template_Basic_Theme_e6464d06.docx
051_Organogram_Template_Basic_Theme_e6464d06.docx	word/document.xml	w:pict	group	fallback	absolute	0	-	-	-	-	19351,0	19351,6433	1	1pt	black [3200]	-	0	/home/user/sample-files/words/chartset-010/docx/051_Organogram_Template_Basic_Theme_e6464d06.docx
051_Organogram_Template_Basic_Theme_e6464d06.docx	word/document.xml	w:pict	group	fallback	absolute	0	-	-	-	-	19351,106	20693,106	1	1pt	black [3200]	-	0	/home/user/sample-files/words/chartset-010/docx/051_Organogram_Template_Basic_Theme_e6464d06.docx
051_Organogram_Template_Basic_Theme_e6464d06.docx	word/document.xml	w:pict	group	fallback	absolute	0	-	-	-	-	19458,6379	20693,6379	1	1pt	black [3200]	-	0	/home/user/sample-files/words/chartset-010/docx/051_Organogram_Template_Basic_Theme_e6464d06.docx
051_Organogram_Template_Basic_Theme_e6464d06.docx	word/document.xml	w:pict	group	fallback	absolute	0	-	-	-	-	17726,28495	19581,28495	1	1pt	black [3200]	-	0	/home/user/sample-files/words/chartset-010/docx/051_Organogram_Template_Basic_Theme_e6464d06.docx
051_Organogram_Template_Basic_Theme_e6464d06.docx	word/document.xml	w:pict	group	fallback	absolute	0	-	-	-	-	17543,3083	19339,3083	1	1pt	black [3200]	-	0	/home/user/sample-files/words/chartset-010/docx/051_Organogram_Template_Basic_Theme_e6464d06.docx
051_Organogram_Template_Basic_Theme_e6464d06.docx	word/document.xml	w:pict	group	fallback	absolute	0	-	-	-	-	17650,15841	19339,15841	1	1pt	black [3200]	-	0	/home/user/sample-files/words/chartset-010/docx/051_Organogram_Template_Basic_Theme_e6464d06.docx
051_Organogram_Template_Basic_Theme_e6464d06.docx	word/document.xml	w:pict	group	fallback	absolute	0	-	-	-	-	17756,41254	19443,41254	1	1pt	black [3200]	-	0	/home/user/sample-files/words/chartset-010/docx/051_Organogram_Template_Basic_Theme_e6464d06.docx
051_Organogram_Template_Basic_Theme_e6464d06.docx	word/document.xml	w:pict	group	fallback	absolute	0	-	-	-	-	0,0	0,9007	1	1pt	black [3200]	-	0	/home/user/sample-files/words/chartset-010/docx/051_Organogram_Template_Basic_Theme_e6464d06.docx
051_Organogram_Template_Basic_Theme_e6464d06.docx	word/document.xml	w:pict	group	fallback	absolute	0	-	-	-	-	0,8953	1136,8953	1	1pt	black [3200]	-	0	/home/user/sample-files/words/chartset-010/docx/051_Organogram_Template_Basic_Theme_e6464d06.docx
051_Organogram_Template_Basic_Theme_e6464d06.docx	word/document.xml	w:pict	group	fallback	absolute	0	-	-	-	-	-32,-31	1267,-31	1	1pt	black [3200]	-	0	/home/user/sample-files/words/chartset-010/docx/051_Organogram_Template_Basic_Theme_e6464d06.docx
051_Organogram_Template_Basic_Theme_e6464d06.docx	word/document.xml	w:pict	group	fallback	absolute	0	-	-	-	-	0,4640	1143,4640	1	1pt	black [3200]	-	0	/home/user/sample-files/words/chartset-010/docx/051_Organogram_Template_Basic_Theme_e6464d06.docx
051_Organogram_Template_Basic_Theme_e6464d06.docx	word/document.xml	w:pict	group	fallback	absolute	0	-	-	-	-	0,-86	0,8921	1	1pt	black [3200]	-	0	/home/user/sample-files/words/chartset-010/docx/051_Organogram_Template_Basic_Theme_e6464d06.docx
051_Organogram_Template_Basic_Theme_e6464d06.docx	word/document.xml	w:pict	group	fallback	absolute	0	-	-	-	-	0,8953	1136,8953	1	1pt	black [3200]	-	0	/home/user/sample-files/words/chartset-010/docx/051_Organogram_Template_Basic_Theme_e6464d06.docx
051_Organogram_Template_Basic_Theme_e6464d06.docx	word/document.xml	w:pict	group	fallback	absolute	0	-	-	-	-	-118,-118	1181,-118	1	1pt	black [3200]	-	0	/home/user/sample-files/words/chartset-010/docx/051_Organogram_Template_Basic_Theme_e6464d06.docx
051_Organogram_Template_Basic_Theme_e6464d06.docx	word/document.xml	w:pict	group	fallback	absolute	0	-	-	-	-	0,4640	1143,4640	1	1pt	black [3200]	-	0	/home/user/sample-files/words/chartset-010/docx/051_Organogram_Template_Basic_Theme_e6464d06.docx
051_Organogram_Template_Basic_Theme_e6464d06.docx	word/document.xml	w:pict	group	fallback	absolute	0	-	-	-	-	0,0	0,9007	1	1pt	black [3200]	-	0	/home/user/sample-files/words/chartset-010/docx/051_Organogram_Template_Basic_Theme_e6464d06.docx
051_Organogram_Template_Basic_Theme_e6464d06.docx	word/document.xml	w:pict	group	fallback	absolute	0	-	-	-	-	0,8953	1136,8953	1	1pt	black [3200]	-	0	/home/user/sample-files/words/chartset-010/docx/051_Organogram_Template_Basic_Theme_e6464d06.docx
051_Organogram_Template_Basic_Theme_e6464d06.docx	word/document.xml	w:pict	group	fallback	absolute	0	-	-	-	-	54,54	1354,54	1	1pt	black [3200]	-	0	/home/user/sample-files/words/chartset-010/docx/051_Organogram_Template_Basic_Theme_e6464d06.docx
051_Organogram_Template_Basic_Theme_e6464d06.docx	word/document.xml	w:pict	group	fallback	absolute	0	-	-	-	-	0,4640	1143,4640	1	1pt	black [3200]	-	0	/home/user/sample-files/words/chartset-010/docx/051_Organogram_Template_Basic_Theme_e6464d06.docx
051_Organogram_Template_Basic_Theme_e6464d06.docx	word/document.xml	w:pict	group	fallback	absolute	0	-	-	-	-	0,0	0,9007	1	1pt	black [3200]	-	0	/home/user/sample-files/words/chartset-010/docx/051_Organogram_Template_Basic_Theme_e6464d06.docx
051_Organogram_Template_Basic_Theme_e6464d06.docx	word/document.xml	w:pict	group	fallback	absolute	0	-	-	-	-	0,8953	1136,8953	1	1pt	black [3200]	-	0	/home/user/sample-files/words/chartset-010/docx/051_Organogram_Template_Basic_Theme_e6464d06.docx
051_Organogram_Template_Basic_Theme_e6464d06.docx	word/document.xml	w:pict	group	fallback	absolute	0	-	-	-	-	54,54	1354,54	1	1pt	black [3200]	-	0	/home/user/sample-files/words/chartset-010/docx/051_Organogram_Template_Basic_Theme_e6464d06.docx
051_Organogram_Template_Basic_Theme_e6464d06.docx	word/document.xml	w:pict	group	fallback	absolute	0	-	-	-	-	0,4640	1143,4640	1	1pt	black [3200]	-	0	/home/user/sample-files/words/chartset-010/docx/051_Organogram_Template_Basic_Theme_e6464d06.docx
051_Organogram_Template_Basic_Theme_e6464d06.docx	word/document.xml	w:pict	group	fallback	absolute	0	-	-	-	-	106,25411	1677,25411	1	1pt	black [3200]	-	0	/home/user/sample-files/words/chartset-010/docx/051_Organogram_Template_Basic_Theme_e6464d06.docx
051_Organogram_Template_Basic_Theme_e6464d06.docx	word/document.xml	w:pict	group	fallback	absolute	0	-	-	-	-	0,61030	1520,61030	1	1pt	black [3200]	-	0	/home/user/sample-files/words/chartset-010/docx/051_Organogram_Template_Basic_Theme_e6464d06.docx
051_Organogram_Template_Basic_Theme_e6464d06.docx	word/document.xml	w:pict	group	fallback	absolute	0	-	-	-	-	106,43274	1677,43274	1	1pt	black [3200]	-	0	/home/user/sample-files/words/chartset-010/docx/051_Organogram_Template_Basic_Theme_e6464d06.docx
051_Organogram_Template_Basic_Theme_e6464d06.docx	word/document.xml	w:pict	group	fallback	absolute	0	-	-	-	-	0,7549	1428,7549	1	1pt	black [3200]	-	0	/home/user/sample-files/words/chartset-010/docx/051_Organogram_Template_Basic_Theme_e6464d06.docx
051_Organogram_Template_Basic_Theme_e6464d06.docx	word/document.xml	w:pict	group	fallback	absolute	0	-	-	-	-	14661,7567	14661,61009	1	1pt	black [3200]	-	0	/home/user/sample-files/words/chartset-010/docx/051_Organogram_Template_Basic_Theme_e6464d06.docx
051_Organogram_Template_Basic_Theme_e6464d06.docx	word/document.xml	w:pict	group	fallback	absolute	0	-	-	-	-	13620,34575	14668,34575	1	1pt	black [3200]	-	0	/home/user/sample-files/words/chartset-010/docx/051_Organogram_Template_Basic_Theme_e6464d06.docx
056_Organogram_Template_Square_Theme_38f373d4.docx	word/document.xml	w:pict	group	fallback	absolute	0	-	-	-	-	0,38310	4254,38310	1	.5pt	black [3200]	-	0	/home/user/sample-files/words/chartset-010/docx/056_Organogram_Template_Square_Theme_38f373d4.docx
056_Organogram_Template_Square_Theme_38f373d4.docx	word/document.xml	w:pict	group	fallback	absolute	0	-	-	-	-	0,28535	4254,28535	1	.5pt	black [3200]	-	0	/home/user/sample-files/words/chartset-010/docx/056_Organogram_Template_Square_Theme_38f373d4.docx
056_Organogram_Template_Square_Theme_38f373d4.docx	word/document.xml	w:pict	group	fallback	absolute	0	-	-	-	-	0,18918	4254,18918	1	.5pt	black [3200]	-	0	/home/user/sample-files/words/chartset-010/docx/056_Organogram_Template_Square_Theme_38f373d4.docx
056_Organogram_Template_Square_Theme_38f373d4.docx	word/document.xml	w:pict	group	fallback	absolute	0	-	-	-	-	0,9301	4254,9301	1	.5pt	black [3200]	-	0	/home/user/sample-files/words/chartset-010/docx/056_Organogram_Template_Square_Theme_38f373d4.docx
056_Organogram_Template_Square_Theme_38f373d4.docx	word/document.xml	w:pict	group	fallback	absolute	0	-	-	-	-	0,0	4256,0	1	.5pt	black [3200]	-	0	/home/user/sample-files/words/chartset-010/docx/056_Organogram_Template_Square_Theme_38f373d4.docx
056_Organogram_Template_Square_Theme_38f373d4.docx	word/document.xml	w:pict	group	fallback	absolute	0	-	-	-	-	0,38310	4254,38310	1	.5pt	black [3200]	-	0	/home/user/sample-files/words/chartset-010/docx/056_Organogram_Template_Square_Theme_38f373d4.docx
056_Organogram_Template_Square_Theme_38f373d4.docx	word/document.xml	w:pict	group	fallback	absolute	0	-	-	-	-	0,28535	4254,28535	1	.5pt	black [3200]	-	0	/home/user/sample-files/words/chartset-010/docx/056_Organogram_Template_Square_Theme_38f373d4.docx
056_Organogram_Template_Square_Theme_38f373d4.docx	word/document.xml	w:pict	group	fallback	absolute	0	-	-	-	-	0,18918	4254,18918	1	.5pt	black [3200]	-	0	/home/user/sample-files/words/chartset-010/docx/056_Organogram_Template_Square_Theme_38f373d4.docx
056_Organogram_Template_Square_Theme_38f373d4.docx	word/document.xml	w:pict	group	fallback	absolute	0	-	-	-	-	0,9301	4254,9301	1	.5pt	black [3200]	-	0	/home/user/sample-files/words/chartset-010/docx/056_Organogram_Template_Square_Theme_38f373d4.docx
056_Organogram_Template_Square_Theme_38f373d4.docx	word/document.xml	w:pict	group	fallback	absolute	0	-	-	-	-	0,0	4256,0	1	.5pt	black [3200]	-	0	/home/user/sample-files/words/chartset-010/docx/056_Organogram_Template_Square_Theme_38f373d4.docx
056_Organogram_Template_Square_Theme_38f373d4.docx	word/document.xml	w:pict	group	fallback	absolute	0	-	-	-	-	0,41305	1566,41305	1	.5pt	black [3200]	-	0	/home/user/sample-files/words/chartset-010/docx/056_Organogram_Template_Square_Theme_38f373d4.docx
056_Organogram_Template_Square_Theme_38f373d4.docx	word/document.xml	w:pict	group	fallback	absolute	0	-	-	-	-	0,31531	1566,31531	1	.5pt	black [3200]	-	0	/home/user/sample-files/words/chartset-010/docx/056_Organogram_Template_Square_Theme_38f373d4.docx
056_Organogram_Template_Square_Theme_38f373d4.docx	word/document.xml	w:pict	group	fallback	absolute	0	-	-	-	-	0,21914	1566,21914	1	.5pt	black [3200]	-	0	/home/user/sample-files/words/chartset-010/docx/056_Organogram_Template_Square_Theme_38f373d4.docx
056_Organogram_Template_Square_Theme_38f373d4.docx	word/document.xml	w:pict	group	fallback	absolute	0	-	-	-	-	0,12297	1566,12297	1	.5pt	black [3200]	-	0	/home/user/sample-files/words/chartset-010/docx/056_Organogram_Template_Square_Theme_38f373d4.docx
056_Organogram_Template_Square_Theme_38f373d4.docx	word/document.xml	w:pict	group	fallback	absolute	0	-	-	-	-	0,2995	1566,2995	1	.5pt	black [3200]	-	0	/home/user/sample-files/words/chartset-010/docx/056_Organogram_Template_Square_Theme_38f373d4.docx
056_Organogram_Template_Square_Theme_38f373d4.docx	word/document.xml	w:pict	group	fallback	absolute	0	-	-	-	-	0,2995	0,41342	1	.5pt	black [3200]	-	0	/home/user/sample-files/words/chartset-010/docx/056_Organogram_Template_Square_Theme_38f373d4.docx
056_Organogram_Template_Square_Theme_38f373d4.docx	word/document.xml	w:pict	group	fallback	absolute	0	-	-	-	-	0,41305	1566,41305	1	.5pt	black [3200]	-	0	/home/user/sample-files/words/chartset-010/docx/056_Organogram_Template_Square_Theme_38f373d4.docx
056_Organogram_Template_Square_Theme_38f373d4.docx	word/document.xml	w:pict	group	fallback	absolute	0	-	-	-	-	0,31531	1566,31531	1	.5pt	black [3200]	-	0	/home/user/sample-files/words/chartset-010/docx/056_Organogram_Template_Square_Theme_38f373d4.docx
056_Organogram_Template_Square_Theme_38f373d4.docx	word/document.xml	w:pict	group	fallback	absolute	0	-	-	-	-	0,21914	1566,21914	1	.5pt	black [3200]	-	0	/home/user/sample-files/words/chartset-010/docx/056_Organogram_Template_Square_Theme_38f373d4.docx
056_Organogram_Template_Square_Theme_38f373d4.docx	word/document.xml	w:pict	group	fallback	absolute	0	-	-	-	-	0,12297	1566,12297	1	.5pt	black [3200]	-	0	/home/user/sample-files/words/chartset-010/docx/056_Organogram_Template_Square_Theme_38f373d4.docx
056_Organogram_Template_Square_Theme_38f373d4.docx	word/document.xml	w:pict	group	fallback	absolute	0	-	-	-	-	0,2995	1566,2995	1	.5pt	black [3200]	-	0	/home/user/sample-files/words/chartset-010/docx/056_Organogram_Template_Square_Theme_38f373d4.docx
056_Organogram_Template_Square_Theme_38f373d4.docx	word/document.xml	w:pict	group	fallback	absolute	0	-	-	-	-	0,2995	0,41342	1	.5pt	black [3200]	-	0	/home/user/sample-files/words/chartset-010/docx/056_Organogram_Template_Square_Theme_38f373d4.docx
056_Organogram_Template_Square_Theme_38f373d4.docx	word/document.xml	w:pict	group	fallback	absolute	0	-	-	-	-	15319,41326	17516,41326	1	.5pt	black [3200]	-	0	/home/user/sample-files/words/chartset-010/docx/056_Organogram_Template_Square_Theme_38f373d4.docx
056_Organogram_Template_Square_Theme_38f373d4.docx	word/document.xml	w:pict	group	fallback	absolute	0	-	-	-	-	15319,31469	17516,31469	1	.5pt	black [3200]	-	0	/home/user/sample-files/words/chartset-010/docx/056_Organogram_Template_Square_Theme_38f373d4.docx
056_Organogram_Template_Square_Theme_38f373d4.docx	word/document.xml	w:pict	group	fallback	absolute	0	-	-	-	-	15319,21969	17516,21969	1	.5pt	black [3200]	-	0	/home/user/sample-files/words/chartset-010/docx/056_Organogram_Template_Square_Theme_38f373d4.docx
056_Organogram_Template_Square_Theme_38f373d4.docx	word/document.xml	w:pict	group	fallback	absolute	0	-	-	-	-	15319,12231	17516,12231	1	.5pt	black [3200]	-	0	/home/user/sample-files/words/chartset-010/docx/056_Organogram_Template_Square_Theme_38f373d4.docx
056_Organogram_Template_Square_Theme_38f373d4.docx	word/document.xml	w:pict	group	fallback	absolute	0	-	-	-	-	15319,2968	17516,2968	1	.5pt	black [3200]	-	0	/home/user/sample-files/words/chartset-010/docx/056_Organogram_Template_Square_Theme_38f373d4.docx
056_Organogram_Template_Square_Theme_38f373d4.docx	word/document.xml	w:pict	group	fallback	absolute	0	-	-	-	-	17456,2968	17456,41316	1	.5pt	black [3200]	-	0	/home/user/sample-files/words/chartset-010/docx/056_Organogram_Template_Square_Theme_38f373d4.docx
056_Organogram_Template_Square_Theme_38f373d4.docx	word/document.xml	w:pict	group	fallback	absolute	0	-	-	-	-	15319,41326	17516,41326	1	.5pt	black [3200]	-	0	/home/user/sample-files/words/chartset-010/docx/056_Organogram_Template_Square_Theme_38f373d4.docx
056_Organogram_Template_Square_Theme_38f373d4.docx	word/document.xml	w:pict	group	fallback	absolute	0	-	-	-	-	15319,31469	17516,31469	1	.5pt	black [3200]	-	0	/home/user/sample-files/words/chartset-010/docx/056_Organogram_Template_Square_Theme_38f373d4.docx
056_Organogram_Template_Square_Theme_38f373d4.docx	word/document.xml	w:pict	group	fallback	absolute	0	-	-	-	-	15319,21969	17516,21969	1	.5pt	black [3200]	-	0	/home/user/sample-files/words/chartset-010/docx/056_Organogram_Template_Square_Theme_38f373d4.docx
056_Organogram_Template_Square_Theme_38f373d4.docx	word/document.xml	w:pict	group	fallback	absolute	0	-	-	-	-	15319,12231	17516,12231	1	.5pt	black [3200]	-	0	/home/user/sample-files/words/chartset-010/docx/056_Organogram_Template_Square_Theme_38f373d4.docx
056_Organogram_Template_Square_Theme_38f373d4.docx	word/document.xml	w:pict	group	fallback	absolute	0	-	-	-	-	15319,2968	17516,2968	1	.5pt	black [3200]	-	0	/home/user/sample-files/words/chartset-010/docx/056_Organogram_Template_Square_Theme_38f373d4.docx
056_Organogram_Template_Square_Theme_38f373d4.docx	word/document.xml	w:pict	group	fallback	absolute	0	-	-	-	-	17456,2968	17456,41316	1	.5pt	black [3200]	-	0	/home/user/sample-files/words/chartset-010/docx/056_Organogram_Template_Square_Theme_38f373d4.docx
022_Unit_Circle_Chart_Circle_A_and_B_19dbf275.docx	word/document.xml	w:pict	group	fallback	absolute	0	-	-	-	-	824,4332	7664,4332	1	-	black [3213]	-	0	/home/user/sample-files/words/chartset-011/docx/022_Unit_Circle_Chart_Circle_A_and_B_19dbf275.docx
022_Unit_Circle_Chart_Circle_A_and_B_19dbf275.docx	word/document.xml	w:pict	group	fallback	absolute	0	-	-	-	-	4296,1084	4296,7564	1	-	black [3213]	-	0	/home/user/sample-files/words/chartset-011/docx/022_Unit_Circle_Chart_Circle_A_and_B_19dbf275.docx
022_Unit_Circle_Chart_Circle_A_and_B_19dbf275.docx	word/document.xml	w:pict	group	fallback	absolute	0	-	-	-	-	1852,2066	6686,6619	1	-	black [3213]	-	0	/home/user/sample-files/words/chartset-011/docx/022_Unit_Circle_Chart_Circle_A_and_B_19dbf275.docx
022_Unit_Circle_Chart_Circle_A_and_B_19dbf275.docx	word/document.xml	w:pict	group	fallback	absolute	0	-	-	-	-	1767,2176	6856,6501	1	-	black [3213]	-	0	/home/user/sample-files/words/chartset-011/docx/022_Unit_Circle_Chart_Circle_A_and_B_19dbf275.docx
022_Unit_Circle_Chart_Circle_A_and_B_19dbf275.docx	word/document.xml	w:pict	group	fallback	absolute	0	-	-	-	-	0,22383	48006,22383	1	-	black [3213]	-	0	/home/user/sample-files/words/chartset-011/docx/022_Unit_Circle_Chart_Circle_A_and_B_19dbf275.docx
022_Unit_Circle_Chart_Circle_A_and_B_19dbf275.docx	word/document.xml	w:pict	group	fallback	absolute	0	-	-	-	-	23841,0	23841,45720	1	-	black [3213]	-	0	/home/user/sample-files/words/chartset-011/docx/022_Unit_Circle_Chart_Circle_A_and_B_19dbf275.docx
022_Unit_Circle_Chart_Circle_A_and_B_19dbf275.docx	word/document.xml	w:pict	group	fallback	absolute	0	-	-	-	-	824,4332	7664,4332	1	-	black [3213]	-	0	/home/user/sample-files/words/chartset-011/docx/022_Unit_Circle_Chart_Circle_A_and_B_19dbf275.docx
022_Unit_Circle_Chart_Circle_A_and_B_19dbf275.docx	word/document.xml	w:pict	group	fallback	absolute	0	-	-	-	-	4296,1084	4296,7564	1	-	black [3213]	-	0	/home/user/sample-files/words/chartset-011/docx/022_Unit_Circle_Chart_Circle_A_and_B_19dbf275.docx
022_Unit_Circle_Chart_Circle_A_and_B_19dbf275.docx	word/document.xml	w:pict	group	fallback	absolute	0	-	-	-	-	1852,2066	6686,6619	1	-	black [3213]	-	0	/home/user/sample-files/words/chartset-011/docx/022_Unit_Circle_Chart_Circle_A_and_B_19dbf275.docx
022_Unit_Circle_Chart_Circle_A_and_B_19dbf275.docx	word/document.xml	w:pict	group	fallback	absolute	0	-	-	-	-	1767,2176	6856,6501	1	-	black [3213]	-	0	/home/user/sample-files/words/chartset-011/docx/022_Unit_Circle_Chart_Circle_A_and_B_19dbf275.docx
022_Unit_Circle_Chart_Circle_A_and_B_19dbf275.docx	word/document.xml	w:pict	group	fallback	absolute	0	-	-	-	-	0,22383	48006,22383	1	-	black [3213]	-	0	/home/user/sample-files/words/chartset-011/docx/022_Unit_Circle_Chart_Circle_A_and_B_19dbf275.docx
022_Unit_Circle_Chart_Circle_A_and_B_19dbf275.docx	word/document.xml	w:pict	group	fallback	absolute	0	-	-	-	-	23841,0	23841,45720	1	-	black [3213]	-	0	/home/user/sample-files/words/chartset-011/docx/022_Unit_Circle_Chart_Circle_A_and_B_19dbf275.docx
022_Unit_Circle_Chart_Circle_A_and_B_19dbf275.docx	word/document.xml	w:pict	top	fallback	absolute	0	-	-	-	-	-63.25pt,3.35pt	337.55pt,3.35pt	1	.5pt	black [3200]	-	0	/home/user/sample-files/words/chartset-011/docx/022_Unit_Circle_Chart_Circle_A_and_B_19dbf275.docx
064_Foot_Reflexology_Chart_Customizable_Format_79b7db06.docx	word/document.xml	w:pict	top	fallback	absolute	0	-	-	-	-	266.25pt,113.25pt	269.25pt,209.25pt	1	.5pt	black [3200]	-	0	/home/user/sample-files/words/chartset-011/docx/064_Foot_Reflexology_Chart_Customizable_Format_79b7db06.docx
064_Foot_Reflexology_Chart_Customizable_Format_79b7db06.docx	word/document.xml	w:pict	top	fallback	absolute	0	-	-	-	-	266.25pt,110.25pt	354.75pt,178.5pt	1	.5pt	black [3200]	-	0	/home/user/sample-files/words/chartset-011/docx/064_Foot_Reflexology_Chart_Customizable_Format_79b7db06.docx
064_Foot_Reflexology_Chart_Customizable_Format_79b7db06.docx	word/document.xml	w:pict	top	fallback	absolute	0	-	-	-	-	253.5pt,111.75pt	265.5pt,242.25pt	1	.5pt	black [3200]	-	0	/home/user/sample-files/words/chartset-011/docx/064_Foot_Reflexology_Chart_Customizable_Format_79b7db06.docx
064_Foot_Reflexology_Chart_Customizable_Format_79b7db06.docx	word/document.xml	w:pict	top	fallback	absolute	0	-	-	-	-	431.25pt,108.75pt	505.5pt,177.75pt	1	.5pt	black [3200]	-	0	/home/user/sample-files/words/chartset-011/docx/064_Foot_Reflexology_Chart_Customizable_Format_79b7db06.docx
064_Foot_Reflexology_Chart_Customizable_Format_79b7db06.docx	word/document.xml	w:pict	top	fallback	absolute	0	-	-	-	-	265.5pt,110.25pt	4in,196.5pt	1	.5pt	black [3200]	-	0	/home/user/sample-files/words/chartset-011/docx/064_Foot_Reflexology_Chart_Customizable_Format_79b7db06.docx
064_Foot_Reflexology_Chart_Customizable_Format_79b7db06.docx	word/document.xml	w:pict	top	fallback	absolute	0	-	-	-	-	265.5pt,109.5pt	311.25pt,180.75pt	1	.5pt	black [3200]	-	0	/home/user/sample-files/words/chartset-011/docx/064_Foot_Reflexology_Chart_Customizable_Format_79b7db06.docx
064_Foot_Reflexology_Chart_Customizable_Format_79b7db06.docx	word/document.xml	w:pict	top	fallback	absolute	0	-	-	-	-	495.75pt,107.25pt	504.75pt,213.75pt	1	.5pt	black [3200]	-	0	/home/user/sample-files/words/chartset-011/docx/064_Foot_Reflexology_Chart_Customizable_Format_79b7db06.docx
064_Foot_Reflexology_Chart_Customizable_Format_79b7db06.docx	word/document.xml	w:pict	top	fallback	absolute	0	-	-	-	-	475.5pt,111pt	505.5pt,197.25pt	1	.5pt	black [3200]	-	0	/home/user/sample-files/words/chartset-011/docx/064_Foot_Reflexology_Chart_Customizable_Format_79b7db06.docx
064_Foot_Reflexology_Chart_Customizable_Format_79b7db06.docx	word/document.xml	w:pict	top	fallback	absolute	0	-	-	-	-	456pt,108pt	7in,181.5pt	1	.5pt	black [3200]	-	0	/home/user/sample-files/words/chartset-011/docx/064_Foot_Reflexology_Chart_Customizable_Format_79b7db06.docx
064_Foot_Reflexology_Chart_Customizable_Format_79b7db06.docx	word/document.xml	w:pict	top	fallback	absolute	0	-	-	-	-	7in,108.75pt	511.5pt,243.75pt	1	.5pt	black [3200]	-	0	/home/user/sample-files/words/chartset-011/docx/064_Foot_Reflexology_Chart_Customizable_Format_79b7db06.docx
064_Foot_Reflexology_Chart_Customizable_Format_79b7db06.docx	word/document.xml	w:pict	top	fallback	absolute	0	-	-	-	-	159pt,229.5pt	251.25pt,252pt	1	.5pt	black [3200]	-	0	/home/user/sample-files/words/chartset-011/docx/064_Foot_Reflexology_Chart_Customizable_Format_79b7db06.docx
064_Foot_Reflexology_Chart_Customizable_Format_79b7db06.docx	word/document.xml	w:pict	top	fallback	absolute	0	-	-	-	-	165.8pt,277.5pt	251.25pt,282pt	1	.5pt	black [3200]	-	0	/home/user/sample-files/words/chartset-011/docx/064_Foot_Reflexology_Chart_Customizable_Format_79b7db06.docx
064_Foot_Reflexology_Chart_Customizable_Format_79b7db06.docx	word/document.xml	w:pict	top	fallback	absolute	0	-	-	-	-	180.7pt,312.75pt	295.2pt,312.75pt	1	.5pt	black [3200]	-	0	/home/user/sample-files/words/chartset-011/docx/064_Foot_Reflexology_Chart_Customizable_Format_79b7db06.docx
064_Foot_Reflexology_Chart_Customizable_Format_79b7db06.docx	word/document.xml	w:pict	top	fallback	absolute	0	-	-	-	-	473.2pt,312.75pt	587.7pt,312.75pt	1	.5pt	black [3200]	-	0	/home/user/sample-files/words/chartset-011/docx/064_Foot_Reflexology_Chart_Customizable_Format_79b7db06.docx
064_Foot_Reflexology_Chart_Customizable_Format_79b7db06.docx	word/document.xml	w:pict	top	fallback	absolute	0	-	-	-	-	180.75pt,349.5pt	263.25pt,349.5pt	1	.5pt	black [3200]	-	0	/home/user/sample-files/words/chartset-011/docx/064_Foot_Reflexology_Chart_Customizable_Format_79b7db06.docx
064_Foot_Reflexology_Chart_Customizable_Format_79b7db06.docx	word/document.xml	w:pict	top	fallback	absolute	0	-	-	-	-	519pt,279.75pt	606pt,279.75pt	1	.5pt	black [3200]	-	0	/home/user/sample-files/words/chartset-011/docx/064_Foot_Reflexology_Chart_Customizable_Format_79b7db06.docx
064_Foot_Reflexology_Chart_Customizable_Format_79b7db06.docx	word/document.xml	w:pict	top	fallback	absolute	0	-	-	-	-	521.25pt,231pt	615pt,252.75pt	1	.5pt	black [3200]	-	0	/home/user/sample-files/words/chartset-011/docx/064_Foot_Reflexology_Chart_Customizable_Format_79b7db06.docx
064_Foot_Reflexology_Chart_Customizable_Format_79b7db06.docx	word/document.xml	w:pict	top	fallback	absolute	0	-	-	-	-	156pt,163.5pt	317.25pt,195.75pt	1	.5pt	black [3200]	-	0	/home/user/sample-files/words/chartset-011/docx/064_Foot_Reflexology_Chart_Customizable_Format_79b7db06.docx
064_Foot_Reflexology_Chart_Customizable_Format_79b7db06.docx	word/document.xml	w:pict	top	fallback	absolute	0	-	-	-	-	157.45pt,162.75pt	292.5pt,207.75pt	1	.5pt	black [3200]	-	0	/home/user/sample-files/words/chartset-011/docx/064_Foot_Reflexology_Chart_Customizable_Format_79b7db06.docx
064_Foot_Reflexology_Chart_Customizable_Format_79b7db06.docx	word/document.xml	w:pict	top	fallback	absolute	0	-	-	-	-	159pt,162.75pt	307.5pt,226.5pt	1	.5pt	black [3200]	-	0	/home/user/sample-files/words/chartset-011/docx/064_Foot_Reflexology_Chart_Customizable_Format_79b7db06.docx
064_Foot_Reflexology_Chart_Customizable_Format_79b7db06.docx	word/document.xml	w:pict	top	fallback	absolute	0	-	-	-	-	330.75pt,464.25pt	386.25pt,480pt	1	.5pt	black [3200]	-	0	/home/user/sample-files/words/chartset-011/docx/064_Foot_Reflexology_Chart_Customizable_Format_79b7db06.docx
064_Foot_Reflexology_Chart_Customizable_Format_79b7db06.docx	word/document.xml	w:pict	top	fallback	absolute	0	-	-	-	-	387.75pt,466.5pt	441.75pt,480pt	1	.5pt	black [3200]	-	0	/home/user/sample-files/words/chartset-011/docx/064_Foot_Reflexology_Chart_Customizable_Format_79b7db06.docx
064_Foot_Reflexology_Chart_Customizable_Format_79b7db06.docx	word/document.xml	w:pict	top	fallback	absolute	0	-	-	-	-	340.5pt,438.75pt	388.5pt,480.75pt	1	.5pt	black [3200]	-	0	/home/user/sample-files/words/chartset-011/docx/064_Foot_Reflexology_Chart_Customizable_Format_79b7db06.docx
064_Foot_Reflexology_Chart_Customizable_Format_79b7db06.docx	word/document.xml	w:pict	top	fallback	absolute	0	-	-	-	-	329.25pt,327.75pt	369pt,327.75pt	1	.5pt	black [3200]	-	0	/home/user/sample-files/words/chartset-011/docx/064_Foot_Reflexology_Chart_Customizable_Format_79b7db06.docx
064_Foot_Reflexology_Chart_Customizable_Format_79b7db06.docx	word/document.xml	w:pict	top	fallback	absolute	0	-	-	-	-	407.25pt,327pt	444pt,327pt	1	.5pt	black [3200]	-	0	/home/user/sample-files/words/chartset-011/docx/064_Foot_Reflexology_Chart_Customizable_Format_79b7db06.docx
064_Foot_Reflexology_Chart_Customizable_Format_79b7db06.docx	word/document.xml	w:pict	top	fallback	absolute	0	-	-	-	-	407.25pt,357pt	444pt,357pt	1	.5pt	black [3200]	-	0	/home/user/sample-files/words/chartset-011/docx/064_Foot_Reflexology_Chart_Customizable_Format_79b7db06.docx
064_Foot_Reflexology_Chart_Customizable_Format_79b7db06.docx	word/document.xml	w:pict	top	fallback	absolute	0	-	-	-	-	329.25pt,357.75pt	369pt,357.75pt	1	.5pt	black [3200]	-	0	/home/user/sample-files/words/chartset-011/docx/064_Foot_Reflexology_Chart_Customizable_Format_79b7db06.docx
064_Foot_Reflexology_Chart_Customizable_Format_79b7db06.docx	word/document.xml	w:pict	top	fallback	absolute	0	-	-	-	-	329.25pt,384.75pt	369pt,384.75pt	1	.5pt	black [3200]	-	0	/home/user/sample-files/words/chartset-011/docx/064_Foot_Reflexology_Chart_Customizable_Format_79b7db06.docx
064_Foot_Reflexology_Chart_Customizable_Format_79b7db06.docx	word/document.xml	w:pict	top	fallback	absolute	0	-	-	-	-	407.25pt,384pt	444pt,384pt	1	.5pt	black [3200]	-	0	/home/user/sample-files/words/chartset-011/docx/064_Foot_Reflexology_Chart_Customizable_Format_79b7db06.docx
064_Foot_Reflexology_Chart_Customizable_Format_79b7db06.docx	word/document.xml	w:pict	top	fallback	absolute	0	-	-	-	-	458.25pt,167.25pt	614.25pt,190.5pt	1	.5pt	black [3200]	-	0	/home/user/sample-files/words/chartset-011/docx/064_Foot_Reflexology_Chart_Customizable_Format_79b7db06.docx
064_Foot_Reflexology_Chart_Customizable_Format_79b7db06.docx	word/document.xml	w:pict	top	fallback	absolute	0	-	-	-	-	473.25pt,169.5pt	614.25pt,207.75pt	1	.5pt	black [3200]	-	0	/home/user/sample-files/words/chartset-011/docx/064_Foot_Reflexology_Chart_Customizable_Format_79b7db06.docx
064_Foot_Reflexology_Chart_Customizable_Format_79b7db06.docx	word/document.xml	w:pict	top	fallback	absolute	0	-	-	-	-	460.5pt,170.25pt	615.75pt,226.5pt	1	.5pt	black [3200]	-	0	/home/user/sample-files/words/chartset-011/docx/064_Foot_Reflexology_Chart_Customizable_Format_79b7db06.docx
064_Foot_Reflexology_Chart_Customizable_Format_79b7db06.docx	word/document.xml	w:pict	top	fallback	absolute	0	-	-	-	-	388.5pt,444.75pt	447.75pt,480pt	1	.5pt	black [3200]	-	0	/home/user/sample-files/words/chartset-011/docx/064_Foot_Reflexology_Chart_Customizable_Format_79b7db06.docx
064_Foot_Reflexology_Chart_Customizable_Format_79b7db06.docx	word/document.xml	w:pict	top	fallback	absolute	0	-	-	-	-	514.5pt,363.75pt	606.75pt,363.75pt	1	.5pt	black [3200]	-	0	/home/user/sample-files/words/chartset-011/docx/064_Foot_Reflexology_Chart_Customizable_Format_79b7db06.docx
008_Free_Genogram_Diagram_Template_Green_and_Yellow_Theme_9017c1a8.docx	word/document.xml	w:pict	group	fallback	absolute	0	-	-	-	-	0,0	6720,7146	1	.5pt	black [3200]	-	0	/home/user/sample-files/words/chartset-012/docx/008_Free_Genogram_Diagram_Template_Green_and_Yellow_Theme_9017c1a8.docx
008_Free_Genogram_Diagram_Template_Green_and_Yellow_Theme_9017c1a8.docx	word/document.xml	w:pict	group	fallback	absolute	0	-	-	-	-	272,409	6373,6925	1	.5pt	black [3200]	-	0	/home/user/sample-files/words/chartset-012/docx/008_Free_Genogram_Diagram_Template_Green_and_Yellow_Theme_9017c1a8.docx
008_Free_Genogram_Diagram_Template_Green_and_Yellow_Theme_9017c1a8.docx	word/document.xml	w:pict	group	fallback	absolute	0	-	-	-	-	9826,0	9826,4485	1	.5pt	red	-	0	/home/user/sample-files/words/chartset-012/docx/008_Free_Genogram_Diagram_Template_Green_and_Yellow_Theme_9017c1a8.docx
008_Free_Genogram_Diagram_Template_Green_and_Yellow_Theme_9017c1a8.docx	word/document.xml	w:pict	group	fallback	absolute	0	-	-	-	-	9007,0	9007,4485	1	.5pt	red	-	0	/home/user/sample-files/words/chartset-012/docx/008_Free_Genogram_Diagram_Template_Green_and_Yellow_Theme_9017c1a8.docx
008_Free_Genogram_Diagram_Template_Green_and_Yellow_Theme_9017c1a8.docx	word/document.xml	w:pict	group	fallback	absolute	0	-	-	-	-	8052,0	8052,4485	1	.5pt	red	-	0	/home/user/sample-files/words/chartset-012/docx/008_Free_Genogram_Diagram_Template_Green_and_Yellow_Theme_9017c1a8.docx
008_Free_Genogram_Diagram_Template_Green_and_Yellow_Theme_9017c1a8.docx	word/document.xml	w:pict	group	fallback	absolute	0	-	-	-	-	7096,0	7096,4486	1	.5pt	red	-	0	/home/user/sample-files/words/chartset-012/docx/008_Free_Genogram_Diagram_Template_Green_and_Yellow_Theme_9017c1a8.docx
008_Free_Genogram_Diagram_Template_Green_and_Yellow_Theme_9017c1a8.docx	word/document.xml	w:pict	group	fallback	absolute	0	-	-	-	-	6277,0	6277,4485	1	.5pt	red	-	0	/home/user/sample-files/words/chartset-012/docx/008_Free_Genogram_Diagram_Template_Green_and_Yellow_Theme_9017c1a8.docx
008_Free_Genogram_Diagram_Template_Green_and_Yellow_Theme_9017c1a8.docx	word/document.xml	w:pict	group	fallback	absolute	0	-	-	-	-	5322,0	5322,4485	1	.5pt	red	-	0	/home/user/sample-files/words/chartset-012/docx/008_Free_Genogram_Diagram_Template_Green_and_Yellow_Theme_9017c1a8.docx
008_Free_Genogram_Diagram_Template_Green_and_Yellow_Theme_9017c1a8.docx	word/document.xml	w:pict	group	fallback	absolute	0	-	-	-	-	4503,0	4503,4485	1	.5pt	red	-	0	/home/user/sample-files/words/chartset-012/docx/008_Free_Genogram_Diagram_Template_Green_and_Yellow_Theme_9017c1a8.docx
008_Free_Genogram_Diagram_Template_Green_and_Yellow_Theme_9017c1a8.docx	word/document.xml	w:pict	group	fallback	absolute	0	-	-	-	-	3548,0	3548,4486	1	.5pt	red	-	0	/home/user/sample-files/words/chartset-012/docx/008_Free_Genogram_Diagram_Template_Green_and_Yellow_Theme_9017c1a8.docx
008_Free_Genogram_Diagram_Template_Green_and_Yellow_Theme_9017c1a8.docx	word/document.xml	w:pict	group	fallback	absolute	0	-	-	-	-	2593,0	2593,4485	1	.5pt	red	-	0	/home/user/sample-files/words/chartset-012/docx/008_Free_Genogram_Diagram_Template_Green_and_Yellow_Theme_9017c1a8.docx
008_Free_Genogram_Diagram_Template_Green_and_Yellow_Theme_9017c1a8.docx	word/document.xml	w:pict	group	fallback	absolute	0	-	-	-	-	1774,0	1774,4485	1	.5pt	red	-	0	/home/user/sample-files/words/chartset-012/docx/008_Free_Genogram_Diagram_Template_Green_and_Yellow_Theme_9017c1a8.docx
008_Free_Genogram_Diagram_Template_Green_and_Yellow_Theme_9017c1a8.docx	word/document.xml	w:pict	group	fallback	absolute	0	-	-	-	-	818,0	818,4485	1	.5pt	red	-	0	/home/user/sample-files/words/chartset-012/docx/008_Free_Genogram_Diagram_Template_Green_and_Yellow_Theme_9017c1a8.docx
008_Free_Genogram_Diagram_Template_Green_and_Yellow_Theme_9017c1a8.docx	word/document.xml	w:pict	group	fallback	absolute	0	-	-	-	-	0,0	0,4486	1	.5pt	red	-	0	/home/user/sample-files/words/chartset-012/docx/008_Free_Genogram_Diagram_Template_Green_and_Yellow_Theme_9017c1a8.docx
008_Free_Genogram_Diagram_Template_Green_and_Yellow_Theme_9017c1a8.docx	word/document.xml	w:pict	group	fallback	absolute	0	-	-	-	-	7438,5345	7438,15476	1	1pt	black [3213]	-	0	/home/user/sample-files/words/chartset-012/docx/008_Free_Genogram_Diagram_Template_Green_and_Yellow_Theme_9017c1a8.docx
008_Free_Genogram_Diagram_Template_Green_and_Yellow_Theme_9017c1a8.docx	word/document.xml	w:pict	group	fallback	absolute	0	-	-	-	-	12555,10327	12555,13155	1	1pt	black [3213]	-	0	/home/user/sample-files/words/chartset-012/docx/008_Free_Genogram_Diagram_Template_Green_and_Yellow_Theme_9017c1a8.docx
008_Free_Genogram_Diagram_Template_Green_and_Yellow_Theme_9017c1a8.docx	word/document.xml	w:pict	group	fallback	absolute	0	-	-	-	-	2320,10327	2320,13155	1	1pt	black [3213]	-	0	/home/user/sample-files/words/chartset-012/docx/008_Free_Genogram_Diagram_Template_Green_and_Yellow_Theme_9017c1a8.docx
008_Free_Genogram_Diagram_Template_Green_and_Yellow_Theme_9017c1a8.docx	word/document.xml	w:pict	group	fallback	absolute	0	-	-	-	-	7096,2275	7096,10399	1	1pt	black [3200]	-	0	/home/user/sample-files/words/chartset-012/docx/008_Free_Genogram_Diagram_Template_Green_and_Yellow_Theme_9017c1a8.docx
008_Free_Genogram_Diagram_Template_Green_and_Yellow_Theme_9017c1a8.docx	word/document.xml	w:pict	group	fallback	absolute	0	-	-	-	-	6619,-2798	6619,7330	1	1pt	black [3213]	-	0	/home/user/sample-files/words/chartset-012/docx/008_Free_Genogram_Diagram_Template_Green_and_Yellow_Theme_9017c1a8.docx
008_Free_Genogram_Diagram_Template_Green_and_Yellow_Theme_9017c1a8.docx	word/document.xml	w:pict	group	fallback	absolute	0	-	-	-	-	7438,5345	7438,15476	1	1pt	black [3213]	-	0	/home/user/sample-files/words/chartset-012/docx/008_Free_Genogram_Diagram_Template_Green_and_Yellow_Theme_9017c1a8.docx
008_Free_Genogram_Diagram_Template_Green_and_Yellow_Theme_9017c1a8.docx	word/document.xml	w:pict	group	fallback	absolute	0	-	-	-	-	12555,10327	12555,13155	1	1pt	black [3213]	-	0	/home/user/sample-files/words/chartset-012/docx/008_Free_Genogram_Diagram_Template_Green_and_Yellow_Theme_9017c1a8.docx
008_Free_Genogram_Diagram_Template_Green_and_Yellow_Theme_9017c1a8.docx	word/document.xml	w:pict	group	fallback	absolute	0	-	-	-	-	2320,10327	2320,13155	1	1pt	black [3213]	-	0	/home/user/sample-files/words/chartset-012/docx/008_Free_Genogram_Diagram_Template_Green_and_Yellow_Theme_9017c1a8.docx
008_Free_Genogram_Diagram_Template_Green_and_Yellow_Theme_9017c1a8.docx	word/document.xml	w:pict	group	fallback	absolute	0	-	-	-	-	7096,2275	7096,10399	1	1pt	black [3200]	-	0	/home/user/sample-files/words/chartset-012/docx/008_Free_Genogram_Diagram_Template_Green_and_Yellow_Theme_9017c1a8.docx
008_Free_Genogram_Diagram_Template_Green_and_Yellow_Theme_9017c1a8.docx	word/document.xml	w:pict	group	fallback	absolute	0	-	-	-	-	6619,-2798	6619,7330	1	1pt	black [3213]	-	0	/home/user/sample-files/words/chartset-012/docx/008_Free_Genogram_Diagram_Template_Green_and_Yellow_Theme_9017c1a8.docx
008_Free_Genogram_Diagram_Template_Green_and_Yellow_Theme_9017c1a8.docx	word/document.xml	w:pict	group	fallback	absolute	0	-	-	-	-	5819,-2001	5819,6806	1	1pt	black [3213]	-	0	/home/user/sample-files/words/chartset-012/docx/008_Free_Genogram_Diagram_Template_Green_and_Yellow_Theme_9017c1a8.docx
008_Free_Genogram_Diagram_Template_Green_and_Yellow_Theme_9017c1a8.docx	word/document.xml	w:pict	group	fallback	absolute	0	-	-	-	-	2320,294	19600,294	1	1pt	black [3213]	-	0	/home/user/sample-files/words/chartset-012/docx/008_Free_Genogram_Diagram_Template_Green_and_Yellow_Theme_9017c1a8.docx
008_Free_Genogram_Diagram_Template_Green_and_Yellow_Theme_9017c1a8.docx	word/document.xml	w:pict	group	fallback	absolute	0	-	-	-	-	19652,243	19652,3072	1	1pt	black [3213]	-	0	/home/user/sample-files/words/chartset-012/docx/008_Free_Genogram_Diagram_Template_Green_and_Yellow_Theme_9017c1a8.docx
008_Free_Genogram_Diagram_Template_Green_and_Yellow_Theme_9017c1a8.docx	word/document.xml	w:pict	group	fallback	absolute	0	-	-	-	-	2320,243	2320,3072	1	1pt	black [3213]	-	0	/home/user/sample-files/words/chartset-012/docx/008_Free_Genogram_Diagram_Template_Green_and_Yellow_Theme_9017c1a8.docx
008_Free_Genogram_Diagram_Template_Green_and_Yellow_Theme_9017c1a8.docx	word/document.xml	w:pict	group	fallback	absolute	0	-	-	-	-	-707,8151	16573,8151	1	1pt	black [3213]	-	0	/home/user/sample-files/words/chartset-012/docx/008_Free_Genogram_Diagram_Template_Green_and_Yellow_Theme_9017c1a8.docx
008_Free_Genogram_Diagram_Template_Green_and_Yellow_Theme_9017c1a8.docx	word/document.xml	w:pict	group	fallback	absolute	0	-	-	-	-	16586,8188	16586,11017	1	1pt	black [3213]	-	0	/home/user/sample-files/words/chartset-012/docx/008_Free_Genogram_Diagram_Template_Green_and_Yellow_Theme_9017c1a8.docx
008_Free_Genogram_Diagram_Template_Green_and_Yellow_Theme_9017c1a8.docx	word/document.xml	w:pict	group	fallback	absolute	0	-	-	-	-	-722,8217	-722,11046	1	1pt	black [3213]	-	0	/home/user/sample-files/words/chartset-012/docx/008_Free_Genogram_Diagram_Template_Green_and_Yellow_Theme_9017c1a8.docx
008_Free_Genogram_Diagram_Template_Green_and_Yellow_Theme_9017c1a8.docx	word/document.xml	w:pict	group	fallback	absolute	0	-	-	-	-	5065,0	5065,8124	1	1pt	black [3200]	-	0	/home/user/sample-files/words/chartset-012/docx/008_Free_Genogram_Diagram_Template_Green_and_Yellow_Theme_9017c1a8.docx
008_Free_Genogram_Diagram_Template_Green_and_Yellow_Theme_9017c1a8.docx	word/document.xml	w:pict	group	fallback	absolute	0	-	-	-	-	0,2331	7161,2331	1	1pt	black [3213]	-	0	/home/user/sample-files/words/chartset-012/docx/008_Free_Genogram_Diagram_Template_Green_and_Yellow_Theme_9017c1a8.docx
008_Free_Genogram_Diagram_Template_Green_and_Yellow_Theme_9017c1a8.docx	word/document.xml	w:pict	group	fallback	absolute	0	-	-	-	-	8093,518	12825,8069	1	1pt	black [3200]	-	0	/home/user/sample-files/words/chartset-012/docx/008_Free_Genogram_Diagram_Template_Green_and_Yellow_Theme_9017c1a8.docx
008_Free_Genogram_Diagram_Template_Green_and_Yellow_Theme_9017c1a8.docx	word/document.xml	w:pict	group	fallback	absolute	0	-	-	-	-	2885,539	7478,8109	1	1pt	black [3200]	-	0	/home/user/sample-files/words/chartset-012/docx/008_Free_Genogram_Diagram_Template_Green_and_Yellow_Theme_9017c1a8.docx
008_Free_Genogram_Diagram_Template_Green_and_Yellow_Theme_9017c1a8.docx	word/document.xml	w:pict	group	fallback	absolute	0	-	-	-	-	-2139,639	5933,7480	1	1pt	black [3200]	-	0	/home/user/sample-files/words/chartset-012/docx/008_Free_Genogram_Diagram_Template_Green_and_Yellow_Theme_9017c1a8.docx
008_Free_Genogram_Diagram_Template_Green_and_Yellow_Theme_9017c1a8.docx	word/document.xml	w:pict	group	fallback	absolute	0	-	-	-	-	-10460,5542	5373,5542	1	1pt	black [3213]	-	0	/home/user/sample-files/words/chartset-012/docx/008_Free_Genogram_Diagram_Template_Green_and_Yellow_Theme_9017c1a8.docx
008_Free_Genogram_Diagram_Template_Green_and_Yellow_Theme_9017c1a8.docx	word/document.xml	w:pict	group	fallback	absolute	0	-	-	-	-	5363,2621	5363,5452	1	1pt	black [3213]	-	0	/home/user/sample-files/words/chartset-012/docx/008_Free_Genogram_Diagram_Template_Green_and_Yellow_Theme_9017c1a8.docx
008_Free_Genogram_Diagram_Template_Green_and_Yellow_Theme_9017c1a8.docx	word/document.xml	w:pict	group	fallback	absolute	0	-	-	-	-	-10469,2738	-10469,5568	1	1pt	black [3213]	-	0	/home/user/sample-files/words/chartset-012/docx/008_Free_Genogram_Diagram_Template_Green_and_Yellow_Theme_9017c1a8.docx
008_Free_Genogram_Diagram_Template_Green_and_Yellow_Theme_9017c1a8.docx	word/document.xml	w:pict	group	fallback	absolute	0	-	-	-	-	-9987,5538	-2500,13637	1	1pt	black [3200]	-	0	/home/user/sample-files/words/chartset-012/docx/008_Free_Genogram_Diagram_Template_Green_and_Yellow_Theme_9017c1a8.docx
008_Free_Genogram_Diagram_Template_Green_and_Yellow_Theme_9017c1a8.docx	word/document.xml	w:pict	group	fallback	absolute	0	-	-	-	-	7362,2849	7362,12985	1	1pt	black [3213]	-	0	/home/user/sample-files/words/chartset-012/docx/008_Free_Genogram_Diagram_Template_Green_and_Yellow_Theme_9017c1a8.docx
008_Free_Genogram_Diagram_Template_Green_and_Yellow_Theme_9017c1a8.docx	word/document.xml	w:pict	group	fallback	absolute	0	-	-	-	-	12469,5106	12469,7936	1	1pt	black [3213]	-	0	/home/user/sample-files/words/chartset-012/docx/008_Free_Genogram_Diagram_Template_Green_and_Yellow_Theme_9017c1a8.docx
008_Free_Genogram_Diagram_Template_Green_and_Yellow_Theme_9017c1a8.docx	word/document.xml	w:pict	group	fallback	absolute	0	-	-	-	-	2256,5106	2256,7936	1	1pt	black [3213]	-	0	/home/user/sample-files/words/chartset-012/docx/008_Free_Genogram_Diagram_Template_Green_and_Yellow_Theme_9017c1a8.docx
008_Free_Genogram_Diagram_Template_Green_and_Yellow_Theme_9017c1a8.docx	word/document.xml	w:pict	group	fallback	absolute	0	-	-	-	-	-1181,8076	-1181,16205	1	1pt	black [3200]	-	0	/home/user/sample-files/words/chartset-012/docx/008_Free_Genogram_Diagram_Template_Green_and_Yellow_Theme_9017c1a8.docx
008_Free_Genogram_Diagram_Template_Green_and_Yellow_Theme_9017c1a8.docx	word/document.xml	w:pict	group	fallback	absolute	0	-	-	-	-	-8903,2327	-1869,2327	1	1pt	black [3213]	-	0	/home/user/sample-files/words/chartset-012/docx/008_Free_Genogram_Diagram_Template_Green_and_Yellow_Theme_9017c1a8.docx
008_Free_Genogram_Diagram_Template_Green_and_Yellow_Theme_9017c1a8.docx	word/document.xml	w:pict	group	fallback	absolute	0	-	-	-	-	-6531,0	-6531,4750	1	1pt	black [3213]	-	0	/home/user/sample-files/words/chartset-012/docx/008_Free_Genogram_Diagram_Template_Green_and_Yellow_Theme_9017c1a8.docx
008_Free_Genogram_Diagram_Template_Green_and_Yellow_Theme_9017c1a8.docx	word/document.xml	w:pict	group	fallback	absolute	0	-	-	-	-	1911,2191	1911,12319	1	1pt	black [3213]	-	0	/home/user/sample-files/words/chartset-012/docx/008_Free_Genogram_Diagram_Template_Green_and_Yellow_Theme_9017c1a8.docx
008_Free_Genogram_Diagram_Template_Green_and_Yellow_Theme_9017c1a8.docx	word/document.xml	w:pict	group	fallback	absolute	0	-	-	-	-	-5711,0	-5711,4749	1	1pt	black [3213]	-	0	/home/user/sample-files/words/chartset-012/docx/008_Free_Genogram_Diagram_Template_Green_and_Yellow_Theme_9017c1a8.docx
008_Free_Genogram_Diagram_Template_Green_and_Yellow_Theme_9017c1a8.docx	word/document.xml	w:pict	group	fallback	absolute	0	-	-	-	-	475,2018	475,12146	1	1pt	black [3213]	-	0	/home/user/sample-files/words/chartset-012/docx/008_Free_Genogram_Diagram_Template_Green_and_Yellow_Theme_9017c1a8.docx
008_Free_Genogram_Diagram_Template_Green_and_Yellow_Theme_9017c1a8.docx	word/document.xml	w:pict	group	fallback	absolute	0	-	-	-	-	-7244,0	-7244,4749	1	1pt	black [3213]	-	0	/home/user/sample-files/words/chartset-012/docx/008_Free_Genogram_Diagram_Template_Green_and_Yellow_Theme_9017c1a8.docx
008_Free_Genogram_Diagram_Template_Green_and_Yellow_Theme_9017c1a8.docx	word/document.xml	w:pict	group	fallback	absolute	0	-	-	-	-	13000,5846	27963,5846	1	1pt	black [3213]	-	0	/home/user/sample-files/words/chartset-012/docx/008_Free_Genogram_Diagram_Template_Green_and_Yellow_Theme_9017c1a8.docx
008_Free_Genogram_Diagram_Template_Green_and_Yellow_Theme_9017c1a8.docx	word/document.xml	w:pict	group	fallback	absolute	0	-	-	-	-	20390,5812	20390,12943	1	1pt	black [3213]	-	0	/home/user/sample-files/words/chartset-012/docx/008_Free_Genogram_Diagram_Template_Green_and_Yellow_Theme_9017c1a8.docx
008_Free_Genogram_Diagram_Template_Green_and_Yellow_Theme_9017c1a8.docx	word/document.xml	w:pict	group	fallback	absolute	0	-	-	-	-	-2494,12943	46392,12943	1	1pt	black [3213]	-	0	/home/user/sample-files/words/chartset-012/docx/008_Free_Genogram_Diagram_Template_Green_and_Yellow_Theme_9017c1a8.docx
008_Free_Genogram_Diagram_Template_Green_and_Yellow_Theme_9017c1a8.docx	word/document.xml	w:pict	group	fallback	absolute	0	-	-	-	-	5176,-2752	5176,7557	1	1pt	black [3213]	-	0	/home/user/sample-files/words/chartset-012/docx/008_Free_Genogram_Diagram_Template_Green_and_Yellow_Theme_9017c1a8.docx
008_Free_Genogram_Diagram_Template_Green_and_Yellow_Theme_9017c1a8.docx	word/document.xml	w:pict	group	fallback	absolute	0	-	-	-	-	1619,-3096	1619,7902	1	1pt	black [3213]	-	0	/home/user/sample-files/words/chartset-012/docx/008_Free_Genogram_Diagram_Template_Green_and_Yellow_Theme_9017c1a8.docx
008_Free_Genogram_Diagram_Template_Green_and_Yellow_Theme_9017c1a8.docx	word/document.xml	w:pict	group	fallback	absolute	0	-	-	-	-	66675,19050	69950,22325	1	.5pt	black [3200]	-	0	/home/user/sample-files/words/chartset-012/docx/008_Free_Genogram_Diagram_Template_Green_and_Yellow_Theme_9017c1a8.docx
008_Free_Genogram_Diagram_Template_Green_and_Yellow_Theme_9017c1a8.docx	word/document.xml	w:pict	group	fallback	absolute	0	-	-	-	-	9826,0	9826,4485	1	.5pt	red	-	0	/home/user/sample-files/words/chartset-012/docx/008_Free_Genogram_Diagram_Template_Green_and_Yellow_Theme_9017c1a8.docx
008_Free_Genogram_Diagram_Template_Green_and_Yellow_Theme_9017c1a8.docx	word/document.xml	w:pict	group	fallback	absolute	0	-	-	-	-	9007,0	9007,4485	1	.5pt	red	-	0	/home/user/sample-files/words/chartset-012/docx/008_Free_Genogram_Diagram_Template_Green_and_Yellow_Theme_9017c1a8.docx
008_Free_Genogram_Diagram_Template_Green_and_Yellow_Theme_9017c1a8.docx	word/document.xml	w:pict	group	fallback	absolute	0	-	-	-	-	8052,0	8052,4485	1	.5pt	red	-	0	/home/user/sample-files/words/chartset-012/docx/008_Free_Genogram_Diagram_Template_Green_and_Yellow_Theme_9017c1a8.docx
008_Free_Genogram_Diagram_Template_Green_and_Yellow_Theme_9017c1a8.docx	word/document.xml	w:pict	group	fallback	absolute	0	-	-	-	-	7096,0	7096,4486	1	.5pt	red	-	0	/home/user/sample-files/words/chartset-012/docx/008_Free_Genogram_Diagram_Template_Green_and_Yellow_Theme_9017c1a8.docx
008_Free_Genogram_Diagram_Template_Green_and_Yellow_Theme_9017c1a8.docx	word/document.xml	w:pict	group	fallback	absolute	0	-	-	-	-	6277,0	6277,4485	1	.5pt	red	-	0	/home/user/sample-files/words/chartset-012/docx/008_Free_Genogram_Diagram_Template_Green_and_Yellow_Theme_9017c1a8.docx
008_Free_Genogram_Diagram_Template_Green_and_Yellow_Theme_9017c1a8.docx	word/document.xml	w:pict	group	fallback	absolute	0	-	-	-	-	5322,0	5322,4485	1	.5pt	red	-	0	/home/user/sample-files/words/chartset-012/docx/008_Free_Genogram_Diagram_Template_Green_and_Yellow_Theme_9017c1a8.docx
008_Free_Genogram_Diagram_Template_Green_and_Yellow_Theme_9017c1a8.docx	word/document.xml	w:pict	group	fallback	absolute	0	-	-	-	-	4503,0	4503,4485	1	.5pt	red	-	0	/home/user/sample-files/words/chartset-012/docx/008_Free_Genogram_Diagram_Template_Green_and_Yellow_Theme_9017c1a8.docx
008_Free_Genogram_Diagram_Template_Green_and_Yellow_Theme_9017c1a8.docx	word/document.xml	w:pict	group	fallback	absolute	0	-	-	-	-	3548,0	3548,4486	1	.5pt	red	-	0	/home/user/sample-files/words/chartset-012/docx/008_Free_Genogram_Diagram_Template_Green_and_Yellow_Theme_9017c1a8.docx
008_Free_Genogram_Diagram_Template_Green_and_Yellow_Theme_9017c1a8.docx	word/document.xml	w:pict	group	fallback	absolute	0	-	-	-	-	2593,0	2593,4485	1	.5pt	red	-	0	/home/user/sample-files/words/chartset-012/docx/008_Free_Genogram_Diagram_Template_Green_and_Yellow_Theme_9017c1a8.docx
008_Free_Genogram_Diagram_Template_Green_and_Yellow_Theme_9017c1a8.docx	word/document.xml	w:pict	group	fallback	absolute	0	-	-	-	-	1774,0	1774,4485	1	.5pt	red	-	0	/home/user/sample-files/words/chartset-012/docx/008_Free_Genogram_Diagram_Template_Green_and_Yellow_Theme_9017c1a8.docx
008_Free_Genogram_Diagram_Template_Green_and_Yellow_Theme_9017c1a8.docx	word/document.xml	w:pict	group	fallback	absolute	0	-	-	-	-	818,0	818,4485	1	.5pt	red	-	0	/home/user/sample-files/words/chartset-012/docx/008_Free_Genogram_Diagram_Template_Green_and_Yellow_Theme_9017c1a8.docx
008_Free_Genogram_Diagram_Template_Green_and_Yellow_Theme_9017c1a8.docx	word/document.xml	w:pict	group	fallback	absolute	0	-	-	-	-	0,0	0,4486	1	.5pt	red	-	0	/home/user/sample-files/words/chartset-012/docx/008_Free_Genogram_Diagram_Template_Green_and_Yellow_Theme_9017c1a8.docx
008_Free_Genogram_Diagram_Template_Green_and_Yellow_Theme_9017c1a8.docx	word/document.xml	w:pict	group	fallback	absolute	0	-	-	-	-	0,-14169	6718,-7026	1	.5pt	black [3200]	-	0	/home/user/sample-files/words/chartset-012/docx/008_Free_Genogram_Diagram_Template_Green_and_Yellow_Theme_9017c1a8.docx
008_Free_Genogram_Diagram_Template_Green_and_Yellow_Theme_9017c1a8.docx	word/document.xml	w:pict	group	fallback	absolute	0	-	-	-	-	136,-13760	6232,-7245	1	.5pt	black [3200]	-	0	/home/user/sample-files/words/chartset-012/docx/008_Free_Genogram_Diagram_Template_Green_and_Yellow_Theme_9017c1a8.docx
013_Project_Timeline_Template_Blue_Background_4ea3475e.docx	word/document.xml	w:pict	top	fallback	absolute	0	-	-	-	-	82.5pt,51.75pt	193.5pt,51.75pt	1	.5pt	black [3213]	-	0	/home/user/sample-files/words/chartset-012/docx/013_Project_Timeline_Template_Blue_Background_4ea3475e.docx
044_Visual_Product_Roadmap_Template_Editable_Format_c232a2c0.docx	word/document.xml	w:pict	group	fallback	absolute	0	-	-	-	-	12192,2476	29622,2476	1	.5pt	black [3200]	-	0	/home/user/sample-files/words/chartset-012/docx/044_Visual_Product_Roadmap_Template_Editable_Format_c232a2c0.docx
050_Visual_Product_Roadmap_Template_Yellow_and_Blue_Theme_49b50744.docx	word/document.xml	w:pict	top	fallback	absolute	0	-	-	-	-	109.45pt,55.5pt	273.7pt,55.5pt	1	.5pt	black [3200]	-	0	/home/user/sample-files/words/chartset-012/docx/050_Visual_Product_Roadmap_Template_Yellow_and_Blue_Theme_49b50744.docx
055_Organogram_Template_Horizontal_Structure_28a7e725.docx	word/document.xml	w:pict	top	fallback	absolute	0	-	-	-	-	161.3pt,55.5pt	161.3pt,60.95pt	1	.5pt	black [3200]	-	0	/home/user/sample-files/words/chartset-012/docx/055_Organogram_Template_Horizontal_Structure_28a7e725.docx
055_Organogram_Template_Horizontal_Structure_28a7e725.docx	word/document.xml	w:pict	top	fallback	absolute	0	-	-	-	-	161.3pt,41.75pt	161.3pt,66pt	1	2.25pt	black [3200]	-	0	/home/user/sample-files/words/chartset-012/docx/055_Organogram_Template_Horizontal_Structure_28a7e725.docx
055_Organogram_Template_Horizontal_Structure_28a7e725.docx	word/document.xml	w:pict	top	fallback	absolute	0	-	-	-	-	161.3pt,146.4pt	161.3pt,171.45pt	1	1pt	black [3200]	-	0	/home/user/sample-files/words/chartset-012/docx/055_Organogram_Template_Horizontal_Structure_28a7e725.docx
055_Organogram_Template_Horizontal_Structure_28a7e725.docx	word/document.xml	w:pict	group	fallback	absolute	0	-	-	-	-	-39998,14815	40309,14815	1	2.25pt	#0d0d0d [3069]	-	0	/home/user/sample-files/words/chartset-012/docx/055_Organogram_Template_Horizontal_Structure_28a7e725.docx
055_Organogram_Template_Horizontal_Structure_28a7e725.docx	word/document.xml	w:pict	group	fallback	absolute	0	-	-	-	-	-39933,14879	40245,14879	1	2.25pt	#0d0d0d [3069]	-	0	/home/user/sample-files/words/chartset-012/docx/055_Organogram_Template_Horizontal_Structure_28a7e725.docx
055_Organogram_Template_Horizontal_Structure_28a7e725.docx	word/document.xml	w:pict	group	fallback	absolute	0	-	-	-	-	-39998,14815	40309,14815	1	2.25pt	#0d0d0d [3069]	-	0	/home/user/sample-files/words/chartset-012/docx/055_Organogram_Template_Horizontal_Structure_28a7e725.docx
055_Organogram_Template_Horizontal_Structure_28a7e725.docx	word/document.xml	w:pict	group	fallback	absolute	0	-	-	-	-	-39998,14815	40309,14815	1	2.25pt	#0d0d0d [3069]	-	0	/home/user/sample-files/words/chartset-012/docx/055_Organogram_Template_Horizontal_Structure_28a7e725.docx
055_Organogram_Template_Horizontal_Structure_28a7e725.docx	word/document.xml	w:pict	group	fallback	absolute	0	-	-	-	-	19070,0	19070,34071	1	2.25pt	#0d0d0d [3069]	-	0	/home/user/sample-files/words/chartset-012/docx/055_Organogram_Template_Horizontal_Structure_28a7e725.docx
055_Organogram_Template_Horizontal_Structure_28a7e725.docx	word/document.xml	w:pict	group	fallback	absolute	0	-	-	-	-	15765,16869	19081,16869	1	2.25pt	#0d0d0d [3069]	-	0	/home/user/sample-files/words/chartset-012/docx/055_Organogram_Template_Horizontal_Structure_28a7e725.docx
055_Organogram_Template_Horizontal_Structure_28a7e725.docx	word/document.xml	w:pict	top	fallback	absolute	0	-	-	-	-	159.75pt,356.5pt	159.75pt,381.05pt	1	1.5pt	black [3200]	-	0	/home/user/sample-files/words/chartset-012/docx/055_Organogram_Template_Horizontal_Structure_28a7e725.docx
055_Organogram_Template_Horizontal_Structure_28a7e725.docx	word/document.xml	w:pict	top	fallback	absolute	0	-	-	-	-	161.5pt,250.55pt	161.5pt,276.95pt	1	1.5pt	black [3200]	-	0	/home/user/sample-files/words/chartset-012/docx/055_Organogram_Template_Horizontal_Structure_28a7e725.docx
047_Visual_Product_Roadmap_Template_Professional_Layout_2ff4499e.docx	word/document.xml	w:pict	group	fallback	absolute	0	-	-	-	-	12954,2476	32766,2476	1	.5pt	black [3200]	-	0	/home/user/sample-files/words/chartset-013/docx/047_Visual_Product_Roadmap_Template_Professional_Layout_2ff4499e.docx
048_Visual_Product_Roadmap_Template_Quality_Layout_f38f7aee.docx	word/document.xml	w:pict	top	fallback	absolute	0	-	-	-	-	88.65pt,21.55pt	285.9pt,21.55pt	1	.5pt	black [3200]	-	0	/home/user/sample-files/words/chartset-013/docx/048_Visual_Product_Roadmap_Template_Quality_Layout_f38f7aee.docx
059_Disease_Concept_Map_Template_4acf63f2.docx	word/document.xml	w:pict	group	fallback	absolute	0	-	-	-	-	200,257	200,68932	1	4.5pt	black [3200]	-	0	/home/user/sample-files/words/chartset-013/docx/059_Disease_Concept_Map_Template_4acf63f2.docx
059_Disease_Concept_Map_Template_4acf63f2.docx	word/document.xml	w:pict	group	fallback	absolute	0	-	-	-	-	200,257	200,68932	1	4.5pt	black [3200]	-	0	/home/user/sample-files/words/chartset-013/docx/059_Disease_Concept_Map_Template_4acf63f2.docx
011_Project_Timeline_Template_Beautiful_Theme_2336e680.docx	word/document.xml	w:pict	top	fallback	absolute	0	-	-	-	-	525.65pt,19.25pt	643.45pt,19.25pt	1	.5pt	black [3200]	-	0	/home/user/sample-files/words/chartset-014/docx/011_Project_Timeline_Template_Beautiful_Theme_2336e680.docx
011_Project_Timeline_Template_Beautiful_Theme_2336e680.docx	word/document.xml	w:pict	top	fallback	absolute	0	-	-	-	-	81.1pt,20.2pt	198.9pt,20.2pt	1	.5pt	black [3200]	-	0	/home/user/sample-files/words/chartset-014/docx/011_Project_Timeline_Template_Beautiful_Theme_2336e680.docx
014_Project_Timeline_Template_Blue_and_Green_Theme_a8311fa1.docx	word/document.xml	w:pict	top	fallback	absolute	0	-	-	-	-	81pt,81.75pt	81pt,224.25pt	1	.5pt	black [3200]	-	0	/home/user/sample-files/words/chartset-014/docx/014_Project_Timeline_Template_Blue_and_Green_Theme_a8311fa1.docx
014_Project_Timeline_Template_Blue_and_Green_Theme_a8311fa1.docx	word/document.xml	w:pict	top	fallback	absolute	0	-	-	-	-	232.5pt,81.75pt	232.5pt,224.25pt	1	.5pt	black [3200]	-	0	/home/user/sample-files/words/chartset-014/docx/014_Project_Timeline_Template_Blue_and_Green_Theme_a8311fa1.docx
014_Project_Timeline_Template_Blue_and_Green_Theme_a8311fa1.docx	word/document.xml	w:pict	top	fallback	absolute	0	-	-	-	-	383.25pt,81.75pt	383.25pt,224.25pt	1	.5pt	black [3200]	-	0	/home/user/sample-files/words/chartset-014/docx/014_Project_Timeline_Template_Blue_and_Green_Theme_a8311fa1.docx
014_Project_Timeline_Template_Blue_and_Green_Theme_a8311fa1.docx	word/document.xml	w:pict	top	fallback	absolute	0	-	-	-	-	534pt,81.75pt	534pt,224.25pt	1	.5pt	black [3200]	-	0	/home/user/sample-files/words/chartset-014/docx/014_Project_Timeline_Template_Blue_and_Green_Theme_a8311fa1.docx
014_Project_Timeline_Template_Blue_and_Green_Theme_a8311fa1.docx	word/document.xml	w:pict	top	fallback	absolute	0	-	-	-	-	-13.5pt,306.75pt	-13.5pt,5in	1	.5pt	black [3200]	-	0	/home/user/sample-files/words/chartset-014/docx/014_Project_Timeline_Template_Blue_and_Green_Theme_a8311fa1.docx
014_Project_Timeline_Template_Blue_and_Green_Theme_a8311fa1.docx	word/document.xml	w:pict	top	fallback	absolute	0	-	-	-	-	80.25pt,306.75pt	80.25pt,5in	1	.5pt	black [3200]	-	0	/home/user/sample-files/words/chartset-014/docx/014_Project_Timeline_Template_Blue_and_Green_Theme_a8311fa1.docx
014_Project_Timeline_Template_Blue_and_Green_Theme_a8311fa1.docx	word/document.xml	w:pict	top	fallback	absolute	0	-	-	-	-	156pt,306.75pt	156pt,5in	1	.5pt	black [3200]	-	0	/home/user/sample-files/words/chartset-014/docx/014_Project_Timeline_Template_Blue_and_Green_Theme_a8311fa1.docx
014_Project_Timeline_Template_Blue_and_Green_Theme_a8311fa1.docx	word/document.xml	w:pict	top	fallback	absolute	0	-	-	-	-	237.75pt,306.75pt	237.75pt,5in	1	.5pt	black [3200]	-	0	/home/user/sample-files/words/chartset-014/docx/014_Project_Timeline_Template_Blue_and_Green_Theme_a8311fa1.docx
014_Project_Timeline_Template_Blue_and_Green_Theme_a8311fa1.docx	word/document.xml	w:pict	top	fallback	absolute	0	-	-	-	-	320.25pt,307.5pt	320.25pt,360.75pt	1	.5pt	black [3200]	-	0	/home/user/sample-files/words/chartset-014/docx/014_Project_Timeline_Template_Blue_and_Green_Theme_a8311fa1.docx
014_Project_Timeline_Template_Blue_and_Green_Theme_a8311fa1.docx	word/document.xml	w:pict	top	fallback	absolute	0	-	-	-	-	414.75pt,306.75pt	414.75pt,5in	1	.5pt	black [3200]	-	0	/home/user/sample-files/words/chartset-014/docx/014_Project_Timeline_Template_Blue_and_Green_Theme_a8311fa1.docx
014_Project_Timeline_Template_Blue_and_Green_Theme_a8311fa1.docx	word/document.xml	w:pict	top	fallback	absolute	0	-	-	-	-	496.5pt,306.75pt	496.5pt,5in	1	.5pt	black [3200]	-	0	/home/user/sample-files/words/chartset-014/docx/014_Project_Timeline_Template_Blue_and_Green_Theme_a8311fa1.docx
014_Project_Timeline_Template_Blue_and_Green_Theme_a8311fa1.docx	word/document.xml	w:pict	top	fallback	absolute	0	-	-	-	-	579pt,306.75pt	579pt,5in	1	.5pt	black [3200]	-	0	/home/user/sample-files/words/chartset-014/docx/014_Project_Timeline_Template_Blue_and_Green_Theme_a8311fa1.docx
014_Project_Timeline_Template_Blue_and_Green_Theme_a8311fa1.docx	word/document.xml	w:pict	top	fallback	absolute	0	-	-	-	-	661.5pt,306.75pt	661.5pt,5in	1	.5pt	black [3200]	-	0	/home/user/sample-files/words/chartset-014/docx/014_Project_Timeline_Template_Blue_and_Green_Theme_a8311fa1.docx
014_Project_Timeline_Template_Blue_and_Green_Theme_a8311fa1.docx	word/document.xml	w:pict	top	fallback	absolute	0	-	-	-	-	519.75pt,45pt	660pt,45pt	1	.5pt	black [3200]	-	0	/home/user/sample-files/words/chartset-014/docx/014_Project_Timeline_Template_Blue_and_Green_Theme_a8311fa1.docx
014_Project_Timeline_Template_Blue_and_Green_Theme_a8311fa1.docx	word/document.xml	w:pict	top	fallback	absolute	0	-	-	-	-	71.25pt,45pt	211.5pt,45pt	1	.5pt	black [3200]	-	0	/home/user/sample-files/words/chartset-014/docx/014_Project_Timeline_Template_Blue_and_Green_Theme_a8311fa1.docx
045_Visual_Product_Roadmap_Template_Excellent_Format_e364063c.docx	word/document.xml	w:pict	top	fallback	absolute	0	-	-	-	-	79.45pt,20.75pt	233.4pt,20.75pt	1	.5pt	black [3213]	-	0	/home/user/sample-files/words/chartset-014/docx/045_Visual_Product_Roadmap_Template_Excellent_Format_e364063c.docx
062_Vocabulary_Concept_Map_Template_2f7c1c09.docx	word/document.xml	w:pict	top	fallback	absolute	0	-	-	-	-	146.25pt,161.25pt	372.75pt,161.25pt	1	1.5pt	black [3200]	-	0	/home/user/sample-files/words/chartset-014/docx/062_Vocabulary_Concept_Map_Template_2f7c1c09.docx
079_Storyboard_Template_Simple_Format_81653703.docx	word/document.xml	w:pict	top	fallback	absolute	0	-	-	-	-	-30.35pt,74.9pt	553.1pt,74.9pt	1	.5pt	black [3200]	-	0	/home/user/sample-files/words/chartset-014/docx/079_Storyboard_Template_Simple_Format_81653703.docx
Contract_Check_Pilot_Sample_LOA.docx	word/document.xml	w:pict	top	fallback	absolute	0	-	-	-	-	0,.25pt	18pt,18.25pt	1	-	-	-	0	/home/user/sample-files/words/done-009/docx/Contract_Check_Pilot_Sample_LOA.docx
Contract_Check_Pilot_Sample_LOA.docx	word/document.xml	w:pict	top	fallback	absolute	0	-	-	-	-	0,.25pt	18pt,18.25pt	1	-	-	-	0	/home/user/sample-files/words/done-009/docx/Contract_Check_Pilot_Sample_LOA.docx
Form-SM-76A-_-CAR-OPS-2A-Instruments-and-Equipment-Compliance-Statement-_-11.docx	word/document.xml	w:pict	top	fallback	absolute	0	-	-	-	-	-21.85pt,170.45pt	-21.85pt,240.2pt	1	-	black [3213]	-	0	/home/user/sample-files/words/done-013/docx/Form-SM-76A-_-CAR-OPS-2A-Instruments-and-Equipment-Compliance-Statement-_-11.docx
Form-SM-76A-_-CAR-OPS-2A-Instruments-and-Equipment-Compliance-Statement-_-11.docx	word/document.xml	w:pict	top	fallback	absolute	0	-	-	-	-	-21.85pt,42.4pt	-21.85pt,60.55pt	1	-	black [3213]	-	0	/home/user/sample-files/words/done-013/docx/Form-SM-76A-_-CAR-OPS-2A-Instruments-and-Equipment-Compliance-Statement-_-11.docx
Regulations Governing the Status, Basic Rights and Duties of Officials other than Secretariat Officials, and Experts on Mission.docx	word/document.xml	w:pict	top	fallback	absolute	0	-	-	-	-	210.25pt,24pt	282.25pt,24pt	1	.25pt	-	-	0	/home/user/sample-files/words/done-014/docx/Regulations Governing the Status, Basic Rights and Duties of Officials other than Secretariat Officials, and Experts on Mission.docx
JEMIT_Template.docx	word/footer3.xml	w:pict	top	plain	absolute	0	-	-	0	-	-.7pt,-3.5pt	179.3pt,-3.5pt	1	.25pt	windowText	-	0	/home/user/sample-files/words/done-015/docx/JEMIT_Template.docx
system_design__technical_architecture_template.docx	word/header1.xml	w:pict	top	fallback	absolute	0	-	-	-	-	-.15pt,4.85pt	484.85pt,4.85pt	1	.5pt	#ffc000	-	0	/home/user/sample-files/words/done-015/docx/system_design__technical_architecture_template.docx
system_design__technical_architecture_template.docx	word/footer1.xml	w:pict	top	fallback	absolute	0	-	-	-	-	0,0	485pt,0	1	.5pt	#ffc000	-	0	/home/user/sample-files/words/done-015/docx/system_design__technical_architecture_template.docx
ABCD-SDE-23-00 - Avionic System Description - 17.02.16 - v1.docx	word/footer7.xml	w:pict	top	fallback	absolute	0	-	-	-	-	1pt,1.9pt	510.65pt,1.9pt	1	1pt	white	-	0	/home/user/sample-files/words/extra-001/docx/ABCD-SDE-23-00 - Avionic System Description - 17.02.16 - v1.docx
ABCD-SDE-23-00 - Avionic System Description - 17.02.16 - v1.docx	word/footer2.xml	w:pict	top	fallback	absolute	0	-	-	-	-	.05pt,1.6pt	509.65pt,1.6pt	1	1pt	white	-	0	/home/user/sample-files/words/extra-001/docx/ABCD-SDE-23-00 - Avionic System Description - 17.02.16 - v1.docx
ABCD-SDE-23-00 - Avionic System Description - 17.02.16 - v1.docx	word/footer3.xml	w:pict	top	fallback	absolute	0	-	-	-	-	.3pt,1.5pt	509.9pt,1.5pt	1	1pt	white	-	0	/home/user/sample-files/words/extra-001/docx/ABCD-SDE-23-00 - Avionic System Description - 17.02.16 - v1.docx
ABCD-SDE-23-00 - Avionic System Description - 17.02.16 - v1.docx	word/footer4.xml	w:pict	top	fallback	absolute	0	-	-	-	-	.05pt,1.6pt	509.65pt,1.6pt	1	1pt	white	-	0	/home/user/sample-files/words/extra-001/docx/ABCD-SDE-23-00 - Avionic System Description - 17.02.16 - v1.docx
ABCD-SDE-23-00 - Avionic System Description - 17.02.16 - v1.docx	word/footer1.xml	w:pict	top	fallback	absolute	0	-	-	-	-	1pt,1.9pt	510.65pt,1.9pt	1	1pt	white	-	0	/home/user/sample-files/words/extra-001/docx/ABCD-SDE-23-00 - Avionic System Description - 17.02.16 - v1.docx
ABCD-SDE-23-00 - Avionic System Description - 17.02.16 - v1.docx	word/footer6.xml	w:pict	top	fallback	absolute	0	-	-	-	-	.05pt,1.6pt	509.65pt,1.6pt	1	1pt	white	-	0	/home/user/sample-files/words/extra-001/docx/ABCD-SDE-23-00 - Avionic System Description - 17.02.16 - v1.docx
ABCD-WB-08-00 Weight and Balance Report - v1 08.03.16.docx	word/footer1.xml	w:pict	top	fallback	absolute	0	-	-	-	-	1pt,1.9pt	510.65pt,1.9pt	1	1pt	white	-	0	/home/user/sample-files/words/extra-001/docx/ABCD-WB-08-00 Weight and Balance Report - v1 08.03.16.docx
ABCD-WB-08-00 Weight and Balance Report - v1 08.03.16.docx	word/footer2.xml	w:pict	top	fallback	absolute	0	-	-	-	-	-.2pt,1.55pt	509.45pt,1.55pt	1	1pt	white	-	0	/home/user/sample-files/words/extra-001/docx/ABCD-WB-08-00 Weight and Balance Report - v1 08.03.16.docx
33004.docx	word/header3.xml	w:pict	top	plain	absolute	0	-	-	0	-	0,6.1pt	642.75pt,6.1pt	1	1pt	#006	-	0	/home/user/sample-files/words/missing-001/docx/33004.docx
33004.docx	word/header4.xml	w:pict	top	plain	absolute	0	-	-	0	-	0,15.85pt	468pt,15.85pt	1	1pt	#006	-	0	/home/user/sample-files/words/missing-001/docx/33004.docx
33004.docx	word/footer18.xml	w:pict	top	plain	absolute	0	-	-	0	-	0,748.1pt	468pt,748.1pt	1	1pt	#006	-	0	/home/user/sample-files/words/missing-001/docx/33004.docx
33004.docx	word/header1.xml	w:pict	top	plain	absolute	0	-	-	0	-	0,15.85pt	468pt,15.85pt	1	1pt	#006	-	0	/home/user/sample-files/words/missing-001/docx/33004.docx
33004.docx	word/header2.xml	w:pict	top	plain	absolute	0	-	-	0	-	0,15.85pt	468pt,15.85pt	1	1pt	#006	-	0	/home/user/sample-files/words/missing-001/docx/33004.docx
docs-quality-MA.IMS.00001-Integrated-Management-System-manual.docx	word/document.xml	w:pict	group	fallback	absolute	0	-	-	-	-	7620,22415	30264,22421	1	2pt	-	-	0	/home/user/sample-files/words/pagination-002/docx/docs-quality-MA.IMS.00001-Integrated-Management-System-manual.docx
docs-quality-MA.IMS.00001-Integrated-Management-System-manual.docx	word/document.xml	w:pict	group	fallback	absolute	0	-	-	-	-	13138,12134	24980,12141	1	2pt	-	-	0	/home/user/sample-files/words/pagination-002/docx/docs-quality-MA.IMS.00001-Integrated-Management-System-manual.docx
docs-quality-MA.IMS.00001-Integrated-Management-System-manual.docx	word/document.xml	w:pict	group	fallback	absolute	0	-	-	-	-	27432,2286	27438,9144	1	1.5pt	-	-	0	/home/user/sample-files/words/pagination-002/docx/docs-quality-MA.IMS.00001-Integrated-Management-System-manual.docx
docs-quality-MA.IMS.00001-Integrated-Management-System-manual.docx	word/document.xml	w:pict	group	fallback	absolute	0	-	-	-	-	46875,5549	46875,7346	1	1.5pt	-	-	0	/home/user/sample-files/words/pagination-002/docx/docs-quality-MA.IMS.00001-Integrated-Management-System-manual.docx
docs-quality-MA.IMS.00001-Integrated-Management-System-manual.docx	word/document.xml	w:pict	group	fallback	absolute	0	-	-	-	-	16002,5715	16008,6858	1	1.5pt	-	-	0	/home/user/sample-files/words/pagination-002/docx/docs-quality-MA.IMS.00001-Integrated-Management-System-manual.docx
docs-quality-MA.IMS.00001-Integrated-Management-System-manual.docx	word/document.xml	w:pict	group	fallback	absolute	0	-	-	-	-	35852,5549	35852,7156	1	1.5pt	-	-	0	/home/user/sample-files/words/pagination-002/docx/docs-quality-MA.IMS.00001-Integrated-Management-System-manual.docx
docs-quality-MA.IMS.00001-Integrated-Management-System-manual.docx	word/document.xml	w:pict	group	fallback	absolute	0	-	-	-	-	2978,7232	49949,7340	1	1.5pt	-	-	0	/home/user/sample-files/words/pagination-002/docx/docs-quality-MA.IMS.00001-Integrated-Management-System-manual.docx
docs-quality-MA.IMS.00001-Integrated-Management-System-manual.docx	word/document.xml	w:pict	group	fallback	absolute	0	-	-	-	-	2940,6737	2940,8534	1	1.5pt	-	-	0	/home/user/sample-files/words/pagination-002/docx/docs-quality-MA.IMS.00001-Integrated-Management-System-manual.docx
docs-quality-MA.IMS.00001-Integrated-Management-System-manual.docx	word/document.xml	w:pict	group	fallback	absolute	0	-	-	-	-	27813,2254	27813,7334	1	1.5pt	white	-	0	/home/user/sample-files/words/pagination-002/docx/docs-quality-MA.IMS.00001-Integrated-Management-System-manual.docx
docs-quality-MA.IMS.00001-Integrated-Management-System-manual.docx	word/document.xml	w:pict	group	fallback	absolute	0	-	-	-	-	46875,5549	46875,7346	1	1.5pt	white	-	0	/home/user/sample-files/words/pagination-002/docx/docs-quality-MA.IMS.00001-Integrated-Management-System-manual.docx
docs-quality-MA.IMS.00001-Integrated-Management-System-manual.docx	word/document.xml	w:pict	group	fallback	absolute	0	-	-	-	-	35852,5549	35852,7156	1	1.5pt	white	-	0	/home/user/sample-files/words/pagination-002/docx/docs-quality-MA.IMS.00001-Integrated-Management-System-manual.docx
docs-quality-MA.IMS.00001-Integrated-Management-System-manual.docx	word/document.xml	w:pict	group	fallback	absolute	0	-	-	-	-	2978,7232	49949,7340	1	1.5pt	white	-	0	/home/user/sample-files/words/pagination-002/docx/docs-quality-MA.IMS.00001-Integrated-Management-System-manual.docx
