-0.1000	70.850	70.950	paginated.docx: page 1, line 1 ("Section 1. kerning advance rasteriser layout ligature layout common advance add pay because separate"): left
0.5198	530.423	529.903	paginated.docx: page 1, line 1 ("Section 1. kerning advance rasteriser layout ligature layout common advance add pay because separate"): right
-0.1000	70.850	70.950	paginated.docx: page 1, line 2 ("margin advance fonts extraction library paths separate rasteriser arithmetic rendering kerning together"): left
0.5030	529.515	529.012	paginated.docx: page 1, line 2 ("margin advance fonts extraction library paths separate rasteriser arithmetic rendering kerning together"): right
-0.1000	70.850	70.950	paginated.docx: page 1, line 3 ("advance rasteriser uses something shaping extraction because kerning page baseline because filling"): left
0.4558	513.617	513.161	paginated.docx: page 1, line 3 ("advance rasteriser uses something shaping extraction because kerning page baseline because filling"): right
-0.1000	70.850	70.950	paginated.docx: page 1, line 4 ("together uses something rendering library common margin common something compounds."): left
0.3919	483.721	483.329	paginated.docx: page 1, line 4 ("together uses something rendering library common margin common something compounds."): right
-0.1000	70.850	70.950	paginated.docx: page 1, line 5 ("Section 2. rendering extraction never never paths ligature compounds margin baseline library rasteriser"): left
0.4927	531.089	530.596	paginated.docx: page 1, line 5 ("Section 2. rendering extraction never never paths ligature compounds margin baseline library rasteriser"): right
-0.1000	70.850	70.950	paginated.docx: page 1, line 6 ("page pagination because add pagination extraction baseline case must arithmetic common."): left
0.3993	478.151	477.752	paginated.docx: page 1, line 6 ("page pagination because add pagination extraction baseline case must arithmetic common."): right
-0.1000	70.850	70.950	paginated.docx: page 1, line 7 ("Section 3. paths kerning shaping layout rasteriser advance rasteriser must baseline compounds case"): left
0.4148	514.863	514.448	paginated.docx: page 1, line 7 ("Section 3. paths kerning shaping layout rasteriser advance rasteriser must baseline compounds case"): right
-0.1000	70.850	70.950	paginated.docx: page 1, line 8 ("margin baseline never extraction page add rendering."): left
0.2344	309.235	309.001	paginated.docx: page 1, line 8 ("margin baseline never extraction page add rendering."): right
-0.1000	70.850	70.950	paginated.docx: page 1, line 9 ("Section 4. layout margin common separate pay never advance filling extraction pagination something"): left
0.4699	521.265	520.795	paginated.docx: page 1, line 9 ("Section 4. layout margin common separate pay never advance filling extraction pagination something"): right
-0.1000	70.850	70.950	paginated.docx: page 1, line 10 ("compounds library library because never arithmetic extraction measurement measurement kerning"): left
0.4660	513.858	513.392	paginated.docx: page 1, line 10 ("compounds library library because never arithmetic extraction measurement measurement kerning"): right
-0.1000	70.850	70.950	paginated.docx: page 1, line 11 ("must ligature must compounds layout pay add uses arithmetic rasteriser."): left
0.2996	394.298	393.998	paginated.docx: page 1, line 11 ("must ligature must compounds layout pay add uses arithmetic rasteriser."): right
-0.1000	70.850	70.950	paginated.docx: page 1, line 12 ("Section 5. rasteriser compounds ligature because baseline paths common common separate filling"): left
0.3878	508.192	507.804	paginated.docx: page 1, line 12 ("Section 5. rasteriser compounds ligature because baseline paths common common separate filling"): right
-0.1000	70.850	70.950	paginated.docx: page 1, line 13 ("arithmetic margin filling baseline shaping something layout library must uses ligature library page never"): left
0.5320	531.744	531.212	paginated.docx: page 1, line 13 ("arithmetic margin filling baseline shaping something layout library must uses ligature library page never"): right
-0.1000	70.850	70.950	paginated.docx: page 1, line 14 ("never rendering library page."): left
0.0914	200.148	200.057	paginated.docx: page 1, line 14 ("never rendering library page."): right
-0.1000	70.850	70.950	paginated.docx: page 1, line 15 ("Section 6. advance arithmetic paths separate layout something measurement must because"): left
0.3700	479.827	479.457	paginated.docx: page 1, line 15 ("Section 6. advance arithmetic paths separate layout something measurement must because"): right
-0.1000	70.850	70.950	paginated.docx: page 1, line 16 ("measurement must advance pagination must separate rendering ligature sample add separate rendering"): left
0.4504	536.975	536.525	paginated.docx: page 1, line 16 ("measurement must advance pagination must separate rendering ligature sample add separate rendering"): right
-0.1000	70.850	70.950	paginated.docx: page 1, line 17 ("library ligature library add together must library library advance measurement separate must pagination"): left
0.5180	534.612	534.094	paginated.docx: page 1, line 17 ("library ligature library add together must library library advance measurement separate must pagination"): right
-0.1000	70.850	70.950	paginated.docx: page 1, line 18 ("sample because ligature library baseline rendering shaping extraction compounds compounds."): left
0.4254	492.180	491.755	paginated.docx: page 1, line 18 ("sample because ligature library baseline rendering shaping extraction compounds compounds."): right
-0.1000	70.850	70.950	paginated.docx: page 1, line 19 ("Heading 1"): left
-0.0071	137.311	137.318	paginated.docx: page 1, line 19 ("Heading 1"): right
-0.1000	70.850	70.950	paginated.docx: page 1, line 20 ("Section 7. extraction library because because case filling baseline pagination compounds kerning"): left
0.4596	500.388	499.928	paginated.docx: page 1, line 20 ("Section 7. extraction library because because case filling baseline pagination compounds kerning"): right
-0.1000	70.850	70.950	paginated.docx: page 1, line 21 ("advance kerning because rendering add because ligature rendering uses case shaping shaping filling"): left
0.4741	514.911	514.437	paginated.docx: page 1, line 21 ("advance kerning because rendering add because ligature rendering uses case shaping shaping filling"): right
-0.1000	70.850	70.950	paginated.docx: page 1, line 22 ("extraction measurement add pay rasteriser fonts pagination advance shaping arithmetic together margin"): left
0.4771	537.926	537.449	paginated.docx: page 1, line 22 ("extraction measurement add pay rasteriser fonts pagination advance shaping arithmetic together margin"): right
-0.1000	70.850	70.950	paginated.docx: page 1, line 23 ("filling rasteriser glyph rasteriser never compounds uses together never must must shaping sample"): left
0.4364	506.634	506.198	paginated.docx: page 1, line 23 ("filling rasteriser glyph rasteriser never compounds uses together never must must shaping sample"): right
-0.1000	70.850	70.950	paginated.docx: page 1, line 24 ("separate library page fonts case advance ligature."): left
0.1749	290.410	290.235	paginated.docx: page 1, line 24 ("separate library page fonts case advance ligature."): right
-0.1000	70.850	70.950	paginated.docx: page 1, line 25 ("Section 8. never baseline compounds shaping together advance together library separate page separate"): left
0.4975	533.194	532.697	paginated.docx: page 1, line 25 ("Section 8. never baseline compounds shaping together advance together library separate page separate"): right
-0.1000	70.850	70.950	paginated.docx: page 1, line 26 ("page sample add rendering must margin kerning rasteriser rendering page arithmetic pay paths case"): left
0.4608	517.527	517.066	paginated.docx: page 1, line 26 ("page sample add rendering must margin kerning rasteriser rendering page arithmetic pay paths case"): right
-0.1000	70.850	70.950	paginated.docx: page 1, line 27 ("advance common measurement library rasteriser rasteriser ligature filling layout extraction."): left
0.4279	478.554	478.126	paginated.docx: page 1, line 27 ("advance common measurement library rasteriser rasteriser ligature filling layout extraction."): right
-0.1000	70.850	70.950	paginated.docx: page 1, line 28 ("Section 9. ligature separate layout uses page sample fonts margin uses because baseline compounds"): left
0.4172	517.978	517.561	paginated.docx: page 1, line 28 ("Section 9. ligature separate layout uses page sample fonts margin uses because baseline compounds"): right
-0.1000	70.850	70.950	paginated.docx: page 1, line 29 ("must advance kerning rasteriser extraction compounds pagination kerning together never common case"): left
0.4536	534.097	533.643	paginated.docx: page 1, line 29 ("must advance kerning rasteriser extraction compounds pagination kerning together never common case"): right
-0.1000	70.850	70.950	paginated.docx: page 1, line 30 ("never arithmetic compounds because add together filling rendering sample because separate advance"): left
0.4672	526.432	525.965	paginated.docx: page 1, line 30 ("never arithmetic compounds because add together filling rendering sample because separate advance"): right
-0.1000	70.850	70.950	paginated.docx: page 1, line 31 ("pagination baseline page shaping rendering never library glyph separate layout pagination must ligature"): left
0.4327	533.130	532.697	paginated.docx: page 1, line 31 ("pagination baseline page shaping rendering never library glyph separate layout pagination must ligature"): right
-0.1000	70.850	70.950	paginated.docx: page 1, line 32 ("pay advance shaping because uses advance something fonts filling add compounds never add pay page"): left
0.4887	529.666	529.177	paginated.docx: page 1, line 32 ("pay advance shaping because uses advance something fonts filling add compounds never add pay page"): right
-0.1000	70.850	70.950	paginated.docx: page 1, line 33 ("shaping rasteriser."): left
-0.0490	151.685	151.734	paginated.docx: page 1, line 33 ("shaping rasteriser."): right
-0.1000	70.850	70.950	paginated.docx: page 1, line 34 ("Section 10. case extraction compounds rendering separate margin case shaping because fonts library"): left
0.3984	519.895	519.497	paginated.docx: page 1, line 34 ("Section 10. case extraction compounds rendering separate margin case shaping because fonts library"): right
-0.1000	70.850	70.950	paginated.docx: page 1, line 35 ("kerning baseline margin page arithmetic ligature shaping must pagination glyph ligature together"): left
0.4987	502.418	501.919	paginated.docx: page 1, line 35 ("kerning baseline margin page arithmetic ligature shaping must pagination glyph ligature together"): right
-0.1000	70.850	70.950	paginated.docx: page 1, line 36 ("common rasteriser baseline rendering filling must rendering separate rasteriser pay uses extraction"): left
0.4967	512.129	511.632	paginated.docx: page 1, line 36 ("common rasteriser baseline rendering filling must rendering separate rasteriser pay uses extraction"): right
-0.1000	70.850	70.950	paginated.docx: page 1, line 37 ("something together sample arithmetic shaping common shaping case filling."): left
0.3220	410.325	410.003	paginated.docx: page 1, line 37 ("something together sample arithmetic shaping common shaping case filling."): right
-0.1000	70.850	70.950	paginated.docx: page 1, line 38 ("Section 11. rasteriser glyph rendering compounds baseline fonts never never never must uses sample"): left
0.4920	522.420	521.928	paginated.docx: page 1, line 38 ("Section 11. rasteriser glyph rendering compounds baseline fonts never never never must uses sample"): right
-0.1000	70.850	70.950	paginated.docx: page 1, line 39 ("layout together together rasteriser never rasteriser common must arithmetic must because filling"): left
0.4576	504.148	503.690	paginated.docx: page 1, line 39 ("layout together together rasteriser never rasteriser common must arithmetic must because filling"): right
-0.1000	70.850	70.950	paginated.docx: page 1, line 40 ("compounds common glyph baseline must rasteriser margin rendering common rasteriser sample"): left
0.4888	501.913	501.424	paginated.docx: page 1, line 40 ("compounds common glyph baseline must rasteriser margin rendering common rasteriser sample"): right
-0.1000	70.850	70.950	paginated.docx: page 1, line 41 ("measurement case pagination rasteriser library ligature common rendering separate ligature pay"): left
0.4199	500.887	500.467	paginated.docx: page 1, line 41 ("measurement case pagination rasteriser library ligature common rendering separate ligature pay"): right
-0.1000	70.850	70.950	paginated.docx: page 1, line 42 ("rasteriser layout case never layout fonts something common paths must kerning library common"): left
0.3859	500.941	500.555	paginated.docx: page 1, line 42 ("rasteriser layout case never layout fonts something common paths must kerning library common"): right
-0.1000	70.850	70.950	paginated.docx: page 2, line 1 ("together margin kerning glyph."): left
0.0635	208.414	208.351	paginated.docx: page 2, line 1 ("together margin kerning glyph."): right
-0.1000	70.850	70.950	paginated.docx: page 2, line 2 ("Section 12. sample glyph never measurement extraction separate rasteriser layout baseline kerning"): left
0.4553	512.934	512.479	paginated.docx: page 2, line 2 ("Section 12. sample glyph never measurement extraction separate rasteriser layout baseline kerning"): right
-0.1000	70.850	70.950	paginated.docx: page 2, line 3 ("measurement measurement margin rasteriser fonts common extraction together because margin"): left
0.4269	504.953	504.526	paginated.docx: page 2, line 3 ("measurement measurement margin rasteriser fonts common extraction together because margin"): right
-0.1000	70.850	70.950	paginated.docx: page 2, line 4 ("rasteriser pagination filling page case fonts margin must pagination measurement glyph layout margin"): left
0.4368	524.939	524.502	paginated.docx: page 2, line 4 ("rasteriser pagination filling page case fonts margin must pagination measurement glyph layout margin"): right
-0.1000	70.850	70.950	paginated.docx: page 2, line 5 ("never layout library pagination add ligature common extraction sample paths uses page add pagination"): left
0.4319	529.961	529.529	paginated.docx: page 2, line 5 ("never layout library pagination add ligature common extraction sample paths uses page add pagination"): right
-0.1000	70.850	70.950	paginated.docx: page 2, line 6 ("never margin layout."): left
0.0175	162.894	162.877	paginated.docx: page 2, line 6 ("never margin layout."): right
-0.1000	70.850	70.950	paginated.docx: page 2, line 7 ("Heading 2"): left
-0.0071	137.311	137.318	paginated.docx: page 2, line 7 ("Heading 2"): right
-0.1000	70.850	70.950	paginated.docx: page 2, line 8 ("Section 13. library compounds shaping never case margin rendering case common arithmetic filling"): left
0.4263	512.311	511.885	paginated.docx: page 2, line 8 ("Section 13. library compounds shaping never case margin rendering case common arithmetic filling"): right
-0.1000	70.850	70.950	paginated.docx: page 2, line 9 ("advance margin paths rasteriser compounds extraction common filling filling page pagination baseline"): left
0.4742	524.987	524.513	paginated.docx: page 2, line 9 ("advance margin paths rasteriser compounds extraction common filling filling page pagination baseline"): right
-0.1000	70.850	70.950	paginated.docx: page 2, line 10 ("common advance library separate compounds fonts compounds ligature fonts shaping paths glyph"): left
0.4116	509.261	508.849	paginated.docx: page 2, line 10 ("common advance library separate compounds fonts compounds ligature fonts shaping paths glyph"): right
-0.1000	70.850	70.950	paginated.docx: page 2, line 11 ("shaping baseline something margin add measurement something ligature page something something"): left
0.4501	522.323	521.873	paginated.docx: page 2, line 11 ("shaping baseline something margin add measurement something ligature page something something"): right
-0.1000	70.850	70.950	paginated.docx: page 2, line 12 ("rendering extraction arithmetic separate fonts baseline."): left
0.2359	319.027	318.791	paginated.docx: page 2, line 12 ("rendering extraction arithmetic separate fonts baseline."): right
-0.1000	70.850	70.950	paginated.docx: page 2, line 13 ("Section 14. compounds paths together margin paths together library uses glyph ligature filling arithmetic"): left
0.5106	537.223	536.712	paginated.docx: page 2, line 13 ("Section 14. compounds paths together margin paths together library uses glyph ligature filling arithmetic"): right
-0.1000	70.850	70.950	paginated.docx: page 2, line 14 ("separate common kerning pay arithmetic case paths baseline kerning case never paths sample pay case"): left
0.4716	530.837	530.365	paginated.docx: page 2, line 14 ("separate common kerning pay arithmetic case paths baseline kerning case never paths sample pay case"): right
-0.1000	70.850	70.950	paginated.docx: page 2, line 15 ("measurement advance must baseline kerning filling baseline measurement must something must"): left
0.4798	503.895	503.415	paginated.docx: page 2, line 15 ("measurement advance must baseline kerning filling baseline measurement must something must"): right
-0.1000	70.850	70.950	paginated.docx: page 2, line 16 ("arithmetic ligature case add sample page page rasteriser page arithmetic rasteriser arithmetic rasteriser"): left
0.5570	532.319	531.762	paginated.docx: page 2, line 16 ("arithmetic ligature case add sample page page rasteriser page arithmetic rasteriser arithmetic rasteriser"): right
-0.1000	70.850	70.950	paginated.docx: page 2, line 17 ("separate paths extraction page filling glyph rendering separate common uses page library because fonts"): left
0.4544	532.689	532.235	paginated.docx: page 2, line 17 ("separate paths extraction page filling glyph rendering separate common uses page library because fonts"): right
-0.1000	70.850	70.950	paginated.docx: page 2, line 18 ("arithmetic."): left
-0.0129	119.700	119.713	paginated.docx: page 2, line 18 ("arithmetic."): right
-0.1000	70.850	70.950	paginated.docx: page 2, line 19 ("Section 15. measurement ligature ligature sample never pagination pagination shaping must library case"): left
0.5127	535.069	534.556	paginated.docx: page 2, line 19 ("Section 15. measurement ligature ligature sample never pagination pagination shaping must library case"): right
-0.1000	70.850	70.950	paginated.docx: page 2, line 20 ("advance never advance glyph filling compounds pay measurement pay together something layout glyph"): left
0.4972	532.963	532.466	paginated.docx: page 2, line 20 ("advance never advance glyph filling compounds pay measurement pay together something layout glyph"): right
-0.1000	70.850	70.950	paginated.docx: page 2, line 21 ("measurement common kerning together because because glyph shaping kerning add extraction library"): left
0.4408	527.748	527.307	paginated.docx: page 2, line 21 ("measurement common kerning together because because glyph shaping kerning add extraction library"): right
-0.1000	70.850	70.950	paginated.docx: page 2, line 22 ("add never because add shaping together something pay uses sample together measurement case"): left
0.3634	505.329	504.966	paginated.docx: page 2, line 22 ("add never because add shaping together something pay uses sample together measurement case"): right
-0.1000	70.850	70.950	paginated.docx: page 2, line 23 ("together advance page advance add kerning together uses margin."): left
0.2638	367.609	367.345	paginated.docx: page 2, line 23 ("together advance page advance add kerning together uses margin."): right
-0.1000	70.850	70.950	paginated.docx: page 2, line 24 ("Section 16. arithmetic because measurement measurement rendering measurement margin compounds"): left
0.4980	537.045	536.547	paginated.docx: page 2, line 24 ("Section 16. arithmetic because measurement measurement rendering measurement margin compounds"): right
-0.1000	70.850	70.950	paginated.docx: page 2, line 25 ("rasteriser measurement compounds pay layout layout because kerning something rendering uses paths"): left
0.4677	531.449	530.981	paginated.docx: page 2, line 25 ("rasteriser measurement compounds pay layout layout because kerning something rendering uses paths"): right
-0.1000	70.850	70.950	paginated.docx: page 2, line 26 ("fonts something rendering glyph library add because pagination because page common together"): left
0.3798	501.650	501.270	paginated.docx: page 2, line 26 ("fonts something rendering glyph library add because pagination because page common together"): right
-0.1000	70.850	70.950	paginated.docx: page 2, line 27 ("because rendering pay common glyph arithmetic uses shaping pagination kerning margin sample"): left
0.4539	502.450	501.996	paginated.docx: page 2, line 27 ("because rendering pay common glyph arithmetic uses shaping pagination kerning margin sample"): right
-0.1000	70.850	70.950	paginated.docx: page 2, line 28 ("pagination pagination must shaping shaping library separate baseline sample extraction compounds"): left
0.4686	516.050	515.581	paginated.docx: page 2, line 28 ("pagination pagination must shaping shaping library separate baseline sample extraction compounds"): right
-0.1000	70.850	70.950	paginated.docx: page 2, line 29 ("because kerning rendering measurement extraction case baseline baseline pay."): left
0.3966	423.259	422.862	paginated.docx: page 2, line 29 ("because kerning rendering measurement extraction case baseline baseline pay."): right
-0.1000	70.850	70.950	paginated.docx: page 2, line 30 ("Section 17. fonts compounds fonts together never compounds glyph something page paths ligature add"): left
0.4234	532.383	531.960	paginated.docx: page 2, line 30 ("Section 17. fonts compounds fonts together never compounds glyph something page paths ligature add"): right
-0.1000	70.850	70.950	paginated.docx: page 2, line 31 ("case add pay layout paths kerning rendering ligature separate together common rasteriser layout sample"): left
0.4585	537.104	536.646	paginated.docx: page 2, line 31 ("case add pay layout paths kerning rendering ligature separate together common rasteriser layout sample"): right
-0.1000	70.850	70.950	paginated.docx: page 2, line 32 ("never arithmetic ligature uses advance layout page."): left
0.2087	300.003	299.794	paginated.docx: page 2, line 32 ("never arithmetic ligature uses advance layout page."): right
-0.1000	70.850	70.950	paginated.docx: page 2, line 33 ("Section 18. layout add ligature filling shaping margin pagination because ligature uses margin paths"): left
0.4901	512.177	511.687	paginated.docx: page 2, line 33 ("Section 18. layout add ligature filling shaping margin pagination because ligature uses margin paths"): right
-0.1000	70.850	70.950	paginated.docx: page 2, line 34 ("never must compounds page paths arithmetic extraction ligature measurement advance arithmetic"): left
0.4795	512.617	512.138	paginated.docx: page 2, line 34 ("never must compounds page paths arithmetic extraction ligature measurement advance arithmetic"): right
-0.1000	70.850	70.950	paginated.docx: page 2, line 35 ("baseline fonts baseline fonts together pay filling must page paths pay layout extraction never pay must"): left
0.5446	527.335	526.790	paginated.docx: page 2, line 35 ("baseline fonts baseline fonts together pay filling must page paths pay layout extraction never pay must"): right
-0.1000	70.850	70.950	paginated.docx: page 2, line 36 ("because sample page common."): left
0.0460	210.982	210.936	paginated.docx: page 2, line 36 ("because sample page common."): right
-0.1000	70.850	70.950	paginated.docx: page 2, line 37 ("Heading 3"): left
-0.0071	137.311	137.318	paginated.docx: page 2, line 37 ("Heading 3"): right
-0.1000	70.850	70.950	paginated.docx: page 2, line 38 ("Section 19. kerning because add rendering rasteriser baseline rasteriser because advance never separate"): left
0.5195	536.627	536.107	paginated.docx: page 2, line 38 ("Section 19. kerning because add rendering rasteriser baseline rasteriser because advance never separate"): right
-0.1000	70.850	70.950	paginated.docx: page 2, line 39 ("baseline shaping fonts add together add margin library add kerning library measurement library must"): left
0.5108	521.625	521.114	paginated.docx: page 2, line 39 ("baseline shaping fonts add together add margin library add kerning library measurement library must"): right
-0.1000	70.850	70.950	paginated.docx: page 2, line 40 ("common margin kerning case advance extraction compounds ligature arithmetic something case kerning"): left
0.4978	536.143	535.645	paginated.docx: page 2, line 40 ("common margin kerning case advance extraction compounds ligature arithmetic something case kerning"): right
-0.1000	70.850	70.950	paginated.docx: page 2, line 41 ("extraction never pay something compounds add pagination margin because filling rasteriser."): left
0.3407	481.734	481.393	paginated.docx: page 2, line 41 ("extraction never pay something compounds add pagination margin because filling rasteriser."): right
-0.1000	70.850	70.950	paginated.docx: page 3, line 1 ("Section 20. compounds case pagination add page ligature pagination advance compounds because"): left
0.3919	510.088	509.696	paginated.docx: page 3, line 1 ("Section 20. compounds case pagination add page ligature pagination advance compounds because"): right
-0.1000	70.850	70.950	paginated.docx: page 3, line 2 ("common pay common must layout layout rasteriser margin separate kerning because common uses"): left
0.4060	514.535	514.129	paginated.docx: page 3, line 2 ("common pay common must layout layout rasteriser margin separate kerning because common uses"): right
-0.1000	70.850	70.950	paginated.docx: page 3, line 3 ("separate fonts case glyph baseline library pagination."): left
0.2012	306.727	306.526	paginated.docx: page 3, line 3 ("separate fonts case glyph baseline library pagination."): right
-0.1000	70.850	70.950	paginated.docx: page 3, line 4 ("Section 21. glyph must never pay compounds ligature pagination baseline extraction margin together"): left
0.4382	520.980	520.542	paginated.docx: page 3, line 4 ("Section 21. glyph must never pay compounds ligature pagination baseline extraction margin together"): right
-0.1000	70.850	70.950	paginated.docx: page 3, line 5 ("arithmetic rendering filling pagination rasteriser pagination add advance common compounds never"): left
0.4414	517.639	517.198	paginated.docx: page 3, line 5 ("arithmetic rendering filling pagination rasteriser pagination add advance common compounds never"): right
-0.1000	70.850	70.950	paginated.docx: page 3, line 6 ("pagination something common fonts filling add uses sample pay rasteriser rasteriser rendering rasteriser"): left
0.4592	536.159	535.700	paginated.docx: page 3, line 6 ("pagination something common fonts filling add uses sample pay rasteriser rasteriser rendering rasteriser"): right
-0.1000	70.850	70.950	paginated.docx: page 3, line 7 ("because must arithmetic ligature baseline pagination pagination because measurement page kerning"): left
0.4067	520.465	520.058	paginated.docx: page 3, line 7 ("because must arithmetic ligature baseline pagination pagination because measurement page kerning"): right
-0.1000	70.850	70.950	paginated.docx: page 3, line 8 ("case advance must arithmetic library filling fonts pagination pay case extraction something"): left
0.3732	473.967	473.594	paginated.docx: page 3, line 8 ("case advance must arithmetic library filling fonts pagination pay case extraction something"): right
-0.1000	70.850	70.950	paginated.docx: page 3, line 9 ("measurement arithmetic measurement fonts layout library kerning separate margin layout must add."): left
0.4656	520.755	520.289	paginated.docx: page 3, line 9 ("measurement arithmetic measurement fonts layout library kerning separate margin layout must add."): right
-0.1000	70.850	70.950	paginated.docx: page 3, line 10 ("Section 22. compounds rendering fonts rasteriser baseline kerning separate pay compounds case margin"): left
0.4289	536.041	535.612	paginated.docx: page 3, line 10 ("Section 22. compounds rendering fonts rasteriser baseline kerning separate pay compounds case margin"): right
-0.1000	70.850	70.950	paginated.docx: page 3, line 11 ("layout pagination must filling arithmetic pagination paths separate pay margin shaping common ligature"): left
0.4846	534.403	533.918	paginated.docx: page 3, line 11 ("layout pagination must filling arithmetic pagination paths separate pay margin shaping common ligature"): right
-0.1000	70.850	70.950	paginated.docx: page 3, line 12 ("sample baseline baseline something shaping kerning baseline glyph case case pagination glyph baseline"): left
0.5491	531.497	530.948	paginated.docx: page 3, line 12 ("sample baseline baseline something shaping kerning baseline glyph case case pagination glyph baseline"): right
-0.1000	70.850	70.950	paginated.docx: page 3, line 13 ("rendering together paths something glyph compounds together add library arithmetic case advance"): left
0.4773	515.695	515.218	paginated.docx: page 3, line 13 ("rendering together paths something glyph compounds together add library arithmetic case advance"): right
-0.1000	70.850	70.950	paginated.docx: page 3, line 14 ("arithmetic margin paths ligature common arithmetic add margin arithmetic library measurement"): left
0.4372	502.224	501.787	paginated.docx: page 3, line 14 ("arithmetic margin paths ligature common arithmetic add margin arithmetic library measurement"): right
-0.1000	70.850	70.950	paginated.docx: page 3, line 15 ("baseline fonts uses baseline case library."): left
0.1608	250.213	250.052	paginated.docx: page 3, line 15 ("baseline fonts uses baseline case library."): right
-0.1000	70.850	70.950	paginated.docx: page 3, line 16 ("Section 23. must case kerning extraction something arithmetic add rendering together layout library"): left
0.5048	516.372	515.867	paginated.docx: page 3, line 16 ("Section 23. must case kerning extraction something arithmetic add rendering together layout library"): right
-0.1000	70.850	70.950	paginated.docx: page 3, line 17 ("advance advance margin pay sample uses separate add rendering kerning together add together."): left
0.3988	501.779	501.380	paginated.docx: page 3, line 17 ("advance advance margin pay sample uses separate add rendering kerning together add together."): right
-0.1000	70.850	70.950	paginated.docx: page 3, line 18 ("Section 24. pay ligature never rasteriser something paths rasteriser together sample ligature rendering"): left
0.4821	526.722	526.240	paginated.docx: page 3, line 18 ("Section 24. pay ligature never rasteriser something paths rasteriser together sample ligature rendering"): right
-0.1000	70.850	70.950	paginated.docx: page 3, line 19 ("layout rasteriser arithmetic rasteriser paths common add together page baseline must pagination"): left
0.4352	504.389	503.954	paginated.docx: page 3, line 19 ("layout rasteriser arithmetic rasteriser paths common add together page baseline must pagination"): right
-0.1000	70.850	70.950	paginated.docx: page 3, line 20 ("advance baseline because fonts uses add case rasteriser page layout arithmetic something page"): left
0.4502	496.671	496.221	paginated.docx: page 3, line 20 ("advance baseline because fonts uses add case rasteriser page layout arithmetic something page"): right
-0.1000	70.850	70.950	paginated.docx: page 3, line 21 ("measurement case uses add layout uses page must because kerning library advance library."): left
0.4587	477.056	476.597	paginated.docx: page 3, line 21 ("measurement case uses add layout uses page must because kerning library advance library."): right
-0.1000	70.850	70.950	paginated.docx: page 3, line 22 ("Heading 4"): left
-0.0071	137.311	137.318	paginated.docx: page 3, line 22 ("Heading 4"): right
-0.1000	70.850	70.950	paginated.docx: page 3, line 23 ("Section 25. separate extraction something filling glyph because fonts something rasteriser arithmetic"): left
0.4714	519.143	518.672	paginated.docx: page 3, line 23 ("Section 25. separate extraction something filling glyph because fonts something rasteriser arithmetic"): right
-0.1000	70.850	70.950	paginated.docx: page 3, line 24 ("layout page rendering layout pay separate kerning compounds extraction shaping paths layout library"): left
0.4933	521.893	521.400	paginated.docx: page 3, line 24 ("layout page rendering layout pay separate kerning compounds extraction shaping paths layout library"): right
-0.1000	70.850	70.950	paginated.docx: page 3, line 25 ("measurement together ligature separate something layout fonts case glyph arithmetic advance filling"): left
0.4487	520.551	520.102	paginated.docx: page 3, line 25 ("measurement together ligature separate something layout fonts case glyph arithmetic advance filling"): right
-0.1000	70.850	70.950	paginated.docx: page 3, line 26 ("arithmetic filling shaping uses shaping filling separate rasteriser paths advance layout together pay"): left
0.4689	509.175	508.706	paginated.docx: page 3, line 26 ("arithmetic filling shaping uses shaping filling separate rasteriser paths advance layout together pay"): right
-0.1000	70.850	70.950	paginated.docx: page 3, line 27 ("rendering shaping glyph."): left
0.0568	180.963	180.906	paginated.docx: page 3, line 27 ("rendering shaping glyph."): right
-0.1000	70.850	70.950	paginated.docx: page 3, line 28 ("Section 26. advance filling rendering library case layout arithmetic pay paths add glyph separate together"): left
0.4976	538.222	537.724	paginated.docx: page 3, line 28 ("Section 26. advance filling rendering library case layout arithmetic pay paths add glyph separate together"): right
-0.1000	70.850	70.950	paginated.docx: page 3, line 29 ("filling shaping because fonts compounds filling arithmetic fonts shaping kerning paths together baseline"): left
0.5011	532.582	532.081	paginated.docx: page 3, line 29 ("filling shaping because fonts compounds filling arithmetic fonts shaping kerning paths together baseline"): right
-0.1000	70.850	70.950	paginated.docx: page 3, line 30 ("kerning measurement never separate must shaping must pay kerning separate extraction arithmetic"): left
0.4460	516.071	515.625	paginated.docx: page 3, line 30 ("kerning measurement never separate must shaping must pay kerning separate extraction arithmetic"): right
-0.1000	70.850	70.950	paginated.docx: page 3, line 31 ("baseline pay because margin add ligature glyph library separate uses something filling."): left
0.4075	455.346	454.938	paginated.docx: page 3, line 31 ("baseline pay because margin add ligature glyph library separate uses something filling."): right
-0.1000	70.850	70.950	paginated.docx: page 3, line 32 ("Section 27. arithmetic baseline kerning because uses measurement add pagination never separate fonts"): left
0.4702	533.640	533.170	paginated.docx: page 3, line 32 ("Section 27. arithmetic baseline kerning because uses measurement add pagination never separate fonts"): right
-0.1000	70.850	70.950	paginated.docx: page 3, line 33 ("margin paths pagination layout kerning margin never compounds compounds paths never baseline"): left
0.3865	510.996	510.609	paginated.docx: page 3, line 33 ("margin paths pagination layout kerning margin never compounds compounds paths never baseline"): right
-0.1000	70.850	70.950	paginated.docx: page 3, line 34 ("sample arithmetic."): left
0.0362	154.322	154.286	paginated.docx: page 3, line 34 ("sample arithmetic."): right
-0.1000	70.850	70.950	paginated.docx: page 3, line 35 ("Section 28. fonts ligature never margin never kerning add ligature advance shaping layout shaping never"): left
0.5158	534.027	533.511	paginated.docx: page 3, line 35 ("Section 28. fonts ligature never margin never kerning add ligature advance shaping layout shaping never"): right
-0.1000	70.850	70.950	paginated.docx: page 3, line 36 ("compounds baseline library paths page measurement page rendering layout filling margin never page"): left
0.4705	522.850	522.379	paginated.docx: page 3, line 36 ("compounds baseline library paths page measurement page rendering layout filling margin never page"): right
-0.1000	70.850	70.950	paginated.docx: page 3, line 37 ("common measurement paths."): left
0.0961	205.224	205.128	paginated.docx: page 3, line 37 ("common measurement paths."): right
-0.1000	70.850	70.950	paginated.docx: page 3, line 38 ("Section 29. measurement must arithmetic case rendering together compounds advance because"): left
0.3679	501.231	500.863	paginated.docx: page 3, line 38 ("Section 29. measurement must arithmetic case rendering together compounds advance because"): right
-0.1000	70.850	70.950	paginated.docx: page 3, line 39 ("compounds together filling paths add margin arithmetic shaping separate rasteriser pay must separate"): left
0.4949	527.109	526.614	paginated.docx: page 3, line 39 ("compounds together filling paths add margin arithmetic shaping separate rasteriser pay must separate"): right
-0.1000	70.850	70.950	paginated.docx: page 3, line 40 ("never add baseline glyph ligature."): left
0.1367	220.951	220.814	paginated.docx: page 3, line 40 ("never add baseline glyph ligature."): right
-0.1000	70.850	70.950	paginated.docx: page 3, line 41 ("Section 30. must filling together advance compounds pay never page advance margin must compounds"): left
0.4699	530.670	530.200	paginated.docx: page 3, line 41 ("Section 30. must filling together advance compounds pay never page advance margin must compounds"): right
-0.1000	70.850	70.950	paginated.docx: page 3, line 42 ("sample uses common something measurement sample never must separate rendering ligature"): left
0.4333	492.771	492.338	paginated.docx: page 3, line 42 ("sample uses common something measurement sample never must separate rendering ligature"): right
-0.1000	70.850	70.950	paginated.docx: page 4, line 1 ("extraction add library never sample case measurement arithmetic filling because glyph case margin"): left
0.4708	512.752	512.281	paginated.docx: page 4, line 1 ("extraction add library never sample case measurement arithmetic filling because glyph case margin"): right
-0.1000	70.850	70.950	paginated.docx: page 4, line 2 ("shaping paths shaping compounds pagination something shaping page uses fonts margin rasteriser"): left
0.4442	511.119	510.675	paginated.docx: page 4, line 2 ("shaping paths shaping compounds pagination something shaping page uses fonts margin rasteriser"): right
-0.1000	70.850	70.950	paginated.docx: page 4, line 3 ("ligature fonts sample arithmetic."): left
0.1141	215.703	215.589	paginated.docx: page 4, line 3 ("ligature fonts sample arithmetic."): right
-0.1000	70.850	70.950	paginated.docx: page 4, line 4 ("Heading 5"): left
-0.0071	137.311	137.318	paginated.docx: page 4, line 4 ("Heading 5"): right
-0.1000	70.850	70.950	paginated.docx: page 4, line 5 ("Section 31. because pagination glyph pay ligature filling add rendering margin case measurement library"): left
0.4625	534.403	533.940	paginated.docx: page 4, line 5 ("Section 31. because pagination glyph pay ligature filling add rendering margin case measurement library"): right
-0.1000	70.850	70.950	paginated.docx: page 4, line 6 ("margin page paths compounds shaping add ligature together filling library rendering separate sample"): left
0.4976	521.722	521.224	paginated.docx: page 4, line 6 ("margin page paths compounds shaping add ligature together filling library rendering separate sample"): right
-0.1000	70.850	70.950	paginated.docx: page 4, line 7 ("together measurement add filling layout ligature compounds pagination measurement rendering never"): left
0.4569	530.514	530.057	paginated.docx: page 4, line 7 ("together measurement add filling layout ligature compounds pagination measurement rendering never"): right
-0.1000	70.850	70.950	paginated.docx: page 4, line 8 ("library paths baseline baseline library page library kerning advance compounds compounds separate"): left
0.4906	518.118	517.627	paginated.docx: page 4, line 8 ("library paths baseline baseline library page library kerning advance compounds compounds separate"): right
-0.1000	70.850	70.950	paginated.docx: page 4, line 9 ("must page add."): left
0.0298	139.466	139.436	paginated.docx: page 4, line 9 ("must page add."): right
-0.1000	70.850	70.950	paginated.docx: page 4, line 10 ("Section 32. measurement ligature rendering pay rasteriser page uses filling uses arithmetic extraction"): left
0.5044	521.893	521.389	paginated.docx: page 4, line 10 ("Section 32. measurement ligature rendering pay rasteriser page uses filling uses arithmetic extraction"): right
-0.1000	70.850	70.950	paginated.docx: page 4, line 11 ("margin extraction arithmetic shaping because pagination filling sample common rendering together"): left
0.4752	514.857	514.382	paginated.docx: page 4, line 11 ("margin extraction arithmetic shaping because pagination filling sample common rendering together"): right
-0.1000	70.850	70.950	paginated.docx: page 4, line 12 ("never margin fonts rasteriser fonts fonts pagination shaping something measurement baseline"): left
0.4006	490.935	490.534	paginated.docx: page 4, line 12 ("never margin fonts rasteriser fonts fonts pagination shaping something measurement baseline"): right
-0.1000	70.850	70.950	paginated.docx: page 4, line 13 ("something measurement shaping arithmetic arithmetic measurement together layout must library"): left
0.4634	509.389	508.926	paginated.docx: page 4, line 13 ("something measurement shaping arithmetic arithmetic measurement together layout must library"): right
-0.1000	70.850	70.950	paginated.docx: page 4, line 14 ("library common add case advance ligature."): left
0.1663	261.427	261.261	paginated.docx: page 4, line 14 ("library common add case advance ligature."): right
-0.1000	70.850	70.950	paginated.docx: page 4, line 15 ("Section 33. fonts baseline ligature paths sample filling margin margin filling filling measurement together"): left
0.5397	536.922	536.382	paginated.docx: page 4, line 15 ("Section 33. fonts baseline ligature paths sample filling margin margin filling filling measurement together"): right
-0.1000	70.850	70.950	paginated.docx: page 4, line 16 ("layout pagination never must baseline must page fonts."): left
0.2351	317.695	317.460	paginated.docx: page 4, line 16 ("layout pagination never must baseline must page fonts."): right
-0.1000	70.850	70.950	paginated.docx: page 4, line 17 ("Section 34. rasteriser compounds something uses layout extraction ligature must page page baseline"): left
0.4407	518.365	517.924	paginated.docx: page 4, line 17 ("Section 34. rasteriser compounds something uses layout extraction ligature must page page baseline"): right
-0.1000	70.850	70.950	paginated.docx: page 4, line 18 ("filling margin compounds must paths fonts case separate rasteriser something sample case margin"): left
0.3932	508.890	508.497	paginated.docx: page 4, line 18 ("filling margin compounds must paths fonts case separate rasteriser something sample case margin"): right
-0.1000	70.850	70.950	paginated.docx: page 4, line 19 ("pagination rendering."): left
0.0172	167.030	167.013	paginated.docx: page 4, line 19 ("pagination rendering."): right
-0.1000	70.850	70.950	paginated.docx: page 4, line 20 ("Section 35. ligature fonts measurement library add advance something uses margin baseline pay"): left
0.4739	500.017	499.543	paginated.docx: page 4, line 20 ("Section 35. ligature fonts measurement library add advance something uses margin baseline pay"): right
-0.1000	70.850	70.950	paginated.docx: page 4, line 21 ("compounds never something pay advance layout common filling shaping glyph case pay together"): left
0.4182	503.030	502.612	paginated.docx: page 4, line 21 ("compounds never something pay advance layout common filling shaping glyph case pay together"): right
-0.1000	70.850	70.950	paginated.docx: page 4, line 22 ("rendering page pay page margin page together uses because ligature rasteriser measurement filling"): left
0.4667	513.848	513.381	paginated.docx: page 4, line 22 ("rendering page pay page margin page together uses because ligature rasteriser measurement filling"): right
-0.1000	70.850	70.950	paginated.docx: page 4, line 23 ("paths pay library extraction add because extraction layout pagination ligature must rasteriser baseline"): left
0.5066	523.865	523.358	paginated.docx: page 4, line 23 ("paths pay library extraction add because extraction layout pagination ligature must rasteriser baseline"): right
-0.1000	70.850	70.950	paginated.docx: page 4, line 24 ("ligature separate."): left
0.0258	148.570	148.544	paginated.docx: page 4, line 24 ("ligature separate."): right
-0.1000	70.850	70.950	paginated.docx: page 4, line 25 ("Section 36. sample margin paths never filling page rasteriser something arithmetic advance paths layout"): left
0.4946	534.226	533.731	paginated.docx: page 4, line 25 ("Section 36. sample margin paths never filling page rasteriser something arithmetic advance paths layout"): right
-0.1000	70.850	70.950	paginated.docx: page 4, line 26 ("rendering fonts case library page sample rendering add library kerning extraction never library"): left
0.4657	489.812	489.346	paginated.docx: page 4, line 26 ("rendering fonts case library page sample rendering add library kerning extraction never library"): right
-0.1000	70.850	70.950	paginated.docx: page 4, line 27 ("measurement extraction filling arithmetic shaping margin add common ligature margin baseline filling"): left
0.5072	524.745	524.238	paginated.docx: page 4, line 27 ("measurement extraction filling arithmetic shaping margin add common ligature margin baseline filling"): right
-0.1000	70.850	70.950	paginated.docx: page 4, line 28 ("rendering extraction pay uses together compounds measurement."): left
0.2428	366.180	365.937	paginated.docx: page 4, line 28 ("rendering extraction pay uses together compounds measurement."): right
-0.1000	70.850	70.950	paginated.docx: page 4, line 29 ("Heading 6"): left
-0.0071	137.311	137.318	paginated.docx: page 4, line 29 ("Heading 6"): right
-0.1000	70.850	70.950	paginated.docx: page 4, line 30 ("Section 37. page measurement advance sample add page library together common filling pagination"): left
0.4753	517.607	517.132	paginated.docx: page 4, line 30 ("Section 37. page measurement advance sample add page library together common filling pagination"): right
-0.1000	70.850	70.950	paginated.docx: page 4, line 31 ("never layout never paths must add never layout sample common pay pay measurement sample layout"): left
0.4942	526.679	526.185	paginated.docx: page 4, line 31 ("never layout never paths must add never layout sample common pay pay measurement sample layout"): right
-0.1000	70.850	70.950	paginated.docx: page 4, line 32 ("glyph rendering extraction margin paths margin common together never rendering layout together"): left
0.4448	511.538	511.093	paginated.docx: page 4, line 32 ("glyph rendering extraction margin paths margin common together never rendering layout together"): right
-0.1000	70.850	70.950	paginated.docx: page 4, line 33 ("library common together glyph ligature uses shaping baseline layout page library compounds."): left
0.4908	487.626	487.135	paginated.docx: page 4, line 33 ("library common together glyph ligature uses shaping baseline layout page library compounds."): right
-0.1000	70.850	70.950	paginated.docx: page 4, line 34 ("Section 38. layout sample extraction pay compounds paths never sample advance glyph case case"): left
0.4247	505.743	505.318	paginated.docx: page 4, line 34 ("Section 38. layout sample extraction pay compounds paths never sample advance glyph case case"): right
-0.1000	70.850	70.950	paginated.docx: page 4, line 35 ("kerning glyph kerning baseline compounds uses compounds separate separate advance advance"): left
0.4053	499.442	499.037	paginated.docx: page 4, line 35 ("kerning glyph kerning baseline compounds uses compounds separate separate advance advance"): right
-0.1000	70.850	70.950	paginated.docx: page 4, line 36 ("something separate paths together pay kerning pagination filling together rasteriser ligature margin"): left
0.4187	514.009	513.590	paginated.docx: page 4, line 36 ("something separate paths together pay kerning pagination filling together rasteriser ligature margin"): right
-0.1000	70.850	70.950	paginated.docx: page 4, line 37 ("paths must shaping."): left
0.0290	160.354	160.325	paginated.docx: page 4, line 37 ("paths must shaping."): right
-0.1000	70.850	70.950	paginated.docx: page 4, line 38 ("Section 39. uses layout pay case common filling filling library layout separate pagination filling sample"): left
0.4954	522.500	522.005	paginated.docx: page 4, line 38 ("Section 39. uses layout pay case common filling filling library layout separate pagination filling sample"): right
-0.1000	70.850	70.950	paginated.docx: page 4, line 39 ("kerning never extraction glyph rasteriser shaping page arithmetic library common advance shaping."): left
0.4832	512.918	512.435	paginated.docx: page 4, line 39 ("kerning never extraction glyph rasteriser shaping page arithmetic library common advance shaping."): right
-0.1000	70.850	70.950	paginated.docx: page 4, line 40 ("Section 40. library shaping paths library pay measurement layout common pagination separate sample"): left
0.4664	527.597	527.131	paginated.docx: page 4, line 40 ("Section 40. library shaping paths library pay measurement layout common pagination separate sample"): right
-0.1000	70.850	70.950	paginated.docx: page 4, line 41 ("uses something case baseline layout compounds rendering kerning shaping library because never"): left
0.5153	504.029	503.514	paginated.docx: page 4, line 41 ("uses something case baseline layout compounds rendering kerning shaping library because never"): right
-0.1000	70.850	70.950	paginated.docx: page 5, line 1 ("together rasteriser glyph compounds extraction pagination together page never never."): left
0.3618	455.652	455.290	paginated.docx: page 5, line 1 ("together rasteriser glyph compounds extraction pagination together page never never."): right
-0.1000	70.850	70.950	paginated.docx: page 5, line 2 ("Section 41. must fonts kerning separate must page case filling sample sample add rasteriser extraction"): left
0.4886	525.541	525.052	paginated.docx: page 5, line 2 ("Section 41. must fonts kerning separate must page case filling sample sample add rasteriser extraction"): right
-0.1000	70.850	70.950	paginated.docx: page 5, line 3 ("library never measurement add baseline rasteriser pay library page glyph measurement baseline page"): left
0.5482	524.423	523.875	paginated.docx: page 5, line 3 ("library never measurement add baseline rasteriser pay library page glyph measurement baseline page"): right
-0.1000	70.850	70.950	paginated.docx: page 5, line 4 ("kerning must case."): left
0.0366	153.850	153.813	paginated.docx: page 5, line 4 ("kerning must case."): right
-0.1000	70.850	70.950	paginated.docx: page 5, line 5 ("Section 42. sample baseline arithmetic shaping case something case something because kerning uses"): left
0.4468	520.868	520.421	paginated.docx: page 5, line 5 ("Section 42. sample baseline arithmetic shaping case something case something because kerning uses"): right
-0.1000	70.850	70.950	paginated.docx: page 5, line 6 ("ligature compounds rasteriser baseline uses advance library measurement baseline pagination"): left
0.4595	490.994	490.534	paginated.docx: page 5, line 6 ("ligature compounds rasteriser baseline uses advance library measurement baseline pagination"): right
-0.1000	70.850	70.950	paginated.docx: page 5, line 7 ("something advance page."): left
0.0274	184.486	184.459	paginated.docx: page 5, line 7 ("something advance page."): right
-0.1000	70.850	70.950	paginated.docx: page 5, line 8 ("Heading 7"): left
-0.0071	137.311	137.318	paginated.docx: page 5, line 8 ("Heading 7"): right
-0.1000	70.850	70.950	paginated.docx: page 5, line 9 ("Section 43. extraction arithmetic extraction baseline measurement must filling compounds baseline page"): left
0.4951	538.549	538.054	paginated.docx: page 5, line 9 ("Section 43. extraction arithmetic extraction baseline measurement must filling compounds baseline page"): right
-0.1000	70.850	70.950	paginated.docx: page 5, line 10 ("pagination common common common kerning never because measurement rendering measurement"): left
0.3913	522.704	522.313	paginated.docx: page 5, line 10 ("pagination common common common kerning never because measurement rendering measurement"): right
-0.1000	70.850	70.950	paginated.docx: page 5, line 11 ("rendering sample rendering pay ligature library measurement fonts kerning together ligature paths uses"): left
0.4946	533.302	532.807	paginated.docx: page 5, line 11 ("rendering sample rendering pay ligature library measurement fonts kerning together ligature paths uses"): right
-0.1000	70.850	70.950	paginated.docx: page 5, line 12 ("rendering margin glyph."): left
0.0775	177.574	177.496	paginated.docx: page 5, line 12 ("rendering margin glyph."): right
-0.1000	70.850	70.950	paginated.docx: page 5, line 13 ("Section 44. case paths library kerning margin never never shaping measurement pay margin common"): left
0.4778	521.625	521.147	paginated.docx: page 5, line 13 ("Section 44. case paths library kerning margin never never shaping measurement pay margin common"): right
-0.1000	70.850	70.950	paginated.docx: page 5, line 14 ("because extraction fonts filling ligature case glyph kerning pay rendering measurement measurement"): left
0.5447	521.813	521.268	paginated.docx: page 5, line 14 ("because extraction fonts filling ligature case glyph kerning pay rendering measurement measurement"): right
-0.1000	70.850	70.950	paginated.docx: page 5, line 15 ("rendering common sample baseline case common add case."): left
0.2493	338.873	338.624	paginated.docx: page 5, line 15 ("rendering common sample baseline case common add case."): right
-0.1000	70.850	70.950	paginated.docx: page 5, line 16 ("Section 45. arithmetic must because add something sample arithmetic arithmetic baseline kerning paths"): left
0.5110	536.057	535.546	paginated.docx: page 5, line 16 ("Section 45. arithmetic must because add something sample arithmetic arithmetic baseline kerning paths"): right
-0.1000	70.850	70.950	paginated.docx: page 5, line 17 ("never advance fonts common kerning must common pay pay layout baseline."): left
0.2956	414.633	414.337	paginated.docx: page 5, line 17 ("never advance fonts common kerning must common pay pay layout baseline."): right
-0.1000	70.850	70.950	paginated.doc: page 1, line 1 ("Section 1. kerning advance rasteriser layout ligature layout common advance add pay because separate"): left
0.5198	530.423	529.903	paginated.doc: page 1, line 1 ("Section 1. kerning advance rasteriser layout ligature layout common advance add pay because separate"): right
-0.1000	70.850	70.950	paginated.doc: page 1, line 2 ("margin advance fonts extraction library paths separate rasteriser arithmetic rendering kerning together"): left
0.5030	529.515	529.012	paginated.doc: page 1, line 2 ("margin advance fonts extraction library paths separate rasteriser arithmetic rendering kerning together"): right
-0.1000	70.850	70.950	paginated.doc: page 1, line 3 ("advance rasteriser uses something shaping extraction because kerning page baseline because filling"): left
0.4558	513.617	513.161	paginated.doc: page 1, line 3 ("advance rasteriser uses something shaping extraction because kerning page baseline because filling"): right
-0.1000	70.850	70.950	paginated.doc: page 1, line 4 ("together uses something rendering library common margin common something compounds."): left
0.3919	483.721	483.329	paginated.doc: page 1, line 4 ("together uses something rendering library common margin common something compounds."): right
-0.1000	70.850	70.950	paginated.doc: page 1, line 5 ("Section 2. rendering extraction never never paths ligature compounds margin baseline library rasteriser"): left
0.4927	531.089	530.596	paginated.doc: page 1, line 5 ("Section 2. rendering extraction never never paths ligature compounds margin baseline library rasteriser"): right
-0.1000	70.850	70.950	paginated.doc: page 1, line 6 ("page pagination because add pagination extraction baseline case must arithmetic common."): left
0.3993	478.151	477.752	paginated.doc: page 1, line 6 ("page pagination because add pagination extraction baseline case must arithmetic common."): right
-0.1000	70.850	70.950	paginated.doc: page 1, line 7 ("Section 3. paths kerning shaping layout rasteriser advance rasteriser must baseline compounds case"): left
0.4148	514.863	514.448	paginated.doc: page 1, line 7 ("Section 3. paths kerning shaping layout rasteriser advance rasteriser must baseline compounds case"): right
-0.1000	70.850	70.950	paginated.doc: page 1, line 8 ("margin baseline never extraction page add rendering."): left
0.2344	309.235	309.001	paginated.doc: page 1, line 8 ("margin baseline never extraction page add rendering."): right
-0.1000	70.850	70.950	paginated.doc: page 1, line 9 ("Section 4. layout margin common separate pay never advance filling extraction pagination something"): left
0.4699	521.265	520.795	paginated.doc: page 1, line 9 ("Section 4. layout margin common separate pay never advance filling extraction pagination something"): right
-0.1000	70.850	70.950	paginated.doc: page 1, line 10 ("compounds library library because never arithmetic extraction measurement measurement kerning"): left
0.4660	513.858	513.392	paginated.doc: page 1, line 10 ("compounds library library because never arithmetic extraction measurement measurement kerning"): right
-0.1000	70.850	70.950	paginated.doc: page 1, line 11 ("must ligature must compounds layout pay add uses arithmetic rasteriser."): left
0.2996	394.298	393.998	paginated.doc: page 1, line 11 ("must ligature must compounds layout pay add uses arithmetic rasteriser."): right
-0.1000	70.850	70.950	paginated.doc: page 1, line 12 ("Section 5. rasteriser compounds ligature because baseline paths common common separate filling"): left
0.3878	508.192	507.804	paginated.doc: page 1, line 12 ("Section 5. rasteriser compounds ligature because baseline paths common common separate filling"): right
-0.1000	70.850	70.950	paginated.doc: page 1, line 13 ("arithmetic margin filling baseline shaping something layout library must uses ligature library page never"): left
0.5320	531.744	531.212	paginated.doc: page 1, line 13 ("arithmetic margin filling baseline shaping something layout library must uses ligature library page never"): right
-0.1000	70.850	70.950	paginated.doc: page 1, line 14 ("never rendering library page."): left
0.0914	200.148	200.057	paginated.doc: page 1, line 14 ("never rendering library page."): right
-0.1000	70.850	70.950	paginated.doc: page 1, line 15 ("Section 6. advance arithmetic paths separate layout something measurement must because"): left
0.3700	479.827	479.457	paginated.doc: page 1, line 15 ("Section 6. advance arithmetic paths separate layout something measurement must because"): right
-0.1000	70.850	70.950	paginated.doc: page 1, line 16 ("measurement must advance pagination must separate rendering ligature sample add separate rendering"): left
0.4504	536.975	536.525	paginated.doc: page 1, line 16 ("measurement must advance pagination must separate rendering ligature sample add separate rendering"): right
-0.1000	70.850	70.950	paginated.doc: page 1, line 17 ("library ligature library add together must library library advance measurement separate must pagination"): left
0.5180	534.612	534.094	paginated.doc: page 1, line 17 ("library ligature library add together must library library advance measurement separate must pagination"): right
-0.1000	70.850	70.950	paginated.doc: page 1, line 18 ("sample because ligature library baseline rendering shaping extraction compounds compounds."): left
0.4254	492.180	491.755	paginated.doc: page 1, line 18 ("sample because ligature library baseline rendering shaping extraction compounds compounds."): right
-0.1000	70.850	70.950	paginated.doc: page 1, line 19 ("Heading 1"): left
-0.0071	137.311	137.318	paginated.doc: page 1, line 19 ("Heading 1"): right
-0.1000	70.850	70.950	paginated.doc: page 1, line 20 ("Section 7. extraction library because because case filling baseline pagination compounds kerning"): left
0.4596	500.388	499.928	paginated.doc: page 1, line 20 ("Section 7. extraction library because because case filling baseline pagination compounds kerning"): right
-0.1000	70.850	70.950	paginated.doc: page 1, line 21 ("advance kerning because rendering add because ligature rendering uses case shaping shaping filling"): left
0.4741	514.911	514.437	paginated.doc: page 1, line 21 ("advance kerning because rendering add because ligature rendering uses case shaping shaping filling"): right
-0.1000	70.850	70.950	paginated.doc: page 1, line 22 ("extraction measurement add pay rasteriser fonts pagination advance shaping arithmetic together margin"): left
0.4771	537.926	537.449	paginated.doc: page 1, line 22 ("extraction measurement add pay rasteriser fonts pagination advance shaping arithmetic together margin"): right
-0.1000	70.850	70.950	paginated.doc: page 1, line 23 ("filling rasteriser glyph rasteriser never compounds uses together never must must shaping sample"): left
0.4364	506.634	506.198	paginated.doc: page 1, line 23 ("filling rasteriser glyph rasteriser never compounds uses together never must must shaping sample"): right
-0.1000	70.850	70.950	paginated.doc: page 1, line 24 ("separate library page fonts case advance ligature."): left
0.1749	290.410	290.235	paginated.doc: page 1, line 24 ("separate library page fonts case advance ligature."): right
-0.1000	70.850	70.950	paginated.doc: page 1, line 25 ("Section 8. never baseline compounds shaping together advance together library separate page separate"): left
0.4975	533.194	532.697	paginated.doc: page 1, line 25 ("Section 8. never baseline compounds shaping together advance together library separate page separate"): right
-0.1000	70.850	70.950	paginated.doc: page 1, line 26 ("page sample add rendering must margin kerning rasteriser rendering page arithmetic pay paths case"): left
0.4608	517.527	517.066	paginated.doc: page 1, line 26 ("page sample add rendering must margin kerning rasteriser rendering page arithmetic pay paths case"): right
-0.1000	70.850	70.950	paginated.doc: page 1, line 27 ("advance common measurement library rasteriser rasteriser ligature filling layout extraction."): left
0.4279	478.554	478.126	paginated.doc: page 1, line 27 ("advance common measurement library rasteriser rasteriser ligature filling layout extraction."): right
-0.1000	70.850	70.950	paginated.doc: page 1, line 28 ("Section 9. ligature separate layout uses page sample fonts margin uses because baseline compounds"): left
0.4172	517.978	517.561	paginated.doc: page 1, line 28 ("Section 9. ligature separate layout uses page sample fonts margin uses because baseline compounds"): right
-0.1000	70.850	70.950	paginated.doc: page 1, line 29 ("must advance kerning rasteriser extraction compounds pagination kerning together never common case"): left
0.4536	534.097	533.643	paginated.doc: page 1, line 29 ("must advance kerning rasteriser extraction compounds pagination kerning together never common case"): right
-0.1000	70.850	70.950	paginated.doc: page 1, line 30 ("never arithmetic compounds because add together filling rendering sample because separate advance"): left
0.4672	526.432	525.965	paginated.doc: page 1, line 30 ("never arithmetic compounds because add together filling rendering sample because separate advance"): right
-0.1000	70.850	70.950	paginated.doc: page 1, line 31 ("pagination baseline page shaping rendering never library glyph separate layout pagination must ligature"): left
0.4327	533.130	532.697	paginated.doc: page 1, line 31 ("pagination baseline page shaping rendering never library glyph separate layout pagination must ligature"): right
-0.1000	70.850	70.950	paginated.doc: page 1, line 32 ("pay advance shaping because uses advance something fonts filling add compounds never add pay page"): left
0.4887	529.666	529.177	paginated.doc: page 1, line 32 ("pay advance shaping because uses advance something fonts filling add compounds never add pay page"): right
-0.1000	70.850	70.950	paginated.doc: page 1, line 33 ("shaping rasteriser."): left
-0.0490	151.685	151.734	paginated.doc: page 1, line 33 ("shaping rasteriser."): right
-0.1000	70.850	70.950	paginated.doc: page 1, line 34 ("Section 10. case extraction compounds rendering separate margin case shaping because fonts library"): left
0.3984	519.895	519.497	paginated.doc: page 1, line 34 ("Section 10. case extraction compounds rendering separate margin case shaping because fonts library"): right
-0.1000	70.850	70.950	paginated.doc: page 1, line 35 ("kerning baseline margin page arithmetic ligature shaping must pagination glyph ligature together"): left
0.4987	502.418	501.919	paginated.doc: page 1, line 35 ("kerning baseline margin page arithmetic ligature shaping must pagination glyph ligature together"): right
-0.1000	70.850	70.950	paginated.doc: page 1, line 36 ("common rasteriser baseline rendering filling must rendering separate rasteriser pay uses extraction"): left
0.4967	512.129	511.632	paginated.doc: page 1, line 36 ("common rasteriser baseline rendering filling must rendering separate rasteriser pay uses extraction"): right
-0.1000	70.850	70.950	paginated.doc: page 1, line 37 ("something together sample arithmetic shaping common shaping case filling."): left
0.3220	410.325	410.003	paginated.doc: page 1, line 37 ("something together sample arithmetic shaping common shaping case filling."): right
-0.1000	70.850	70.950	paginated.doc: page 1, line 38 ("Section 11. rasteriser glyph rendering compounds baseline fonts never never never must uses sample"): left
0.4920	522.420	521.928	paginated.doc: page 1, line 38 ("Section 11. rasteriser glyph rendering compounds baseline fonts never never never must uses sample"): right
-0.1000	70.850	70.950	paginated.doc: page 1, line 39 ("layout together together rasteriser never rasteriser common must arithmetic must because filling"): left
0.4576	504.148	503.690	paginated.doc: page 1, line 39 ("layout together together rasteriser never rasteriser common must arithmetic must because filling"): right
-0.1000	70.850	70.950	paginated.doc: page 1, line 40 ("compounds common glyph baseline must rasteriser margin rendering common rasteriser sample"): left
0.4888	501.913	501.424	paginated.doc: page 1, line 40 ("compounds common glyph baseline must rasteriser margin rendering common rasteriser sample"): right
-0.1000	70.850	70.950	paginated.doc: page 1, line 41 ("measurement case pagination rasteriser library ligature common rendering separate ligature pay"): left
0.4199	500.887	500.467	paginated.doc: page 1, line 41 ("measurement case pagination rasteriser library ligature common rendering separate ligature pay"): right
-0.1000	70.850	70.950	paginated.doc: page 1, line 42 ("rasteriser layout case never layout fonts something common paths must kerning library common"): left
0.3859	500.941	500.555	paginated.doc: page 1, line 42 ("rasteriser layout case never layout fonts something common paths must kerning library common"): right
-0.1000	70.850	70.950	paginated.doc: page 2, line 1 ("together margin kerning glyph."): left
0.0635	208.414	208.351	paginated.doc: page 2, line 1 ("together margin kerning glyph."): right
-0.1000	70.850	70.950	paginated.doc: page 2, line 2 ("Section 12. sample glyph never measurement extraction separate rasteriser layout baseline kerning"): left
0.4553	512.934	512.479	paginated.doc: page 2, line 2 ("Section 12. sample glyph never measurement extraction separate rasteriser layout baseline kerning"): right
-0.1000	70.850	70.950	paginated.doc: page 2, line 3 ("measurement measurement margin rasteriser fonts common extraction together because margin"): left
0.4269	504.953	504.526	paginated.doc: page 2, line 3 ("measurement measurement margin rasteriser fonts common extraction together because margin"): right
-0.1000	70.850	70.950	paginated.doc: page 2, line 4 ("rasteriser pagination filling page case fonts margin must pagination measurement glyph layout margin"): left
0.4368	524.939	524.502	paginated.doc: page 2, line 4 ("rasteriser pagination filling page case fonts margin must pagination measurement glyph layout margin"): right
-0.1000	70.850	70.950	paginated.doc: page 2, line 5 ("never layout library pagination add ligature common extraction sample paths uses page add pagination"): left
0.4319	529.961	529.529	paginated.doc: page 2, line 5 ("never layout library pagination add ligature common extraction sample paths uses page add pagination"): right
-0.1000	70.850	70.950	paginated.doc: page 2, line 6 ("never margin layout."): left
0.0175	162.894	162.877	paginated.doc: page 2, line 6 ("never margin layout."): right
-0.1000	70.850	70.950	paginated.doc: page 2, line 7 ("Heading 2"): left
-0.0071	137.311	137.318	paginated.doc: page 2, line 7 ("Heading 2"): right
-0.1000	70.850	70.950	paginated.doc: page 2, line 8 ("Section 13. library compounds shaping never case margin rendering case common arithmetic filling"): left
0.4263	512.311	511.885	paginated.doc: page 2, line 8 ("Section 13. library compounds shaping never case margin rendering case common arithmetic filling"): right
-0.1000	70.850	70.950	paginated.doc: page 2, line 9 ("advance margin paths rasteriser compounds extraction common filling filling page pagination baseline"): left
0.4742	524.987	524.513	paginated.doc: page 2, line 9 ("advance margin paths rasteriser compounds extraction common filling filling page pagination baseline"): right
-0.1000	70.850	70.950	paginated.doc: page 2, line 10 ("common advance library separate compounds fonts compounds ligature fonts shaping paths glyph"): left
0.4116	509.261	508.849	paginated.doc: page 2, line 10 ("common advance library separate compounds fonts compounds ligature fonts shaping paths glyph"): right
-0.1000	70.850	70.950	paginated.doc: page 2, line 11 ("shaping baseline something margin add measurement something ligature page something something"): left
0.4501	522.323	521.873	paginated.doc: page 2, line 11 ("shaping baseline something margin add measurement something ligature page something something"): right
-0.1000	70.850	70.950	paginated.doc: page 2, line 12 ("rendering extraction arithmetic separate fonts baseline."): left
0.2359	319.027	318.791	paginated.doc: page 2, line 12 ("rendering extraction arithmetic separate fonts baseline."): right
-0.1000	70.850	70.950	paginated.doc: page 2, line 13 ("Section 14. compounds paths together margin paths together library uses glyph ligature filling arithmetic"): left
0.5106	537.223	536.712	paginated.doc: page 2, line 13 ("Section 14. compounds paths together margin paths together library uses glyph ligature filling arithmetic"): right
-0.1000	70.850	70.950	paginated.doc: page 2, line 14 ("separate common kerning pay arithmetic case paths baseline kerning case never paths sample pay case"): left
0.4716	530.837	530.365	paginated.doc: page 2, line 14 ("separate common kerning pay arithmetic case paths baseline kerning case never paths sample pay case"): right
-0.1000	70.850	70.950	paginated.doc: page 2, line 15 ("measurement advance must baseline kerning filling baseline measurement must something must"): left
0.4798	503.895	503.415	paginated.doc: page 2, line 15 ("measurement advance must baseline kerning filling baseline measurement must something must"): right
-0.1000	70.850	70.950	paginated.doc: page 2, line 16 ("arithmetic ligature case add sample page page rasteriser page arithmetic rasteriser arithmetic rasteriser"): left
0.5570	532.319	531.762	paginated.doc: page 2, line 16 ("arithmetic ligature case add sample page page rasteriser page arithmetic rasteriser arithmetic rasteriser"): right
-0.1000	70.850	70.950	paginated.doc: page 2, line 17 ("separate paths extraction page filling glyph rendering separate common uses page library because fonts"): left
0.4544	532.689	532.235	paginated.doc: page 2, line 17 ("separate paths extraction page filling glyph rendering separate common uses page library because fonts"): right
-0.1000	70.850	70.950	paginated.doc: page 2, line 18 ("arithmetic."): left
-0.0129	119.700	119.713	paginated.doc: page 2, line 18 ("arithmetic."): right
-0.1000	70.850	70.950	paginated.doc: page 2, line 19 ("Section 15. measurement ligature ligature sample never pagination pagination shaping must library case"): left
0.5127	535.069	534.556	paginated.doc: page 2, line 19 ("Section 15. measurement ligature ligature sample never pagination pagination shaping must library case"): right
-0.1000	70.850	70.950	paginated.doc: page 2, line 20 ("advance never advance glyph filling compounds pay measurement pay together something layout glyph"): left
0.4972	532.963	532.466	paginated.doc: page 2, line 20 ("advance never advance glyph filling compounds pay measurement pay together something layout glyph"): right
-0.1000	70.850	70.950	paginated.doc: page 2, line 21 ("measurement common kerning together because because glyph shaping kerning add extraction library"): left
0.4408	527.748	527.307	paginated.doc: page 2, line 21 ("measurement common kerning together because because glyph shaping kerning add extraction library"): right
-0.1000	70.850	70.950	paginated.doc: page 2, line 22 ("add never because add shaping together something pay uses sample together measurement case"): left
0.3634	505.329	504.966	paginated.doc: page 2, line 22 ("add never because add shaping together something pay uses sample together measurement case"): right
-0.1000	70.850	70.950	paginated.doc: page 2, line 23 ("together advance page advance add kerning together uses margin."): left
0.2638	367.609	367.345	paginated.doc: page 2, line 23 ("together advance page advance add kerning together uses margin."): right
-0.1000	70.850	70.950	paginated.doc: page 2, line 24 ("Section 16. arithmetic because measurement measurement rendering measurement margin compounds"): left
0.4980	537.045	536.547	paginated.doc: page 2, line 24 ("Section 16. arithmetic because measurement measurement rendering measurement margin compounds"): right
-0.1000	70.850	70.950	paginated.doc: page 2, line 25 ("rasteriser measurement compounds pay layout layout because kerning something rendering uses paths"): left
0.4677	531.449	530.981	paginated.doc: page 2, line 25 ("rasteriser measurement compounds pay layout layout because kerning something rendering uses paths"): right
-0.1000	70.850	70.950	paginated.doc: page 2, line 26 ("fonts something rendering glyph library add because pagination because page common together"): left
0.3798	501.650	501.270	paginated.doc: page 2, line 26 ("fonts something rendering glyph library add because pagination because page common together"): right
-0.1000	70.850	70.950	paginated.doc: page 2, line 27 ("because rendering pay common glyph arithmetic uses shaping pagination kerning margin sample"): left
0.4539	502.450	501.996	paginated.doc: page 2, line 27 ("because rendering pay common glyph arithmetic uses shaping pagination kerning margin sample"): right
-0.1000	70.850	70.950	paginated.doc: page 2, line 28 ("pagination pagination must shaping shaping library separate baseline sample extraction compounds"): left
0.4686	516.050	515.581	paginated.doc: page 2, line 28 ("pagination pagination must shaping shaping library separate baseline sample extraction compounds"): right
-0.1000	70.850	70.950	paginated.doc: page 2, line 29 ("because kerning rendering measurement extraction case baseline baseline pay."): left
0.3966	423.259	422.862	paginated.doc: page 2, line 29 ("because kerning rendering measurement extraction case baseline baseline pay."): right
-0.1000	70.850	70.950	paginated.doc: page 2, line 30 ("Section 17. fonts compounds fonts together never compounds glyph something page paths ligature add"): left
0.4234	532.383	531.960	paginated.doc: page 2, line 30 ("Section 17. fonts compounds fonts together never compounds glyph something page paths ligature add"): right
-0.1000	70.850	70.950	paginated.doc: page 2, line 31 ("case add pay layout paths kerning rendering ligature separate together common rasteriser layout sample"): left
0.4585	537.104	536.646	paginated.doc: page 2, line 31 ("case add pay layout paths kerning rendering ligature separate together common rasteriser layout sample"): right
-0.1000	70.850	70.950	paginated.doc: page 2, line 32 ("never arithmetic ligature uses advance layout page."): left
0.2087	300.003	299.794	paginated.doc: page 2, line 32 ("never arithmetic ligature uses advance layout page."): right
-0.1000	70.850	70.950	paginated.doc: page 2, line 33 ("Section 18. layout add ligature filling shaping margin pagination because ligature uses margin paths"): left
0.4901	512.177	511.687	paginated.doc: page 2, line 33 ("Section 18. layout add ligature filling shaping margin pagination because ligature uses margin paths"): right
-0.1000	70.850	70.950	paginated.doc: page 2, line 34 ("never must compounds page paths arithmetic extraction ligature measurement advance arithmetic"): left
0.4795	512.617	512.138	paginated.doc: page 2, line 34 ("never must compounds page paths arithmetic extraction ligature measurement advance arithmetic"): right
-0.1000	70.850	70.950	paginated.doc: page 2, line 35 ("baseline fonts baseline fonts together pay filling must page paths pay layout extraction never pay must"): left
0.5446	527.335	526.790	paginated.doc: page 2, line 35 ("baseline fonts baseline fonts together pay filling must page paths pay layout extraction never pay must"): right
-0.1000	70.850	70.950	paginated.doc: page 2, line 36 ("because sample page common."): left
0.0460	210.982	210.936	paginated.doc: page 2, line 36 ("because sample page common."): right
-0.1000	70.850	70.950	paginated.doc: page 2, line 37 ("Heading 3"): left
-0.0071	137.311	137.318	paginated.doc: page 2, line 37 ("Heading 3"): right
-0.1000	70.850	70.950	paginated.doc: page 2, line 38 ("Section 19. kerning because add rendering rasteriser baseline rasteriser because advance never separate"): left
0.5195	536.627	536.107	paginated.doc: page 2, line 38 ("Section 19. kerning because add rendering rasteriser baseline rasteriser because advance never separate"): right
-0.1000	70.850	70.950	paginated.doc: page 2, line 39 ("baseline shaping fonts add together add margin library add kerning library measurement library must"): left
0.5108	521.625	521.114	paginated.doc: page 2, line 39 ("baseline shaping fonts add together add margin library add kerning library measurement library must"): right
-0.1000	70.850	70.950	paginated.doc: page 2, line 40 ("common margin kerning case advance extraction compounds ligature arithmetic something case kerning"): left
0.4978	536.143	535.645	paginated.doc: page 2, line 40 ("common margin kerning case advance extraction compounds ligature arithmetic something case kerning"): right
-0.1000	70.850	70.950	paginated.doc: page 2, line 41 ("extraction never pay something compounds add pagination margin because filling rasteriser."): left
0.3407	481.734	481.393	paginated.doc: page 2, line 41 ("extraction never pay something compounds add pagination margin because filling rasteriser."): right
-0.1000	70.850	70.950	paginated.doc: page 3, line 1 ("Section 20. compounds case pagination add page ligature pagination advance compounds because"): left
0.3919	510.088	509.696	paginated.doc: page 3, line 1 ("Section 20. compounds case pagination add page ligature pagination advance compounds because"): right
-0.1000	70.850	70.950	paginated.doc: page 3, line 2 ("common pay common must layout layout rasteriser margin separate kerning because common uses"): left
0.4060	514.535	514.129	paginated.doc: page 3, line 2 ("common pay common must layout layout rasteriser margin separate kerning because common uses"): right
-0.1000	70.850	70.950	paginated.doc: page 3, line 3 ("separate fonts case glyph baseline library pagination."): left
0.2012	306.727	306.526	paginated.doc: page 3, line 3 ("separate fonts case glyph baseline library pagination."): right
-0.1000	70.850	70.950	paginated.doc: page 3, line 4 ("Section 21. glyph must never pay compounds ligature pagination baseline extraction margin together"): left
0.4382	520.980	520.542	paginated.doc: page 3, line 4 ("Section 21. glyph must never pay compounds ligature pagination baseline extraction margin together"): right
-0.1000	70.850	70.950	paginated.doc: page 3, line 5 ("arithmetic rendering filling pagination rasteriser pagination add advance common compounds never"): left
0.4414	517.639	517.198	paginated.doc: page 3, line 5 ("arithmetic rendering filling pagination rasteriser pagination add advance common compounds never"): right
-0.1000	70.850	70.950	paginated.doc: page 3, line 6 ("pagination something common fonts filling add uses sample pay rasteriser rasteriser rendering rasteriser"): left
0.4592	536.159	535.700	paginated.doc: page 3, line 6 ("pagination something common fonts filling add uses sample pay rasteriser rasteriser rendering rasteriser"): right
-0.1000	70.850	70.950	paginated.doc: page 3, line 7 ("because must arithmetic ligature baseline pagination pagination because measurement page kerning"): left
0.4067	520.465	520.058	paginated.doc: page 3, line 7 ("because must arithmetic ligature baseline pagination pagination because measurement page kerning"): right
-0.1000	70.850	70.950	paginated.doc: page 3, line 8 ("case advance must arithmetic library filling fonts pagination pay case extraction something"): left
0.3732	473.967	473.594	paginated.doc: page 3, line 8 ("case advance must arithmetic library filling fonts pagination pay case extraction something"): right
-0.1000	70.850	70.950	paginated.doc: page 3, line 9 ("measurement arithmetic measurement fonts layout library kerning separate margin layout must add."): left
0.4656	520.755	520.289	paginated.doc: page 3, line 9 ("measurement arithmetic measurement fonts layout library kerning separate margin layout must add."): right
-0.1000	70.850	70.950	paginated.doc: page 3, line 10 ("Section 22. compounds rendering fonts rasteriser baseline kerning separate pay compounds case margin"): left
0.4289	536.041	535.612	paginated.doc: page 3, line 10 ("Section 22. compounds rendering fonts rasteriser baseline kerning separate pay compounds case margin"): right
-0.1000	70.850	70.950	paginated.doc: page 3, line 11 ("layout pagination must filling arithmetic pagination paths separate pay margin shaping common ligature"): left
0.4846	534.403	533.918	paginated.doc: page 3, line 11 ("layout pagination must filling arithmetic pagination paths separate pay margin shaping common ligature"): right
-0.1000	70.850	70.950	paginated.doc: page 3, line 12 ("sample baseline baseline something shaping kerning baseline glyph case case pagination glyph baseline"): left
0.5491	531.497	530.948	paginated.doc: page 3, line 12 ("sample baseline baseline something shaping kerning baseline glyph case case pagination glyph baseline"): right
-0.1000	70.850	70.950	paginated.doc: page 3, line 13 ("rendering together paths something glyph compounds together add library arithmetic case advance"): left
0.4773	515.695	515.218	paginated.doc: page 3, line 13 ("rendering together paths something glyph compounds together add library arithmetic case advance"): right
-0.1000	70.850	70.950	paginated.doc: page 3, line 14 ("arithmetic margin paths ligature common arithmetic add margin arithmetic library measurement"): left
0.4372	502.224	501.787	paginated.doc: page 3, line 14 ("arithmetic margin paths ligature common arithmetic add margin arithmetic library measurement"): right
-0.1000	70.850	70.950	paginated.doc: page 3, line 15 ("baseline fonts uses baseline case library."): left
0.1608	250.213	250.052	paginated.doc: page 3, line 15 ("baseline fonts uses baseline case library."): right
-0.1000	70.850	70.950	paginated.doc: page 3, line 16 ("Section 23. must case kerning extraction something arithmetic add rendering together layout library"): left
0.5048	516.372	515.867	paginated.doc: page 3, line 16 ("Section 23. must case kerning extraction something arithmetic add rendering together layout library"): right
-0.1000	70.850	70.950	paginated.doc: page 3, line 17 ("advance advance margin pay sample uses separate add rendering kerning together add together."): left
0.3988	501.779	501.380	paginated.doc: page 3, line 17 ("advance advance margin pay sample uses separate add rendering kerning together add together."): right
-0.1000	70.850	70.950	paginated.doc: page 3, line 18 ("Section 24. pay ligature never rasteriser something paths rasteriser together sample ligature rendering"): left
0.4821	526.722	526.240	paginated.doc: page 3, line 18 ("Section 24. pay ligature never rasteriser something paths rasteriser together sample ligature rendering"): right
-0.1000	70.850	70.950	paginated.doc: page 3, line 19 ("layout rasteriser arithmetic rasteriser paths common add together page baseline must pagination"): left
0.4352	504.389	503.954	paginated.doc: page 3, line 19 ("layout rasteriser arithmetic rasteriser paths common add together page baseline must pagination"): right
-0.1000	70.850	70.950	paginated.doc: page 3, line 20 ("advance baseline because fonts uses add case rasteriser page layout arithmetic something page"): left
0.4502	496.671	496.221	paginated.doc: page 3, line 20 ("advance baseline because fonts uses add case rasteriser page layout arithmetic something page"): right
-0.1000	70.850	70.950	paginated.doc: page 3, line 21 ("measurement case uses add layout uses page must because kerning library advance library."): left
0.4587	477.056	476.597	paginated.doc: page 3, line 21 ("measurement case uses add layout uses page must because kerning library advance library."): right
-0.1000	70.850	70.950	paginated.doc: page 3, line 22 ("Heading 4"): left
-0.0071	137.311	137.318	paginated.doc: page 3, line 22 ("Heading 4"): right
-0.1000	70.850	70.950	paginated.doc: page 3, line 23 ("Section 25. separate extraction something filling glyph because fonts something rasteriser arithmetic"): left
0.4714	519.143	518.672	paginated.doc: page 3, line 23 ("Section 25. separate extraction something filling glyph because fonts something rasteriser arithmetic"): right
-0.1000	70.850	70.950	paginated.doc: page 3, line 24 ("layout page rendering layout pay separate kerning compounds extraction shaping paths layout library"): left
0.4933	521.893	521.400	paginated.doc: page 3, line 24 ("layout page rendering layout pay separate kerning compounds extraction shaping paths layout library"): right
-0.1000	70.850	70.950	paginated.doc: page 3, line 25 ("measurement together ligature separate something layout fonts case glyph arithmetic advance filling"): left
0.4487	520.551	520.102	paginated.doc: page 3, line 25 ("measurement together ligature separate something layout fonts case glyph arithmetic advance filling"): right
-0.1000	70.850	70.950	paginated.doc: page 3, line 26 ("arithmetic filling shaping uses shaping filling separate rasteriser paths advance layout together pay"): left
0.4689	509.175	508.706	paginated.doc: page 3, line 26 ("arithmetic filling shaping uses shaping filling separate rasteriser paths advance layout together pay"): right
-0.1000	70.850	70.950	paginated.doc: page 3, line 27 ("rendering shaping glyph."): left
0.0568	180.963	180.906	paginated.doc: page 3, line 27 ("rendering shaping glyph."): right
-0.1000	70.850	70.950	paginated.doc: page 3, line 28 ("Section 26. advance filling rendering library case layout arithmetic pay paths add glyph separate together"): left
0.4976	538.222	537.724	paginated.doc: page 3, line 28 ("Section 26. advance filling rendering library case layout arithmetic pay paths add glyph separate together"): right
-0.1000	70.850	70.950	paginated.doc: page 3, line 29 ("filling shaping because fonts compounds filling arithmetic fonts shaping kerning paths together baseline"): left
0.5011	532.582	532.081	paginated.doc: page 3, line 29 ("filling shaping because fonts compounds filling arithmetic fonts shaping kerning paths together baseline"): right
-0.1000	70.850	70.950	paginated.doc: page 3, line 30 ("kerning measurement never separate must shaping must pay kerning separate extraction arithmetic"): left
0.4460	516.071	515.625	paginated.doc: page 3, line 30 ("kerning measurement never separate must shaping must pay kerning separate extraction arithmetic"): right
-0.1000	70.850	70.950	paginated.doc: page 3, line 31 ("baseline pay because margin add ligature glyph library separate uses something filling."): left
0.4075	455.346	454.938	paginated.doc: page 3, line 31 ("baseline pay because margin add ligature glyph library separate uses something filling."): right
-0.1000	70.850	70.950	paginated.doc: page 3, line 32 ("Section 27. arithmetic baseline kerning because uses measurement add pagination never separate fonts"): left
0.4702	533.640	533.170	paginated.doc: page 3, line 32 ("Section 27. arithmetic baseline kerning because uses measurement add pagination never separate fonts"): right
-0.1000	70.850	70.950	paginated.doc: page 3, line 33 ("margin paths pagination layout kerning margin never compounds compounds paths never baseline"): left
0.3865	510.996	510.609	paginated.doc: page 3, line 33 ("margin paths pagination layout kerning margin never compounds compounds paths never baseline"): right
-0.1000	70.850	70.950	paginated.doc: page 3, line 34 ("sample arithmetic."): left
0.0362	154.322	154.286	paginated.doc: page 3, line 34 ("sample arithmetic."): right
-0.1000	70.850	70.950	paginated.doc: page 3, line 35 ("Section 28. fonts ligature never margin never kerning add ligature advance shaping layout shaping never"): left
0.5158	534.027	533.511	paginated.doc: page 3, line 35 ("Section 28. fonts ligature never margin never kerning add ligature advance shaping layout shaping never"): right
-0.1000	70.850	70.950	paginated.doc: page 3, line 36 ("compounds baseline library paths page measurement page rendering layout filling margin never page"): left
0.4705	522.850	522.379	paginated.doc: page 3, line 36 ("compounds baseline library paths page measurement page rendering layout filling margin never page"): right
-0.1000	70.850	70.950	paginated.doc: page 3, line 37 ("common measurement paths."): left
0.0961	205.224	205.128	paginated.doc: page 3, line 37 ("common measurement paths."): right
-0.1000	70.850	70.950	paginated.doc: page 3, line 38 ("Section 29. measurement must arithmetic case rendering together compounds advance because"): left
0.3679	501.231	500.863	paginated.doc: page 3, line 38 ("Section 29. measurement must arithmetic case rendering together compounds advance because"): right
-0.1000	70.850	70.950	paginated.doc: page 3, line 39 ("compounds together filling paths add margin arithmetic shaping separate rasteriser pay must separate"): left
0.4949	527.109	526.614	paginated.doc: page 3, line 39 ("compounds together filling paths add margin arithmetic shaping separate rasteriser pay must separate"): right
-0.1000	70.850	70.950	paginated.doc: page 3, line 40 ("never add baseline glyph ligature."): left
0.1367	220.951	220.814	paginated.doc: page 3, line 40 ("never add baseline glyph ligature."): right
-0.1000	70.850	70.950	paginated.doc: page 3, line 41 ("Section 30. must filling together advance compounds pay never page advance margin must compounds"): left
0.4699	530.670	530.200	paginated.doc: page 3, line 41 ("Section 30. must filling together advance compounds pay never page advance margin must compounds"): right
-0.1000	70.850	70.950	paginated.doc: page 3, line 42 ("sample uses common something measurement sample never must separate rendering ligature"): left
0.4333	492.771	492.338	paginated.doc: page 3, line 42 ("sample uses common something measurement sample never must separate rendering ligature"): right
-0.1000	70.850	70.950	paginated.doc: page 4, line 1 ("extraction add library never sample case measurement arithmetic filling because glyph case margin"): left
0.4708	512.752	512.281	paginated.doc: page 4, line 1 ("extraction add library never sample case measurement arithmetic filling because glyph case margin"): right
-0.1000	70.850	70.950	paginated.doc: page 4, line 2 ("shaping paths shaping compounds pagination something shaping page uses fonts margin rasteriser"): left
0.4442	511.119	510.675	paginated.doc: page 4, line 2 ("shaping paths shaping compounds pagination something shaping page uses fonts margin rasteriser"): right
-0.1000	70.850	70.950	paginated.doc: page 4, line 3 ("ligature fonts sample arithmetic."): left
0.1141	215.703	215.589	paginated.doc: page 4, line 3 ("ligature fonts sample arithmetic."): right
-0.1000	70.850	70.950	paginated.doc: page 4, line 4 ("Heading 5"): left
-0.0071	137.311	137.318	paginated.doc: page 4, line 4 ("Heading 5"): right
-0.1000	70.850	70.950	paginated.doc: page 4, line 5 ("Section 31. because pagination glyph pay ligature filling add rendering margin case measurement library"): left
0.4625	534.403	533.940	paginated.doc: page 4, line 5 ("Section 31. because pagination glyph pay ligature filling add rendering margin case measurement library"): right
-0.1000	70.850	70.950	paginated.doc: page 4, line 6 ("margin page paths compounds shaping add ligature together filling library rendering separate sample"): left
0.4976	521.722	521.224	paginated.doc: page 4, line 6 ("margin page paths compounds shaping add ligature together filling library rendering separate sample"): right
-0.1000	70.850	70.950	paginated.doc: page 4, line 7 ("together measurement add filling layout ligature compounds pagination measurement rendering never"): left
0.4569	530.514	530.057	paginated.doc: page 4, line 7 ("together measurement add filling layout ligature compounds pagination measurement rendering never"): right
-0.1000	70.850	70.950	paginated.doc: page 4, line 8 ("library paths baseline baseline library page library kerning advance compounds compounds separate"): left
0.4906	518.118	517.627	paginated.doc: page 4, line 8 ("library paths baseline baseline library page library kerning advance compounds compounds separate"): right
-0.1000	70.850	70.950	paginated.doc: page 4, line 9 ("must page add."): left
0.0298	139.466	139.436	paginated.doc: page 4, line 9 ("must page add."): right
-0.1000	70.850	70.950	paginated.doc: page 4, line 10 ("Section 32. measurement ligature rendering pay rasteriser page uses filling uses arithmetic extraction"): left
0.5044	521.893	521.389	paginated.doc: page 4, line 10 ("Section 32. measurement ligature rendering pay rasteriser page uses filling uses arithmetic extraction"): right
-0.1000	70.850	70.950	paginated.doc: page 4, line 11 ("margin extraction arithmetic shaping because pagination filling sample common rendering together"): left
0.4752	514.857	514.382	paginated.doc: page 4, line 11 ("margin extraction arithmetic shaping because pagination filling sample common rendering together"): right
-0.1000	70.850	70.950	paginated.doc: page 4, line 12 ("never margin fonts rasteriser fonts fonts pagination shaping something measurement baseline"): left
0.4006	490.935	490.534	paginated.doc: page 4, line 12 ("never margin fonts rasteriser fonts fonts pagination shaping something measurement baseline"): right
-0.1000	70.850	70.950	paginated.doc: page 4, line 13 ("something measurement shaping arithmetic arithmetic measurement together layout must library"): left
0.4634	509.389	508.926	paginated.doc: page 4, line 13 ("something measurement shaping arithmetic arithmetic measurement together layout must library"): right
-0.1000	70.850	70.950	paginated.doc: page 4, line 14 ("library common add case advance ligature."): left
0.1663	261.427	261.261	paginated.doc: page 4, line 14 ("library common add case advance ligature."): right
-0.1000	70.850	70.950	paginated.doc: page 4, line 15 ("Section 33. fonts baseline ligature paths sample filling margin margin filling filling measurement together"): left
0.5397	536.922	536.382	paginated.doc: page 4, line 15 ("Section 33. fonts baseline ligature paths sample filling margin margin filling filling measurement together"): right
-0.1000	70.850	70.950	paginated.doc: page 4, line 16 ("layout pagination never must baseline must page fonts."): left
0.2351	317.695	317.460	paginated.doc: page 4, line 16 ("layout pagination never must baseline must page fonts."): right
-0.1000	70.850	70.950	paginated.doc: page 4, line 17 ("Section 34. rasteriser compounds something uses layout extraction ligature must page page baseline"): left
0.4407	518.365	517.924	paginated.doc: page 4, line 17 ("Section 34. rasteriser compounds something uses layout extraction ligature must page page baseline"): right
-0.1000	70.850	70.950	paginated.doc: page 4, line 18 ("filling margin compounds must paths fonts case separate rasteriser something sample case margin"): left
0.3932	508.890	508.497	paginated.doc: page 4, line 18 ("filling margin compounds must paths fonts case separate rasteriser something sample case margin"): right
-0.1000	70.850	70.950	paginated.doc: page 4, line 19 ("pagination rendering."): left
0.0172	167.030	167.013	paginated.doc: page 4, line 19 ("pagination rendering."): right
-0.1000	70.850	70.950	paginated.doc: page 4, line 20 ("Section 35. ligature fonts measurement library add advance something uses margin baseline pay"): left
0.4739	500.017	499.543	paginated.doc: page 4, line 20 ("Section 35. ligature fonts measurement library add advance something uses margin baseline pay"): right
-0.1000	70.850	70.950	paginated.doc: page 4, line 21 ("compounds never something pay advance layout common filling shaping glyph case pay together"): left
0.4182	503.030	502.612	paginated.doc: page 4, line 21 ("compounds never something pay advance layout common filling shaping glyph case pay together"): right
-0.1000	70.850	70.950	paginated.doc: page 4, line 22 ("rendering page pay page margin page together uses because ligature rasteriser measurement filling"): left
0.4667	513.848	513.381	paginated.doc: page 4, line 22 ("rendering page pay page margin page together uses because ligature rasteriser measurement filling"): right
-0.1000	70.850	70.950	paginated.doc: page 4, line 23 ("paths pay library extraction add because extraction layout pagination ligature must rasteriser baseline"): left
0.5066	523.865	523.358	paginated.doc: page 4, line 23 ("paths pay library extraction add because extraction layout pagination ligature must rasteriser baseline"): right
-0.1000	70.850	70.950	paginated.doc: page 4, line 24 ("ligature separate."): left
0.0258	148.570	148.544	paginated.doc: page 4, line 24 ("ligature separate."): right
-0.1000	70.850	70.950	paginated.doc: page 4, line 25 ("Section 36. sample margin paths never filling page rasteriser something arithmetic advance paths layout"): left
0.4946	534.226	533.731	paginated.doc: page 4, line 25 ("Section 36. sample margin paths never filling page rasteriser something arithmetic advance paths layout"): right
-0.1000	70.850	70.950	paginated.doc: page 4, line 26 ("rendering fonts case library page sample rendering add library kerning extraction never library"): left
0.4657	489.812	489.346	paginated.doc: page 4, line 26 ("rendering fonts case library page sample rendering add library kerning extraction never library"): right
-0.1000	70.850	70.950	paginated.doc: page 4, line 27 ("measurement extraction filling arithmetic shaping margin add common ligature margin baseline filling"): left
0.5072	524.745	524.238	paginated.doc: page 4, line 27 ("measurement extraction filling arithmetic shaping margin add common ligature margin baseline filling"): right
-0.1000	70.850	70.950	paginated.doc: page 4, line 28 ("rendering extraction pay uses together compounds measurement."): left
0.2428	366.180	365.937	paginated.doc: page 4, line 28 ("rendering extraction pay uses together compounds measurement."): right
-0.1000	70.850	70.950	paginated.doc: page 4, line 29 ("Heading 6"): left
-0.0071	137.311	137.318	paginated.doc: page 4, line 29 ("Heading 6"): right
-0.1000	70.850	70.950	paginated.doc: page 4, line 30 ("Section 37. page measurement advance sample add page library together common filling pagination"): left
0.4753	517.607	517.132	paginated.doc: page 4, line 30 ("Section 37. page measurement advance sample add page library together common filling pagination"): right
-0.1000	70.850	70.950	paginated.doc: page 4, line 31 ("never layout never paths must add never layout sample common pay pay measurement sample layout"): left
0.4942	526.679	526.185	paginated.doc: page 4, line 31 ("never layout never paths must add never layout sample common pay pay measurement sample layout"): right
-0.1000	70.850	70.950	paginated.doc: page 4, line 32 ("glyph rendering extraction margin paths margin common together never rendering layout together"): left
0.4448	511.538	511.093	paginated.doc: page 4, line 32 ("glyph rendering extraction margin paths margin common together never rendering layout together"): right
-0.1000	70.850	70.950	paginated.doc: page 4, line 33 ("library common together glyph ligature uses shaping baseline layout page library compounds."): left
0.4908	487.626	487.135	paginated.doc: page 4, line 33 ("library common together glyph ligature uses shaping baseline layout page library compounds."): right
-0.1000	70.850	70.950	paginated.doc: page 4, line 34 ("Section 38. layout sample extraction pay compounds paths never sample advance glyph case case"): left
0.4247	505.743	505.318	paginated.doc: page 4, line 34 ("Section 38. layout sample extraction pay compounds paths never sample advance glyph case case"): right
-0.1000	70.850	70.950	paginated.doc: page 4, line 35 ("kerning glyph kerning baseline compounds uses compounds separate separate advance advance"): left
0.4053	499.442	499.037	paginated.doc: page 4, line 35 ("kerning glyph kerning baseline compounds uses compounds separate separate advance advance"): right
-0.1000	70.850	70.950	paginated.doc: page 4, line 36 ("something separate paths together pay kerning pagination filling together rasteriser ligature margin"): left
0.4187	514.009	513.590	paginated.doc: page 4, line 36 ("something separate paths together pay kerning pagination filling together rasteriser ligature margin"): right
-0.1000	70.850	70.950	paginated.doc: page 4, line 37 ("paths must shaping."): left
0.0290	160.354	160.325	paginated.doc: page 4, line 37 ("paths must shaping."): right
-0.1000	70.850	70.950	paginated.doc: page 4, line 38 ("Section 39. uses layout pay case common filling filling library layout separate pagination filling sample"): left
0.4954	522.500	522.005	paginated.doc: page 4, line 38 ("Section 39. uses layout pay case common filling filling library layout separate pagination filling sample"): right
-0.1000	70.850	70.950	paginated.doc: page 4, line 39 ("kerning never extraction glyph rasteriser shaping page arithmetic library common advance shaping."): left
0.4832	512.918	512.435	paginated.doc: page 4, line 39 ("kerning never extraction glyph rasteriser shaping page arithmetic library common advance shaping."): right
-0.1000	70.850	70.950	paginated.doc: page 4, line 40 ("Section 40. library shaping paths library pay measurement layout common pagination separate sample"): left
0.4664	527.597	527.131	paginated.doc: page 4, line 40 ("Section 40. library shaping paths library pay measurement layout common pagination separate sample"): right
-0.1000	70.850	70.950	paginated.doc: page 5, line 1 ("uses something case baseline layout compounds rendering kerning shaping library because never"): left
0.5153	504.029	503.514	paginated.doc: page 5, line 1 ("uses something case baseline layout compounds rendering kerning shaping library because never"): right
-0.1000	70.850	70.950	paginated.doc: page 5, line 2 ("together rasteriser glyph compounds extraction pagination together page never never."): left
0.3618	455.652	455.290	paginated.doc: page 5, line 2 ("together rasteriser glyph compounds extraction pagination together page never never."): right
-0.1000	70.850	70.950	paginated.doc: page 5, line 3 ("Section 41. must fonts kerning separate must page case filling sample sample add rasteriser extraction"): left
0.4886	525.541	525.052	paginated.doc: page 5, line 3 ("Section 41. must fonts kerning separate must page case filling sample sample add rasteriser extraction"): right
-0.1000	70.850	70.950	paginated.doc: page 5, line 4 ("library never measurement add baseline rasteriser pay library page glyph measurement baseline page"): left
0.5482	524.423	523.875	paginated.doc: page 5, line 4 ("library never measurement add baseline rasteriser pay library page glyph measurement baseline page"): right
-0.1000	70.850	70.950	paginated.doc: page 5, line 5 ("kerning must case."): left
0.0366	153.850	153.813	paginated.doc: page 5, line 5 ("kerning must case."): right
-0.1000	70.850	70.950	paginated.doc: page 5, line 6 ("Section 42. sample baseline arithmetic shaping case something case something because kerning uses"): left
0.4468	520.868	520.421	paginated.doc: page 5, line 6 ("Section 42. sample baseline arithmetic shaping case something case something because kerning uses"): right
-0.1000	70.850	70.950	paginated.doc: page 5, line 7 ("ligature compounds rasteriser baseline uses advance library measurement baseline pagination"): left
0.4595	490.994	490.534	paginated.doc: page 5, line 7 ("ligature compounds rasteriser baseline uses advance library measurement baseline pagination"): right
-0.1000	70.850	70.950	paginated.doc: page 5, line 8 ("something advance page."): left
0.0274	184.486	184.459	paginated.doc: page 5, line 8 ("something advance page."): right
-0.1000	70.850	70.950	paginated.doc: page 5, line 9 ("Heading 7"): left
-0.0071	137.311	137.318	paginated.doc: page 5, line 9 ("Heading 7"): right
-0.1000	70.850	70.950	paginated.doc: page 5, line 10 ("Section 43. extraction arithmetic extraction baseline measurement must filling compounds baseline page"): left
0.4951	538.549	538.054	paginated.doc: page 5, line 10 ("Section 43. extraction arithmetic extraction baseline measurement must filling compounds baseline page"): right
-0.1000	70.850	70.950	paginated.doc: page 5, line 11 ("pagination common common common kerning never because measurement rendering measurement"): left
0.3913	522.704	522.313	paginated.doc: page 5, line 11 ("pagination common common common kerning never because measurement rendering measurement"): right
-0.1000	70.850	70.950	paginated.doc: page 5, line 12 ("rendering sample rendering pay ligature library measurement fonts kerning together ligature paths uses"): left
0.4946	533.302	532.807	paginated.doc: page 5, line 12 ("rendering sample rendering pay ligature library measurement fonts kerning together ligature paths uses"): right
-0.1000	70.850	70.950	paginated.doc: page 5, line 13 ("rendering margin glyph."): left
0.0775	177.574	177.496	paginated.doc: page 5, line 13 ("rendering margin glyph."): right
-0.1000	70.850	70.950	paginated.doc: page 5, line 14 ("Section 44. case paths library kerning margin never never shaping measurement pay margin common"): left
0.4778	521.625	521.147	paginated.doc: page 5, line 14 ("Section 44. case paths library kerning margin never never shaping measurement pay margin common"): right
-0.1000	70.850	70.950	paginated.doc: page 5, line 15 ("because extraction fonts filling ligature case glyph kerning pay rendering measurement measurement"): left
0.5447	521.813	521.268	paginated.doc: page 5, line 15 ("because extraction fonts filling ligature case glyph kerning pay rendering measurement measurement"): right
-0.1000	70.850	70.950	paginated.doc: page 5, line 16 ("rendering common sample baseline case common add case."): left
0.2493	338.873	338.624	paginated.doc: page 5, line 16 ("rendering common sample baseline case common add case."): right
-0.1000	70.850	70.950	paginated.doc: page 5, line 17 ("Section 45. arithmetic must because add something sample arithmetic arithmetic baseline kerning paths"): left
0.5110	536.057	535.546	paginated.doc: page 5, line 17 ("Section 45. arithmetic must because add something sample arithmetic arithmetic baseline kerning paths"): right
-0.1000	70.850	70.950	paginated.doc: page 5, line 18 ("never advance fonts common kerning must common pay pay layout baseline."): left
0.2956	414.633	414.337	paginated.doc: page 5, line 18 ("never advance fonts common kerning must common pay pay layout baseline."): right
-0.1000	70.850	70.950	paginated.fodt: page 1, line 1 ("Section 1. kerning advance rasteriser layout ligature layout common advance add pay because separate"): left
0.5198	530.423	529.903	paginated.fodt: page 1, line 1 ("Section 1. kerning advance rasteriser layout ligature layout common advance add pay because separate"): right
-0.1000	70.850	70.950	paginated.fodt: page 1, line 2 ("margin advance fonts extraction library paths separate rasteriser arithmetic rendering kerning together"): left
0.5030	529.515	529.012	paginated.fodt: page 1, line 2 ("margin advance fonts extraction library paths separate rasteriser arithmetic rendering kerning together"): right
-0.1000	70.850	70.950	paginated.fodt: page 1, line 3 ("advance rasteriser uses something shaping extraction because kerning page baseline because filling"): left
0.4558	513.617	513.161	paginated.fodt: page 1, line 3 ("advance rasteriser uses something shaping extraction because kerning page baseline because filling"): right
-0.1000	70.850	70.950	paginated.fodt: page 1, line 4 ("together uses something rendering library common margin common something compounds."): left
0.3919	483.721	483.329	paginated.fodt: page 1, line 4 ("together uses something rendering library common margin common something compounds."): right
-0.1000	70.850	70.950	paginated.fodt: page 1, line 5 ("Section 2. rendering extraction never never paths ligature compounds margin baseline library rasteriser"): left
0.4927	531.089	530.596	paginated.fodt: page 1, line 5 ("Section 2. rendering extraction never never paths ligature compounds margin baseline library rasteriser"): right
-0.1000	70.850	70.950	paginated.fodt: page 1, line 6 ("page pagination because add pagination extraction baseline case must arithmetic common."): left
0.3993	478.151	477.752	paginated.fodt: page 1, line 6 ("page pagination because add pagination extraction baseline case must arithmetic common."): right
-0.1000	70.850	70.950	paginated.fodt: page 1, line 7 ("Section 3. paths kerning shaping layout rasteriser advance rasteriser must baseline compounds case"): left
0.4148	514.863	514.448	paginated.fodt: page 1, line 7 ("Section 3. paths kerning shaping layout rasteriser advance rasteriser must baseline compounds case"): right
-0.1000	70.850	70.950	paginated.fodt: page 1, line 8 ("margin baseline never extraction page add rendering."): left
0.2344	309.235	309.001	paginated.fodt: page 1, line 8 ("margin baseline never extraction page add rendering."): right
-0.1000	70.850	70.950	paginated.fodt: page 1, line 9 ("Section 4. layout margin common separate pay never advance filling extraction pagination something"): left
0.4699	521.265	520.795	paginated.fodt: page 1, line 9 ("Section 4. layout margin common separate pay never advance filling extraction pagination something"): right
-0.1000	70.850	70.950	paginated.fodt: page 1, line 10 ("compounds library library because never arithmetic extraction measurement measurement kerning"): left
0.4660	513.858	513.392	paginated.fodt: page 1, line 10 ("compounds library library because never arithmetic extraction measurement measurement kerning"): right
-0.1000	70.850	70.950	paginated.fodt: page 1, line 11 ("must ligature must compounds layout pay add uses arithmetic rasteriser."): left
0.2996	394.298	393.998	paginated.fodt: page 1, line 11 ("must ligature must compounds layout pay add uses arithmetic rasteriser."): right
-0.1000	70.850	70.950	paginated.fodt: page 1, line 12 ("Section 5. rasteriser compounds ligature because baseline paths common common separate filling"): left
0.3878	508.192	507.804	paginated.fodt: page 1, line 12 ("Section 5. rasteriser compounds ligature because baseline paths common common separate filling"): right
-0.1000	70.850	70.950	paginated.fodt: page 1, line 13 ("arithmetic margin filling baseline shaping something layout library must uses ligature library page never"): left
0.5320	531.744	531.212	paginated.fodt: page 1, line 13 ("arithmetic margin filling baseline shaping something layout library must uses ligature library page never"): right
-0.1000	70.850	70.950	paginated.fodt: page 1, line 14 ("never rendering library page."): left
0.0914	200.148	200.057	paginated.fodt: page 1, line 14 ("never rendering library page."): right
-0.1000	70.850	70.950	paginated.fodt: page 1, line 15 ("Section 6. advance arithmetic paths separate layout something measurement must because"): left
0.3700	479.827	479.457	paginated.fodt: page 1, line 15 ("Section 6. advance arithmetic paths separate layout something measurement must because"): right
-0.1000	70.850	70.950	paginated.fodt: page 1, line 16 ("measurement must advance pagination must separate rendering ligature sample add separate rendering"): left
0.4504	536.975	536.525	paginated.fodt: page 1, line 16 ("measurement must advance pagination must separate rendering ligature sample add separate rendering"): right
-0.1000	70.850	70.950	paginated.fodt: page 1, line 17 ("library ligature library add together must library library advance measurement separate must pagination"): left
0.5180	534.612	534.094	paginated.fodt: page 1, line 17 ("library ligature library add together must library library advance measurement separate must pagination"): right
-0.1000	70.850	70.950	paginated.fodt: page 1, line 18 ("sample because ligature library baseline rendering shaping extraction compounds compounds."): left
0.4254	492.180	491.755	paginated.fodt: page 1, line 18 ("sample because ligature library baseline rendering shaping extraction compounds compounds."): right
-0.1000	70.850	70.950	paginated.fodt: page 1, line 19 ("Heading 1"): left
-0.0071	137.311	137.318	paginated.fodt: page 1, line 19 ("Heading 1"): right
-0.1000	70.850	70.950	paginated.fodt: page 1, line 20 ("Section 7. extraction library because because case filling baseline pagination compounds kerning"): left
0.4596	500.388	499.928	paginated.fodt: page 1, line 20 ("Section 7. extraction library because because case filling baseline pagination compounds kerning"): right
-0.1000	70.850	70.950	paginated.fodt: page 1, line 21 ("advance kerning because rendering add because ligature rendering uses case shaping shaping filling"): left
0.4741	514.911	514.437	paginated.fodt: page 1, line 21 ("advance kerning because rendering add because ligature rendering uses case shaping shaping filling"): right
-0.1000	70.850	70.950	paginated.fodt: page 1, line 22 ("extraction measurement add pay rasteriser fonts pagination advance shaping arithmetic together margin"): left
0.4771	537.926	537.449	paginated.fodt: page 1, line 22 ("extraction measurement add pay rasteriser fonts pagination advance shaping arithmetic together margin"): right
-0.1000	70.850	70.950	paginated.fodt: page 1, line 23 ("filling rasteriser glyph rasteriser never compounds uses together never must must shaping sample"): left
0.4364	506.634	506.198	paginated.fodt: page 1, line 23 ("filling rasteriser glyph rasteriser never compounds uses together never must must shaping sample"): right
-0.1000	70.850	70.950	paginated.fodt: page 1, line 24 ("separate library page fonts case advance ligature."): left
0.1749	290.410	290.235	paginated.fodt: page 1, line 24 ("separate library page fonts case advance ligature."): right
-0.1000	70.850	70.950	paginated.fodt: page 1, line 25 ("Section 8. never baseline compounds shaping together advance together library separate page separate"): left
0.4975	533.194	532.697	paginated.fodt: page 1, line 25 ("Section 8. never baseline compounds shaping together advance together library separate page separate"): right
-0.1000	70.850	70.950	paginated.fodt: page 1, line 26 ("page sample add rendering must margin kerning rasteriser rendering page arithmetic pay paths case"): left
0.4608	517.527	517.066	paginated.fodt: page 1, line 26 ("page sample add rendering must margin kerning rasteriser rendering page arithmetic pay paths case"): right
-0.1000	70.850	70.950	paginated.fodt: page 1, line 27 ("advance common measurement library rasteriser rasteriser ligature filling layout extraction."): left
0.4279	478.554	478.126	paginated.fodt: page 1, line 27 ("advance common measurement library rasteriser rasteriser ligature filling layout extraction."): right
-0.1000	70.850	70.950	paginated.fodt: page 1, line 28 ("Section 9. ligature separate layout uses page sample fonts margin uses because baseline compounds"): left
0.4172	517.978	517.561	paginated.fodt: page 1, line 28 ("Section 9. ligature separate layout uses page sample fonts margin uses because baseline compounds"): right
-0.1000	70.850	70.950	paginated.fodt: page 1, line 29 ("must advance kerning rasteriser extraction compounds pagination kerning together never common case"): left
0.4536	534.097	533.643	paginated.fodt: page 1, line 29 ("must advance kerning rasteriser extraction compounds pagination kerning together never common case"): right
-0.1000	70.850	70.950	paginated.fodt: page 1, line 30 ("never arithmetic compounds because add together filling rendering sample because separate advance"): left
0.4672	526.432	525.965	paginated.fodt: page 1, line 30 ("never arithmetic compounds because add together filling rendering sample because separate advance"): right
-0.1000	70.850	70.950	paginated.fodt: page 1, line 31 ("pagination baseline page shaping rendering never library glyph separate layout pagination must ligature"): left
0.4327	533.130	532.697	paginated.fodt: page 1, line 31 ("pagination baseline page shaping rendering never library glyph separate layout pagination must ligature"): right
-0.1000	70.850	70.950	paginated.fodt: page 1, line 32 ("pay advance shaping because uses advance something fonts filling add compounds never add pay page"): left
0.4887	529.666	529.177	paginated.fodt: page 1, line 32 ("pay advance shaping because uses advance something fonts filling add compounds never add pay page"): right
-0.1000	70.850	70.950	paginated.fodt: page 1, line 33 ("shaping rasteriser."): left
-0.0490	151.685	151.734	paginated.fodt: page 1, line 33 ("shaping rasteriser."): right
-0.1000	70.850	70.950	paginated.fodt: page 1, line 34 ("Section 10. case extraction compounds rendering separate margin case shaping because fonts library"): left
0.3984	519.895	519.497	paginated.fodt: page 1, line 34 ("Section 10. case extraction compounds rendering separate margin case shaping because fonts library"): right
-0.1000	70.850	70.950	paginated.fodt: page 1, line 35 ("kerning baseline margin page arithmetic ligature shaping must pagination glyph ligature together"): left
0.4987	502.418	501.919	paginated.fodt: page 1, line 35 ("kerning baseline margin page arithmetic ligature shaping must pagination glyph ligature together"): right
-0.1000	70.850	70.950	paginated.fodt: page 1, line 36 ("common rasteriser baseline rendering filling must rendering separate rasteriser pay uses extraction"): left
0.4967	512.129	511.632	paginated.fodt: page 1, line 36 ("common rasteriser baseline rendering filling must rendering separate rasteriser pay uses extraction"): right
-0.1000	70.850	70.950	paginated.fodt: page 1, line 37 ("something together sample arithmetic shaping common shaping case filling."): left
0.3220	410.325	410.003	paginated.fodt: page 1, line 37 ("something together sample arithmetic shaping common shaping case filling."): right
-0.1000	70.850	70.950	paginated.fodt: page 1, line 38 ("Section 11. rasteriser glyph rendering compounds baseline fonts never never never must uses sample"): left
0.4920	522.420	521.928	paginated.fodt: page 1, line 38 ("Section 11. rasteriser glyph rendering compounds baseline fonts never never never must uses sample"): right
-0.1000	70.850	70.950	paginated.fodt: page 1, line 39 ("layout together together rasteriser never rasteriser common must arithmetic must because filling"): left
0.4576	504.148	503.690	paginated.fodt: page 1, line 39 ("layout together together rasteriser never rasteriser common must arithmetic must because filling"): right
-0.1000	70.850	70.950	paginated.fodt: page 1, line 40 ("compounds common glyph baseline must rasteriser margin rendering common rasteriser sample"): left
0.4888	501.913	501.424	paginated.fodt: page 1, line 40 ("compounds common glyph baseline must rasteriser margin rendering common rasteriser sample"): right
-0.1000	70.850	70.950	paginated.fodt: page 1, line 41 ("measurement case pagination rasteriser library ligature common rendering separate ligature pay"): left
0.4199	500.887	500.467	paginated.fodt: page 1, line 41 ("measurement case pagination rasteriser library ligature common rendering separate ligature pay"): right
-0.1000	70.850	70.950	paginated.fodt: page 1, line 42 ("rasteriser layout case never layout fonts something common paths must kerning library common"): left
0.3859	500.941	500.555	paginated.fodt: page 1, line 42 ("rasteriser layout case never layout fonts something common paths must kerning library common"): right
-0.1000	70.850	70.950	paginated.fodt: page 2, line 1 ("together margin kerning glyph."): left
0.0635	208.414	208.351	paginated.fodt: page 2, line 1 ("together margin kerning glyph."): right
-0.1000	70.850	70.950	paginated.fodt: page 2, line 2 ("Section 12. sample glyph never measurement extraction separate rasteriser layout baseline kerning"): left
0.4553	512.934	512.479	paginated.fodt: page 2, line 2 ("Section 12. sample glyph never measurement extraction separate rasteriser layout baseline kerning"): right
-0.1000	70.850	70.950	paginated.fodt: page 2, line 3 ("measurement measurement margin rasteriser fonts common extraction together because margin"): left
0.4269	504.953	504.526	paginated.fodt: page 2, line 3 ("measurement measurement margin rasteriser fonts common extraction together because margin"): right
-0.1000	70.850	70.950	paginated.fodt: page 2, line 4 ("rasteriser pagination filling page case fonts margin must pagination measurement glyph layout margin"): left
0.4368	524.939	524.502	paginated.fodt: page 2, line 4 ("rasteriser pagination filling page case fonts margin must pagination measurement glyph layout margin"): right
-0.1000	70.850	70.950	paginated.fodt: page 2, line 5 ("never layout library pagination add ligature common extraction sample paths uses page add pagination"): left
0.4319	529.961	529.529	paginated.fodt: page 2, line 5 ("never layout library pagination add ligature common extraction sample paths uses page add pagination"): right
-0.1000	70.850	70.950	paginated.fodt: page 2, line 6 ("never margin layout."): left
0.0175	162.894	162.877	paginated.fodt: page 2, line 6 ("never margin layout."): right
-0.1000	70.850	70.950	paginated.fodt: page 2, line 7 ("Heading 2"): left
-0.0071	137.311	137.318	paginated.fodt: page 2, line 7 ("Heading 2"): right
-0.1000	70.850	70.950	paginated.fodt: page 2, line 8 ("Section 13. library compounds shaping never case margin rendering case common arithmetic filling"): left
0.4263	512.311	511.885	paginated.fodt: page 2, line 8 ("Section 13. library compounds shaping never case margin rendering case common arithmetic filling"): right
-0.1000	70.850	70.950	paginated.fodt: page 2, line 9 ("advance margin paths rasteriser compounds extraction common filling filling page pagination baseline"): left
0.4742	524.987	524.513	paginated.fodt: page 2, line 9 ("advance margin paths rasteriser compounds extraction common filling filling page pagination baseline"): right
-0.1000	70.850	70.950	paginated.fodt: page 2, line 10 ("common advance library separate compounds fonts compounds ligature fonts shaping paths glyph"): left
0.4116	509.261	508.849	paginated.fodt: page 2, line 10 ("common advance library separate compounds fonts compounds ligature fonts shaping paths glyph"): right
-0.1000	70.850	70.950	paginated.fodt: page 2, line 11 ("shaping baseline something margin add measurement something ligature page something something"): left
0.4501	522.323	521.873	paginated.fodt: page 2, line 11 ("shaping baseline something margin add measurement something ligature page something something"): right
-0.1000	70.850	70.950	paginated.fodt: page 2, line 12 ("rendering extraction arithmetic separate fonts baseline."): left
0.2359	319.027	318.791	paginated.fodt: page 2, line 12 ("rendering extraction arithmetic separate fonts baseline."): right
-0.1000	70.850	70.950	paginated.fodt: page 2, line 13 ("Section 14. compounds paths together margin paths together library uses glyph ligature filling arithmetic"): left
0.5106	537.223	536.712	paginated.fodt: page 2, line 13 ("Section 14. compounds paths together margin paths together library uses glyph ligature filling arithmetic"): right
-0.1000	70.850	70.950	paginated.fodt: page 2, line 14 ("separate common kerning pay arithmetic case paths baseline kerning case never paths sample pay case"): left
0.4716	530.837	530.365	paginated.fodt: page 2, line 14 ("separate common kerning pay arithmetic case paths baseline kerning case never paths sample pay case"): right
-0.1000	70.850	70.950	paginated.fodt: page 2, line 15 ("measurement advance must baseline kerning filling baseline measurement must something must"): left
0.4798	503.895	503.415	paginated.fodt: page 2, line 15 ("measurement advance must baseline kerning filling baseline measurement must something must"): right
-0.1000	70.850	70.950	paginated.fodt: page 2, line 16 ("arithmetic ligature case add sample page page rasteriser page arithmetic rasteriser arithmetic rasteriser"): left
0.5570	532.319	531.762	paginated.fodt: page 2, line 16 ("arithmetic ligature case add sample page page rasteriser page arithmetic rasteriser arithmetic rasteriser"): right
-0.1000	70.850	70.950	paginated.fodt: page 2, line 17 ("separate paths extraction page filling glyph rendering separate common uses page library because fonts"): left
0.4544	532.689	532.235	paginated.fodt: page 2, line 17 ("separate paths extraction page filling glyph rendering separate common uses page library because fonts"): right
-0.1000	70.850	70.950	paginated.fodt: page 2, line 18 ("arithmetic."): left
-0.0129	119.700	119.713	paginated.fodt: page 2, line 18 ("arithmetic."): right
-0.1000	70.850	70.950	paginated.fodt: page 2, line 19 ("Section 15. measurement ligature ligature sample never pagination pagination shaping must library case"): left
0.5127	535.069	534.556	paginated.fodt: page 2, line 19 ("Section 15. measurement ligature ligature sample never pagination pagination shaping must library case"): right
-0.1000	70.850	70.950	paginated.fodt: page 2, line 20 ("advance never advance glyph filling compounds pay measurement pay together something layout glyph"): left
0.4972	532.963	532.466	paginated.fodt: page 2, line 20 ("advance never advance glyph filling compounds pay measurement pay together something layout glyph"): right
-0.1000	70.850	70.950	paginated.fodt: page 2, line 21 ("measurement common kerning together because because glyph shaping kerning add extraction library"): left
0.4408	527.748	527.307	paginated.fodt: page 2, line 21 ("measurement common kerning together because because glyph shaping kerning add extraction library"): right
-0.1000	70.850	70.950	paginated.fodt: page 2, line 22 ("add never because add shaping together something pay uses sample together measurement case"): left
0.3634	505.329	504.966	paginated.fodt: page 2, line 22 ("add never because add shaping together something pay uses sample together measurement case"): right
-0.1000	70.850	70.950	paginated.fodt: page 2, line 23 ("together advance page advance add kerning together uses margin."): left
0.2638	367.609	367.345	paginated.fodt: page 2, line 23 ("together advance page advance add kerning together uses margin."): right
-0.1000	70.850	70.950	paginated.fodt: page 2, line 24 ("Section 16. arithmetic because measurement measurement rendering measurement margin compounds"): left
0.4980	537.045	536.547	paginated.fodt: page 2, line 24 ("Section 16. arithmetic because measurement measurement rendering measurement margin compounds"): right
-0.1000	70.850	70.950	paginated.fodt: page 2, line 25 ("rasteriser measurement compounds pay layout layout because kerning something rendering uses paths"): left
0.4677	531.449	530.981	paginated.fodt: page 2, line 25 ("rasteriser measurement compounds pay layout layout because kerning something rendering uses paths"): right
-0.1000	70.850	70.950	paginated.fodt: page 2, line 26 ("fonts something rendering glyph library add because pagination because page common together"): left
0.3798	501.650	501.270	paginated.fodt: page 2, line 26 ("fonts something rendering glyph library add because pagination because page common together"): right
-0.1000	70.850	70.950	paginated.fodt: page 2, line 27 ("because rendering pay common glyph arithmetic uses shaping pagination kerning margin sample"): left
0.4539	502.450	501.996	paginated.fodt: page 2, line 27 ("because rendering pay common glyph arithmetic uses shaping pagination kerning margin sample"): right
-0.1000	70.850	70.950	paginated.fodt: page 2, line 28 ("pagination pagination must shaping shaping library separate baseline sample extraction compounds"): left
0.4686	516.050	515.581	paginated.fodt: page 2, line 28 ("pagination pagination must shaping shaping library separate baseline sample extraction compounds"): right
-0.1000	70.850	70.950	paginated.fodt: page 2, line 29 ("because kerning rendering measurement extraction case baseline baseline pay."): left
0.3966	423.259	422.862	paginated.fodt: page 2, line 29 ("because kerning rendering measurement extraction case baseline baseline pay."): right
-0.1000	70.850	70.950	paginated.fodt: page 2, line 30 ("Section 17. fonts compounds fonts together never compounds glyph something page paths ligature add"): left
0.4234	532.383	531.960	paginated.fodt: page 2, line 30 ("Section 17. fonts compounds fonts together never compounds glyph something page paths ligature add"): right
-0.1000	70.850	70.950	paginated.fodt: page 2, line 31 ("case add pay layout paths kerning rendering ligature separate together common rasteriser layout sample"): left
0.4585	537.104	536.646	paginated.fodt: page 2, line 31 ("case add pay layout paths kerning rendering ligature separate together common rasteriser layout sample"): right
-0.1000	70.850	70.950	paginated.fodt: page 2, line 32 ("never arithmetic ligature uses advance layout page."): left
0.2087	300.003	299.794	paginated.fodt: page 2, line 32 ("never arithmetic ligature uses advance layout page."): right
-0.1000	70.850	70.950	paginated.fodt: page 2, line 33 ("Section 18. layout add ligature filling shaping margin pagination because ligature uses margin paths"): left
0.4901	512.177	511.687	paginated.fodt: page 2, line 33 ("Section 18. layout add ligature filling shaping margin pagination because ligature uses margin paths"): right
-0.1000	70.850	70.950	paginated.fodt: page 2, line 34 ("never must compounds page paths arithmetic extraction ligature measurement advance arithmetic"): left
0.4795	512.617	512.138	paginated.fodt: page 2, line 34 ("never must compounds page paths arithmetic extraction ligature measurement advance arithmetic"): right
-0.1000	70.850	70.950	paginated.fodt: page 2, line 35 ("baseline fonts baseline fonts together pay filling must page paths pay layout extraction never pay must"): left
0.5446	527.335	526.790	paginated.fodt: page 2, line 35 ("baseline fonts baseline fonts together pay filling must page paths pay layout extraction never pay must"): right
-0.1000	70.850	70.950	paginated.fodt: page 2, line 36 ("because sample page common."): left
0.0460	210.982	210.936	paginated.fodt: page 2, line 36 ("because sample page common."): right
-0.1000	70.850	70.950	paginated.fodt: page 2, line 37 ("Heading 3"): left
-0.0071	137.311	137.318	paginated.fodt: page 2, line 37 ("Heading 3"): right
-0.1000	70.850	70.950	paginated.fodt: page 2, line 38 ("Section 19. kerning because add rendering rasteriser baseline rasteriser because advance never separate"): left
0.5195	536.627	536.107	paginated.fodt: page 2, line 38 ("Section 19. kerning because add rendering rasteriser baseline rasteriser because advance never separate"): right
-0.1000	70.850	70.950	paginated.fodt: page 2, line 39 ("baseline shaping fonts add together add margin library add kerning library measurement library must"): left
0.5108	521.625	521.114	paginated.fodt: page 2, line 39 ("baseline shaping fonts add together add margin library add kerning library measurement library must"): right
-0.1000	70.850	70.950	paginated.fodt: page 2, line 40 ("common margin kerning case advance extraction compounds ligature arithmetic something case kerning"): left
0.4978	536.143	535.645	paginated.fodt: page 2, line 40 ("common margin kerning case advance extraction compounds ligature arithmetic something case kerning"): right
-0.1000	70.850	70.950	paginated.fodt: page 2, line 41 ("extraction never pay something compounds add pagination margin because filling rasteriser."): left
0.3407	481.734	481.393	paginated.fodt: page 2, line 41 ("extraction never pay something compounds add pagination margin because filling rasteriser."): right
-0.1000	70.850	70.950	paginated.fodt: page 3, line 1 ("Section 20. compounds case pagination add page ligature pagination advance compounds because"): left
0.3919	510.088	509.696	paginated.fodt: page 3, line 1 ("Section 20. compounds case pagination add page ligature pagination advance compounds because"): right
-0.1000	70.850	70.950	paginated.fodt: page 3, line 2 ("common pay common must layout layout rasteriser margin separate kerning because common uses"): left
0.4060	514.535	514.129	paginated.fodt: page 3, line 2 ("common pay common must layout layout rasteriser margin separate kerning because common uses"): right
-0.1000	70.850	70.950	paginated.fodt: page 3, line 3 ("separate fonts case glyph baseline library pagination."): left
0.2012	306.727	306.526	paginated.fodt: page 3, line 3 ("separate fonts case glyph baseline library pagination."): right
-0.1000	70.850	70.950	paginated.fodt: page 3, line 4 ("Section 21. glyph must never pay compounds ligature pagination baseline extraction margin together"): left
0.4382	520.980	520.542	paginated.fodt: page 3, line 4 ("Section 21. glyph must never pay compounds ligature pagination baseline extraction margin together"): right
-0.1000	70.850	70.950	paginated.fodt: page 3, line 5 ("arithmetic rendering filling pagination rasteriser pagination add advance common compounds never"): left
0.4414	517.639	517.198	paginated.fodt: page 3, line 5 ("arithmetic rendering filling pagination rasteriser pagination add advance common compounds never"): right
-0.1000	70.850	70.950	paginated.fodt: page 3, line 6 ("pagination something common fonts filling add uses sample pay rasteriser rasteriser rendering rasteriser"): left
0.4592	536.159	535.700	paginated.fodt: page 3, line 6 ("pagination something common fonts filling add uses sample pay rasteriser rasteriser rendering rasteriser"): right
-0.1000	70.850	70.950	paginated.fodt: page 3, line 7 ("because must arithmetic ligature baseline pagination pagination because measurement page kerning"): left
0.4067	520.465	520.058	paginated.fodt: page 3, line 7 ("because must arithmetic ligature baseline pagination pagination because measurement page kerning"): right
-0.1000	70.850	70.950	paginated.fodt: page 3, line 8 ("case advance must arithmetic library filling fonts pagination pay case extraction something"): left
0.3732	473.967	473.594	paginated.fodt: page 3, line 8 ("case advance must arithmetic library filling fonts pagination pay case extraction something"): right
-0.1000	70.850	70.950	paginated.fodt: page 3, line 9 ("measurement arithmetic measurement fonts layout library kerning separate margin layout must add."): left
0.4656	520.755	520.289	paginated.fodt: page 3, line 9 ("measurement arithmetic measurement fonts layout library kerning separate margin layout must add."): right
-0.1000	70.850	70.950	paginated.fodt: page 3, line 10 ("Section 22. compounds rendering fonts rasteriser baseline kerning separate pay compounds case margin"): left
0.4289	536.041	535.612	paginated.fodt: page 3, line 10 ("Section 22. compounds rendering fonts rasteriser baseline kerning separate pay compounds case margin"): right
-0.1000	70.850	70.950	paginated.fodt: page 3, line 11 ("layout pagination must filling arithmetic pagination paths separate pay margin shaping common ligature"): left
0.4846	534.403	533.918	paginated.fodt: page 3, line 11 ("layout pagination must filling arithmetic pagination paths separate pay margin shaping common ligature"): right
-0.1000	70.850	70.950	paginated.fodt: page 3, line 12 ("sample baseline baseline something shaping kerning baseline glyph case case pagination glyph baseline"): left
0.5491	531.497	530.948	paginated.fodt: page 3, line 12 ("sample baseline baseline something shaping kerning baseline glyph case case pagination glyph baseline"): right
-0.1000	70.850	70.950	paginated.fodt: page 3, line 13 ("rendering together paths something glyph compounds together add library arithmetic case advance"): left
0.4773	515.695	515.218	paginated.fodt: page 3, line 13 ("rendering together paths something glyph compounds together add library arithmetic case advance"): right
-0.1000	70.850	70.950	paginated.fodt: page 3, line 14 ("arithmetic margin paths ligature common arithmetic add margin arithmetic library measurement"): left
0.4372	502.224	501.787	paginated.fodt: page 3, line 14 ("arithmetic margin paths ligature common arithmetic add margin arithmetic library measurement"): right
-0.1000	70.850	70.950	paginated.fodt: page 3, line 15 ("baseline fonts uses baseline case library."): left
0.1608	250.213	250.052	paginated.fodt: page 3, line 15 ("baseline fonts uses baseline case library."): right
-0.1000	70.850	70.950	paginated.fodt: page 3, line 16 ("Section 23. must case kerning extraction something arithmetic add rendering together layout library"): left
0.5048	516.372	515.867	paginated.fodt: page 3, line 16 ("Section 23. must case kerning extraction something arithmetic add rendering together layout library"): right
-0.1000	70.850	70.950	paginated.fodt: page 3, line 17 ("advance advance margin pay sample uses separate add rendering kerning together add together."): left
0.3988	501.779	501.380	paginated.fodt: page 3, line 17 ("advance advance margin pay sample uses separate add rendering kerning together add together."): right
-0.1000	70.850	70.950	paginated.fodt: page 3, line 18 ("Section 24. pay ligature never rasteriser something paths rasteriser together sample ligature rendering"): left
0.4821	526.722	526.240	paginated.fodt: page 3, line 18 ("Section 24. pay ligature never rasteriser something paths rasteriser together sample ligature rendering"): right
-0.1000	70.850	70.950	paginated.fodt: page 3, line 19 ("layout rasteriser arithmetic rasteriser paths common add together page baseline must pagination"): left
0.4352	504.389	503.954	paginated.fodt: page 3, line 19 ("layout rasteriser arithmetic rasteriser paths common add together page baseline must pagination"): right
-0.1000	70.850	70.950	paginated.fodt: page 3, line 20 ("advance baseline because fonts uses add case rasteriser page layout arithmetic something page"): left
0.4502	496.671	496.221	paginated.fodt: page 3, line 20 ("advance baseline because fonts uses add case rasteriser page layout arithmetic something page"): right
-0.1000	70.850	70.950	paginated.fodt: page 3, line 21 ("measurement case uses add layout uses page must because kerning library advance library."): left
0.4587	477.056	476.597	paginated.fodt: page 3, line 21 ("measurement case uses add layout uses page must because kerning library advance library."): right
-0.1000	70.850	70.950	paginated.fodt: page 3, line 22 ("Heading 4"): left
-0.0071	137.311	137.318	paginated.fodt: page 3, line 22 ("Heading 4"): right
-0.1000	70.850	70.950	paginated.fodt: page 3, line 23 ("Section 25. separate extraction something filling glyph because fonts something rasteriser arithmetic"): left
0.4714	519.143	518.672	paginated.fodt: page 3, line 23 ("Section 25. separate extraction something filling glyph because fonts something rasteriser arithmetic"): right
-0.1000	70.850	70.950	paginated.fodt: page 3, line 24 ("layout page rendering layout pay separate kerning compounds extraction shaping paths layout library"): left
0.4933	521.893	521.400	paginated.fodt: page 3, line 24 ("layout page rendering layout pay separate kerning compounds extraction shaping paths layout library"): right
-0.1000	70.850	70.950	paginated.fodt: page 3, line 25 ("measurement together ligature separate something layout fonts case glyph arithmetic advance filling"): left
0.4487	520.551	520.102	paginated.fodt: page 3, line 25 ("measurement together ligature separate something layout fonts case glyph arithmetic advance filling"): right
-0.1000	70.850	70.950	paginated.fodt: page 3, line 26 ("arithmetic filling shaping uses shaping filling separate rasteriser paths advance layout together pay"): left
0.4689	509.175	508.706	paginated.fodt: page 3, line 26 ("arithmetic filling shaping uses shaping filling separate rasteriser paths advance layout together pay"): right
-0.1000	70.850	70.950	paginated.fodt: page 3, line 27 ("rendering shaping glyph."): left
0.0568	180.963	180.906	paginated.fodt: page 3, line 27 ("rendering shaping glyph."): right
-0.1000	70.850	70.950	paginated.fodt: page 3, line 28 ("Section 26. advance filling rendering library case layout arithmetic pay paths add glyph separate together"): left
0.4976	538.222	537.724	paginated.fodt: page 3, line 28 ("Section 26. advance filling rendering library case layout arithmetic pay paths add glyph separate together"): right
-0.1000	70.850	70.950	paginated.fodt: page 3, line 29 ("filling shaping because fonts compounds filling arithmetic fonts shaping kerning paths together baseline"): left
0.5011	532.582	532.081	paginated.fodt: page 3, line 29 ("filling shaping because fonts compounds filling arithmetic fonts shaping kerning paths together baseline"): right
-0.1000	70.850	70.950	paginated.fodt: page 3, line 30 ("kerning measurement never separate must shaping must pay kerning separate extraction arithmetic"): left
0.4460	516.071	515.625	paginated.fodt: page 3, line 30 ("kerning measurement never separate must shaping must pay kerning separate extraction arithmetic"): right
-0.1000	70.850	70.950	paginated.fodt: page 3, line 31 ("baseline pay because margin add ligature glyph library separate uses something filling."): left
0.4075	455.346	454.938	paginated.fodt: page 3, line 31 ("baseline pay because margin add ligature glyph library separate uses something filling."): right
-0.1000	70.850	70.950	paginated.fodt: page 3, line 32 ("Section 27. arithmetic baseline kerning because uses measurement add pagination never separate fonts"): left
0.4702	533.640	533.170	paginated.fodt: page 3, line 32 ("Section 27. arithmetic baseline kerning because uses measurement add pagination never separate fonts"): right
-0.1000	70.850	70.950	paginated.fodt: page 3, line 33 ("margin paths pagination layout kerning margin never compounds compounds paths never baseline"): left
0.3865	510.996	510.609	paginated.fodt: page 3, line 33 ("margin paths pagination layout kerning margin never compounds compounds paths never baseline"): right
-0.1000	70.850	70.950	paginated.fodt: page 3, line 34 ("sample arithmetic."): left
0.0362	154.322	154.286	paginated.fodt: page 3, line 34 ("sample arithmetic."): right
-0.1000	70.850	70.950	paginated.fodt: page 3, line 35 ("Section 28. fonts ligature never margin never kerning add ligature advance shaping layout shaping never"): left
0.5158	534.027	533.511	paginated.fodt: page 3, line 35 ("Section 28. fonts ligature never margin never kerning add ligature advance shaping layout shaping never"): right
-0.1000	70.850	70.950	paginated.fodt: page 3, line 36 ("compounds baseline library paths page measurement page rendering layout filling margin never page"): left
0.4705	522.850	522.379	paginated.fodt: page 3, line 36 ("compounds baseline library paths page measurement page rendering layout filling margin never page"): right
-0.1000	70.850	70.950	paginated.fodt: page 3, line 37 ("common measurement paths."): left
0.0961	205.224	205.128	paginated.fodt: page 3, line 37 ("common measurement paths."): right
-0.1000	70.850	70.950	paginated.fodt: page 3, line 38 ("Section 29. measurement must arithmetic case rendering together compounds advance because"): left
0.3679	501.231	500.863	paginated.fodt: page 3, line 38 ("Section 29. measurement must arithmetic case rendering together compounds advance because"): right
-0.1000	70.850	70.950	paginated.fodt: page 3, line 39 ("compounds together filling paths add margin arithmetic shaping separate rasteriser pay must separate"): left
0.4949	527.109	526.614	paginated.fodt: page 3, line 39 ("compounds together filling paths add margin arithmetic shaping separate rasteriser pay must separate"): right
-0.1000	70.850	70.950	paginated.fodt: page 3, line 40 ("never add baseline glyph ligature."): left
0.1367	220.951	220.814	paginated.fodt: page 3, line 40 ("never add baseline glyph ligature."): right
-0.1000	70.850	70.950	paginated.fodt: page 3, line 41 ("Section 30. must filling together advance compounds pay never page advance margin must compounds"): left
0.4699	530.670	530.200	paginated.fodt: page 3, line 41 ("Section 30. must filling together advance compounds pay never page advance margin must compounds"): right
-0.1000	70.850	70.950	paginated.fodt: page 3, line 42 ("sample uses common something measurement sample never must separate rendering ligature"): left
0.4333	492.771	492.338	paginated.fodt: page 3, line 42 ("sample uses common something measurement sample never must separate rendering ligature"): right
-0.1000	70.850	70.950	paginated.fodt: page 4, line 1 ("extraction add library never sample case measurement arithmetic filling because glyph case margin"): left
0.4708	512.752	512.281	paginated.fodt: page 4, line 1 ("extraction add library never sample case measurement arithmetic filling because glyph case margin"): right
-0.1000	70.850	70.950	paginated.fodt: page 4, line 2 ("shaping paths shaping compounds pagination something shaping page uses fonts margin rasteriser"): left
0.4442	511.119	510.675	paginated.fodt: page 4, line 2 ("shaping paths shaping compounds pagination something shaping page uses fonts margin rasteriser"): right
-0.1000	70.850	70.950	paginated.fodt: page 4, line 3 ("ligature fonts sample arithmetic."): left
0.1141	215.703	215.589	paginated.fodt: page 4, line 3 ("ligature fonts sample arithmetic."): right
-0.1000	70.850	70.950	paginated.fodt: page 4, line 4 ("Heading 5"): left
-0.0071	137.311	137.318	paginated.fodt: page 4, line 4 ("Heading 5"): right
-0.1000	70.850	70.950	paginated.fodt: page 4, line 5 ("Section 31. because pagination glyph pay ligature filling add rendering margin case measurement library"): left
0.4625	534.403	533.940	paginated.fodt: page 4, line 5 ("Section 31. because pagination glyph pay ligature filling add rendering margin case measurement library"): right
-0.1000	70.850	70.950	paginated.fodt: page 4, line 6 ("margin page paths compounds shaping add ligature together filling library rendering separate sample"): left
0.4976	521.722	521.224	paginated.fodt: page 4, line 6 ("margin page paths compounds shaping add ligature together filling library rendering separate sample"): right
-0.1000	70.850	70.950	paginated.fodt: page 4, line 7 ("together measurement add filling layout ligature compounds pagination measurement rendering never"): left
0.4569	530.514	530.057	paginated.fodt: page 4, line 7 ("together measurement add filling layout ligature compounds pagination measurement rendering never"): right
-0.1000	70.850	70.950	paginated.fodt: page 4, line 8 ("library paths baseline baseline library page library kerning advance compounds compounds separate"): left
0.4906	518.118	517.627	paginated.fodt: page 4, line 8 ("library paths baseline baseline library page library kerning advance compounds compounds separate"): right
-0.1000	70.850	70.950	paginated.fodt: page 4, line 9 ("must page add."): left
0.0298	139.466	139.436	paginated.fodt: page 4, line 9 ("must page add."): right
-0.1000	70.850	70.950	paginated.fodt: page 4, line 10 ("Section 32. measurement ligature rendering pay rasteriser page uses filling uses arithmetic extraction"): left
0.5044	521.893	521.389	paginated.fodt: page 4, line 10 ("Section 32. measurement ligature rendering pay rasteriser page uses filling uses arithmetic extraction"): right
-0.1000	70.850	70.950	paginated.fodt: page 4, line 11 ("margin extraction arithmetic shaping because pagination filling sample common rendering together"): left
0.4752	514.857	514.382	paginated.fodt: page 4, line 11 ("margin extraction arithmetic shaping because pagination filling sample common rendering together"): right
-0.1000	70.850	70.950	paginated.fodt: page 4, line 12 ("never margin fonts rasteriser fonts fonts pagination shaping something measurement baseline"): left
0.4006	490.935	490.534	paginated.fodt: page 4, line 12 ("never margin fonts rasteriser fonts fonts pagination shaping something measurement baseline"): right
-0.1000	70.850	70.950	paginated.fodt: page 4, line 13 ("something measurement shaping arithmetic arithmetic measurement together layout must library"): left
0.4634	509.389	508.926	paginated.fodt: page 4, line 13 ("something measurement shaping arithmetic arithmetic measurement together layout must library"): right
-0.1000	70.850	70.950	paginated.fodt: page 4, line 14 ("library common add case advance ligature."): left
0.1663	261.427	261.261	paginated.fodt: page 4, line 14 ("library common add case advance ligature."): right
-0.1000	70.850	70.950	paginated.fodt: page 4, line 15 ("Section 33. fonts baseline ligature paths sample filling margin margin filling filling measurement together"): left
0.5397	536.922	536.382	paginated.fodt: page 4, line 15 ("Section 33. fonts baseline ligature paths sample filling margin margin filling filling measurement together"): right
-0.1000	70.850	70.950	paginated.fodt: page 4, line 16 ("layout pagination never must baseline must page fonts."): left
0.2351	317.695	317.460	paginated.fodt: page 4, line 16 ("layout pagination never must baseline must page fonts."): right
-0.1000	70.850	70.950	paginated.fodt: page 4, line 17 ("Section 34. rasteriser compounds something uses layout extraction ligature must page page baseline"): left
0.4407	518.365	517.924	paginated.fodt: page 4, line 17 ("Section 34. rasteriser compounds something uses layout extraction ligature must page page baseline"): right
-0.1000	70.850	70.950	paginated.fodt: page 4, line 18 ("filling margin compounds must paths fonts case separate rasteriser something sample case margin"): left
0.3932	508.890	508.497	paginated.fodt: page 4, line 18 ("filling margin compounds must paths fonts case separate rasteriser something sample case margin"): right
-0.1000	70.850	70.950	paginated.fodt: page 4, line 19 ("pagination rendering."): left
0.0172	167.030	167.013	paginated.fodt: page 4, line 19 ("pagination rendering."): right
-0.1000	70.850	70.950	paginated.fodt: page 4, line 20 ("Section 35. ligature fonts measurement library add advance something uses margin baseline pay"): left
0.4739	500.017	499.543	paginated.fodt: page 4, line 20 ("Section 35. ligature fonts measurement library add advance something uses margin baseline pay"): right
-0.1000	70.850	70.950	paginated.fodt: page 4, line 21 ("compounds never something pay advance layout common filling shaping glyph case pay together"): left
0.4182	503.030	502.612	paginated.fodt: page 4, line 21 ("compounds never something pay advance layout common filling shaping glyph case pay together"): right
-0.1000	70.850	70.950	paginated.fodt: page 4, line 22 ("rendering page pay page margin page together uses because ligature rasteriser measurement filling"): left
0.4667	513.848	513.381	paginated.fodt: page 4, line 22 ("rendering page pay page margin page together uses because ligature rasteriser measurement filling"): right
-0.1000	70.850	70.950	paginated.fodt: page 4, line 23 ("paths pay library extraction add because extraction layout pagination ligature must rasteriser baseline"): left
0.5066	523.865	523.358	paginated.fodt: page 4, line 23 ("paths pay library extraction add because extraction layout pagination ligature must rasteriser baseline"): right
-0.1000	70.850	70.950	paginated.fodt: page 4, line 24 ("ligature separate."): left
0.0258	148.570	148.544	paginated.fodt: page 4, line 24 ("ligature separate."): right
-0.1000	70.850	70.950	paginated.fodt: page 4, line 25 ("Section 36. sample margin paths never filling page rasteriser something arithmetic advance paths layout"): left
0.4946	534.226	533.731	paginated.fodt: page 4, line 25 ("Section 36. sample margin paths never filling page rasteriser something arithmetic advance paths layout"): right
-0.1000	70.850	70.950	paginated.fodt: page 4, line 26 ("rendering fonts case library page sample rendering add library kerning extraction never library"): left
0.4657	489.812	489.346	paginated.fodt: page 4, line 26 ("rendering fonts case library page sample rendering add library kerning extraction never library"): right
-0.1000	70.850	70.950	paginated.fodt: page 4, line 27 ("measurement extraction filling arithmetic shaping margin add common ligature margin baseline filling"): left
0.5072	524.745	524.238	paginated.fodt: page 4, line 27 ("measurement extraction filling arithmetic shaping margin add common ligature margin baseline filling"): right
-0.1000	70.850	70.950	paginated.fodt: page 4, line 28 ("rendering extraction pay uses together compounds measurement."): left
0.2428	366.180	365.937	paginated.fodt: page 4, line 28 ("rendering extraction pay uses together compounds measurement."): right
-0.1000	70.850	70.950	paginated.fodt: page 4, line 29 ("Heading 6"): left
-0.0071	137.311	137.318	paginated.fodt: page 4, line 29 ("Heading 6"): right
-0.1000	70.850	70.950	paginated.fodt: page 4, line 30 ("Section 37. page measurement advance sample add page library together common filling pagination"): left
0.4753	517.607	517.132	paginated.fodt: page 4, line 30 ("Section 37. page measurement advance sample add page library together common filling pagination"): right
-0.1000	70.850	70.950	paginated.fodt: page 4, line 31 ("never layout never paths must add never layout sample common pay pay measurement sample layout"): left
0.4942	526.679	526.185	paginated.fodt: page 4, line 31 ("never layout never paths must add never layout sample common pay pay measurement sample layout"): right
-0.1000	70.850	70.950	paginated.fodt: page 4, line 32 ("glyph rendering extraction margin paths margin common together never rendering layout together"): left
0.4448	511.538	511.093	paginated.fodt: page 4, line 32 ("glyph rendering extraction margin paths margin common together never rendering layout together"): right
-0.1000	70.850	70.950	paginated.fodt: page 4, line 33 ("library common together glyph ligature uses shaping baseline layout page library compounds."): left
0.4908	487.626	487.135	paginated.fodt: page 4, line 33 ("library common together glyph ligature uses shaping baseline layout page library compounds."): right
-0.1000	70.850	70.950	paginated.fodt: page 4, line 34 ("Section 38. layout sample extraction pay compounds paths never sample advance glyph case case"): left
0.4247	505.743	505.318	paginated.fodt: page 4, line 34 ("Section 38. layout sample extraction pay compounds paths never sample advance glyph case case"): right
-0.1000	70.850	70.950	paginated.fodt: page 4, line 35 ("kerning glyph kerning baseline compounds uses compounds separate separate advance advance"): left
0.4053	499.442	499.037	paginated.fodt: page 4, line 35 ("kerning glyph kerning baseline compounds uses compounds separate separate advance advance"): right
-0.1000	70.850	70.950	paginated.fodt: page 4, line 36 ("something separate paths together pay kerning pagination filling together rasteriser ligature margin"): left
0.4187	514.009	513.590	paginated.fodt: page 4, line 36 ("something separate paths together pay kerning pagination filling together rasteriser ligature margin"): right
-0.1000	70.850	70.950	paginated.fodt: page 4, line 37 ("paths must shaping."): left
0.0290	160.354	160.325	paginated.fodt: page 4, line 37 ("paths must shaping."): right
-0.1000	70.850	70.950	paginated.fodt: page 4, line 38 ("Section 39. uses layout pay case common filling filling library layout separate pagination filling sample"): left
0.4954	522.500	522.005	paginated.fodt: page 4, line 38 ("Section 39. uses layout pay case common filling filling library layout separate pagination filling sample"): right
-0.1000	70.850	70.950	paginated.fodt: page 4, line 39 ("kerning never extraction glyph rasteriser shaping page arithmetic library common advance shaping."): left
0.4832	512.918	512.435	paginated.fodt: page 4, line 39 ("kerning never extraction glyph rasteriser shaping page arithmetic library common advance shaping."): right
-0.1000	70.850	70.950	paginated.fodt: page 4, line 40 ("Section 40. library shaping paths library pay measurement layout common pagination separate sample"): left
0.4664	527.597	527.131	paginated.fodt: page 4, line 40 ("Section 40. library shaping paths library pay measurement layout common pagination separate sample"): right
-0.1000	70.850	70.950	paginated.fodt: page 5, line 1 ("uses something case baseline layout compounds rendering kerning shaping library because never"): left
0.5153	504.029	503.514	paginated.fodt: page 5, line 1 ("uses something case baseline layout compounds rendering kerning shaping library because never"): right
-0.1000	70.850	70.950	paginated.fodt: page 5, line 2 ("together rasteriser glyph compounds extraction pagination together page never never."): left
0.3618	455.652	455.290	paginated.fodt: page 5, line 2 ("together rasteriser glyph compounds extraction pagination together page never never."): right
-0.1000	70.850	70.950	paginated.fodt: page 5, line 3 ("Section 41. must fonts kerning separate must page case filling sample sample add rasteriser extraction"): left
0.4886	525.541	525.052	paginated.fodt: page 5, line 3 ("Section 41. must fonts kerning separate must page case filling sample sample add rasteriser extraction"): right
-0.1000	70.850	70.950	paginated.fodt: page 5, line 4 ("library never measurement add baseline rasteriser pay library page glyph measurement baseline page"): left
0.5482	524.423	523.875	paginated.fodt: page 5, line 4 ("library never measurement add baseline rasteriser pay library page glyph measurement baseline page"): right
-0.1000	70.850	70.950	paginated.fodt: page 5, line 5 ("kerning must case."): left
0.0366	153.850	153.813	paginated.fodt: page 5, line 5 ("kerning must case."): right
-0.1000	70.850	70.950	paginated.fodt: page 5, line 6 ("Section 42. sample baseline arithmetic shaping case something case something because kerning uses"): left
0.4468	520.868	520.421	paginated.fodt: page 5, line 6 ("Section 42. sample baseline arithmetic shaping case something case something because kerning uses"): right
-0.1000	70.850	70.950	paginated.fodt: page 5, line 7 ("ligature compounds rasteriser baseline uses advance library measurement baseline pagination"): left
0.4595	490.994	490.534	paginated.fodt: page 5, line 7 ("ligature compounds rasteriser baseline uses advance library measurement baseline pagination"): right
-0.1000	70.850	70.950	paginated.fodt: page 5, line 8 ("something advance page."): left
0.0274	184.486	184.459	paginated.fodt: page 5, line 8 ("something advance page."): right
-0.1000	70.850	70.950	paginated.fodt: page 5, line 9 ("Heading 7"): left
-0.0071	137.311	137.318	paginated.fodt: page 5, line 9 ("Heading 7"): right
-0.1000	70.850	70.950	paginated.fodt: page 5, line 10 ("Section 43. extraction arithmetic extraction baseline measurement must filling compounds baseline page"): left
0.4951	538.549	538.054	paginated.fodt: page 5, line 10 ("Section 43. extraction arithmetic extraction baseline measurement must filling compounds baseline page"): right
-0.1000	70.850	70.950	paginated.fodt: page 5, line 11 ("pagination common common common kerning never because measurement rendering measurement"): left
0.3913	522.704	522.313	paginated.fodt: page 5, line 11 ("pagination common common common kerning never because measurement rendering measurement"): right
-0.1000	70.850	70.950	paginated.fodt: page 5, line 12 ("rendering sample rendering pay ligature library measurement fonts kerning together ligature paths uses"): left
0.4946	533.302	532.807	paginated.fodt: page 5, line 12 ("rendering sample rendering pay ligature library measurement fonts kerning together ligature paths uses"): right
-0.1000	70.850	70.950	paginated.fodt: page 5, line 13 ("rendering margin glyph."): left
0.0775	177.574	177.496	paginated.fodt: page 5, line 13 ("rendering margin glyph."): right
-0.1000	70.850	70.950	paginated.fodt: page 5, line 14 ("Section 44. case paths library kerning margin never never shaping measurement pay margin common"): left
0.4778	521.625	521.147	paginated.fodt: page 5, line 14 ("Section 44. case paths library kerning margin never never shaping measurement pay margin common"): right
-0.1000	70.850	70.950	paginated.fodt: page 5, line 15 ("because extraction fonts filling ligature case glyph kerning pay rendering measurement measurement"): left
0.5447	521.813	521.268	paginated.fodt: page 5, line 15 ("because extraction fonts filling ligature case glyph kerning pay rendering measurement measurement"): right
-0.1000	70.850	70.950	paginated.fodt: page 5, line 16 ("rendering common sample baseline case common add case."): left
0.2493	338.873	338.624	paginated.fodt: page 5, line 16 ("rendering common sample baseline case common add case."): right
-0.1000	70.850	70.950	paginated.fodt: page 5, line 17 ("Section 45. arithmetic must because add something sample arithmetic arithmetic baseline kerning paths"): left
0.5110	536.057	535.546	paginated.fodt: page 5, line 17 ("Section 45. arithmetic must because add something sample arithmetic arithmetic baseline kerning paths"): right
-0.1000	70.850	70.950	paginated.fodt: page 5, line 18 ("never advance fonts common kerning must common pay pay layout baseline."): left
0.2956	414.633	414.337	paginated.fodt: page 5, line 18 ("never advance fonts common kerning must common pay pay layout baseline."): right
-0.1000	70.850	70.950	paginated.rtf: page 1, line 1 ("Section 1. kerning advance rasteriser layout ligature layout common advance add pay because separate"): left
0.5198	530.423	529.903	paginated.rtf: page 1, line 1 ("Section 1. kerning advance rasteriser layout ligature layout common advance add pay because separate"): right
-0.1000	70.850	70.950	paginated.rtf: page 1, line 2 ("margin advance fonts extraction library paths separate rasteriser arithmetic rendering kerning together"): left
0.5030	529.515	529.012	paginated.rtf: page 1, line 2 ("margin advance fonts extraction library paths separate rasteriser arithmetic rendering kerning together"): right
-0.1000	70.850	70.950	paginated.rtf: page 1, line 3 ("advance rasteriser uses something shaping extraction because kerning page baseline because filling"): left
0.4558	513.617	513.161	paginated.rtf: page 1, line 3 ("advance rasteriser uses something shaping extraction because kerning page baseline because filling"): right
-0.1000	70.850	70.950	paginated.rtf: page 1, line 4 ("together uses something rendering library common margin common something compounds."): left
0.3919	483.721	483.329	paginated.rtf: page 1, line 4 ("together uses something rendering library common margin common something compounds."): right
-0.1000	70.850	70.950	paginated.rtf: page 1, line 5 ("Section 2. rendering extraction never never paths ligature compounds margin baseline library rasteriser"): left
0.4927	531.089	530.596	paginated.rtf: page 1, line 5 ("Section 2. rendering extraction never never paths ligature compounds margin baseline library rasteriser"): right
-0.1000	70.850	70.950	paginated.rtf: page 1, line 6 ("page pagination because add pagination extraction baseline case must arithmetic common."): left
0.3993	478.151	477.752	paginated.rtf: page 1, line 6 ("page pagination because add pagination extraction baseline case must arithmetic common."): right
-0.1000	70.850	70.950	paginated.rtf: page 1, line 7 ("Section 3. paths kerning shaping layout rasteriser advance rasteriser must baseline compounds case"): left
0.4148	514.863	514.448	paginated.rtf: page 1, line 7 ("Section 3. paths kerning shaping layout rasteriser advance rasteriser must baseline compounds case"): right
-0.1000	70.850	70.950	paginated.rtf: page 1, line 8 ("margin baseline never extraction page add rendering."): left
0.2344	309.235	309.001	paginated.rtf: page 1, line 8 ("margin baseline never extraction page add rendering."): right
-0.1000	70.850	70.950	paginated.rtf: page 1, line 9 ("Section 4. layout margin common separate pay never advance filling extraction pagination something"): left
0.4699	521.265	520.795	paginated.rtf: page 1, line 9 ("Section 4. layout margin common separate pay never advance filling extraction pagination something"): right
-0.1000	70.850	70.950	paginated.rtf: page 1, line 10 ("compounds library library because never arithmetic extraction measurement measurement kerning"): left
0.4660	513.858	513.392	paginated.rtf: page 1, line 10 ("compounds library library because never arithmetic extraction measurement measurement kerning"): right
-0.1000	70.850	70.950	paginated.rtf: page 1, line 11 ("must ligature must compounds layout pay add uses arithmetic rasteriser."): left
0.2996	394.298	393.998	paginated.rtf: page 1, line 11 ("must ligature must compounds layout pay add uses arithmetic rasteriser."): right
-0.1000	70.850	70.950	paginated.rtf: page 1, line 12 ("Section 5. rasteriser compounds ligature because baseline paths common common separate filling"): left
0.3878	508.192	507.804	paginated.rtf: page 1, line 12 ("Section 5. rasteriser compounds ligature because baseline paths common common separate filling"): right
-0.1000	70.850	70.950	paginated.rtf: page 1, line 13 ("arithmetic margin filling baseline shaping something layout library must uses ligature library page never"): left
0.5320	531.744	531.212	paginated.rtf: page 1, line 13 ("arithmetic margin filling baseline shaping something layout library must uses ligature library page never"): right
-0.1000	70.850	70.950	paginated.rtf: page 1, line 14 ("never rendering library page."): left
0.0914	200.148	200.057	paginated.rtf: page 1, line 14 ("never rendering library page."): right
-0.1000	70.850	70.950	paginated.rtf: page 1, line 15 ("Section 6. advance arithmetic paths separate layout something measurement must because"): left
0.3700	479.827	479.457	paginated.rtf: page 1, line 15 ("Section 6. advance arithmetic paths separate layout something measurement must because"): right
-0.1000	70.850	70.950	paginated.rtf: page 1, line 16 ("measurement must advance pagination must separate rendering ligature sample add separate rendering"): left
0.4504	536.975	536.525	paginated.rtf: page 1, line 16 ("measurement must advance pagination must separate rendering ligature sample add separate rendering"): right
-0.1000	70.850	70.950	paginated.rtf: page 1, line 17 ("library ligature library add together must library library advance measurement separate must pagination"): left
0.5180	534.612	534.094	paginated.rtf: page 1, line 17 ("library ligature library add together must library library advance measurement separate must pagination"): right
-0.1000	70.850	70.950	paginated.rtf: page 1, line 18 ("sample because ligature library baseline rendering shaping extraction compounds compounds."): left
0.4254	492.180	491.755	paginated.rtf: page 1, line 18 ("sample because ligature library baseline rendering shaping extraction compounds compounds."): right
-0.1000	70.850	70.950	paginated.rtf: page 1, line 19 ("Heading 1"): left
-0.0071	137.311	137.318	paginated.rtf: page 1, line 19 ("Heading 1"): right
-0.1000	70.850	70.950	paginated.rtf: page 1, line 20 ("Section 7. extraction library because because case filling baseline pagination compounds kerning"): left
0.4596	500.388	499.928	paginated.rtf: page 1, line 20 ("Section 7. extraction library because because case filling baseline pagination compounds kerning"): right
-0.1000	70.850	70.950	paginated.rtf: page 1, line 21 ("advance kerning because rendering add because ligature rendering uses case shaping shaping filling"): left
0.4741	514.911	514.437	paginated.rtf: page 1, line 21 ("advance kerning because rendering add because ligature rendering uses case shaping shaping filling"): right
-0.1000	70.850	70.950	paginated.rtf: page 1, line 22 ("extraction measurement add pay rasteriser fonts pagination advance shaping arithmetic together margin"): left
0.4771	537.926	537.449	paginated.rtf: page 1, line 22 ("extraction measurement add pay rasteriser fonts pagination advance shaping arithmetic together margin"): right
-0.1000	70.850	70.950	paginated.rtf: page 1, line 23 ("filling rasteriser glyph rasteriser never compounds uses together never must must shaping sample"): left
0.4364	506.634	506.198	paginated.rtf: page 1, line 23 ("filling rasteriser glyph rasteriser never compounds uses together never must must shaping sample"): right
-0.1000	70.850	70.950	paginated.rtf: page 1, line 24 ("separate library page fonts case advance ligature."): left
0.1749	290.410	290.235	paginated.rtf: page 1, line 24 ("separate library page fonts case advance ligature."): right
-0.1000	70.850	70.950	paginated.rtf: page 1, line 25 ("Section 8. never baseline compounds shaping together advance together library separate page separate"): left
0.4975	533.194	532.697	paginated.rtf: page 1, line 25 ("Section 8. never baseline compounds shaping together advance together library separate page separate"): right
-0.1000	70.850	70.950	paginated.rtf: page 1, line 26 ("page sample add rendering must margin kerning rasteriser rendering page arithmetic pay paths case"): left
0.4608	517.527	517.066	paginated.rtf: page 1, line 26 ("page sample add rendering must margin kerning rasteriser rendering page arithmetic pay paths case"): right
-0.1000	70.850	70.950	paginated.rtf: page 1, line 27 ("advance common measurement library rasteriser rasteriser ligature filling layout extraction."): left
0.4279	478.554	478.126	paginated.rtf: page 1, line 27 ("advance common measurement library rasteriser rasteriser ligature filling layout extraction."): right
-0.1000	70.850	70.950	paginated.rtf: page 1, line 28 ("Section 9. ligature separate layout uses page sample fonts margin uses because baseline compounds"): left
0.4172	517.978	517.561	paginated.rtf: page 1, line 28 ("Section 9. ligature separate layout uses page sample fonts margin uses because baseline compounds"): right
-0.1000	70.850	70.950	paginated.rtf: page 1, line 29 ("must advance kerning rasteriser extraction compounds pagination kerning together never common case"): left
0.4536	534.097	533.643	paginated.rtf: page 1, line 29 ("must advance kerning rasteriser extraction compounds pagination kerning together never common case"): right
-0.1000	70.850	70.950	paginated.rtf: page 1, line 30 ("never arithmetic compounds because add together filling rendering sample because separate advance"): left
0.4672	526.432	525.965	paginated.rtf: page 1, line 30 ("never arithmetic compounds because add together filling rendering sample because separate advance"): right
-0.1000	70.850	70.950	paginated.rtf: page 1, line 31 ("pagination baseline page shaping rendering never library glyph separate layout pagination must ligature"): left
0.4327	533.130	532.697	paginated.rtf: page 1, line 31 ("pagination baseline page shaping rendering never library glyph separate layout pagination must ligature"): right
-0.1000	70.850	70.950	paginated.rtf: page 1, line 32 ("pay advance shaping because uses advance something fonts filling add compounds never add pay page"): left
0.4887	529.666	529.177	paginated.rtf: page 1, line 32 ("pay advance shaping because uses advance something fonts filling add compounds never add pay page"): right
-0.1000	70.850	70.950	paginated.rtf: page 1, line 33 ("shaping rasteriser."): left
-0.0490	151.685	151.734	paginated.rtf: page 1, line 33 ("shaping rasteriser."): right
-0.1000	70.850	70.950	paginated.rtf: page 1, line 34 ("Section 10. case extraction compounds rendering separate margin case shaping because fonts library"): left
0.3984	519.895	519.497	paginated.rtf: page 1, line 34 ("Section 10. case extraction compounds rendering separate margin case shaping because fonts library"): right
-0.1000	70.850	70.950	paginated.rtf: page 1, line 35 ("kerning baseline margin page arithmetic ligature shaping must pagination glyph ligature together"): left
0.4987	502.418	501.919	paginated.rtf: page 1, line 35 ("kerning baseline margin page arithmetic ligature shaping must pagination glyph ligature together"): right
-0.1000	70.850	70.950	paginated.rtf: page 1, line 36 ("common rasteriser baseline rendering filling must rendering separate rasteriser pay uses extraction"): left
0.4967	512.129	511.632	paginated.rtf: page 1, line 36 ("common rasteriser baseline rendering filling must rendering separate rasteriser pay uses extraction"): right
-0.1000	70.850	70.950	paginated.rtf: page 1, line 37 ("something together sample arithmetic shaping common shaping case filling."): left
0.3220	410.325	410.003	paginated.rtf: page 1, line 37 ("something together sample arithmetic shaping common shaping case filling."): right
-0.1000	70.850	70.950	paginated.rtf: page 1, line 38 ("Section 11. rasteriser glyph rendering compounds baseline fonts never never never must uses sample"): left
0.4920	522.420	521.928	paginated.rtf: page 1, line 38 ("Section 11. rasteriser glyph rendering compounds baseline fonts never never never must uses sample"): right
-0.1000	70.850	70.950	paginated.rtf: page 1, line 39 ("layout together together rasteriser never rasteriser common must arithmetic must because filling"): left
0.4576	504.148	503.690	paginated.rtf: page 1, line 39 ("layout together together rasteriser never rasteriser common must arithmetic must because filling"): right
-0.1000	70.850	70.950	paginated.rtf: page 1, line 40 ("compounds common glyph baseline must rasteriser margin rendering common rasteriser sample"): left
0.4888	501.913	501.424	paginated.rtf: page 1, line 40 ("compounds common glyph baseline must rasteriser margin rendering common rasteriser sample"): right
-0.1000	70.850	70.950	paginated.rtf: page 1, line 41 ("measurement case pagination rasteriser library ligature common rendering separate ligature pay"): left
0.4199	500.887	500.467	paginated.rtf: page 1, line 41 ("measurement case pagination rasteriser library ligature common rendering separate ligature pay"): right
-0.1000	70.850	70.950	paginated.rtf: page 1, line 42 ("rasteriser layout case never layout fonts something common paths must kerning library common"): left
0.3859	500.941	500.555	paginated.rtf: page 1, line 42 ("rasteriser layout case never layout fonts something common paths must kerning library common"): right
-0.1000	70.850	70.950	paginated.rtf: page 2, line 1 ("together margin kerning glyph."): left
0.0635	208.414	208.351	paginated.rtf: page 2, line 1 ("together margin kerning glyph."): right
-0.1000	70.850	70.950	paginated.rtf: page 2, line 2 ("Section 12. sample glyph never measurement extraction separate rasteriser layout baseline kerning"): left
0.4553	512.934	512.479	paginated.rtf: page 2, line 2 ("Section 12. sample glyph never measurement extraction separate rasteriser layout baseline kerning"): right
-0.1000	70.850	70.950	paginated.rtf: page 2, line 3 ("measurement measurement margin rasteriser fonts common extraction together because margin"): left
0.4269	504.953	504.526	paginated.rtf: page 2, line 3 ("measurement measurement margin rasteriser fonts common extraction together because margin"): right
-0.1000	70.850	70.950	paginated.rtf: page 2, line 4 ("rasteriser pagination filling page case fonts margin must pagination measurement glyph layout margin"): left
0.4368	524.939	524.502	paginated.rtf: page 2, line 4 ("rasteriser pagination filling page case fonts margin must pagination measurement glyph layout margin"): right
-0.1000	70.850	70.950	paginated.rtf: page 2, line 5 ("never layout library pagination add ligature common extraction sample paths uses page add pagination"): left
0.4319	529.961	529.529	paginated.rtf: page 2, line 5 ("never layout library pagination add ligature common extraction sample paths uses page add pagination"): right
-0.1000	70.850	70.950	paginated.rtf: page 2, line 6 ("never margin layout."): left
0.0175	162.894	162.877	paginated.rtf: page 2, line 6 ("never margin layout."): right
-0.1000	70.850	70.950	paginated.rtf: page 2, line 7 ("Heading 2"): left
-0.0071	137.311	137.318	paginated.rtf: page 2, line 7 ("Heading 2"): right
-0.1000	70.850	70.950	paginated.rtf: page 2, line 8 ("Section 13. library compounds shaping never case margin rendering case common arithmetic filling"): left
0.4263	512.311	511.885	paginated.rtf: page 2, line 8 ("Section 13. library compounds shaping never case margin rendering case common arithmetic filling"): right
-0.1000	70.850	70.950	paginated.rtf: page 2, line 9 ("advance margin paths rasteriser compounds extraction common filling filling page pagination baseline"): left
0.4742	524.987	524.513	paginated.rtf: page 2, line 9 ("advance margin paths rasteriser compounds extraction common filling filling page pagination baseline"): right
-0.1000	70.850	70.950	paginated.rtf: page 2, line 10 ("common advance library separate compounds fonts compounds ligature fonts shaping paths glyph"): left
0.4116	509.261	508.849	paginated.rtf: page 2, line 10 ("common advance library separate compounds fonts compounds ligature fonts shaping paths glyph"): right
-0.1000	70.850	70.950	paginated.rtf: page 2, line 11 ("shaping baseline something margin add measurement something ligature page something something"): left
0.4501	522.323	521.873	paginated.rtf: page 2, line 11 ("shaping baseline something margin add measurement something ligature page something something"): right
-0.1000	70.850	70.950	paginated.rtf: page 2, line 12 ("rendering extraction arithmetic separate fonts baseline."): left
0.2359	319.027	318.791	paginated.rtf: page 2, line 12 ("rendering extraction arithmetic separate fonts baseline."): right
-0.1000	70.850	70.950	paginated.rtf: page 2, line 13 ("Section 14. compounds paths together margin paths together library uses glyph ligature filling arithmetic"): left
0.5106	537.223	536.712	paginated.rtf: page 2, line 13 ("Section 14. compounds paths together margin paths together library uses glyph ligature filling arithmetic"): right
-0.1000	70.850	70.950	paginated.rtf: page 2, line 14 ("separate common kerning pay arithmetic case paths baseline kerning case never paths sample pay case"): left
0.4716	530.837	530.365	paginated.rtf: page 2, line 14 ("separate common kerning pay arithmetic case paths baseline kerning case never paths sample pay case"): right
-0.1000	70.850	70.950	paginated.rtf: page 2, line 15 ("measurement advance must baseline kerning filling baseline measurement must something must"): left
0.4798	503.895	503.415	paginated.rtf: page 2, line 15 ("measurement advance must baseline kerning filling baseline measurement must something must"): right
-0.1000	70.850	70.950	paginated.rtf: page 2, line 16 ("arithmetic ligature case add sample page page rasteriser page arithmetic rasteriser arithmetic rasteriser"): left
0.5570	532.319	531.762	paginated.rtf: page 2, line 16 ("arithmetic ligature case add sample page page rasteriser page arithmetic rasteriser arithmetic rasteriser"): right
-0.1000	70.850	70.950	paginated.rtf: page 2, line 17 ("separate paths extraction page filling glyph rendering separate common uses page library because fonts"): left
0.4544	532.689	532.235	paginated.rtf: page 2, line 17 ("separate paths extraction page filling glyph rendering separate common uses page library because fonts"): right
-0.1000	70.850	70.950	paginated.rtf: page 2, line 18 ("arithmetic."): left
-0.0129	119.700	119.713	paginated.rtf: page 2, line 18 ("arithmetic."): right
-0.1000	70.850	70.950	paginated.rtf: page 2, line 19 ("Section 15. measurement ligature ligature sample never pagination pagination shaping must library case"): left
0.5127	535.069	534.556	paginated.rtf: page 2, line 19 ("Section 15. measurement ligature ligature sample never pagination pagination shaping must library case"): right
-0.1000	70.850	70.950	paginated.rtf: page 2, line 20 ("advance never advance glyph filling compounds pay measurement pay together something layout glyph"): left
0.4972	532.963	532.466	paginated.rtf: page 2, line 20 ("advance never advance glyph filling compounds pay measurement pay together something layout glyph"): right
-0.1000	70.850	70.950	paginated.rtf: page 2, line 21 ("measurement common kerning together because because glyph shaping kerning add extraction library"): left
0.4408	527.748	527.307	paginated.rtf: page 2, line 21 ("measurement common kerning together because because glyph shaping kerning add extraction library"): right
-0.1000	70.850	70.950	paginated.rtf: page 2, line 22 ("add never because add shaping together something pay uses sample together measurement case"): left
0.3634	505.329	504.966	paginated.rtf: page 2, line 22 ("add never because add shaping together something pay uses sample together measurement case"): right
-0.1000	70.850	70.950	paginated.rtf: page 2, line 23 ("together advance page advance add kerning together uses margin."): left
0.2638	367.609	367.345	paginated.rtf: page 2, line 23 ("together advance page advance add kerning together uses margin."): right
-0.1000	70.850	70.950	paginated.rtf: page 2, line 24 ("Section 16. arithmetic because measurement measurement rendering measurement margin compounds"): left
0.4980	537.045	536.547	paginated.rtf: page 2, line 24 ("Section 16. arithmetic because measurement measurement rendering measurement margin compounds"): right
-0.1000	70.850	70.950	paginated.rtf: page 2, line 25 ("rasteriser measurement compounds pay layout layout because kerning something rendering uses paths"): left
0.4677	531.449	530.981	paginated.rtf: page 2, line 25 ("rasteriser measurement compounds pay layout layout because kerning something rendering uses paths"): right
-0.1000	70.850	70.950	paginated.rtf: page 2, line 26 ("fonts something rendering glyph library add because pagination because page common together"): left
0.3798	501.650	501.270	paginated.rtf: page 2, line 26 ("fonts something rendering glyph library add because pagination because page common together"): right
-0.1000	70.850	70.950	paginated.rtf: page 2, line 27 ("because rendering pay common glyph arithmetic uses shaping pagination kerning margin sample"): left
0.4539	502.450	501.996	paginated.rtf: page 2, line 27 ("because rendering pay common glyph arithmetic uses shaping pagination kerning margin sample"): right
-0.1000	70.850	70.950	paginated.rtf: page 2, line 28 ("pagination pagination must shaping shaping library separate baseline sample extraction compounds"): left
0.4686	516.050	515.581	paginated.rtf: page 2, line 28 ("pagination pagination must shaping shaping library separate baseline sample extraction compounds"): right
-0.1000	70.850	70.950	paginated.rtf: page 2, line 29 ("because kerning rendering measurement extraction case baseline baseline pay."): left
0.3966	423.259	422.862	paginated.rtf: page 2, line 29 ("because kerning rendering measurement extraction case baseline baseline pay."): right
-0.1000	70.850	70.950	paginated.rtf: page 2, line 30 ("Section 17. fonts compounds fonts together never compounds glyph something page paths ligature add"): left
0.4234	532.383	531.960	paginated.rtf: page 2, line 30 ("Section 17. fonts compounds fonts together never compounds glyph something page paths ligature add"): right
-0.1000	70.850	70.950	paginated.rtf: page 2, line 31 ("case add pay layout paths kerning rendering ligature separate together common rasteriser layout sample"): left
0.4585	537.104	536.646	paginated.rtf: page 2, line 31 ("case add pay layout paths kerning rendering ligature separate together common rasteriser layout sample"): right
-0.1000	70.850	70.950	paginated.rtf: page 2, line 32 ("never arithmetic ligature uses advance layout page."): left
0.2087	300.003	299.794	paginated.rtf: page 2, line 32 ("never arithmetic ligature uses advance layout page."): right
-0.1000	70.850	70.950	paginated.rtf: page 2, line 33 ("Section 18. layout add ligature filling shaping margin pagination because ligature uses margin paths"): left
0.4901	512.177	511.687	paginated.rtf: page 2, line 33 ("Section 18. layout add ligature filling shaping margin pagination because ligature uses margin paths"): right
-0.1000	70.850	70.950	paginated.rtf: page 2, line 34 ("never must compounds page paths arithmetic extraction ligature measurement advance arithmetic"): left
0.4795	512.617	512.138	paginated.rtf: page 2, line 34 ("never must compounds page paths arithmetic extraction ligature measurement advance arithmetic"): right
-0.1000	70.850	70.950	paginated.rtf: page 2, line 35 ("baseline fonts baseline fonts together pay filling must page paths pay layout extraction never pay must"): left
0.5446	527.335	526.790	paginated.rtf: page 2, line 35 ("baseline fonts baseline fonts together pay filling must page paths pay layout extraction never pay must"): right
-0.1000	70.850	70.950	paginated.rtf: page 2, line 36 ("because sample page common."): left
0.0460	210.982	210.936	paginated.rtf: page 2, line 36 ("because sample page common."): right
-0.1000	70.850	70.950	paginated.rtf: page 2, line 37 ("Heading 3"): left
-0.0071	137.311	137.318	paginated.rtf: page 2, line 37 ("Heading 3"): right
-0.1000	70.850	70.950	paginated.rtf: page 2, line 38 ("Section 19. kerning because add rendering rasteriser baseline rasteriser because advance never separate"): left
0.5195	536.627	536.107	paginated.rtf: page 2, line 38 ("Section 19. kerning because add rendering rasteriser baseline rasteriser because advance never separate"): right
-0.1000	70.850	70.950	paginated.rtf: page 2, line 39 ("baseline shaping fonts add together add margin library add kerning library measurement library must"): left
0.5108	521.625	521.114	paginated.rtf: page 2, line 39 ("baseline shaping fonts add together add margin library add kerning library measurement library must"): right
-0.1000	70.850	70.950	paginated.rtf: page 2, line 40 ("common margin kerning case advance extraction compounds ligature arithmetic something case kerning"): left
0.4978	536.143	535.645	paginated.rtf: page 2, line 40 ("common margin kerning case advance extraction compounds ligature arithmetic something case kerning"): right
-0.1000	70.850	70.950	paginated.rtf: page 2, line 41 ("extraction never pay something compounds add pagination margin because filling rasteriser."): left
0.3407	481.734	481.393	paginated.rtf: page 2, line 41 ("extraction never pay something compounds add pagination margin because filling rasteriser."): right
-0.1000	70.850	70.950	paginated.rtf: page 3, line 1 ("Section 20. compounds case pagination add page ligature pagination advance compounds because"): left
0.3919	510.088	509.696	paginated.rtf: page 3, line 1 ("Section 20. compounds case pagination add page ligature pagination advance compounds because"): right
-0.1000	70.850	70.950	paginated.rtf: page 3, line 2 ("common pay common must layout layout rasteriser margin separate kerning because common uses"): left
0.4060	514.535	514.129	paginated.rtf: page 3, line 2 ("common pay common must layout layout rasteriser margin separate kerning because common uses"): right
-0.1000	70.850	70.950	paginated.rtf: page 3, line 3 ("separate fonts case glyph baseline library pagination."): left
0.2012	306.727	306.526	paginated.rtf: page 3, line 3 ("separate fonts case glyph baseline library pagination."): right
-0.1000	70.850	70.950	paginated.rtf: page 3, line 4 ("Section 21. glyph must never pay compounds ligature pagination baseline extraction margin together"): left
0.4382	520.980	520.542	paginated.rtf: page 3, line 4 ("Section 21. glyph must never pay compounds ligature pagination baseline extraction margin together"): right
-0.1000	70.850	70.950	paginated.rtf: page 3, line 5 ("arithmetic rendering filling pagination rasteriser pagination add advance common compounds never"): left
0.4414	517.639	517.198	paginated.rtf: page 3, line 5 ("arithmetic rendering filling pagination rasteriser pagination add advance common compounds never"): right
-0.1000	70.850	70.950	paginated.rtf: page 3, line 6 ("pagination something common fonts filling add uses sample pay rasteriser rasteriser rendering rasteriser"): left
0.4592	536.159	535.700	paginated.rtf: page 3, line 6 ("pagination something common fonts filling add uses sample pay rasteriser rasteriser rendering rasteriser"): right
-0.1000	70.850	70.950	paginated.rtf: page 3, line 7 ("because must arithmetic ligature baseline pagination pagination because measurement page kerning"): left
0.4067	520.465	520.058	paginated.rtf: page 3, line 7 ("because must arithmetic ligature baseline pagination pagination because measurement page kerning"): right
-0.1000	70.850	70.950	paginated.rtf: page 3, line 8 ("case advance must arithmetic library filling fonts pagination pay case extraction something"): left
0.3732	473.967	473.594	paginated.rtf: page 3, line 8 ("case advance must arithmetic library filling fonts pagination pay case extraction something"): right
-0.1000	70.850	70.950	paginated.rtf: page 3, line 9 ("measurement arithmetic measurement fonts layout library kerning separate margin layout must add."): left
0.4656	520.755	520.289	paginated.rtf: page 3, line 9 ("measurement arithmetic measurement fonts layout library kerning separate margin layout must add."): right
-0.1000	70.850	70.950	paginated.rtf: page 3, line 10 ("Section 22. compounds rendering fonts rasteriser baseline kerning separate pay compounds case margin"): left
0.4289	536.041	535.612	paginated.rtf: page 3, line 10 ("Section 22. compounds rendering fonts rasteriser baseline kerning separate pay compounds case margin"): right
-0.1000	70.850	70.950	paginated.rtf: page 3, line 11 ("layout pagination must filling arithmetic pagination paths separate pay margin shaping common ligature"): left
0.4846	534.403	533.918	paginated.rtf: page 3, line 11 ("layout pagination must filling arithmetic pagination paths separate pay margin shaping common ligature"): right
-0.1000	70.850	70.950	paginated.rtf: page 3, line 12 ("sample baseline baseline something shaping kerning baseline glyph case case pagination glyph baseline"): left
0.5491	531.497	530.948	paginated.rtf: page 3, line 12 ("sample baseline baseline something shaping kerning baseline glyph case case pagination glyph baseline"): right
-0.1000	70.850	70.950	paginated.rtf: page 3, line 13 ("rendering together paths something glyph compounds together add library arithmetic case advance"): left
0.4773	515.695	515.218	paginated.rtf: page 3, line 13 ("rendering together paths something glyph compounds together add library arithmetic case advance"): right
-0.1000	70.850	70.950	paginated.rtf: page 3, line 14 ("arithmetic margin paths ligature common arithmetic add margin arithmetic library measurement"): left
0.4372	502.224	501.787	paginated.rtf: page 3, line 14 ("arithmetic margin paths ligature common arithmetic add margin arithmetic library measurement"): right
-0.1000	70.850	70.950	paginated.rtf: page 3, line 15 ("baseline fonts uses baseline case library."): left
0.1608	250.213	250.052	paginated.rtf: page 3, line 15 ("baseline fonts uses baseline case library."): right
-0.1000	70.850	70.950	paginated.rtf: page 3, line 16 ("Section 23. must case kerning extraction something arithmetic add rendering together layout library"): left
0.5048	516.372	515.867	paginated.rtf: page 3, line 16 ("Section 23. must case kerning extraction something arithmetic add rendering together layout library"): right
-0.1000	70.850	70.950	paginated.rtf: page 3, line 17 ("advance advance margin pay sample uses separate add rendering kerning together add together."): left
0.3988	501.779	501.380	paginated.rtf: page 3, line 17 ("advance advance margin pay sample uses separate add rendering kerning together add together."): right
-0.1000	70.850	70.950	paginated.rtf: page 3, line 18 ("Section 24. pay ligature never rasteriser something paths rasteriser together sample ligature rendering"): left
0.4821	526.722	526.240	paginated.rtf: page 3, line 18 ("Section 24. pay ligature never rasteriser something paths rasteriser together sample ligature rendering"): right
-0.1000	70.850	70.950	paginated.rtf: page 3, line 19 ("layout rasteriser arithmetic rasteriser paths common add together page baseline must pagination"): left
0.4352	504.389	503.954	paginated.rtf: page 3, line 19 ("layout rasteriser arithmetic rasteriser paths common add together page baseline must pagination"): right
-0.1000	70.850	70.950	paginated.rtf: page 3, line 20 ("advance baseline because fonts uses add case rasteriser page layout arithmetic something page"): left
0.4502	496.671	496.221	paginated.rtf: page 3, line 20 ("advance baseline because fonts uses add case rasteriser page layout arithmetic something page"): right
-0.1000	70.850	70.950	paginated.rtf: page 3, line 21 ("measurement case uses add layout uses page must because kerning library advance library."): left
0.4587	477.056	476.597	paginated.rtf: page 3, line 21 ("measurement case uses add layout uses page must because kerning library advance library."): right
-0.1000	70.850	70.950	paginated.rtf: page 3, line 22 ("Heading 4"): left
-0.0071	137.311	137.318	paginated.rtf: page 3, line 22 ("Heading 4"): right
-0.1000	70.850	70.950	paginated.rtf: page 3, line 23 ("Section 25. separate extraction something filling glyph because fonts something rasteriser arithmetic"): left
0.4714	519.143	518.672	paginated.rtf: page 3, line 23 ("Section 25. separate extraction something filling glyph because fonts something rasteriser arithmetic"): right
-0.1000	70.850	70.950	paginated.rtf: page 3, line 24 ("layout page rendering layout pay separate kerning compounds extraction shaping paths layout library"): left
0.4933	521.893	521.400	paginated.rtf: page 3, line 24 ("layout page rendering layout pay separate kerning compounds extraction shaping paths layout library"): right
-0.1000	70.850	70.950	paginated.rtf: page 3, line 25 ("measurement together ligature separate something layout fonts case glyph arithmetic advance filling"): left
0.4487	520.551	520.102	paginated.rtf: page 3, line 25 ("measurement together ligature separate something layout fonts case glyph arithmetic advance filling"): right
-0.1000	70.850	70.950	paginated.rtf: page 3, line 26 ("arithmetic filling shaping uses shaping filling separate rasteriser paths advance layout together pay"): left
0.4689	509.175	508.706	paginated.rtf: page 3, line 26 ("arithmetic filling shaping uses shaping filling separate rasteriser paths advance layout together pay"): right
-0.1000	70.850	70.950	paginated.rtf: page 3, line 27 ("rendering shaping glyph."): left
0.0568	180.963	180.906	paginated.rtf: page 3, line 27 ("rendering shaping glyph."): right
-0.1000	70.850	70.950	paginated.rtf: page 3, line 28 ("Section 26. advance filling rendering library case layout arithmetic pay paths add glyph separate together"): left
0.4976	538.222	537.724	paginated.rtf: page 3, line 28 ("Section 26. advance filling rendering library case layout arithmetic pay paths add glyph separate together"): right
-0.1000	70.850	70.950	paginated.rtf: page 3, line 29 ("filling shaping because fonts compounds filling arithmetic fonts shaping kerning paths together baseline"): left
0.5011	532.582	532.081	paginated.rtf: page 3, line 29 ("filling shaping because fonts compounds filling arithmetic fonts shaping kerning paths together baseline"): right
-0.1000	70.850	70.950	paginated.rtf: page 3, line 30 ("kerning measurement never separate must shaping must pay kerning separate extraction arithmetic"): left
0.4460	516.071	515.625	paginated.rtf: page 3, line 30 ("kerning measurement never separate must shaping must pay kerning separate extraction arithmetic"): right
-0.1000	70.850	70.950	paginated.rtf: page 3, line 31 ("baseline pay because margin add ligature glyph library separate uses something filling."): left
0.4075	455.346	454.938	paginated.rtf: page 3, line 31 ("baseline pay because margin add ligature glyph library separate uses something filling."): right
-0.1000	70.850	70.950	paginated.rtf: page 3, line 32 ("Section 27. arithmetic baseline kerning because uses measurement add pagination never separate fonts"): left
0.4702	533.640	533.170	paginated.rtf: page 3, line 32 ("Section 27. arithmetic baseline kerning because uses measurement add pagination never separate fonts"): right
-0.1000	70.850	70.950	paginated.rtf: page 3, line 33 ("margin paths pagination layout kerning margin never compounds compounds paths never baseline"): left
0.3865	510.996	510.609	paginated.rtf: page 3, line 33 ("margin paths pagination layout kerning margin never compounds compounds paths never baseline"): right
-0.1000	70.850	70.950	paginated.rtf: page 3, line 34 ("sample arithmetic."): left
0.0362	154.322	154.286	paginated.rtf: page 3, line 34 ("sample arithmetic."): right
-0.1000	70.850	70.950	paginated.rtf: page 3, line 35 ("Section 28. fonts ligature never margin never kerning add ligature advance shaping layout shaping never"): left
0.5158	534.027	533.511	paginated.rtf: page 3, line 35 ("Section 28. fonts ligature never margin never kerning add ligature advance shaping layout shaping never"): right
-0.1000	70.850	70.950	paginated.rtf: page 3, line 36 ("compounds baseline library paths page measurement page rendering layout filling margin never page"): left
0.4705	522.850	522.379	paginated.rtf: page 3, line 36 ("compounds baseline library paths page measurement page rendering layout filling margin never page"): right
-0.1000	70.850	70.950	paginated.rtf: page 3, line 37 ("common measurement paths."): left
0.0961	205.224	205.128	paginated.rtf: page 3, line 37 ("common measurement paths."): right
-0.1000	70.850	70.950	paginated.rtf: page 3, line 38 ("Section 29. measurement must arithmetic case rendering together compounds advance because"): left
0.3679	501.231	500.863	paginated.rtf: page 3, line 38 ("Section 29. measurement must arithmetic case rendering together compounds advance because"): right
-0.1000	70.850	70.950	paginated.rtf: page 3, line 39 ("compounds together filling paths add margin arithmetic shaping separate rasteriser pay must separate"): left
0.4949	527.109	526.614	paginated.rtf: page 3, line 39 ("compounds together filling paths add margin arithmetic shaping separate rasteriser pay must separate"): right
-0.1000	70.850	70.950	paginated.rtf: page 3, line 40 ("never add baseline glyph ligature."): left
0.1367	220.951	220.814	paginated.rtf: page 3, line 40 ("never add baseline glyph ligature."): right
-0.1000	70.850	70.950	paginated.rtf: page 3, line 41 ("Section 30. must filling together advance compounds pay never page advance margin must compounds"): left
0.4699	530.670	530.200	paginated.rtf: page 3, line 41 ("Section 30. must filling together advance compounds pay never page advance margin must compounds"): right
-0.1000	70.850	70.950	paginated.rtf: page 3, line 42 ("sample uses common something measurement sample never must separate rendering ligature"): left
0.4333	492.771	492.338	paginated.rtf: page 3, line 42 ("sample uses common something measurement sample never must separate rendering ligature"): right
-0.1000	70.850	70.950	paginated.rtf: page 4, line 1 ("extraction add library never sample case measurement arithmetic filling because glyph case margin"): left
0.4708	512.752	512.281	paginated.rtf: page 4, line 1 ("extraction add library never sample case measurement arithmetic filling because glyph case margin"): right
-0.1000	70.850	70.950	paginated.rtf: page 4, line 2 ("shaping paths shaping compounds pagination something shaping page uses fonts margin rasteriser"): left
0.4442	511.119	510.675	paginated.rtf: page 4, line 2 ("shaping paths shaping compounds pagination something shaping page uses fonts margin rasteriser"): right
-0.1000	70.850	70.950	paginated.rtf: page 4, line 3 ("ligature fonts sample arithmetic."): left
0.1141	215.703	215.589	paginated.rtf: page 4, line 3 ("ligature fonts sample arithmetic."): right
-0.1000	70.850	70.950	paginated.rtf: page 4, line 4 ("Heading 5"): left
-0.0071	137.311	137.318	paginated.rtf: page 4, line 4 ("Heading 5"): right
-0.1000	70.850	70.950	paginated.rtf: page 4, line 5 ("Section 31. because pagination glyph pay ligature filling add rendering margin case measurement library"): left
0.4625	534.403	533.940	paginated.rtf: page 4, line 5 ("Section 31. because pagination glyph pay ligature filling add rendering margin case measurement library"): right
-0.1000	70.850	70.950	paginated.rtf: page 4, line 6 ("margin page paths compounds shaping add ligature together filling library rendering separate sample"): left
0.4976	521.722	521.224	paginated.rtf: page 4, line 6 ("margin page paths compounds shaping add ligature together filling library rendering separate sample"): right
-0.1000	70.850	70.950	paginated.rtf: page 4, line 7 ("together measurement add filling layout ligature compounds pagination measurement rendering never"): left
0.4569	530.514	530.057	paginated.rtf: page 4, line 7 ("together measurement add filling layout ligature compounds pagination measurement rendering never"): right
-0.1000	70.850	70.950	paginated.rtf: page 4, line 8 ("library paths baseline baseline library page library kerning advance compounds compounds separate"): left
0.4906	518.118	517.627	paginated.rtf: page 4, line 8 ("library paths baseline baseline library page library kerning advance compounds compounds separate"): right
-0.1000	70.850	70.950	paginated.rtf: page 4, line 9 ("must page add."): left
0.0298	139.466	139.436	paginated.rtf: page 4, line 9 ("must page add."): right
-0.1000	70.850	70.950	paginated.rtf: page 4, line 10 ("Section 32. measurement ligature rendering pay rasteriser page uses filling uses arithmetic extraction"): left
0.5044	521.893	521.389	paginated.rtf: page 4, line 10 ("Section 32. measurement ligature rendering pay rasteriser page uses filling uses arithmetic extraction"): right
-0.1000	70.850	70.950	paginated.rtf: page 4, line 11 ("margin extraction arithmetic shaping because pagination filling sample common rendering together"): left
0.4752	514.857	514.382	paginated.rtf: page 4, line 11 ("margin extraction arithmetic shaping because pagination filling sample common rendering together"): right
-0.1000	70.850	70.950	paginated.rtf: page 4, line 12 ("never margin fonts rasteriser fonts fonts pagination shaping something measurement baseline"): left
0.4006	490.935	490.534	paginated.rtf: page 4, line 12 ("never margin fonts rasteriser fonts fonts pagination shaping something measurement baseline"): right
-0.1000	70.850	70.950	paginated.rtf: page 4, line 13 ("something measurement shaping arithmetic arithmetic measurement together layout must library"): left
0.4634	509.389	508.926	paginated.rtf: page 4, line 13 ("something measurement shaping arithmetic arithmetic measurement together layout must library"): right
-0.1000	70.850	70.950	paginated.rtf: page 4, line 14 ("library common add case advance ligature."): left
0.1663	261.427	261.261	paginated.rtf: page 4, line 14 ("library common add case advance ligature."): right
-0.1000	70.850	70.950	paginated.rtf: page 4, line 15 ("Section 33. fonts baseline ligature paths sample filling margin margin filling filling measurement together"): left
0.5397	536.922	536.382	paginated.rtf: page 4, line 15 ("Section 33. fonts baseline ligature paths sample filling margin margin filling filling measurement together"): right
-0.1000	70.850	70.950	paginated.rtf: page 4, line 16 ("layout pagination never must baseline must page fonts."): left
0.2351	317.695	317.460	paginated.rtf: page 4, line 16 ("layout pagination never must baseline must page fonts."): right
-0.1000	70.850	70.950	paginated.rtf: page 4, line 17 ("Section 34. rasteriser compounds something uses layout extraction ligature must page page baseline"): left
0.4407	518.365	517.924	paginated.rtf: page 4, line 17 ("Section 34. rasteriser compounds something uses layout extraction ligature must page page baseline"): right
-0.1000	70.850	70.950	paginated.rtf: page 4, line 18 ("filling margin compounds must paths fonts case separate rasteriser something sample case margin"): left
0.3932	508.890	508.497	paginated.rtf: page 4, line 18 ("filling margin compounds must paths fonts case separate rasteriser something sample case margin"): right
-0.1000	70.850	70.950	paginated.rtf: page 4, line 19 ("pagination rendering."): left
0.0172	167.030	167.013	paginated.rtf: page 4, line 19 ("pagination rendering."): right
-0.1000	70.850	70.950	paginated.rtf: page 4, line 20 ("Section 35. ligature fonts measurement library add advance something uses margin baseline pay"): left
0.4739	500.017	499.543	paginated.rtf: page 4, line 20 ("Section 35. ligature fonts measurement library add advance something uses margin baseline pay"): right
-0.1000	70.850	70.950	paginated.rtf: page 4, line 21 ("compounds never something pay advance layout common filling shaping glyph case pay together"): left
0.4182	503.030	502.612	paginated.rtf: page 4, line 21 ("compounds never something pay advance layout common filling shaping glyph case pay together"): right
-0.1000	70.850	70.950	paginated.rtf: page 4, line 22 ("rendering page pay page margin page together uses because ligature rasteriser measurement filling"): left
0.4667	513.848	513.381	paginated.rtf: page 4, line 22 ("rendering page pay page margin page together uses because ligature rasteriser measurement filling"): right
-0.1000	70.850	70.950	paginated.rtf: page 4, line 23 ("paths pay library extraction add because extraction layout pagination ligature must rasteriser baseline"): left
0.5066	523.865	523.358	paginated.rtf: page 4, line 23 ("paths pay library extraction add because extraction layout pagination ligature must rasteriser baseline"): right
-0.1000	70.850	70.950	paginated.rtf: page 4, line 24 ("ligature separate."): left
0.0258	148.570	148.544	paginated.rtf: page 4, line 24 ("ligature separate."): right
-0.1000	70.850	70.950	paginated.rtf: page 4, line 25 ("Section 36. sample margin paths never filling page rasteriser something arithmetic advance paths layout"): left
0.4946	534.226	533.731	paginated.rtf: page 4, line 25 ("Section 36. sample margin paths never filling page rasteriser something arithmetic advance paths layout"): right
-0.1000	70.850	70.950	paginated.rtf: page 4, line 26 ("rendering fonts case library page sample rendering add library kerning extraction never library"): left
0.4657	489.812	489.346	paginated.rtf: page 4, line 26 ("rendering fonts case library page sample rendering add library kerning extraction never library"): right
-0.1000	70.850	70.950	paginated.rtf: page 4, line 27 ("measurement extraction filling arithmetic shaping margin add common ligature margin baseline filling"): left
0.5072	524.745	524.238	paginated.rtf: page 4, line 27 ("measurement extraction filling arithmetic shaping margin add common ligature margin baseline filling"): right
-0.1000	70.850	70.950	paginated.rtf: page 4, line 28 ("rendering extraction pay uses together compounds measurement."): left
0.2428	366.180	365.937	paginated.rtf: page 4, line 28 ("rendering extraction pay uses together compounds measurement."): right
-0.1000	70.850	70.950	paginated.rtf: page 4, line 29 ("Heading 6"): left
-0.0071	137.311	137.318	paginated.rtf: page 4, line 29 ("Heading 6"): right
-0.1000	70.850	70.950	paginated.rtf: page 4, line 30 ("Section 37. page measurement advance sample add page library together common filling pagination"): left
0.4753	517.607	517.132	paginated.rtf: page 4, line 30 ("Section 37. page measurement advance sample add page library together common filling pagination"): right
-0.1000	70.850	70.950	paginated.rtf: page 4, line 31 ("never layout never paths must add never layout sample common pay pay measurement sample layout"): left
0.4942	526.679	526.185	paginated.rtf: page 4, line 31 ("never layout never paths must add never layout sample common pay pay measurement sample layout"): right
-0.1000	70.850	70.950	paginated.rtf: page 4, line 32 ("glyph rendering extraction margin paths margin common together never rendering layout together"): left
0.4448	511.538	511.093	paginated.rtf: page 4, line 32 ("glyph rendering extraction margin paths margin common together never rendering layout together"): right
-0.1000	70.850	70.950	paginated.rtf: page 4, line 33 ("library common together glyph ligature uses shaping baseline layout page library compounds."): left
0.4908	487.626	487.135	paginated.rtf: page 4, line 33 ("library common together glyph ligature uses shaping baseline layout page library compounds."): right
-0.1000	70.850	70.950	paginated.rtf: page 4, line 34 ("Section 38. layout sample extraction pay compounds paths never sample advance glyph case case"): left
0.4247	505.743	505.318	paginated.rtf: page 4, line 34 ("Section 38. layout sample extraction pay compounds paths never sample advance glyph case case"): right
-0.1000	70.850	70.950	paginated.rtf: page 4, line 35 ("kerning glyph kerning baseline compounds uses compounds separate separate advance advance"): left
0.4053	499.442	499.037	paginated.rtf: page 4, line 35 ("kerning glyph kerning baseline compounds uses compounds separate separate advance advance"): right
-0.1000	70.850	70.950	paginated.rtf: page 4, line 36 ("something separate paths together pay kerning pagination filling together rasteriser ligature margin"): left
0.4187	514.009	513.590	paginated.rtf: page 4, line 36 ("something separate paths together pay kerning pagination filling together rasteriser ligature margin"): right
-0.1000	70.850	70.950	paginated.rtf: page 4, line 37 ("paths must shaping."): left
0.0290	160.354	160.325	paginated.rtf: page 4, line 37 ("paths must shaping."): right
-0.1000	70.850	70.950	paginated.rtf: page 4, line 38 ("Section 39. uses layout pay case common filling filling library layout separate pagination filling sample"): left
0.4954	522.500	522.005	paginated.rtf: page 4, line 38 ("Section 39. uses layout pay case common filling filling library layout separate pagination filling sample"): right
-0.1000	70.850	70.950	paginated.rtf: page 4, line 39 ("kerning never extraction glyph rasteriser shaping page arithmetic library common advance shaping."): left
0.4832	512.918	512.435	paginated.rtf: page 4, line 39 ("kerning never extraction glyph rasteriser shaping page arithmetic library common advance shaping."): right
-0.1000	70.850	70.950	paginated.rtf: page 4, line 40 ("Section 40. library shaping paths library pay measurement layout common pagination separate sample"): left
0.4664	527.597	527.131	paginated.rtf: page 4, line 40 ("Section 40. library shaping paths library pay measurement layout common pagination separate sample"): right
-0.1000	70.850	70.950	paginated.rtf: page 5, line 1 ("uses something case baseline layout compounds rendering kerning shaping library because never"): left
0.5153	504.029	503.514	paginated.rtf: page 5, line 1 ("uses something case baseline layout compounds rendering kerning shaping library because never"): right
-0.1000	70.850	70.950	paginated.rtf: page 5, line 2 ("together rasteriser glyph compounds extraction pagination together page never never."): left
0.3618	455.652	455.290	paginated.rtf: page 5, line 2 ("together rasteriser glyph compounds extraction pagination together page never never."): right
-0.1000	70.850	70.950	paginated.rtf: page 5, line 3 ("Section 41. must fonts kerning separate must page case filling sample sample add rasteriser extraction"): left
0.4886	525.541	525.052	paginated.rtf: page 5, line 3 ("Section 41. must fonts kerning separate must page case filling sample sample add rasteriser extraction"): right
-0.1000	70.850	70.950	paginated.rtf: page 5, line 4 ("library never measurement add baseline rasteriser pay library page glyph measurement baseline page"): left
0.5482	524.423	523.875	paginated.rtf: page 5, line 4 ("library never measurement add baseline rasteriser pay library page glyph measurement baseline page"): right
-0.1000	70.850	70.950	paginated.rtf: page 5, line 5 ("kerning must case."): left
0.0366	153.850	153.813	paginated.rtf: page 5, line 5 ("kerning must case."): right
-0.1000	70.850	70.950	paginated.rtf: page 5, line 6 ("Section 42. sample baseline arithmetic shaping case something case something because kerning uses"): left
0.4468	520.868	520.421	paginated.rtf: page 5, line 6 ("Section 42. sample baseline arithmetic shaping case something case something because kerning uses"): right
-0.1000	70.850	70.950	paginated.rtf: page 5, line 7 ("ligature compounds rasteriser baseline uses advance library measurement baseline pagination"): left
0.4595	490.994	490.534	paginated.rtf: page 5, line 7 ("ligature compounds rasteriser baseline uses advance library measurement baseline pagination"): right
-0.1000	70.850	70.950	paginated.rtf: page 5, line 8 ("something advance page."): left
0.0274	184.486	184.459	paginated.rtf: page 5, line 8 ("something advance page."): right
-0.1000	70.850	70.950	paginated.rtf: page 5, line 9 ("Heading 7"): left
-0.0071	137.311	137.318	paginated.rtf: page 5, line 9 ("Heading 7"): right
-0.1000	70.850	70.950	paginated.rtf: page 5, line 10 ("Section 43. extraction arithmetic extraction baseline measurement must filling compounds baseline page"): left
0.4951	538.549	538.054	paginated.rtf: page 5, line 10 ("Section 43. extraction arithmetic extraction baseline measurement must filling compounds baseline page"): right
-0.1000	70.850	70.950	paginated.rtf: page 5, line 11 ("pagination common common common kerning never because measurement rendering measurement"): left
0.3913	522.704	522.313	paginated.rtf: page 5, line 11 ("pagination common common common kerning never because measurement rendering measurement"): right
-0.1000	70.850	70.950	paginated.rtf: page 5, line 12 ("rendering sample rendering pay ligature library measurement fonts kerning together ligature paths uses"): left
0.4946	533.302	532.807	paginated.rtf: page 5, line 12 ("rendering sample rendering pay ligature library measurement fonts kerning together ligature paths uses"): right
-0.1000	70.850	70.950	paginated.rtf: page 5, line 13 ("rendering margin glyph."): left
0.0775	177.574	177.496	paginated.rtf: page 5, line 13 ("rendering margin glyph."): right
-0.1000	70.850	70.950	paginated.rtf: page 5, line 14 ("Section 44. case paths library kerning margin never never shaping measurement pay margin common"): left
0.4778	521.625	521.147	paginated.rtf: page 5, line 14 ("Section 44. case paths library kerning margin never never shaping measurement pay margin common"): right
-0.1000	70.850	70.950	paginated.rtf: page 5, line 15 ("because extraction fonts filling ligature case glyph kerning pay rendering measurement measurement"): left
0.5447	521.813	521.268	paginated.rtf: page 5, line 15 ("because extraction fonts filling ligature case glyph kerning pay rendering measurement measurement"): right
-0.1000	70.850	70.950	paginated.rtf: page 5, line 16 ("rendering common sample baseline case common add case."): left
0.2493	338.873	338.624	paginated.rtf: page 5, line 16 ("rendering common sample baseline case common add case."): right
-0.1000	70.850	70.950	paginated.rtf: page 5, line 17 ("Section 45. arithmetic must because add something sample arithmetic arithmetic baseline kerning paths"): left
0.5110	536.057	535.546	paginated.rtf: page 5, line 17 ("Section 45. arithmetic must because add something sample arithmetic arithmetic baseline kerning paths"): right
-0.1000	70.850	70.950	paginated.rtf: page 5, line 18 ("never advance fonts common kerning must common pay pay layout baseline."): left
0.2956	414.633	414.337	paginated.rtf: page 5, line 18 ("never advance fonts common kerning must common pay pay layout baseline."): right
