identity	ext	track	path	npages	differing	worst_pt	first_page	ours_wxh	ref_wxh	orientation_flips
2017-04-27-Lease-Transition-Records-Checklist-FINAL-1__xlsx	xlsx	sheets	sheets/ceiling-001/xlsx/2017-04-27-Lease-Transition-Records-Checklist-FINAL-1.xlsx	5	0	0.00				0
2020-01-29-Lease-Transition-Records-Checklist-FINAL-1__xlsx	xlsx	sheets	sheets/ceiling-001/xlsx/2020-01-29-Lease-Transition-Records-Checklist-FINAL-1.xlsx	5	0	0.00				0
001_advanced_excel_bar__xlsx	xlsx	sheets	sheets/chartset-001/xlsx/001_advanced_excel_bar.xlsx	3	0	0.00				0
Template Pilot Logbook JAR-FCL V3.0__xls	xls	sheets	sheets/ceiling-001/xls/Template Pilot Logbook JAR-FCL V3.0.xls	38	0	0.00				0
EASA-IFP-WEBLISTNOODATA-ListsofForeignapprovals(WEB)_NewChart_2022-08-05-03-31-32__xlsx	xlsx	sheets	sheets/ceiling-001/xlsx/EASA-IFP-WEBLISTNOODATA-ListsofForeignapprovals(WEB)_NewChart_2022-08-05-03-31-32.xlsx	19	0	0.00				0
006_advanced_excel_scatter__xlsx	xlsx	sheets	sheets/chartset-001/xlsx/006_advanced_excel_scatter.xlsx	3	0	0.00				0
005_advanced_excel_area__xlsx	xlsx	sheets	sheets/chartset-001/xlsx/005_advanced_excel_area.xlsx	3	0	0.00				0
025_advanced_excel_bar__xlsx	xlsx	sheets	sheets/chartset-001/xlsx/025_advanced_excel_bar.xlsx	3	0	0.00				0
022_advanced_excel_scatter__xlsx	xlsx	sheets	sheets/chartset-001/xlsx/022_advanced_excel_scatter.xlsx	3	0	0.00				0
EASA-IFP-145Scope(WEB)_ALL_ValidF145SOA_2022-12-16-04-31-58_0__xlsx	xlsx	sheets	sheets/ceiling-001/xlsx/EASA-IFP-145Scope(WEB)_ALL_ValidF145SOA_2022-12-16-04-31-58_0.xlsx	114	0	0.00				0
033_advanced_excel_bar__xlsx	xlsx	sheets	sheets/chartset-001/xlsx/033_advanced_excel_bar.xlsx	3	0	0.00				0
032_advanced_excel_radar__xlsx	xlsx	sheets	sheets/chartset-001/xlsx/032_advanced_excel_radar.xlsx	3	0	0.00				0
002_advanced_excel_line__xlsx	xlsx	sheets	sheets/chartset-001/xlsx/002_advanced_excel_line.xlsx	3	0	0.00				0
011_advanced_excel_pie__xlsx	xlsx	sheets	sheets/chartset-002/xlsx/011_advanced_excel_pie.xlsx	3	0	0.00				0
007_advanced_excel_bubble__xlsx	xlsx	sheets	sheets/chartset-002/xlsx/007_advanced_excel_bubble.xlsx	3	0	0.00				0
016_advanced_excel_radar__xlsx	xlsx	sheets	sheets/chartset-001/xlsx/016_advanced_excel_radar.xlsx	3	0	0.00				0
021_advanced_excel_area__xlsx	xlsx	sheets	sheets/chartset-002/xlsx/021_advanced_excel_area.xlsx	3	0	0.00				0
013_advanced_excel_area__xlsx	xlsx	sheets	sheets/chartset-002/xlsx/013_advanced_excel_area.xlsx	3	0	0.00				0
028_advanced_excel_doughnut__xlsx	xlsx	sheets	sheets/chartset-001/xlsx/028_advanced_excel_doughnut.xlsx	3	0	0.00				0
030_advanced_excel_scatter__xlsx	xlsx	sheets	sheets/chartset-002/xlsx/030_advanced_excel_scatter.xlsx	3	0	0.00				0
027_advanced_excel_pie__xlsx	xlsx	sheets	sheets/chartset-002/xlsx/027_advanced_excel_pie.xlsx	3	0	0.00				0
003_advanced_excel_pie__xlsx	xlsx	sheets	sheets/chartset-002/xlsx/003_advanced_excel_pie.xlsx	3	0	0.00				0
008_advanced_excel_radar__xlsx	xlsx	sheets	sheets/chartset-003/xlsx/008_advanced_excel_radar.xlsx	3	0	0.00				0
004_advanced_excel_doughnut__xlsx	xlsx	sheets	sheets/chartset-003/xlsx/004_advanced_excel_doughnut.xlsx	3	0	0.00				0
012_advanced_excel_doughnut__xlsx	xlsx	sheets	sheets/chartset-002/xlsx/012_advanced_excel_doughnut.xlsx	3	0	0.00				0
017_advanced_excel_bar__xlsx	xlsx	sheets	sheets/chartset-003/xlsx/017_advanced_excel_bar.xlsx	3	0	0.00				0
015_advanced_excel_bubble__xlsx	xlsx	sheets	sheets/chartset-003/xlsx/015_advanced_excel_bubble.xlsx	3	0	0.00				0
026_advanced_excel_line__xlsx	xlsx	sheets	sheets/chartset-002/xlsx/026_advanced_excel_line.xlsx	3	0	0.00				0
024_advanced_excel_radar__xlsx	xlsx	sheets	sheets/chartset-003/xlsx/024_advanced_excel_radar.xlsx	3	0	0.00				0
020_advanced_excel_doughnut__xlsx	xlsx	sheets	sheets/chartset-003/xlsx/020_advanced_excel_doughnut.xlsx	3	0	0.00				0
034_advanced_excel_line__xlsx	xlsx	sheets	sheets/chartset-002/xlsx/034_advanced_excel_line.xlsx	3	0	0.00				0
009_advanced_excel_bar__xlsx	xlsx	sheets	sheets/chartset-004/xlsx/009_advanced_excel_bar.xlsx	3	0	0.00				0
031_advanced_excel_bubble__xlsx	xlsx	sheets	sheets/chartset-003/xlsx/031_advanced_excel_bubble.xlsx	3	0	0.00				0
014_advanced_excel_scatter__xlsx	xlsx	sheets	sheets/chartset-003/xlsx/014_advanced_excel_scatter.xlsx	3	0	0.00				0
023_advanced_excel_bubble__xlsx	xlsx	sheets	sheets/chartset-004/xlsx/023_advanced_excel_bubble.xlsx	3	0	0.00				0
019_advanced_excel_pie__xlsx	xlsx	sheets	sheets/chartset-004/xlsx/019_advanced_excel_pie.xlsx	3	0	0.00				0
018_advanced_excel_line__xlsx	xlsx	sheets	sheets/chartset-003/xlsx/018_advanced_excel_line.xlsx	3	0	0.00				0
004_Contextures_chart_sample_de7c0671__xlsx	xlsx	sheets	sheets/chartset-005/xlsx/004_Contextures_chart_sample_de7c0671.xlsx	4	0	0.00				0
microsoft_learn_multi_chart_examples__xlsx	xlsx	sheets	sheets/chartset-004/xlsx/microsoft_learn_multi_chart_examples.xlsx	5	0	0.00				0
029_advanced_excel_area__xlsx	xlsx	sheets	sheets/chartset-003/xlsx/029_advanced_excel_area.xlsx	3	0	0.00				0
073_Graph_paper_6e1a30eb__xlsx	xlsx	sheets	sheets/chartset-005/xlsx/073_Graph_paper_6e1a30eb.xlsx	4	0	0.00				0
067_Basic_invoice_Use_this_template_1d35c3e9__xlsx	xlsx	sheets	sheets/chartset-005/xlsx/067_Basic_invoice_Use_this_template_1d35c3e9.xlsx	1	0	0.00				0
010_advanced_excel_line__xlsx	xlsx	sheets	sheets/chartset-004/xlsx/010_advanced_excel_line.xlsx	3	0	0.00				0
093_Volunteer_Sign_Up_Sheet_Template_Customizable_Format_3a4d6b58__xlsx	xlsx	sheets	sheets/chartset-005/xlsx/093_Volunteer_Sign_Up_Sheet_Template_Customizable_Format_3a4d6b58.xlsx	2	0	0.00				0
091_Volunteer_Sign_Up_Sheet_Template_Colored_Background_2cb58d01__xlsx	xlsx	sheets	sheets/chartset-005/xlsx/091_Volunteer_Sign_Up_Sheet_Template_Colored_Background_2cb58d01.xlsx	1	0	0.00				0
DynamicBubbleChart__xlsx	xlsx	sheets	sheets/chartset-004/xlsx/DynamicBubbleChart.xlsx	5	0	0.00				0
098_Volunteer_Sign_Up_Sheet_Template_Simple_Layout_080a06a1__xlsx	xlsx	sheets	sheets/chartset-005/xlsx/098_Volunteer_Sign_Up_Sheet_Template_Simple_Layout_080a06a1.xlsx	1	0	0.00				0
096_Volunteer_Sign_Up_Sheet_Template_Green_Theme_b4f1809d__xlsx	xlsx	sheets	sheets/chartset-005/xlsx/096_Volunteer_Sign_Up_Sheet_Template_Green_Theme_b4f1809d.xlsx	2	0	0.00				0
022_Pareto_Chart_Template_-_Pareto_Analysis_in_Excel_with_Pareto_Diagram_82b5a874__xlsx	xlsx	sheets	sheets/chartset-005/xlsx/022_Pareto_Chart_Template_-_Pareto_Analysis_in_Excel_with_Pareto_Diagram_82b5a874.xlsx	2	0	0.00				0
005_Contextures_chart_sample_6e279b08__xlsx	xlsx	sheets	sheets/chartset-006/xlsx/005_Contextures_chart_sample_6e279b08.xlsx	8	0	0.00				0
014_Contextures_chart_sample_991ecfc5__xls	xls	sheets	sheets/chartset-006/xls/014_Contextures_chart_sample_991ecfc5.xls	3	0	0.00				0
074_Idea_planner_bacaa123__xlsx	xlsx	sheets	sheets/chartset-005/xlsx/074_Idea_planner_bacaa123.xlsx	1	0	0.00				0
052_Manufacturing_output_chart_88570318__xlsx	xlsx	sheets	sheets/chartset-006/xlsx/052_Manufacturing_output_chart_88570318.xlsx	1	0	0.00				0
044_Cash_flow_forecast_Use_this_template_b8fa1f35__xlsx	xlsx	sheets	sheets/chartset-006/xlsx/044_Cash_flow_forecast_Use_this_template_b8fa1f35.xlsx	5	0	0.00				0
095_Volunteer_Sign_Up_Sheet_Template_Fillable_Format_b3330009__xlsx	xlsx	sheets	sheets/chartset-005/xlsx/095_Volunteer_Sign_Up_Sheet_Template_Fillable_Format_b3330009.xlsx	1	0	0.00				0
088_To-do_list_with_progress_tracker_Use_this_template_8c438912__xlsx	xlsx	sheets	sheets/chartset-006/xlsx/088_To-do_list_with_progress_tracker_Use_this_template_8c438912.xlsx	1	0	0.00				0
011_Contextures_chart_sample_599b4392__xls	xls	sheets	sheets/chartset-006/xls/011_Contextures_chart_sample_599b4392.xls	4	0	0.00				0
003_Contextures_chart_sample_9bda2719__xlsm	xlsm	sheets	sheets/chartset-007/xlsm/003_Contextures_chart_sample_9bda2719.xlsm	6	0	0.00				0
006_Contextures_chart_sample_afa23b53__xlsx	xlsx	sheets	sheets/chartset-006/xlsx/006_Contextures_chart_sample_afa23b53.xlsx	5	0	0.00				0
037_Personal_money_tracker_a57957bb__xlsx	xlsx	sheets	sheets/chartset-007/xlsx/037_Personal_money_tracker_a57957bb.xlsx	5	0	0.00				0
050_Financial_vision_d44241e1__xlsx	xlsx	sheets	sheets/chartset-007/xlsx/050_Financial_vision_d44241e1.xlsx	1	0	0.00				0
054_Problem_analysis_with_Pareto_chart_11058329__xlsx	xlsx	sheets	sheets/chartset-007/xlsx/054_Problem_analysis_with_Pareto_chart_11058329.xlsx	1	0	0.00				0
061_Regional_sales_chart_cb9eb690__xlsx	xlsx	sheets	sheets/chartset-006/xlsx/061_Regional_sales_chart_cb9eb690.xlsx	1	0	0.00				0
063_Sales_pipeline_aec57013__xlsx	xlsx	sheets	sheets/chartset-007/xlsx/063_Sales_pipeline_aec57013.xlsx	1	0	0.00				0
082_Project_to_do_list_28f80082__xlsx	xlsx	sheets	sheets/chartset-007/xlsx/082_Project_to_do_list_28f80082.xlsx	2	0	0.00				0
089_Vintage_inventory_list_Use_this_template_f616cac0__xlsx	xlsx	sheets	sheets/chartset-006/xlsx/089_Vintage_inventory_list_Use_this_template_f616cac0.xlsx	1	0	0.00				0
090_Weekly_time_sheet_Use_this_template_0499cc43__xlsx	xlsx	sheets	sheets/chartset-007/xlsx/090_Weekly_time_sheet_Use_this_template_0499cc43.xlsx	1	0	0.00				0
008_Contextures_chart_sample_7ea7a1d7__xlsx	xlsx	sheets	sheets/chartset-008/xlsx/008_Contextures_chart_sample_7ea7a1d7.xlsx	5	0	0.00				0
040_Blood_pressure_tracker_872b6833__xlsx	xlsx	sheets	sheets/chartset-007/xlsx/040_Blood_pressure_tracker_872b6833.xlsx	1	0	0.00				0
034_Personal_net_worth_calculator_f7b8fb57__xlsx	xlsx	sheets	sheets/chartset-008/xlsx/034_Personal_net_worth_calculator_f7b8fb57.xlsx	7	0	0.00				0
023_Waterfall_Chart_Template_for_Excel_349f7689__xlsx	xlsx	sheets	sheets/chartset-008/xlsx/023_Waterfall_Chart_Template_for_Excel_349f7689.xlsx	5	0	0.00				0
058_Social_media_engagement_data_cfa1cb18__xlsx	xlsx	sheets	sheets/chartset-007/xlsx/058_Social_media_engagement_data_cfa1cb18.xlsx	1	0	0.00				0
083_Project_tracker_Use_this_template_b38d057c__xlsx	xlsx	sheets	sheets/chartset-007/xlsx/083_Project_tracker_Use_this_template_b38d057c.xlsx	2	0	0.00				0
051_Manufacturer_defect_analysis_53db27ea__xlsx	xlsx	sheets	sheets/chartset-008/xlsx/051_Manufacturer_defect_analysis_53db27ea.xlsx	1	0	0.00				0
099_Volunteer_Sign_Up_Sheet_Template_Stylish_Format_c0cc35a6__xlsx	xlsx	sheets	sheets/chartset-008/xlsx/099_Volunteer_Sign_Up_Sheet_Template_Stylish_Format_c0cc35a6.xlsx	1	0	0.00				0
094_Volunteer_Sign_Up_Sheet_Template_Editable_Format_6711b281__xlsx	xlsx	sheets	sheets/chartset-008/xlsx/094_Volunteer_Sign_Up_Sheet_Template_Editable_Format_6711b281.xlsx	1	0	0.00				0
021_Control_Chart_Template_-_Create_Control_Charts_in_Excel_fd3b1a5d__xlsx	xlsx	sheets	sheets/chartset-008/xlsx/021_Control_Chart_Template_-_Create_Control_Charts_in_Excel_fd3b1a5d.xlsx	5	0	0.00				0
024_Free_Kids_Chore_Chart_Template_ad74bb34__xlsx	xlsx	sheets	sheets/chartset-009/xlsx/024_Free_Kids_Chore_Chart_Template_ad74bb34.xlsx	3	0	0.00				0
018_Weight_Loss_Chart_-_Free_Printable_Weight_Loss_Charts_and_Weight_Log_3337bd0a__xlsx	xlsx	sheets	sheets/chartset-009/xlsx/018_Weight_Loss_Chart_-_Free_Printable_Weight_Loss_Charts_and_Weight_Log_3337bd0a.xlsx	10	0	0.00				0
046_Cost_analysis_with_Pareto_chart_7db5ef69__xlsx	xlsx	sheets	sheets/chartset-008/xlsx/046_Cost_analysis_with_Pareto_chart_7db5ef69.xlsx	1	0	0.00				0
092_Volunteer_Sign_Up_Sheet_Template_Complete_Guide_31fe4d22__xlsx	xlsx	sheets	sheets/chartset-008/xlsx/092_Volunteer_Sign_Up_Sheet_Template_Complete_Guide_31fe4d22.xlsx	1	0	0.00				0
041_Business_budget_ef942467__xlsx	xlsx	sheets	sheets/chartset-009/xlsx/041_Business_budget_ef942467.xlsx	4	0	0.00				0
081_Project_performance_report_Use_this_template_be2468b3__xlsx	xlsx	sheets	sheets/chartset-009/xlsx/081_Project_performance_report_Use_this_template_be2468b3.xlsx	2	0	0.00				0
075_Idea_planner_tasks_f44ebd73__xlsx	xlsx	sheets	sheets/chartset-009/xlsx/075_Idea_planner_tasks_f44ebd73.xlsx	1	0	0.00				0
015_Free_Gantt_Chart_Template_for_Excel_414e86bf__xlsx	xlsx	sheets	sheets/chartset-009/xlsx/015_Free_Gantt_Chart_Template_for_Excel_414e86bf.xlsx	8	0	0.00				0
062_Run_chart_cb7476ea__xlsx	xlsx	sheets	sheets/chartset-010/xlsx/062_Run_chart_cb7476ea.xlsx	2	0	0.00				0
072_Gantt_project_planner_dde00e33__xlsx	xlsx	sheets	sheets/chartset-010/xlsx/072_Gantt_project_planner_dde00e33.xlsx	1	0	0.00				0
069_Blue_modern_balance_sheet_Use_this_template_6b4d70d3__xlsx	xlsx	sheets	sheets/chartset-010/xlsx/069_Blue_modern_balance_sheet_Use_this_template_6b4d70d3.xlsx	4	0	0.00				0
056_Quarterly_sale_report_baa6bb0d__xlsx	xlsx	sheets	sheets/chartset-009/xlsx/056_Quarterly_sale_report_baa6bb0d.xlsx	4	0	0.00				0
084_Service_invoice_Use_this_template_c92b43dc__xlsx	xlsx	sheets	sheets/chartset-010/xlsx/084_Service_invoice_Use_this_template_c92b43dc.xlsx	3	0	0.00				0
079_Org_charts_visual_248d1dcf__xlsx	xlsx	sheets	sheets/chartset-010/xlsx/079_Org_charts_visual_248d1dcf.xlsx	3	0	0.00				0
085_Simple_Gantt_chart_d65b8377__xlsx	xlsx	sheets	sheets/chartset-009/xlsx/085_Simple_Gantt_chart_d65b8377.xlsx	3	0	0.00				0
007_Contextures_chart_sample_667d8e47__xlsm	xlsm	sheets	sheets/chartset-011/xlsm/007_Contextures_chart_sample_667d8e47.xlsm	7	0	0.00				0
100_Volunteer_Sign_Up_Sheet_Template_Tabular_Format_0975f34e__xlsx	xlsx	sheets	sheets/chartset-010/xlsx/100_Volunteer_Sign_Up_Sheet_Template_Tabular_Format_0975f34e.xlsx	1	0	0.00				0
028_Budget_summary_report_4aeefd13__xlsx	xlsx	sheets	sheets/chartset-011/xlsx/028_Budget_summary_report_4aeefd13.xlsx	4	0	0.00				0
078_Modern_inventory_list_Use_this_template_41abd5bf__xlsx	xlsx	sheets	sheets/chartset-010/xlsx/078_Modern_inventory_list_Use_this_template_41abd5bf.xlsx	1	0	0.00				0
060_Monthly_company_budget_47b2a99a__xlsx	xlsx	sheets	sheets/chartset-011/xlsx/060_Monthly_company_budget_47b2a99a.xlsx	4	0	0.00				0
086_Simple_grey_invoice_Use_this_template_063b3773__xlsx	xlsx	sheets	sheets/chartset-010/xlsx/086_Simple_grey_invoice_Use_this_template_063b3773.xlsx	1	0	0.00				0
077_Inventory_list_with_highlighting_Use_this_template_36d8d57a__xlsx	xlsx	sheets	sheets/chartset-011/xlsx/077_Inventory_list_with_highlighting_Use_this_template_36d8d57a.xlsx	1	0	0.00				0
010_Contextures_chart_sample_e6ea06a3__xlsx	xlsx	sheets	sheets/chartset-011/xlsx/010_Contextures_chart_sample_e6ea06a3.xlsx	6	0	0.00				0
012_Contextures_chart_sample_9900da76__xlsx	xlsx	sheets	sheets/chartset-012/xlsx/012_Contextures_chart_sample_9900da76.xlsx	6	0	0.00				0
042_Business_monthly_budget_4e4d092f__xlsx	xlsx	sheets	sheets/chartset-011/xlsx/042_Business_monthly_budget_4e4d092f.xlsx	4	0	0.00				0
009_Contextures_chart_sample_adcb3f6c__xlsx	xlsx	sheets	sheets/chartset-012/xlsx/009_Contextures_chart_sample_adcb3f6c.xlsx	12	0	0.00				0
020_Free_Blood_Pressure_Chart_and_Printable_Blood_Pressure_Log_8f8dcc39__xlsx	xlsx	sheets	sheets/chartset-012/xlsx/020_Free_Blood_Pressure_Chart_and_Printable_Blood_Pressure_Log_8f8dcc39.xlsx	6	0	0.00				0
026_Monthly_cash_flow_statement_Use_this_template_8aaebea1__xlsx	xlsx	sheets	sheets/chartset-012/xlsx/026_Monthly_cash_flow_statement_Use_this_template_8aaebea1.xlsx	11	0	0.00				0
080_Profit_and_loss_income_statement_3566dae9__xlsx	xlsx	sheets	sheets/chartset-012/xlsx/080_Profit_and_loss_income_statement_3566dae9.xlsx	3	0	0.00				0
068_Blue_inventory_list_Use_this_template_f9908489__xlsx	xlsx	sheets	sheets/chartset-012/xlsx/068_Blue_inventory_list_Use_this_template_f9908489.xlsx	4	0	0.00				0
002_Contextures_chart_sample_f605e7bc__xlsx	xlsx	sheets	sheets/chartset-012/xlsx/002_Contextures_chart_sample_f605e7bc.xlsx	8	0	0.00				0
001_Contextures_chart_sample_b089bc34__xlsx	xlsx	sheets	sheets/chartset-013/xlsx/001_Contextures_chart_sample_b089bc34.xlsx	15	0	0.00				0
013_Contextures_chart_sample_21b98e22__xlsx	xlsx	sheets	sheets/chartset-012/xlsx/013_Contextures_chart_sample_21b98e22.xlsx	7	0	0.00				0
019_Free_Blood_Sugar_Chart_for_Excel_-_Track_Your_Blood_Sugar_Level_36f4a782__xlsx	xlsx	sheets	sheets/chartset-013/xlsx/019_Free_Blood_Sugar_Chart_for_Excel_-_Track_Your_Blood_Sugar_Level_36f4a782.xlsx	9	0	0.00				0
036_Simple_to-do_list_Use_this_template_ba44373b__xlsx	xlsx	sheets	sheets/chartset-012/xlsx/036_Simple_to-do_list_Use_this_template_ba44373b.xlsx	4	0	0.00				0
032_Business_expenses_budget_d377eaab__xlsx	xlsx	sheets	sheets/chartset-013/xlsx/032_Business_expenses_budget_d377eaab.xlsx	4	0	0.00				0
097_Volunteer_Sign_Up_Sheet_Template_Professional_Format_075d06ed__xlsx	xlsx	sheets	sheets/chartset-012/xlsx/097_Volunteer_Sign_Up_Sheet_Template_Professional_Format_075d06ed.xlsx	1	0	0.00				0
043_Buy_a_car_vs._rideshare_ff07c7e6__xlsx	xlsx	sheets	sheets/chartset-013/xlsx/043_Buy_a_car_vs._rideshare_ff07c7e6.xlsx	7	0	0.00				0
049_Expenses_calculator_c351f3d0__xlsx	xlsx	sheets	sheets/chartset-013/xlsx/049_Expenses_calculator_c351f3d0.xlsx	4	0	0.00				0
087_Simple_personal_budget_3cf9b1af__xlsx	xlsx	sheets	sheets/chartset-013/xlsx/087_Simple_personal_budget_3cf9b1af.xlsx	3	0	0.00				0
031_Business_expense_budget_f3a46278__xlsx	xlsx	sheets	sheets/chartset-013/xlsx/031_Business_expense_budget_f3a46278.xlsx	8	0	0.00				0
035_Project_plan_for_law_firms_aa2d4462__xlsx	xlsx	sheets	sheets/chartset-013/xlsx/035_Project_plan_for_law_firms_aa2d4462.xlsx	4	0	0.00				0
016_Free_Organizational_Chart_Template_-_Company_Organization_Chart_db913144__xlsx	xlsx	sheets	sheets/chartset-014/xlsx/016_Free_Organizational_Chart_Template_-_Company_Organization_Chart_db913144.xlsx	4	0	0.00				0
059_Milestone_and_task_project_timeline_Use_this_template_24f1e8f1__xlsx	xlsx	sheets	sheets/chartset-013/xlsx/059_Milestone_and_task_project_timeline_Use_this_template_24f1e8f1.xlsx	3	0	0.00				0
027_Simple_personal_cash_flow_statement_675c6584__xlsx	xlsx	sheets	sheets/chartset-014/xlsx/027_Simple_personal_cash_flow_statement_675c6584.xlsx	10	0	0.00				0
017_Timeline_Templates_for_Excel_b88faee6__xlsx	xlsx	sheets	sheets/chartset-014/xlsx/017_Timeline_Templates_for_Excel_b88faee6.xlsx	3	0	0.00				0
025_Printable_Reward_Charts_for_Kids_-_Reward_Chart_Template_aabacd93__xlsx	xlsx	sheets	sheets/chartset-014/xlsx/025_Printable_Reward_Charts_for_Kids_-_Reward_Chart_Template_aabacd93.xlsx	5	0	0.00				0
038_Baby_growth_chart_bb9cd672__xlsx	xlsx	sheets	sheets/chartset-014/xlsx/038_Baby_growth_chart_bb9cd672.xlsx	2	0	0.00				0
039_Baby_growth_tracker_e295ae56__xlsx	xlsx	sheets	sheets/chartset-014/xlsx/039_Baby_growth_tracker_e295ae56.xlsx	2	0	0.00				0
064_Small_business_cash_flow_Use_this_template_0a640756__xlsx	xlsx	sheets	sheets/chartset-014/xlsx/064_Small_business_cash_flow_Use_this_template_0a640756.xlsx	7	0	0.00				0
REDAC_SCHEDULE_RPD_135__xls	xls	sheets	sheets/done-001/xls/REDAC_SCHEDULE_RPD_135.xls	1	0	0.00				0
048_Expense_trends_budget_18d1e8ba__xlsx	xlsx	sheets	sheets/chartset-014/xlsx/048_Expense_trends_budget_18d1e8ba.xlsx	14	0	0.00				0
ExampleWhiteListData__xlsx	xlsx	sheets	sheets/done-001/xlsx/ExampleWhiteListData.xlsx	6	0	0.00				0
076_Inventory_list_accessibility_guide_Use_this_template_f43dab19__xlsx	xlsx	sheets	sheets/chartset-014/xlsx/076_Inventory_list_accessibility_guide_Use_this_template_f43dab19.xlsx	9	0	0.00				0
Airplanes-MTOW__xls	xls	sheets	sheets/done-001/xls/Airplanes-MTOW.xls	6	0	0.00				0
Patent Index 2024 - Top 100 applicants 2024__xlsx	xlsx	sheets	sheets/done-001/xlsx/Patent Index 2024 - Top 100 applicants 2024.xlsx	1	0	0.00				0
RPD 155 REDAC SCHEDULE 2014-04-02__xls	xls	sheets	sheets/done-001/xls/RPD 155 REDAC SCHEDULE 2014-04-02.xls	1	0	0.00				0
16424782563923__xlsx	xlsx	sheets	sheets/done-001/xlsx/16424782563923.xlsx	3	0	0.00				0
2012-GA-Survey-Chapter-5-Tables-16Dec2013-V2__xls	xls	sheets	sheets/done-002/xls/2012-GA-Survey-Chapter-5-Tables-16Dec2013-V2.xls	3	0	0.00				0
FMMO_NMPF_37C__xlsx	xlsx	sheets	sheets/done-001/xlsx/FMMO_NMPF_37C.xlsx	1	0	0.00				0
Geo_Abschlussarbeiten__xlsx	xlsx	sheets	sheets/done-001/xlsx/Geo_Abschlussarbeiten.xlsx	3	0	0.00				0
REDAC_SCHEDULE_RPD_137__xls	xls	sheets	sheets/done-002/xls/REDAC_SCHEDULE_RPD_137.xls	2	0	0.00				0
einvoice-summary-worksheet__xlsx	xlsx	sheets	sheets/done-001/xlsx/einvoice-summary-worksheet.xlsx	2	0	0.00				0
oltl-bulletin-59-26-03-ptr-sc-registration-form-for-oltl-approved-software__xlsx	xlsx	sheets	sheets/done-001/xlsx/oltl-bulletin-59-26-03-ptr-sc-registration-form-for-oltl-approved-software.xlsx	2	0	0.00				0
2012-GA-Survey-Chapter-6-Tables-16Dec2013-V2__xls	xls	sheets	sheets/done-002/xls/2012-GA-Survey-Chapter-6-Tables-16Dec2013-V2.xls	5	0	0.00				0
P1636e__xls	xls	sheets	sheets/done-002/xls/P1636e.xls	2	0	0.00				0
Chicago.List.2025__xlsx	xlsx	sheets	sheets/done-002/xlsx/Chicago.List.2025.xlsx	3	0	0.00				0
(5000021142)-(subc0226)-criminology-subject-collection-list__xlsx	xlsx	sheets	sheets/done-002/xlsx/(5000021142)-(subc0226)-criminology-subject-collection-list.xlsx	3	0	0.00				0
e-pass-contact-details-template__xlsx	xlsx	sheets	sheets/done-002/xlsx/e-pass-contact-details-template.xlsx	4	0	0.00				0
AIRBUS_station_evaluation_checklist_v2__xlsx	xlsx	sheets	sheets/done-002/xlsx/AIRBUS_station_evaluation_checklist_v2.xlsx	1	0	0.00				0
Upload__hvv_Linie_150_2023__xlsx	xlsx	sheets	sheets/done-002/xlsx/Upload__hvv_Linie_150_2023.XLSX	1	0	0.00				0
RPA-Budgets-FY-17-19-20__xls	xls	sheets	sheets/done-003/xls/RPA-Budgets-FY-17-19-20.xls	4	0	0.00				0
WEBSITE-RESOURCE-LIST-by-CATEGORY-4-6-18-341pm__xlsx	xlsx	sheets	sheets/done-002/xlsx/WEBSITE-RESOURCE-LIST-by-CATEGORY-4-6-18-341pm.xlsx	1	0	0.00				0
4-12-Kings-Attachment-13-Application-Architecture-Security-Requirements__xls	xls	sheets	sheets/done-003/xls/4-12-Kings-Attachment-13-Application-Architecture-Security-Requirements.xls	6	0	0.00				0
00514292__xlsx	xlsx	sheets	sheets/done-003/xlsx/00514292.xlsx	9	0	0.00				0
NPA_21_21_Sentenced_Comments__xls	xls	sheets	sheets/done-003/xls/NPA_21_21_Sentenced_Comments.xls	2	0	0.00				0
disclosures_ecm__xls	xls	sheets	sheets/done-003/xls/disclosures_ecm.xls	1	0	0.00				0
programs contact list as of 07-01-10__xls	xls	sheets	sheets/done-003/xls/programs contact list as of 07-01-10.xls	3	0	0.00				0
VOR Candidate Discontinuance List 2026-01-08__xlsx	xlsx	sheets	sheets/done-003/xlsx/VOR Candidate Discontinuance List 2026-01-08.xlsx	7	0	0.00				0
Air_Boss_Master_List__xlsx	xlsx	sheets	sheets/done-003/xlsx/Air_Boss_Master_List.xlsx	5	0	0.00				0
Bulletin-37-Appendix-2-immediate-detriment-data-request__xlsx	xlsx	sheets	sheets/done-003/xlsx/Bulletin-37-Appendix-2-immediate-detriment-data-request.xlsx	5	0	0.00				0
flying-log-passenger-23rd-september-2014__xls	xls	sheets	sheets/done-004/xls/flying-log-passenger-23rd-september-2014.xls	7	0	0.00				0
redac-sas-201503-fy17-research-portfolio__xlsx	xlsx	sheets	sheets/done-003/xlsx/redac-sas-201503-fy17-research-portfolio.xlsx	2	0	0.00				0
NorwegianXPensionXFundXanalysisXexportsXandXLAWS-1__xls	xls	sheets	sheets/done-004/xls/NorwegianXPensionXFundXanalysisXexportsXandXLAWS-1.xls	8	0	0.00				0
Estero Rotary Awards__xlsx	xlsx	sheets	sheets/done-004/xlsx/Estero Rotary Awards.xlsx	2	0	0.00				0
permit-applications-determined-july-2015__xls	xls	sheets	sheets/done-004/xls/permit-applications-determined-july-2015.xls	1	0	0.00				0
EU_145s_with_TCCA_approval_-_31.01.2025__xlsx	xlsx	sheets	sheets/done-004/xlsx/EU_145s_with_TCCA_approval_-_31.01.2025.xlsx	14	0	0.00				0
Part_375_Operators__xlsx	xlsx	sheets	sheets/done-004/xlsx/Part_375_Operators.xlsx	19	0	0.00				0
List-of-Members-August-2017__xlsx	xlsx	sheets	sheets/done-004/xlsx/List-of-Members-August-2017.xlsx	10	0	0.00				0
Foreign_SA-CAT-I_and_CAT-II-III_Pub_0__xlsx	xlsx	sheets	sheets/done-004/xlsx/Foreign_SA-CAT-I_and_CAT-II-III_Pub_0.xlsx	16	0	0.00				0
Background_Declaration_Template__xls	xls	sheets	sheets/done-005/xls/Background_Declaration_Template.xls	25	0	0.00				0
UAE Type Accepted Aircraft Models__xlsx	xlsx	sheets	sheets/done-004/xlsx/UAE Type Accepted Aircraft Models.xlsx	6	0	0.00				0
Travel-Cost-Estimate-Calculator__xlsx	xlsx	sheets	sheets/done-004/xlsx/Travel-Cost-Estimate-Calculator.xlsx	3	0	0.00				0
SectorAdvisoryGroupandStrategyBoards__xls	xls	sheets	sheets/done-005/xls/SectorAdvisoryGroupandStrategyBoards.xls	7	0	0.00				0
Praktikastellen_-_chinesischsprachiger_Kulturraum__xls	xls	sheets	sheets/done-005/xls/Praktikastellen_-_chinesischsprachiger_Kulturraum.xls	34	0	0.00				0
National-Reports__xlsx	xlsx	sheets	sheets/done-005/xlsx/National-Reports.xlsx	6	0	0.00				0
esurf-12-135-2024-t01__xlsx	xlsx	sheets	sheets/done-005/xlsx/esurf-12-135-2024-t01.xlsx	1	0	0.00				0
cy10_primary_enplanements__xls	xls	sheets	sheets/done-005/xls/cy10_primary_enplanements.xls	12	0	0.00				0
apron-area__xls	xls	sheets	sheets/done-005/xls/apron-area.xls	3	0	0.00				0
WG7_NCWF_Skills_Table__xls	xls	sheets	sheets/done-006/xls/WG7_NCWF_Skills_Table.XLS	44	0	0.00				0
Part_129_Operators__xlsx	xlsx	sheets	sheets/done-005/xlsx/Part_129_Operators.xlsx	23	0	0.00				0
arp-sop-300-Exhibit-A-Table-Templates__xlsx	xlsx	sheets	sheets/done-005/xlsx/arp-sop-300-Exhibit-A-Table-Templates.xlsx	11	0	0.00				0
Infotabelle_WLAN im Flugzeug__xlsx	xlsx	sheets	sheets/done-006/xlsx/Infotabelle_WLAN im Flugzeug.xlsx	4	0	0.00				0
Hazard Analysis Template__xls	xls	sheets	sheets/done-006/xls/Hazard Analysis Template.xls	3	0	0.00				0
june_2025_published__xlsx	xlsx	sheets	sheets/done-005/xlsx/june_2025_published.xlsx	15	0	0.00				0
SSRO_Quarterly_Statistical_Bulletin_Q3201617_DATA__xlsx	xlsx	sheets	sheets/done-006/xlsx/SSRO_Quarterly_Statistical_Bulletin_Q3201617_DATA.xlsx	4	0	0.00				0
AFS-400_Contacts__xlsx	xlsx	sheets	sheets/done-006/xlsx/AFS-400_Contacts.xlsx	48	0	0.00				0
ZenithAviation_AuctionList__xls	xls	sheets	sheets/done-006/xls/ZenithAviation_AuctionList.xls	33	0	0.00				0
ACRONYM__xls	xls	sheets	sheets/done-007/xls/ACRONYM.xls	69	0	0.00				0
Published_Issuances_2024__xlsx	xlsx	sheets	sheets/done-006/xlsx/Published_Issuances_2024.xlsx	1	0	0.00				0
Performance__xlsx	xlsx	sheets	sheets/done-006/xlsx/Performance.xlsx	13	0	0.00				0
register-changes-in-may-2024---adujsted__xlsx	xlsx	sheets	sheets/done-006/xlsx/register-changes-in-may-2024---adujsted.xlsx	10	0	0.00				0
National-Finalists-2024-1__xlsx	xlsx	sheets	sheets/done-007/xlsx/National-Finalists-2024-1.xlsx	30	0	0.00				0
essd-16-3433-2024-t02__xlsx	xlsx	sheets	sheets/done-007/xlsx/essd-16-3433-2024-t02.xlsx	4	0	0.00				0
dragon-175066A__xlsx	xlsx	sheets	sheets/done-006/xlsx/dragon-175066A.xlsx	13	0	0.00				0
114339-PROP-P127508-PUBLIC-PPCRNARCPPforPublication__xlsx	xlsx	sheets	sheets/done-007/xlsx/114339-PROP-P127508-PUBLIC-PPCRNARCPPforPublication.xlsx	21	0	0.00				0
wiley-cancelled-title-list__xlsx	xlsx	sheets	sheets/done-007/xlsx/wiley-cancelled-title-list.xlsx	60	0	0.00				0
CSA_CCM_v1.2__xls	xls	sheets	sheets/done-007/xls/CSA_CCM_v1.2.xls	13	0	0.00				0
2015-19 top 25 Arms producing companies data - to upload on website - FINAL_edit__xlsx	xlsx	sheets	sheets/done-008/xlsx/2015-19 top 25 Arms producing companies data - to upload on website - FINAL_edit.xlsx	19	0	0.00				0
ecopy of 2016 statistical bulletin_public finance statistics_final__xlsx	xlsx	sheets	sheets/done-007/xlsx/ecopy of 2016 statistical bulletin_public finance statistics_final.xlsx	17	0	0.00				0
SLSA_Directory_031423__xlsx	xlsx	sheets	sheets/done-007/xlsx/SLSA_Directory_031423.xlsx	10	0	0.00				0
RVSM_Non_approved_list_2025_84c0b3f4ac__xlsx	xlsx	sheets	sheets/done-008/xlsx/RVSM_Non_approved_list_2025_84c0b3f4ac.xlsx	2	0	0.00				0
jobs-bulletin-51-22-december-2025__xlsx	xlsx	sheets	sheets/done-007/xlsx/jobs-bulletin-51-22-december-2025.xlsx	12	0	0.00				0
hdss-bulletin-index-2019-2022__xlsx	xlsx	sheets	sheets/done-007/xlsx/hdss-bulletin-index-2019-2022.xlsx	24	0	0.00				0
Liste-Zertifizierung-ChemKlimaschutzV-RPT__xls	xls	sheets	sheets/done-008/xls/Liste-Zertifizierung-ChemKlimaschutzV-RPT.xls	5	0	0.00				0
commander-authorisation-tasks-spreadsheet-october-2025__xlsx	xlsx	sheets	sheets/done-008/xlsx/commander-authorisation-tasks-spreadsheet-october-2025.xlsx	23	0	0.00				0
data_20121018181533__xls	xls	sheets	sheets/done-008/xls/data_20121018181533.xls	57	0	0.00				0
Company_Seniority_Date_Calculator__xlsx	xlsx	sheets	sheets/done-008/xlsx/Company_Seniority_Date_Calculator.xlsx	12	0	0.00				0
Computer and Software Services_50 State Comparison__xlsx	xlsx	sheets	sheets/done-008/xlsx/Computer and Software Services_50 State Comparison.xlsx	26	0	0.00				0
TDA_Smoke-Detectors__xlsx	xlsx	sheets	sheets/done-008/xlsx/TDA_Smoke-Detectors.xlsx	28	0	0.00				0
EHEST-Pre-departure-checklist-Rev.-1-06-12-2016__xls	xls	sheets	sheets/done-009/xls/EHEST-Pre-departure-checklist-Rev.-1-06-12-2016.xls	24	0	0.00				0
airports_6__xlsx	xlsx	sheets	sheets/done-008/xlsx/airports_6.xlsx	17	0	0.00				0
template-ECSPR-notifications__xlsx	xlsx	sheets	sheets/done-008/xlsx/template-ECSPR-notifications.xlsx	26	0	0.00				0
6f9e605c-fded-11e3-bd0e-00144feab7de__xls	xls	sheets	sheets/done-009/xls/6f9e605c-fded-11e3-bd0e-00144feab7de.xls	16	0	0.00				0
INDEX_Digital_Transformation_Toolkits__xls	xls	sheets	sheets/done-009/xls/INDEX_Digital_Transformation_Toolkits.xls	24	0	0.00				0
Aviation_Abbreviations__xlsx	xlsx	sheets	sheets/done-009/xlsx/Aviation_Abbreviations.xlsx	94	0	0.00				0
RegChangeReport__xlsx	xlsx	sheets	sheets/done-009/xlsx/RegChangeReport.xlsx	12	0	0.00				0
Data-Architecture-Tool-Fit-Assessment-Template__xlsx	xlsx	sheets	sheets/done-009/xlsx/Data-Architecture-Tool-Fit-Assessment-Template.xlsx	22	0	0.00				0
cy01_state__xls	xls	sheets	sheets/done-009/xls/cy01_state.xls	36	0	0.00				0
PC1000__xls	xls	sheets	sheets/done-010/xls/PC1000.xls	13	0	0.00				0
PBN Matrix NAAs (V01)__xlsx	xlsx	sheets	sheets/done-009/xlsx/PBN Matrix NAAs (V01).xlsx	25	0	0.00				0
State-Medicaid-Payment-Policies-for-Medicare-Cost-Sharing__xlsx	xlsx	sheets	sheets/done-009/xlsx/State-Medicaid-Payment-Policies-for-Medicare-Cost-Sharing.xlsx	18	0	0.00				0
TOGAF9-Tool-ConfReqts-CSQ__xls	xls	sheets	sheets/done-010/xls/TOGAF9-Tool-ConfReqts-CSQ.xls	28	0	0.00				0
RMP 2011-2014 and Inventory__xls	xls	sheets	sheets/done-010/xls/RMP 2011-2014 and Inventory.xls	38	0	0.00				0
Special-Procedures_2025-07-10__xls	xls	sheets	sheets/done-010/xls/Special-Procedures_2025-07-10.xls	22	0	0.00				0
AMOC-Digital-Certificate-Publication-Report__xlsx	xlsx	sheets	sheets/done-010/xlsx/AMOC-Digital-Certificate-Publication-Report.xlsx	148	0	0.00				0
cy06_primary_np_comm__xls	xls	sheets	sheets/done-010/xls/cy06_primary_np_comm.xls	11	0	0.00				0
NAARMO_Mexico_RVSM_Approvals__xlsx	xlsx	sheets	sheets/done-010/xlsx/NAARMO_Mexico_RVSM_Approvals.xlsx	16	0	0.00				0
DOE-C2M2-V1.1-to-DOE-C2M2-V2.1 (1.1.0)__xlsx	xlsx	sheets	sheets/done-010/xlsx/DOE-C2M2-V1.1-to-DOE-C2M2-V2.1 (1.1.0).xlsx	91	0	0.00				0
AFCforPtF-Digital-Certificate-Publication-Report__xlsx	xlsx	sheets	sheets/done-010/xlsx/AFCforPtF-Digital-Certificate-Publication-Report.xlsx	111	0	0.00				0
T0A0D0000090006XLSE__xls	xls	sheets	sheets/done-011/xls/T0A0D0000090006XLSE.xls	162	0	0.00				0
Keywords_Mapping_Graphs_and_Charts__xlsx	xlsx	sheets	sheets/done-010/xlsx/Keywords_Mapping_Graphs_and_Charts.xlsx	46	0	0.00				0
Application_for_authorisation_as_crowdfunding_service_provider__xlsx	xlsx	sheets	sheets/done-011/xlsx/Application_for_authorisation_as_crowdfunding_service_provider.xlsx	48	0	0.00				0
List of EQS securities_0__xls	xls	sheets	sheets/done-011/xls/List of EQS securities_0.xls	104	0	0.00				0
SIL_TDB605__xls	xls	sheets	sheets/done-011/xls/SIL_TDB605.xls	44	0	0.00				0
aircraft_analysis-2018-06__xlsx	xlsx	sheets	sheets/done-011/xlsx/aircraft_analysis-2018-06.xlsx	42	0	0.00				0
2023-qhp-form-and-rate-combined-checklist-final__xlsx	xlsx	sheets	sheets/done-011/xlsx/2023-qhp-form-and-rate-combined-checklist-final.xlsx	100	0	0.00				0
SIL_TDB609__xls	xls	sheets	sheets/done-012/xls/SIL_TDB609.xls	50	0	0.00				0
Capability_List_9-14-2022_Dallas_Combined-Aircraft_Manuf_unsorted__xlsx	xlsx	sheets	sheets/done-011/xlsx/Capability_List_9-14-2022_Dallas_Combined-Aircraft_Manuf_unsorted.xlsx	147	0	0.00				0
links-2026__xlsx	xlsx	sheets	sheets/done-011/xlsx/links-2026.xlsx	45	0	0.00				0
CSJU List of Recipients of funds 2013-2020__xlsx	xlsx	sheets	sheets/done-012/xlsx/CSJU List of Recipients of funds 2013-2020.xlsx	97	0	0.00				0
npias_2009_appA__xls	xls	sheets	sheets/done-012/xls/npias_2009_appA.xls	73	0	0.00				0
MinCh-Digital-Certificate-Publication-Report__xlsx	xlsx	sheets	sheets/done-012/xlsx/MinCh-Digital-Certificate-Publication-Report.xlsx	179	0	0.00				0
Copy of EASA-IFP-WEBLISTNOODATA-ListsofBASAapprovals(WEB)_ListofValidUSBASAorganisations_2023-01-13-04-33-14__xlsx	xlsx	sheets	sheets/done-012/xlsx/Copy of EASA-IFP-WEBLISTNOODATA-ListsofBASAapprovals(WEB)_ListofValidUSBASAorganisations_2023-01-13-04-33-14.xlsx	245	0	0.00				0
Application_Compliance_Checklist_5_Apr_2021__xlsx	xlsx	sheets	sheets/done-011/xlsx/Application_Compliance_Checklist_5_Apr_2021.xlsx	14	0	0.00				0
18-02RD301_ILS_components_Master_9-13-18__xls	xls	sheets	sheets/done-013/xls/18-02RD301_ILS_components_Master_9-13-18.xls	166	0	0.00				0
capa-liste-nse-1__xls	xls	sheets	sheets/done-013/xls/capa-liste-nse-1.xls	108	0	0.00				0
FY2023-AIP-grants__xlsx	xlsx	sheets	sheets/done-011/xlsx/FY2023-AIP-grants.xlsx	33	0	0.00				0
atspp_pay_tables__xlsx	xlsx	sheets	sheets/done-012/xlsx/atspp_pay_tables.xlsx	101	0	0.00				0
NPIAS_2007_App_A__xls	xls	sheets	sheets/done-012/xls/NPIAS_2007_App_A.xls	128	0	0.00				0
ECA Sinters__xls	xls	sheets	sheets/done-013/xls/ECA Sinters.xls	163	0	0.00				0
2025_Active_Civil_Airmen_Statistics_FINAL__xlsx	xlsx	sheets	sheets/done-012/xlsx/2025_Active_Civil_Airmen_Statistics_FINAL.xlsx	35	0	0.00				0
FY2021-AIP-grants__xlsx	xlsx	sheets	sheets/done-013/xlsx/FY2021-AIP-grants.xlsx	58	0	0.00				0
EASA-IFP-WEBLISTNOODATA-ListsofBASAapprovals_WEB__ListofValidBASAorganisations_2025-01-20-08-56-36__xlsx	xlsx	sheets	sheets/done-012/xlsx/EASA-IFP-WEBLISTNOODATA-ListsofBASAapprovals_WEB__ListofValidBASAorganisations_2025-01-20-08-56-36.xlsx	254	0	0.00				0
fy2010-aip-grants__xls	xls	sheets	sheets/done-013/xls/fy2010-aip-grants.xls	100	0	0.00				0
certification-type-certificates-docs-tcdns-databases-MAdB-Rotorcraft-14-28112013__xlsx	xlsx	sheets	sheets/done-012/xlsx/certification-type-certificates-docs-tcdns-databases-MAdB-Rotorcraft-14-28112013.xlsx	82	0	0.00				0
aircraft_analysis_2016-04-27__xls	xls	sheets	sheets/done-013/xls/aircraft_analysis_2016-04-27.xls	46	0	0.00				0
fy20-may20-sep20__xlsx	xlsx	sheets	sheets/done-013/xlsx/fy20-may20-sep20.xlsx	96	0	0.00				0
afn-afn-20250801-fy25-jan25-mar25__xlsx	xlsx	sheets	sheets/done-013/xlsx/afn-afn-20250801-fy25-jan25-mar25.xlsx	270	0	0.00				0
TICAPCapability_Final__xls	xls	sheets	sheets/done-014/xls/TICAPCapability_Final.xls	17	0	0.00				0
fy2011-aip-grants__xls	xls	sheets	sheets/done-013/xls/fy2011-aip-grants.xls	93	0	0.00				0
7-memento-2015-transports-aeriens-b__xls	xls	sheets	sheets/done-014/xls/7-memento-2015-transports-aeriens-b.xls	190	0	0.00				0
Aircraft_Database__xlsx	xlsx	sheets	sheets/done-014/xlsx/Aircraft_Database.xlsx	134	0	0.00				0
UASEventsNov2014-Aug2015__xls	xls	sheets	sheets/done-014/xls/UASEventsNov2014-Aug2015.xls	523	0	0.00				0
alle einzeln__xlsx	xlsx	sheets	sheets/done-013/xlsx/alle einzeln.xlsx	186	0	0.00				0
fm-provider-service-measures__xlsx	xlsx	sheets	sheets/done-014/xlsx/fm-provider-service-measures.xlsx	38	0	0.00				0
NPIAS_App_A__xls	xls	sheets	sheets/done-014/xls/NPIAS_App_A.xls	124	0	0.00				0
MajCh-Digital-Certificate-Publication-Report__xlsx	xlsx	sheets	sheets/done-014/xlsx/MajCh-Digital-Certificate-Publication-Report.xlsx	328	0	0.00				0
PA_Delaware__xls	xls	sheets	sheets/done-015/xls/PA_Delaware.xls	122	0	0.00				0
underlying-holdings-emea-en_gb-monthly-holdings-state-street-emu-esg-screened-index-equity-fund__xls	xls	sheets	sheets/done-015/xls/underlying-holdings-emea-en_gb-monthly-holdings-state-street-emu-esg-screened-index-equity-fund.xls	15	0	0.00				0
seihon_zassi_kikou_20221215__xlsx	xlsx	sheets	sheets/done-014/xlsx/seihon_zassi_kikou_20221215.xlsx	84	0	0.00				0
activespecs__xls	xls	sheets	sheets/done-015/xls/activespecs.xls	266	0	0.00				0
6880ac7361ca1b99a9230811_ST Capability List Rev.16 - Web__xlsx	xlsx	sheets	sheets/done-014/xlsx/6880ac7361ca1b99a9230811_ST Capability List Rev.16 - Web.xlsx	217	0	0.00				0
certification-type-certificates-docs-tcdns-databases-MAdB-Light-Prop-14-28112013__xlsx	xlsx	sheets	sheets/done-015/xlsx/certification-type-certificates-docs-tcdns-databases-MAdB-Light-Prop-14-28112013.xlsx	343	0	0.00				0
edb-emissions-databank v27-NewFormat (web)__xlsx	xlsx	sheets	sheets/done-014/xlsx/edb-emissions-databank v27-NewFormat (web).xlsx	368	0	0.00				0
EASA_PRODUCT_LIST_-_ALL__xlsx	xlsx	sheets	sheets/done-015/xlsx/EASA_PRODUCT_LIST_-_ALL.xlsx	264	0	0.00				0
environment-edb-docs-edb-emissions-databank__xls	xls	sheets	sheets/done-016/xls/environment-edb-docs-edb-emissions-databank.xls	195	0	0.00				0
AIM_OPR_LIST__xls	xls	sheets	sheets/done-015/xls/AIM_OPR_LIST.xls	229	0	0.00				0
RCO_VOR_Master_List_082824__xlsx	xlsx	sheets	sheets/done-016/xlsx/RCO_VOR_Master_List_082824.xlsx	80	0	0.00				0
laufende-nip-vorhaben-hyland__xls	xls	sheets	sheets/done-015/xls/laufende-nip-vorhaben-hyland.xls	18	0	0.00				0
flightstandards-doc-Cross-reference-table_version02__xlsx	xlsx	sheets	sheets/done-015/xlsx/flightstandards-doc-Cross-reference-table_version02.xlsx	464	0	0.00				0
FY2018_Q4_UAS_Sightings__xlsx	xlsx	sheets	sheets/extra-001/xlsx/FY2018_Q4_UAS_Sightings.xlsx	302	0	0.00				0
EASA-IFP-147Scope_WEB__ALL_Valid147SoA_2024-11-28-11-16-31__xlsx	xlsx	sheets	sheets/done-016/xlsx/EASA-IFP-147Scope_WEB__ALL_Valid147SoA_2024-11-28-11-16-31.xlsx	92	0	0.00				0
CIS_Debian_Linux_8_Benchmark_v1.0.0__xls	xls	sheets	sheets/pagination-001/xls/CIS_Debian_Linux_8_Benchmark_v1.0.0.xls	88	0	0.00				0
Global_Market_Forecast_2016-2035_Airbus_Data_Set__xlsx	xlsx	sheets	sheets/done-015/xlsx/Global_Market_Forecast_2016-2035_Airbus_Data_Set.xlsx	567	0	0.00				0
SIL_TDB648__xlsx	xlsx	sheets	sheets/pagination-001/xlsx/SIL_TDB648.xlsx	90	0	0.00				0
tk-syllabus-comparison-document-v5__xlsx	xlsx	sheets	sheets/done-015/xlsx/tk-syllabus-comparison-document-v5.xlsx	855	0	0.00				0
7-Zulkefli_Part147n66_IKMAS__pptx	pptx	slides	slides/ceiling-001/pptx/7-Zulkefli_Part147n66_IKMAS.pptx	18	0	0.00				0
Laser Report 2024 FOIA __Oct (1)__xlsx	xlsx	sheets	sheets/done-016/xlsx/Laser Report 2024 FOIA __Oct (1).xlsx	506	0	0.00				0
Sylva%20introduction%20session__pptx	pptx	slides	slides/ceiling-001/pptx/Sylva%20introduction%20session.pptx	15	0	0.00				0
WiGr_2021W_1_Angebot-Nachfrage-Elastizität-211017-171222__pptx	pptx	slides	slides/ceiling-002/pptx/WiGr_2021W_1_Angebot-Nachfrage-Elastizität-211017-171222.pptx	51	0	0.00				0
015_advanced_powerpoint_scatter__pptx	pptx	slides	slides/chartset-001/pptx/015_advanced_powerpoint_scatter.pptx	1	0	0.00				0
bar_chart__pptx	pptx	slides	slides/chartset-001/pptx/bar_chart.pptx	1	0	0.00				0
TK-Syllabus-Comparison-Document-v2__xlsx	xlsx	sheets	sheets/done-016/xlsx/TK-Syllabus-Comparison-Document-v2.xlsx	1235	0	0.00				0
scatter_chart__pptx	pptx	slides	slides/chartset-001/pptx/scatter_chart.pptx	1	0	0.00				0
001_advanced_powerpoint_bar__pptx	pptx	slides	slides/chartset-002/pptx/001_advanced_powerpoint_bar.pptx	1	0	0.00				0
014_advanced_powerpoint_area__pptx	pptx	slides	slides/chartset-002/pptx/014_advanced_powerpoint_area.pptx	1	0	0.00				0
orbus_togaf_tool_csq__xls	xls	sheets	sheets/missing-001/xls/orbus_togaf_tool_csq.xls	75	0	0.00				0
024_advanced_powerpoint_bubble__pptx	pptx	slides	slides/chartset-002/pptx/024_advanced_powerpoint_bubble.pptx	1	0	0.00				0
033_advanced_powerpoint_bar__pptx	pptx	slides	slides/chartset-002/pptx/033_advanced_powerpoint_bar.pptx	1	0	0.00				0
005_advanced_powerpoint_doughnut__pptx	pptx	slides	slides/chartset-003/pptx/005_advanced_powerpoint_doughnut.pptx	1	0	0.00				0
011_advanced_powerpoint_line__pptx	pptx	slides	slides/chartset-003/pptx/011_advanced_powerpoint_line.pptx	1	0	0.00				0
027_advanced_powerpoint_line__pptx	pptx	slides	slides/chartset-003/pptx/027_advanced_powerpoint_line.pptx	1	0	0.00				0
ODs-February-2022-Airbus-Commercial-Aircraft__xlsx	xlsx	sheets	sheets/pagination-001/xlsx/ODs-February-2022-Airbus-Commercial-Aircraft.xlsx	175	0	0.00				0
013_advanced_powerpoint_doughnut__pptx	pptx	slides	slides/chartset-004/pptx/013_advanced_powerpoint_doughnut.pptx	1	0	0.00				0
021_advanced_powerpoint_doughnut__pptx	pptx	slides	slides/chartset-004/pptx/021_advanced_powerpoint_doughnut.pptx	1	0	0.00				0
STC_WebList__xlsx	xlsx	sheets	sheets/done-016/xlsx/STC_WebList.xlsx	4372	0	0.00				0
026_advanced_powerpoint_column__pptx	pptx	slides	slides/chartset-004/pptx/026_advanced_powerpoint_column.pptx	1	0	0.00				0
FAA-2019-0995-0002_attachment_2__xlsx	xlsx	sheets	sheets/table-001/xlsx/FAA-2019-0995-0002_attachment_2.xlsx	33	0	0.00				0
005_2-Step_Funnel_On_left_With_Text_767f0490__pptx	pptx	slides	slides/chartset-005/pptx/005_2-Step_Funnel_On_left_With_Text_767f0490.pptx	1	0	0.00				0
RRM-training-syllabus-Chapter-3-Teamwork-TC-Towing-Incident-Analysis-Dec-2009__ppt	ppt	slides	slides/ceiling-001/ppt/RRM-training-syllabus-Chapter-3-Teamwork-TC-Towing-Incident-Analysis-Dec-2009.ppt	27	0	0.00				0
068_Funnel_Diagram_for_PowerPoint_with_2_Steps_437e4ba7__pptx	pptx	slides	slides/chartset-005/pptx/068_Funnel_Diagram_for_PowerPoint_with_2_Steps_437e4ba7.pptx	1	0	0.00				0
ans_mappings_of_eccairs_terms__xlsx	xlsx	sheets	sheets/metrics-001/xlsx/ans_mappings_of_eccairs_terms.xlsx	191	0	0.00				0
071_Funnel_Diagram_for_PowerPoint_with_5_Steps_5ceacdec__pptx	pptx	slides	slides/chartset-005/pptx/071_Funnel_Diagram_for_PowerPoint_with_5_Steps_5ceacdec.pptx	1	0	0.00				0
architecture6__ppt	ppt	slides	slides/ceiling-001/ppt/architecture6.ppt	31	0	0.00				0
001_1-2-3_Horizontal_Hierarchy_39795b4d__pptx	pptx	slides	slides/chartset-006/pptx/001_1-2-3_Horizontal_Hierarchy_39795b4d.pptx	3	0	0.00				0
grants-2005__xls	xls	sheets	sheets/pagination-001/xls/grants-2005.xls	201	0	0.00				0
031_Alarm_Clock_Pie-Chart_for_PowerPoint_and_Google_Slides_0b185a05__pptx	pptx	slides	slides/chartset-006/pptx/031_Alarm_Clock_Pie-Chart_for_PowerPoint_and_Google_Slides_0b185a05.pptx	3	0	0.00				0
055_Four_Pillar_Hierarchy_for_PowerPoint_and_Google_Slides_6b42ed18__pptx	pptx	slides	slides/chartset-006/pptx/055_Four_Pillar_Hierarchy_for_PowerPoint_and_Google_Slides_6b42ed18.pptx	3	0	0.00				0
sectors-defense-and-aerospace__xlsx	xlsx	sheets	sheets/pagination-001/xlsx/sectors-defense-and-aerospace.xlsx	449	0	0.00				0
099_Light_Bulb_SWOT_for_PowerPoint_and_Google_Slides_554a1e33__pptx	pptx	slides	slides/chartset-006/pptx/099_Light_Bulb_SWOT_for_PowerPoint_and_Google_Slides_554a1e33.pptx	3	0	0.00				0
pres_ioc_phuket__ppt	ppt	slides	slides/ceiling-002/ppt/pres_ioc_phuket.ppt	26	0	0.00				0
047_Female_Radar_Brain_for_PowerPoint_and_Google_Slides_c2a541f6__pptx	pptx	slides	slides/chartset-007/pptx/047_Female_Radar_Brain_for_PowerPoint_and_Google_Slides_c2a541f6.pptx	4	0	0.00				0
Fundamentals_Module_1_basics__ppt	ppt	slides	slides/ceiling-001/ppt/Fundamentals_Module_1_basics.ppt	26	0	0.00				0
083_Infographic_Hexagon_Cluster_for_PowerPoint_and_Google_Slides_ef811a12__pptx	pptx	slides	slides/chartset-007/pptx/083_Infographic_Hexagon_Cluster_for_PowerPoint_and_Google_Slides_ef811a12.pptx	3	0	0.00				0
092_Infographic_Tree_Diagram_for_PowerPoint_and_Google_Slides_d721fa00__pptx	pptx	slides	slides/chartset-007/pptx/092_Infographic_Tree_Diagram_for_PowerPoint_and_Google_Slides_d721fa00.pptx	3	0	0.00				0
012_3-Step_Hexagons_Puzzle_Diagram_for_PowerPoint_982482b5__pptx	pptx	slides	slides/chartset-008/pptx/012_3-Step_Hexagons_Puzzle_Diagram_for_PowerPoint_982482b5.pptx	3	0	0.00				0
040_Crab_Diagram_for_PowerPoint_and_Google_Slides_13d38ff3__pptx	pptx	slides	slides/chartset-008/pptx/040_Crab_Diagram_for_PowerPoint_and_Google_Slides_13d38ff3.pptx	3	0	0.00				0
072_Gear_Pie_Chart_for_PowerPoint_and_Google_Slides_d464d3a0__pptx	pptx	slides	slides/chartset-008/pptx/072_Gear_Pie_Chart_for_PowerPoint_and_Google_Slides_d464d3a0.pptx	3	0	0.00				0
N2_E_Maestroni_Swarm_COP__pptx	pptx	slides	slides/ceiling-001/pptx/N2_E_Maestroni_Swarm_COP.pptx	30	0	0.00				0
008_advanced_powerpoint_bubble__pptx	pptx	slides	slides/chartset-001/pptx/008_advanced_powerpoint_bubble.pptx	1	0	0.00				0
015_4-Option_Color_Wheel_Diagram_df7e4b8f__pptx	pptx	slides	slides/chartset-009/pptx/015_4-Option_Color_Wheel_Diagram_df7e4b8f.pptx	3	0	0.00				0
031_advanced_powerpoint_scatter__pptx	pptx	slides	slides/chartset-001/pptx/031_advanced_powerpoint_scatter.pptx	1	0	0.00				0
solog_orientation_august_2019__pptx	pptx	slides	slides/ceiling-001/pptx/solog_orientation_august_2019.pptx	15	0	0.00				0
line_chart__pptx	pptx	slides	slides/chartset-001/pptx/line_chart.pptx	1	0	0.00				0
025_6-Option_Color_Wheel_Diagram_27e1c74d__pptx	pptx	slides	slides/chartset-009/pptx/025_6-Option_Color_Wheel_Diagram_27e1c74d.pptx	3	0	0.00				0
stacked_bar_chart__pptx	pptx	slides	slides/chartset-001/pptx/stacked_bar_chart.pptx	1	0	0.00				0
037_Circle_Matrix_Framework_44bc5218__pptx	pptx	slides	slides/chartset-009/pptx/037_Circle_Matrix_Framework_44bc5218.pptx	3	0	0.00				0
007_advanced_powerpoint_scatter__pptx	pptx	slides	slides/chartset-002/pptx/007_advanced_powerpoint_scatter.pptx	1	0	0.00				0
023_advanced_powerpoint_scatter__pptx	pptx	slides	slides/chartset-002/pptx/023_advanced_powerpoint_scatter.pptx	1	0	0.00				0
087_Infographic_Organization_Chart_for_PowerPoint_and_Google_Slides_2d951912__pptx	pptx	slides	slides/chartset-009/pptx/087_Infographic_Organization_Chart_for_PowerPoint_and_Google_Slides_2d951912.pptx	4	0	0.00				0
032_advanced_powerpoint_bubble__pptx	pptx	slides	slides/chartset-002/pptx/032_advanced_powerpoint_bubble.pptx	1	0	0.00				0
028_8-Point_Dual_Hub_Comparison_d6c5dde5__pptx	pptx	slides	slides/chartset-010/pptx/028_8-Point_Dual_Hub_Comparison_d6c5dde5.pptx	3	0	0.00				0
003_advanced_powerpoint_line__pptx	pptx	slides	slides/chartset-003/pptx/003_advanced_powerpoint_line.pptx	1	0	0.00				0
010_advanced_powerpoint_column__pptx	pptx	slides	slides/chartset-003/pptx/010_advanced_powerpoint_column.pptx	1	0	0.00				0
045_Dual-Segment_Quadrant_14a57221__pptx	pptx	slides	slides/chartset-010/pptx/045_Dual-Segment_Quadrant_14a57221.pptx	3	0	0.00				0
019_advanced_powerpoint_line__pptx	pptx	slides	slides/chartset-003/pptx/019_advanced_powerpoint_line.pptx	1	0	0.00				0
southern-classic-kennesaw-state-university-final__pptx	pptx	slides	slides/chart-001/pptx/southern-classic-kennesaw-state-university-final.pptx	23	0	0.00				0
093_Insightful_Zoom_Chart_22b5464e__pptx	pptx	slides	slides/chartset-010/pptx/093_Insightful_Zoom_Chart_22b5464e.pptx	3	0	0.00				0
004_advanced_powerpoint_pie__pptx	pptx	slides	slides/chartset-004/pptx/004_advanced_powerpoint_pie.pptx	1	0	0.00				0
016_advanced_powerpoint_bubble__pptx	pptx	slides	slides/chartset-001/pptx/016_advanced_powerpoint_bubble.pptx	1	0	0.00				0
020_advanced_powerpoint_pie__pptx	pptx	slides	slides/chartset-004/pptx/020_advanced_powerpoint_pie.pptx	1	0	0.00				0
combo_bar_line_chart__pptx	pptx	slides	slides/chartset-001/pptx/combo_bar_line_chart.pptx	1	0	0.00				0
026_6-Part_Hexagon_Radial_Diagram_b8ca3f40__pptx	pptx	slides	slides/chartset-011/pptx/026_6-Part_Hexagon_Radial_Diagram_b8ca3f40.pptx	3	0	0.00				0
025_advanced_powerpoint_bar__pptx	pptx	slides	slides/chartset-004/pptx/025_advanced_powerpoint_bar.pptx	1	0	0.00				0
stacked_area_chart__pptx	pptx	slides	slides/chartset-001/pptx/stacked_area_chart.pptx	1	0	0.00				0
004_2-Stage_Vertical_Funnel_Diagram_for_PowerPoint_593f4c80__pptx	pptx	slides	slides/chartset-005/pptx/004_2-Stage_Vertical_Funnel_Diagram_for_PowerPoint_593f4c80.pptx	1	0	0.00				0
051_Five-Stage_Zigzag_Timeline_2bd39be9__pptx	pptx	slides	slides/chartset-011/pptx/051_Five-Stage_Zigzag_Timeline_2bd39be9.pptx	3	0	0.00				0
006_advanced_powerpoint_area__pptx	pptx	slides	slides/chartset-002/pptx/006_advanced_powerpoint_area.pptx	1	0	0.00				0
011_3-Stage_Vertical_Funnel_Diagram_for_PowerPoint_10ce23dd__pptx	pptx	slides	slides/chartset-005/pptx/011_3-Stage_Vertical_Funnel_Diagram_for_PowerPoint_10ce23dd.pptx	1	0	0.00				0
017_advanced_powerpoint_bar__pptx	pptx	slides	slides/chartset-002/pptx/017_advanced_powerpoint_bar.pptx	1	0	0.00				0
062_Four-Step_Growth_Staircase_8a3ef338__pptx	pptx	slides	slides/chartset-011/pptx/062_Four-Step_Growth_Staircase_8a3ef338.pptx	3	0	0.00				0
070_Funnel_Diagram_for_PowerPoint_with_4_Steps_975f1642__pptx	pptx	slides	slides/chartset-005/pptx/070_Funnel_Diagram_for_PowerPoint_with_4_Steps_975f1642.pptx	1	0	0.00				0
030_advanced_powerpoint_area__pptx	pptx	slides	slides/chartset-002/pptx/030_advanced_powerpoint_area.pptx	1	0	0.00				0
003_2-Circle_Venn_Diagram_7ab74e5c__pptx	pptx	slides	slides/chartset-012/pptx/003_2-Circle_Venn_Diagram_7ab74e5c.pptx	3	0	0.00				0
002_advanced_powerpoint_column__pptx	pptx	slides	slides/chartset-003/pptx/002_advanced_powerpoint_column.pptx	1	0	0.00				0
084_Infographic_Hierarchy_Tree_for_PowerPoint_fda8141c__pptx	pptx	slides	slides/chartset-005/pptx/084_Infographic_Hierarchy_Tree_for_PowerPoint_fda8141c.pptx	3	0	0.00				0
009_advanced_powerpoint_bar__pptx	pptx	slides	slides/chartset-003/pptx/009_advanced_powerpoint_bar.pptx	1	0	0.00				0
061_Four-Stage_Serpentine_Chart_05699efe__pptx	pptx	slides	slides/chartset-012/pptx/061_Four-Stage_Serpentine_Chart_05699efe.pptx	3	0	0.00				0
017_4-Stage_Vertical_Funnel_Diagram_for_PowerPoint_61e7bde5__pptx	pptx	slides	slides/chartset-006/pptx/017_4-Stage_Vertical_Funnel_Diagram_for_PowerPoint_61e7bde5.pptx	1	0	0.00				0
012_advanced_powerpoint_pie__pptx	pptx	slides	slides/chartset-003/pptx/012_advanced_powerpoint_pie.pptx	1	0	0.00				0
044_Dual_Mind_Spark_Chart_for_PowerPoint_a83f890a__pptx	pptx	slides	slides/chartset-006/pptx/044_Dual_Mind_Spark_Chart_for_PowerPoint_a83f890a.pptx	4	0	0.00				0
073_Halo_Radial_for_PowerPoint_and_Google_Slides_4bd0918b__pptx	pptx	slides	slides/chartset-012/pptx/073_Halo_Radial_for_PowerPoint_and_Google_Slides_4bd0918b.pptx	3	0	0.00				0
028_advanced_powerpoint_pie__pptx	pptx	slides	slides/chartset-003/pptx/028_advanced_powerpoint_pie.pptx	1	0	0.00				0
094_Intersecting_Teardrops_for_PowerPoint_and_Google_Slides_ff43aedb__pptx	pptx	slides	slides/chartset-006/pptx/094_Intersecting_Teardrops_for_PowerPoint_and_Google_Slides_ff43aedb.pptx	3	0	0.00				0
089_Infographic_Radial_Matrix_for_PowerPoint_and_Google_Slides_eb0550f2__pptx	pptx	slides	slides/chartset-012/pptx/089_Infographic_Radial_Matrix_for_PowerPoint_and_Google_Slides_eb0550f2.pptx	3	0	0.00				0
018_advanced_powerpoint_column__pptx	pptx	slides	slides/chartset-004/pptx/018_advanced_powerpoint_column.pptx	1	0	0.00				0
039_Consumer_Decision_Journey_for_PowerPoint_319207e1__pptx	pptx	slides	slides/chartset-007/pptx/039_Consumer_Decision_Journey_for_PowerPoint_319207e1.pptx	1	0	0.00				0
022_advanced_powerpoint_area__pptx	pptx	slides	slides/chartset-004/pptx/022_advanced_powerpoint_area.pptx	1	0	0.00				0
023_5-Step_Progress_Cards_91d5ff57__pptx	pptx	slides	slides/chartset-013/pptx/023_5-Step_Progress_Cards_91d5ff57.pptx	3	0	0.00				0
029_advanced_powerpoint_doughnut__pptx	pptx	slides	slides/chartset-004/pptx/029_advanced_powerpoint_doughnut.pptx	1	0	0.00				0
057_Four-Branch_Diagram_for_PowerPoint_and_Google_Slides_ddf5d27c__pptx	pptx	slides	slides/chartset-007/pptx/057_Four-Branch_Diagram_for_PowerPoint_and_Google_Slides_ddf5d27c.pptx	3	0	0.00				0
091_Infographic_Radial_for_PowerPoint_and_Google_Slides_c6909fa6__pptx	pptx	slides	slides/chartset-007/pptx/091_Infographic_Radial_for_PowerPoint_and_Google_Slides_c6909fa6.pptx	3	0	0.00				0
006_2-Way_Horizontal_Hierarchy_for_PowerPoint_and_Google_Slides_7c1e5084__pptx	pptx	slides	slides/chartset-005/pptx/006_2-Way_Horizontal_Hierarchy_for_PowerPoint_and_Google_Slides_7c1e5084.pptx	3	0	0.00				0
050_Five-Point_Radial_Hub_00793e08__pptx	pptx	slides	slides/chartset-013/pptx/050_Five-Point_Radial_Hub_00793e08.pptx	3	0	0.00				0
009_3-Circle_Venn_PowerPoint_Diagram_2e59baa9__pptx	pptx	slides	slides/chartset-008/pptx/009_3-Circle_Venn_PowerPoint_Diagram_2e59baa9.pptx	2	0	0.00				0
069_Funnel_Diagram_for_PowerPoint_with_3_Steps_f96396fc__pptx	pptx	slides	slides/chartset-005/pptx/069_Funnel_Diagram_for_PowerPoint_with_3_Steps_f96396fc.pptx	1	0	0.00				0
079_Horizontal_Relationships_for_PowerPoint_and_Google_Slides_a3d35f63__pptx	pptx	slides	slides/chartset-013/pptx/079_Horizontal_Relationships_for_PowerPoint_and_Google_Slides_a3d35f63.pptx	3	0	0.00				0
076_Hexadonut_Charts_for_PowerPoint_and_Google_Slides_2b879835__pptx	pptx	slides	slides/chartset-005/pptx/076_Hexadonut_Charts_for_PowerPoint_and_Google_Slides_2b879835.pptx	3	0	0.00				0
021_5-Position_Org_Chart_cb042559__pptx	pptx	slides	slides/chartset-014/pptx/021_5-Position_Org_Chart_cb042559.pptx	3	0	0.00				0
007_3_Circles_Diagram_for_PowerPoint_dac9f170__pptx	pptx	slides	slides/chartset-006/pptx/007_3_Circles_Diagram_for_PowerPoint_dac9f170.pptx	3	0	0.00				0
065_Fourfold_Ribbon_Rings_for_PowerPoint_and_Google_Slides_39687419__pptx	pptx	slides	slides/chartset-008/pptx/065_Fourfold_Ribbon_Rings_for_PowerPoint_and_Google_Slides_39687419.pptx	3	0	0.00				0
043_Dual_Horizontal_Hierarchy_for_PowerPoint_and_Google_Slides_5074b09e__pptx	pptx	slides	slides/chartset-006/pptx/043_Dual_Horizontal_Hierarchy_for_PowerPoint_and_Google_Slides_5074b09e.pptx	3	0	0.00				0
036_Chevron_Process_Cards_3c8f0ea1__pptx	pptx	slides	slides/chartset-014/pptx/036_Chevron_Process_Cards_3c8f0ea1.pptx	3	0	0.00				0
100_Lime_and_Lemon_Data-Driven_Chart_for_PowerPoint_d7bb4a44__pptx	pptx	slides	slides/chartset-008/pptx/100_Lime_and_Lemon_Data-Driven_Chart_for_PowerPoint_d7bb4a44.pptx	5	0	0.00				0
077_Horizontal_Org_Chart_for_PowerPoint_and_Google_Slides_8cf07020__pptx	pptx	slides	slides/chartset-006/pptx/077_Horizontal_Org_Chart_for_PowerPoint_and_Google_Slides_8cf07020.pptx	3	0	0.00				0
082_Infographic_Funnel_with_4_Stages_for_PowerPoint_72d4f125__pptx	pptx	slides	slides/chartset-014/pptx/082_Infographic_Funnel_with_4_Stages_for_PowerPoint_72d4f125.pptx	3	0	0.00				0
022_5-Step_Hexagons_Puzzle_Diagram_for_PowerPoint_eda9895e__pptx	pptx	slides	slides/chartset-009/pptx/022_5-Step_Hexagons_Puzzle_Diagram_for_PowerPoint_eda9895e.pptx	3	0	0.00				0
035_Chemistry_Column_PowerPoint_Chart_45bf8a76__pptx	pptx	slides	slides/chartset-007/pptx/035_Chemistry_Column_PowerPoint_Chart_45bf8a76.pptx	3	0	0.00				0
033_Battery_Percentage_Chart_c99c24b5__pptx	pptx	slides	slides/chartset-009/pptx/033_Battery_Percentage_Chart_c99c24b5.pptx	3	0	0.00				0
WC_Update-Aug03__ppt	ppt	slides	slides/done-001/ppt/WC_Update-Aug03.ppt	11	0	0.00				0
054_Flowchart_Board_Game_for_PowerPoint_and_Google_Slides_1b047962__pptx	pptx	slides	slides/chartset-007/pptx/054_Flowchart_Board_Game_for_PowerPoint_and_Google_Slides_1b047962.pptx	3	0	0.00				0
111006 COMSTAC STOWG Aero spaceports IFG__pptx	pptx	slides	slides/done-001/pptx/111006 COMSTAC STOWG Aero spaceports IFG.pptx	8	0	0.00				0
075_Heart_Arc_Radial_for_PowerPoint_and_Google_Slides_a27a3021__pptx	pptx	slides	slides/chartset-009/pptx/075_Heart_Arc_Radial_for_PowerPoint_and_Google_Slides_a27a3021.pptx	3	0	0.00				0
090_Infographic_Radial_for_PowerPoint_and_Google_Slides_16a69891__pptx	pptx	slides	slides/chartset-007/pptx/090_Infographic_Radial_for_PowerPoint_and_Google_Slides_16a69891.pptx	3	0	0.00				0
027_6-Point_Dual_Hub_Comparison_13f9af30__pptx	pptx	slides	slides/chartset-010/pptx/027_6-Point_Dual_Hub_Comparison_13f9af30.pptx	3	0	0.00				0
096_Lab_Flask_Charts_for_PowerPoint_and_Google_Slides_91e3cbb5__pptx	pptx	slides	slides/chartset-007/pptx/096_Lab_Flask_Charts_for_PowerPoint_and_Google_Slides_91e3cbb5.pptx	3	0	0.00				0
iaeg_work_group_leader_updates__pptx	pptx	slides	slides/done-001/pptx/iaeg_work_group_leader_updates.pptx	1	0	0.00				0
042_Diamond_Hub_Infographic_a60cfaa1__pptx	pptx	slides	slides/chartset-010/pptx/042_Diamond_Hub_Infographic_a60cfaa1.pptx	3	0	0.00				0
018_4-Step_Hexagons_Puzzle_Diagram_for_PowerPoint_19957cce__pptx	pptx	slides	slides/chartset-008/pptx/018_4-Step_Hexagons_Puzzle_Diagram_for_PowerPoint_19957cce.pptx	3	0	0.00				0
ws_prod-g-doc-Events-2007-Approval-of-Flight-Conditions-RM-NAA-16032007__ppt	ppt	slides	slides/done-002/ppt/ws_prod-g-doc-Events-2007-Approval-of-Flight-Conditions-RM-NAA-16032007.ppt	14	0	0.00				0
063_Four-Step_Infinity_Loop_3480185b__pptx	pptx	slides	slides/chartset-010/pptx/063_Four-Step_Infinity_Loop_3480185b.pptx	3	0	0.00				0
058_Four-Direction_Divergence_Diagram_for_PowerPoint_and_Google_Slides_9838e28d__pptx	pptx	slides	slides/chartset-008/pptx/058_Four-Direction_Divergence_Diagram_for_PowerPoint_and_Google_Slides_9838e28d.pptx	3	0	0.00				0
ws_prod-g-doc-Events-Part-M-presentation__ppt	ppt	slides	slides/done-002/ppt/ws_prod-g-doc-Events-Part-M-presentation.ppt	30	0	0.00				0
078_Horizontal_Pyramid_Org_Chart_for_PowerPoint_and_Google_Slides_70ea115a__pptx	pptx	slides	slides/chartset-008/pptx/078_Horizontal_Pyramid_Org_Chart_for_PowerPoint_and_Google_Slides_70ea115a.pptx	3	0	0.00				0
diapo_6_fees_vous_etes_poctdoct_exterieur_a_luniv_v2_0_1__pptx	pptx	slides	slides/done-002/pptx/diapo_6_fees_vous_etes_poctdoct_exterieur_a_luniv_v2_0_1.pptx	1	0	0.00				0
010_3-Group_Hierarchy_for_PowerPoint_and_Google_Slides_20476ce0__pptx	pptx	slides	slides/chartset-011/pptx/010_3-Group_Hierarchy_for_PowerPoint_and_Google_Slides_20476ce0.pptx	3	0	0.00				0
Inducement-to-Insurance-Business__ppt	ppt	slides	slides/done-003/ppt/Inducement-to-Insurance-Business.ppt	22	0	0.00				0
020_5-Option_Color_Wheel_Diagram_104ea3b0__pptx	pptx	slides	slides/chartset-009/pptx/020_5-Option_Color_Wheel_Diagram_104ea3b0.pptx	3	0	0.00				0
046_Eight-Point_Strategic_Compass_35ee62de__pptx	pptx	slides	slides/chartset-011/pptx/046_Eight-Point_Strategic_Compass_35ee62de.pptx	3	0	0.00				0
030_Abstract_Petal_Diagram_71aa5e3a__pptx	pptx	slides	slides/chartset-009/pptx/030_Abstract_Petal_Diagram_71aa5e3a.pptx	3	0	0.00				0
060_Four-Part_Radial_Core_Diagram_40d6614e__pptx	pptx	slides	slides/chartset-011/pptx/060_Four-Part_Radial_Core_Diagram_40d6614e.pptx	3	0	0.00				0
ws_prod-g-doc-Events-2007-september-M.017-(French)-France__ppt	ppt	slides	slides/done-003/ppt/ws_prod-g-doc-Events-2007-september-M.017-(French)-France.ppt	55	0	0.00				0
052_Flame_Percentage_Chart_d27d49c4__pptx	pptx	slides	slides/chartset-009/pptx/052_Flame_Percentage_Chart_d27d49c4.pptx	3	0	0.00				0
098_Leaning_Cards_Process_dadb3738__pptx	pptx	slides	slides/chartset-011/pptx/098_Leaning_Cards_Process_dadb3738.pptx	3	0	0.00				0
97936__pptx	pptx	slides	slides/done-003/pptx/97936.pptx	15	0	0.00				0
002_10-Point_Dual_Hub_Comparison_4ee242c9__pptx	pptx	slides	slides/chartset-010/pptx/002_10-Point_Dual_Hub_Comparison_4ee242c9.pptx	3	0	0.00				0
013_3-Step_Segmented_Cycle_Process_5232f82d__pptx	pptx	slides	slides/chartset-012/pptx/013_3-Step_Segmented_Cycle_Process_5232f82d.pptx	3	0	0.00				0
0335fab9-79f0-4944-b92c-f223837ca2d8__ppt	ppt	slides	slides/done-004/ppt/0335fab9-79f0-4944-b92c-f223837ca2d8.ppt	12	0	0.00				0
041_Crosswise_Quadrant_Diagram_ea8bdf52__pptx	pptx	slides	slides/chartset-010/pptx/041_Crosswise_Quadrant_Diagram_ea8bdf52.pptx	3	0	0.00				0
067_Free_PowerPoint_Layered_Funnel_Process_4_Stages_4deb9647__pptx	pptx	slides	slides/chartset-012/pptx/067_Free_PowerPoint_Layered_Funnel_Process_4_Stages_4deb9647.pptx	4	0	0.00				0
DOE Interactive Exercise Presentation draft rev 2__pptx	pptx	slides	slides/done-004/pptx/DOE Interactive Exercise Presentation draft rev 2.pptx	10	0	0.00				0
048_Five-Arrows_Converging_Cycle_bb192e27__pptx	pptx	slides	slides/chartset-010/pptx/048_Five-Arrows_Converging_Cycle_bb192e27.pptx	3	0	0.00				0
080_Infographic_Cycle_Venn_Diagram_for_PowerPoint_2e3cdb7f__pptx	pptx	slides	slides/chartset-012/pptx/080_Infographic_Cycle_Venn_Diagram_for_PowerPoint_2e3cdb7f.pptx	3	0	0.00				0
Session 21- The option to expand & abandon__pptx	pptx	slides	slides/done-004/pptx/Session 21- The option to expand & abandon.pptx	12	0	0.00				0
095_Interwoven_Bars_e5aa46c2__pptx	pptx	slides	slides/chartset-010/pptx/095_Interwoven_Bars_e5aa46c2.pptx	3	0	0.00				0
016_4-Position_Org_Chart_1d3640b6__pptx	pptx	slides	slides/chartset-013/pptx/016_4-Position_Org_Chart_1d3640b6.pptx	3	0	0.00				0
034_Central_Idea_Hub_Diagram_8258e6ad__pptx	pptx	slides	slides/chartset-011/pptx/034_Central_Idea_Hub_Diagram_8258e6ad.pptx	3	0	0.00				0
049_Five-Block_Hub_Spoke_42ee8593__pptx	pptx	slides	slides/chartset-013/pptx/049_Five-Block_Hub_Spoke_42ee8593.pptx	3	0	0.00				0
053_Flow_Wave_Process_9c0082f4__pptx	pptx	slides	slides/chartset-011/pptx/053_Flow_Wave_Process_9c0082f4.pptx	3	0	0.00				0
066_Free_PowerPoint_Layered_Funnel_Process_c0b380ec__pptx	pptx	slides	slides/chartset-013/pptx/066_Free_PowerPoint_Layered_Funnel_Process_c0b380ec.pptx	5	0	0.00				0
097_Labeled_Organization_Chart_for_PowerPoint_and_Google_Slides_f24fa592__pptx	pptx	slides	slides/chartset-011/pptx/097_Labeled_Organization_Chart_for_PowerPoint_and_Google_Slides_f24fa592.pptx	3	0	0.00				0
019_4-Step_Segmented_Cycle_Process_2ff93c19__pptx	pptx	slides	slides/chartset-014/pptx/019_4-Step_Segmented_Cycle_Process_2ff93c19.pptx	3	0	0.00				0
redac-fullComm-201705-EE-FRs-briefing__pptx	pptx	slides	slides/done-004/pptx/redac-fullComm-201705-EE-FRs-briefing.pptx	8	0	0.00				0
008_3-Circle_Venn_Diagram_024a12c5__pptx	pptx	slides	slides/chartset-012/pptx/008_3-Circle_Venn_Diagram_024a12c5.pptx	3	0	0.00				0
029_8-Step_Neumorphic_Cycle_Diagram_b9b75044__pptx	pptx	slides	slides/chartset-014/pptx/029_8-Step_Neumorphic_Cycle_Diagram_b9b75044.pptx	3	0	0.00				0
064_Four-Step_Success_Cycle_30c0a917__pptx	pptx	slides	slides/chartset-012/pptx/064_Four-Step_Success_Cycle_30c0a917.pptx	3	0	0.00				0
pods05__ppt	ppt	slides	slides/done-005/ppt/pods05.ppt	60	0	0.00				0
081_Infographic_Funnel_w_3_Stages_for_PowerPoint_28e26b31__pptx	pptx	slides	slides/chartset-014/pptx/081_Infographic_Funnel_w_3_Stages_for_PowerPoint_28e26b31.pptx	3	0	0.00				0
074_Hashtag_Matrix_246eb8d9__pptx	pptx	slides	slides/chartset-012/pptx/074_Hashtag_Matrix_246eb8d9.pptx	3	0	0.00				0
ANG C-1 ATC-TO Core Program - HF REDAC briefing September 7 2016__pptx	pptx	slides	slides/done-005/pptx/ANG C-1 ATC-TO Core Program - HF REDAC briefing September 7 2016.pptx	19	0	0.00				0
086_Infographic_Org_Chart_for_PowerPoint_6_Blocks_f9086d83__pptx	pptx	slides	slides/chartset-014/pptx/086_Infographic_Org_Chart_for_PowerPoint_6_Blocks_f9086d83.pptx	3	0	0.00				0
014_3D_Radial_Block_List_for_PowerPoint_and_Google_Slides_0773075e__pptx	pptx	slides	slides/chartset-013/pptx/014_3D_Radial_Block_List_for_PowerPoint_and_Google_Slides_0773075e.pptx	3	0	0.00				0
wells08_basic__ppt	ppt	slides	slides/done-001/ppt/wells08_basic.ppt	27	0	0.00				0
032_BCG_Growth-Share_Matrix_560d0485__pptx	pptx	slides	slides/chartset-013/pptx/032_BCG_Growth-Share_Matrix_560d0485.pptx	3	0	0.00				0
Definitions commodity chains__pptx	pptx	slides	slides/done-001/pptx/Definitions commodity chains.pptx	4	0	0.00				0
fishbone-diagram-template-ppt-1__pptx	pptx	slides	slides/done-001/pptx/fishbone-diagram-template-ppt-1.pptx	1	0	0.00				0
c_291533__pptx	pptx	slides	slides/done-005/pptx/c_291533.pptx	19	0	0.00				0
056_Four-Block_Hub_Spoke_134b89d1__pptx	pptx	slides	slides/chartset-013/pptx/056_Four-Block_Hub_Spoke_134b89d1.pptx	3	0	0.00				0
gfopportunitiesforlinkagespres_2010_en__ppt	ppt	slides	slides/done-002/ppt/gfopportunitiesforlinkagespres_2010_en.ppt	27	0	0.00				0
ws_prod-g-doc-Events-r-6.-ESM__ppt	ppt	slides	slides/done-006/ppt/ws_prod-g-doc-Events-r-6.-ESM.ppt	25	0	0.00				0
088_Infographic_Quadrant_Pie_Chart_7b1e8abd__pptx	pptx	slides	slides/chartset-013/pptx/088_Infographic_Quadrant_Pie_Chart_7b1e8abd.pptx	3	0	0.00				0
ws_prod-g-doc-Events-2007-november-IACA-presentation-at-EASA-Fuel-Tank-Safety-Training-Seminar__ppt	ppt	slides	slides/done-002/ppt/ws_prod-g-doc-Events-2007-november-IACA-presentation-at-EASA-Fuel-Tank-Safety-Training-Seminar.ppt	10	0	0.00				0
024_5-Step_Segmented_Cycle_Process_c8ca37ef__pptx	pptx	slides	slides/chartset-014/pptx/024_5-Step_Segmented_Cycle_Process_c8ca37ef.pptx	3	0	0.00				0
REDAC HF briefing Sep 2016_LARD_ATC_TO_FE_v2__pptx	pptx	slides	slides/done-006/pptx/REDAC HF briefing Sep 2016_LARD_ATC_TO_FE_v2.pptx	18	0	0.00				0
059_Four-Part_Concept_Puzzle_30cea7e5__pptx	pptx	slides	slides/chartset-014/pptx/059_Four-Part_Concept_Puzzle_30cea7e5.pptx	6	0	0.00				0
dhs-293364__pptx	pptx	slides	slides/done-002/pptx/dhs-293364.pptx	39	0	0.00				0
nabiyeleul_1_aviation_service_28_july_2020__pptx	pptx	slides	slides/done-006/pptx/nabiyeleul_1_aviation_service_28_july_2020.pptx	9	0	0.00				0
010605Vul__ppt	ppt	slides	slides/done-003/ppt/010605Vul.ppt	21	0	0.00				0
085_Infographic_Org_Chart_for_PowerPoint_5_Blocks_3870252f__pptx	pptx	slides	slides/chartset-014/pptx/085_Infographic_Org_Chart_for_PowerPoint_5_Blocks_3870252f.pptx	3	0	0.00				0
1-secretariat__ppt	ppt	slides	slides/done-007/ppt/1-secretariat.ppt	10	0	0.00				0
policy-pesentation__ppt	ppt	slides	slides/done-001/ppt/policy-pesentation.ppt	16	0	0.00				0
ws_prod-g-doc-Events-2007-Privileges__ppt	ppt	slides	slides/done-003/ppt/ws_prod-g-doc-Events-2007-Privileges.ppt	15	0	0.00				0
02_REDAC_New ATM briefing _March 2017v2__pptx	pptx	slides	slides/done-003/pptx/02_REDAC_New ATM briefing _March 2017v2.pptx	6	0	0.00				0
BMFE-06-03 (Gerflor) Smoke Density and Toxicity__pptx	pptx	slides	slides/done-001/pptx/BMFE-06-03 (Gerflor) Smoke Density and Toxicity.pptx	6	0	0.00				0
Trust Fund Excise Taxes Structure__pptx	pptx	slides	slides/done-001/pptx/Trust Fund Excise Taxes Structure.pptx	1	0	0.00				0
ev122_jj-liew-tort-of-bribery-webinar__pptx	pptx	slides	slides/done-003/pptx/ev122_jj-liew-tort-of-bribery-webinar.pptx	24	0	0.00				0
ws_prod-g-doc-Events-industrymeeting18112004-European-Safety-Strategy-Initiative__ppt	ppt	slides	slides/done-004/ppt/ws_prod-g-doc-Events-industrymeeting18112004-European-Safety-Strategy-Initiative.ppt	10	0	0.00				0
joint_user_outcomes_michael_fullerton_29.06.12__ppt	ppt	slides	slides/done-007/ppt/joint_user_outcomes_michael_fullerton_29.06.12.ppt	20	0	0.00				0
080214-Intl-pol-frameworks-and-their-implications-for-Africa-ISS-workshop__ppt	ppt	slides	slides/done-002/ppt/080214-Intl-pol-frameworks-and-their-implications-for-Africa-ISS-workshop.ppt	18	0	0.00				0
Liturgical-Commission-2025-Convention-Presentation__pptx	pptx	slides	slides/done-004/pptx/Liturgical-Commission-2025-Convention-Presentation.pptx	9	0	0.00				0
Boeing 737 Max - Group 5__pptx	pptx	slides	slides/done-007/pptx/Boeing 737 Max - Group 5.pptx	2	0	0.00				0
ws_prod-g-doc-Events-2007-may-presentation-PtF-background-+-principles__ppt	ppt	slides	slides/done-002/ppt/ws_prod-g-doc-Events-2007-may-presentation-PtF-background-+-principles.ppt	20	0	0.00				0
Curriculum-Schematic-E22-11052025__pptx	pptx	slides	slides/done-002/pptx/Curriculum-Schematic-E22-11052025.pptx	12	0	0.00				0
flying-by-numbers-presentation__pptx	pptx	slides	slides/done-007/pptx/flying-by-numbers-presentation.pptx	10	0	0.00				0
ghgp-supply-chain-initiative_20100323_wri__pptx	pptx	slides	slides/done-004/pptx/ghgp-supply-chain-initiative_20100323_wri.pptx	52	0	0.00				0
medicines_bulletin_february_2023_final__pptx	pptx	slides	slides/done-002/pptx/medicines_bulletin_february_2023_final.pptx	1	0	0.00				0
Framing Europe__ppt	ppt	slides	slides/done-008/ppt/Framing Europe.ppt	24	0	0.00				0
outlook_of_nigerian_pension_sector__ppt	ppt	slides	slides/done-003/ppt/outlook_of_nigerian_pension_sector.ppt	12	0	0.00				0
AATF-Fact-Sheet-2025__pptx	pptx	slides	slides/done-008/pptx/AATF-Fact-Sheet-2025.pptx	9	0	0.00				0
ws_prod-g-doc-Events-2007-september-MDM.032-(ENGLISH)-CZ__ppt	ppt	slides	slides/done-003/ppt/ws_prod-g-doc-Events-2007-september-MDM.032-(ENGLISH)-CZ.ppt	38	0	0.00				0
ROK-PI Climate Bulletin - Edition 2017-06__pptx	pptx	slides	slides/done-008/pptx/ROK-PI Climate Bulletin - Edition 2017-06.pptx	2	0	0.00				0
berlin__ppt	ppt	slides	slides/done-005/ppt/berlin.ppt	29	0	0.00				0
NCW-2024-Guide-__pptx	pptx	slides	slides/done-003/pptx/NCW-2024-Guide-.pptx	1	0	0.00				0
Employment-Based_I-485__ppt	ppt	slides	slides/done-009/ppt/Employment-Based_I-485.ppt	42	0	0.00				0
5b_upasana_dasgupta_-_liability_and_registration__pptx	pptx	slides	slides/done-005/pptx/5b_upasana_dasgupta_-_liability_and_registration.pptx	15	0	0.00				0
undp_presentation_revised_17_may__ppt	ppt	slides	slides/done-004/ppt/undp_presentation_revised_17_may.ppt	22	0	0.00				0
Item 6b - UNSD - Dissemination through APIs__pptx	pptx	slides	slides/done-004/pptx/Item 6b - UNSD - Dissemination through APIs.pptx	10	0	0.00				0
COMSTAC_11_5_2021am_2__pptx	pptx	slides	slides/done-009/pptx/COMSTAC_11_5_2021am_2.pptx	39	0	0.00				0
attendance-updates-for-governors__pptx	pptx	slides	slides/done-004/pptx/attendance-updates-for-governors.pptx	30	0	0.00				0
NAS-Infrastructure-Roadmaps-Weather__pptx	pptx	slides	slides/done-005/pptx/NAS-Infrastructure-Roadmaps-Weather.pptx	11	0	0.00				0
[Christophe]NLP_reseau_inge_stat__pptx	pptx	slides	slides/done-009/pptx/[Christophe]NLP_reseau_inge_stat.pptx	17	0	0.00				0
ITE106-Chapter 4__ppt	ppt	slides	slides/done-005/ppt/ITE106-Chapter 4.ppt	47	0	0.00				0
Lepore__ppt	ppt	slides	slides/done-006/ppt/Lepore.ppt	20	0	0.00				0
BUS-Chapter 05__ppt	ppt	slides	slides/done-010/ppt/BUS-Chapter 05.ppt	50	0	0.00				0
ws_prod-g-doc-Events-industrymeeting18112004-Aercap__ppt	ppt	slides	slides/done-005/ppt/ws_prod-g-doc-Events-industrymeeting18112004-Aercap.ppt	12	0	0.00				0
DoIRD Meeting 16JAN14 v1-1__pptx	pptx	slides	slides/done-010/pptx/DoIRD Meeting 16JAN14 v1-1.pptx	15	0	0.00				0
Ensemble-pour-l-amelioration-de-la-securite-de-lac-AIRBUS__pptx	pptx	slides	slides/done-006/pptx/Ensemble-pour-l-amelioration-de-la-securite-de-lac-AIRBUS.pptx	9	0	0.00				0
iris07.12.12__pptx	pptx	slides	slides/done-006/pptx/iris07.12.12.pptx	21	0	0.00				0
NAS-Infrastructure-Roadmaps-HSI__pptx	pptx	slides	slides/done-005/pptx/NAS-Infrastructure-Roadmaps-HSI.pptx	9	0	0.00				0
Sector_Skills_Insights_Advanced_Manufacturing_summary_slide_pack__pptx	pptx	slides	slides/done-010/pptx/Sector_Skills_Insights_Advanced_Manufacturing_summary_slide_pack.pptx	24	0	0.00				0
wopanets-innovationdays-06-16__pptx	pptx	slides	slides/done-006/pptx/wopanets-innovationdays-06-16.pptx	15	0	0.00				0
manufacturing_process_simulation_working_group_overview_2023__pptx	pptx	slides	slides/done-005/pptx/manufacturing_process_simulation_working_group_overview_2023.pptx	7	0	0.00				0
introduction_to_bea_tuxedo__ppt	ppt	slides	slides/done-007/ppt/introduction_to_bea_tuxedo.ppt	40	0	0.00				0
Course Selection 2025-26 Current Grade 09__pptx	pptx	slides	slides/done-006/pptx/Course Selection 2025-26 Current Grade 09.pptx	10	0	0.00				0
BHCA Part II webinar #2 - 10.2020__pptx	pptx	slides	slides/done-007/pptx/BHCA Part II webinar #2 - 10.2020.pptx	21	0	0.00				0
Stakeholders-v08052017 - v5__pptx	pptx	slides	slides/done-006/pptx/Stakeholders-v08052017 - v5.pptx	13	0	0.00				0
bitesize-writing-a-report__pptx	pptx	slides	slides/done-007/pptx/bitesize-writing-a-report.pptx	15	0	0.00				0
social-media-app-bulletin-january__pptx	pptx	slides	slides/done-006/pptx/social-media-app-bulletin-january.pptx	4	0	0.00				0
section_1_our_rights_presentation__pptx	pptx	slides	slides/done-010/pptx/section_1_our_rights_presentation.pptx	30	0	0.00				0
71393_pp7__ppt	ppt	slides	slides/done-007/ppt/71393_pp7.ppt	39	0	0.00				0
EG1_dsrc tech__ppt	ppt	slides	slides/done-008/ppt/EG1_dsrc tech.ppt	26	0	0.00				0
23-session-2-pptx__pptx	pptx	slides	slides/done-011/pptx/23-session-2-pptx.pptx	16	0	0.00				0
concepts-surrounding-cloud-computing-carolyn-kranz-and-rich-prem-gb-seattle-2011__ppt	ppt	slides	slides/done-008/ppt/concepts-surrounding-cloud-computing-carolyn-kranz-and-rich-prem-gb-seattle-2011.ppt	36	0	0.00				0
B2B-Center-Readiness-and-Student-Retention__pptx	pptx	slides	slides/done-011/pptx/B2B-Center-Readiness-and-Student-Retention.pptx	33	0	0.00				0
G-InvoicingKeithJarboe__pptx	pptx	slides	slides/done-008/pptx/G-InvoicingKeithJarboe.pptx	13	0	0.00				0
Airport Planning 09112013__ppt	ppt	slides	slides/done-009/ppt/Airport Planning 09112013.ppt	9	0	0.00				0
_1___Opatrny_Ales_United_Kingdom_business_opportunities_final__pptx	pptx	slides	slides/done-011/pptx/_1___Opatrny_Ales_United_Kingdom_business_opportunities_final.pptx	25	0	0.00				0
10. Drawings, circuit diagrams and schematics__pptx	pptx	slides	slides/done-007/pptx/10. Drawings, circuit diagrams and schematics.pptx	23	0	0.00				0
gillikin_online_user_mtg_2010__ppt	ppt	slides	slides/done-012/ppt/gillikin_online_user_mtg_2010.ppt	40	0	0.00				0
PAL Block Intro 2023__pptx	pptx	slides	slides/done-007/pptx/PAL Block Intro 2023.pptx	20	0	0.00				0
30-04-2021 merged NDoH and NICD_Presentation HBV BD meeting 05May2021_1__pptx	pptx	slides	slides/done-009/pptx/30-04-2021 merged NDoH and NICD_Presentation HBV BD meeting 05May2021_1.pptx	18	0	0.00				0
8.16_AOD_FINAL_Provider_Training_Presentation_9_2009__ppt	ppt	slides	slides/done-008/ppt/8.16_AOD_FINAL_Provider_Training_Presentation_9_2009.ppt	94	0	0.00				0
HENTZEN_COMPOSITE_MATERIALS_IN_THE_AEROSPACE_INDUSTRY__pptx	pptx	slides	slides/done-009/pptx/HENTZEN_COMPOSITE_MATERIALS_IN_THE_AEROSPACE_INDUSTRY.pptx	12	0	0.00				0
RESPA_-_Section_8_Webinar__ppt	ppt	slides	slides/done-008/ppt/RESPA_-_Section_8_Webinar.ppt	35	0	0.00				0
Intersil_Italy_CAN_Bus_Transceiver_Presentation_Final__pptx	pptx	slides	slides/done-012/pptx/Intersil_Italy_CAN_Bus_Transceiver_Presentation_Final.pptx	39	0	0.00				0
redac-sas-201403-ppt-portfolio-rev-sim__pptx	pptx	slides	slides/done-009/pptx/redac-sas-201403-ppt-portfolio-rev-sim.pptx	14	0	0.00				0
Sean Monogue__pptx	pptx	slides	slides/done-012/pptx/Sean Monogue.pptx	15	0	0.00				0
Copy of Full deck with references Promotion of Outside Interests at Work final(1)__pptx	pptx	slides	slides/done-010/pptx/Copy of Full deck with references Promotion of Outside Interests at Work final(1).pptx	33	0	0.00				0
REDAC Briefing_SSIT_CARA_08132014.ppt__pptx	pptx	slides	slides/done-010/pptx/REDAC Briefing_SSIT_CARA_08132014.ppt.pptx	14	0	0.00				0
2015-Civil-Rights-Website-training__ppt	ppt	slides	slides/done-013/ppt/2015-Civil-Rights-Website-training.ppt	94	0	0.00				0
ws_prod-g-doc-Events-2008-February-5-NATO-activities__ppt	ppt	slides	slides/done-013/ppt/ws_prod-g-doc-Events-2008-February-5-NATO-activities.ppt	13	0	0.00				0
passiv__pptx	pptx	slides	slides/done-010/pptx/passiv.pptx	21	0	0.00				0
Structural Testing__pptx	pptx	slides	slides/done-013/pptx/Structural Testing.pptx	89	0	0.00				0
1_Country-Updates_DRC_English__pptx	pptx	slides	slides/done-011/pptx/1_Country-Updates_DRC_English.pptx	16	0	0.00				0
3495__pptx	pptx	slides	slides/done-011/pptx/3495.pptx	26	0	0.00				0
schematicplaymar21__pptx	pptx	slides	slides/done-013/pptx/schematicplaymar21.pptx	21	0	0.00				0
Session-1-Presentation-Reporting-Forms-Form-12-final__pptx	pptx	slides	slides/done-011/pptx/Session-1-Presentation-Reporting-Forms-Form-12-final.pptx	15	0	0.00				0
FIT26-Presentation-Airservices-Update__pptx	pptx	slides	slides/done-008/pptx/FIT26-Presentation-Airservices-Update.pptx	11	0	0.00				0
JesuitAssocOfStudentPersonnel__ppt	ppt	slides	slides/done-012/ppt/JesuitAssocOfStudentPersonnel.ppt	31	0	0.00				0
item_3-environmental_process_briefing__pptx	pptx	slides	slides/done-008/pptx/item_3-environmental_process_briefing.pptx	12	0	0.00				0
iep-amount-frequency-for-webinar__ppt	ppt	slides	slides/done-009/ppt/iep-amount-frequency-for-webinar.ppt	39	0	0.00				0
FIT26-Presentation-PR-Briefing-Debrief-Airbus__pptx	pptx	slides	slides/done-009/pptx/FIT26-Presentation-PR-Briefing-Debrief-Airbus.pptx	9	0	0.00				0
airbus-powerpoint-presentation-2019-20-without-video_diy_2019-20__pptx	pptx	slides	slides/done-009/pptx/airbus-powerpoint-presentation-2019-20-without-video_diy_2019-20.pptx	38	0	0.00				0
County ACHS Presentaion Webinar 8-16-16 Peg__pptx	pptx	slides	slides/done-012/pptx/County ACHS Presentaion Webinar 8-16-16 Peg.pptx	26	0	0.00				0
BasicMed_AME_Presentation__pptx	pptx	slides	slides/done-010/pptx/BasicMed_AME_Presentation.pptx	18	0	0.00				0
John_Broggio__RSS_Campion_event_John_Broggio__pptx	pptx	slides	slides/done-010/pptx/John_Broggio__RSS_Campion_event_John_Broggio.pptx	25	0	0.00				0
SRDMG(16)024_60 GHz onboard airplanes__pptx	pptx	slides	slides/done-012/pptx/SRDMG(16)024_60 GHz onboard airplanes.pptx	26	0	0.00				0
Tax factsheet 2022 (1)__pptx	pptx	slides	slides/done-010/pptx/Tax factsheet 2022 (1).pptx	27	0	0.00				0
vvsummit2022-SAIC-PRESENTATION__pptx	pptx	slides	slides/done-012/pptx/vvsummit2022-SAIC-PRESENTATION.pptx	19	0	0.00				0
171128IPAP__pptx	pptx	slides	slides/done-011/pptx/171128IPAP.pptx	40	0	0.00				0
hofman__ppt	ppt	slides	slides/done-013/ppt/hofman.ppt	13	0	0.00				0
3492__pptx	pptx	slides	slides/done-011/pptx/3492.pptx	22	0	0.00				0
Reporting_responsibilities_matrix__pptx	pptx	slides	slides/done-014/pptx/Reporting_responsibilities_matrix.pptx	268	0	0.00				0
redac-nasops-201503-RIRP-portfolio-update__pptx	pptx	slides	slides/done-014/pptx/redac-nasops-201503-RIRP-portfolio-update.pptx	46	0	0.00				0
PRM_training__pptx	pptx	slides	slides/done-013/pptx/PRM_training.pptx	22	0	0.00				0
redac-sas-201703-hf-research-division__pptx	pptx	slides	slides/done-013/pptx/redac-sas-201703-hf-research-division.pptx	13	0	0.00				0
Presentation - Identify Components of the Airport (1)__pptx	pptx	slides	slides/done-014/pptx/Presentation - Identify Components of the Airport (1).pptx	12	0	0.00				0
Technical_Report_Elements[1]__pptx	pptx	slides	slides/done-014/pptx/Technical_Report_Elements[1].pptx	39	0	0.00				0
schematicplay__pptx	pptx	slides	slides/done-014/pptx/schematicplay.pptx	21	0	0.00				0
Architecture__ppt	ppt	slides	slides/done-015/ppt/Architecture.ppt	29	0	0.00				0
NAS-Infrastructure-Roadmaps-v16.0__pptx	pptx	slides	slides/done-011/pptx/NAS-Infrastructure-Roadmaps-v16.0.pptx	137	0	0.00				0
servicedesk-plus-overviewfinal__pptx	pptx	slides	slides/done-014/pptx/servicedesk-plus-overviewfinal.pptx	66	0	0.00				0
order-of-worship-ppt-revised-2018__pptx	pptx	slides	slides/done-011/pptx/order-of-worship-ppt-revised-2018.pptx	28	0	0.00				0
Wildlife for REDAC September 11__pptx	pptx	slides	slides/done-015/pptx/Wildlife for REDAC September 11.pptx	41	0	0.00				0
1200-Assigning-Club-officers__pptx	pptx	slides	slides/done-015/pptx/1200-Assigning-Club-officers.pptx	16	0	0.00				0
NWD-GLA-Community-Outreach-Day-Oct-2025__pptx	pptx	slides	slides/missing-001/pptx/NWD-GLA-Community-Outreach-Day-Oct-2025.pptx	13	0	0.00				0
429_BLISc 2019 IInd Sem.  PAPER-7 UNIT 3__pptx	pptx	slides	slides/done-012/pptx/429_BLISc 2019 IInd Sem.  PAPER-7 UNIT 3.pptx	20	0	0.00				0
AW-104D-RVSM-Aircraft-Approval-Checklist.pdf__docx	docx	words	words/ceiling-001/docx/AW-104D-RVSM-Aircraft-Approval-Checklist.pdf.docx	2	0	0.00				0
014_advanced_word_chart_report__docx	docx	words	words/chartset-001/docx/014_advanced_word_chart_report.docx	1	0	0.00				0
032_advanced_word_chart_report__docx	docx	words	words/chartset-001/docx/032_advanced_word_chart_report.docx	1	0	0.00				0
REDAC briefing March12-13-2014jemvbFINAL.ppt__pptx	pptx	slides	slides/done-012/pptx/REDAC briefing March12-13-2014jemvbFINAL.ppt.pptx	25	0	0.00				0
pie-chart-result__docx	docx	words	words/chartset-001/docx/pie-chart-result.docx	1	0	0.00				0
006_advanced_word_chart_report__docx	docx	words	words/chartset-002/docx/006_advanced_word_chart_report.docx	1	0	0.00				0
vv_summit_SAIC-PRESENTATION_FAA-V&V-Summit_508c__pptx	pptx	slides	slides/done-012/pptx/vv_summit_SAIC-PRESENTATION_FAA-V&V-Summit_508c.pptx	19	0	0.00				0
017_advanced_word_chart_report__docx	docx	words	words/chartset-002/docx/017_advanced_word_chart_report.docx	1	0	0.00				0
029_advanced_word_chart_report__docx	docx	words	words/chartset-002/docx/029_advanced_word_chart_report.docx	1	0	0.00				0
FAA_Form_337__ppt	ppt	slides	slides/done-013/ppt/FAA_Form_337.ppt	67	0	0.00				0
001_advanced_word_chart_report__docx	docx	words	words/chartset-003/docx/001_advanced_word_chart_report.docx	1	0	0.00				0
007_advanced_word_chart_report__docx	docx	words	words/chartset-003/docx/007_advanced_word_chart_report.docx	1	0	0.00				0
2014BSA_Sunday_Killion__pptx	pptx	slides	slides/done-013/pptx/2014BSA_Sunday_Killion.pptx	50	0	0.00				0
019_advanced_word_chart_report__docx	docx	words	words/chartset-003/docx/019_advanced_word_chart_report.docx	1	0	0.00				0
028_advanced_word_chart_report__docx	docx	words	words/chartset-003/docx/028_advanced_word_chart_report.docx	1	0	0.00				0
013_advanced_word_chart_report__docx	docx	words	words/chartset-004/docx/013_advanced_word_chart_report.docx	1	0	0.00				0
024_advanced_word_chart_report__docx	docx	words	words/chartset-004/docx/024_advanced_word_chart_report.docx	1	0	0.00				0
FAAAIandtheArtandScienceofV&Vfinal__pptx	pptx	slides	slides/extra-001/pptx/FAAAIandtheArtandScienceofV&Vfinal.pptx	30	0	0.00				0
005_Free_Genogram_Diagram_Template_Excellent_layout_f5f185d0__docx	docx	words	words/chartset-005/docx/005_Free_Genogram_Diagram_Template_Excellent_layout_f5f185d0.docx	1	0	0.00				0
053_Organogram_Template_Creative_Theme_21657a3d__docx	docx	words	words/chartset-005/docx/053_Organogram_Template_Creative_Theme_21657a3d.docx	1	0	0.00				0
084_Printable_Graph_Paper_Template_Editable_Layout_d66c6820__docx	docx	words	words/chartset-005/docx/084_Printable_Graph_Paper_Template_Editable_Layout_d66c6820.docx	1	0	0.00				0
001_Free_Genogram_Diagram_Template_Blue_and_Gray_Theme_7c9e01a7__docx	docx	words	words/chartset-006/docx/001_Free_Genogram_Diagram_Template_Blue_and_Gray_Theme_7c9e01a7.docx	1	0	0.00				0
chapter_4_0__pptx	pptx	slides	slides/done-013/pptx/chapter_4_0.pptx	54	0	0.00				0
057_Organogram_Template_Vertical_Colorful_Theme_724b143c__docx	docx	words	words/chartset-006/docx/057_Organogram_Template_Vertical_Colorful_Theme_724b143c.docx	1	0	0.00				0
002_advanced_word_chart_report__docx	docx	words	words/chartset-001/docx/002_advanced_word_chart_report.docx	1	0	0.00				0
Aerospace_Journey_of_Flight_Chapter_BCB1637572DA6__ppt	ppt	slides	slides/done-014/ppt/Aerospace_Journey_of_Flight_Chapter_BCB1637572DA6.ppt	26	0	0.00				0
088_Printable_Graph_Paper_Template_Quality_layout_33051f6e__docx	docx	words	words/chartset-006/docx/088_Printable_Graph_Paper_Template_Quality_layout_33051f6e.docx	1	0	0.00				0
020_advanced_word_chart_report__docx	docx	words	words/chartset-001/docx/020_advanced_word_chart_report.docx	1	0	0.00				0
099_Business_Case_Template_Gray_Theme_ac3edbf4__docx	docx	words	words/chartset-006/docx/099_Business_Case_Template_Gray_Theme_ac3edbf4.docx	1	0	0.00				0
clustered-column-result__docx	docx	words	words/chartset-001/docx/clustered-column-result.docx	1	0	0.00				0
025_Unit_Circle_Chart_Cos_and_Sin_Model_1ed01892__docx	docx	words	words/chartset-007/docx/025_Unit_Circle_Chart_Cos_and_Sin_Model_1ed01892.docx	1	0	0.00				0
pie-chart-template__docx	docx	words	words/chartset-001/docx/pie-chart-template.docx	1	0	0.00				0
058_Organogram_Template_With_Picture_Theme_44b79368__docx	docx	words	words/chartset-007/docx/058_Organogram_Template_With_Picture_Theme_44b79368.docx	1	0	0.00				0
011_advanced_word_chart_report__docx	docx	words	words/chartset-002/docx/011_advanced_word_chart_report.docx	1	0	0.00				0
021_advanced_word_chart_report__docx	docx	words	words/chartset-002/docx/021_advanced_word_chart_report.docx	1	0	0.00				0
089_Printable_Graph_Paper_Template_Simlpe_Format_3aff1c88__docx	docx	words	words/chartset-007/docx/089_Printable_Graph_Paper_Template_Simlpe_Format_3aff1c88.docx	1	0	0.00				0
030_advanced_word_chart_report__docx	docx	words	words/chartset-002/docx/030_advanced_word_chart_report.docx	1	0	0.00				0
Snowbirds_High_Show__pptx	pptx	slides	slides/done-014/pptx/Snowbirds_High_Show.pptx	41	0	0.00				0
006_Free_Genogram_Diagram_Template_Fillable_Format_7ca08541__docx	docx	words	words/chartset-008/docx/006_Free_Genogram_Diagram_Template_Fillable_Format_7ca08541.docx	1	0	0.00				0
003_advanced_word_chart_report__docx	docx	words	words/chartset-003/docx/003_advanced_word_chart_report.docx	1	0	0.00				0
016_Project_Timeline_Template_Complete_Guide_7d36d09c__docx	docx	words	words/chartset-008/docx/016_Project_Timeline_Template_Complete_Guide_7d36d09c.docx	1	0	0.00				0
009_advanced_word_chart_report__docx	docx	words	words/chartset-003/docx/009_advanced_word_chart_report.docx	1	0	0.00				0
092_Business_Case_Template_Convenient_Format_00786cce__docx	docx	words	words/chartset-008/docx/092_Business_Case_Template_Convenient_Format_00786cce.docx	7	0	0.00				0
025_advanced_word_chart_report__docx	docx	words	words/chartset-003/docx/025_advanced_word_chart_report.docx	1	0	0.00				0
007_Free_Genogram_Diagram_Template_Green_and_Purple_Theme_8d2ba829__docx	docx	words	words/chartset-009/docx/007_Free_Genogram_Diagram_Template_Green_and_Purple_Theme_8d2ba829.docx	1	0	0.00				0
010_advanced_word_chart_report__docx	docx	words	words/chartset-004/docx/010_advanced_word_chart_report.docx	1	0	0.00				0
redac-sas-201509-asisp-research__pptx	pptx	slides	slides/done-014/pptx/redac-sas-201509-asisp-research.pptx	45	0	0.00				0
018_advanced_word_chart_report__docx	docx	words	words/chartset-004/docx/018_advanced_word_chart_report.docx	1	0	0.00				0
027_Unit_Circle_Chart_Graphical_Chart_5462a579__docx	docx	words	words/chartset-009/docx/027_Unit_Circle_Chart_Graphical_Chart_5462a579.docx	1	0	0.00				0
031_advanced_word_chart_report__docx	docx	words	words/chartset-004/docx/031_advanced_word_chart_report.docx	1	0	0.00				0
041_Visual_Product_Roadmap_Template_Blank_Format_63a3e010__docx	docx	words	words/chartset-009/docx/041_Visual_Product_Roadmap_Template_Blank_Format_63a3e010.docx	1	0	0.00				0
036_Venn_Diagram_Template_Fillable_Layout_3ffbba36__docx	docx	words	words/chartset-005/docx/036_Venn_Diagram_Template_Fillable_Layout_3ffbba36.docx	1	0	0.00				0
054_Organogram_Template_Grey_Vertical_Theme_b2dbd9a8__docx	docx	words	words/chartset-005/docx/054_Organogram_Template_Grey_Vertical_Theme_b2dbd9a8.docx	1	0	0.00				0
082_Printable_Graph_Paper_Template_Colored_Background_9092cf9b__docx	docx	words	words/chartset-009/docx/082_Printable_Graph_Paper_Template_Colored_Background_9092cf9b.docx	1	0	0.00				0
085_Printable_Graph_Paper_Template_Excellent_Format_4bcae89a__docx	docx	words	words/chartset-005/docx/085_Printable_Graph_Paper_Template_Excellent_Format_4bcae89a.docx	1	0	0.00				0
026_Unit_Circle_Chart_Four_Quadrants_09bf3ed1__docx	docx	words	words/chartset-010/docx/026_Unit_Circle_Chart_Four_Quadrants_09bf3ed1.docx	1	0	0.00				0
002_Free_Genogram_Diagram_Template_Customizable_Format_2219584b__docx	docx	words	words/chartset-006/docx/002_Free_Genogram_Diagram_Template_Customizable_Format_2219584b.docx	1	0	0.00				0
051_Organogram_Template_Basic_Theme_e6464d06__docx	docx	words	words/chartset-010/docx/051_Organogram_Template_Basic_Theme_e6464d06.docx	1	0	0.00				0
067_Work_Breakdown_Structure_Template_Gray_Theme_89f8be8b__docx	docx	words	words/chartset-010/docx/067_Work_Breakdown_Structure_Template_Gray_Theme_89f8be8b.docx	1	0	0.00				0
022_Unit_Circle_Chart_Circle_A_and_B_19dbf275__docx	docx	words	words/chartset-011/docx/022_Unit_Circle_Chart_Circle_A_and_B_19dbf275.docx	1	0	0.00				0
081_Printable_Graph_Paper_Template_Blue_Theme_629316cb__docx	docx	words	words/chartset-006/docx/081_Printable_Graph_Paper_Template_Blue_Theme_629316cb.docx	1	0	0.00				0
040_Venn_Diagram_Template_Three_Circle_80f32f5e__docx	docx	words	words/chartset-011/docx/040_Venn_Diagram_Template_Three_Circle_80f32f5e.docx	1	0	0.00				0
093_Business_Case_Template_Customizable_Layout_510c25e7__docx	docx	words	words/chartset-006/docx/093_Business_Case_Template_Customizable_Layout_510c25e7.docx	1	0	0.00				0
064_Foot_Reflexology_Chart_Customizable_Format_79b7db06__docx	docx	words	words/chartset-011/docx/064_Foot_Reflexology_Chart_Customizable_Format_79b7db06.docx	1	0	0.00				0
009_Free_Genogram_Diagram_Template_Handy_Format_4bb900f0__docx	docx	words	words/chartset-007/docx/009_Free_Genogram_Diagram_Template_Handy_Format_4bb900f0.docx	1	0	0.00				0
034_Venn_Diagram_Template_Customizable_Format_d14642b7__docx	docx	words	words/chartset-007/docx/034_Venn_Diagram_Template_Customizable_Format_d14642b7.docx	1	0	0.00				0
008_Free_Genogram_Diagram_Template_Green_and_Yellow_Theme_9017c1a8__docx	docx	words	words/chartset-012/docx/008_Free_Genogram_Diagram_Template_Green_and_Yellow_Theme_9017c1a8.docx	1	0	0.00				0
074_Storyboard_Template_Editable_Design_132436d1__docx	docx	words	words/chartset-007/docx/074_Storyboard_Template_Editable_Design_132436d1.docx	1	0	0.00				0
024_Unit_Circle_Chart_Colorful_Circles_7c92601e__docx	docx	words	words/chartset-012/docx/024_Unit_Circle_Chart_Colorful_Circles_7c92601e.docx	1	0	0.00				0
094_Business_Case_Template_Decent_Layout_e7722f2b__docx	docx	words	words/chartset-007/docx/094_Business_Case_Template_Decent_Layout_e7722f2b.docx	1	0	0.00				0
050_Visual_Product_Roadmap_Template_Yellow_and_Blue_Theme_49b50744__docx	docx	words	words/chartset-012/docx/050_Visual_Product_Roadmap_Template_Yellow_and_Blue_Theme_49b50744.docx	1	0	0.00				0
010_Free_Genogram_Diagram_Template_Yellow_Theme_6ee4f818__docx	docx	words	words/chartset-008/docx/010_Free_Genogram_Diagram_Template_Yellow_Theme_6ee4f818.docx	1	0	0.00				0
096_Business_Case_Template_Editable_Layout_41fe0bc0__docx	docx	words	words/chartset-012/docx/096_Business_Case_Template_Editable_Layout_41fe0bc0.docx	1	0	0.00				0
RPA P4 - Advanced Material__pptx	pptx	slides	slides/done-015/pptx/RPA P4 - Advanced Material.pptx	20	0	0.00				0
035_Venn_Diagram_Template_Editable_Format_966dff5f__docx	docx	words	words/chartset-008/docx/035_Venn_Diagram_Template_Editable_Format_966dff5f.docx	1	0	0.00				0
048_Visual_Product_Roadmap_Template_Quality_Layout_f38f7aee__docx	docx	words	words/chartset-013/docx/048_Visual_Product_Roadmap_Template_Quality_Layout_f38f7aee.docx	1	0	0.00				0
098_Business_Case_Template_Fillable_Layout_d0c5410e__docx	docx	words	words/chartset-008/docx/098_Business_Case_Template_Fillable_Layout_d0c5410e.docx	1	0	0.00				0
069_Work_Breakdown_Structure_Template_Professional_Format_1e02dce1__docx	docx	words	words/chartset-013/docx/069_Work_Breakdown_Structure_Template_Professional_Format_1e02dce1.docx	1	0	0.00				0
Ramp Up Campaign - French__pptx	pptx	slides	slides/metrics-001/pptx/Ramp Up Campaign - French.pptx	6	0	0.00				0
017_Project_Timeline_Template_Customizable_Format_5d5ca2e8__docx	docx	words	words/chartset-009/docx/017_Project_Timeline_Template_Customizable_Format_5d5ca2e8.docx	1	0	0.00				0
075_Storyboard_Template_Fillable_Format_7fa01641__docx	docx	words	words/chartset-013/docx/075_Storyboard_Template_Fillable_Format_7fa01641.docx	1	0	0.00				0
030_Unit_Circle_Chart_Points_System_23b5ef07__docx	docx	words	words/chartset-009/docx/030_Unit_Circle_Chart_Points_System_23b5ef07.docx	1	0	0.00				0
014_Project_Timeline_Template_Blue_and_Green_Theme_a8311fa1__docx	docx	words	words/chartset-014/docx/014_Project_Timeline_Template_Blue_and_Green_Theme_a8311fa1.docx	1	0	0.00				0
042_Visual_Product_Roadmap_Template_Colored_Background_89385cfb__docx	docx	words	words/chartset-009/docx/042_Visual_Product_Roadmap_Template_Colored_Background_89385cfb.docx	1	0	0.00				0
063_Foot_Reflexology_Chart_Complete_Guide_cf5ed992__docx	docx	words	words/chartset-014/docx/063_Foot_Reflexology_Chart_Complete_Guide_cf5ed992.docx	1	0	0.00				0
008_advanced_word_chart_report__docx	docx	words	words/chartset-001/docx/008_advanced_word_chart_report.docx	1	0	0.00				0
020_Project_Timeline_Template_Modern_Theme_0c215d87__docx	docx	words	words/chartset-010/docx/020_Project_Timeline_Template_Modern_Theme_0c215d87.docx	1	0	0.00				0
076_Storyboard_Template_Gray_Theme_1e5fd5e5__docx	docx	words	words/chartset-014/docx/076_Storyboard_Template_Gray_Theme_1e5fd5e5.docx	1	0	0.00				0
026_advanced_word_chart_report__docx	docx	words	words/chartset-001/docx/026_advanced_word_chart_report.docx	1	0	0.00				0
FAA-2013-0422-0009_attachment_1__doc	doc	words	words/done-001/doc/FAA-2013-0422-0009_attachment_1.doc	7	0	0.00				0
028_Unit_Circle_Chart_Optimized_Graph_83d9c756__docx	docx	words	words/chartset-010/docx/028_Unit_Circle_Chart_Optimized_Graph_83d9c756.docx	1	0	0.00				0
advert-for-draft-decision-airbus-epr-bm3965ia-v006__doc	doc	words	words/done-001/doc/advert-for-draft-decision-airbus-epr-bm3965ia-v006.doc	2	0	0.00				0
clustered-column-template__docx	docx	words	words/chartset-001/docx/clustered-column-template.docx	1	0	0.00				0
056_Organogram_Template_Square_Theme_38f373d4__docx	docx	words	words/chartset-010/docx/056_Organogram_Template_Square_Theme_38f373d4.docx	1	0	0.00				0
Pre-Application_Letter_of_Intent_Example__docx	docx	words	words/done-001/docx/Pre-Application_Letter_of_Intent_Example.docx	1	0	0.00				0
005_advanced_word_chart_report__docx	docx	words	words/chartset-002/docx/005_advanced_word_chart_report.docx	1	0	0.00				0
090_Business_Case_Template_Blue_Theme_108ff0f1__docx	docx	words	words/chartset-010/docx/090_Business_Case_Template_Blue_Theme_108ff0f1.docx	1	0	0.00				0
private-hire-operators-licensed__docx	docx	words	words/done-001/docx/private-hire-operators-licensed.docx	2	0	0.00				0
015_advanced_word_chart_report__docx	docx	words	words/chartset-002/docx/015_advanced_word_chart_report.docx	1	0	0.00				0
029_Unit_Circle_Chart_Pie_Theme_8a922142__docx	docx	words	words/chartset-011/docx/029_Unit_Circle_Chart_Pie_Theme_8a922142.docx	1	0	0.00				0
prison-population-bulletin-june__doc	doc	words	words/done-002/doc/prison-population-bulletin-june.doc	4	0	0.00				0
023_advanced_word_chart_report__docx	docx	words	words/chartset-002/docx/023_advanced_word_chart_report.docx	1	0	0.00				0
043_Visual_Product_Roadmap_Template_Customizable_Format_ee0fe5b1__docx	docx	words	words/chartset-011/docx/043_Visual_Product_Roadmap_Template_Customizable_Format_ee0fe5b1.docx	1	0	0.00				0
FAA-High-Level-Org-Chart__docx	docx	words	words/done-002/docx/FAA-High-Level-Org-Chart.docx	3	0	0.00				0
033_advanced_word_chart_report__docx	docx	words	words/chartset-002/docx/033_advanced_word_chart_report.docx	1	0	0.00				0
065_Work_Breakdown_Structure_Template_Blue_Theme_2b207f62__docx	docx	words	words/chartset-011/docx/065_Work_Breakdown_Structure_Template_Blue_Theme_2b207f62.docx	1	0	0.00				0
lk03_17__docx	docx	words	words/done-002/docx/lk03_17.docx	2	0	0.00				0
004_advanced_word_chart_report__docx	docx	words	words/chartset-003/docx/004_advanced_word_chart_report.docx	1	0	0.00				0
96-3-clement-data__doc	doc	words	words/done-003/doc/96-3-clement-data.doc	7	0	0.00				0
013_Project_Timeline_Template_Blue_Background_4ea3475e__docx	docx	words	words/chartset-012/docx/013_Project_Timeline_Template_Blue_Background_4ea3475e.docx	1	0	0.00				0
016_advanced_word_chart_report__docx	docx	words	words/chartset-003/docx/016_advanced_word_chart_report.docx	1	0	0.00				0
Temp16__doc	doc	words	words/done-003/doc/Temp16.doc	2	0	0.00				0
031_Venn_Diagram_Template_Blue_Theme_a9e417b8__docx	docx	words	words/chartset-012/docx/031_Venn_Diagram_Template_Blue_Theme_a9e417b8.docx	1	0	0.00				0
027_advanced_word_chart_report__docx	docx	words	words/chartset-003/docx/027_advanced_word_chart_report.docx	1	0	0.00				0
DRX-Ascend System Course Description__docx	docx	words	words/done-003/docx/DRX-Ascend System Course Description.docx	2	0	0.00				0
055_Organogram_Template_Horizontal_Structure_28a7e725__docx	docx	words	words/chartset-012/docx/055_Organogram_Template_Horizontal_Structure_28a7e725.docx	1	0	0.00				0
012_advanced_word_chart_report__docx	docx	words	words/chartset-004/docx/012_advanced_word_chart_report.docx	1	0	0.00				0
07-04__doc	doc	words	words/done-004/doc/07-04.doc	3	0	0.00				0
038_Venn_Diagram_Template_Off_White_and_Blue_Theme_9dff385e__docx	docx	words	words/chartset-013/docx/038_Venn_Diagram_Template_Off_White_and_Blue_Theme_9dff385e.docx	1	0	0.00				0
opic 5--Case Studies Movie and Aviation Industries__doc	doc	words	words/done-004/doc/opic 5--Case Studies Movie and Aviation Industries.doc	5	0	0.00				0
022_advanced_word_chart_report__docx	docx	words	words/chartset-004/docx/022_advanced_word_chart_report.docx	1	0	0.00				0
059_Disease_Concept_Map_Template_4acf63f2__docx	docx	words	words/chartset-013/docx/059_Disease_Concept_Map_Template_4acf63f2.docx	1	0	0.00				0
How-to-Write-an-Architecture-Document-for-a-Technology-Service__docx	docx	words	words/done-004/docx/How-to-Write-an-Architecture-Document-for-a-Technology-Service.docx	3	0	0.00				0
003_Free_Genogram_Diagram_Template_Easy_Format_60eb6e42__docx	docx	words	words/chartset-005/docx/003_Free_Genogram_Diagram_Template_Easy_Format_60eb6e42.docx	1	0	0.00				0
072_Storyboard_Template_Colored_Theme_28524a15__docx	docx	words	words/chartset-013/docx/072_Storyboard_Template_Colored_Theme_28524a15.docx	1	0	0.00				0
Software Architecture Document Template__docx	docx	words	words/done-004/docx/Software Architecture Document Template.docx	3	0	0.00				0
052_Organogram_Template_Colorful_Flow_Chart_cba9fbfe__docx	docx	words	words/chartset-005/docx/052_Organogram_Template_Colorful_Flow_Chart_cba9fbfe.docx	1	0	0.00				0
Theft-Restitution-Letter-Vancouver-ASC-2005__doc	doc	words	words/done-005/doc/Theft-Restitution-Letter-Vancouver-ASC-2005.doc	1	0	0.00				0
091_Business_Case_Template_Complete_Guide_cb91a140__docx	docx	words	words/chartset-013/docx/091_Business_Case_Template_Complete_Guide_cb91a140.docx	5	0	0.00				0
083_Printable_Graph_Paper_Template_Customizable_Format_55ff93a3__docx	docx	words	words/chartset-005/docx/083_Printable_Graph_Paper_Template_Customizable_Format_55ff93a3.docx	1	0	0.00				0
BID_ACKNOWLEDGEMENT_FORM_FOR_A320__docx	docx	words	words/done-005/docx/BID_ACKNOWLEDGEMENT_FORM_FOR_A320.docx	2	0	0.00				0
healthcare-reform-nsa-consumer-bulletin__docx	docx	words	words/done-005/docx/healthcare-reform-nsa-consumer-bulletin.docx	4	0	0.00				0
045_Visual_Product_Roadmap_Template_Excellent_Format_e364063c__docx	docx	words	words/chartset-014/docx/045_Visual_Product_Roadmap_Template_Excellent_Format_e364063c.docx	1	0	0.00				0
087_Printable_Graph_Paper_Template_Green_Theme_0c14ea04__docx	docx	words	words/chartset-005/docx/087_Printable_Graph_Paper_Template_Green_Theme_0c14ea04.docx	2	0	0.00				0
1244277 1 Comment__doc	doc	words	words/done-006/doc/1244277 1 Comment.doc	2	0	0.00				0
070_Storyboard_Template_Blank_Format_fc41673a__docx	docx	words	words/chartset-014/docx/070_Storyboard_Template_Blank_Format_fc41673a.docx	1	0	0.00				0
033_Venn_Diagram_Template_Colored_Theme_2aea6697__docx	docx	words	words/chartset-006/docx/033_Venn_Diagram_Template_Colored_Theme_2aea6697.docx	1	0	0.00				0
Wales_Office_Quarter_4_Ministerial_Transparency_Return__doc	doc	words	words/done-006/doc/Wales_Office_Quarter_4_Ministerial_Transparency_Return.DOC	6	0	0.00				0
086_Printable_Graph_Paper_Template_Gray_Theme_7300e5d7__docx	docx	words	words/chartset-006/docx/086_Printable_Graph_Paper_Template_Gray_Theme_7300e5d7.docx	1	0	0.00				0
cacs-206-1751218225__docx	docx	words	words/done-006/docx/cacs-206-1751218225.docx	2	0	0.00				0
078_Storyboard_Template_Pink_and_Gray_Theme_ea89553f__docx	docx	words	words/chartset-014/docx/078_Storyboard_Template_Pink_and_Gray_Theme_ea89553f.docx	1	0	0.00				0
097_Business_Case_Template_Elegant_Layout_3ba9cbf2__docx	docx	words	words/chartset-006/docx/097_Business_Case_Template_Elegant_Layout_3ba9cbf2.docx	2	0	0.00				0
GLACIERBG.ETT__doc	doc	words	words/done-001/doc/GLACIERBG.ETT.doc	1	0	0.00				0
RNW167A-150428__doc	doc	words	words/done-007/doc/RNW167A-150428.doc	9	0	0.00				0
018_Project_Timeline_Template_Editable_Format_e1cf1df5__docx	docx	words	words/chartset-007/docx/018_Project_Timeline_Template_Editable_Format_e1cf1df5.docx	1	0	0.00				0
foca_form_1__doc	doc	words	words/done-001/doc/foca_form_1.doc	3	0	0.00				0
09__docx	docx	words	words/done-007/docx/09.docx	2	0	0.00				0
049_Visual_Product_Roadmap_Template_Simple_Format_4af26e4f__docx	docx	words	words/chartset-007/docx/049_Visual_Product_Roadmap_Template_Simple_Format_4af26e4f.docx	1	0	0.00				0
Sample_PAO-PSO_91-113_Letter__docx	docx	words	words/done-001/docx/Sample_PAO-PSO_91-113_Letter.docx	1	0	0.00				0
final-technical-report-template__docx	docx	words	words/done-007/docx/final-technical-report-template.docx	6	0	0.00				0
Bull01-06-Reserve Training Standards__doc	doc	words	words/done-002/doc/Bull01-06-Reserve Training Standards.doc	6	0	0.00				0
template-technical-report__docx	docx	words	words/done-007/docx/template-technical-report.docx	10	0	0.00				0
080_Printable_Graph_Paper_Template_Black_Theme_6b066be1__docx	docx	words	words/chartset-007/docx/080_Printable_Graph_Paper_Template_Black_Theme_6b066be1.docx	1	0	0.00				0
AUWG min 4-3-24 final__docx	docx	words	words/done-002/docx/AUWG min 4-3-24 final.docx	2	0	0.00				0
FlightLaws__doc	doc	words	words/done-008/doc/FlightLaws.doc	4	0	0.00				0
004_Free_Genogram_Diagram_Template_Editable_Format_b82b6152__docx	docx	words	words/chartset-008/docx/004_Free_Genogram_Diagram_Template_Editable_Format_b82b6152.docx	1	0	0.00				0
Interview-mit-Manfred1-Müller__docx	docx	words	words/done-002/docx/Interview-mit-Manfred1-Müller.docx	2	0	0.00				0
ECSS-E-ST-50-16C-Annex-A(30September2021)__docx	docx	words	words/done-008/docx/ECSS-E-ST-50-16C-Annex-A(30September2021).docx	4	0	0.00				0
s33song-beverlyactproductionofdocuments__docx	docx	words	words/done-002/docx/s33song-beverlyactproductionofdocuments.docx	2	0	0.00				0
012_Project_Timeline_Template_Black_and_Brown_Theme_35c76550__docx	docx	words	words/chartset-008/docx/012_Project_Timeline_Template_Black_and_Brown_Theme_35c76550.docx	2	0	0.00				0
DEP2008-1900__doc	doc	words	words/done-003/doc/DEP2008-1900.doc	4	0	0.00				0
UAS-SGI_waiver_approval_request_form__docx	docx	words	words/done-008/docx/UAS-SGI_waiver_approval_request_form.docx	2	0	0.00				0
046_Visual_Product_Roadmap_Template_Fillable_Format_582acab0__docx	docx	words	words/chartset-008/docx/046_Visual_Product_Roadmap_Template_Fillable_Format_582acab0.docx	1	0	0.00				0
191216_Lesefassung_Nachtflugregelung__docx	docx	words	words/done-003/docx/191216_Lesefassung_Nachtflugregelung.docx	3	0	0.00				0
237287_0486190101_0486190101_geolink2neu__doc	doc	words	words/done-009/doc/237287_0486190101_0486190101_geolink2neu.doc	8	0	0.00				0
100_Business_Case_Template_Modern_Format_ff9e7282__docx	docx	words	words/chartset-008/docx/100_Business_Case_Template_Modern_Format_ff9e7282.docx	5	0	0.00				0
Technical_Issue_Report_Form__docx	docx	words	words/done-003/docx/Technical_Issue_Report_Form.docx	2	0	0.00				0
certification-flight-standards-doc-oeb-supporting-documents-tgl-TGL26-section-5-REV10__doc	doc	words	words/done-009/doc/certification-flight-standards-doc-oeb-supporting-documents-tgl-TGL26-section-5-REV10.doc	8	0	0.00				0
019_Project_Timeline_Template_Excellent_Layout_4ee62967__docx	docx	words	words/chartset-009/docx/019_Project_Timeline_Template_Excellent_Layout_4ee62967.docx	1	0	0.00				0
2ca950374241722b8ea7c132dfce63ae__doc	doc	words	words/done-004/doc/2ca950374241722b8ea7c132dfce63ae.doc	3	0	0.00				0
037_Venn_Diagram_Template_Four_Circle_764829a0__docx	docx	words	words/chartset-009/docx/037_Venn_Diagram_Template_Four_Circle_764829a0.docx	1	0	0.00				0
SWDD-template__docx	docx	words	words/done-009/docx/SWDD-template.docx	6	0	0.00				0
1528039320__docx	docx	words	words/done-004/docx/1528039320.docx	1	0	0.00				0
077_Storyboard_Template_Pink_and_Blue_Theme_805e82ab__docx	docx	words	words/chartset-009/docx/077_Storyboard_Template_Pink_and_Blue_Theme_805e82ab.docx	1	0	0.00				0
1528364855__doc	doc	words	words/done-010/doc/1528364855.doc	3	0	0.00				0
License App Instructions 2-22__docx	docx	words	words/done-004/docx/License App Instructions 2-22.docx	3	0	0.00				0
023_Unit_Circle_Chart_Circular_Percentage_790f7b75__docx	docx	words	words/chartset-010/docx/023_Unit_Circle_Chart_Circular_Percentage_790f7b75.docx	1	0	0.00				0
195584360__docx	docx	words	words/done-010/docx/195584360.docx	20	0	0.00				0
316r_a_e__doc	doc	words	words/done-005/doc/316r_a_e.doc	14	0	0.00				0
032_Venn_Diagram_Template_Brown_Theme_d5b549f0__docx	docx	words	words/chartset-010/docx/032_Venn_Diagram_Template_Brown_Theme_d5b549f0.docx	1	0	0.00				0
066_Work_Breakdown_Structure_Template_Colored_Background_c27ff248__docx	docx	words	words/chartset-010/docx/066_Work_Breakdown_Structure_Template_Colored_Background_c27ff248.docx	1	0	0.00				0
loi_format_letter_of_intent-a-320-214-a330__doc	doc	words	words/done-005/doc/loi_format_letter_of_intent-a-320-214-a330.doc	10	0	0.00				0
FG-AI4NDM-TR-skeleton_template__docx	docx	words	words/done-010/docx/FG-AI4NDM-TR-skeleton_template.docx	5	0	0.00				0
015_Project_Timeline_Template_Colored_Background_6434b0e8__docx	docx	words	words/chartset-011/docx/015_Project_Timeline_Template_Colored_Background_6434b0e8.docx	2	0	0.00				0
Technical Report and Technical Update Guidelines__docx	docx	words	words/done-005/docx/Technical Report and Technical Update Guidelines.docx	4	0	0.00				0
te.iors.00048-002 SUP Questionnaire__docx	docx	words	words/done-010/docx/te.iors.00048-002 SUP Questionnaire.docx	4	0	0.00				0
039_Venn_Diagram_Template_Simple_Format_6f82661d__docx	docx	words	words/chartset-011/docx/039_Venn_Diagram_Template_Simple_Format_6f82661d.docx	1	0	0.00				0
part-147_approval list_20230119__docx	docx	words	words/done-005/docx/part-147_approval list_20230119.docx	2	0	0.00				0
Company-profile-2022-EN__docx	docx	words	words/done-011/docx/Company-profile-2022-EN.docx	5	0	0.00				0
061_Nursing_Concept_Map_Template_fb9816f0__docx	docx	words	words/chartset-011/docx/061_Nursing_Concept_Map_Template_fb9816f0.docx	1	0	0.00				0
LHD-230-application-for-the-approval-of-an-aircraftr__doc	doc	words	words/done-006/doc/LHD-230-application-for-the-approval-of-an-aircraftr.doc	2	0	0.00				0
f2_registro_de_aprovacao_com_pbcs_EN__docx	docx	words	words/done-011/docx/f2_registro_de_aprovacao_com_pbcs_EN.docx	2	0	0.00				0
068_Work_Breakdown_Structure_Template_Green_Theme_63e69ed8__docx	docx	words	words/chartset-011/docx/068_Work_Breakdown_Structure_Template_Green_Theme_63e69ed8.docx	1	0	0.00				0
62599_FRANCE-BRAZIL- Air France Flight 447 crash__docx	docx	words	words/done-006/docx/62599_FRANCE-BRAZIL- Air France Flight 447 crash.docx	18	0	0.00				0
part-145-approval list 2025__docx	docx	words	words/done-011/docx/part-145-approval list 2025.docx	7	0	0.00				0
021_Unit_Circle_Chart_3D_Pie_Chart_404247ab__docx	docx	words	words/chartset-012/docx/021_Unit_Circle_Chart_3D_Pie_Chart_404247ab.docx	1	0	0.00				0
healthcare-reform-nsa-provider-bulletin__docx	docx	words	words/done-006/docx/healthcare-reform-nsa-provider-bulletin.docx	5	0	0.00				0
RMI_Document_Repository_Public-Reprts_GettingOffOil__doc	doc	words	words/done-012/doc/RMI_Document_Repository_Public-Reprts_GettingOffOil.doc	6	0	0.00				0
chapter 12__doc	doc	words	words/done-007/doc/chapter 12.doc	12	0	0.00				0
044_Visual_Product_Roadmap_Template_Editable_Format_c232a2c0__docx	docx	words	words/chartset-012/docx/044_Visual_Product_Roadmap_Template_Editable_Format_c232a2c0.docx	1	0	0.00				0
0c662f5c948a7d81d32ffd833c5cc59421a5f522__docx	docx	words	words/done-007/docx/0c662f5c948a7d81d32ffd833c5cc59421a5f522.docx	1	0	0.00				0
095_Business_Case_Template_Easy_Format_61de7128__docx	docx	words	words/chartset-012/docx/095_Business_Case_Template_Easy_Format_61de7128.docx	1	0	0.00				0
FO.FCTOA_.000129 Application for activities related to FSTD__docx	docx	words	words/done-012/docx/FO.FCTOA_.000129 Application for activities related to FSTD.docx	6	0	0.00				0
johnson_hall_service_log.pdf__docx	docx	words	words/done-007/docx/johnson_hall_service_log.pdf.docx	1	0	0.00				0
047_Visual_Product_Roadmap_Template_Professional_Layout_2ff4499e__docx	docx	words	words/chartset-013/docx/047_Visual_Product_Roadmap_Template_Professional_Layout_2ff4499e.docx	1	0	0.00				0
1245685 1 Comment__doc	doc	words	words/done-008/doc/1245685 1 Comment.doc	1	0	0.00				0
bulletin__docx	docx	words	words/done-012/docx/bulletin.docx	14	0	0.00				0
060_Human_Body_Concept_Map_Template_ac872cfb__docx	docx	words	words/chartset-013/docx/060_Human_Body_Concept_Map_Template_ac872cfb.docx	1	0	0.00				0
PUR-0012-UTAS-GRAMS-SPA-Template-1-25-2024__doc	doc	words	words/done-008/doc/PUR-0012-UTAS-GRAMS-SPA-Template-1-25-2024.doc	6	0	0.00				0
1228841571067_2009_TPPT_13__2007_TPPT_102__R-108535759__doc	doc	words	words/done-013/doc/1228841571067_2009_TPPT_13__2007_TPPT_102__R-108535759.doc	12	0	0.00				0
073_Storyboard_Template_Easy_to_Use_44ce05fc__docx	docx	words	words/chartset-013/docx/073_Storyboard_Template_Easy_to_Use_44ce05fc.docx	1	0	0.00				0
FAA-2017-0628-0002_attachment_1__docx	docx	words	words/done-008/docx/FAA-2017-0628-0002_attachment_1.docx	4	0	0.00				0
omrIMInterpretiveGuideLine__doc	doc	words	words/done-013/doc/omrIMInterpretiveGuideLine.doc	2	0	0.00				0
011_Project_Timeline_Template_Beautiful_Theme_2336e680__docx	docx	words	words/chartset-014/docx/011_Project_Timeline_Template_Beautiful_Theme_2336e680.docx	1	0	0.00				0
draft-variation-notice-airbus-bm3965ia-v006-vs-comments__docx	docx	words	words/done-008/docx/draft-variation-notice-airbus-bm3965ia-v006-vs-comments.docx	9	0	0.00				0
062_Vocabulary_Concept_Map_Template_2f7c1c09__docx	docx	words	words/chartset-014/docx/062_Vocabulary_Concept_Map_Template_2f7c1c09.docx	1	0	0.00				0
Sol PJ14-03-04 Solution Contextual__docx	docx	words	words/done-013/docx/Sol PJ14-03-04 Solution Contextual.docx	5	0	0.00				0
A380MaenPressRel__doc	doc	words	words/done-009/doc/A380MaenPressRel.doc	3	0	0.00				0
071_Storyboard_Template_Cartoon_Theme_ae113de2__docx	docx	words	words/chartset-014/docx/071_Storyboard_Template_Cartoon_Theme_ae113de2.docx	1	0	0.00				0
hdss-bulletin-issue-285-25-june-2025__docx	docx	words	words/done-013/docx/hdss-bulletin-issue-285-25-june-2025.docx	10	0	0.00				0
Case-Study-Heathrow-Airport__docx	docx	words	words/done-009/docx/Case-Study-Heathrow-Airport.docx	3	0	0.00				0
079_Storyboard_Template_Simple_Format_81653703__docx	docx	words	words/chartset-014/docx/079_Storyboard_Template_Simple_Format_81653703.docx	1	0	0.00				0
PK_FlugzeugeStricken__doc	doc	words	words/done-014/doc/PK_FlugzeugeStricken.doc	7	0	0.00				0
form_1123_application_form_rvsm_spa__docx	docx	words	words/done-009/docx/form_1123_application_form_rvsm_spa.docx	3	0	0.00				0
LENTOBUSSIAIKATAULU.-31.10.-31.12.2022__doc	doc	words	words/done-001/doc/LENTOBUSSIAIKATAULU.-31.10.-31.12.2022.doc	1	0	0.00				0
CMTA_Airport_Transportation__docx	docx	words	words/done-001/docx/CMTA_Airport_Transportation.docx	1	0	0.00				0
231164_SystemDesignDocument__docx	docx	words	words/done-014/docx/231164_SystemDesignDocument.docx	28	0	0.00				0
361400CSLegislation1RF01PUBLIC1__doc	doc	words	words/done-010/doc/361400CSLegislation1RF01PUBLIC1.doc	35	0	0.00				0
Service-Bulletin-SDFNR5-April-25-2023-FNR-TRANSMISSION-LUBRICATION__docx	docx	words	words/done-001/docx/Service-Bulletin-SDFNR5-April-25-2023-FNR-TRANSMISSION-LUBRICATION.docx	1	0	0.00				0
FMRBullletinB-28__doc	doc	words	words/done-002/doc/FMRBullletinB-28.doc	2	0	0.00				0
exhibit-06---technical-architecture-template__docx	docx	words	words/done-014/docx/exhibit-06---technical-architecture-template.docx	8	0	0.00				0
5709.16 ch.40_mgfinal__docx	docx	words	words/done-010/docx/5709.16 ch.40_mgfinal.docx	32	0	0.00				0
CSCRS_Technical-Report-Documentation-Page-with-instructions__docx	docx	words	words/done-002/docx/CSCRS_Technical-Report-Documentation-Page-with-instructions.docx	2	0	0.00				0
SFSP_2013-02_Bulletin__doc	doc	words	words/done-015/doc/SFSP_2013-02_Bulletin.doc	4	0	0.00				0
PM-apeech-Handover-of-New-Airbus-Aircraft-for-Fiji-Airways-Dec.-15th__docx	docx	words	words/done-010/docx/PM-apeech-Handover-of-New-Airbus-Aircraft-for-Fiji-Airways-Dec.-15th.docx	5	0	0.00				0
easa-form-1__docx	docx	words	words/done-002/docx/easa-form-1.docx	5	0	0.00				0
10795__doc	doc	words	words/done-003/doc/10795.doc	4	0	0.00				0
DOA_Template_Form_Type_Certification_Programme__docx	docx	words	words/done-015/docx/DOA_Template_Form_Type_Certification_Programme.docx	20	0	0.00				0
135__doc	doc	words	words/done-011/doc/135.doc	14	0	0.00				0
II.1.2_Hypoxia__doc	doc	words	words/done-003/doc/II.1.2_Hypoxia.doc	13	0	0.00				0
b053-19__docx	docx	words	words/done-011/docx/b053-19.docx	2	0	0.00				0
2015-April-SWIM_Users_Forum-Q&A__docx	docx	words	words/done-003/docx/2015-April-SWIM_Users_Forum-Q&A.docx	5	0	0.00				0
Sample_SQMS_Program__docx	docx	words	words/done-015/docx/Sample_SQMS_Program.docx	61	0	0.00				0
monthly-content-feeder__docx	docx	words	words/done-011/docx/monthly-content-feeder.docx	18	0	0.00				0
mde087077~283__docx	docx	words	words/done-003/docx/mde087077~283.docx	4	0	0.00				0
RobertQ_Service__doc	doc	words	words/done-004/doc/RobertQ_Service.doc	4	0	0.00				0
tibs_guidelines_2__docx	docx	words	words/done-011/docx/tibs_guidelines_2.docx	13	0	0.00				0
461249__docx	docx	words	words/done-004/docx/461249.docx	5	0	0.00				0
120509coss__doc	doc	words	words/done-016/doc/120509coss.doc	25	0	0.00				0
19-06 Assistive Technology TAB Final - 508__docx	docx	words	words/done-012/docx/19-06 Assistive Technology TAB Final - 508.docx	8	0	0.00				0
PAT-047 - Architecture and Detailed Design Assessment__docx	docx	words	words/done-004/docx/PAT-047 - Architecture and Detailed Design Assessment.docx	4	0	0.00				0
Allegiant_Company_Profile_with_History__docx	docx	words	words/done-016/docx/Allegiant_Company_Profile_with_History.docx	3	0	0.00				0
Leadership Information Article__docx	docx	words	words/done-012/docx/Leadership Information Article.docx	3	0	0.00				0
316r_a_f__doc	doc	words	words/done-005/doc/316r_a_f.doc	14	0	0.00				0
slcc-architecture-uu-architecture__docx	docx	words	words/done-012/docx/slcc-architecture-uu-architecture.docx	4	0	0.00				0
PES-Technical-Report-Template_Jan_2019__docx	docx	words	words/done-016/docx/PES-Technical-Report-Template_Jan_2019.docx	14	0	0.00				0
2024-12_Comlux_opens_Maintenance_and_Service_Center_in_Dubai__docx	docx	words	words/done-005/docx/2024-12_Comlux_opens_Maintenance_and_Service_Center_in_Dubai.docx	3	0	0.00				0
1257259179492_2007_TPPT_102_Supporting_Doc_2-434003080__doc	doc	words	words/done-013/doc/1257259179492_2007_TPPT_102_Supporting_Doc_2-434003080.doc	9	0	0.00				0
f445896eb008d14c1746fc37d412dc22__docx	docx	words	words/done-005/docx/f445896eb008d14c1746fc37d412dc22.docx	15	0	0.00				0
dragon1-enterprise-architecture-document-example-v0.1d__docx	docx	words	words/done-016/docx/dragon1-enterprise-architecture-document-example-v0.1d.docx	13	0	0.00				0
Form-SM-76A-_-CAR-OPS-2A-Instruments-and-Equipment-Compliance-Statement-_-11__docx	docx	words	words/done-013/docx/Form-SM-76A-_-CAR-OPS-2A-Instruments-and-Equipment-Compliance-Statement-_-11.docx	3	0	0.00				0
003__doc	doc	words	words/done-006/doc/003.doc	5	0	0.00				0
762__doc	doc	words	words/extra-001/doc/762.doc	23	0	0.00				0
easa-regulations-update-20__docx	docx	words	words/done-013/docx/easa-regulations-update-20.docx	22	0	0.00				0
P200904290238_0238_51880__doc	doc	words	words/done-006/doc/P200904290238_0238_51880.doc	3	0	0.00				0
300502-Mecenat-Airbus-Simusante_CHU-Amiens-Picardie__doc	doc	words	words/done-014/doc/300502-Mecenat-Airbus-Simusante_CHU-Amiens-Picardie.doc	1	0	0.00				0
SDL_FSDO_Part91_LOA_Checklist__docx	docx	words	words/done-006/docx/SDL_FSDO_Part91_LOA_Checklist.docx	2	0	0.00				0
technical-memo-format__docx	docx	words	words/done-006/docx/technical-memo-format.docx	5	0	0.00				0
ABCD-WB-08-00 Weight and Balance Report - v1 08.03.16__docx	docx	words	words/extra-001/docx/ABCD-WB-08-00 Weight and Balance Report - v1 08.03.16.docx	12	0	0.00				0
1603642410-MoM-CASCOM-06-2020-draft04__docx	docx	words	words/done-014/docx/1603642410-MoM-CASCOM-06-2020-draft04.docx	9	0	0.00				0
congregationalhistories_ky_2023__doc	doc	words	words/done-007/doc/congregationalhistories_ky_2023.doc	1	0	0.00				0
AFS-050-004-F2_0i__docx	docx	words	words/done-014/docx/AFS-050-004-F2_0i.docx	8	0	0.00				0
Press release_EUREKA labels ITEA 3 Cluster__docx	docx	words	words/done-007/docx/Press release_EUREKA labels ITEA 3 Cluster.docx	2	0	0.00				0
A320SimNotes__doc	doc	words	words/metrics-001/doc/A320SimNotes.doc	42	0	0.00				0
technical-report-template__docx	docx	words	words/done-007/docx/technical-report-template.docx	7	0	0.00				0
fleetfastfacts16nov2023__docx	docx	words	words/done-014/docx/fleetfastfacts16nov2023.docx	1	0	0.00				0
2024-2nd-quarter-case-summaries__doc	doc	words	words/done-008/doc/2024-2nd-quarter-case-summaries.doc	10	0	0.00				0
AWR OPS-AOC 044 Statement of Compliance RVSM  Rev 04 01 Feb 2024__docx	docx	words	words/metrics-001/docx/AWR OPS-AOC 044 Statement of Compliance RVSM  Rev 04 01 Feb 2024.docx	15	0	0.00				0
03_Technical_Report_(progress)_template__docx	docx	words	words/done-015/docx/03_Technical_Report_(progress)_template.docx	10	0	0.00				0
4400-91_Proposal_To_Lease_Space_10-2024__docx	docx	words	words/done-008/docx/4400-91_Proposal_To_Lease_Space_10-2024.docx	6	0	0.00				0
JEMIT_Template__docx	docx	words	words/done-015/docx/JEMIT_Template.docx	4	0	0.00				0
Lessons-Learned-Bulletin-Dorset-version-to-IIRG-V5__docx	docx	words	words/done-008/docx/Lessons-Learned-Bulletin-Dorset-version-to-IIRG-V5.docx	3	0	0.00				0
2013-op12-Annex III - Curriculum Vitae__doc	doc	words	words/done-009/doc/2013-op12-Annex III - Curriculum Vitae.doc	3	0	0.00				0
airbus-pdf-information-package_v1-4__docx	docx	words	words/done-015/docx/airbus-pdf-information-package_v1-4.docx	9	0	0.00				0
CP-ETSO template_v2020__doc	doc	words	words/done-009/doc/CP-ETSO template_v2020.DOC	6	0	0.00				0
Contract_Check_Pilot_Sample_LOA__docx	docx	words	words/done-009/docx/Contract_Check_Pilot_Sample_LOA.docx	4	0	0.00				0
technical report template__docx	docx	words	words/done-009/docx/technical report template.docx	10	0	0.00				0
150_5335_5a__doc	doc	words	words/done-016/doc/150_5335_5a.doc	64	0	0.00				0
f111__doc	doc	words	words/done-010/doc/f111.doc	11	0	0.00				0
Checklist for TC STC ETSO data packages to FAA_TIP rev 5__docx	docx	words	words/done-010/docx/Checklist for TC STC ETSO data packages to FAA_TIP rev 5.docx	3	0	0.00				0
May 25 bulletin focus on carers in the workplace__docx	docx	words	words/missing-001/docx/May 25 bulletin focus on carers in the workplace.docx	4	0	0.00				0
Writing a technical report (SCE subject guide)__docx	docx	words	words/done-010/docx/Writing a technical report (SCE subject guide).docx	4	0	0.00				0
1447__doc	doc	words	words/pagination-001/doc/1447.doc	4	0	0.00				0
AAC-AD-No-2021-01-Boeing-737-8-and-737-9-MAX__doc	doc	words	words/done-011/doc/AAC-AD-No-2021-01-Boeing-737-8-and-737-9-MAX.doc	20	0	0.00				0
eTAR_External_Web_tool_Tip_Sheet_mh__docx	docx	words	words/done-011/docx/eTAR_External_Web_tool_Tip_Sheet_mh.docx	4	0	0.00				0
ESPN-R - MCF - Manual - Ed1.0 - For Publication__docx	docx	words	words/pagination-001/docx/ESPN-R - MCF - Manual - Ed1.0 - For Publication.docx	35	0	0.00				0
part-145-approval list (1)__docx	docx	words	words/done-011/docx/part-145-approval list (1).docx	8	0	0.00				0
Annex-10-to-the-Aircraft-Maintenance-Specialist-Certification-Rule-GCAA__docx	docx	words	words/done-016/docx/Annex-10-to-the-Aircraft-Maintenance-Specialist-Certification-Rule-GCAA.docx	148	0	0.00				0
FO.FCTOA.00010 Application for a Part-ORA ATO Approval__docx	docx	words	words/pagination-001/docx/FO.FCTOA.00010 Application for a Part-ORA ATO Approval.docx	16	0	0.00				0
AirbusCallouts__doc	doc	words	words/done-012/doc/AirbusCallouts.doc	24	0	0.00				0
20110608_psp__docx	docx	words	words/done-012/docx/20110608_psp.docx	3	0	0.00				0
b050-19__docx	docx	words	words/done-012/docx/b050-19.docx	3	0	0.00				0
SPA-06_mcar_part-6_and_IS_v2.9__docx	docx	words	words/done-016/docx/SPA-06_mcar_part-6_and_IS_v2.9.docx	85	0	0.00				0
technical-architecture__docx	docx	words	words/done-012/docx/technical-architecture.docx	8	0	0.00				0
Reid__doc	doc	words	words/done-013/doc/Reid.doc	4	0	0.00				0
t_TEMPforInvProgs__docx	docx	words	words/done-016/docx/t_TEMPforInvProgs.docx	26	0	0.00				0
150_5300_13_chg12__doc	doc	words	words/pagination-002/doc/150_5300_13_chg12.doc	31	0	0.00				0
SPA-11_mcar_part-11_v2.9__docx	docx	words	words/done-013/docx/SPA-11_mcar_part-11_v2.9.docx	49	0	0.00				0
gpp-pr-top-7-office-markets-4q-2023__docx	docx	words	words/done-013/docx/gpp-pr-top-7-office-markets-4q-2023.docx	4	0	0.00				0
644730BRI0mna000BOX361539B00public0__doc	doc	words	words/done-014/doc/644730BRI0mna000BOX361539B00public0.doc	5	0	0.00				0
1_tpr_template__from_fy14___docx	docx	words	words/done-014/docx/1_tpr_template__from_fy14_.docx	8	0	0.00				0
info-bulletin-601__doc	doc	words	words/extra-001/doc/info-bulletin-601.doc	6	0	0.00				0
Regulations Governing the Status, Basic Rights and Duties of Officials other than Secretariat Officials, and Experts on Mission__docx	docx	words	words/done-014/docx/Regulations Governing the Status, Basic Rights and Duties of Officials other than Secretariat Officials, and Experts on Mission.docx	18	0	0.00				0
2013_11__doc	doc	words	words/done-015/doc/2013_11.doc	8	0	0.00				0
Agile_Arc_SysDes__docx	docx	words	words/done-015/docx/Agile_Arc_SysDes.docx	20	0	0.00				0
手机免提系统TSB__doc	doc	words	words/metrics-001/doc/手机免提系统TSB.doc	3	0	0.00				0
PI-doc.-no.-2E-Technical-Review-Report__docx	docx	words	words/done-015/docx/PI-doc.-no.-2E-Technical-Review-Report.docx	12	0	0.00				0
system_design__technical_architecture_template__docx	docx	words	words/done-015/docx/system_design__technical_architecture_template.docx	17	0	0.00				0
FRE-03_mcar_part-3_and_IS_v2.9__docx	docx	words	words/metrics-001/docx/FRE-03_mcar_part-3_and_IS_v2.9.docx	76	0	0.00				0
review-welsh-government-communications-mister-peter-mandelson__docx	docx	words	words/metrics-001/docx/review-welsh-government-communications-mister-peter-mandelson.docx	14	0	0.00				0
150-5370-10H__docx	docx	words	words/pagination-003/docx/150-5370-10H.docx	727	0	0.00				0
xx_SETIS_PWS_template_10.19.22__docx	docx	words	words/missing-001/docx/xx_SETIS_PWS_template_10.19.22.docx	15	0	0.00				0
A1. EASA Form 2__docx	docx	words	words/table-001/docx/A1. EASA Form 2.docx	7	0	0.00				0
A_320__doc	doc	words	words/pagination-001/doc/A_320.doc	118	0	0.00				0
ESPN-R - MCF - RA - Ed1__docx	docx	words	words/pagination-001/docx/ESPN-R - MCF - RA - Ed1.docx	58	0	0.00				0
report-template__docx	docx	words	words/pagination-001/docx/report-template.docx	20	0	0.00				0
AC-150-5370-10G-updated-201604__docx	docx	words	words/done-016/docx/AC-150-5370-10G-updated-201604.docx	696	0	0.00				0
HC-Bulletin-template__docx	docx	words	words/done-016/docx/HC-Bulletin-template.docx	5	0	0.00				0
TE.CAO.00125 Foreign Part 145 approvals - OJT Logbook__docx	docx	words	words/done-016/docx/TE.CAO.00125 Foreign Part 145 approvals - OJT Logbook.docx	15	0	0.00				0
EHEST-SMS-Safety-Management-Manual-V2__docx	docx	words	words/pagination-003/docx/EHEST-SMS-Safety-Management-Manual-V2.docx	82	0	0.00				0
WordArt_Shapes_Arrows_Catalog1__docx	docx	words	words/drawingset-001/docx/WordArt_Shapes_Arrows_Catalog1.docx	52	0	0.00				0
B11. TE.CAO.00129  Experience  logbook__docx	docx	words	words/table-001/docx/B11. TE.CAO.00129  Experience  logbook.docx	6	0	0.00				0
ABCD-SDE-23-00 - Avionic System Description - 17.02.16 - v1__docx	docx	words	words/extra-001/docx/ABCD-SDE-23-00 - Avionic System Description - 17.02.16 - v1.docx	29	0	0.00				0
UG.CAO.00133 Foreign Part 145 approvals - Language__docx	docx	words	words/extra-001/docx/UG.CAO.00133 Foreign Part 145 approvals - Language.docx	18	0	0.00				0
33004__docx	docx	words	words/missing-001/docx/33004.docx	47	0	0.00				0
24-25_FAA_Holdover_Tables__docx	docx	words	words/pagination-001/docx/24-25_FAA_Holdover_Tables.docx	155	10	180.00	79	612.0x792.0	792.0x612.0	10
FAA 2025-26 Holdover Tables__docx	docx	words	words/pagination-001/docx/FAA 2025-26 Holdover Tables.docx	167	10	180.00	84	792.0x612.0	612.0x792.0	10
template---tpr-technical-progress-report-with-guidance__docx	docx	words	words/pagination-001/docx/template---tpr-technical-progress-report-with-guidance.docx	7	0	0.00				0
docs-quality-MA.IMS.00001-Integrated-Management-System-manual__docx	docx	words	words/pagination-002/docx/docs-quality-MA.IMS.00001-Integrated-Management-System-manual.docx	44	0	0.00				0
approvals-and-standardisation-organisation-approvals-docs-part-145-annex-B-B11.-TE.CAO.00129-Foreign-Part-145-approvals---Experience--logbook__docx	docx	words	words/table-001/docx/approvals-and-standardisation-organisation-approvals-docs-part-145-annex-B-B11.-TE.CAO.00129-Foreign-Part-145-approvals---Experience--logbook.docx	6	0	0.00				0
