identity	ext	track	path	npages	ink_sum	ink_per_page	ink_max_page	max_page_no	major_pages	note	max_page_hint
(5000021142)-(subc0226)-criminology-subject-collection-list__xlsx	xlsx	sheets	sheets/done-002/xlsx/(5000021142)-(subc0226)-criminology-subject-collection-list.xlsx	3	0.00	0.0000	0.00	1	0	ok	
001_1-2-3_Horizontal_Hierarchy_39795b4d__pptx	pptx	slides	slides/chartset-006/pptx/001_1-2-3_Horizontal_Hierarchy_39795b4d.pptx	3	0.87	0.2900	0.48	1	1	ok	
001_Contextures_chart_sample_b089bc34__xlsx	xlsx	sheets	sheets/chartset-013/xlsx/001_Contextures_chart_sample_b089bc34.xlsx	15	0.08	0.0053	0.07	12	1	ok	top-left: a fill or background shading we draw and the reference does not (0.55% of page, x 0.13-0.53, y 0.10-0.11)
001_Free_Genogram_Diagram_Template_Blue_and_Gray_Theme_7c9e01a7__docx	docx	words	words/chartset-006/docx/001_Free_Genogram_Diagram_Template_Blue_and_Gray_Theme_7c9e01a7.docx	1	0.27	0.2700	0.27	1	0	ok	
001_advanced_excel_bar__xlsx	xlsx	sheets	sheets/chartset-001/xlsx/001_advanced_excel_bar.xlsx	3	0.06	0.0200	0.06	1	0	ok	
001_advanced_powerpoint_bar__pptx	pptx	slides	slides/chartset-002/pptx/001_advanced_powerpoint_bar.pptx	1	0.06	0.0600	0.06	1	0	ok	
001_advanced_word_chart_report__docx	docx	words	words/chartset-003/docx/001_advanced_word_chart_report.docx	1	0.51	0.5100	0.51	1	0	ok	
002_10-Point_Dual_Hub_Comparison_4ee242c9__pptx	pptx	slides	slides/chartset-010/pptx/002_10-Point_Dual_Hub_Comparison_4ee242c9.pptx	3	0.67	0.2233	0.58	1	1	ok	top-centre: marks displaced or reshaped (5.71% of page, x 0.07-0.94, y 0.03-0.11)
002_Contextures_chart_sample_f605e7bc__xlsx	xlsx	sheets	sheets/chartset-012/xlsx/002_Contextures_chart_sample_f605e7bc.xlsx	8	0.13	0.0163	0.09	3	0	ok	
002_Free_Genogram_Diagram_Template_Customizable_Format_2219584b__docx	docx	words	words/chartset-006/docx/002_Free_Genogram_Diagram_Template_Customizable_Format_2219584b.docx	1	0.75	0.7500	0.75	1	1	ok	top-left: a fill or background shading we draw and the reference does not (0.48% of page, x 0.10-0.11, y 0.03-0.38)
002_advanced_excel_line__xlsx	xlsx	sheets	sheets/chartset-001/xlsx/002_advanced_excel_line.xlsx	3	0.00	0.0000	0.00	1	0	ok	
002_advanced_powerpoint_column__pptx	pptx	slides	slides/chartset-003/pptx/002_advanced_powerpoint_column.pptx	1	0.00	0.0000	0.00	1	0	ok	
002_advanced_word_chart_report__docx	docx	words	words/chartset-001/docx/002_advanced_word_chart_report.docx	1	0.37	0.3700	0.37	1	0	ok	
003_2-Circle_Venn_Diagram_7ab74e5c__pptx	pptx	slides	slides/chartset-012/pptx/003_2-Circle_Venn_Diagram_7ab74e5c.pptx	3	0.03	0.0100	0.01	1	0	ok	
003_Contextures_chart_sample_9bda2719__xlsm	xlsm	sheets	sheets/chartset-007/xlsm/003_Contextures_chart_sample_9bda2719.xlsm	6	0.20	0.0333	0.13	4	0	ok	
003_Free_Genogram_Diagram_Template_Easy_Format_60eb6e42__docx	docx	words	words/chartset-005/docx/003_Free_Genogram_Diagram_Template_Easy_Format_60eb6e42.docx	1	0.12	0.1200	0.12	1	0	ok	
003__doc	doc	words	words/done-006/doc/003.doc	5	0.19	0.0380	0.15	1	0	ok	
003_advanced_excel_pie__xlsx	xlsx	sheets	sheets/chartset-002/xlsx/003_advanced_excel_pie.xlsx	3	0.00	0.0000	0.00	1	0	ok	
003_advanced_powerpoint_line__pptx	pptx	slides	slides/chartset-003/pptx/003_advanced_powerpoint_line.pptx	1	0.02	0.0200	0.02	1	0	ok	
003_advanced_word_chart_report__docx	docx	words	words/chartset-003/docx/003_advanced_word_chart_report.docx	1	0.55	0.5500	0.55	1	0	ok	
004_2-Stage_Vertical_Funnel_Diagram_for_PowerPoint_593f4c80__pptx	pptx	slides	slides/chartset-005/pptx/004_2-Stage_Vertical_Funnel_Diagram_for_PowerPoint_593f4c80.pptx	1	0.76	0.7600	0.76	1	1	ok	top-left: ink missing from ours — a graphic, glyphs or a fill (2.13% of page, x 0.07-0.43, y 0.09-0.17)
004_Contextures_chart_sample_de7c0671__xlsx	xlsx	sheets	sheets/chartset-005/xlsx/004_Contextures_chart_sample_de7c0671.xlsx	4	0.39	0.0975	0.39	1	1	ok	middle-centre: ink missing from ours — a graphic, glyphs or a fill (0.93% of page, x 0.31-0.39, y 0.55-0.70)
004_Free_Genogram_Diagram_Template_Editable_Format_b82b6152__docx	docx	words	words/chartset-008/docx/004_Free_Genogram_Diagram_Template_Editable_Format_b82b6152.docx	1	0.24	0.2400	0.24	1	1	ok	top-left: ink we draw that the reference does not (0.57% of page, x 0.04-0.13, y 0.21-0.34)
004_advanced_excel_doughnut__xlsx	xlsx	sheets	sheets/chartset-003/xlsx/004_advanced_excel_doughnut.xlsx	3	0.32	0.1067	0.32	1	0	ok	
004_advanced_powerpoint_pie__pptx	pptx	slides	slides/chartset-004/pptx/004_advanced_powerpoint_pie.pptx	1	0.07	0.0700	0.07	1	0	ok	
004_advanced_word_chart_report__docx	docx	words	words/chartset-003/docx/004_advanced_word_chart_report.docx	1	0.49	0.4900	0.49	1	0	ok	
00514292__xlsx	xlsx	sheets	sheets/done-003/xlsx/00514292.xlsx	9	0.19	0.0211	0.15	3	0	ok	
005_2-Step_Funnel_On_left_With_Text_767f0490__pptx	pptx	slides	slides/chartset-005/pptx/005_2-Step_Funnel_On_left_With_Text_767f0490.pptx	1	0.78	0.7800	0.78	1	1	ok	top-left: ink missing from ours — a graphic, glyphs or a fill (2.13% of page, x 0.07-0.43, y 0.09-0.17)
005_Contextures_chart_sample_6e279b08__xlsx	xlsx	sheets	sheets/chartset-006/xlsx/005_Contextures_chart_sample_6e279b08.xlsx	8	0.74	0.0925	0.42	1	0	ok	
005_Free_Genogram_Diagram_Template_Excellent_layout_f5f185d0__docx	docx	words	words/chartset-005/docx/005_Free_Genogram_Diagram_Template_Excellent_layout_f5f185d0.docx	1	0.40	0.4000	0.40	1	0	ok	
005_advanced_excel_area__xlsx	xlsx	sheets	sheets/chartset-001/xlsx/005_advanced_excel_area.xlsx	3	0.07	0.0233	0.06	2	0	ok	
005_advanced_powerpoint_doughnut__pptx	pptx	slides	slides/chartset-003/pptx/005_advanced_powerpoint_doughnut.pptx	1	0.17	0.1700	0.17	1	0	ok	
005_advanced_word_chart_report__docx	docx	words	words/chartset-002/docx/005_advanced_word_chart_report.docx	1	0.31	0.3100	0.31	1	0	ok	
006_2-Way_Horizontal_Hierarchy_for_PowerPoint_and_Google_Slides_7c1e5084__pptx	pptx	slides	slides/chartset-005/pptx/006_2-Way_Horizontal_Hierarchy_for_PowerPoint_and_Google_Slides_7c1e5084.pptx	3	0.53	0.1767	0.35	2	1	ok	top-centre: ink we draw that the reference does not (0.83% of page, x 0.35-0.49, y 0.09-0.17)
006_Contextures_chart_sample_afa23b53__xlsx	xlsx	sheets	sheets/chartset-006/xlsx/006_Contextures_chart_sample_afa23b53.xlsx	5	0.13	0.0260	0.10	2	0	ok	
006_Free_Genogram_Diagram_Template_Fillable_Format_7ca08541__docx	docx	words	words/chartset-008/docx/006_Free_Genogram_Diagram_Template_Fillable_Format_7ca08541.docx	1	0.50	0.5000	0.50	1	1	ok	top-centre: a fill or background shading we draw and the reference does not (0.57% of page, x 0.45-0.54, y 0.15-0.21)
006_advanced_excel_scatter__xlsx	xlsx	sheets	sheets/chartset-001/xlsx/006_advanced_excel_scatter.xlsx	3	0.00	0.0000	0.00	1	0	ok	
006_advanced_powerpoint_area__pptx	pptx	slides	slides/chartset-002/pptx/006_advanced_powerpoint_area.pptx	1	0.00	0.0000	0.00	1	0	ok	
006_advanced_word_chart_report__docx	docx	words	words/chartset-002/docx/006_advanced_word_chart_report.docx	1	0.51	0.5100	0.51	1	0	ok	
007_3_Circles_Diagram_for_PowerPoint_dac9f170__pptx	pptx	slides	slides/chartset-006/pptx/007_3_Circles_Diagram_for_PowerPoint_dac9f170.pptx	3	0.06	0.0200	0.03	1	0	ok	
007_Contextures_chart_sample_667d8e47__xlsm	xlsm	sheets	sheets/chartset-011/xlsm/007_Contextures_chart_sample_667d8e47.xlsm	7	0.13	0.0186	0.09	3	0	ok	
007_Free_Genogram_Diagram_Template_Green_and_Purple_Theme_8d2ba829__docx	docx	words	words/chartset-009/docx/007_Free_Genogram_Diagram_Template_Green_and_Purple_Theme_8d2ba829.docx	1	0.29	0.2900	0.29	1	0	ok	
007_advanced_excel_bubble__xlsx	xlsx	sheets	sheets/chartset-002/xlsx/007_advanced_excel_bubble.xlsx	3	0.02	0.0067	0.01	1	0	ok	
007_advanced_powerpoint_scatter__pptx	pptx	slides	slides/chartset-002/pptx/007_advanced_powerpoint_scatter.pptx	1	0.00	0.0000	0.00	1	0	ok	
007_advanced_word_chart_report__docx	docx	words	words/chartset-003/docx/007_advanced_word_chart_report.docx	1	0.53	0.5300	0.53	1	0	ok	
008_3-Circle_Venn_Diagram_024a12c5__pptx	pptx	slides	slides/chartset-012/pptx/008_3-Circle_Venn_Diagram_024a12c5.pptx	3	0.07	0.0233	0.03	1	0	ok	
008_Contextures_chart_sample_7ea7a1d7__xlsx	xlsx	sheets	sheets/chartset-008/xlsx/008_Contextures_chart_sample_7ea7a1d7.xlsx	5	0.04	0.0080	0.03	1	0	ok	
008_Free_Genogram_Diagram_Template_Green_and_Yellow_Theme_9017c1a8__docx	docx	words	words/chartset-012/docx/008_Free_Genogram_Diagram_Template_Green_and_Yellow_Theme_9017c1a8.docx	1	0.53	0.5300	0.53	1	1	ok	top-left: ink we draw that the reference does not (0.74% of page, x 0.03-0.12, y 0.25-0.35)
008_advanced_excel_radar__xlsx	xlsx	sheets	sheets/chartset-003/xlsx/008_advanced_excel_radar.xlsx	3	0.14	0.0467	0.14	1	0	ok	
008_advanced_powerpoint_bubble__pptx	pptx	slides	slides/chartset-001/pptx/008_advanced_powerpoint_bubble.pptx	1	0.00	0.0000	0.00	1	0	ok	
008_advanced_word_chart_report__docx	docx	words	words/chartset-001/docx/008_advanced_word_chart_report.docx	1	0.63	0.6300	0.63	1	0	ok	
009_3-Circle_Venn_PowerPoint_Diagram_2e59baa9__pptx	pptx	slides	slides/chartset-008/pptx/009_3-Circle_Venn_PowerPoint_Diagram_2e59baa9.pptx	2	0.54	0.2700	0.27	1	0	ok	
009_Contextures_chart_sample_adcb3f6c__xlsx	xlsx	sheets	sheets/chartset-012/xlsx/009_Contextures_chart_sample_adcb3f6c.xlsx	12	0.00	0.0000	0.00	1	0	ok	
009_Free_Genogram_Diagram_Template_Handy_Format_4bb900f0__docx	docx	words	words/chartset-007/docx/009_Free_Genogram_Diagram_Template_Handy_Format_4bb900f0.docx	1	0.25	0.2500	0.25	1	0	ok	
009_advanced_excel_bar__xlsx	xlsx	sheets	sheets/chartset-004/xlsx/009_advanced_excel_bar.xlsx	3	0.05	0.0167	0.05	1	0	ok	
009_advanced_powerpoint_bar__pptx	pptx	slides	slides/chartset-003/pptx/009_advanced_powerpoint_bar.pptx	1	0.06	0.0600	0.06	1	0	ok	
009_advanced_word_chart_report__docx	docx	words	words/chartset-003/docx/009_advanced_word_chart_report.docx	1	0.52	0.5200	0.52	1	0	ok	
010605Vul__ppt	ppt	slides	slides/done-003/ppt/010605Vul.ppt	21	0.92	0.0438	0.29	9	0	ok	
010_3-Group_Hierarchy_for_PowerPoint_and_Google_Slides_20476ce0__pptx	pptx	slides	slides/chartset-011/pptx/010_3-Group_Hierarchy_for_PowerPoint_and_Google_Slides_20476ce0.pptx	3	0.55	0.1833	0.39	1	2	ok	top-left: ink missing from ours — a graphic, glyphs or a fill (0.60% of page, x 0.07-0.19, y 0.10-0.16)
010_Contextures_chart_sample_e6ea06a3__xlsx	xlsx	sheets	sheets/chartset-011/xlsx/010_Contextures_chart_sample_e6ea06a3.xlsx	6	0.20	0.0333	0.16	2	0	ok	
010_Free_Genogram_Diagram_Template_Yellow_Theme_6ee4f818__docx	docx	words	words/chartset-008/docx/010_Free_Genogram_Diagram_Template_Yellow_Theme_6ee4f818.docx	1	0.47	0.4700	0.47	1	0	ok	
010_advanced_excel_line__xlsx	xlsx	sheets	sheets/chartset-004/xlsx/010_advanced_excel_line.xlsx	3	0.00	0.0000	0.00	1	0	ok	
010_advanced_powerpoint_column__pptx	pptx	slides	slides/chartset-003/pptx/010_advanced_powerpoint_column.pptx	1	0.00	0.0000	0.00	1	0	ok	
010_advanced_word_chart_report__docx	docx	words	words/chartset-004/docx/010_advanced_word_chart_report.docx	1	0.48	0.4800	0.48	1	0	ok	
011_3-Stage_Vertical_Funnel_Diagram_for_PowerPoint_10ce23dd__pptx	pptx	slides	slides/chartset-005/pptx/011_3-Stage_Vertical_Funnel_Diagram_for_PowerPoint_10ce23dd.pptx	1	0.76	0.7600	0.76	1	1	ok	top-left: ink missing from ours — a graphic, glyphs or a fill (2.13% of page, x 0.07-0.43, y 0.09-0.17)
011_Contextures_chart_sample_599b4392__xls	xls	sheets	sheets/chartset-006/xls/011_Contextures_chart_sample_599b4392.xls	4	0.00	0.0000	0.00	1	0	ok	
011_Project_Timeline_Template_Beautiful_Theme_2336e680__docx	docx	words	words/chartset-014/docx/011_Project_Timeline_Template_Beautiful_Theme_2336e680.docx	1	0.61	0.6100	0.61	1	1	ok	top-left: ink we draw that the reference does not (1.42% of page, x 0.19-0.47, y 0.09-0.16)
011_advanced_excel_pie__xlsx	xlsx	sheets	sheets/chartset-002/xlsx/011_advanced_excel_pie.xlsx	3	0.01	0.0033	0.01	1	0	ok	
011_advanced_powerpoint_line__pptx	pptx	slides	slides/chartset-003/pptx/011_advanced_powerpoint_line.pptx	1	0.02	0.0200	0.02	1	0	ok	
011_advanced_word_chart_report__docx	docx	words	words/chartset-002/docx/011_advanced_word_chart_report.docx	1	0.32	0.3200	0.32	1	0	ok	
012_3-Step_Hexagons_Puzzle_Diagram_for_PowerPoint_982482b5__pptx	pptx	slides	slides/chartset-008/pptx/012_3-Step_Hexagons_Puzzle_Diagram_for_PowerPoint_982482b5.pptx	3	1.55	0.5167	0.80	1	2	ok	top-left: ink missing from ours — a graphic, glyphs or a fill (1.34% of page, x 0.07-0.31, y 0.09-0.17)
012_Contextures_chart_sample_9900da76__xlsx	xlsx	sheets	sheets/chartset-012/xlsx/012_Contextures_chart_sample_9900da76.xlsx	6	0.47	0.0783	0.30	2	1	ok	middle-left: ink missing from ours — a graphic, glyphs or a fill (1.19% of page, x 0.00-0.09, y 0.25-0.42)
012_Project_Timeline_Template_Black_and_Brown_Theme_35c76550__docx	docx	words	words/chartset-008/docx/012_Project_Timeline_Template_Black_and_Brown_Theme_35c76550.docx	2	2.56	1.2800	2.55	1	1	ok	top-centre: ink we draw that the reference does not (3.68% of page, x 0.25-0.75, y 0.02-0.20)
012_advanced_excel_doughnut__xlsx	xlsx	sheets	sheets/chartset-002/xlsx/012_advanced_excel_doughnut.xlsx	3	0.32	0.1067	0.32	1	0	ok	
012_advanced_powerpoint_pie__pptx	pptx	slides	slides/chartset-003/pptx/012_advanced_powerpoint_pie.pptx	1	0.07	0.0700	0.07	1	0	ok	
012_advanced_word_chart_report__docx	docx	words	words/chartset-004/docx/012_advanced_word_chart_report.docx	1	0.52	0.5200	0.52	1	0	ok	
013_3-Step_Segmented_Cycle_Process_5232f82d__pptx	pptx	slides	slides/chartset-012/pptx/013_3-Step_Segmented_Cycle_Process_5232f82d.pptx	3	0.28	0.0933	0.14	1	0	ok	
013_Contextures_chart_sample_21b98e22__xlsx	xlsx	sheets	sheets/chartset-012/xlsx/013_Contextures_chart_sample_21b98e22.xlsx	7	0.45	0.0643	0.32	2	1	ok	middle-left: a fill or background shading the reference has and we do not (1.05% of page, x 0.00-0.08, y 0.29-0.43)
013_Project_Timeline_Template_Blue_Background_4ea3475e__docx	docx	words	words/chartset-012/docx/013_Project_Timeline_Template_Blue_Background_4ea3475e.docx	1	0.04	0.0400	0.04	1	0	ok	
013_advanced_excel_area__xlsx	xlsx	sheets	sheets/chartset-002/xlsx/013_advanced_excel_area.xlsx	3	0.07	0.0233	0.06	2	0	ok	
013_advanced_powerpoint_doughnut__pptx	pptx	slides	slides/chartset-004/pptx/013_advanced_powerpoint_doughnut.pptx	1	0.17	0.1700	0.17	1	0	ok	
013_advanced_word_chart_report__docx	docx	words	words/chartset-004/docx/013_advanced_word_chart_report.docx	1	0.53	0.5300	0.53	1	0	ok	
014_3D_Radial_Block_List_for_PowerPoint_and_Google_Slides_0773075e__pptx	pptx	slides	slides/chartset-013/pptx/014_3D_Radial_Block_List_for_PowerPoint_and_Google_Slides_0773075e.pptx	3	0.08	0.0267	0.05	1	0	ok	
014_Contextures_chart_sample_991ecfc5__xls	xls	sheets	sheets/chartset-006/xls/014_Contextures_chart_sample_991ecfc5.xls	3	0.42	0.1400	0.35	1	0	ok	
014_Project_Timeline_Template_Blue_and_Green_Theme_a8311fa1__docx	docx	words	words/chartset-014/docx/014_Project_Timeline_Template_Blue_and_Green_Theme_a8311fa1.docx	1	2.37	2.3700	2.37	1	1	ok	top-centre: ink we draw that the reference does not (5.21% of page, x 0.17-0.82, y 0.11-0.20)
014_advanced_excel_scatter__xlsx	xlsx	sheets	sheets/chartset-003/xlsx/014_advanced_excel_scatter.xlsx	3	0.24	0.0800	0.24	1	0	ok	
014_advanced_powerpoint_area__pptx	pptx	slides	slides/chartset-002/pptx/014_advanced_powerpoint_area.pptx	1	0.00	0.0000	0.00	1	0	ok	
014_advanced_word_chart_report__docx	docx	words	words/chartset-001/docx/014_advanced_word_chart_report.docx	1	0.38	0.3800	0.38	1	0	ok	
015_4-Option_Color_Wheel_Diagram_df7e4b8f__pptx	pptx	slides	slides/chartset-009/pptx/015_4-Option_Color_Wheel_Diagram_df7e4b8f.pptx	3	0.12	0.0400	0.06	1	0	ok	
015_Free_Gantt_Chart_Template_for_Excel_414e86bf__xlsx	xlsx	sheets	sheets/chartset-009/xlsx/015_Free_Gantt_Chart_Template_for_Excel_414e86bf.xlsx	8	0.90	0.1125	0.84	1	1	ok	top-centre: ink missing from ours — a graphic, glyphs or a fill (0.92% of page, x 0.40-0.58, y 0.26-0.38)
015_Project_Timeline_Template_Colored_Background_6434b0e8__docx	docx	words	words/chartset-011/docx/015_Project_Timeline_Template_Colored_Background_6434b0e8.docx	2	1.23	0.6150	1.23	1	1	ok	bottom-right: a fill or background shading the reference has and we do not (1.46% of page, x 0.79-0.99, y 0.91-0.98)
015_advanced_excel_bubble__xlsx	xlsx	sheets	sheets/chartset-003/xlsx/015_advanced_excel_bubble.xlsx	3	0.22	0.0733	0.12	2	0	ok	
015_advanced_powerpoint_scatter__pptx	pptx	slides	slides/chartset-001/pptx/015_advanced_powerpoint_scatter.pptx	1	0.00	0.0000	0.00	1	0	ok	
015_advanced_word_chart_report__docx	docx	words	words/chartset-002/docx/015_advanced_word_chart_report.docx	1	0.53	0.5300	0.53	1	0	ok	
016_4-Position_Org_Chart_1d3640b6__pptx	pptx	slides	slides/chartset-013/pptx/016_4-Position_Org_Chart_1d3640b6.pptx	3	1.49	0.4967	0.82	1	2	ok	top-centre: marks displaced or reshaped (5.46% of page, x 0.07-0.97, y 0.02-0.10)
016_Free_Organizational_Chart_Template_-_Company_Organization_Chart_db913144__xlsx	xlsx	sheets	sheets/chartset-014/xlsx/016_Free_Organizational_Chart_Template_-_Company_Organization_Chart_db913144.xlsx	4	2.14	0.5350	1.08	2	0	ok	
016_Project_Timeline_Template_Complete_Guide_7d36d09c__docx	docx	words	words/chartset-008/docx/016_Project_Timeline_Template_Complete_Guide_7d36d09c.docx	1	4.69	4.6900	4.69	1	1	ok	top-centre: ink we draw that the reference does not (11.26% of page, x 0.00-0.91, y 0.00-0.17)
016_advanced_excel_radar__xlsx	xlsx	sheets	sheets/chartset-001/xlsx/016_advanced_excel_radar.xlsx	3	0.12	0.0400	0.12	1	0	ok	
016_advanced_powerpoint_bubble__pptx	pptx	slides	slides/chartset-001/pptx/016_advanced_powerpoint_bubble.pptx	1	0.00	0.0000	0.00	1	0	ok	
016_advanced_word_chart_report__docx	docx	words	words/chartset-003/docx/016_advanced_word_chart_report.docx	1	0.49	0.4900	0.49	1	0	ok	
017_4-Stage_Vertical_Funnel_Diagram_for_PowerPoint_61e7bde5__pptx	pptx	slides	slides/chartset-006/pptx/017_4-Stage_Vertical_Funnel_Diagram_for_PowerPoint_61e7bde5.pptx	1	0.77	0.7700	0.77	1	1	ok	top-left: ink missing from ours — a graphic, glyphs or a fill (2.13% of page, x 0.07-0.43, y 0.09-0.17)
017_Project_Timeline_Template_Customizable_Format_5d5ca2e8__docx	docx	words	words/chartset-009/docx/017_Project_Timeline_Template_Customizable_Format_5d5ca2e8.docx	1	0.38	0.3800	0.38	1	0	ok	
017_Timeline_Templates_for_Excel_b88faee6__xlsx	xlsx	sheets	sheets/chartset-014/xlsx/017_Timeline_Templates_for_Excel_b88faee6.xlsx	3	0.43	0.1433	0.23	1	1	ok	
017_advanced_excel_bar__xlsx	xlsx	sheets	sheets/chartset-003/xlsx/017_advanced_excel_bar.xlsx	3	0.06	0.0200	0.06	1	0	ok	
017_advanced_powerpoint_bar__pptx	pptx	slides	slides/chartset-002/pptx/017_advanced_powerpoint_bar.pptx	1	0.06	0.0600	0.06	1	0	ok	
017_advanced_word_chart_report__docx	docx	words	words/chartset-002/docx/017_advanced_word_chart_report.docx	1	0.31	0.3100	0.31	1	0	ok	
018_4-Step_Hexagons_Puzzle_Diagram_for_PowerPoint_19957cce__pptx	pptx	slides	slides/chartset-008/pptx/018_4-Step_Hexagons_Puzzle_Diagram_for_PowerPoint_19957cce.pptx	3	1.51	0.5033	0.78	1	2	ok	top-left: ink missing from ours — a graphic, glyphs or a fill (1.34% of page, x 0.07-0.31, y 0.09-0.17)
018_Project_Timeline_Template_Editable_Format_e1cf1df5__docx	docx	words	words/chartset-007/docx/018_Project_Timeline_Template_Editable_Format_e1cf1df5.docx	1	0.84	0.8400	0.84	1	1	ok	top-right: ink we draw that the reference does not (1.64% of page, x 0.60-0.88, y 0.02-0.09)
018_Weight_Loss_Chart_-_Free_Printable_Weight_Loss_Charts_and_Weight_Log_3337bd0a__xlsx	xlsx	sheets	sheets/chartset-009/xlsx/018_Weight_Loss_Chart_-_Free_Printable_Weight_Loss_Charts_and_Weight_Log_3337bd0a.xlsx	10	1.40	0.1400	0.36	5	0	ok	
018_advanced_excel_line__xlsx	xlsx	sheets	sheets/chartset-003/xlsx/018_advanced_excel_line.xlsx	3	0.00	0.0000	0.00	1	0	ok	
018_advanced_powerpoint_column__pptx	pptx	slides	slides/chartset-004/pptx/018_advanced_powerpoint_column.pptx	1	0.01	0.0100	0.01	1	0	ok	
018_advanced_word_chart_report__docx	docx	words	words/chartset-004/docx/018_advanced_word_chart_report.docx	1	0.51	0.5100	0.51	1	0	ok	
019_4-Step_Segmented_Cycle_Process_2ff93c19__pptx	pptx	slides	slides/chartset-014/pptx/019_4-Step_Segmented_Cycle_Process_2ff93c19.pptx	3	0.28	0.0933	0.14	1	0	ok	
019_Free_Blood_Sugar_Chart_for_Excel_-_Track_Your_Blood_Sugar_Level_36f4a782__xlsx	xlsx	sheets	sheets/chartset-013/xlsx/019_Free_Blood_Sugar_Chart_for_Excel_-_Track_Your_Blood_Sugar_Level_36f4a782.xlsx	9	4.49	0.4989	1.47	1	2	ok	middle-centre: marks displaced or reshaped (33.91% of page, x 0.04-0.96, y 0.22-0.94)
019_Project_Timeline_Template_Excellent_Layout_4ee62967__docx	docx	words	words/chartset-009/docx/019_Project_Timeline_Template_Excellent_Layout_4ee62967.docx	1	0.51	0.5100	0.51	1	1	ok	top-centre: ink missing from ours — a graphic, glyphs or a fill (1.63% of page, x 0.35-0.64, y 0.12-0.21)
019_advanced_excel_pie__xlsx	xlsx	sheets	sheets/chartset-004/xlsx/019_advanced_excel_pie.xlsx	3	0.01	0.0033	0.01	1	0	ok	
019_advanced_powerpoint_line__pptx	pptx	slides	slides/chartset-003/pptx/019_advanced_powerpoint_line.pptx	1	0.03	0.0300	0.03	1	0	ok	
019_advanced_word_chart_report__docx	docx	words	words/chartset-003/docx/019_advanced_word_chart_report.docx	1	0.54	0.5400	0.54	1	0	ok	
020_5-Option_Color_Wheel_Diagram_104ea3b0__pptx	pptx	slides	slides/chartset-009/pptx/020_5-Option_Color_Wheel_Diagram_104ea3b0.pptx	3	0.11	0.0367	0.05	1	0	ok	
020_Free_Blood_Pressure_Chart_and_Printable_Blood_Pressure_Log_8f8dcc39__xlsx	xlsx	sheets	sheets/chartset-012/xlsx/020_Free_Blood_Pressure_Chart_and_Printable_Blood_Pressure_Log_8f8dcc39.xlsx	6	0.13	0.0217	0.04	1	0	ok	
020_Project_Timeline_Template_Modern_Theme_0c215d87__docx	docx	words	words/chartset-010/docx/020_Project_Timeline_Template_Modern_Theme_0c215d87.docx	1	0.45	0.4500	0.45	1	0	ok	
020_advanced_excel_doughnut__xlsx	xlsx	sheets	sheets/chartset-003/xlsx/020_advanced_excel_doughnut.xlsx	3	0.32	0.1067	0.32	1	0	ok	
020_advanced_powerpoint_pie__pptx	pptx	slides	slides/chartset-004/pptx/020_advanced_powerpoint_pie.pptx	1	0.07	0.0700	0.07	1	0	ok	
020_advanced_word_chart_report__docx	docx	words	words/chartset-001/docx/020_advanced_word_chart_report.docx	1	0.67	0.6700	0.67	1	0	ok	
021_5-Position_Org_Chart_cb042559__pptx	pptx	slides	slides/chartset-014/pptx/021_5-Position_Org_Chart_cb042559.pptx	3	1.48	0.4933	0.81	1	2	ok	top-centre: marks displaced or reshaped (5.47% of page, x 0.07-0.97, y 0.02-0.10)
021_Control_Chart_Template_-_Create_Control_Charts_in_Excel_fd3b1a5d__xlsx	xlsx	sheets	sheets/chartset-008/xlsx/021_Control_Chart_Template_-_Create_Control_Charts_in_Excel_fd3b1a5d.xlsx	5	0.50	0.1000	0.26	1	0	ok	
021_Unit_Circle_Chart_3D_Pie_Chart_404247ab__docx	docx	words	words/chartset-012/docx/021_Unit_Circle_Chart_3D_Pie_Chart_404247ab.docx	1	5.18	5.1800	5.18	1	1	ok	middle-centre: ink missing from ours — a graphic, glyphs or a fill (15.76% of page, x 0.07-0.95, y 0.26-0.63)
021_advanced_excel_area__xlsx	xlsx	sheets	sheets/chartset-002/xlsx/021_advanced_excel_area.xlsx	3	0.04	0.0133	0.03	2	0	ok	
021_advanced_powerpoint_doughnut__pptx	pptx	slides	slides/chartset-004/pptx/021_advanced_powerpoint_doughnut.pptx	1	0.17	0.1700	0.17	1	0	ok	
021_advanced_word_chart_report__docx	docx	words	words/chartset-002/docx/021_advanced_word_chart_report.docx	1	0.50	0.5000	0.50	1	0	ok	
022_5-Step_Hexagons_Puzzle_Diagram_for_PowerPoint_eda9895e__pptx	pptx	slides	slides/chartset-009/pptx/022_5-Step_Hexagons_Puzzle_Diagram_for_PowerPoint_eda9895e.pptx	3	1.52	0.5067	0.78	1	2	ok	top-centre: marks displaced or reshaped (4.69% of page, x 0.07-0.87, y 0.02-0.10)
022_Pareto_Chart_Template_-_Pareto_Analysis_in_Excel_with_Pareto_Diagram_82b5a874__xlsx	xlsx	sheets	sheets/chartset-005/xlsx/022_Pareto_Chart_Template_-_Pareto_Analysis_in_Excel_with_Pareto_Diagram_82b5a874.xlsx	2	0.41	0.2050	0.41	1	1	ok	top-right: ink we draw that the reference does not (1.62% of page, x 0.71-0.89, y 0.27-0.38)
022_Unit_Circle_Chart_Circle_A_and_B_19dbf275__docx	docx	words	words/chartset-011/docx/022_Unit_Circle_Chart_Circle_A_and_B_19dbf275.docx	1	0.16	0.1600	0.16	1	0	ok	
022_advanced_excel_scatter__xlsx	xlsx	sheets	sheets/chartset-001/xlsx/022_advanced_excel_scatter.xlsx	3	0.14	0.0467	0.14	1	0	ok	
022_advanced_powerpoint_area__pptx	pptx	slides	slides/chartset-004/pptx/022_advanced_powerpoint_area.pptx	1	0.00	0.0000	0.00	1	0	ok	
022_advanced_word_chart_report__docx	docx	words	words/chartset-004/docx/022_advanced_word_chart_report.docx	1	0.49	0.4900	0.49	1	0	ok	
023_5-Step_Progress_Cards_91d5ff57__pptx	pptx	slides	slides/chartset-013/pptx/023_5-Step_Progress_Cards_91d5ff57.pptx	3	0.56	0.1867	0.30	1	0	ok	
023_Unit_Circle_Chart_Circular_Percentage_790f7b75__docx	docx	words	words/chartset-010/docx/023_Unit_Circle_Chart_Circular_Percentage_790f7b75.docx	1	0.59	0.5900	0.59	1	1	ok	top-centre: ink we draw that the reference does not (0.53% of page, x 0.39-0.59, y 0.14-0.19)
023_Waterfall_Chart_Template_for_Excel_349f7689__xlsx	xlsx	sheets	sheets/chartset-008/xlsx/023_Waterfall_Chart_Template_for_Excel_349f7689.xlsx	5	2.44	0.4880	1.45	1	0	ok	
023_advanced_excel_bubble__xlsx	xlsx	sheets	sheets/chartset-004/xlsx/023_advanced_excel_bubble.xlsx	3	0.03	0.0100	0.02	1	0	ok	
023_advanced_powerpoint_scatter__pptx	pptx	slides	slides/chartset-002/pptx/023_advanced_powerpoint_scatter.pptx	1	0.00	0.0000	0.00	1	0	ok	
023_advanced_word_chart_report__docx	docx	words	words/chartset-002/docx/023_advanced_word_chart_report.docx	1	0.32	0.3200	0.32	1	0	ok	
024_5-Step_Segmented_Cycle_Process_c8ca37ef__pptx	pptx	slides	slides/chartset-014/pptx/024_5-Step_Segmented_Cycle_Process_c8ca37ef.pptx	3	0.28	0.0933	0.14	1	0	ok	
024_Free_Kids_Chore_Chart_Template_ad74bb34__xlsx	xlsx	sheets	sheets/chartset-009/xlsx/024_Free_Kids_Chore_Chart_Template_ad74bb34.xlsx	3	0.08	0.0267	0.05	2	0	ok	
024_Unit_Circle_Chart_Colorful_Circles_7c92601e__docx	docx	words	words/chartset-012/docx/024_Unit_Circle_Chart_Colorful_Circles_7c92601e.docx	1	0.29	0.2900	0.29	1	0	ok	
024_advanced_excel_radar__xlsx	xlsx	sheets	sheets/chartset-003/xlsx/024_advanced_excel_radar.xlsx	3	0.14	0.0467	0.14	1	0	ok	
024_advanced_powerpoint_bubble__pptx	pptx	slides	slides/chartset-002/pptx/024_advanced_powerpoint_bubble.pptx	1	0.00	0.0000	0.00	1	0	ok	
024_advanced_word_chart_report__docx	docx	words	words/chartset-004/docx/024_advanced_word_chart_report.docx	1	0.55	0.5500	0.55	1	0	ok	
025_6-Option_Color_Wheel_Diagram_27e1c74d__pptx	pptx	slides	slides/chartset-009/pptx/025_6-Option_Color_Wheel_Diagram_27e1c74d.pptx	3	0.12	0.0400	0.06	1	0	ok	
025_Printable_Reward_Charts_for_Kids_-_Reward_Chart_Template_aabacd93__xlsx	xlsx	sheets	sheets/chartset-014/xlsx/025_Printable_Reward_Charts_for_Kids_-_Reward_Chart_Template_aabacd93.xlsx	5	1.67	0.3340	0.83	1	0	ok	
025_Unit_Circle_Chart_Cos_and_Sin_Model_1ed01892__docx	docx	words	words/chartset-007/docx/025_Unit_Circle_Chart_Cos_and_Sin_Model_1ed01892.docx	1	0.18	0.1800	0.18	1	0	ok	
025_advanced_excel_bar__xlsx	xlsx	sheets	sheets/chartset-001/xlsx/025_advanced_excel_bar.xlsx	3	0.05	0.0167	0.05	1	0	ok	
025_advanced_powerpoint_bar__pptx	pptx	slides	slides/chartset-004/pptx/025_advanced_powerpoint_bar.pptx	1	0.06	0.0600	0.06	1	0	ok	
025_advanced_word_chart_report__docx	docx	words	words/chartset-003/docx/025_advanced_word_chart_report.docx	1	0.54	0.5400	0.54	1	0	ok	
026_6-Part_Hexagon_Radial_Diagram_b8ca3f40__pptx	pptx	slides	slides/chartset-011/pptx/026_6-Part_Hexagon_Radial_Diagram_b8ca3f40.pptx	3	1.22	0.4067	0.62	1	2	ok	top-centre: marks displaced or reshaped (5.80% of page, x 0.07-0.94, y 0.03-0.11)
026_Monthly_cash_flow_statement_Use_this_template_8aaebea1__xlsx	xlsx	sheets	sheets/chartset-012/xlsx/026_Monthly_cash_flow_statement_Use_this_template_8aaebea1.xlsx	11	0.44	0.0400	0.08	7	0	ok	
026_Unit_Circle_Chart_Four_Quadrants_09bf3ed1__docx	docx	words	words/chartset-010/docx/026_Unit_Circle_Chart_Four_Quadrants_09bf3ed1.docx	1	0.41	0.4100	0.41	1	0	ok	
026_advanced_excel_line__xlsx	xlsx	sheets	sheets/chartset-002/xlsx/026_advanced_excel_line.xlsx	3	0.00	0.0000	0.00	1	0	ok	
026_advanced_powerpoint_column__pptx	pptx	slides	slides/chartset-004/pptx/026_advanced_powerpoint_column.pptx	1	0.00	0.0000	0.00	1	0	ok	
026_advanced_word_chart_report__docx	docx	words	words/chartset-001/docx/026_advanced_word_chart_report.docx	1	0.40	0.4000	0.40	1	0	ok	
027_6-Point_Dual_Hub_Comparison_13f9af30__pptx	pptx	slides	slides/chartset-010/pptx/027_6-Point_Dual_Hub_Comparison_13f9af30.pptx	3	1.09	0.3633	0.56	1	2	ok	top-centre: marks displaced or reshaped (5.55% of page, x 0.07-0.91, y 0.03-0.11)
027_Simple_personal_cash_flow_statement_675c6584__xlsx	xlsx	sheets	sheets/chartset-014/xlsx/027_Simple_personal_cash_flow_statement_675c6584.xlsx	10	2.98	0.2980	1.38	2	1	ok	middle-centre: ink missing from ours — a graphic, glyphs or a fill (3.62% of page, x 0.23-0.52, y 0.26-0.41)
027_Unit_Circle_Chart_Graphical_Chart_5462a579__docx	docx	words	words/chartset-009/docx/027_Unit_Circle_Chart_Graphical_Chart_5462a579.docx	1	0.84	0.8400	0.84	1	0	ok	
027_advanced_excel_pie__xlsx	xlsx	sheets	sheets/chartset-002/xlsx/027_advanced_excel_pie.xlsx	3	0.01	0.0033	0.01	1	0	ok	
027_advanced_powerpoint_line__pptx	pptx	slides	slides/chartset-003/pptx/027_advanced_powerpoint_line.pptx	1	0.02	0.0200	0.02	1	0	ok	
027_advanced_word_chart_report__docx	docx	words	words/chartset-003/docx/027_advanced_word_chart_report.docx	1	0.49	0.4900	0.49	1	0	ok	
028_8-Point_Dual_Hub_Comparison_d6c5dde5__pptx	pptx	slides	slides/chartset-010/pptx/028_8-Point_Dual_Hub_Comparison_d6c5dde5.pptx	3	1.09	0.3633	0.55	1	0	ok	
028_Budget_summary_report_4aeefd13__xlsx	xlsx	sheets	sheets/chartset-011/xlsx/028_Budget_summary_report_4aeefd13.xlsx	4	0.70	0.1750	0.28	3	1	ok	
028_Unit_Circle_Chart_Optimized_Graph_83d9c756__docx	docx	words	words/chartset-010/docx/028_Unit_Circle_Chart_Optimized_Graph_83d9c756.docx	1	3.58	3.5800	3.58	1	1	ok	middle-centre: ink we draw that the reference does not (18.04% of page, x 0.06-0.90, y 0.29-0.62)
028_advanced_excel_doughnut__xlsx	xlsx	sheets	sheets/chartset-001/xlsx/028_advanced_excel_doughnut.xlsx	3	0.32	0.1067	0.32	1	0	ok	
028_advanced_powerpoint_pie__pptx	pptx	slides	slides/chartset-003/pptx/028_advanced_powerpoint_pie.pptx	1	0.07	0.0700	0.07	1	0	ok	
028_advanced_word_chart_report__docx	docx	words	words/chartset-003/docx/028_advanced_word_chart_report.docx	1	0.48	0.4800	0.48	1	0	ok	
029_8-Step_Neumorphic_Cycle_Diagram_b9b75044__pptx	pptx	slides	slides/chartset-014/pptx/029_8-Step_Neumorphic_Cycle_Diagram_b9b75044.pptx	3	0.54	0.1800	0.28	1	2	ok	top-centre: ink missing from ours — a graphic, glyphs or a fill (0.60% of page, x 0.53-0.64, y 0.10-0.16)
029_Unit_Circle_Chart_Pie_Theme_8a922142__docx	docx	words	words/chartset-011/docx/029_Unit_Circle_Chart_Pie_Theme_8a922142.docx	1	0.55	0.5500	0.55	1	0	ok	
029_advanced_excel_area__xlsx	xlsx	sheets	sheets/chartset-003/xlsx/029_advanced_excel_area.xlsx	3	0.07	0.0233	0.06	2	0	ok	
029_advanced_powerpoint_doughnut__pptx	pptx	slides	slides/chartset-004/pptx/029_advanced_powerpoint_doughnut.pptx	1	0.17	0.1700	0.17	1	0	ok	
029_advanced_word_chart_report__docx	docx	words	words/chartset-002/docx/029_advanced_word_chart_report.docx	1	0.31	0.3100	0.31	1	0	ok	
02_REDAC_New ATM briefing _March 2017v2__pptx	pptx	slides	slides/done-003/pptx/02_REDAC_New ATM briefing _March 2017v2.pptx	6	1.82	0.3033	0.45	5	0	ok	
030_Abstract_Petal_Diagram_71aa5e3a__pptx	pptx	slides	slides/chartset-009/pptx/030_Abstract_Petal_Diagram_71aa5e3a.pptx	3	0.63	0.2100	0.32	1	0	ok	
030_Unit_Circle_Chart_Points_System_23b5ef07__docx	docx	words	words/chartset-009/docx/030_Unit_Circle_Chart_Points_System_23b5ef07.docx	1	0.20	0.2000	0.20	1	0	ok	
030_advanced_excel_scatter__xlsx	xlsx	sheets	sheets/chartset-002/xlsx/030_advanced_excel_scatter.xlsx	3	0.24	0.0800	0.24	1	0	ok	
030_advanced_powerpoint_area__pptx	pptx	slides	slides/chartset-002/pptx/030_advanced_powerpoint_area.pptx	1	0.00	0.0000	0.00	1	0	ok	
030_advanced_word_chart_report__docx	docx	words	words/chartset-002/docx/030_advanced_word_chart_report.docx	1	0.53	0.5300	0.53	1	0	ok	
031_Alarm_Clock_Pie-Chart_for_PowerPoint_and_Google_Slides_0b185a05__pptx	pptx	slides	slides/chartset-006/pptx/031_Alarm_Clock_Pie-Chart_for_PowerPoint_and_Google_Slides_0b185a05.pptx	3	0.39	0.1300	0.32	1	0	ok	
031_Business_expense_budget_f3a46278__xlsx	xlsx	sheets	sheets/chartset-013/xlsx/031_Business_expense_budget_f3a46278.xlsx	8	0.32	0.0400	0.26	8	0	ok	
031_Venn_Diagram_Template_Blue_Theme_a9e417b8__docx	docx	words	words/chartset-012/docx/031_Venn_Diagram_Template_Blue_Theme_a9e417b8.docx	1	0.01	0.0100	0.01	1	0	ok	
031_advanced_excel_bubble__xlsx	xlsx	sheets	sheets/chartset-003/xlsx/031_advanced_excel_bubble.xlsx	3	0.02	0.0067	0.01	1	0	ok	
031_advanced_powerpoint_scatter__pptx	pptx	slides	slides/chartset-001/pptx/031_advanced_powerpoint_scatter.pptx	1	0.00	0.0000	0.00	1	0	ok	
031_advanced_word_chart_report__docx	docx	words	words/chartset-004/docx/031_advanced_word_chart_report.docx	1	0.53	0.5300	0.53	1	0	ok	
032_BCG_Growth-Share_Matrix_560d0485__pptx	pptx	slides	slides/chartset-013/pptx/032_BCG_Growth-Share_Matrix_560d0485.pptx	3	1.42	0.4733	1.32	2	1	ok	middle-centre: marks displaced or reshaped (5.05% of page, x 0.12-0.91, y 0.14-0.83)
032_Business_expenses_budget_d377eaab__xlsx	xlsx	sheets	sheets/chartset-013/xlsx/032_Business_expenses_budget_d377eaab.xlsx	4	0.51	0.1275	0.27	4	0	ok	
032_Venn_Diagram_Template_Brown_Theme_d5b549f0__docx	docx	words	words/chartset-010/docx/032_Venn_Diagram_Template_Brown_Theme_d5b549f0.docx	1	0.02	0.0200	0.02	1	0	ok	
032_advanced_excel_radar__xlsx	xlsx	sheets	sheets/chartset-001/xlsx/032_advanced_excel_radar.xlsx	3	0.12	0.0400	0.12	1	0	ok	
032_advanced_powerpoint_bubble__pptx	pptx	slides	slides/chartset-002/pptx/032_advanced_powerpoint_bubble.pptx	1	0.00	0.0000	0.00	1	0	ok	
032_advanced_word_chart_report__docx	docx	words	words/chartset-001/docx/032_advanced_word_chart_report.docx	1	0.65	0.6500	0.65	1	0	ok	
0335fab9-79f0-4944-b92c-f223837ca2d8__ppt	ppt	slides	slides/done-004/ppt/0335fab9-79f0-4944-b92c-f223837ca2d8.ppt	12	0.91	0.0758	0.24	3	0	ok	
033_Battery_Percentage_Chart_c99c24b5__pptx	pptx	slides	slides/chartset-009/pptx/033_Battery_Percentage_Chart_c99c24b5.pptx	3	0.10	0.0333	0.05	2	0	ok	
033_Venn_Diagram_Template_Colored_Theme_2aea6697__docx	docx	words	words/chartset-006/docx/033_Venn_Diagram_Template_Colored_Theme_2aea6697.docx	1	0.00	0.0000	0.00	1	0	ok	
033_advanced_excel_bar__xlsx	xlsx	sheets	sheets/chartset-001/xlsx/033_advanced_excel_bar.xlsx	3	0.06	0.0200	0.06	1	0	ok	
033_advanced_powerpoint_bar__pptx	pptx	slides	slides/chartset-002/pptx/033_advanced_powerpoint_bar.pptx	1	0.06	0.0600	0.06	1	0	ok	
033_advanced_word_chart_report__docx	docx	words	words/chartset-002/docx/033_advanced_word_chart_report.docx	1	0.49	0.4900	0.49	1	0	ok	
034_Central_Idea_Hub_Diagram_8258e6ad__pptx	pptx	slides	slides/chartset-011/pptx/034_Central_Idea_Hub_Diagram_8258e6ad.pptx	3	0.13	0.0433	0.06	1	0	ok	
034_Personal_net_worth_calculator_f7b8fb57__xlsx	xlsx	sheets	sheets/chartset-008/xlsx/034_Personal_net_worth_calculator_f7b8fb57.xlsx	7	0.01	0.0014	0.01	1	0	ok	
034_Venn_Diagram_Template_Customizable_Format_d14642b7__docx	docx	words	words/chartset-007/docx/034_Venn_Diagram_Template_Customizable_Format_d14642b7.docx	1	0.00	0.0000	0.00	1	0	ok	
034_advanced_excel_line__xlsx	xlsx	sheets	sheets/chartset-002/xlsx/034_advanced_excel_line.xlsx	3	0.00	0.0000	0.00	1	0	ok	
035_Chemistry_Column_PowerPoint_Chart_45bf8a76__pptx	pptx	slides	slides/chartset-007/pptx/035_Chemistry_Column_PowerPoint_Chart_45bf8a76.pptx	3	1.37	0.4567	0.69	2	0	ok	
035_Project_plan_for_law_firms_aa2d4462__xlsx	xlsx	sheets	sheets/chartset-013/xlsx/035_Project_plan_for_law_firms_aa2d4462.xlsx	4	1.02	0.2550	0.67	3	0	ok	
035_Venn_Diagram_Template_Editable_Format_966dff5f__docx	docx	words	words/chartset-008/docx/035_Venn_Diagram_Template_Editable_Format_966dff5f.docx	1	0.04	0.0400	0.04	1	0	ok	
036_Chevron_Process_Cards_3c8f0ea1__pptx	pptx	slides	slides/chartset-014/pptx/036_Chevron_Process_Cards_3c8f0ea1.pptx	3	0.08	0.0267	0.04	1	0	ok	
036_Simple_to-do_list_Use_this_template_ba44373b__xlsx	xlsx	sheets	sheets/chartset-012/xlsx/036_Simple_to-do_list_Use_this_template_ba44373b.xlsx	4	0.54	0.1350	0.31	1	2	ok	top-left: the same marks in a different colour (2.36% of page, x 0.25-0.40, y 0.08-0.29)
036_Venn_Diagram_Template_Fillable_Layout_3ffbba36__docx	docx	words	words/chartset-005/docx/036_Venn_Diagram_Template_Fillable_Layout_3ffbba36.docx	1	0.00	0.0000	0.00	1	0	ok	
037_Circle_Matrix_Framework_44bc5218__pptx	pptx	slides	slides/chartset-009/pptx/037_Circle_Matrix_Framework_44bc5218.pptx	3	0.09	0.0300	0.04	1	0	ok	
037_Personal_money_tracker_a57957bb__xlsx	xlsx	sheets	sheets/chartset-007/xlsx/037_Personal_money_tracker_a57957bb.xlsx	5	0.78	0.1560	0.30	2	1	ok	
037_Venn_Diagram_Template_Four_Circle_764829a0__docx	docx	words	words/chartset-009/docx/037_Venn_Diagram_Template_Four_Circle_764829a0.docx	1	0.05	0.0500	0.05	1	0	ok	
038_Baby_growth_chart_bb9cd672__xlsx	xlsx	sheets	sheets/chartset-014/xlsx/038_Baby_growth_chart_bb9cd672.xlsx	2	0.35	0.1750	0.31	2	0	ok	
038_Venn_Diagram_Template_Off_White_and_Blue_Theme_9dff385e__docx	docx	words	words/chartset-013/docx/038_Venn_Diagram_Template_Off_White_and_Blue_Theme_9dff385e.docx	1	0.01	0.0100	0.01	1	0	ok	
039_Baby_growth_tracker_e295ae56__xlsx	xlsx	sheets	sheets/chartset-014/xlsx/039_Baby_growth_tracker_e295ae56.xlsx	2	0.42	0.2100	0.40	2	1	ok	top-centre: marks displaced or reshaped (2.62% of page, x 0.10-0.58, y 0.25-0.31)
039_Consumer_Decision_Journey_for_PowerPoint_319207e1__pptx	pptx	slides	slides/chartset-007/pptx/039_Consumer_Decision_Journey_for_PowerPoint_319207e1.pptx	1	0.40	0.4000	0.40	1	1	ok	top-left: ink missing from ours — a graphic, glyphs or a fill (1.11% of page, x 0.07-0.27, y 0.09-0.17)
039_Venn_Diagram_Template_Simple_Format_6f82661d__docx	docx	words	words/chartset-011/docx/039_Venn_Diagram_Template_Simple_Format_6f82661d.docx	1	0.00	0.0000	0.00	1	0	ok	
03_Technical_Report_(progress)_template__docx	docx	words	words/done-015/docx/03_Technical_Report_(progress)_template.docx	10	0.59	0.0590	0.20	3	0	ok	
040_Blood_pressure_tracker_872b6833__xlsx	xlsx	sheets	sheets/chartset-007/xlsx/040_Blood_pressure_tracker_872b6833.xlsx	1	0.78	0.7800	0.78	1	0	ok	
040_Crab_Diagram_for_PowerPoint_and_Google_Slides_13d38ff3__pptx	pptx	slides	slides/chartset-008/pptx/040_Crab_Diagram_for_PowerPoint_and_Google_Slides_13d38ff3.pptx	3	0.50	0.1667	0.27	1	2	ok	top-left: ink missing from ours — a graphic, glyphs or a fill (0.60% of page, x 0.07-0.19, y 0.10-0.16)
040_Venn_Diagram_Template_Three_Circle_80f32f5e__docx	docx	words	words/chartset-011/docx/040_Venn_Diagram_Template_Three_Circle_80f32f5e.docx	1	0.01	0.0100	0.01	1	0	ok	
041_Business_budget_ef942467__xlsx	xlsx	sheets	sheets/chartset-009/xlsx/041_Business_budget_ef942467.xlsx	4	0.34	0.0850	0.14	3	0	ok	
041_Crosswise_Quadrant_Diagram_ea8bdf52__pptx	pptx	slides	slides/chartset-010/pptx/041_Crosswise_Quadrant_Diagram_ea8bdf52.pptx	3	0.22	0.0733	0.11	1	0	ok	
041_Visual_Product_Roadmap_Template_Blank_Format_63a3e010__docx	docx	words	words/chartset-009/docx/041_Visual_Product_Roadmap_Template_Blank_Format_63a3e010.docx	1	0.45	0.4500	0.45	1	1	ok	top-centre: ink we draw that the reference does not (1.38% of page, x 0.37-0.62, y 0.13-0.21)
042_Business_monthly_budget_4e4d092f__xlsx	xlsx	sheets	sheets/chartset-011/xlsx/042_Business_monthly_budget_4e4d092f.xlsx	4	0.02	0.0050	0.02	1	0	ok	
042_Diamond_Hub_Infographic_a60cfaa1__pptx	pptx	slides	slides/chartset-010/pptx/042_Diamond_Hub_Infographic_a60cfaa1.pptx	3	0.17	0.0567	0.08	1	0	ok	
042_Visual_Product_Roadmap_Template_Colored_Background_89385cfb__docx	docx	words	words/chartset-009/docx/042_Visual_Product_Roadmap_Template_Colored_Background_89385cfb.docx	1	0.52	0.5200	0.52	1	1	ok	top-centre: ink we draw that the reference does not (1.36% of page, x 0.45-0.70, y 0.11-0.22)
043_Buy_a_car_vs._rideshare_ff07c7e6__xlsx	xlsx	sheets	sheets/chartset-013/xlsx/043_Buy_a_car_vs._rideshare_ff07c7e6.xlsx	7	0.10	0.0143	0.08	1	0	ok	
043_Dual_Horizontal_Hierarchy_for_PowerPoint_and_Google_Slides_5074b09e__pptx	pptx	slides	slides/chartset-006/pptx/043_Dual_Horizontal_Hierarchy_for_PowerPoint_and_Google_Slides_5074b09e.pptx	3	0.79	0.2633	0.44	1	1	ok	
043_Visual_Product_Roadmap_Template_Customizable_Format_ee0fe5b1__docx	docx	words	words/chartset-011/docx/043_Visual_Product_Roadmap_Template_Customizable_Format_ee0fe5b1.docx	1	0.57	0.5700	0.57	1	1	ok	top-centre: ink we draw that the reference does not (1.29% of page, x 0.38-0.62, y 0.10-0.17)
044_Cash_flow_forecast_Use_this_template_b8fa1f35__xlsx	xlsx	sheets	sheets/chartset-006/xlsx/044_Cash_flow_forecast_Use_this_template_b8fa1f35.xlsx	5	0.11	0.0220	0.10	2	0	ok	
044_Dual_Mind_Spark_Chart_for_PowerPoint_a83f890a__pptx	pptx	slides	slides/chartset-006/pptx/044_Dual_Mind_Spark_Chart_for_PowerPoint_a83f890a.pptx	4	0.12	0.0300	0.05	1	0	ok	
044_Visual_Product_Roadmap_Template_Editable_Format_c232a2c0__docx	docx	words	words/chartset-012/docx/044_Visual_Product_Roadmap_Template_Editable_Format_c232a2c0.docx	1	0.72	0.7200	0.72	1	0	ok	
045_Dual-Segment_Quadrant_14a57221__pptx	pptx	slides	slides/chartset-010/pptx/045_Dual-Segment_Quadrant_14a57221.pptx	3	0.05	0.0167	0.02	1	0	ok	
045_Visual_Product_Roadmap_Template_Excellent_Format_e364063c__docx	docx	words	words/chartset-014/docx/045_Visual_Product_Roadmap_Template_Excellent_Format_e364063c.docx	1	1.76	1.7600	1.76	1	1	ok	middle-centre: marks displaced or reshaped (31.16% of page, x 0.04-0.96, y 0.29-0.98)
046_Cost_analysis_with_Pareto_chart_7db5ef69__xlsx	xlsx	sheets	sheets/chartset-008/xlsx/046_Cost_analysis_with_Pareto_chart_7db5ef69.xlsx	1	0.01	0.0100	0.01	1	0	ok	
046_Eight-Point_Strategic_Compass_35ee62de__pptx	pptx	slides	slides/chartset-011/pptx/046_Eight-Point_Strategic_Compass_35ee62de.pptx	3	0.17	0.0567	0.08	1	0	ok	
046_Visual_Product_Roadmap_Template_Fillable_Format_582acab0__docx	docx	words	words/chartset-008/docx/046_Visual_Product_Roadmap_Template_Fillable_Format_582acab0.docx	1	0.42	0.4200	0.42	1	1	ok	top-centre: ink we draw that the reference does not (1.30% of page, x 0.38-0.62, y 0.09-0.16)
047_Female_Radar_Brain_for_PowerPoint_and_Google_Slides_c2a541f6__pptx	pptx	slides	slides/chartset-007/pptx/047_Female_Radar_Brain_for_PowerPoint_and_Google_Slides_c2a541f6.pptx	4	1.36	0.3400	0.82	1	2	ok	top-centre: marks displaced or reshaped (5.09% of page, x 0.10-0.96, y 0.02-0.10)
047_Visual_Product_Roadmap_Template_Professional_Layout_2ff4499e__docx	docx	words	words/chartset-013/docx/047_Visual_Product_Roadmap_Template_Professional_Layout_2ff4499e.docx	1	0.57	0.5700	0.57	1	1	ok	top-centre: ink we draw that the reference does not (1.20% of page, x 0.37-0.62, y 0.09-0.16)
048_Expense_trends_budget_18d1e8ba__xlsx	xlsx	sheets	sheets/chartset-014/xlsx/048_Expense_trends_budget_18d1e8ba.xlsx	14	0.22	0.0157	0.10	2	0	ok	
048_Five-Arrows_Converging_Cycle_bb192e27__pptx	pptx	slides	slides/chartset-010/pptx/048_Five-Arrows_Converging_Cycle_bb192e27.pptx	3	0.96	0.3200	0.49	1	0	ok	
048_Visual_Product_Roadmap_Template_Quality_Layout_f38f7aee__docx	docx	words	words/chartset-013/docx/048_Visual_Product_Roadmap_Template_Quality_Layout_f38f7aee.docx	1	0.55	0.5500	0.55	1	0	ok	
049_Expenses_calculator_c351f3d0__xlsx	xlsx	sheets	sheets/chartset-013/xlsx/049_Expenses_calculator_c351f3d0.xlsx	4	0.58	0.1450	0.35	1	0	ok	
049_Five-Block_Hub_Spoke_42ee8593__pptx	pptx	slides	slides/chartset-013/pptx/049_Five-Block_Hub_Spoke_42ee8593.pptx	3	0.78	0.2600	0.43	2	0	ok	
049_Visual_Product_Roadmap_Template_Simple_Format_4af26e4f__docx	docx	words	words/chartset-007/docx/049_Visual_Product_Roadmap_Template_Simple_Format_4af26e4f.docx	1	1.08	1.0800	1.08	1	1	ok	top-centre: ink we draw that the reference does not (1.06% of page, x 0.39-0.61, y 0.10-0.16)
050_Financial_vision_d44241e1__xlsx	xlsx	sheets	sheets/chartset-007/xlsx/050_Financial_vision_d44241e1.xlsx	1	0.01	0.0100	0.01	1	0	ok	
050_Five-Point_Radial_Hub_00793e08__pptx	pptx	slides	slides/chartset-013/pptx/050_Five-Point_Radial_Hub_00793e08.pptx	3	0.22	0.0733	0.11	1	0	ok	
050_Visual_Product_Roadmap_Template_Yellow_and_Blue_Theme_49b50744__docx	docx	words	words/chartset-012/docx/050_Visual_Product_Roadmap_Template_Yellow_and_Blue_Theme_49b50744.docx	1	0.46	0.4600	0.46	1	1	ok	top-centre: ink we draw that the reference does not (1.45% of page, x 0.18-0.61, y 0.09-0.16)
051_Five-Stage_Zigzag_Timeline_2bd39be9__pptx	pptx	slides	slides/chartset-011/pptx/051_Five-Stage_Zigzag_Timeline_2bd39be9.pptx	3	0.18	0.0600	0.09	2	0	ok	
051_Manufacturer_defect_analysis_53db27ea__xlsx	xlsx	sheets	sheets/chartset-008/xlsx/051_Manufacturer_defect_analysis_53db27ea.xlsx	1	0.02	0.0200	0.02	1	0	ok	
051_Organogram_Template_Basic_Theme_e6464d06__docx	docx	words	words/chartset-010/docx/051_Organogram_Template_Basic_Theme_e6464d06.docx	1	0.82	0.8200	0.82	1	0	ok	
052_Flame_Percentage_Chart_d27d49c4__pptx	pptx	slides	slides/chartset-009/pptx/052_Flame_Percentage_Chart_d27d49c4.pptx	3	0.05	0.0167	0.02	1	0	ok	
052_Manufacturing_output_chart_88570318__xlsx	xlsx	sheets	sheets/chartset-006/xlsx/052_Manufacturing_output_chart_88570318.xlsx	1	0.46	0.4600	0.46	1	0	ok	
052_Organogram_Template_Colorful_Flow_Chart_cba9fbfe__docx	docx	words	words/chartset-005/docx/052_Organogram_Template_Colorful_Flow_Chart_cba9fbfe.docx	1	0.17	0.1700	0.17	1	0	ok	
053_Flow_Wave_Process_9c0082f4__pptx	pptx	slides	slides/chartset-011/pptx/053_Flow_Wave_Process_9c0082f4.pptx	3	0.15	0.0500	0.07	1	0	ok	
053_Organogram_Template_Creative_Theme_21657a3d__docx	docx	words	words/chartset-005/docx/053_Organogram_Template_Creative_Theme_21657a3d.docx	1	0.08	0.0800	0.08	1	0	ok	
054_Flowchart_Board_Game_for_PowerPoint_and_Google_Slides_1b047962__pptx	pptx	slides	slides/chartset-007/pptx/054_Flowchart_Board_Game_for_PowerPoint_and_Google_Slides_1b047962.pptx	3	0.09	0.0300	0.05	2	0	ok	
054_Organogram_Template_Grey_Vertical_Theme_b2dbd9a8__docx	docx	words	words/chartset-005/docx/054_Organogram_Template_Grey_Vertical_Theme_b2dbd9a8.docx	1	0.18	0.1800	0.18	1	0	ok	
054_Problem_analysis_with_Pareto_chart_11058329__xlsx	xlsx	sheets	sheets/chartset-007/xlsx/054_Problem_analysis_with_Pareto_chart_11058329.xlsx	1	0.00	0.0000	0.00	1	0	ok	
055_Four_Pillar_Hierarchy_for_PowerPoint_and_Google_Slides_6b42ed18__pptx	pptx	slides	slides/chartset-006/pptx/055_Four_Pillar_Hierarchy_for_PowerPoint_and_Google_Slides_6b42ed18.pptx	3	1.56	0.5200	0.85	1	2	ok	top-centre: marks displaced or reshaped (5.29% of page, x 0.10-0.98, y 0.02-0.10)
055_Organogram_Template_Horizontal_Structure_28a7e725__docx	docx	words	words/chartset-012/docx/055_Organogram_Template_Horizontal_Structure_28a7e725.docx	1	0.71	0.7100	0.71	1	1	ok	top-centre: ink we draw that the reference does not (0.95% of page, x 0.37-0.57, y 0.14-0.20)
056_Four-Block_Hub_Spoke_134b89d1__pptx	pptx	slides	slides/chartset-013/pptx/056_Four-Block_Hub_Spoke_134b89d1.pptx	3	0.77	0.2567	0.42	2	0	ok	
056_Organogram_Template_Square_Theme_38f373d4__docx	docx	words	words/chartset-010/docx/056_Organogram_Template_Square_Theme_38f373d4.docx	1	0.42	0.4200	0.42	1	0	ok	
056_Quarterly_sale_report_baa6bb0d__xlsx	xlsx	sheets	sheets/chartset-009/xlsx/056_Quarterly_sale_report_baa6bb0d.xlsx	4	0.08	0.0200	0.08	3	0	ok	
057_Four-Branch_Diagram_for_PowerPoint_and_Google_Slides_ddf5d27c__pptx	pptx	slides	slides/chartset-007/pptx/057_Four-Branch_Diagram_for_PowerPoint_and_Google_Slides_ddf5d27c.pptx	3	1.59	0.5300	0.86	1	2	ok	top-centre: marks displaced or reshaped (5.33% of page, x 0.10-1.00, y 0.02-0.10)
057_Organogram_Template_Vertical_Colorful_Theme_724b143c__docx	docx	words	words/chartset-006/docx/057_Organogram_Template_Vertical_Colorful_Theme_724b143c.docx	1	0.26	0.2600	0.26	1	1	ok	top-centre: ink we draw that the reference does not (0.77% of page, x 0.32-0.48, y 0.11-0.18)
058_Four-Direction_Divergence_Diagram_for_PowerPoint_and_Google_Slides_9838e28d__pptx	pptx	slides	slides/chartset-008/pptx/058_Four-Direction_Divergence_Diagram_for_PowerPoint_and_Google_Slides_9838e28d.pptx	3	0.63	0.2100	0.35	1	0	ok	
058_Organogram_Template_With_Picture_Theme_44b79368__docx	docx	words	words/chartset-007/docx/058_Organogram_Template_With_Picture_Theme_44b79368.docx	1	0.23	0.2300	0.23	1	1	ok	top-centre: ink we draw that the reference does not (0.79% of page, x 0.35-0.51, y 0.15-0.21)
058_Social_media_engagement_data_cfa1cb18__xlsx	xlsx	sheets	sheets/chartset-007/xlsx/058_Social_media_engagement_data_cfa1cb18.xlsx	1	0.06	0.0600	0.06	1	0	ok	
059_Disease_Concept_Map_Template_4acf63f2__docx	docx	words	words/chartset-013/docx/059_Disease_Concept_Map_Template_4acf63f2.docx	1	0.49	0.4900	0.49	1	0	ok	
059_Four-Part_Concept_Puzzle_30cea7e5__pptx	pptx	slides	slides/chartset-014/pptx/059_Four-Part_Concept_Puzzle_30cea7e5.pptx	6	0.20	0.0333	0.04	1	0	ok	
059_Milestone_and_task_project_timeline_Use_this_template_24f1e8f1__xlsx	xlsx	sheets	sheets/chartset-013/xlsx/059_Milestone_and_task_project_timeline_Use_this_template_24f1e8f1.xlsx	3	1.60	0.5333	1.58	1	1	ok	middle-centre: marks displaced or reshaped (12.53% of page, x 0.07-0.90, y 0.14-0.59)
060_Four-Part_Radial_Core_Diagram_40d6614e__pptx	pptx	slides	slides/chartset-011/pptx/060_Four-Part_Radial_Core_Diagram_40d6614e.pptx	3	0.98	0.3267	0.50	1	2	ok	top-centre: marks displaced or reshaped (5.67% of page, x 0.07-0.93, y 0.03-0.11)
060_Human_Body_Concept_Map_Template_ac872cfb__docx	docx	words	words/chartset-013/docx/060_Human_Body_Concept_Map_Template_ac872cfb.docx	1	0.32	0.3200	0.32	1	0	ok	
060_Monthly_company_budget_47b2a99a__xlsx	xlsx	sheets	sheets/chartset-011/xlsx/060_Monthly_company_budget_47b2a99a.xlsx	4	1.49	0.3725	0.79	4	0	ok	
061_Four-Stage_Serpentine_Chart_05699efe__pptx	pptx	slides	slides/chartset-012/pptx/061_Four-Stage_Serpentine_Chart_05699efe.pptx	3	0.36	0.1200	0.19	2	0	ok	
061_Nursing_Concept_Map_Template_fb9816f0__docx	docx	words	words/chartset-011/docx/061_Nursing_Concept_Map_Template_fb9816f0.docx	1	0.57	0.5700	0.57	1	1	ok	top-centre: ink we draw that the reference does not (1.49% of page, x 0.44-0.72, y 0.11-0.20)
061_Regional_sales_chart_cb9eb690__xlsx	xlsx	sheets	sheets/chartset-006/xlsx/061_Regional_sales_chart_cb9eb690.xlsx	1	0.05	0.0500	0.05	1	0	ok	
062_Four-Step_Growth_Staircase_8a3ef338__pptx	pptx	slides	slides/chartset-011/pptx/062_Four-Step_Growth_Staircase_8a3ef338.pptx	3	0.09	0.0300	0.05	2	0	ok	
062_Run_chart_cb7476ea__xlsx	xlsx	sheets	sheets/chartset-010/xlsx/062_Run_chart_cb7476ea.xlsx	2	1.96	0.9800	1.58	1	1	ok	middle-centre: marks displaced or reshaped (18.23% of page, x 0.10-0.91, y 0.25-0.76)
062_Vocabulary_Concept_Map_Template_2f7c1c09__docx	docx	words	words/chartset-014/docx/062_Vocabulary_Concept_Map_Template_2f7c1c09.docx	1	0.32	0.3200	0.32	1	1	ok	top-centre: ink we draw that the reference does not (1.21% of page, x 0.17-0.51, y 0.12-0.18)
063_Foot_Reflexology_Chart_Complete_Guide_cf5ed992__docx	docx	words	words/chartset-014/docx/063_Foot_Reflexology_Chart_Complete_Guide_cf5ed992.docx	1	0.14	0.1400	0.14	1	1	ok	top-centre: ink we draw that the reference does not (0.74% of page, x 0.43-0.57, y 0.15-0.22)
063_Four-Step_Infinity_Loop_3480185b__pptx	pptx	slides	slides/chartset-010/pptx/063_Four-Step_Infinity_Loop_3480185b.pptx	3	0.06	0.0200	0.03	1	0	ok	
063_Sales_pipeline_aec57013__xlsx	xlsx	sheets	sheets/chartset-007/xlsx/063_Sales_pipeline_aec57013.xlsx	1	1.79	1.7900	1.79	1	1	ok	bottom-right: ink we draw that the reference does not (2.82% of page, x 0.47-0.89, y 0.74-0.83)
064_Foot_Reflexology_Chart_Customizable_Format_79b7db06__docx	docx	words	words/chartset-011/docx/064_Foot_Reflexology_Chart_Customizable_Format_79b7db06.docx	1	0.30	0.3000	0.30	1	1	ok	top-centre: a fill or background shading we draw and the reference does not (0.67% of page, x 0.43-0.56, y 0.12-0.18)
064_Four-Step_Success_Cycle_30c0a917__pptx	pptx	slides	slides/chartset-012/pptx/064_Four-Step_Success_Cycle_30c0a917.pptx	3	0.13	0.0433	0.06	1	0	ok	
064_Small_business_cash_flow_Use_this_template_0a640756__xlsx	xlsx	sheets	sheets/chartset-014/xlsx/064_Small_business_cash_flow_Use_this_template_0a640756.xlsx	7	2.19	0.3129	1.44	2	3	ok	top-right: ink missing from ours — a graphic, glyphs or a fill (2.86% of page, x 0.45-0.91, y 0.23-0.34)
065_Fourfold_Ribbon_Rings_for_PowerPoint_and_Google_Slides_39687419__pptx	pptx	slides	slides/chartset-008/pptx/065_Fourfold_Ribbon_Rings_for_PowerPoint_and_Google_Slides_39687419.pptx	3	0.17	0.0567	0.13	1	0	ok	
065_Work_Breakdown_Structure_Template_Blue_Theme_2b207f62__docx	docx	words	words/chartset-011/docx/065_Work_Breakdown_Structure_Template_Blue_Theme_2b207f62.docx	1	1.45	1.4500	1.45	1	0	ok	
066_Free_PowerPoint_Layered_Funnel_Process_c0b380ec__pptx	pptx	slides	slides/chartset-013/pptx/066_Free_PowerPoint_Layered_Funnel_Process_c0b380ec.pptx	5	3.95	0.7900	0.79	1	5	ok	top-left: ink missing from ours — a graphic, glyphs or a fill (2.13% of page, x 0.07-0.43, y 0.09-0.17)
066_Work_Breakdown_Structure_Template_Colored_Background_c27ff248__docx	docx	words	words/chartset-010/docx/066_Work_Breakdown_Structure_Template_Colored_Background_c27ff248.docx	1	1.93	1.9300	1.93	1	1	ok	bottom-centre: marks displaced or reshaped (2.56% of page, x 0.30-0.70, y 0.85-0.93)
067_Basic_invoice_Use_this_template_1d35c3e9__xlsx	xlsx	sheets	sheets/chartset-005/xlsx/067_Basic_invoice_Use_this_template_1d35c3e9.xlsx	1	0.00	0.0000	0.00	1	0	ok	
067_Free_PowerPoint_Layered_Funnel_Process_4_Stages_4deb9647__pptx	pptx	slides	slides/chartset-012/pptx/067_Free_PowerPoint_Layered_Funnel_Process_4_Stages_4deb9647.pptx	4	3.16	0.7900	0.79	1	4	ok	top-left: ink missing from ours — a graphic, glyphs or a fill (2.13% of page, x 0.07-0.43, y 0.09-0.17)
067_Work_Breakdown_Structure_Template_Gray_Theme_89f8be8b__docx	docx	words	words/chartset-010/docx/067_Work_Breakdown_Structure_Template_Gray_Theme_89f8be8b.docx	1	1.50	1.5000	1.50	1	0	ok	
068_Blue_inventory_list_Use_this_template_f9908489__xlsx	xlsx	sheets	sheets/chartset-012/xlsx/068_Blue_inventory_list_Use_this_template_f9908489.xlsx	4	0.05	0.0125	0.02	4	0	ok	
068_Funnel_Diagram_for_PowerPoint_with_2_Steps_437e4ba7__pptx	pptx	slides	slides/chartset-005/pptx/068_Funnel_Diagram_for_PowerPoint_with_2_Steps_437e4ba7.pptx	1	0.78	0.7800	0.78	1	1	ok	top-left: ink missing from ours — a graphic, glyphs or a fill (2.13% of page, x 0.07-0.43, y 0.09-0.17)
068_Work_Breakdown_Structure_Template_Green_Theme_63e69ed8__docx	docx	words	words/chartset-011/docx/068_Work_Breakdown_Structure_Template_Green_Theme_63e69ed8.docx	1	0.14	0.1400	0.14	1	0	ok	
069_Blue_modern_balance_sheet_Use_this_template_6b4d70d3__xlsx	xlsx	sheets	sheets/chartset-010/xlsx/069_Blue_modern_balance_sheet_Use_this_template_6b4d70d3.xlsx	4	0.03	0.0075	0.03	1	0	ok	
069_Funnel_Diagram_for_PowerPoint_with_3_Steps_f96396fc__pptx	pptx	slides	slides/chartset-005/pptx/069_Funnel_Diagram_for_PowerPoint_with_3_Steps_f96396fc.pptx	1	0.07	0.0700	0.07	1	0	ok	
069_Work_Breakdown_Structure_Template_Professional_Format_1e02dce1__docx	docx	words	words/chartset-013/docx/069_Work_Breakdown_Structure_Template_Professional_Format_1e02dce1.docx	1	0.81	0.8100	0.81	1	1	ok	top-centre: ink missing from ours — a graphic, glyphs or a fill (0.92% of page, x 0.40-0.59, y 0.13-0.18)
07-04__doc	doc	words	words/done-004/doc/07-04.doc	3	0.49	0.1633	0.19	1	0	ok	
070_Funnel_Diagram_for_PowerPoint_with_4_Steps_975f1642__pptx	pptx	slides	slides/chartset-005/pptx/070_Funnel_Diagram_for_PowerPoint_with_4_Steps_975f1642.pptx	1	0.09	0.0900	0.09	1	0	ok	
070_Storyboard_Template_Blank_Format_fc41673a__docx	docx	words	words/chartset-014/docx/070_Storyboard_Template_Blank_Format_fc41673a.docx	1	0.10	0.1000	0.10	1	0	ok	
071_Funnel_Diagram_for_PowerPoint_with_5_Steps_5ceacdec__pptx	pptx	slides	slides/chartset-005/pptx/071_Funnel_Diagram_for_PowerPoint_with_5_Steps_5ceacdec.pptx	1	0.10	0.1000	0.10	1	0	ok	
071_Storyboard_Template_Cartoon_Theme_ae113de2__docx	docx	words	words/chartset-014/docx/071_Storyboard_Template_Cartoon_Theme_ae113de2.docx	1	0.14	0.1400	0.14	1	0	ok	
072_Gantt_project_planner_dde00e33__xlsx	xlsx	sheets	sheets/chartset-010/xlsx/072_Gantt_project_planner_dde00e33.xlsx	1	1.11	1.1100	1.11	1	0	ok	
072_Gear_Pie_Chart_for_PowerPoint_and_Google_Slides_d464d3a0__pptx	pptx	slides	slides/chartset-008/pptx/072_Gear_Pie_Chart_for_PowerPoint_and_Google_Slides_d464d3a0.pptx	3	1.50	0.5000	0.90	2	0	ok	
072_Storyboard_Template_Colored_Theme_28524a15__docx	docx	words	words/chartset-013/docx/072_Storyboard_Template_Colored_Theme_28524a15.docx	1	0.25	0.2500	0.25	1	0	ok	
073_Graph_paper_6e1a30eb__xlsx	xlsx	sheets	sheets/chartset-005/xlsx/073_Graph_paper_6e1a30eb.xlsx	4	0.00	0.0000	0.00	1	0	ok	
073_Halo_Radial_for_PowerPoint_and_Google_Slides_4bd0918b__pptx	pptx	slides	slides/chartset-012/pptx/073_Halo_Radial_for_PowerPoint_and_Google_Slides_4bd0918b.pptx	3	0.13	0.0433	0.09	1	0	ok	
073_Storyboard_Template_Easy_to_Use_44ce05fc__docx	docx	words	words/chartset-013/docx/073_Storyboard_Template_Easy_to_Use_44ce05fc.docx	1	1.39	1.3900	1.39	1	1	ok	top-left: ink we draw that the reference does not (2.89% of page, x 0.04-0.48, y 0.10-0.18)
074_Hashtag_Matrix_246eb8d9__pptx	pptx	slides	slides/chartset-012/pptx/074_Hashtag_Matrix_246eb8d9.pptx	3	0.09	0.0300	0.04	1	0	ok	
074_Idea_planner_bacaa123__xlsx	xlsx	sheets	sheets/chartset-005/xlsx/074_Idea_planner_bacaa123.xlsx	1	0.06	0.0600	0.06	1	1	ok	top-left: a fill or background shading the reference has and we do not (0.58% of page, x 0.02-0.35, y 0.27-0.29)
074_Storyboard_Template_Editable_Design_132436d1__docx	docx	words	words/chartset-007/docx/074_Storyboard_Template_Editable_Design_132436d1.docx	1	0.04	0.0400	0.04	1	0	ok	
075_Heart_Arc_Radial_for_PowerPoint_and_Google_Slides_a27a3021__pptx	pptx	slides	slides/chartset-009/pptx/075_Heart_Arc_Radial_for_PowerPoint_and_Google_Slides_a27a3021.pptx	3	1.51	0.5033	0.83	1	2	ok	top-centre: marks displaced or reshaped (4.66% of page, x 0.10-0.87, y 0.02-0.10)
075_Idea_planner_tasks_f44ebd73__xlsx	xlsx	sheets	sheets/chartset-009/xlsx/075_Idea_planner_tasks_f44ebd73.xlsx	1	0.25	0.2500	0.25	1	1	ok	top-centre: a fill or background shading we draw and the reference does not (0.67% of page, x 0.53-0.72, y 0.26-0.30)
075_Storyboard_Template_Fillable_Format_7fa01641__docx	docx	words	words/chartset-013/docx/075_Storyboard_Template_Fillable_Format_7fa01641.docx	1	0.71	0.7100	0.71	1	0	ok	
076_Hexadonut_Charts_for_PowerPoint_and_Google_Slides_2b879835__pptx	pptx	slides	slides/chartset-005/pptx/076_Hexadonut_Charts_for_PowerPoint_and_Google_Slides_2b879835.pptx	3	1.58	0.5267	0.86	1	2	ok	top-centre: marks displaced or reshaped (4.85% of page, x 0.10-0.92, y 0.02-0.10)
076_Inventory_list_accessibility_guide_Use_this_template_f43dab19__xlsx	xlsx	sheets	sheets/chartset-014/xlsx/076_Inventory_list_accessibility_guide_Use_this_template_f43dab19.xlsx	9	0.99	0.1100	0.24	6	0	ok	
076_Storyboard_Template_Gray_Theme_1e5fd5e5__docx	docx	words	words/chartset-014/docx/076_Storyboard_Template_Gray_Theme_1e5fd5e5.docx	1	0.02	0.0200	0.02	1	0	ok	
077_Horizontal_Org_Chart_for_PowerPoint_and_Google_Slides_8cf07020__pptx	pptx	slides	slides/chartset-006/pptx/077_Horizontal_Org_Chart_for_PowerPoint_and_Google_Slides_8cf07020.pptx	3	1.51	0.5033	0.82	1	2	ok	top-centre: marks displaced or reshaped (5.36% of page, x 0.10-0.98, y 0.02-0.10)
077_Inventory_list_with_highlighting_Use_this_template_36d8d57a__xlsx	xlsx	sheets	sheets/chartset-011/xlsx/077_Inventory_list_with_highlighting_Use_this_template_36d8d57a.xlsx	1	0.01	0.0100	0.01	1	0	ok	
077_Storyboard_Template_Pink_and_Blue_Theme_805e82ab__docx	docx	words	words/chartset-009/docx/077_Storyboard_Template_Pink_and_Blue_Theme_805e82ab.docx	1	1.05	1.0500	1.05	1	0	ok	
078_Horizontal_Pyramid_Org_Chart_for_PowerPoint_and_Google_Slides_70ea115a__pptx	pptx	slides	slides/chartset-008/pptx/078_Horizontal_Pyramid_Org_Chart_for_PowerPoint_and_Google_Slides_70ea115a.pptx	3	0.16	0.0533	0.12	1	0	ok	
078_Modern_inventory_list_Use_this_template_41abd5bf__xlsx	xlsx	sheets	sheets/chartset-010/xlsx/078_Modern_inventory_list_Use_this_template_41abd5bf.xlsx	1	0.00	0.0000	0.00	1	0	ok	
078_Storyboard_Template_Pink_and_Gray_Theme_ea89553f__docx	docx	words	words/chartset-014/docx/078_Storyboard_Template_Pink_and_Gray_Theme_ea89553f.docx	1	0.40	0.4000	0.40	1	0	ok	
079_Horizontal_Relationships_for_PowerPoint_and_Google_Slides_a3d35f63__pptx	pptx	slides	slides/chartset-013/pptx/079_Horizontal_Relationships_for_PowerPoint_and_Google_Slides_a3d35f63.pptx	3	1.32	0.4400	1.15	1	0	ok	
079_Org_charts_visual_248d1dcf__xlsx	xlsx	sheets	sheets/chartset-010/xlsx/079_Org_charts_visual_248d1dcf.xlsx	3	0.06	0.0200	0.05	1	0	ok	
079_Storyboard_Template_Simple_Format_81653703__docx	docx	words	words/chartset-014/docx/079_Storyboard_Template_Simple_Format_81653703.docx	1	1.67	1.6700	1.67	1	1	ok	middle-right: marks displaced or reshaped (7.05% of page, x 0.61-0.96, y 0.15-0.55)
080214-Intl-pol-frameworks-and-their-implications-for-Africa-ISS-workshop__ppt	ppt	slides	slides/done-002/ppt/080214-Intl-pol-frameworks-and-their-implications-for-Africa-ISS-workshop.ppt	18	9.06	0.5033	1.49	11	2	ok	
080_Infographic_Cycle_Venn_Diagram_for_PowerPoint_2e3cdb7f__pptx	pptx	slides	slides/chartset-012/pptx/080_Infographic_Cycle_Venn_Diagram_for_PowerPoint_2e3cdb7f.pptx	3	0.38	0.1267	0.21	1	0	ok	
080_Printable_Graph_Paper_Template_Black_Theme_6b066be1__docx	docx	words	words/chartset-007/docx/080_Printable_Graph_Paper_Template_Black_Theme_6b066be1.docx	1	0.01	0.0100	0.01	1	0	ok	
080_Profit_and_loss_income_statement_3566dae9__xlsx	xlsx	sheets	sheets/chartset-012/xlsx/080_Profit_and_loss_income_statement_3566dae9.xlsx	3	0.01	0.0033	0.01	3	0	ok	
081_Infographic_Funnel_w_3_Stages_for_PowerPoint_28e26b31__pptx	pptx	slides	slides/chartset-014/pptx/081_Infographic_Funnel_w_3_Stages_for_PowerPoint_28e26b31.pptx	3	1.70	0.5667	0.95	1	2	ok	top-centre: ink missing from ours — a graphic, glyphs or a fill (1.75% of page, x 0.38-0.71, y 0.09-0.16)
081_Printable_Graph_Paper_Template_Blue_Theme_629316cb__docx	docx	words	words/chartset-006/docx/081_Printable_Graph_Paper_Template_Blue_Theme_629316cb.docx	1	2.01	2.0100	2.01	1	1	ok	middle-centre: a fill of the wrong colour (34.86% of page, x 0.07-0.93, y 0.17-0.63)
081_Project_performance_report_Use_this_template_be2468b3__xlsx	xlsx	sheets	sheets/chartset-009/xlsx/081_Project_performance_report_Use_this_template_be2468b3.xlsx	2	0.70	0.3500	0.59	1	0	ok	
082_Infographic_Funnel_with_4_Stages_for_PowerPoint_72d4f125__pptx	pptx	slides	slides/chartset-014/pptx/082_Infographic_Funnel_with_4_Stages_for_PowerPoint_72d4f125.pptx	3	1.71	0.5700	0.95	1	2	ok	top-centre: ink missing from ours — a graphic, glyphs or a fill (1.75% of page, x 0.38-0.71, y 0.09-0.16)
082_Printable_Graph_Paper_Template_Colored_Background_9092cf9b__docx	docx	words	words/chartset-009/docx/082_Printable_Graph_Paper_Template_Colored_Background_9092cf9b.docx	1	0.02	0.0200	0.02	1	0	ok	
082_Project_to_do_list_28f80082__xlsx	xlsx	sheets	sheets/chartset-007/xlsx/082_Project_to_do_list_28f80082.xlsx	2	0.03	0.0150	0.02	2	0	ok	
083_Infographic_Hexagon_Cluster_for_PowerPoint_and_Google_Slides_ef811a12__pptx	pptx	slides	slides/chartset-007/pptx/083_Infographic_Hexagon_Cluster_for_PowerPoint_and_Google_Slides_ef811a12.pptx	3	0.22	0.0733	0.12	1	0	ok	
083_Printable_Graph_Paper_Template_Customizable_Format_55ff93a3__docx	docx	words	words/chartset-005/docx/083_Printable_Graph_Paper_Template_Customizable_Format_55ff93a3.docx	1	0.00	0.0000	0.00	1	0	ok	
083_Project_tracker_Use_this_template_b38d057c__xlsx	xlsx	sheets	sheets/chartset-007/xlsx/083_Project_tracker_Use_this_template_b38d057c.xlsx	2	0.08	0.0400	0.05	2	0	ok	
084_Infographic_Hierarchy_Tree_for_PowerPoint_fda8141c__pptx	pptx	slides	slides/chartset-005/pptx/084_Infographic_Hierarchy_Tree_for_PowerPoint_fda8141c.pptx	3	0.25	0.0833	0.13	1	2	ok	top-right: ink missing from ours — a graphic, glyphs or a fill (0.45% of page, x 0.84-0.93, y 0.02-0.09)
084_Printable_Graph_Paper_Template_Editable_Layout_d66c6820__docx	docx	words	words/chartset-005/docx/084_Printable_Graph_Paper_Template_Editable_Layout_d66c6820.docx	1	1.35	1.3500	1.35	1	1	ok	top-centre: marks displaced or reshaped (3.42% of page, x 0.10-0.89, y 0.06-0.57)
084_Service_invoice_Use_this_template_c92b43dc__xlsx	xlsx	sheets	sheets/chartset-010/xlsx/084_Service_invoice_Use_this_template_c92b43dc.xlsx	3	0.00	0.0000	0.00	1	0	ok	
085_Infographic_Org_Chart_for_PowerPoint_5_Blocks_3870252f__pptx	pptx	slides	slides/chartset-014/pptx/085_Infographic_Org_Chart_for_PowerPoint_5_Blocks_3870252f.pptx	3	0.69	0.2300	0.40	1	2	ok	top-centre: marks displaced or reshaped (7.58% of page, x 0.07-0.69, y 0.02-0.17)
085_Printable_Graph_Paper_Template_Excellent_Format_4bcae89a__docx	docx	words	words/chartset-005/docx/085_Printable_Graph_Paper_Template_Excellent_Format_4bcae89a.docx	1	0.08	0.0800	0.08	1	0	ok	
085_Simple_Gantt_chart_d65b8377__xlsx	xlsx	sheets	sheets/chartset-009/xlsx/085_Simple_Gantt_chart_d65b8377.xlsx	3	0.69	0.2300	0.68	1	0	ok	
086_Infographic_Org_Chart_for_PowerPoint_6_Blocks_f9086d83__pptx	pptx	slides	slides/chartset-014/pptx/086_Infographic_Org_Chart_for_PowerPoint_6_Blocks_f9086d83.pptx	3	0.49	0.1633	0.27	2	1	ok	top-centre: marks displaced or reshaped (7.54% of page, x 0.07-0.69, y 0.02-0.17)
086_Printable_Graph_Paper_Template_Gray_Theme_7300e5d7__docx	docx	words	words/chartset-006/docx/086_Printable_Graph_Paper_Template_Gray_Theme_7300e5d7.docx	1	0.08	0.0800	0.08	1	0	ok	
086_Simple_grey_invoice_Use_this_template_063b3773__xlsx	xlsx	sheets	sheets/chartset-010/xlsx/086_Simple_grey_invoice_Use_this_template_063b3773.xlsx	1	0.02	0.0200	0.02	1	0	ok	
087_Infographic_Organization_Chart_for_PowerPoint_and_Google_Slides_2d951912__pptx	pptx	slides	slides/chartset-009/pptx/087_Infographic_Organization_Chart_for_PowerPoint_and_Google_Slides_2d951912.pptx	4	0.39	0.0975	0.17	2	0	ok	
087_Printable_Graph_Paper_Template_Green_Theme_0c14ea04__docx	docx	words	words/chartset-005/docx/087_Printable_Graph_Paper_Template_Green_Theme_0c14ea04.docx	2	0.02	0.0100	0.02	1	0	ok	
087_Simple_personal_budget_3cf9b1af__xlsx	xlsx	sheets	sheets/chartset-013/xlsx/087_Simple_personal_budget_3cf9b1af.xlsx	3	0.05	0.0167	0.02	1	0	ok	
088_Infographic_Quadrant_Pie_Chart_7b1e8abd__pptx	pptx	slides	slides/chartset-013/pptx/088_Infographic_Quadrant_Pie_Chart_7b1e8abd.pptx	3	2.98	0.9933	1.53	1	2	ok	top-centre: marks displaced or reshaped (5.80% of page, x 0.07-0.68, y 0.02-0.17)
088_Printable_Graph_Paper_Template_Quality_layout_33051f6e__docx	docx	words	words/chartset-006/docx/088_Printable_Graph_Paper_Template_Quality_layout_33051f6e.docx	1	0.00	0.0000	0.00	1	0	ok	
088_To-do_list_with_progress_tracker_Use_this_template_8c438912__xlsx	xlsx	sheets	sheets/chartset-006/xlsx/088_To-do_list_with_progress_tracker_Use_this_template_8c438912.xlsx	1	0.04	0.0400	0.04	1	0	ok	
089_Infographic_Radial_Matrix_for_PowerPoint_and_Google_Slides_eb0550f2__pptx	pptx	slides	slides/chartset-012/pptx/089_Infographic_Radial_Matrix_for_PowerPoint_and_Google_Slides_eb0550f2.pptx	3	0.64	0.2133	0.40	2	1	ok	top-centre: ink we draw that the reference does not (0.83% of page, x 0.35-0.49, y 0.09-0.17)
089_Printable_Graph_Paper_Template_Simlpe_Format_3aff1c88__docx	docx	words	words/chartset-007/docx/089_Printable_Graph_Paper_Template_Simlpe_Format_3aff1c88.docx	1	0.06	0.0600	0.06	1	0	ok	
089_Vintage_inventory_list_Use_this_template_f616cac0__xlsx	xlsx	sheets	sheets/chartset-006/xlsx/089_Vintage_inventory_list_Use_this_template_f616cac0.xlsx	1	0.00	0.0000	0.00	1	0	ok	
090_Business_Case_Template_Blue_Theme_108ff0f1__docx	docx	words	words/chartset-010/docx/090_Business_Case_Template_Blue_Theme_108ff0f1.docx	1	2.23	2.2300	2.23	1	1	ok	middle-left: marks displaced or reshaped (6.42% of page, x 0.00-0.37, y 0.02-0.98)
090_Infographic_Radial_for_PowerPoint_and_Google_Slides_16a69891__pptx	pptx	slides	slides/chartset-007/pptx/090_Infographic_Radial_for_PowerPoint_and_Google_Slides_16a69891.pptx	3	0.59	0.1967	0.33	1	2	ok	top-left: ink missing from ours — a graphic, glyphs or a fill (0.60% of page, x 0.07-0.19, y 0.10-0.16)
090_Weekly_time_sheet_Use_this_template_0499cc43__xlsx	xlsx	sheets	sheets/chartset-007/xlsx/090_Weekly_time_sheet_Use_this_template_0499cc43.xlsx	1	0.00	0.0000	0.00	1	0	ok	
091_Business_Case_Template_Complete_Guide_cb91a140__docx	docx	words	words/chartset-013/docx/091_Business_Case_Template_Complete_Guide_cb91a140.docx	5	0.25	0.0500	0.20	1	0	ok	
091_Infographic_Radial_for_PowerPoint_and_Google_Slides_c6909fa6__pptx	pptx	slides	slides/chartset-007/pptx/091_Infographic_Radial_for_PowerPoint_and_Google_Slides_c6909fa6.pptx	3	0.57	0.1900	0.31	1	2	ok	top-left: ink missing from ours — a graphic, glyphs or a fill (0.60% of page, x 0.07-0.19, y 0.10-0.16)
091_Volunteer_Sign_Up_Sheet_Template_Colored_Background_2cb58d01__xlsx	xlsx	sheets	sheets/chartset-005/xlsx/091_Volunteer_Sign_Up_Sheet_Template_Colored_Background_2cb58d01.xlsx	1	0.41	0.4100	0.41	1	1	ok	top-centre: ink missing from ours — a graphic, glyphs or a fill (0.98% of page, x 0.35-0.61, y 0.15-0.20)
092_Business_Case_Template_Convenient_Format_00786cce__docx	docx	words	words/chartset-008/docx/092_Business_Case_Template_Convenient_Format_00786cce.docx	7	0.19	0.0271	0.19	2	0	ok	
092_Infographic_Tree_Diagram_for_PowerPoint_and_Google_Slides_d721fa00__pptx	pptx	slides	slides/chartset-007/pptx/092_Infographic_Tree_Diagram_for_PowerPoint_and_Google_Slides_d721fa00.pptx	3	0.18	0.0600	0.10	1	0	ok	
092_Volunteer_Sign_Up_Sheet_Template_Complete_Guide_31fe4d22__xlsx	xlsx	sheets	sheets/chartset-008/xlsx/092_Volunteer_Sign_Up_Sheet_Template_Complete_Guide_31fe4d22.xlsx	1	0.19	0.1900	0.19	1	1	ok	top-left: a fill or background shading the reference has and we do not (1.15% of page, x 0.08-0.27, y 0.10-0.16)
093_Business_Case_Template_Customizable_Layout_510c25e7__docx	docx	words	words/chartset-006/docx/093_Business_Case_Template_Customizable_Layout_510c25e7.docx	1	0.87	0.8700	0.87	1	0	ok	
093_Insightful_Zoom_Chart_22b5464e__pptx	pptx	slides	slides/chartset-010/pptx/093_Insightful_Zoom_Chart_22b5464e.pptx	3	1.53	0.5100	0.88	1	0	ok	
093_Volunteer_Sign_Up_Sheet_Template_Customizable_Format_3a4d6b58__xlsx	xlsx	sheets	sheets/chartset-005/xlsx/093_Volunteer_Sign_Up_Sheet_Template_Customizable_Format_3a4d6b58.xlsx	2	0.44	0.2200	0.43	2	1	ok	top-centre: a fill or background shading the reference has and we do not (0.99% of page, x 0.31-0.60, y 0.07-0.11)
094_Business_Case_Template_Decent_Layout_e7722f2b__docx	docx	words	words/chartset-007/docx/094_Business_Case_Template_Decent_Layout_e7722f2b.docx	1	0.00	0.0000	0.00	1	0	ok	
094_Intersecting_Teardrops_for_PowerPoint_and_Google_Slides_ff43aedb__pptx	pptx	slides	slides/chartset-006/pptx/094_Intersecting_Teardrops_for_PowerPoint_and_Google_Slides_ff43aedb.pptx	3	0.06	0.0200	0.04	1	0	ok	
094_Volunteer_Sign_Up_Sheet_Template_Editable_Format_6711b281__xlsx	xlsx	sheets	sheets/chartset-008/xlsx/094_Volunteer_Sign_Up_Sheet_Template_Editable_Format_6711b281.xlsx	1	0.31	0.3100	0.31	1	1	ok	bottom-centre: a fill or background shading the reference has and we do not (1.16% of page, x 0.36-0.55, y 0.82-0.88)
095_Business_Case_Template_Easy_Format_61de7128__docx	docx	words	words/chartset-012/docx/095_Business_Case_Template_Easy_Format_61de7128.docx	1	0.02	0.0200	0.02	1	0	ok	
095_Interwoven_Bars_e5aa46c2__pptx	pptx	slides	slides/chartset-010/pptx/095_Interwoven_Bars_e5aa46c2.pptx	3	1.62	0.5400	0.83	1	2	ok	top-centre: marks displaced or reshaped (4.64% of page, x 0.07-0.88, y 0.02-0.10)
095_Volunteer_Sign_Up_Sheet_Template_Fillable_Format_b3330009__xlsx	xlsx	sheets	sheets/chartset-005/xlsx/095_Volunteer_Sign_Up_Sheet_Template_Fillable_Format_b3330009.xlsx	1	0.36	0.3600	0.36	1	1	ok	bottom-centre: a fill or background shading the reference has and we do not (1.03% of page, x 0.38-0.57, y 0.84-0.89)
096_Business_Case_Template_Editable_Layout_41fe0bc0__docx	docx	words	words/chartset-012/docx/096_Business_Case_Template_Editable_Layout_41fe0bc0.docx	1	0.18	0.1800	0.18	1	0	ok	
096_Lab_Flask_Charts_for_PowerPoint_and_Google_Slides_91e3cbb5__pptx	pptx	slides	slides/chartset-007/pptx/096_Lab_Flask_Charts_for_PowerPoint_and_Google_Slides_91e3cbb5.pptx	3	1.64	0.5467	0.91	1	2	ok	top-centre: marks displaced or reshaped (4.74% of page, x 0.10-0.89, y 0.02-0.10)
096_Volunteer_Sign_Up_Sheet_Template_Green_Theme_b4f1809d__xlsx	xlsx	sheets	sheets/chartset-005/xlsx/096_Volunteer_Sign_Up_Sheet_Template_Green_Theme_b4f1809d.xlsx	2	0.23	0.1150	0.23	2	1	ok	top-centre: ink missing from ours — a graphic, glyphs or a fill (1.06% of page, x 0.32-0.57, y 0.06-0.11)
097_Business_Case_Template_Elegant_Layout_3ba9cbf2__docx	docx	words	words/chartset-006/docx/097_Business_Case_Template_Elegant_Layout_3ba9cbf2.docx	2	0.05	0.0250	0.05	1	0	ok	
097_Labeled_Organization_Chart_for_PowerPoint_and_Google_Slides_f24fa592__pptx	pptx	slides	slides/chartset-011/pptx/097_Labeled_Organization_Chart_for_PowerPoint_and_Google_Slides_f24fa592.pptx	3	0.20	0.0667	0.14	1	0	ok	
097_Volunteer_Sign_Up_Sheet_Template_Professional_Format_075d06ed__xlsx	xlsx	sheets	sheets/chartset-012/xlsx/097_Volunteer_Sign_Up_Sheet_Template_Professional_Format_075d06ed.xlsx	1	0.42	0.4200	0.42	1	1	ok	bottom-centre: a fill or background shading the reference has and we do not (0.96% of page, x 0.33-0.58, y 0.88-0.92)
098_Business_Case_Template_Fillable_Layout_d0c5410e__docx	docx	words	words/chartset-008/docx/098_Business_Case_Template_Fillable_Layout_d0c5410e.docx	1	0.14	0.1400	0.14	1	0	ok	
098_Leaning_Cards_Process_dadb3738__pptx	pptx	slides	slides/chartset-011/pptx/098_Leaning_Cards_Process_dadb3738.pptx	3	0.09	0.0300	0.05	1	0	ok	
098_Volunteer_Sign_Up_Sheet_Template_Simple_Layout_080a06a1__xlsx	xlsx	sheets	sheets/chartset-005/xlsx/098_Volunteer_Sign_Up_Sheet_Template_Simple_Layout_080a06a1.xlsx	1	0.40	0.4000	0.40	1	1	ok	top-left: a fill or background shading the reference has and we do not (0.88% of page, x 0.08-0.24, y 0.08-0.14)
099_Business_Case_Template_Gray_Theme_ac3edbf4__docx	docx	words	words/chartset-006/docx/099_Business_Case_Template_Gray_Theme_ac3edbf4.docx	1	0.00	0.0000	0.00	1	0	ok	
099_Light_Bulb_SWOT_for_PowerPoint_and_Google_Slides_554a1e33__pptx	pptx	slides	slides/chartset-006/pptx/099_Light_Bulb_SWOT_for_PowerPoint_and_Google_Slides_554a1e33.pptx	3	1.44	0.4800	0.78	1	2	ok	top-centre: marks displaced or reshaped (4.97% of page, x 0.11-0.90, y 0.02-0.10)
099_Volunteer_Sign_Up_Sheet_Template_Stylish_Format_c0cc35a6__xlsx	xlsx	sheets	sheets/chartset-008/xlsx/099_Volunteer_Sign_Up_Sheet_Template_Stylish_Format_c0cc35a6.xlsx	1	0.18	0.1800	0.18	1	1	ok	top-left: a fill or background shading we draw and the reference does not (1.18% of page, x 0.08-0.28, y 0.09-0.15)
09__docx	docx	words	words/done-007/docx/09.docx	2	0.06	0.0300	0.06	1	0	ok	
0c662f5c948a7d81d32ffd833c5cc59421a5f522__docx	docx	words	words/done-007/docx/0c662f5c948a7d81d32ffd833c5cc59421a5f522.docx	1	0.01	0.0100	0.01	1	0	ok	
1-secretariat__ppt	ppt	slides	slides/done-007/ppt/1-secretariat.ppt	10	2.97	0.2970	0.66	3	2	ok	
10. Drawings, circuit diagrams and schematics__pptx	pptx	slides	slides/done-007/pptx/10. Drawings, circuit diagrams and schematics.pptx	23	3.14	0.1365	0.22	7	0	ok	
100_Business_Case_Template_Modern_Format_ff9e7282__docx	docx	words	words/chartset-008/docx/100_Business_Case_Template_Modern_Format_ff9e7282.docx	5	0.64	0.1280	0.29	1	1	ok	top-centre: ink we draw that the reference does not (1.60% of page, x 0.42-0.58, y 0.08-0.20)
100_Lime_and_Lemon_Data-Driven_Chart_for_PowerPoint_d7bb4a44__pptx	pptx	slides	slides/chartset-008/pptx/100_Lime_and_Lemon_Data-Driven_Chart_for_PowerPoint_d7bb4a44.pptx	5	8.24	1.6480	2.79	1	4	ok	middle-left: the same marks in a different colour (7.90% of page, x 0.11-0.45, y 0.30-0.76)
100_Volunteer_Sign_Up_Sheet_Template_Tabular_Format_0975f34e__xlsx	xlsx	sheets	sheets/chartset-010/xlsx/100_Volunteer_Sign_Up_Sheet_Template_Tabular_Format_0975f34e.xlsx	1	0.53	0.5300	0.53	1	1	ok	bottom-centre: a fill or background shading the reference has and we do not (1.08% of page, x 0.37-0.57, y 0.84-0.90)
10795__doc	doc	words	words/done-003/doc/10795.doc	4	0.39	0.0975	0.18	3	0	ok	
111006 COMSTAC STOWG Aero spaceports IFG__pptx	pptx	slides	slides/done-001/pptx/111006 COMSTAC STOWG Aero spaceports IFG.pptx	8	0.34	0.0425	0.25	1	1	ok	bottom-right: a fill or background shading the reference has and we do not (2.11% of page, x 0.81-0.94, y 0.79-0.95)
114339-PROP-P127508-PUBLIC-PPCRNARCPPforPublication__xlsx	xlsx	sheets	sheets/done-007/xlsx/114339-PROP-P127508-PUBLIC-PPCRNARCPPforPublication.xlsx	21	1.40	0.0667	0.36	2	3	ok	
1200-Assigning-Club-officers__pptx	pptx	slides	slides/done-015/pptx/1200-Assigning-Club-officers.pptx	16	0.46	0.0288	0.29	10	0	ok	
120509coss__doc	doc	words	words/done-016/doc/120509coss.doc	25	0.38	0.0152	0.07	19	0	ok	
1228841571067_2009_TPPT_13__2007_TPPT_102__R-108535759__doc	doc	words	words/done-013/doc/1228841571067_2009_TPPT_13__2007_TPPT_102__R-108535759.doc	12	3.58	0.2983	1.24	6	2	ok	bottom-centre: marks displaced or reshaped (5.56% of page, x 0.13-0.86, y 0.70-0.80)
1244277 1 Comment__doc	doc	words	words/done-006/doc/1244277 1 Comment.doc	2	0.01	0.0050	0.01	1	0	ok	
1245685 1 Comment__doc	doc	words	words/done-008/doc/1245685 1 Comment.doc	1	0.00	0.0000	0.00	1	0	ok	
1257259179492_2007_TPPT_102_Supporting_Doc_2-434003080__doc	doc	words	words/done-013/doc/1257259179492_2007_TPPT_102_Supporting_Doc_2-434003080.doc	9	1.92	0.2133	0.55	5	1	ok	middle-centre: a solid area drawn differently (31.53% of page, x 0.13-0.86, y 0.38-0.87)
135__doc	doc	words	words/done-011/doc/135.doc	14	0.94	0.0671	0.20	7	0	ok	
1447__doc	doc	words	words/pagination-001/doc/1447.doc	4	0.05	0.0125	0.04	2	0	ok	
150-5370-10H__docx	docx	words	words/pagination-003/docx/150-5370-10H.docx	727	109.22	0.1502	3.21	7	726	ok	top-centre: marks displaced or reshaped (5.20% of page, x 0.11-0.86, y 0.22-0.35)
150_5300_13_chg12__doc	doc	words	words/pagination-002/doc/150_5300_13_chg12.doc	31	8.10	0.2613	1.85	25	1	ok	middle-centre: marks displaced or reshaped (15.55% of page, x 0.13-0.90, y 0.20-0.55)
150_5335_5a__doc	doc	words	words/done-016/doc/150_5335_5a.doc	64	21.46	0.3353	2.78	13	7	ok	top-centre: marks displaced or reshaped (35.39% of page, x 0.16-0.90, y 0.00-0.62)
1528039320__docx	docx	words	words/done-004/docx/1528039320.docx	1	0.02	0.0200	0.02	1	0	ok	
1528364855__doc	doc	words	words/done-010/doc/1528364855.doc	3	0.47	0.1567	0.26	3	0	ok	
1603642410-MoM-CASCOM-06-2020-draft04__docx	docx	words	words/done-014/docx/1603642410-MoM-CASCOM-06-2020-draft04.docx	9	0.92	0.1022	0.34	3	0	ok	
16424782563923__xlsx	xlsx	sheets	sheets/done-001/xlsx/16424782563923.xlsx	3	0.00	0.0000	0.00	1	0	ok	
171128IPAP__pptx	pptx	slides	slides/done-011/pptx/171128IPAP.pptx	40	9.77	0.2443	1.91	40	2	ok	middle-centre: marks displaced or reshaped (30.10% of page, x 0.09-0.93, y 0.17-0.85)
18-02RD301_ILS_components_Master_9-13-18__xls	xls	sheets	sheets/done-013/xls/18-02RD301_ILS_components_Master_9-13-18.xls	166	0.33	0.0020	0.10	69	0	ok	
19-06 Assistive Technology TAB Final - 508__docx	docx	words	words/done-012/docx/19-06 Assistive Technology TAB Final - 508.docx	8	1.52	0.1900	0.37	5	1	ok	
191216_Lesefassung_Nachtflugregelung__docx	docx	words	words/done-003/docx/191216_Lesefassung_Nachtflugregelung.docx	3	0.00	0.0000	0.00	1	0	ok	
195584360__docx	docx	words	words/done-010/docx/195584360.docx	20	6.67	0.3335	1.53	14	4	ok	bottom-centre: ink missing from ours — a graphic, glyphs or a fill (2.38% of page, x 0.10-0.93, y 0.77-0.81)
1_Country-Updates_DRC_English__pptx	pptx	slides	slides/done-011/pptx/1_Country-Updates_DRC_English.pptx	16	0.55	0.0344	0.13	1	0	ok	
1_tpr_template__from_fy14___docx	docx	words	words/done-014/docx/1_tpr_template__from_fy14_.docx	8	4.07	0.5088	3.68	8	1	ok	the whole page: marks displaced or reshaped (40.23% of page, x 0.06-0.91, y 0.14-0.99)
20110608_psp__docx	docx	words	words/done-012/docx/20110608_psp.docx	3	0.24	0.0800	0.13	3	0	ok	
2012-GA-Survey-Chapter-5-Tables-16Dec2013-V2__xls	xls	sheets	sheets/done-002/xls/2012-GA-Survey-Chapter-5-Tables-16Dec2013-V2.xls	3	0.39	0.1300	0.37	1	0	ok	
2012-GA-Survey-Chapter-6-Tables-16Dec2013-V2__xls	xls	sheets	sheets/done-002/xls/2012-GA-Survey-Chapter-6-Tables-16Dec2013-V2.xls	5	0.25	0.0500	0.25	1	0	ok	
2013-op12-Annex III - Curriculum Vitae__doc	doc	words	words/done-009/doc/2013-op12-Annex III - Curriculum Vitae.doc	3	0.10	0.0333	0.10	1	1	ok	top-centre: a fill or background shading we draw and the reference does not (0.85% of page, x 0.31-0.68, y 0.08-0.10)
2013_11__doc	doc	words	words/done-015/doc/2013_11.doc	8	1.72	0.2150	0.51	4	2	ok	the whole page: marks displaced or reshaped (59.29% of page, x 0.05-0.94, y 0.07-0.90)
2014BSA_Sunday_Killion__pptx	pptx	slides	slides/done-013/pptx/2014BSA_Sunday_Killion.pptx	50	6.89	0.1378	0.54	21	1	ok	
2015-19 top 25 Arms producing companies data - to upload on website - FINAL_edit__xlsx	xlsx	sheets	sheets/done-008/xlsx/2015-19 top 25 Arms producing companies data - to upload on website - FINAL_edit.xlsx	19	0.00	0.0000	0.00	1	0	ok	
2015-April-SWIM_Users_Forum-Q&A__docx	docx	words	words/done-003/docx/2015-April-SWIM_Users_Forum-Q&A.docx	5	0.35	0.0700	0.16	2	0	ok	
2015-Civil-Rights-Website-training__ppt	ppt	slides	slides/done-013/ppt/2015-Civil-Rights-Website-training.ppt	94	20.12	0.2140	1.65	94	12	ok	top-right: ink we draw that the reference does not (2.48% of page, x 0.57-0.96, y 0.15-0.23)
2017-04-27-Lease-Transition-Records-Checklist-FINAL-1__xlsx	xlsx	sheets	sheets/ceiling-001/xlsx/2017-04-27-Lease-Transition-Records-Checklist-FINAL-1.xlsx	5	0.55	0.1100	0.21	4	0	ok	
2020-01-29-Lease-Transition-Records-Checklist-FINAL-1__xlsx	xlsx	sheets	sheets/ceiling-001/xlsx/2020-01-29-Lease-Transition-Records-Checklist-FINAL-1.xlsx	5	0.70	0.1400	0.17	1	0	ok	
2023-qhp-form-and-rate-combined-checklist-final__xlsx	xlsx	sheets	sheets/done-011/xlsx/2023-qhp-form-and-rate-combined-checklist-final.xlsx	100	3.09	0.0309	0.27	4	3	ok	
2024-12_Comlux_opens_Maintenance_and_Service_Center_in_Dubai__docx	docx	words	words/done-005/docx/2024-12_Comlux_opens_Maintenance_and_Service_Center_in_Dubai.docx	3	1.40	0.4667	0.59	3	0	ok	
2024-2nd-quarter-case-summaries__doc	doc	words	words/done-008/doc/2024-2nd-quarter-case-summaries.doc	10	0.21	0.0210	0.04	1	0	ok	
2025_Active_Civil_Airmen_Statistics_FINAL__xlsx	xlsx	sheets	sheets/done-012/xlsx/2025_Active_Civil_Airmen_Statistics_FINAL.xlsx	35	4.72	0.1349	0.49	23	8	ok	top-left: ink we draw that the reference does not (1.31% of page, x 0.04-0.33, y 0.09-0.15)
23-session-2-pptx__pptx	pptx	slides	slides/done-011/pptx/23-session-2-pptx.pptx	16	0.61	0.0381	0.21	10	1	ok	
231164_SystemDesignDocument__docx	docx	words	words/done-014/docx/231164_SystemDesignDocument.docx	28	1.97	0.0704	0.32	1	1	ok	bottom-centre: a fill or background shading the reference has and we do not (1.06% of page, x 0.11-0.89, y 0.94-0.96)
237287_0486190101_0486190101_geolink2neu__doc	doc	words	words/done-009/doc/237287_0486190101_0486190101_geolink2neu.doc	8	0.00	0.0000	0.00	1	0	ok	
24-25_FAA_Holdover_Tables__docx	docx	words	words/pagination-001/docx/24-25_FAA_Holdover_Tables.docx	145	334.19	2.3048	13.98	109	32	ok	middle-centre: ink missing from ours — a graphic, glyphs or a fill (51.37% of page, x 0.07-0.93, y 0.15-0.88)
2ca950374241722b8ea7c132dfce63ae__doc	doc	words	words/done-004/doc/2ca950374241722b8ea7c132dfce63ae.doc	3	1.02	0.3400	0.40	2	0	ok	
30-04-2021 merged NDoH and NICD_Presentation HBV BD meeting 05May2021_1__pptx	pptx	slides	slides/done-009/pptx/30-04-2021 merged NDoH and NICD_Presentation HBV BD meeting 05May2021_1.pptx	18	2.63	0.1461	0.47	3	1	ok	bottom-left: ink we draw that the reference does not (1.60% of page, x 0.07-0.44, y 0.80-0.85)
300502-Mecenat-Airbus-Simusante_CHU-Amiens-Picardie__doc	doc	words	words/done-014/doc/300502-Mecenat-Airbus-Simusante_CHU-Amiens-Picardie.doc	1	0.36	0.3600	0.36	1	0	ok	
316r_a_e__doc	doc	words	words/done-005/doc/316r_a_e.doc	14	0.17	0.0121	0.06	3	0	ok	
316r_a_f__doc	doc	words	words/done-005/doc/316r_a_f.doc	14	0.17	0.0121	0.05	11	0	ok	
33004__docx	docx	words	words/missing-001/docx/33004.docx	47	7.65	0.1628	0.47	41	1	ok	
3492__pptx	pptx	slides	slides/done-011/pptx/3492.pptx	22	3.08	0.1400	0.70	15	1	ok	middle-right: a fill or background shading we draw and the reference does not (4.09% of page, x 0.65-0.91, y 0.27-0.42)
3495__pptx	pptx	slides	slides/done-011/pptx/3495.pptx	26	10.25	0.3942	3.06	9	3	ok	middle-right: ink missing from ours — a graphic, glyphs or a fill (9.76% of page, x 0.46-0.94, y 0.36-0.82)
361400CSLegislation1RF01PUBLIC1__doc	doc	words	words/done-010/doc/361400CSLegislation1RF01PUBLIC1.doc	35	1.27	0.0363	0.44	33	1	ok	bottom-centre: marks displaced or reshaped (4.87% of page, x 0.14-0.86, y 0.82-0.90)
4-12-Kings-Attachment-13-Application-Architecture-Security-Requirements__xls	xls	sheets	sheets/done-003/xls/4-12-Kings-Attachment-13-Application-Architecture-Security-Requirements.xls	6	0.13	0.0217	0.11	5	0	ok	
429_BLISc 2019 IInd Sem.  PAPER-7 UNIT 3__pptx	pptx	slides	slides/done-012/pptx/429_BLISc 2019 IInd Sem.  PAPER-7 UNIT 3.pptx	20	1.01	0.0505	0.55	6	0	ok	
4400-91_Proposal_To_Lease_Space_10-2024__docx	docx	words	words/done-008/docx/4400-91_Proposal_To_Lease_Space_10-2024.docx	6	0.16	0.0267	0.05	5	0	ok	
461249__docx	docx	words	words/done-004/docx/461249.docx	5	1.31	0.2620	0.57	4	0	ok	
5709.16 ch.40_mgfinal__docx	docx	words	words/done-010/docx/5709.16 ch.40_mgfinal.docx	32	1.99	0.0622	0.83	2	1	ok	
5b_upasana_dasgupta_-_liability_and_registration__pptx	pptx	slides	slides/done-005/pptx/5b_upasana_dasgupta_-_liability_and_registration.pptx	15	0.65	0.0433	0.18	3	0	ok	
62599_FRANCE-BRAZIL- Air France Flight 447 crash__docx	docx	words	words/done-006/docx/62599_FRANCE-BRAZIL- Air France Flight 447 crash.docx	18	0.15	0.0083	0.06	1	0	ok	
644730BRI0mna000BOX361539B00public0__doc	doc	words	words/done-014/doc/644730BRI0mna000BOX361539B00public0.doc	5	3.45	0.6900	2.07	1	1	ok	middle-centre: marks displaced or reshaped (31.40% of page, x 0.04-0.95, y 0.23-0.93)
6880ac7361ca1b99a9230811_ST Capability List Rev.16 - Web__xlsx	xlsx	sheets	sheets/done-014/xlsx/6880ac7361ca1b99a9230811_ST Capability List Rev.16 - Web.xlsx	217	24.70	0.1138	0.80	214	0	ok	
6f9e605c-fded-11e3-bd0e-00144feab7de__xls	xls	sheets	sheets/done-009/xls/6f9e605c-fded-11e3-bd0e-00144feab7de.xls	16	0.33	0.0206	0.28	16	0	ok	
7-Zulkefli_Part147n66_IKMAS__pptx	pptx	slides	slides/ceiling-001/pptx/7-Zulkefli_Part147n66_IKMAS.pptx	18	1.65	0.0917	0.36	1	1	ok	
7-memento-2015-transports-aeriens-b__xls	xls	sheets	sheets/done-014/xls/7-memento-2015-transports-aeriens-b.xls	190	4.82	0.0254	0.54	29	6	ok	top-right: a fill or background shading the reference has and we do not (0.80% of page, x 0.80-0.94, y 0.21-0.27)
71393_pp7__ppt	ppt	slides	slides/done-007/ppt/71393_pp7.ppt	39	1.87	0.0479	0.50	19	0	ok	
762__doc	doc	words	words/extra-001/doc/762.doc	23	7.48	0.3252	2.36	8	8	ok	middle-centre: ink we draw that the reference does not (2.49% of page, x 0.13-0.89, y 0.63-0.67)
8.16_AOD_FINAL_Provider_Training_Presentation_9_2009__ppt	ppt	slides	slides/done-008/ppt/8.16_AOD_FINAL_Provider_Training_Presentation_9_2009.ppt	94	4.64	0.0494	0.61	35	1	ok	
96-3-clement-data__doc	doc	words	words/done-003/doc/96-3-clement-data.doc	7	0.00	0.0000	0.00	1	0	ok	
97936__pptx	pptx	slides	slides/done-003/pptx/97936.pptx	15	4.35	0.2900	2.72	4	1	ok	middle-centre: ink we draw that the reference does not (19.90% of page, x 0.17-0.83, y 0.43-0.85)
A1. EASA Form 2__docx	docx	words	words/table-001/docx/A1. EASA Form 2.docx	7	2.80	0.4000	1.41	7	1	ok	middle-centre: marks displaced or reshaped (47.02% of page, x 0.05-0.97, y 0.09-0.77)
A320SimNotes__doc	doc	words	words/metrics-001/doc/A320SimNotes.doc	42	2.79	0.0664	0.40	16	2	ok	
A380MaenPressRel__doc	doc	words	words/done-009/doc/A380MaenPressRel.doc	3	0.00	0.0000	0.00	1	0	ok	
AAC-AD-No-2021-01-Boeing-737-8-and-737-9-MAX__doc	doc	words	words/done-011/doc/AAC-AD-No-2021-01-Boeing-737-8-and-737-9-MAX.doc	20	2.57	0.1285	0.70	17	1	ok	
AATF-Fact-Sheet-2025__pptx	pptx	slides	slides/done-008/pptx/AATF-Fact-Sheet-2025.pptx	9	2.42	0.2689	0.86	6	2	ok	
ABCD-SDE-23-00 - Avionic System Description - 17.02.16 - v1__docx	docx	words	words/extra-001/docx/ABCD-SDE-23-00 - Avionic System Description - 17.02.16 - v1.docx	29	2.08	0.0717	0.49	1	0	ok	
ABCD-WB-08-00 Weight and Balance Report - v1 08.03.16__docx	docx	words	words/extra-001/docx/ABCD-WB-08-00 Weight and Balance Report - v1 08.03.16.docx	12	7.40	0.6167	3.71	12	3	ok	middle-centre: ink missing from ours — a graphic, glyphs or a fill (8.75% of page, x 0.07-0.94, y 0.55-0.70)
AC-150-5370-10G-updated-201604__docx	docx	words	words/done-016/docx/AC-150-5370-10G-updated-201604.docx	696	113.16	0.1626	3.02	5	178	ok	bottom-centre: marks displaced or reshaped (6.16% of page, x 0.11-0.86, y 0.71-0.88)
ACRONYM__xls	xls	sheets	sheets/done-007/xls/ACRONYM.xls	69	0.08	0.0012	0.05	4	0	ok	
AFCforPtF-Digital-Certificate-Publication-Report__xlsx	xlsx	sheets	sheets/done-010/xlsx/AFCforPtF-Digital-Certificate-Publication-Report.xlsx	111	0.00	0.0000	0.00	1	0	ok	
AFS-050-004-F2_0i__docx	docx	words	words/done-014/docx/AFS-050-004-F2_0i.docx	8	8.23	1.0288	3.31	8	2	ok	top-centre: ink missing from ours — a graphic, glyphs or a fill (14.48% of page, x 0.05-0.96, y 0.04-0.35)
AFS-400_Contacts__xlsx	xlsx	sheets	sheets/done-006/xlsx/AFS-400_Contacts.xlsx	48	0.39	0.0081	0.15	36	0	ok	
AIM_OPR_LIST__xls	xls	sheets	sheets/done-015/xls/AIM_OPR_LIST.xls	229	0.46	0.0020	0.05	154	0	ok	
AIRBUS_station_evaluation_checklist_v2__xlsx	xlsx	sheets	sheets/done-002/xlsx/AIRBUS_station_evaluation_checklist_v2.xlsx	1	0.01	0.0100	0.01	1	0	ok	
AMOC-Digital-Certificate-Publication-Report__xlsx	xlsx	sheets	sheets/done-010/xlsx/AMOC-Digital-Certificate-Publication-Report.xlsx	148	0.01	0.0001	0.01	63	0	ok	
ANG C-1 ATC-TO Core Program - HF REDAC briefing September 7 2016__pptx	pptx	slides	slides/done-005/pptx/ANG C-1 ATC-TO Core Program - HF REDAC briefing September 7 2016.pptx	19	0.55	0.0289	0.18	1	0	ok	
AUWG min 4-3-24 final__docx	docx	words	words/done-002/docx/AUWG min 4-3-24 final.docx	2	0.11	0.0550	0.11	1	0	ok	
AW-104D-RVSM-Aircraft-Approval-Checklist.pdf__docx	docx	words	words/ceiling-001/docx/AW-104D-RVSM-Aircraft-Approval-Checklist.pdf.docx	2	0.74	0.3700	0.70	1	1	ok	middle-centre: marks displaced or reshaped (1.81% of page, x 0.37-0.93, y 0.38-0.42)
AWR OPS-AOC 044 Statement of Compliance RVSM  Rev 04 01 Feb 2024__docx	docx	words	words/metrics-001/docx/AWR OPS-AOC 044 Statement of Compliance RVSM  Rev 04 01 Feb 2024.docx	15	0.89	0.0593	0.22	6	0	ok	
A_320__doc	doc	words	words/pagination-001/doc/A_320.doc	118	3.80	0.0322	0.39	112	1	ok	
Aerospace_Journey_of_Flight_Chapter_BCB1637572DA6__ppt	ppt	slides	slides/done-014/ppt/Aerospace_Journey_of_Flight_Chapter_BCB1637572DA6.ppt	26	2.97	0.1142	0.20	8	0	ok	
Agile_Arc_SysDes__docx	docx	words	words/done-015/docx/Agile_Arc_SysDes.docx	20	2.53	0.1265	1.51	1	1	ok	middle-centre: ink missing from ours — a graphic, glyphs or a fill (0.73% of page, x 0.42-0.61, y 0.38-0.42)
Air_Boss_Master_List__xlsx	xlsx	sheets	sheets/done-003/xlsx/Air_Boss_Master_List.xlsx	5	2.04	0.4080	1.18	1	2	ok	top-centre: a fill or background shading the reference has and we do not (4.95% of page, x 0.52-0.66, y 0.15-0.49)
AirbusCallouts__doc	doc	words	words/done-012/doc/AirbusCallouts.doc	24	12.82	0.5342	3.41	2	4	ok	middle-centre: marks displaced or reshaped (34.50% of page, x 0.08-0.92, y 0.11-0.74)
Aircraft_Database__xlsx	xlsx	sheets	sheets/done-014/xlsx/Aircraft_Database.xlsx	134	1.91	0.0143	0.17	122	0	ok	
Airplanes-MTOW__xls	xls	sheets	sheets/done-001/xls/Airplanes-MTOW.xls	6	0.00	0.0000	0.00	1	0	ok	
Airport Planning 09112013__ppt	ppt	slides	slides/done-009/ppt/Airport Planning 09112013.ppt	9	0.32	0.0356	0.10	2	0	ok	
Allegiant_Company_Profile_with_History__docx	docx	words	words/done-016/docx/Allegiant_Company_Profile_with_History.docx	3	0.03	0.0100	0.03	1	0	ok	
Annex-10-to-the-Aircraft-Maintenance-Specialist-Certification-Rule-GCAA__docx	docx	words	words/done-016/docx/Annex-10-to-the-Aircraft-Maintenance-Specialist-Certification-Rule-GCAA.docx	148	3.97	0.0268	0.43	50	3	ok	top-centre: ink missing from ours — a graphic, glyphs or a fill (3.26% of page, x 0.11-0.91, y 0.11-0.15)
Application_Compliance_Checklist_5_Apr_2021__xlsx	xlsx	sheets	sheets/done-011/xlsx/Application_Compliance_Checklist_5_Apr_2021.xlsx	14	3.81	0.2721	2.39	14	1	ok	top-centre: a fill or background shading the reference has and we do not (23.31% of page, x 0.08-0.91, y 0.04-0.34)
Application_for_authorisation_as_crowdfunding_service_provider__xlsx	xlsx	sheets	sheets/done-011/xlsx/Application_for_authorisation_as_crowdfunding_service_provider.xlsx	48	2.01	0.0419	0.32	2	11	ok	bottom-centre: ink we draw that the reference does not (2.65% of page, x 0.16-0.56, y 0.85-0.94)
Architecture__ppt	ppt	slides	slides/done-015/ppt/Architecture.ppt	29	2.72	0.0938	0.16	18	0	ok	
Aviation_Abbreviations__xlsx	xlsx	sheets	sheets/done-009/xlsx/Aviation_Abbreviations.xlsx	94	0.00	0.0000	0.00	1	0	ok	
B11. TE.CAO.00129  Experience  logbook__docx	docx	words	words/table-001/docx/B11. TE.CAO.00129  Experience  logbook.docx	6	1.10	0.1833	0.50	6	0	ok	
B2B-Center-Readiness-and-Student-Retention__pptx	pptx	slides	slides/done-011/pptx/B2B-Center-Readiness-and-Student-Retention.pptx	33	3.94	0.1194	0.57	27	2	ok	
BHCA Part II webinar #2 - 10.2020__pptx	pptx	slides	slides/done-007/pptx/BHCA Part II webinar #2 - 10.2020.pptx	21	1.16	0.0552	0.91	5	0	ok	
BID_ACKNOWLEDGEMENT_FORM_FOR_A320__docx	docx	words	words/done-005/docx/BID_ACKNOWLEDGEMENT_FORM_FOR_A320.docx	2	0.00	0.0000	0.00	1	0	ok	
BMFE-06-03 (Gerflor) Smoke Density and Toxicity__pptx	pptx	slides	slides/done-001/pptx/BMFE-06-03 (Gerflor) Smoke Density and Toxicity.pptx	6	3.84	0.6400	3.56	3	2	ok	middle-right: ink we draw that the reference does not (17.68% of page, x 0.47-0.97, y 0.22-0.97)
BUS-Chapter 05__ppt	ppt	slides	slides/done-010/ppt/BUS-Chapter 05.ppt	50	2.27	0.0454	0.26	23	0	ok	
Background_Declaration_Template__xls	xls	sheets	sheets/done-005/xls/Background_Declaration_Template.xls	25	0.00	0.0000	0.00	1	0	ok	
BasicMed_AME_Presentation__pptx	pptx	slides	slides/done-010/pptx/BasicMed_AME_Presentation.pptx	18	0.67	0.0372	0.23	1	0	ok	
Boeing 737 Max - Group 5__pptx	pptx	slides	slides/done-007/pptx/Boeing 737 Max - Group 5.pptx	2	0.15	0.0750	0.15	2	0	ok	
Bull01-06-Reserve Training Standards__doc	doc	words	words/done-002/doc/Bull01-06-Reserve Training Standards.doc	6	0.03	0.0050	0.03	3	0	ok	
Bulletin-37-Appendix-2-immediate-detriment-data-request__xlsx	xlsx	sheets	sheets/done-003/xlsx/Bulletin-37-Appendix-2-immediate-detriment-data-request.xlsx	5	0.00	0.0000	0.00	1	0	ok	
CIS_Debian_Linux_8_Benchmark_v1.0.0__xls	xls	sheets	sheets/pagination-001/xls/CIS_Debian_Linux_8_Benchmark_v1.0.0.xls	88	0.39	0.0044	0.08	1	0	ok	
CMTA_Airport_Transportation__docx	docx	words	words/done-001/docx/CMTA_Airport_Transportation.docx	1	0.00	0.0000	0.00	1	0	ok	
COMSTAC_11_5_2021am_2__pptx	pptx	slides	slides/done-009/pptx/COMSTAC_11_5_2021am_2.pptx	39	2.00	0.0513	0.25	19	0	ok	
CP-ETSO template_v2020__doc	doc	words	words/done-009/doc/CP-ETSO template_v2020.DOC	6	4.10	0.6833	1.27	6	2	ok	top-centre: marks displaced or reshaped (16.65% of page, x 0.14-0.85, y 0.08-0.42)
CSA_CCM_v1.2__xls	xls	sheets	sheets/done-007/xls/CSA_CCM_v1.2.xls	13	4.64	0.3569	1.30	12	0	ok	
CSCRS_Technical-Report-Documentation-Page-with-instructions__docx	docx	words	words/done-002/docx/CSCRS_Technical-Report-Documentation-Page-with-instructions.docx	2	0.07	0.0350	0.07	1	0	ok	
CSJU List of Recipients of funds 2013-2020__xlsx	xlsx	sheets	sheets/done-012/xlsx/CSJU List of Recipients of funds 2013-2020.xlsx	97	64.47	0.6646	8.95	41	9	ok	top-centre: a fill or background shading we draw and the reference does not (42.57% of page, x 0.08-0.92, y 0.06-0.57)
Capability_List_9-14-2022_Dallas_Combined-Aircraft_Manuf_unsorted__xlsx	xlsx	sheets	sheets/done-011/xlsx/Capability_List_9-14-2022_Dallas_Combined-Aircraft_Manuf_unsorted.xlsx	147	0.12	0.0008	0.06	1	0	ok	
Case-Study-Heathrow-Airport__docx	docx	words	words/done-009/docx/Case-Study-Heathrow-Airport.docx	3	2.58	0.8600	2.04	3	2	ok	top-centre: a solid area drawn differently (33.47% of page, x 0.05-0.95, y 0.00-0.43)
Checklist for TC STC ETSO data packages to FAA_TIP rev 5__docx	docx	words	words/done-010/docx/Checklist for TC STC ETSO data packages to FAA_TIP rev 5.docx	3	0.05	0.0167	0.03	1	0	ok	
Chicago.List.2025__xlsx	xlsx	sheets	sheets/done-002/xlsx/Chicago.List.2025.xlsx	3	0.10	0.0333	0.06	2	0	ok	
Company-profile-2022-EN__docx	docx	words	words/done-011/docx/Company-profile-2022-EN.docx	5	0.11	0.0220	0.04	1	0	ok	
Company_Seniority_Date_Calculator__xlsx	xlsx	sheets	sheets/done-008/xlsx/Company_Seniority_Date_Calculator.xlsx	12	0.14	0.0117	0.09	12	0	ok	
Computer and Software Services_50 State Comparison__xlsx	xlsx	sheets	sheets/done-008/xlsx/Computer and Software Services_50 State Comparison.xlsx	26	27.95	1.0750	2.83	12	10	ok	middle-centre: marks displaced or reshaped (26.43% of page, x 0.07-0.82, y 0.06-0.89)
Contract_Check_Pilot_Sample_LOA__docx	docx	words	words/done-009/docx/Contract_Check_Pilot_Sample_LOA.docx	4	0.08	0.0200	0.05	1	0	ok	
Copy of EASA-IFP-WEBLISTNOODATA-ListsofBASAapprovals(WEB)_ListofValidUSBASAorganisations_2023-01-13-04-33-14__xlsx	xlsx	sheets	sheets/done-012/xlsx/Copy of EASA-IFP-WEBLISTNOODATA-ListsofBASAapprovals(WEB)_ListofValidUSBASAorganisations_2023-01-13-04-33-14.xlsx	245	0.03	0.0001	0.02	60	0	ok	
Copy of Full deck with references Promotion of Outside Interests at Work final(1)__pptx	pptx	slides	slides/done-010/pptx/Copy of Full deck with references Promotion of Outside Interests at Work final(1).pptx	33	3.50	0.1061	1.46	12	3	ok	middle-centre: a solid area drawn differently (67.43% of page, x 0.00-0.99, y 0.20-1.00)
County ACHS Presentaion Webinar 8-16-16 Peg__pptx	pptx	slides	slides/done-012/pptx/County ACHS Presentaion Webinar 8-16-16 Peg.pptx	26	8.78	0.3377	1.05	15	2	ok	middle-centre: a fill or background shading we draw and the reference does not (1.30% of page, x 0.54-0.63, y 0.42-0.59)
Course Selection 2025-26 Current Grade 09__pptx	pptx	slides	slides/done-006/pptx/Course Selection 2025-26 Current Grade 09.pptx	10	2.92	0.2920	1.05	7	0	ok	
Curriculum-Schematic-E22-11052025__pptx	pptx	slides	slides/done-002/pptx/Curriculum-Schematic-E22-11052025.pptx	12	0.06	0.0050	0.03	12	0	ok	
DEP2008-1900__doc	doc	words	words/done-003/doc/DEP2008-1900.doc	4	0.29	0.0725	0.20	3	0	ok	
DOA_Template_Form_Type_Certification_Programme__docx	docx	words	words/done-015/docx/DOA_Template_Form_Type_Certification_Programme.docx	20	2.77	0.1385	0.84	18	3	ok	bottom-centre: ink we draw that the reference does not (4.97% of page, x 0.11-0.95, y 0.90-0.98)
DOE Interactive Exercise Presentation draft rev 2__pptx	pptx	slides	slides/done-004/pptx/DOE Interactive Exercise Presentation draft rev 2.pptx	10	3.60	0.3600	2.78	1	1	ok	middle-centre: ink we draw that the reference does not (11.08% of page, x 0.04-0.77, y 0.28-0.49)
DOE-C2M2-V1.1-to-DOE-C2M2-V2.1 (1.1.0)__xlsx	xlsx	sheets	sheets/done-010/xlsx/DOE-C2M2-V1.1-to-DOE-C2M2-V2.1 (1.1.0).xlsx	91	2.19	0.0241	1.60	4	1	ok	top-right: ink missing from ours — a graphic, glyphs or a fill (3.21% of page, x 0.51-1.00, y 0.06-0.18)
DRX-Ascend System Course Description__docx	docx	words	words/done-003/docx/DRX-Ascend System Course Description.docx	2	0.02	0.0100	0.01	1	0	ok	
Data-Architecture-Tool-Fit-Assessment-Template__xlsx	xlsx	sheets	sheets/done-009/xlsx/Data-Architecture-Tool-Fit-Assessment-Template.xlsx	22	0.32	0.0145	0.14	13	0	ok	
Definitions commodity chains__pptx	pptx	slides	slides/done-001/pptx/Definitions commodity chains.pptx	4	0.01	0.0025	0.01	4	0	ok	
DoIRD Meeting 16JAN14 v1-1__pptx	pptx	slides	slides/done-010/pptx/DoIRD Meeting 16JAN14 v1-1.pptx	15	0.57	0.0380	0.20	7	0	ok	
DynamicBubbleChart__xlsx	xlsx	sheets	sheets/chartset-004/xlsx/DynamicBubbleChart.xlsx	5	0.89	0.1780	0.47	2	1	ok	top-left: a fill or background shading the reference has and we do not (0.39% of page, x 0.03-0.09, y 0.22-0.30)
EASA-IFP-145Scope(WEB)_ALL_ValidF145SOA_2022-12-16-04-31-58_0__xlsx	xlsx	sheets	sheets/ceiling-001/xlsx/EASA-IFP-145Scope(WEB)_ALL_ValidF145SOA_2022-12-16-04-31-58_0.xlsx	114	0.80	0.0070	0.03	4	0	ok	
EASA-IFP-147Scope_WEB__ALL_Valid147SoA_2024-11-28-11-16-31__xlsx	xlsx	sheets	sheets/done-016/xlsx/EASA-IFP-147Scope_WEB__ALL_Valid147SoA_2024-11-28-11-16-31.xlsx	92	1.27	0.0138	0.04	65	0	ok	
EASA-IFP-WEBLISTNOODATA-ListsofBASAapprovals_WEB__ListofValidBASAorganisations_2025-01-20-08-56-36__xlsx	xlsx	sheets	sheets/done-012/xlsx/EASA-IFP-WEBLISTNOODATA-ListsofBASAapprovals_WEB__ListofValidBASAorganisations_2025-01-20-08-56-36.xlsx	254	0.04	0.0002	0.01	53	0	ok	
EASA-IFP-WEBLISTNOODATA-ListsofForeignapprovals(WEB)_NewChart_2022-08-05-03-31-32__xlsx	xlsx	sheets	sheets/ceiling-001/xlsx/EASA-IFP-WEBLISTNOODATA-ListsofForeignapprovals(WEB)_NewChart_2022-08-05-03-31-32.xlsx	19	0.07	0.0037	0.01	5	0	ok	
EASA_PRODUCT_LIST_-_ALL__xlsx	xlsx	sheets	sheets/done-015/xlsx/EASA_PRODUCT_LIST_-_ALL.xlsx	264	0.39	0.0015	0.27	86	0	ok	
ECA Sinters__xls	xls	sheets	sheets/done-013/xls/ECA Sinters.xls	163	7.87	0.0483	1.11	156	2	ok	middle-centre: a fill or background shading the reference has and we do not (0.98% of page, x 0.50-0.58, y 0.34-0.45)
ECSS-E-ST-50-16C-Annex-A(30September2021)__docx	docx	words	words/done-008/docx/ECSS-E-ST-50-16C-Annex-A(30September2021).docx	4	0.98	0.2450	0.40	3	1	ok	top-centre: ink missing from ours — a graphic, glyphs or a fill (1.02% of page, x 0.18-0.60, y 0.08-0.11)
EG1_dsrc tech__ppt	ppt	slides	slides/done-008/ppt/EG1_dsrc tech.ppt	26	10.73	0.4127	2.87	8	1	ok	middle-centre: marks displaced or reshaped (15.02% of page, x 0.21-0.80, y 0.38-0.95)
EHEST-Pre-departure-checklist-Rev.-1-06-12-2016__xls	xls	sheets	sheets/done-009/xls/EHEST-Pre-departure-checklist-Rev.-1-06-12-2016.xls	24	1.77	0.0738	0.38	20	0	ok	
EHEST-SMS-Safety-Management-Manual-V2__docx	docx	words	words/pagination-003/docx/EHEST-SMS-Safety-Management-Manual-V2.docx	82	16.59	0.2023	3.37	64	7	ok	middle-centre: marks displaced or reshaped (9.37% of page, x 0.09-0.89, y 0.34-0.94)
ESPN-R - MCF - Manual - Ed1.0 - For Publication__docx	docx	words	words/pagination-001/docx/ESPN-R - MCF - Manual - Ed1.0 - For Publication.docx	35	3.12	0.0891	1.05	11	1	ok	middle-centre: a fill or background shading we draw and the reference does not (3.87% of page, x 0.09-0.91, y 0.40-0.44)
ESPN-R - MCF - RA - Ed1__docx	docx	words	words/pagination-001/docx/ESPN-R - MCF - RA - Ed1.docx	58	7.20	0.1241	1.01	4	13	ok	bottom-centre: a fill or background shading we draw and the reference does not (3.71% of page, x 0.09-0.91, y 0.71-0.76)
EU_145s_with_TCCA_approval_-_31.01.2025__xlsx	xlsx	sheets	sheets/done-004/xlsx/EU_145s_with_TCCA_approval_-_31.01.2025.xlsx	14	1.09	0.0779	0.20	9	0	ok	
Employment-Based_I-485__ppt	ppt	slides	slides/done-009/ppt/Employment-Based_I-485.ppt	42	6.09	0.1450	0.77	38	1	ok	bottom-right: a fill or background shading the reference has and we do not (0.64% of page, x 0.65-0.78, y 0.82-0.86)
Ensemble-pour-l-amelioration-de-la-securite-de-lac-AIRBUS__pptx	pptx	slides	slides/done-006/pptx/Ensemble-pour-l-amelioration-de-la-securite-de-lac-AIRBUS.pptx	9	0.43	0.0478	0.13	8	0	ok	
Estero Rotary Awards__xlsx	xlsx	sheets	sheets/done-004/xlsx/Estero Rotary Awards.xlsx	2	0.00	0.0000	0.00	1	0	ok	
ExampleWhiteListData__xlsx	xlsx	sheets	sheets/done-001/xlsx/ExampleWhiteListData.xlsx	6	0.04	0.0067	0.02	3	0	ok	
FAA 2025-26 Holdover Tables__docx	docx	words	words/pagination-001/docx/FAA 2025-26 Holdover Tables.docx	157	341.86	2.1775	13.12	127	33	ok	the whole page: ink we draw that the reference does not (58.32% of page, x 0.07-0.93, y 0.09-0.90)
FAA-2013-0422-0009_attachment_1__doc	doc	words	words/done-001/doc/FAA-2013-0422-0009_attachment_1.doc	7	0.00	0.0000	0.00	1	0	ok	
FAA-2017-0628-0002_attachment_1__docx	docx	words	words/done-008/docx/FAA-2017-0628-0002_attachment_1.docx	4	0.12	0.0300	0.09	1	0	ok	
FAA-2019-0995-0002_attachment_2__xlsx	xlsx	sheets	sheets/table-001/xlsx/FAA-2019-0995-0002_attachment_2.xlsx	33	11.96	0.3624	3.24	28	9	ok	middle-centre: ink missing from ours — a graphic, glyphs or a fill (13.58% of page, x 0.25-0.90, y 0.51-0.79)
FAA-High-Level-Org-Chart__docx	docx	words	words/done-002/docx/FAA-High-Level-Org-Chart.docx	3	0.01	0.0033	0.01	2	0	ok	
FAAAIandtheArtandScienceofV&Vfinal__pptx	pptx	slides	slides/extra-001/pptx/FAAAIandtheArtandScienceofV&Vfinal.pptx	30	3.86	0.1287	0.75	7	0	ok	
FAA_Form_337__ppt	ppt	slides	slides/done-013/ppt/FAA_Form_337.ppt	67	7.32	0.1093	1.92	32	4	ok	bottom-centre: marks displaced or reshaped (6.71% of page, x 0.10-0.88, y 0.61-0.77)
FG-AI4NDM-TR-skeleton_template__docx	docx	words	words/done-010/docx/FG-AI4NDM-TR-skeleton_template.docx	5	0.28	0.0560	0.18	3	0	ok	
FIT26-Presentation-Airservices-Update__pptx	pptx	slides	slides/done-008/pptx/FIT26-Presentation-Airservices-Update.pptx	11	5.35	0.4864	1.49	4	2	ok	bottom-centre: marks displaced or reshaped (15.33% of page, x 0.16-0.88, y 0.38-1.00)
FIT26-Presentation-PR-Briefing-Debrief-Airbus__pptx	pptx	slides	slides/done-009/pptx/FIT26-Presentation-PR-Briefing-Debrief-Airbus.pptx	9	1.50	0.1667	0.29	4	0	ok	
FMMO_NMPF_37C__xlsx	xlsx	sheets	sheets/done-001/xlsx/FMMO_NMPF_37C.xlsx	1	0.17	0.1700	0.17	1	1	ok	top-right: a fill or background shading we draw and the reference does not (1.52% of page, x 0.56-0.82, y 0.17-0.23)
FMRBullletinB-28__doc	doc	words	words/done-002/doc/FMRBullletinB-28.doc	2	0.22	0.1100	0.22	2	1	ok	middle-centre: ink missing from ours — a graphic, glyphs or a fill (0.98% of page, x 0.14-0.59, y 0.51-0.53)
FO.FCTOA.00010 Application for a Part-ORA ATO Approval__docx	docx	words	words/pagination-001/docx/FO.FCTOA.00010 Application for a Part-ORA ATO Approval.docx	16	1.06	0.0663	0.38	8	0	ok	
FO.FCTOA_.000129 Application for activities related to FSTD__docx	docx	words	words/done-012/docx/FO.FCTOA_.000129 Application for activities related to FSTD.docx	6	0.90	0.1500	0.58	6	0	ok	
FRE-03_mcar_part-3_and_IS_v2.9__docx	docx	words	words/metrics-001/docx/FRE-03_mcar_part-3_and_IS_v2.9.docx	76	8.52	0.1121	0.79	14	0	ok	
FY2018_Q4_UAS_Sightings__xlsx	xlsx	sheets	sheets/extra-001/xlsx/FY2018_Q4_UAS_Sightings.xlsx	302	1.72	0.0057	0.07	300	0	ok	
FY2021-AIP-grants__xlsx	xlsx	sheets	sheets/done-013/xlsx/FY2021-AIP-grants.xlsx	58	127.05	2.1905	4.61	25	30	ok	the whole page: marks displaced or reshaped (6.37% of page, x 0.04-0.96, y 0.08-0.91)
FY2023-AIP-grants__xlsx	xlsx	sheets	sheets/done-011/xlsx/FY2023-AIP-grants.xlsx	33	0.86	0.0261	0.04	1	0	ok	
FlightLaws__doc	doc	words	words/done-008/doc/FlightLaws.doc	4	1.48	0.3700	1.09	2	0	ok	
Foreign_SA-CAT-I_and_CAT-II-III_Pub_0__xlsx	xlsx	sheets	sheets/done-004/xlsx/Foreign_SA-CAT-I_and_CAT-II-III_Pub_0.xlsx	16	0.10	0.0063	0.05	5	0	ok	
Form-SM-76A-_-CAR-OPS-2A-Instruments-and-Equipment-Compliance-Statement-_-11__docx	docx	words	words/done-013/docx/Form-SM-76A-_-CAR-OPS-2A-Instruments-and-Equipment-Compliance-Statement-_-11.docx	3	0.69	0.2300	0.57	1	0	ok	
Framing Europe__ppt	ppt	slides	slides/done-008/ppt/Framing Europe.ppt	24	2.46	0.1025	0.22	24	0	ok	
Fundamentals_Module_1_basics__ppt	ppt	slides	slides/ceiling-001/ppt/Fundamentals_Module_1_basics.ppt	26	1.39	0.0535	0.29	6	0	ok	
G-InvoicingKeithJarboe__pptx	pptx	slides	slides/done-008/pptx/G-InvoicingKeithJarboe.pptx	13	6.17	0.4746	5.01	1	3	ok	the whole page: marks displaced or reshaped (14.51% of page, x 0.00-1.00, y 0.00-1.00)
GLACIERBG.ETT__doc	doc	words	words/done-001/doc/GLACIERBG.ETT.doc	1	0.00	0.0000	0.00	1	0	ok	
Geo_Abschlussarbeiten__xlsx	xlsx	sheets	sheets/done-001/xlsx/Geo_Abschlussarbeiten.xlsx	3	0.02	0.0067	0.01	1	0	ok	
Global_Market_Forecast_2016-2035_Airbus_Data_Set__xlsx	xlsx	sheets	sheets/done-015/xlsx/Global_Market_Forecast_2016-2035_Airbus_Data_Set.xlsx	567	1.56	0.0028	1.45	1	1	ok	top-right: ink we draw that the reference does not (2.39% of page, x 0.70-1.00, y 0.14-0.28)
HC-Bulletin-template__docx	docx	words	words/done-016/docx/HC-Bulletin-template.docx	5	10.48	2.0960	7.02	2	2	ok	the whole page: ink missing from ours — a graphic, glyphs or a fill (48.29% of page, x 0.07-0.93, y 0.06-0.92)
HENTZEN_COMPOSITE_MATERIALS_IN_THE_AEROSPACE_INDUSTRY__pptx	pptx	slides	slides/done-009/pptx/HENTZEN_COMPOSITE_MATERIALS_IN_THE_AEROSPACE_INDUSTRY.pptx	12	5.18	0.4317	2.02	4	3	ok	middle-centre: marks displaced or reshaped (16.04% of page, x 0.05-0.95, y 0.26-0.94)
Hazard Analysis Template__xls	xls	sheets	sheets/done-006/xls/Hazard Analysis Template.xls	3	2.21	0.7367	1.93	2	0	ok	
How-to-Write-an-Architecture-Document-for-a-Technology-Service__docx	docx	words	words/done-004/docx/How-to-Write-an-Architecture-Document-for-a-Technology-Service.docx	3	0.03	0.0100	0.02	2	0	ok	
II.1.2_Hypoxia__doc	doc	words	words/done-003/doc/II.1.2_Hypoxia.doc	13	0.00	0.0000	0.00	1	0	ok	
INDEX_Digital_Transformation_Toolkits__xls	xls	sheets	sheets/done-009/xls/INDEX_Digital_Transformation_Toolkits.xls	24	0.72	0.0300	0.27	23	0	ok	
ITE106-Chapter 4__ppt	ppt	slides	slides/done-005/ppt/ITE106-Chapter 4.ppt	47	5.76	0.1226	0.42	33	0	ok	
Inducement-to-Insurance-Business__ppt	ppt	slides	slides/done-003/ppt/Inducement-to-Insurance-Business.ppt	22	3.24	0.1473	0.53	7	0	ok	
Infotabelle_WLAN im Flugzeug__xlsx	xlsx	sheets	sheets/done-006/xlsx/Infotabelle_WLAN im Flugzeug.xlsx	4	0.00	0.0000	0.00	1	0	ok	
Intersil_Italy_CAN_Bus_Transceiver_Presentation_Final__pptx	pptx	slides	slides/done-012/pptx/Intersil_Italy_CAN_Bus_Transceiver_Presentation_Final.pptx	39	15.17	0.3890	1.91	8	8	ok	top-left: a fill or background shading the reference has and we do not (1.49% of page, x 0.05-0.28, y 0.01-0.08)
Interview-mit-Manfred1-Müller__docx	docx	words	words/done-002/docx/Interview-mit-Manfred1-Müller.docx	2	0.03	0.0150	0.02	1	0	ok	
Item 6b - UNSD - Dissemination through APIs__pptx	pptx	slides	slides/done-004/pptx/Item 6b - UNSD - Dissemination through APIs.pptx	10	0.88	0.0880	0.27	6	0	ok	
JEMIT_Template__docx	docx	words	words/done-015/docx/JEMIT_Template.docx	4	0.91	0.2275	0.35	3	1	ok	bottom-left: a fill or background shading the reference has and we do not (0.46% of page, x 0.17-0.40, y 0.67-0.70)
JesuitAssocOfStudentPersonnel__ppt	ppt	slides	slides/done-012/ppt/JesuitAssocOfStudentPersonnel.ppt	31	6.03	0.1945	3.25	9	1	ok	middle-centre: marks displaced or reshaped (22.48% of page, x 0.00-0.99, y 0.16-0.95)
John_Broggio__RSS_Campion_event_John_Broggio__pptx	pptx	slides	slides/done-010/pptx/John_Broggio__RSS_Campion_event_John_Broggio.pptx	25	0.95	0.0380	0.32	18	0	ok	
Keywords_Mapping_Graphs_and_Charts__xlsx	xlsx	sheets	sheets/done-010/xlsx/Keywords_Mapping_Graphs_and_Charts.xlsx	46	1.66	0.0361	0.16	29	0	ok	
LENTOBUSSIAIKATAULU.-31.10.-31.12.2022__doc	doc	words	words/done-001/doc/LENTOBUSSIAIKATAULU.-31.10.-31.12.2022.doc	1	0.00	0.0000	0.00	1	0	ok	
LHD-230-application-for-the-approval-of-an-aircraftr__doc	doc	words	words/done-006/doc/LHD-230-application-for-the-approval-of-an-aircraftr.doc	2	0.03	0.0150	0.02	1	0	ok	
Laser Report 2024 FOIA __Oct (1)__xlsx	xlsx	sheets	sheets/done-016/xlsx/Laser Report 2024 FOIA __Oct (1).xlsx	506	1.63	0.0032	0.02	368	0	ok	
Leadership Information Article__docx	docx	words	words/done-012/docx/Leadership Information Article.docx	3	0.11	0.0367	0.06	1	0	ok	
Lepore__ppt	ppt	slides	slides/done-006/ppt/Lepore.ppt	20	0.30	0.0150	0.16	11	0	ok	
Lessons-Learned-Bulletin-Dorset-version-to-IIRG-V5__docx	docx	words	words/done-008/docx/Lessons-Learned-Bulletin-Dorset-version-to-IIRG-V5.docx	3	0.12	0.0400	0.04	1	0	ok	
License App Instructions 2-22__docx	docx	words	words/done-004/docx/License App Instructions 2-22.docx	3	0.01	0.0033	0.01	3	0	ok	
List of EQS securities_0__xls	xls	sheets	sheets/done-011/xls/List of EQS securities_0.xls	104	0.46	0.0044	0.07	79	0	ok	
List-of-Members-August-2017__xlsx	xlsx	sheets	sheets/done-004/xlsx/List-of-Members-August-2017.xlsx	10	0.01	0.0010	0.01	4	0	ok	
Liste-Zertifizierung-ChemKlimaschutzV-RPT__xls	xls	sheets	sheets/done-008/xls/Liste-Zertifizierung-ChemKlimaschutzV-RPT.xls	5	0.04	0.0080	0.02	2	0	ok	
Liturgical-Commission-2025-Convention-Presentation__pptx	pptx	slides	slides/done-004/pptx/Liturgical-Commission-2025-Convention-Presentation.pptx	9	0.86	0.0956	0.54	4	0	ok	
MajCh-Digital-Certificate-Publication-Report__xlsx	xlsx	sheets	sheets/done-014/xlsx/MajCh-Digital-Certificate-Publication-Report.xlsx	328	2.43	0.0074	0.15	67	0	ok	
May 25 bulletin focus on carers in the workplace__docx	docx	words	words/missing-001/docx/May 25 bulletin focus on carers in the workplace.docx	4	6.80	1.7000	3.87	3	3	ok	middle-centre: the same marks in a different colour (19.83% of page, x 0.13-0.93, y 0.18-0.49)
MinCh-Digital-Certificate-Publication-Report__xlsx	xlsx	sheets	sheets/done-012/xlsx/MinCh-Digital-Certificate-Publication-Report.xlsx	179	0.00	0.0000	0.00	1	0	ok	
N2_E_Maestroni_Swarm_COP__pptx	pptx	slides	slides/ceiling-001/pptx/N2_E_Maestroni_Swarm_COP.pptx	30	2.07	0.0690	0.50	11	0	ok	
NAARMO_Mexico_RVSM_Approvals__xlsx	xlsx	sheets	sheets/done-010/xlsx/NAARMO_Mexico_RVSM_Approvals.xlsx	16	2.41	0.1506	0.19	12	0	ok	
NAS-Infrastructure-Roadmaps-HSI__pptx	pptx	slides	slides/done-005/pptx/NAS-Infrastructure-Roadmaps-HSI.pptx	9	6.33	0.7033	3.44	5	2	ok	the whole page: marks displaced or reshaped (40.07% of page, x 0.10-1.00, y 0.00-1.00)
NAS-Infrastructure-Roadmaps-Weather__pptx	pptx	slides	slides/done-005/pptx/NAS-Infrastructure-Roadmaps-Weather.pptx	11	11.30	1.0273	3.52	11	4	ok	middle-centre: marks displaced or reshaped (22.62% of page, x 0.03-0.97, y 0.12-0.58)
NAS-Infrastructure-Roadmaps-v16.0__pptx	pptx	slides	slides/done-011/pptx/NAS-Infrastructure-Roadmaps-v16.0.pptx	137	151.74	1.1076	5.53	8	49	ok	the whole page: marks displaced or reshaped (40.19% of page, x 0.04-1.00, y 0.05-1.00)
NCW-2024-Guide-__pptx	pptx	slides	slides/done-003/pptx/NCW-2024-Guide-.pptx	1	0.07	0.0700	0.07	1	0	ok	
NPA_21_21_Sentenced_Comments__xls	xls	sheets	sheets/done-003/xls/NPA_21_21_Sentenced_Comments.xls	2	0.52	0.2600	0.51	2	1	ok	top-centre: a fill or background shading we draw and the reference does not (1.86% of page, x 0.02-0.98, y 0.08-0.09)
NPIAS_2007_App_A__xls	xls	sheets	sheets/done-012/xls/NPIAS_2007_App_A.xls	128	3.15	0.0246	0.07	59	0	ok	
NPIAS_App_A__xls	xls	sheets	sheets/done-014/xls/NPIAS_App_A.xls	124	2.92	0.0235	0.23	54	0	ok	
NWD-GLA-Community-Outreach-Day-Oct-2025__pptx	pptx	slides	slides/missing-001/pptx/NWD-GLA-Community-Outreach-Day-Oct-2025.pptx	13	0.49	0.0377	0.26	2	0	ok	
National-Finalists-2024-1__xlsx	xlsx	sheets	sheets/done-007/xlsx/National-Finalists-2024-1.xlsx	30	0.25	0.0083	0.21	5	0	ok	
National-Reports__xlsx	xlsx	sheets	sheets/done-005/xlsx/National-Reports.xlsx	6	0.19	0.0317	0.15	1	0	ok	
NorwegianXPensionXFundXanalysisXexportsXandXLAWS-1__xls	xls	sheets	sheets/done-004/xls/NorwegianXPensionXFundXanalysisXexportsXandXLAWS-1.xls	8	0.09	0.0112	0.05	1	0	ok	
ODs-February-2022-Airbus-Commercial-Aircraft__xlsx	xlsx	sheets	sheets/pagination-001/xlsx/ODs-February-2022-Airbus-Commercial-Aircraft.xlsx	175	1.03	0.0059	0.14	76	3	ok	
P1636e__xls	xls	sheets	sheets/done-002/xls/P1636e.xls	2	0.01	0.0050	0.01	2	0	ok	
P200904290238_0238_51880__doc	doc	words	words/done-006/doc/P200904290238_0238_51880.doc	3	0.63	0.2100	0.29	2	2	ok	
PAL Block Intro 2023__pptx	pptx	slides	slides/done-007/pptx/PAL Block Intro 2023.pptx	20	2.32	0.1160	1.49	12	1	ok	middle-centre: ink missing from ours — a graphic, glyphs or a fill (9.76% of page, x 0.06-0.94, y 0.41-0.56)
PAT-047 - Architecture and Detailed Design Assessment__docx	docx	words	words/done-004/docx/PAT-047 - Architecture and Detailed Design Assessment.docx	4	1.80	0.4500	0.72	2	0	ok	
PA_Delaware__xls	xls	sheets	sheets/done-015/xls/PA_Delaware.xls	122	1.20	0.0098	0.01	1	0	ok	
PBN Matrix NAAs (V01)__xlsx	xlsx	sheets	sheets/done-009/xlsx/PBN Matrix NAAs (V01).xlsx	25	0.30	0.0120	0.08	21	0	ok	
PC1000__xls	xls	sheets	sheets/done-010/xls/PC1000.xls	13	1.59	0.1223	1.15	1	0	ok	
PES-Technical-Report-Template_Jan_2019__docx	docx	words	words/done-016/docx/PES-Technical-Report-Template_Jan_2019.docx	14	2.37	0.1693	1.29	1	1	ok	bottom-centre: the same marks in a different colour (19.42% of page, x 0.00-1.00, y 0.56-1.00)
PI-doc.-no.-2E-Technical-Review-Report__docx	docx	words	words/done-015/docx/PI-doc.-no.-2E-Technical-Review-Report.docx	12	1.33	0.1108	0.52	4	0	ok	
PK_FlugzeugeStricken__doc	doc	words	words/done-014/doc/PK_FlugzeugeStricken.doc	7	8.78	1.2543	6.52	2	3	ok	the whole page: marks displaced or reshaped (57.37% of page, x 0.02-0.97, y 0.02-0.97)
PM-apeech-Handover-of-New-Airbus-Aircraft-for-Fiji-Airways-Dec.-15th__docx	docx	words	words/done-010/docx/PM-apeech-Handover-of-New-Airbus-Aircraft-for-Fiji-Airways-Dec.-15th.docx	5	0.00	0.0000	0.00	1	0	ok	
PRM_training__pptx	pptx	slides	slides/done-013/pptx/PRM_training.pptx	22	7.35	0.3341	2.36	4	3	ok	middle-right: marks displaced or reshaped (19.56% of page, x 0.69-1.00, y 0.03-0.90)
PUR-0012-UTAS-GRAMS-SPA-Template-1-25-2024__doc	doc	words	words/done-008/doc/PUR-0012-UTAS-GRAMS-SPA-Template-1-25-2024.doc	6	0.06	0.0100	0.03	2	0	ok	
Part_129_Operators__xlsx	xlsx	sheets	sheets/done-005/xlsx/Part_129_Operators.xlsx	23	0.47	0.0204	0.47	23	0	ok	
Part_375_Operators__xlsx	xlsx	sheets	sheets/done-004/xlsx/Part_375_Operators.xlsx	19	0.56	0.0295	0.56	19	0	ok	
Patent Index 2024 - Top 100 applicants 2024__xlsx	xlsx	sheets	sheets/done-001/xlsx/Patent Index 2024 - Top 100 applicants 2024.xlsx	1	0.00	0.0000	0.00	1	0	ok	
Performance__xlsx	xlsx	sheets	sheets/done-006/xlsx/Performance.xlsx	13	0.04	0.0031	0.02	12	0	ok	
Praktikastellen_-_chinesischsprachiger_Kulturraum__xls	xls	sheets	sheets/done-005/xls/Praktikastellen_-_chinesischsprachiger_Kulturraum.xls	34	0.03	0.0009	0.03	21	0	ok	
Pre-Application_Letter_of_Intent_Example__docx	docx	words	words/done-001/docx/Pre-Application_Letter_of_Intent_Example.docx	1	0.22	0.2200	0.22	1	0	ok	
Presentation - Identify Components of the Airport (1)__pptx	pptx	slides	slides/done-014/pptx/Presentation - Identify Components of the Airport (1).pptx	12	0.95	0.0792	0.30	12	0	ok	
Press release_EUREKA labels ITEA 3 Cluster__docx	docx	words	words/done-007/docx/Press release_EUREKA labels ITEA 3 Cluster.docx	2	0.05	0.0250	0.03	2	0	ok	
Published_Issuances_2024__xlsx	xlsx	sheets	sheets/done-006/xlsx/Published_Issuances_2024.xlsx	1	0.01	0.0100	0.01	1	0	ok	
RCO_VOR_Master_List_082824__xlsx	xlsx	sheets	sheets/done-016/xlsx/RCO_VOR_Master_List_082824.xlsx	80	0.06	0.0008	0.04	78	0	ok	
REDAC Briefing_SSIT_CARA_08132014.ppt__pptx	pptx	slides	slides/done-010/pptx/REDAC Briefing_SSIT_CARA_08132014.ppt.pptx	14	3.73	0.2664	0.71	14	0	ok	
REDAC HF briefing Sep 2016_LARD_ATC_TO_FE_v2__pptx	pptx	slides	slides/done-006/pptx/REDAC HF briefing Sep 2016_LARD_ATC_TO_FE_v2.pptx	18	1.16	0.0644	0.21	16	0	ok	
REDAC briefing March12-13-2014jemvbFINAL.ppt__pptx	pptx	slides	slides/done-012/pptx/REDAC briefing March12-13-2014jemvbFINAL.ppt.pptx	25	3.73	0.1492	0.39	23	1	ok	
REDAC_SCHEDULE_RPD_135__xls	xls	sheets	sheets/done-001/xls/REDAC_SCHEDULE_RPD_135.xls	1	0.37	0.3700	0.37	1	0	ok	
REDAC_SCHEDULE_RPD_137__xls	xls	sheets	sheets/done-002/xls/REDAC_SCHEDULE_RPD_137.xls	2	0.45	0.2250	0.43	1	0	ok	
RESPA_-_Section_8_Webinar__ppt	ppt	slides	slides/done-008/ppt/RESPA_-_Section_8_Webinar.ppt	35	2.53	0.0723	0.70	1	0	ok	
RMI_Document_Repository_Public-Reprts_GettingOffOil__doc	doc	words	words/done-012/doc/RMI_Document_Repository_Public-Reprts_GettingOffOil.doc	6	10.85	1.8083	7.58	2	2	ok	middle-centre: a fill or background shading the reference has and we do not (22.94% of page, x 0.11-0.89, y 0.47-0.78)
RMP 2011-2014 and Inventory__xls	xls	sheets	sheets/done-010/xls/RMP 2011-2014 and Inventory.xls	38	17.42	0.4584	1.15	12	1	ok	
RNW167A-150428__doc	doc	words	words/done-007/doc/RNW167A-150428.doc	9	3.06	0.3400	0.71	8	2	ok	bottom-centre: ink missing from ours — a graphic, glyphs or a fill (3.48% of page, x 0.09-0.91, y 0.85-0.92)
ROK-PI Climate Bulletin - Edition 2017-06__pptx	pptx	slides	slides/done-008/pptx/ROK-PI Climate Bulletin - Edition 2017-06.pptx	2	0.07	0.0350	0.05	1	0	ok	
RPA P4 - Advanced Material__pptx	pptx	slides	slides/done-015/pptx/RPA P4 - Advanced Material.pptx	20	5.56	0.2780	2.70	3	2	ok	middle-centre: marks displaced or reshaped (21.68% of page, x 0.04-0.94, y 0.15-0.72)
RPA-Budgets-FY-17-19-20__xls	xls	sheets	sheets/done-003/xls/RPA-Budgets-FY-17-19-20.xls	4	0.06	0.0150	0.06	2	0	ok	
RPD 155 REDAC SCHEDULE 2014-04-02__xls	xls	sheets	sheets/done-001/xls/RPD 155 REDAC SCHEDULE 2014-04-02.xls	1	0.01	0.0100	0.01	1	0	ok	
RRM-training-syllabus-Chapter-3-Teamwork-TC-Towing-Incident-Analysis-Dec-2009__ppt	ppt	slides	slides/ceiling-001/ppt/RRM-training-syllabus-Chapter-3-Teamwork-TC-Towing-Incident-Analysis-Dec-2009.ppt	27	8.06	0.2985	0.80	12	3	ok	middle-centre: ink we draw that the reference does not (0.74% of page, x 0.29-0.44, y 0.34-0.40)
RVSM_Non_approved_list_2025_84c0b3f4ac__xlsx	xlsx	sheets	sheets/done-008/xlsx/RVSM_Non_approved_list_2025_84c0b3f4ac.xlsx	2	0.19	0.0950	0.16	1	0	ok	
Ramp Up Campaign - French__pptx	pptx	slides	slides/metrics-001/pptx/Ramp Up Campaign - French.pptx	6	0.51	0.0850	0.24	4	2	ok	top-left: ink missing from ours — a graphic, glyphs or a fill (1.44% of page, x 0.02-0.12, y 0.01-0.19)
RegChangeReport__xlsx	xlsx	sheets	sheets/done-009/xlsx/RegChangeReport.xlsx	12	5.03	0.4192	1.39	2	5	ok	top-centre: ink we draw that the reference does not (4.18% of page, x 0.25-0.76, y 0.00-0.10)
Regulations Governing the Status, Basic Rights and Duties of Officials other than Secretariat Officials, and Experts on Mission__docx	docx	words	words/done-014/docx/Regulations Governing the Status, Basic Rights and Duties of Officials other than Secretariat Officials, and Experts on Mission.docx	18	4.92	0.2733	0.47	6	1	ok	
Reid__doc	doc	words	words/done-013/doc/Reid.doc	4	0.28	0.0700	0.14	3	0	ok	
Reporting_responsibilities_matrix__pptx	pptx	slides	slides/done-014/pptx/Reporting_responsibilities_matrix.pptx	268	34.70	0.1295	1.28	138	2	ok	
RobertQ_Service__doc	doc	words	words/done-004/doc/RobertQ_Service.doc	4	2.29	0.5725	0.84	3	3	ok	middle-centre: a fill or background shading the reference has and we do not (1.36% of page, x 0.08-0.95, y 0.62-0.64)
SDL_FSDO_Part91_LOA_Checklist__docx	docx	words	words/done-006/docx/SDL_FSDO_Part91_LOA_Checklist.docx	2	0.17	0.0850	0.14	2	0	ok	
SFSP_2013-02_Bulletin__doc	doc	words	words/done-015/doc/SFSP_2013-02_Bulletin.doc	4	0.46	0.1150	0.16	4	0	ok	
SIL_TDB605__xls	xls	sheets	sheets/done-011/xls/SIL_TDB605.xls	44	0.89	0.0202	0.44	6	1	ok	
SIL_TDB609__xls	xls	sheets	sheets/done-012/xls/SIL_TDB609.xls	50	0.99	0.0198	0.44	6	1	ok	
SIL_TDB648__xlsx	xlsx	sheets	sheets/pagination-001/xlsx/SIL_TDB648.xlsx	90	2.85	0.0317	0.35	68	2	ok	
SLSA_Directory_031423__xlsx	xlsx	sheets	sheets/done-007/xlsx/SLSA_Directory_031423.xlsx	10	7.80	0.7800	1.29	2	7	ok	middle-left: ink we draw that the reference does not (2.19% of page, x 0.08-0.20, y 0.04-0.91)
SPA-06_mcar_part-6_and_IS_v2.9__docx	docx	words	words/done-016/docx/SPA-06_mcar_part-6_and_IS_v2.9.docx	85	8.25	0.0971	0.77	46	2	ok	top-centre: a fill or background shading the reference has and we do not (1.21% of page, x 0.07-0.95, y 0.18-0.19)
SPA-11_mcar_part-11_v2.9__docx	docx	words	words/done-013/docx/SPA-11_mcar_part-11_v2.9.docx	49	7.45	0.1520	1.08	46	3	ok	middle-centre: marks displaced or reshaped (5.59% of page, x 0.23-0.90, y 0.34-0.46)
SRDMG(16)024_60 GHz onboard airplanes__pptx	pptx	slides	slides/done-012/pptx/SRDMG(16)024_60 GHz onboard airplanes.pptx	26	2.06	0.0792	0.56	10	2	ok	bottom-left: ink we draw that the reference does not (0.85% of page, x 0.21-0.32, y 0.70-0.83)
SSRO_Quarterly_Statistical_Bulletin_Q3201617_DATA__xlsx	xlsx	sheets	sheets/done-006/xlsx/SSRO_Quarterly_Statistical_Bulletin_Q3201617_DATA.xlsx	4	0.06	0.0150	0.03	1	0	ok	
STC_WebList__xlsx	xlsx	sheets	sheets/done-016/xlsx/STC_WebList.xlsx	4372	3.42	0.0008	0.27	1468	1	ok	
SWDD-template__docx	docx	words	words/done-009/docx/SWDD-template.docx	6	0.48	0.0800	0.14	4	4	ok	top-centre: ink missing from ours — a graphic, glyphs or a fill (0.80% of page, x 0.11-0.69, y 0.07-0.08)
Sample_PAO-PSO_91-113_Letter__docx	docx	words	words/done-001/docx/Sample_PAO-PSO_91-113_Letter.docx	1	0.00	0.0000	0.00	1	0	ok	
Sample_SQMS_Program__docx	docx	words	words/done-015/docx/Sample_SQMS_Program.docx	61	3.28	0.0538	0.47	55	0	ok	
Sean Monogue__pptx	pptx	slides	slides/done-012/pptx/Sean Monogue.pptx	15	3.09	0.2060	0.40	12	0	ok	
SectorAdvisoryGroupandStrategyBoards__xls	xls	sheets	sheets/done-005/xls/SectorAdvisoryGroupandStrategyBoards.xls	7	0.02	0.0029	0.01	3	0	ok	
Sector_Skills_Insights_Advanced_Manufacturing_summary_slide_pack__pptx	pptx	slides	slides/done-010/pptx/Sector_Skills_Insights_Advanced_Manufacturing_summary_slide_pack.pptx	24	5.11	0.2129	0.94	11	2	ok	middle-centre: ink we draw that the reference does not (3.57% of page, x 0.02-0.97, y 0.36-0.40)
Service-Bulletin-SDFNR5-April-25-2023-FNR-TRANSMISSION-LUBRICATION__docx	docx	words	words/done-001/docx/Service-Bulletin-SDFNR5-April-25-2023-FNR-TRANSMISSION-LUBRICATION.docx	1	0.01	0.0100	0.01	1	0	ok	
Session 21- The option to expand & abandon__pptx	pptx	slides	slides/done-004/pptx/Session 21- The option to expand & abandon.pptx	12	1.00	0.0833	0.27	7	0	ok	
Session-1-Presentation-Reporting-Forms-Form-12-final__pptx	pptx	slides	slides/done-011/pptx/Session-1-Presentation-Reporting-Forms-Form-12-final.pptx	15	1.30	0.0867	0.25	2	2	ok	top-centre: a fill or background shading we draw and the reference does not (0.89% of page, x 0.41-0.43, y 0.05-0.50)
Snowbirds_High_Show__pptx	pptx	slides	slides/done-014/pptx/Snowbirds_High_Show.pptx	41	20.18	0.4922	0.71	28	0	ok	
Software Architecture Document Template__docx	docx	words	words/done-004/docx/Software Architecture Document Template.docx	3	0.07	0.0233	0.07	1	0	ok	
Sol PJ14-03-04 Solution Contextual__docx	docx	words	words/done-013/docx/Sol PJ14-03-04 Solution Contextual.docx	5	2.49	0.4980	1.32	1	0	ok	
Special-Procedures_2025-07-10__xls	xls	sheets	sheets/done-010/xls/Special-Procedures_2025-07-10.xls	22	0.01	0.0005	0.01	1	0	ok	
Stakeholders-v08052017 - v5__pptx	pptx	slides	slides/done-006/pptx/Stakeholders-v08052017 - v5.pptx	13	1.13	0.0869	0.21	12	0	ok	
State-Medicaid-Payment-Policies-for-Medicare-Cost-Sharing__xlsx	xlsx	sheets	sheets/done-009/xlsx/State-Medicaid-Payment-Policies-for-Medicare-Cost-Sharing.xlsx	18	0.53	0.0294	0.10	10	0	ok	
Structural Testing__pptx	pptx	slides	slides/done-013/pptx/Structural Testing.pptx	89	5.30	0.0596	0.59	64	3	ok	
Sylva%20introduction%20session__pptx	pptx	slides	slides/ceiling-001/pptx/Sylva%20introduction%20session.pptx	15	3.26	0.2173	0.62	5	3	ok	middle-centre: marks displaced or reshaped (1.15% of page, x 0.34-0.46, y 0.55-0.76)
T0A0D0000090006XLSE__xls	xls	sheets	sheets/done-011/xls/T0A0D0000090006XLSE.xls	162	10.74	0.0663	0.78	159	7	ok	middle-left: ink we draw that the reference does not (1.90% of page, x 0.08-0.19, y 0.08-0.86)
TDA_Smoke-Detectors__xlsx	xlsx	sheets	sheets/done-008/xlsx/TDA_Smoke-Detectors.xlsx	28	0.53	0.0189	0.50	1	0	ok	
TE.CAO.00125 Foreign Part 145 approvals - OJT Logbook__docx	docx	words	words/done-016/docx/TE.CAO.00125 Foreign Part 145 approvals - OJT Logbook.docx	15	4.22	0.2813	0.68	5	1	ok	
TICAPCapability_Final__xls	xls	sheets	sheets/done-014/xls/TICAPCapability_Final.xls	17	2.45	0.1441	0.71	15	3	ok	middle-centre: a fill or background shading the reference has and we do not (4.28% of page, x 0.14-0.88, y 0.43-0.49)
TK-Syllabus-Comparison-Document-v2__xlsx	xlsx	sheets	sheets/done-016/xlsx/TK-Syllabus-Comparison-Document-v2.xlsx	1235	92.62	0.0750	6.71	20	28	ok	middle-centre: ink missing from ours — a graphic, glyphs or a fill (47.54% of page, x 0.14-0.86, y 0.04-0.95)
TOGAF9-Tool-ConfReqts-CSQ__xls	xls	sheets	sheets/done-010/xls/TOGAF9-Tool-ConfReqts-CSQ.xls	28	5.18	0.1850	1.89	21	1	ok	middle-centre: marks displaced or reshaped (27.24% of page, x 0.07-0.84, y 0.14-0.63)
Tax factsheet 2022 (1)__pptx	pptx	slides	slides/done-010/pptx/Tax factsheet 2022 (1).pptx	27	1.66	0.0615	1.08	7	0	ok	
Technical Report and Technical Update Guidelines__docx	docx	words	words/done-005/docx/Technical Report and Technical Update Guidelines.docx	4	0.03	0.0075	0.03	3	0	ok	
Technical_Issue_Report_Form__docx	docx	words	words/done-003/docx/Technical_Issue_Report_Form.docx	2	0.14	0.0700	0.14	1	0	ok	
Technical_Report_Elements[1]__pptx	pptx	slides	slides/done-014/pptx/Technical_Report_Elements[1].pptx	39	3.13	0.0803	0.73	31	3	ok	middle-left: marks displaced or reshaped (6.18% of page, x 0.05-0.48, y 0.55-0.74)
Temp16__doc	doc	words	words/done-003/doc/Temp16.doc	2	0.03	0.0150	0.02	1	0	ok	
Template Pilot Logbook JAR-FCL V3.0__xls	xls	sheets	sheets/ceiling-001/xls/Template Pilot Logbook JAR-FCL V3.0.xls	38	1.34	0.0353	0.44	14	1	ok	
Theft-Restitution-Letter-Vancouver-ASC-2005__doc	doc	words	words/done-005/doc/Theft-Restitution-Letter-Vancouver-ASC-2005.doc	1	0.03	0.0300	0.03	1	0	ok	
Travel-Cost-Estimate-Calculator__xlsx	xlsx	sheets	sheets/done-004/xlsx/Travel-Cost-Estimate-Calculator.xlsx	3	0.00	0.0000	0.00	1	0	ok	
Trust Fund Excise Taxes Structure__pptx	pptx	slides	slides/done-001/pptx/Trust Fund Excise Taxes Structure.pptx	1	0.11	0.1100	0.11	1	0	ok	
UAE Type Accepted Aircraft Models__xlsx	xlsx	sheets	sheets/done-004/xlsx/UAE Type Accepted Aircraft Models.xlsx	6	0.08	0.0133	0.06	2	0	ok	
UAS-SGI_waiver_approval_request_form__docx	docx	words	words/done-008/docx/UAS-SGI_waiver_approval_request_form.docx	2	0.02	0.0100	0.02	1	0	ok	
UASEventsNov2014-Aug2015__xls	xls	sheets	sheets/done-014/xls/UASEventsNov2014-Aug2015.xls	523	9.29	0.0178	1.73	337	1	ok	
UG.CAO.00133 Foreign Part 145 approvals - Language__docx	docx	words	words/extra-001/docx/UG.CAO.00133 Foreign Part 145 approvals - Language.docx	18	4.25	0.2361	0.95	10	3	ok	middle-centre: marks displaced or reshaped (39.27% of page, x 0.09-0.93, y 0.22-0.79)
Upload__hvv_Linie_150_2023__xlsx	xlsx	sheets	sheets/done-002/xlsx/Upload__hvv_Linie_150_2023.XLSX	1	0.00	0.0000	0.00	1	0	ok	
VOR Candidate Discontinuance List 2026-01-08__xlsx	xlsx	sheets	sheets/done-003/xlsx/VOR Candidate Discontinuance List 2026-01-08.xlsx	7	5.95	0.8500	1.98	3	3	ok	middle-centre: marks displaced or reshaped (4.64% of page, x 0.08-0.82, y 0.06-0.80)
WC_Update-Aug03__ppt	ppt	slides	slides/done-001/ppt/WC_Update-Aug03.ppt	11	0.54	0.0491	0.26	7	0	ok	
WEBSITE-RESOURCE-LIST-by-CATEGORY-4-6-18-341pm__xlsx	xlsx	sheets	sheets/done-002/xlsx/WEBSITE-RESOURCE-LIST-by-CATEGORY-4-6-18-341pm.xlsx	1	0.00	0.0000	0.00	1	0	ok	
WG7_NCWF_Skills_Table__xls	xls	sheets	sheets/done-006/xls/WG7_NCWF_Skills_Table.XLS	44	0.23	0.0052	0.04	25	0	ok	
Wales_Office_Quarter_4_Ministerial_Transparency_Return__doc	doc	words	words/done-006/doc/Wales_Office_Quarter_4_Ministerial_Transparency_Return.DOC	6	3.56	0.5933	3.38	3	1	ok	middle-centre: marks displaced or reshaped (32.21% of page, x 0.05-0.97, y 0.25-0.76)
WiGr_2021W_1_Angebot-Nachfrage-Elastizität-211017-171222__pptx	pptx	slides	slides/ceiling-002/pptx/WiGr_2021W_1_Angebot-Nachfrage-Elastizität-211017-171222.pptx	51	4.83	0.0947	1.80	10	1	ok	middle-centre: the same marks in a different colour (7.92% of page, x 0.12-0.94, y 0.40-0.56)
Wildlife for REDAC September 11__pptx	pptx	slides	slides/done-015/pptx/Wildlife for REDAC September 11.pptx	41	7.68	0.1873	2.69	13	4	ok	middle-right: ink we draw that the reference does not (4.27% of page, x 0.61-0.91, y 0.51-0.80)
WordArt_Shapes_Arrows_Catalog1__docx	docx	words	words/drawingset-001/docx/WordArt_Shapes_Arrows_Catalog1.docx	52	0.99	0.0190	0.15	45	0	ok	
Writing a technical report (SCE subject guide)__docx	docx	words	words/done-010/docx/Writing a technical report (SCE subject guide).docx	4	0.02	0.0050	0.01	1	0	ok	
ZenithAviation_AuctionList__xls	xls	sheets	sheets/done-006/xls/ZenithAviation_AuctionList.xls	33	0.02	0.0006	0.02	24	0	ok	
[Christophe]NLP_reseau_inge_stat__pptx	pptx	slides	slides/done-009/pptx/[Christophe]NLP_reseau_inge_stat.pptx	17	0.91	0.0535	0.72	11	1	ok	middle-right: a fill or background shading the reference has and we do not (0.79% of page, x 0.94-0.96, y 0.19-0.76)
_1___Opatrny_Ales_United_Kingdom_business_opportunities_final__pptx	pptx	slides	slides/done-011/pptx/_1___Opatrny_Ales_United_Kingdom_business_opportunities_final.pptx	25	1.94	0.0776	0.39	23	0	ok	
activespecs__xls	xls	sheets	sheets/done-015/xls/activespecs.xls	266	8.06	0.0303	0.21	175	0	ok	
advert-for-draft-decision-airbus-epr-bm3965ia-v006__doc	doc	words	words/done-001/doc/advert-for-draft-decision-airbus-epr-bm3965ia-v006.doc	2	0.01	0.0050	0.01	1	0	ok	
afn-afn-20250801-fy25-jan25-mar25__xlsx	xlsx	sheets	sheets/done-013/xlsx/afn-afn-20250801-fy25-jan25-mar25.xlsx	270	5.58	0.0207	0.34	219	0	ok	
airbus-pdf-information-package_v1-4__docx	docx	words	words/done-015/docx/airbus-pdf-information-package_v1-4.docx	9	1.18	0.1311	0.40	9	0	ok	
airbus-powerpoint-presentation-2019-20-without-video_diy_2019-20__pptx	pptx	slides	slides/done-009/pptx/airbus-powerpoint-presentation-2019-20-without-video_diy_2019-20.pptx	38	15.36	0.4042	0.85	28	2	ok	
aircraft_analysis-2018-06__xlsx	xlsx	sheets	sheets/done-011/xlsx/aircraft_analysis-2018-06.xlsx	42	0.00	0.0000	0.00	1	0	ok	
aircraft_analysis_2016-04-27__xls	xls	sheets	sheets/done-013/xls/aircraft_analysis_2016-04-27.xls	46	0.08	0.0017	0.02	12	0	ok	
airports_6__xlsx	xlsx	sheets	sheets/done-008/xlsx/airports_6.xlsx	17	8.69	0.5112	3.05	17	1	ok	middle-centre: a solid area drawn differently (47.56% of page, x 0.08-0.89, y 0.08-0.67)
alle einzeln__xlsx	xlsx	sheets	sheets/done-013/xlsx/alle einzeln.xlsx	186	0.07	0.0004	0.03	18	0	ok	
ans_mappings_of_eccairs_terms__xlsx	xlsx	sheets	sheets/metrics-001/xlsx/ans_mappings_of_eccairs_terms.xlsx	191	1.30	0.0068	0.11	21	0	ok	
approvals-and-standardisation-organisation-approvals-docs-part-145-annex-B-B11.-TE.CAO.00129-Foreign-Part-145-approvals---Experience--logbook__docx	docx	words	words/table-001/docx/approvals-and-standardisation-organisation-approvals-docs-part-145-annex-B-B11.-TE.CAO.00129-Foreign-Part-145-approvals---Experience--logbook.docx	6	0.72	0.1200	0.38	6	0	ok	
apron-area__xls	xls	sheets	sheets/done-005/xls/apron-area.xls	3	0.44	0.1467	0.41	1	0	ok	
architecture6__ppt	ppt	slides	slides/ceiling-001/ppt/architecture6.ppt	31	3.16	0.1019	0.82	10	1	ok	
arp-sop-300-Exhibit-A-Table-Templates__xlsx	xlsx	sheets	sheets/done-005/xlsx/arp-sop-300-Exhibit-A-Table-Templates.xlsx	11	1.57	0.1427	0.60	9	1	ok	
atspp_pay_tables__xlsx	xlsx	sheets	sheets/done-012/xlsx/atspp_pay_tables.xlsx	101	47.46	0.4699	3.22	66	15	ok	middle-centre: a solid area drawn differently (48.84% of page, x 0.08-0.84, y 0.12-0.81)
attendance-updates-for-governors__pptx	pptx	slides	slides/done-004/pptx/attendance-updates-for-governors.pptx	30	3.19	0.1063	0.23	15	0	ok	
b050-19__docx	docx	words	words/done-012/docx/b050-19.docx	3	0.11	0.0367	0.09	1	0	ok	
b053-19__docx	docx	words	words/done-011/docx/b053-19.docx	2	0.50	0.2500	0.50	1	0	ok	
bar_chart__pptx	pptx	slides	slides/chartset-001/pptx/bar_chart.pptx	1	0.11	0.1100	0.11	1	0	ok	
berlin__ppt	ppt	slides	slides/done-005/ppt/berlin.ppt	29	2.50	0.0862	0.49	2	2	ok	middle-right: ink missing from ours — a graphic, glyphs or a fill (0.42% of page, x 0.70-0.78, y 0.57-0.64)
bitesize-writing-a-report__pptx	pptx	slides	slides/done-007/pptx/bitesize-writing-a-report.pptx	15	1.68	0.1120	1.05	12	1	ok	middle-right: ink we draw that the reference does not (5.33% of page, x 0.59-0.83, y 0.41-0.73)
bulletin__docx	docx	words	words/done-012/docx/bulletin.docx	14	4.15	0.2964	2.44	7	2	ok	top-centre: marks displaced or reshaped (23.42% of page, x 0.14-0.85, y 0.08-0.49)
c_291533__pptx	pptx	slides	slides/done-005/pptx/c_291533.pptx	19	0.96	0.0505	0.26	11	0	ok	
cacs-206-1751218225__docx	docx	words	words/done-006/docx/cacs-206-1751218225.docx	2	0.01	0.0050	0.01	1	0	ok	
capa-liste-nse-1__xls	xls	sheets	sheets/done-013/xls/capa-liste-nse-1.xls	108	0.53	0.0049	0.12	70	0	ok	
certification-flight-standards-doc-oeb-supporting-documents-tgl-TGL26-section-5-REV10__doc	doc	words	words/done-009/doc/certification-flight-standards-doc-oeb-supporting-documents-tgl-TGL26-section-5-REV10.doc	8	0.10	0.0125	0.05	7	0	ok	
certification-type-certificates-docs-tcdns-databases-MAdB-Light-Prop-14-28112013__xlsx	xlsx	sheets	sheets/done-015/xlsx/certification-type-certificates-docs-tcdns-databases-MAdB-Light-Prop-14-28112013.xlsx	343	1.84	0.0054	0.13	1	1	ok	top-centre: a fill or background shading the reference has and we do not (0.97% of page, x 0.06-0.61, y 0.21-0.23)
certification-type-certificates-docs-tcdns-databases-MAdB-Rotorcraft-14-28112013__xlsx	xlsx	sheets	sheets/done-012/xlsx/certification-type-certificates-docs-tcdns-databases-MAdB-Rotorcraft-14-28112013.xlsx	82	3.86	0.0471	0.82	4	0	ok	
chapter 12__doc	doc	words	words/done-007/doc/chapter 12.doc	12	0.01	0.0008	0.01	7	0	ok	
chapter_4_0__pptx	pptx	slides	slides/done-013/pptx/chapter_4_0.pptx	54	12.70	0.2352	0.93	1	1	ok	
clustered-column-result__docx	docx	words	words/chartset-001/docx/clustered-column-result.docx	1	0.09	0.0900	0.09	1	0	ok	
clustered-column-template__docx	docx	words	words/chartset-001/docx/clustered-column-template.docx	1	0.06	0.0600	0.06	1	0	ok	
combo_bar_line_chart__pptx	pptx	slides	slides/chartset-001/pptx/combo_bar_line_chart.pptx	1	0.12	0.1200	0.12	1	0	ok	
commander-authorisation-tasks-spreadsheet-october-2025__xlsx	xlsx	sheets	sheets/done-008/xlsx/commander-authorisation-tasks-spreadsheet-october-2025.xlsx	23	3.42	0.1487	1.18	6	0	ok	
concepts-surrounding-cloud-computing-carolyn-kranz-and-rich-prem-gb-seattle-2011__ppt	ppt	slides	slides/done-008/ppt/concepts-surrounding-cloud-computing-carolyn-kranz-and-rich-prem-gb-seattle-2011.ppt	36	3.28	0.0911	0.25	9	0	ok	
congregationalhistories_ky_2023__doc	doc	words	words/done-007/doc/congregationalhistories_ky_2023.doc	1	0.00	0.0000	0.00	1	0	ok	
cy01_state__xls	xls	sheets	sheets/done-009/xls/cy01_state.xls	36	4.60	0.1278	0.67	5	0	ok	
cy06_primary_np_comm__xls	xls	sheets	sheets/done-010/xls/cy06_primary_np_comm.xls	11	0.13	0.0118	0.04	1	0	ok	
cy10_primary_enplanements__xls	xls	sheets	sheets/done-005/xls/cy10_primary_enplanements.xls	12	0.21	0.0175	0.04	3	0	ok	
data_20121018181533__xls	xls	sheets	sheets/done-008/xls/data_20121018181533.xls	57	0.04	0.0007	0.04	22	0	ok	
dhs-293364__pptx	pptx	slides	slides/done-002/pptx/dhs-293364.pptx	39	2.41	0.0618	0.23	29	0	ok	
diapo_6_fees_vous_etes_poctdoct_exterieur_a_luniv_v2_0_1__pptx	pptx	slides	slides/done-002/pptx/diapo_6_fees_vous_etes_poctdoct_exterieur_a_luniv_v2_0_1.pptx	1	0.00	0.0000	0.00	1	0	ok	
disclosures_ecm__xls	xls	sheets	sheets/done-003/xls/disclosures_ecm.xls	1	0.00	0.0000	0.00	1	0	ok	
docs-quality-MA.IMS.00001-Integrated-Management-System-manual__docx	docx	words	words/pagination-002/docx/docs-quality-MA.IMS.00001-Integrated-Management-System-manual.docx	44	10.22	0.2323	2.77	30	2	ok	middle-left: marks displaced or reshaped (4.53% of page, x 0.13-0.36, y 0.19-0.82)
draft-variation-notice-airbus-bm3965ia-v006-vs-comments__docx	docx	words	words/done-008/docx/draft-variation-notice-airbus-bm3965ia-v006-vs-comments.docx	9	1.06	0.1178	0.85	3	0	ok	
dragon-175066A__xlsx	xlsx	sheets	sheets/done-006/xlsx/dragon-175066A.xlsx	13	0.13	0.0100	0.04	11	0	ok	
dragon1-enterprise-architecture-document-example-v0.1d__docx	docx	words	words/done-016/docx/dragon1-enterprise-architecture-document-example-v0.1d.docx	13	0.32	0.0246	0.32	4	0	ok	
e-pass-contact-details-template__xlsx	xlsx	sheets	sheets/done-002/xlsx/e-pass-contact-details-template.xlsx	4	0.00	0.0000	0.00	1	0	ok	
eTAR_External_Web_tool_Tip_Sheet_mh__docx	docx	words	words/done-011/docx/eTAR_External_Web_tool_Tip_Sheet_mh.docx	4	0.03	0.0075	0.03	4	0	ok	
easa-form-1__docx	docx	words	words/done-002/docx/easa-form-1.docx	5	0.12	0.0240	0.09	1	0	ok	
easa-regulations-update-20__docx	docx	words	words/done-013/docx/easa-regulations-update-20.docx	22	0.53	0.0241	0.18	4	2	ok	
ecopy of 2016 statistical bulletin_public finance statistics_final__xlsx	xlsx	sheets	sheets/done-007/xlsx/ecopy of 2016 statistical bulletin_public finance statistics_final.xlsx	17	0.15	0.0088	0.05	11	1	ok	middle-left: a fill or background shading the reference has and we do not (0.42% of page, x 0.13-0.18, y 0.46-0.57)
edb-emissions-databank v27-NewFormat (web)__xlsx	xlsx	sheets	sheets/done-014/xlsx/edb-emissions-databank v27-NewFormat (web).xlsx	368	8.88	0.0241	1.03	321	10	ok	
einvoice-summary-worksheet__xlsx	xlsx	sheets	sheets/done-001/xlsx/einvoice-summary-worksheet.xlsx	2	0.00	0.0000	0.00	1	0	ok	
environment-edb-docs-edb-emissions-databank__xls	xls	sheets	sheets/done-016/xls/environment-edb-docs-edb-emissions-databank.xls	195	18.68	0.0958	1.58	131	7	ok	middle-centre: marks displaced or reshaped (5.58% of page, x 0.06-0.91, y 0.11-0.64)
essd-16-3433-2024-t02__xlsx	xlsx	sheets	sheets/done-007/xlsx/essd-16-3433-2024-t02.xlsx	4	0.01	0.0025	0.01	1	0	ok	
esurf-12-135-2024-t01__xlsx	xlsx	sheets	sheets/done-005/xlsx/esurf-12-135-2024-t01.xlsx	1	0.00	0.0000	0.00	1	0	ok	
ev122_jj-liew-tort-of-bribery-webinar__pptx	pptx	slides	slides/done-003/pptx/ev122_jj-liew-tort-of-bribery-webinar.pptx	24	0.90	0.0375	0.34	22	0	ok	
exhibit-06---technical-architecture-template__docx	docx	words	words/done-014/docx/exhibit-06---technical-architecture-template.docx	8	0.91	0.1138	0.79	4	0	ok	
f111__doc	doc	words	words/done-010/doc/f111.doc	11	0.29	0.0264	0.09	10	0	ok	
f2_registro_de_aprovacao_com_pbcs_EN__docx	docx	words	words/done-011/docx/f2_registro_de_aprovacao_com_pbcs_EN.docx	2	0.24	0.1200	0.14	1	0	ok	
f445896eb008d14c1746fc37d412dc22__docx	docx	words	words/done-005/docx/f445896eb008d14c1746fc37d412dc22.docx	15	0.68	0.0453	0.18	6	0	ok	
final-technical-report-template__docx	docx	words	words/done-007/docx/final-technical-report-template.docx	6	0.18	0.0300	0.08	1	0	ok	
fishbone-diagram-template-ppt-1__pptx	pptx	slides	slides/done-001/pptx/fishbone-diagram-template-ppt-1.pptx	1	0.01	0.0100	0.01	1	0	ok	
fleetfastfacts16nov2023__docx	docx	words	words/done-014/docx/fleetfastfacts16nov2023.docx	1	0.04	0.0400	0.04	1	0	ok	
flightstandards-doc-Cross-reference-table_version02__xlsx	xlsx	sheets	sheets/done-015/xlsx/flightstandards-doc-Cross-reference-table_version02.xlsx	464	12.50	0.0269	2.54	2	35	ok	top-centre: ink missing from ours — a graphic, glyphs or a fill (9.18% of page, x 0.06-0.86, y 0.08-0.24)
flying-by-numbers-presentation__pptx	pptx	slides	slides/done-007/pptx/flying-by-numbers-presentation.pptx	10	3.87	0.3870	0.63	8	10	ok	top-centre: a fill or background shading we draw and the reference does not (2.08% of page, x 0.00-1.00, y 0.13-0.15)
flying-log-passenger-23rd-september-2014__xls	xls	sheets	sheets/done-004/xls/flying-log-passenger-23rd-september-2014.xls	7	0.00	0.0000	0.00	1	0	ok	
fm-provider-service-measures__xlsx	xlsx	sheets	sheets/done-014/xlsx/fm-provider-service-measures.xlsx	38	10.27	0.2703	8.88	5	1	ok	middle-right: a fill or background shading the reference has and we do not (12.03% of page, x 0.49-0.96, y 0.30-0.55)
foca_form_1__doc	doc	words	words/done-001/doc/foca_form_1.doc	3	0.16	0.0533	0.11	1	0	ok	
form_1123_application_form_rvsm_spa__docx	docx	words	words/done-009/docx/form_1123_application_form_rvsm_spa.docx	3	0.17	0.0567	0.10	1	0	ok	
fy20-may20-sep20__xlsx	xlsx	sheets	sheets/done-013/xlsx/fy20-may20-sep20.xlsx	96	16.75	0.1745	2.39	15	3	ok	middle-centre: marks displaced or reshaped (8.64% of page, x 0.43-0.77, y 0.06-0.91)
fy2010-aip-grants__xls	xls	sheets	sheets/done-013/xls/fy2010-aip-grants.xls	100	5.84	0.0584	0.18	5	0	ok	
fy2011-aip-grants__xls	xls	sheets	sheets/done-013/xls/fy2011-aip-grants.xls	93	5.62	0.0604	0.14	44	0	ok	
gfopportunitiesforlinkagespres_2010_en__ppt	ppt	slides	slides/done-002/ppt/gfopportunitiesforlinkagespres_2010_en.ppt	27	2.91	0.1078	0.59	27	0	ok	
ghgp-supply-chain-initiative_20100323_wri__pptx	pptx	slides	slides/done-004/pptx/ghgp-supply-chain-initiative_20100323_wri.pptx	52	4.12	0.0792	1.64	40	4	ok	middle-right: ink we draw that the reference does not (9.45% of page, x 0.67-0.92, y 0.18-0.64)
gillikin_online_user_mtg_2010__ppt	ppt	slides	slides/done-012/ppt/gillikin_online_user_mtg_2010.ppt	40	6.14	0.1535	1.22	8	1	ok	
gpp-pr-top-7-office-markets-4q-2023__docx	docx	words	words/done-013/docx/gpp-pr-top-7-office-markets-4q-2023.docx	4	1.82	0.4550	1.16	2	0	ok	
grants-2005__xls	xls	sheets	sheets/pagination-001/xls/grants-2005.xls	201	96.11	0.4782	2.06	158	45	ok	top-centre: a fill of the wrong colour (2.12% of page, x 0.08-0.85, y 0.09-0.12)
hdss-bulletin-index-2019-2022__xlsx	xlsx	sheets	sheets/done-007/xlsx/hdss-bulletin-index-2019-2022.xlsx	24	0.28	0.0117	0.16	7	1	ok	top-left: a fill or background shading the reference has and we do not (1.68% of page, x 0.08-0.14, y 0.11-0.38)
hdss-bulletin-issue-285-25-june-2025__docx	docx	words	words/done-013/docx/hdss-bulletin-issue-285-25-june-2025.docx	10	4.85	0.4850	1.29	7	0	ok	
healthcare-reform-nsa-consumer-bulletin__docx	docx	words	words/done-005/docx/healthcare-reform-nsa-consumer-bulletin.docx	4	0.02	0.0050	0.01	1	0	ok	
healthcare-reform-nsa-provider-bulletin__docx	docx	words	words/done-006/docx/healthcare-reform-nsa-provider-bulletin.docx	5	1.92	0.3840	0.94	5	1	ok	
hofman__ppt	ppt	slides	slides/done-013/ppt/hofman.ppt	13	0.68	0.0523	0.34	11	1	ok	
iaeg_work_group_leader_updates__pptx	pptx	slides	slides/done-001/pptx/iaeg_work_group_leader_updates.pptx	1	0.27	0.2700	0.27	1	0	ok	
iep-amount-frequency-for-webinar__ppt	ppt	slides	slides/done-009/ppt/iep-amount-frequency-for-webinar.ppt	39	1.17	0.0300	0.19	2	0	ok	
info-bulletin-601__doc	doc	words	words/extra-001/doc/info-bulletin-601.doc	6	0.18	0.0300	0.04	3	0	ok	
introduction_to_bea_tuxedo__ppt	ppt	slides	slides/done-007/ppt/introduction_to_bea_tuxedo.ppt	40	3.33	0.0833	1.60	39	2	ok	middle-centre: marks displaced or reshaped (5.45% of page, x 0.13-0.86, y 0.33-0.46)
iris07.12.12__pptx	pptx	slides	slides/done-006/pptx/iris07.12.12.pptx	21	0.61	0.0290	0.22	13	1	ok	bottom-centre: ink we draw that the reference does not (0.51% of page, x 0.39-0.52, y 0.81-0.86)
item_3-environmental_process_briefing__pptx	pptx	slides	slides/done-008/pptx/item_3-environmental_process_briefing.pptx	12	0.96	0.0800	0.77	6	0	ok	
jobs-bulletin-51-22-december-2025__xlsx	xlsx	sheets	sheets/done-007/xlsx/jobs-bulletin-51-22-december-2025.xlsx	12	0.00	0.0000	0.00	1	0	ok	
johnson_hall_service_log.pdf__docx	docx	words	words/done-007/docx/johnson_hall_service_log.pdf.docx	1	0.00	0.0000	0.00	1	0	ok	
joint_user_outcomes_michael_fullerton_29.06.12__ppt	ppt	slides	slides/done-007/ppt/joint_user_outcomes_michael_fullerton_29.06.12.ppt	20	2.25	0.1125	0.40	2	1	ok	bottom-left: ink missing from ours — a graphic, glyphs or a fill (0.85% of page, x 0.08-0.27, y 0.83-0.89)
june_2025_published__xlsx	xlsx	sheets	sheets/done-005/xlsx/june_2025_published.xlsx	15	0.05	0.0033	0.02	2	0	ok	
laufende-nip-vorhaben-hyland__xls	xls	sheets	sheets/done-015/xls/laufende-nip-vorhaben-hyland.xls	18	0.21	0.0117	0.05	17	0	ok	
line_chart__pptx	pptx	slides	slides/chartset-001/pptx/line_chart.pptx	1	0.06	0.0600	0.06	1	0	ok	
links-2026__xlsx	xlsx	sheets	sheets/done-011/xlsx/links-2026.xlsx	45	1.73	0.0384	0.38	28	0	ok	
lk03_17__docx	docx	words	words/done-002/docx/lk03_17.docx	2	0.00	0.0000	0.00	1	0	ok	
loi_format_letter_of_intent-a-320-214-a330__doc	doc	words	words/done-005/doc/loi_format_letter_of_intent-a-320-214-a330.doc	10	0.04	0.0040	0.03	9	0	ok	
manufacturing_process_simulation_working_group_overview_2023__pptx	pptx	slides	slides/done-005/pptx/manufacturing_process_simulation_working_group_overview_2023.pptx	7	0.56	0.0800	0.16	6	0	ok	
mde087077~283__docx	docx	words	words/done-003/docx/mde087077~283.docx	4	0.26	0.0650	0.26	1	0	ok	
medicines_bulletin_february_2023_final__pptx	pptx	slides	slides/done-002/pptx/medicines_bulletin_february_2023_final.pptx	1	0.08	0.0800	0.08	1	0	ok	
microsoft_learn_multi_chart_examples__xlsx	xlsx	sheets	sheets/chartset-004/xlsx/microsoft_learn_multi_chart_examples.xlsx	5	0.35	0.0700	0.20	3	0	ok	
monthly-content-feeder__docx	docx	words	words/done-011/docx/monthly-content-feeder.docx	18	1.50	0.0833	0.43	8	0	ok	
nabiyeleul_1_aviation_service_28_july_2020__pptx	pptx	slides	slides/done-006/pptx/nabiyeleul_1_aviation_service_28_july_2020.pptx	9	3.44	0.3822	1.56	1	1	ok	top-centre: marks displaced or reshaped (15.62% of page, x 0.14-0.94, y 0.16-0.48)
npias_2009_appA__xls	xls	sheets	sheets/done-012/xls/npias_2009_appA.xls	73	17.66	0.2419	0.86	73	9	ok	
oltl-bulletin-59-26-03-ptr-sc-registration-form-for-oltl-approved-software__xlsx	xlsx	sheets	sheets/done-001/xlsx/oltl-bulletin-59-26-03-ptr-sc-registration-form-for-oltl-approved-software.xlsx	2	0.45	0.2250	0.36	1	0	ok	
omrIMInterpretiveGuideLine__doc	doc	words	words/done-013/doc/omrIMInterpretiveGuideLine.doc	2	0.16	0.0800	0.16	1	0	ok	
opic 5--Case Studies Movie and Aviation Industries__doc	doc	words	words/done-004/doc/opic 5--Case Studies Movie and Aviation Industries.doc	5	0.88	0.1760	0.26	4	0	ok	
orbus_togaf_tool_csq__xls	xls	sheets	sheets/missing-001/xls/orbus_togaf_tool_csq.xls	75	23.50	0.3133	4.40	7	2	ok	middle-centre: marks displaced or reshaped (7.62% of page, x 0.04-0.94, y 0.07-0.82)
order-of-worship-ppt-revised-2018__pptx	pptx	slides	slides/done-011/pptx/order-of-worship-ppt-revised-2018.pptx	28	8.01	0.2861	5.51	1	2	ok	middle-centre: ink missing from ours — a graphic, glyphs or a fill (14.42% of page, x 0.27-0.74, y 0.46-0.83)
outlook_of_nigerian_pension_sector__ppt	ppt	slides	slides/done-003/ppt/outlook_of_nigerian_pension_sector.ppt	12	1.31	0.1092	0.24	6	1	ok	top-right: a fill or background shading the reference has and we do not (0.51% of page, x 0.63-0.91, y 0.30-0.32)
part-145-approval list (1)__docx	docx	words	words/done-011/docx/part-145-approval list (1).docx	8	11.21	1.4012	2.93	3	6	ok	top-centre: marks displaced or reshaped (13.70% of page, x 0.02-0.96, y 0.07-0.33)
part-145-approval list 2025__docx	docx	words	words/done-011/docx/part-145-approval list 2025.docx	7	7.08	1.0114	1.45	2	4	ok	middle-centre: ink we draw that the reference does not (1.78% of page, x 0.02-0.96, y 0.50-0.52)
part-147_approval list_20230119__docx	docx	words	words/done-005/docx/part-147_approval list_20230119.docx	2	0.56	0.2800	0.31	1	0	ok	
passiv__pptx	pptx	slides	slides/done-010/pptx/passiv.pptx	21	3.28	0.1562	1.49	6	6	ok	bottom-centre: marks displaced or reshaped (6.01% of page, x 0.06-0.93, y 0.71-0.86)
permit-applications-determined-july-2015__xls	xls	sheets	sheets/done-004/xls/permit-applications-determined-july-2015.xls	1	0.01	0.0100	0.01	1	0	ok	
pie-chart-result__docx	docx	words	words/chartset-001/docx/pie-chart-result.docx	1	0.30	0.3000	0.30	1	0	ok	
pie-chart-template__docx	docx	words	words/chartset-001/docx/pie-chart-template.docx	1	0.04	0.0400	0.04	1	0	ok	
pods05__ppt	ppt	slides	slides/done-005/ppt/pods05.ppt	60	6.51	0.1085	1.27	14	3	ok	
policy-pesentation__ppt	ppt	slides	slides/done-001/ppt/policy-pesentation.ppt	16	0.02	0.0013	0.01	10	0	ok	
pres_ioc_phuket__ppt	ppt	slides	slides/ceiling-002/ppt/pres_ioc_phuket.ppt	26	2.30	0.0885	0.69	24	1	ok	middle-left: a fill or background shading the reference has and we do not (1.76% of page, x 0.02-0.17, y 0.28-0.39)
prison-population-bulletin-june__doc	doc	words	words/done-002/doc/prison-population-bulletin-june.doc	4	0.00	0.0000	0.00	1	0	ok	
private-hire-operators-licensed__docx	docx	words	words/done-001/docx/private-hire-operators-licensed.docx	2	0.18	0.0900	0.10	1	0	ok	
programs contact list as of 07-01-10__xls	xls	sheets	sheets/done-003/xls/programs contact list as of 07-01-10.xls	3	4.65	1.5500	2.07	3	3	ok	middle-centre: marks displaced or reshaped (50.83% of page, x 0.14-0.86, y 0.04-0.91)
redac-fullComm-201705-EE-FRs-briefing__pptx	pptx	slides	slides/done-004/pptx/redac-fullComm-201705-EE-FRs-briefing.pptx	8	0.34	0.0425	0.16	5	0	ok	
redac-nasops-201503-RIRP-portfolio-update__pptx	pptx	slides	slides/done-014/pptx/redac-nasops-201503-RIRP-portfolio-update.pptx	46	5.86	0.1274	0.87	41	1	ok	
redac-sas-201403-ppt-portfolio-rev-sim__pptx	pptx	slides	slides/done-009/pptx/redac-sas-201403-ppt-portfolio-rev-sim.pptx	14	2.42	0.1729	0.82	7	1	ok	middle-left: a fill or background shading the reference has and we do not (1.21% of page, x 0.16-0.44, y 0.62-0.67)
redac-sas-201503-fy17-research-portfolio__xlsx	xlsx	sheets	sheets/done-003/xlsx/redac-sas-201503-fy17-research-portfolio.xlsx	2	0.69	0.3450	0.41	2	0	ok	
redac-sas-201509-asisp-research__pptx	pptx	slides	slides/done-014/pptx/redac-sas-201509-asisp-research.pptx	45	4.36	0.0969	1.21	22	0	ok	
redac-sas-201703-hf-research-division__pptx	pptx	slides	slides/done-013/pptx/redac-sas-201703-hf-research-division.pptx	13	2.18	0.1677	0.90	8	1	ok	top-left: a fill or background shading we draw and the reference does not (5.10% of page, x 0.05-0.30, y 0.12-0.35)
register-changes-in-may-2024---adujsted__xlsx	xlsx	sheets	sheets/done-006/xlsx/register-changes-in-may-2024---adujsted.xlsx	10	0.04	0.0040	0.03	7	0	ok	
report-template__docx	docx	words	words/pagination-001/docx/report-template.docx	20	2.55	0.1275	0.61	14	2	ok	top-centre: ink we draw that the reference does not (4.60% of page, x 0.17-0.87, y 0.09-0.16)
review-welsh-government-communications-mister-peter-mandelson__docx	docx	words	words/metrics-001/docx/review-welsh-government-communications-mister-peter-mandelson.docx	14	6.23	0.4450	2.41	14	5	ok	middle-centre: marks displaced or reshaped (27.83% of page, x 0.09-0.90, y 0.08-0.79)
s33song-beverlyactproductionofdocuments__docx	docx	words	words/done-002/docx/s33song-beverlyactproductionofdocuments.docx	2	0.01	0.0050	0.01	1	0	ok	
scatter_chart__pptx	pptx	slides	slides/chartset-001/pptx/scatter_chart.pptx	1	0.16	0.1600	0.16	1	0	ok	
schematicplay__pptx	pptx	slides	slides/done-014/pptx/schematicplay.pptx	21	5.10	0.2429	1.44	12	1	ok	bottom-right: a fill or background shading the reference has and we do not (10.13% of page, x 0.74-0.95, y 0.43-0.91)
schematicplaymar21__pptx	pptx	slides	slides/done-013/pptx/schematicplaymar21.pptx	21	5.12	0.2438	1.44	12	1	ok	bottom-right: a fill or background shading the reference has and we do not (10.13% of page, x 0.74-0.95, y 0.43-0.91)
section_1_our_rights_presentation__pptx	pptx	slides	slides/done-010/pptx/section_1_our_rights_presentation.pptx	30	2.60	0.0867	0.32	22	0	ok	
sectors-defense-and-aerospace__xlsx	xlsx	sheets	sheets/pagination-001/xlsx/sectors-defense-and-aerospace.xlsx	449	13.41	0.0299	0.69	432	20	ok	bottom-left: a fill of the wrong colour (2.82% of page, x 0.08-0.50, y 0.84-0.91)
seihon_zassi_kikou_20221215__xlsx	xlsx	sheets	sheets/done-014/xlsx/seihon_zassi_kikou_20221215.xlsx	84	4.03	0.0480	0.66	4	0	ok	
servicedesk-plus-overviewfinal__pptx	pptx	slides	slides/done-014/pptx/servicedesk-plus-overviewfinal.pptx	66	2.19	0.0332	0.13	13	0	ok	
slcc-architecture-uu-architecture__docx	docx	words	words/done-012/docx/slcc-architecture-uu-architecture.docx	4	0.39	0.0975	0.20	3	0	ok	
social-media-app-bulletin-january__pptx	pptx	slides	slides/done-006/pptx/social-media-app-bulletin-january.pptx	4	0.90	0.2250	0.27	3	0	ok	
solog_orientation_august_2019__pptx	pptx	slides	slides/ceiling-001/pptx/solog_orientation_august_2019.pptx	15	0.96	0.0640	0.31	5	0	ok	
southern-classic-kennesaw-state-university-final__pptx	pptx	slides	slides/chart-001/pptx/southern-classic-kennesaw-state-university-final.pptx	23	9.79	0.4257	2.19	20	4	ok	top-right: ink missing from ours — a graphic, glyphs or a fill (2.31% of page, x 0.82-0.99, y 0.15-0.36)
stacked_area_chart__pptx	pptx	slides	slides/chartset-001/pptx/stacked_area_chart.pptx	1	0.20	0.2000	0.20	1	0	ok	
stacked_bar_chart__pptx	pptx	slides	slides/chartset-001/pptx/stacked_bar_chart.pptx	1	0.06	0.0600	0.06	1	0	ok	
system_design__technical_architecture_template__docx	docx	words	words/done-015/docx/system_design__technical_architecture_template.docx	17	2.64	0.1553	0.33	9	0	ok	
t_TEMPforInvProgs__docx	docx	words	words/done-016/docx/t_TEMPforInvProgs.docx	26	11.11	0.4273	3.06	22	5	ok	middle-centre: ink missing from ours — a graphic, glyphs or a fill (15.43% of page, x 0.11-0.89, y 0.37-0.61)
te.iors.00048-002 SUP Questionnaire__docx	docx	words	words/done-010/docx/te.iors.00048-002 SUP Questionnaire.docx	4	0.47	0.1175	0.26	3	0	ok	
technical report template__docx	docx	words	words/done-009/docx/technical report template.docx	10	0.67	0.0670	0.63	1	1	ok	top-centre: ink we draw that the reference does not (1.21% of page, x 0.21-0.78, y 0.30-0.32)
technical-architecture__docx	docx	words	words/done-012/docx/technical-architecture.docx	8	1.31	0.1638	0.48	8	1	ok	top-centre: ink we draw that the reference does not (1.21% of page, x 0.14-0.69, y 0.18-0.20)
technical-memo-format__docx	docx	words	words/done-006/docx/technical-memo-format.docx	5	0.00	0.0000	0.00	1	0	ok	
technical-report-template__docx	docx	words	words/done-007/docx/technical-report-template.docx	7	0.19	0.0271	0.15	2	0	ok	
template---tpr-technical-progress-report-with-guidance__docx	docx	words	words/pagination-001/docx/template---tpr-technical-progress-report-with-guidance.docx	7	0.12	0.0171	0.06	6	0	ok	
template-ECSPR-notifications__xlsx	xlsx	sheets	sheets/done-008/xlsx/template-ECSPR-notifications.xlsx	26	1.86	0.0715	0.18	11	11	ok	
template-technical-report__docx	docx	words	words/done-007/docx/template-technical-report.docx	10	0.00	0.0000	0.00	1	0	ok	
tibs_guidelines_2__docx	docx	words	words/done-011/docx/tibs_guidelines_2.docx	13	0.77	0.0592	0.19	5	0	ok	
tk-syllabus-comparison-document-v5__xlsx	xlsx	sheets	sheets/done-015/xlsx/tk-syllabus-comparison-document-v5.xlsx	855	46.53	0.0544	2.43	448	37	ok	middle-left: ink we draw that the reference does not (5.55% of page, x 0.18-0.46, y 0.06-0.93)
underlying-holdings-emea-en_gb-monthly-holdings-state-street-emu-esg-screened-index-equity-fund__xls	xls	sheets	sheets/done-015/xls/underlying-holdings-emea-en_gb-monthly-holdings-state-street-emu-esg-screened-index-equity-fund.xls	15	0.53	0.0353	0.12	2	0	ok	
undp_presentation_revised_17_may__ppt	ppt	slides	slides/done-004/ppt/undp_presentation_revised_17_may.ppt	22	7.98	0.3627	3.27	18	3	ok	middle-left: ink missing from ours — a graphic, glyphs or a fill (21.59% of page, x 0.04-0.58, y 0.41-0.90)
vv_summit_SAIC-PRESENTATION_FAA-V&V-Summit_508c__pptx	pptx	slides	slides/done-012/pptx/vv_summit_SAIC-PRESENTATION_FAA-V&V-Summit_508c.pptx	19	0.70	0.0368	0.19	12	0	ok	
vvsummit2022-SAIC-PRESENTATION__pptx	pptx	slides	slides/done-012/pptx/vvsummit2022-SAIC-PRESENTATION.pptx	19	0.70	0.0368	0.19	12	0	ok	
wells08_basic__ppt	ppt	slides	slides/done-001/ppt/wells08_basic.ppt	27	6.00	0.2222	1.27	26	1	ok	bottom-right: marks displaced or reshaped (3.16% of page, x 0.55-0.89, y 0.72-0.83)
wiley-cancelled-title-list__xlsx	xlsx	sheets	sheets/done-007/xlsx/wiley-cancelled-title-list.xlsx	60	0.01	0.0002	0.01	13	0	ok	
wopanets-innovationdays-06-16__pptx	pptx	slides	slides/done-006/pptx/wopanets-innovationdays-06-16.pptx	15	1.01	0.0673	0.33	11	0	ok	
ws_prod-g-doc-Events-2007-Approval-of-Flight-Conditions-RM-NAA-16032007__ppt	ppt	slides	slides/done-002/ppt/ws_prod-g-doc-Events-2007-Approval-of-Flight-Conditions-RM-NAA-16032007.ppt	14	0.34	0.0243	0.07	9	0	ok	
ws_prod-g-doc-Events-2007-Privileges__ppt	ppt	slides	slides/done-003/ppt/ws_prod-g-doc-Events-2007-Privileges.ppt	15	2.15	0.1433	0.68	15	4	ok	bottom-centre: a fill or background shading the reference has and we do not (0.66% of page, x 0.41-0.53, y 0.73-0.79)
ws_prod-g-doc-Events-2007-may-presentation-PtF-background-+-principles__ppt	ppt	slides	slides/done-002/ppt/ws_prod-g-doc-Events-2007-may-presentation-PtF-background-+-principles.ppt	20	0.17	0.0085	0.05	9	0	ok	
ws_prod-g-doc-Events-2007-november-IACA-presentation-at-EASA-Fuel-Tank-Safety-Training-Seminar__ppt	ppt	slides	slides/done-002/ppt/ws_prod-g-doc-Events-2007-november-IACA-presentation-at-EASA-Fuel-Tank-Safety-Training-Seminar.ppt	10	0.41	0.0410	0.11	7	0	ok	
ws_prod-g-doc-Events-2007-september-M.017-(French)-France__ppt	ppt	slides	slides/done-003/ppt/ws_prod-g-doc-Events-2007-september-M.017-(French)-France.ppt	55	4.42	0.0804	0.30	50	0	ok	
ws_prod-g-doc-Events-2007-september-MDM.032-(ENGLISH)-CZ__ppt	ppt	slides	slides/done-003/ppt/ws_prod-g-doc-Events-2007-september-MDM.032-(ENGLISH)-CZ.ppt	38	0.95	0.0250	0.15	19	0	ok	
ws_prod-g-doc-Events-2008-February-5-NATO-activities__ppt	ppt	slides	slides/done-013/ppt/ws_prod-g-doc-Events-2008-February-5-NATO-activities.ppt	13	1.30	0.1000	0.55	7	2	ok	middle-right: marks displaced or reshaped (11.89% of page, x 0.60-0.92, y 0.41-0.87)
ws_prod-g-doc-Events-Part-M-presentation__ppt	ppt	slides	slides/done-002/ppt/ws_prod-g-doc-Events-Part-M-presentation.ppt	30	1.49	0.0497	0.38	17	1	ok	bottom-centre: marks displaced or reshaped (12.48% of page, x 0.06-0.94, y 0.66-0.85)
ws_prod-g-doc-Events-industrymeeting18112004-Aercap__ppt	ppt	slides	slides/done-005/ppt/ws_prod-g-doc-Events-industrymeeting18112004-Aercap.ppt	12	0.99	0.0825	0.18	12	0	ok	
ws_prod-g-doc-Events-industrymeeting18112004-European-Safety-Strategy-Initiative__ppt	ppt	slides	slides/done-004/ppt/ws_prod-g-doc-Events-industrymeeting18112004-European-Safety-Strategy-Initiative.ppt	10	6.75	0.6750	3.45	8	3	ok	middle-right: marks displaced or reshaped (29.11% of page, x 0.39-0.98, y 0.24-0.93)
ws_prod-g-doc-Events-r-6.-ESM__ppt	ppt	slides	slides/done-006/ppt/ws_prod-g-doc-Events-r-6.-ESM.ppt	25	2.09	0.0836	0.51	25	0	ok	
xx_SETIS_PWS_template_10.19.22__docx	docx	words	words/missing-001/docx/xx_SETIS_PWS_template_10.19.22.docx	15	1.11	0.0740	0.40	9	0	ok	
手机免提系统TSB__doc	doc	words	words/metrics-001/doc/手机免提系统TSB.doc	3	1.88	0.6267	1.22	2	2	ok	middle-centre: marks displaced or reshaped (12.66% of page, x 0.08-0.97, y 0.53-0.78)
