page	table	row	col	x0	x1	y0	y1	top	bottom	left	right	firstRow	rowEnd	areaY	areaBottom
2	0	0	0	57.250	120.600	173.650	204.350	0.500	0.500	0.500	0.500	0	7	173.400	493.400
2	0	0	1	120.600	190.450	173.650	204.350	0.500	0.500	0.500	0.500	0	7	173.400	493.400
2	0	0	2	190.450	413.650	173.650	204.350	0.500	0.500	0.500	0.500	0	7	173.400	493.400
2	0	0	3	413.650	486.350	173.650	204.350	0.500	0.500	0.500	0.500	0	7	173.400	493.400
2	0	0	4	486.350	554.750	173.650	204.350	0.500	0.500	0.500	0.500	0	7	173.400	493.400
2	0	1	0	57.250	120.600	204.350	255.150	0.500	0.500	0.500	0.500	0	7	173.400	493.400
2	0	1	1	120.600	190.450	204.350	255.150	0.500	0.500	0.500	0.500	0	7	173.400	493.400
2	0	1	2	190.450	413.650	204.350	255.150	0.500	0.500	0.500	0.500	0	7	173.400	493.400
2	0	1	3	413.650	486.350	204.350	255.150	0.500	0.500	0.500	0.500	0	7	173.400	493.400
2	0	1	4	486.350	554.750	204.350	255.150	0.500	0.500	0.500	0.500	0	7	173.400	493.400
2	0	2	0	57.250	120.600	255.150	305.950	0.500	0.500	0.500	0.500	0	7	173.400	493.400
2	0	2	1	120.600	190.450	255.150	305.950	0.500	0.500	0.500	0.500	0	7	173.400	493.400
2	0	2	2	190.450	413.650	255.150	305.950	0.500	0.500	0.500	0.500	0	7	173.400	493.400
2	0	2	3	413.650	486.350	255.150	305.950	0.500	0.500	0.500	0.500	0	7	173.400	493.400
2	0	2	4	486.350	554.750	255.150	305.950	0.500	0.500	0.500	0.500	0	7	173.400	493.400
2	0	3	0	57.250	120.600	305.950	352.750	0.500	0.500	0.500	0.500	0	7	173.400	493.400
2	0	3	1	120.600	190.450	305.950	352.750	0.500	0.500	0.500	0.500	0	7	173.400	493.400
2	0	3	2	190.450	413.650	305.950	352.750	0.500	0.500	0.500	0.500	0	7	173.400	493.400
2	0	3	3	413.650	486.350	305.950	352.750	0.500	0.500	0.500	0.500	0	7	173.400	493.400
2	0	3	4	486.350	554.750	305.950	352.750	0.500	0.500	0.500	0.500	0	7	173.400	493.400
2	0	4	0	57.250	120.600	352.750	399.550	0.500	0.500	0.500	0.500	0	7	173.400	493.400
2	0	4	1	120.600	190.450	352.750	399.550	0.500	0.500	0.500	0.500	0	7	173.400	493.400
2	0	4	2	190.450	413.650	352.750	399.550	0.500	0.500	0.500	0.500	0	7	173.400	493.400
2	0	4	3	413.650	486.350	352.750	399.550	0.500	0.500	0.500	0.500	0	7	173.400	493.400
2	0	4	4	486.350	554.750	352.750	399.550	0.500	0.500	0.500	0.500	0	7	173.400	493.400
2	0	5	0	57.250	120.600	399.550	446.350	0.500	0.500	0.500	0.500	0	7	173.400	493.400
2	0	5	1	120.600	190.450	399.550	446.350	0.500	0.500	0.500	0.500	0	7	173.400	493.400
2	0	5	2	190.450	413.650	399.550	446.350	0.500	0.500	0.500	0.500	0	7	173.400	493.400
2	0	5	3	413.650	486.350	399.550	446.350	0.500	0.500	0.500	0.500	0	7	173.400	493.400
2	0	5	4	486.350	554.750	399.550	446.350	0.500	0.500	0.500	0.500	0	7	173.400	493.400
2	0	6	0	57.250	120.600	446.350	493.150	0.500	0.500	0.500	0.500	0	7	173.400	493.400
2	0	6	1	120.600	190.450	446.350	493.150	0.500	0.500	0.500	0.500	0	7	173.400	493.400
2	0	6	2	190.450	413.650	446.350	493.150	0.500	0.500	0.500	0.500	0	7	173.400	493.400
2	0	6	3	413.650	486.350	446.350	493.150	0.500	0.500	0.500	0.500	0	7	173.400	493.400
2	0	6	4	486.350	554.750	446.350	493.150	0.500	0.500	0.500	0.500	0	7	173.400	493.400
10	0	0	0	57.850	175.850	79.000	121.500	0.500	0.500	0.500	0.500	0	14	78.750	353.550
10	0	0	1	175.850	243.050	79.000	121.500	0.500	0.500	none	0.500	0	14	78.750	353.550
10	0	0	2	243.050	310.250	79.000	121.500	0.500	0.500	0.500	0.500	0	14	78.750	353.550
10	0	0	3	310.250	334.050	79.000	121.500	none	none	none	none	0	14	78.750	353.550
10	0	0	4	334.050	452.100	79.000	121.500	0.500	0.500	0.500	0.500	0	14	78.750	353.550
10	0	0	5	452.100	535.500	79.000	121.500	0.500	0.500	none	0.500	0	14	78.750	353.550
10	0	0	6	535.500	602.650	79.000	121.500	0.500	0.500	none	0.500	0	14	78.750	353.550
10	0	0	7	602.650	669.800	79.000	121.500	0.500	0.500	none	0.500	0	14	78.750	353.550
10	0	0	8	669.800	736.950	79.000	121.500	0.500	0.500	none	0.500	0	14	78.750	353.550
10	0	1	0	57.850	175.850	121.500	167.250	none	0.500	0.500	0.500	0	14	78.750	353.550
10	0	1	1	175.850	243.050	121.500	353.300	none	0.500	0.500	0.500	0	14	78.750	353.550
10	0	1	2	243.050	310.250	121.500	353.300	none	0.500	0.500	0.500	0	14	78.750	353.550
10	0	1	3	310.250	334.050	121.500	136.750	none	none	none	none	0	14	78.750	353.550
10	0	1	4	334.050	452.100	121.500	167.250	none	0.500	0.500	none	0	14	78.750	353.550
10	0	1	5	452.100	535.500	121.500	136.750	none	0.500	0.500	0.500	0	14	78.750	353.550
10	0	1	6	535.500	602.650	121.500	136.750	none	0.500	none	0.500	0	14	78.750	353.550
10	0	1	7	602.650	669.800	121.500	136.750	none	0.500	none	0.500	0	14	78.750	353.550
10	0	1	8	669.800	736.950	121.500	136.750	none	0.500	none	0.500	0	14	78.750	353.550
10	0	2	3	310.250	334.050	136.750	152.000	none	none	none	none	0	14	78.750	353.550
10	0	2	5	452.100	535.500	136.750	152.000	none	0.500	0.500	0.500	0	14	78.750	353.550
10	0	2	6	535.500	602.650	136.750	152.000	none	0.500	none	0.500	0	14	78.750	353.550
10	0	2	7	602.650	669.800	136.750	152.000	none	0.500	none	0.500	0	14	78.750	353.550
10	0	2	8	669.800	736.950	136.750	152.000	none	0.500	none	0.500	0	14	78.750	353.550
10	0	3	3	310.250	334.050	152.000	167.250	none	none	none	none	0	14	78.750	353.550
10	0	3	5	452.100	535.500	152.000	167.250	none	0.500	0.500	0.500	0	14	78.750	353.550
10	0	3	6	535.500	602.650	152.000	167.250	none	0.500	none	0.500	0	14	78.750	353.550
10	0	3	7	602.650	669.800	152.000	167.250	none	0.500	none	0.500	0	14	78.750	353.550
10	0	3	8	669.800	736.950	152.000	167.250	none	0.500	none	0.500	0	14	78.750	353.550
10	0	4	0	57.850	175.850	167.250	213.000	none	0.500	0.500	0.500	0	14	78.750	353.550
10	0	4	3	310.250	334.050	167.250	182.500	none	none	none	none	0	14	78.750	353.550
10	0	4	4	334.050	452.100	167.250	213.000	none	0.500	0.500	none	0	14	78.750	353.550
10	0	4	5	452.100	535.500	167.250	182.500	none	0.500	0.500	0.500	0	14	78.750	353.550
10	0	4	6	535.500	602.650	167.250	182.500	none	0.500	none	0.500	0	14	78.750	353.550
10	0	4	7	602.650	669.800	167.250	182.500	none	0.500	none	0.500	0	14	78.750	353.550
10	0	4	8	669.800	736.950	167.250	182.500	none	0.500	none	0.500	0	14	78.750	353.550
10	0	5	3	310.250	334.050	182.500	197.750	none	none	none	none	0	14	78.750	353.550
10	0	5	5	452.100	535.500	182.500	197.750	none	0.500	0.500	0.500	0	14	78.750	353.550
10	0	5	6	535.500	602.650	182.500	197.750	none	0.500	none	0.500	0	14	78.750	353.550
10	0	5	7	602.650	669.800	182.500	197.750	none	0.500	none	0.500	0	14	78.750	353.550
10	0	5	8	669.800	736.950	182.500	197.750	none	0.500	none	0.500	0	14	78.750	353.550
10	0	6	3	310.250	334.050	197.750	213.000	none	none	none	none	0	14	78.750	353.550
10	0	6	5	452.100	535.500	197.750	213.000	none	0.500	0.500	0.500	0	14	78.750	353.550
10	0	6	6	535.500	602.650	197.750	213.000	none	0.500	none	0.500	0	14	78.750	353.550
10	0	6	7	602.650	669.800	197.750	213.000	none	0.500	none	0.500	0	14	78.750	353.550
10	0	6	8	669.800	736.950	197.750	213.000	none	0.500	none	0.500	0	14	78.750	353.550
10	0	7	0	57.850	175.850	213.000	243.500	none	0.500	0.500	0.500	0	14	78.750	353.550
10	0	7	3	310.250	334.050	213.000	228.250	none	none	none	none	0	14	78.750	353.550
10	0	7	4	334.050	452.100	213.000	243.500	none	0.500	0.500	none	0	14	78.750	353.550
10	0	7	5	452.100	535.500	213.000	228.250	none	0.500	0.500	0.500	0	14	78.750	353.550
10	0	7	6	535.500	602.650	213.000	228.250	none	0.500	none	0.500	0	14	78.750	353.550
10	0	7	7	602.650	669.800	213.000	228.250	none	0.500	none	0.500	0	14	78.750	353.550
10	0	7	8	669.800	736.950	213.000	228.250	none	0.500	none	0.500	0	14	78.750	353.550
10	0	8	3	310.250	334.050	228.250	243.500	none	none	none	none	0	14	78.750	353.550
10	0	8	5	452.100	535.500	228.250	243.500	none	0.500	0.500	0.500	0	14	78.750	353.550
10	0	8	6	535.500	602.650	228.250	243.500	none	0.500	none	0.500	0	14	78.750	353.550
10	0	8	7	602.650	669.800	228.250	243.500	none	0.500	none	0.500	0	14	78.750	353.550
10	0	8	8	669.800	736.950	228.250	243.500	none	0.500	none	0.500	0	14	78.750	353.550
10	0	9	0	57.850	175.850	243.500	274.000	none	0.500	0.500	0.500	0	14	78.750	353.550
10	0	9	3	310.250	334.050	243.500	258.750	none	none	none	none	0	14	78.750	353.550
10	0	9	4	334.050	452.100	243.500	274.000	none	0.500	0.500	none	0	14	78.750	353.550
10	0	9	5	452.100	535.500	243.500	258.750	none	0.500	0.500	0.500	0	14	78.750	353.550
10	0	9	6	535.500	602.650	243.500	258.750	none	0.500	none	0.500	0	14	78.750	353.550
10	0	9	7	602.650	669.800	243.500	258.750	none	0.500	none	0.500	0	14	78.750	353.550
10	0	9	8	669.800	736.950	243.500	258.750	none	0.500	none	0.500	0	14	78.750	353.550
10	0	10	3	310.250	334.050	258.750	274.000	none	none	none	none	0	14	78.750	353.550
10	0	10	5	452.100	535.500	258.750	274.000	none	0.500	0.500	0.500	0	14	78.750	353.550
10	0	10	6	535.500	602.650	258.750	274.000	none	0.500	none	0.500	0	14	78.750	353.550
10	0	10	7	602.650	669.800	258.750	274.000	none	0.500	none	0.500	0	14	78.750	353.550
10	0	10	8	669.800	736.950	258.750	274.000	none	0.500	none	0.500	0	14	78.750	353.550
10	0	11	0	57.850	175.850	274.000	300.350	none	0.500	0.500	0.500	0	14	78.750	353.550
10	0	11	3	310.250	334.050	274.000	300.350	none	none	none	none	0	14	78.750	353.550
10	0	11	4	334.050	452.100	274.000	300.350	none	0.500	0.500	none	0	14	78.750	353.550
10	0	11	5	452.100	535.500	274.000	300.350	none	0.500	0.500	0.500	0	14	78.750	353.550
10	0	11	6	535.500	602.650	274.000	300.350	none	0.500	none	0.500	0	14	78.750	353.550
10	0	11	7	602.650	669.800	274.000	300.350	none	0.500	none	0.500	0	14	78.750	353.550
10	0	11	8	669.800	736.950	274.000	300.350	none	0.500	none	0.500	0	14	78.750	353.550
10	0	12	0	57.850	175.850	300.350	326.700	none	0.500	0.500	none	0	14	78.750	353.550
10	0	12	3	310.250	334.050	300.350	326.700	none	none	none	none	0	14	78.750	353.550
10	0	12	4	334.050	452.100	300.350	326.700	none	0.500	0.500	none	0	14	78.750	353.550
10	0	12	5	452.100	535.500	300.350	326.700	none	0.500	0.500	0.500	0	14	78.750	353.550
10	0	12	6	535.500	602.650	300.350	326.700	none	0.500	none	0.500	0	14	78.750	353.550
10	0	12	7	602.650	669.800	300.350	326.700	none	0.500	none	0.500	0	14	78.750	353.550
10	0	12	8	669.800	736.950	300.350	326.700	none	0.500	none	0.500	0	14	78.750	353.550
10	0	13	0	57.850	175.850	326.700	353.300	none	0.500	0.500	none	0	14	78.750	353.550
10	0	13	3	310.250	334.050	326.700	353.300	none	none	none	none	0	14	78.750	353.550
10	0	13	4	334.050	452.100	326.700	353.300	none	0.500	0.500	none	0	14	78.750	353.550
10	0	13	5	452.100	535.500	326.700	353.300	none	0.500	0.500	0.500	0	14	78.750	353.550
10	0	13	6	535.500	736.950	326.700	353.300	0.500	0.500	none	0.500	0	14	78.750	353.550
12	0	0	0	57.850	136.150	94.150	149.600	0.500	none	0.500	0.500	0	5	93.900	271.850
12	0	0	1	136.150	198.750	94.150	149.600	0.500	0.500	none	0.500	0	5	93.900	271.850
12	0	0	2	198.750	261.350	94.150	149.600	0.500	0.500	none	0.500	0	5	93.900	271.850
12	0	0	3	261.350	323.950	94.150	149.600	0.500	0.500	0.500	0.500	0	5	93.900	271.850
12	0	0	4	323.950	386.600	94.150	149.600	0.500	0.500	none	0.500	0	5	93.900	271.850
12	0	0	5	386.600	449.250	94.150	149.600	0.500	0.500	none	0.500	0	5	93.900	271.850
12	0	0	6	449.250	511.900	94.150	149.600	0.500	0.500	none	0.500	0	5	93.900	271.850
12	0	0	7	511.900	574.550	94.150	149.600	0.500	0.500	none	0.500	0	5	93.900	271.850
12	0	0	8	574.550	637.200	94.150	149.600	0.500	0.500	none	0.500	0	5	93.900	271.850
12	0	0	9	637.200	699.850	94.150	149.600	0.500	0.500	0.500	0.500	0	5	93.900	271.850
12	0	0	10	699.850	734.650	94.150	149.600	0.500	none	none	0.500	0	5	93.900	271.850
12	0	1	0	57.850	136.150	149.600	180.100	0.500	none	0.500	0.500	0	5	93.900	271.850
12	0	1	1	136.150	198.750	149.600	180.100	none	0.500	none	0.500	0	5	93.900	271.850
12	0	1	2	198.750	261.350	149.600	180.100	0.500	0.500	none	0.500	0	5	93.900	271.850
12	0	1	3	261.350	323.950	149.600	180.100	none	0.500	0.500	0.500	0	5	93.900	271.850
12	0	1	4	323.950	386.600	149.600	180.100	none	0.500	none	0.500	0	5	93.900	271.850
12	0	1	5	386.600	449.250	149.600	180.100	none	0.500	none	0.500	0	5	93.900	271.850
12	0	1	6	449.250	511.900	149.600	180.100	none	0.500	none	0.500	0	5	93.900	271.850
12	0	1	7	511.900	574.550	149.600	180.100	none	0.500	none	0.500	0	5	93.900	271.850
12	0	1	8	574.550	637.200	149.600	180.100	0.500	0.500	none	0.500	0	5	93.900	271.850
12	0	1	9	637.200	699.850	149.600	180.100	0.500	0.500	0.500	0.500	0	5	93.900	271.850
12	0	1	10	699.850	734.650	149.600	180.100	0.500	none	none	0.500	0	5	93.900	271.850
12	0	2	0	57.850	136.150	180.100	210.600	0.500	none	0.500	0.500	0	5	93.900	271.850
12	0	2	1	136.150	198.750	180.100	210.600	none	0.500	none	0.500	0	5	93.900	271.850
12	0	2	2	198.750	261.350	180.100	210.600	0.500	0.500	none	0.500	0	5	93.900	271.850
12	0	2	3	261.350	323.950	180.100	210.600	none	0.500	0.500	0.500	0	5	93.900	271.850
12	0	2	4	323.950	386.600	180.100	210.600	none	0.500	none	0.500	0	5	93.900	271.850
12	0	2	5	386.600	449.250	180.100	210.600	none	0.500	none	0.500	0	5	93.900	271.850
12	0	2	6	449.250	511.900	180.100	210.600	none	0.500	none	0.500	0	5	93.900	271.850
12	0	2	7	511.900	574.550	180.100	210.600	none	0.500	none	0.500	0	5	93.900	271.850
12	0	2	8	574.550	734.650	180.100	271.600	none	0.500	none	0.500	0	5	93.900	271.850
12	0	3	0	57.850	136.150	210.600	241.100	0.500	0.500	0.500	0.500	0	5	93.900	271.850
12	0	3	1	136.150	198.750	210.600	241.100	none	0.500	none	0.500	0	5	93.900	271.850
12	0	3	2	198.750	261.350	210.600	241.100	0.500	0.500	none	0.500	0	5	93.900	271.850
12	0	3	3	261.350	323.950	210.600	241.100	none	0.500	0.500	0.500	0	5	93.900	271.850
12	0	3	4	323.950	386.600	210.600	241.100	none	0.500	none	0.500	0	5	93.900	271.850
12	0	3	5	386.600	449.250	210.600	241.100	none	0.500	none	0.500	0	5	93.900	271.850
12	0	3	6	449.250	511.900	210.600	241.100	none	0.500	none	0.500	0	5	93.900	271.850
12	0	3	7	511.900	574.550	210.600	241.100	none	0.500	none	0.500	0	5	93.900	271.850
12	0	4	0	57.850	136.150	241.100	271.600	none	0.500	0.500	0.500	0	5	93.900	271.850
12	0	4	1	136.150	198.750	241.100	271.600	none	0.500	none	0.500	0	5	93.900	271.850
12	0	4	2	198.750	261.350	241.100	271.600	0.500	0.500	none	0.500	0	5	93.900	271.850
12	0	4	3	261.350	323.950	241.100	271.600	none	0.500	0.500	0.500	0	5	93.900	271.850
12	0	4	4	323.950	386.600	241.100	271.600	none	0.500	none	0.500	0	5	93.900	271.850
12	0	4	5	386.600	449.250	241.100	271.600	none	0.500	none	0.500	0	5	93.900	271.850
12	0	4	6	449.250	511.900	241.100	271.600	none	0.500	none	none	0	5	93.900	271.850
12	0	4	7	511.900	574.550	241.100	271.600	none	0.500	none	none	0	5	93.900	271.850
13	0	0	0	57.850	136.150	94.150	149.600	0.500	none	0.500	0.500	0	5	93.900	271.850
13	0	0	1	136.150	198.750	94.150	149.600	0.500	0.500	none	0.500	0	5	93.900	271.850
13	0	0	2	198.750	261.350	94.150	149.600	0.500	0.500	none	0.500	0	5	93.900	271.850
13	0	0	3	261.350	323.950	94.150	149.600	0.500	0.500	0.500	0.500	0	5	93.900	271.850
13	0	0	4	323.950	386.600	94.150	149.600	0.500	0.500	none	0.500	0	5	93.900	271.850
13	0	0	5	386.600	449.250	94.150	149.600	0.500	0.500	none	0.500	0	5	93.900	271.850
13	0	0	6	449.250	511.900	94.150	149.600	0.500	0.500	none	0.500	0	5	93.900	271.850
13	0	0	7	511.900	574.550	94.150	149.600	0.500	0.500	none	0.500	0	5	93.900	271.850
13	0	0	8	574.550	637.200	94.150	149.600	0.500	0.500	none	0.500	0	5	93.900	271.850
13	0	0	9	637.200	699.850	94.150	149.600	0.500	0.500	0.500	0.500	0	5	93.900	271.850
13	0	0	10	699.850	734.650	94.150	149.600	0.500	none	none	0.500	0	5	93.900	271.850
13	0	1	0	57.850	136.150	149.600	180.100	0.500	none	0.500	0.500	0	5	93.900	271.850
13	0	1	1	136.150	198.750	149.600	180.100	none	0.500	none	0.500	0	5	93.900	271.850
13	0	1	2	198.750	261.350	149.600	180.100	0.500	0.500	none	0.500	0	5	93.900	271.850
13	0	1	3	261.350	323.950	149.600	180.100	none	0.500	0.500	0.500	0	5	93.900	271.850
13	0	1	4	323.950	386.600	149.600	180.100	none	0.500	none	0.500	0	5	93.900	271.850
13	0	1	5	386.600	449.250	149.600	180.100	none	0.500	none	0.500	0	5	93.900	271.850
13	0	1	6	449.250	511.900	149.600	180.100	none	0.500	none	0.500	0	5	93.900	271.850
13	0	1	7	511.900	574.550	149.600	180.100	none	0.500	none	0.500	0	5	93.900	271.850
13	0	1	8	574.550	637.200	149.600	180.100	0.500	0.500	none	0.500	0	5	93.900	271.850
13	0	1	9	637.200	699.850	149.600	180.100	0.500	0.500	0.500	0.500	0	5	93.900	271.850
13	0	1	10	699.850	734.650	149.600	180.100	0.500	none	none	0.500	0	5	93.900	271.850
13	0	2	0	57.850	136.150	180.100	210.600	0.500	none	0.500	0.500	0	5	93.900	271.850
13	0	2	1	136.150	198.750	180.100	210.600	none	0.500	none	0.500	0	5	93.900	271.850
13	0	2	2	198.750	261.350	180.100	210.600	0.500	0.500	none	0.500	0	5	93.900	271.850
13	0	2	3	261.350	323.950	180.100	210.600	none	0.500	0.500	0.500	0	5	93.900	271.850
13	0	2	4	323.950	386.600	180.100	210.600	none	0.500	none	0.500	0	5	93.900	271.850
13	0	2	5	386.600	449.250	180.100	210.600	none	0.500	none	0.500	0	5	93.900	271.850
13	0	2	6	449.250	511.900	180.100	210.600	none	0.500	none	0.500	0	5	93.900	271.850
13	0	2	7	511.900	574.550	180.100	210.600	none	0.500	none	0.500	0	5	93.900	271.850
13	0	2	8	574.550	734.650	180.100	271.600	none	0.500	none	0.500	0	5	93.900	271.850
13	0	3	0	57.850	136.150	210.600	241.100	0.500	0.500	0.500	0.500	0	5	93.900	271.850
13	0	3	1	136.150	198.750	210.600	241.100	none	0.500	none	0.500	0	5	93.900	271.850
13	0	3	2	198.750	261.350	210.600	241.100	0.500	0.500	none	0.500	0	5	93.900	271.850
13	0	3	3	261.350	323.950	210.600	241.100	none	0.500	0.500	0.500	0	5	93.900	271.850
13	0	3	4	323.950	386.600	210.600	241.100	none	0.500	none	0.500	0	5	93.900	271.850
13	0	3	5	386.600	449.250	210.600	241.100	none	0.500	none	0.500	0	5	93.900	271.850
13	0	3	6	449.250	511.900	210.600	241.100	none	0.500	none	0.500	0	5	93.900	271.850
13	0	3	7	511.900	574.550	210.600	241.100	none	0.500	none	0.500	0	5	93.900	271.850
13	0	4	0	57.850	136.150	241.100	271.600	none	0.500	0.500	0.500	0	5	93.900	271.850
13	0	4	1	136.150	198.750	241.100	271.600	none	0.500	none	0.500	0	5	93.900	271.850
13	0	4	2	198.750	261.350	241.100	271.600	0.500	0.500	none	0.500	0	5	93.900	271.850
13	0	4	3	261.350	323.950	241.100	271.600	none	0.500	0.500	0.500	0	5	93.900	271.850
13	0	4	4	323.950	386.600	241.100	271.600	none	0.500	none	0.500	0	5	93.900	271.850
13	0	4	5	386.600	449.250	241.100	271.600	none	0.500	none	0.500	0	5	93.900	271.850
13	0	4	6	449.250	511.900	241.100	271.600	none	0.500	none	none	0	5	93.900	271.850
13	0	4	7	511.900	574.550	241.100	271.600	none	0.500	none	none	0	5	93.900	271.850
15	0	0	0	57.850	153.350	79.000	134.450	0.500	none	0.500	0.500	0	11	78.750	327.200
15	0	0	1	153.350	214.900	79.000	134.450	0.500	0.500	none	0.500	0	11	78.750	327.200
15	0	0	2	214.900	282.500	79.000	134.450	0.500	0.500	none	0.500	0	11	78.750	327.200
15	0	0	3	282.500	350.100	79.000	134.450	0.500	0.500	none	0.500	0	11	78.750	327.200
15	0	0	4	350.100	417.800	79.000	134.450	0.500	0.500	0.500	0.500	0	11	78.750	327.200
15	0	0	5	417.800	485.500	79.000	134.450	0.500	0.500	none	0.500	0	11	78.750	327.200
15	0	0	6	485.500	553.450	79.000	134.450	0.500	0.500	none	0.500	0	11	78.750	327.200
15	0	0	7	553.450	621.150	79.000	134.450	0.500	0.500	none	0.500	0	11	78.750	327.200
15	0	0	8	621.150	688.850	79.000	134.450	0.500	0.500	0.500	0.500	0	11	78.750	327.200
15	0	0	9	688.850	734.650	79.000	134.450	0.500	0.500	none	0.500	0	11	78.750	327.200
15	0	1	0	57.850	153.350	134.450	185.450	0.500	0.500	0.500	0.500	0	11	78.750	327.200
15	0	1	1	153.350	214.900	134.450	151.450	none	0.500	none	0.500	0	11	78.750	327.200
15	0	1	2	214.900	282.500	134.450	151.450	none	0.500	none	0.500	0	11	78.750	327.200
15	0	1	3	282.500	350.100	134.450	151.450	0.500	0.500	none	0.500	0	11	78.750	327.200
15	0	1	4	350.100	417.800	134.450	151.450	none	0.500	0.500	0.500	0	11	78.750	327.200
15	0	1	5	417.800	485.500	134.450	151.450	none	0.500	none	0.500	0	11	78.750	327.200
15	0	1	6	485.500	553.450	134.450	151.450	none	0.500	none	0.500	0	11	78.750	327.200
15	0	1	7	553.450	621.150	134.450	151.450	0.500	0.500	none	0.500	0	11	78.750	327.200
15	0	1	8	621.150	688.850	134.450	151.450	0.500	0.500	0.500	0.500	0	11	78.750	327.200
15	0	1	9	688.850	734.650	134.450	151.450	none	none	none	0.500	0	11	78.750	327.200
15	0	2	1	153.350	214.900	151.450	168.450	none	0.500	none	0.500	0	11	78.750	327.200
15	0	2	2	214.900	282.500	151.450	168.450	none	0.500	none	0.500	0	11	78.750	327.200
15	0	2	3	282.500	350.100	151.450	168.450	0.500	0.500	none	0.500	0	11	78.750	327.200
15	0	2	4	350.100	417.800	151.450	168.450	none	0.500	0.500	0.500	0	11	78.750	327.200
15	0	2	5	417.800	485.500	151.450	168.450	none	0.500	none	0.500	0	11	78.750	327.200
15	0	2	6	485.500	553.450	151.450	168.450	none	0.500	none	0.500	0	11	78.750	327.200
15	0	2	7	553.450	621.150	151.450	168.450	0.500	0.500	none	0.500	0	11	78.750	327.200
15	0	2	8	621.150	688.850	151.450	168.450	0.500	0.500	0.500	0.500	0	11	78.750	327.200
15	0	2	9	688.850	734.650	151.450	168.450	none	none	none	0.500	0	11	78.750	327.200
15	0	3	1	153.350	214.900	168.450	185.450	none	0.500	none	0.500	0	11	78.750	327.200
15	0	3	2	214.900	282.500	168.450	185.450	none	0.500	none	0.500	0	11	78.750	327.200
15	0	3	3	282.500	350.100	168.450	185.450	0.500	0.500	none	0.500	0	11	78.750	327.200
15	0	3	4	350.100	417.800	168.450	185.450	none	0.500	0.500	0.500	0	11	78.750	327.200
15	0	3	5	417.800	485.500	168.450	185.450	none	0.500	none	0.500	0	11	78.750	327.200
15	0	3	6	485.500	553.450	168.450	185.450	none	0.500	none	0.500	0	11	78.750	327.200
15	0	3	7	553.450	734.650	168.450	326.950	none	0.500	none	0.500	0	11	78.750	327.200
15	0	4	0	57.850	153.350	185.450	219.450	none	0.500	0.500	0.500	0	11	78.750	327.200
15	0	4	1	153.350	214.900	185.450	202.450	none	0.500	none	0.500	0	11	78.750	327.200
15	0	4	2	214.900	282.500	185.450	202.450	none	0.500	none	0.500	0	11	78.750	327.200
15	0	4	3	282.500	350.100	185.450	202.450	0.500	0.500	none	0.500	0	11	78.750	327.200
15	0	4	4	350.100	417.800	185.450	202.450	none	0.500	0.500	0.500	0	11	78.750	327.200
15	0	4	5	417.800	485.500	185.450	202.450	none	0.500	none	0.500	0	11	78.750	327.200
15	0	4	6	485.500	553.450	185.450	202.450	none	0.500	none	0.500	0	11	78.750	327.200
15	0	5	1	153.350	214.900	202.450	219.450	none	0.500	none	0.500	0	11	78.750	327.200
15	0	5	2	214.900	282.500	202.450	219.450	none	0.500	none	0.500	0	11	78.750	327.200
15	0	5	3	282.500	350.100	202.450	219.450	0.500	0.500	none	0.500	0	11	78.750	327.200
15	0	5	4	350.100	417.800	202.450	219.450	none	0.500	0.500	0.500	0	11	78.750	327.200
15	0	5	5	417.800	485.500	202.450	219.450	none	0.500	none	0.500	0	11	78.750	327.200
15	0	5	6	485.500	553.450	202.450	219.450	none	0.500	none	0.500	0	11	78.750	327.200
15	0	6	0	57.850	153.350	219.450	253.450	none	0.500	0.500	0.500	0	11	78.750	327.200
15	0	6	1	153.350	214.900	219.450	236.450	none	0.500	none	0.500	0	11	78.750	327.200
15	0	6	2	214.900	282.500	219.450	236.450	none	0.500	none	0.500	0	11	78.750	327.200
15	0	6	3	282.500	350.100	219.450	236.450	0.500	0.500	none	0.500	0	11	78.750	327.200
15	0	6	4	350.100	417.800	219.450	236.450	none	0.500	0.500	0.500	0	11	78.750	327.200
15	0	6	5	417.800	485.500	219.450	236.450	none	0.500	none	0.500	0	11	78.750	327.200
15	0	6	6	485.500	553.450	219.450	236.450	none	0.500	none	0.500	0	11	78.750	327.200
15	0	7	1	153.350	214.900	236.450	253.450	none	0.500	none	0.500	0	11	78.750	327.200
15	0	7	2	214.900	282.500	236.450	253.450	none	0.500	none	0.500	0	11	78.750	327.200
15	0	7	3	282.500	350.100	236.450	253.450	0.500	0.500	none	0.500	0	11	78.750	327.200
15	0	7	4	350.100	417.800	236.450	253.450	none	0.500	0.500	0.500	0	11	78.750	327.200
15	0	7	5	417.800	485.500	236.450	253.450	none	0.500	none	0.500	0	11	78.750	327.200
15	0	7	6	485.500	553.450	236.450	253.450	none	0.500	none	0.500	0	11	78.750	327.200
15	0	8	0	57.850	153.350	253.450	277.950	none	0.500	0.500	0.500	0	11	78.750	327.200
15	0	8	1	153.350	214.900	253.450	277.950	none	0.500	none	0.500	0	11	78.750	327.200
15	0	8	2	214.900	282.500	253.450	277.950	none	0.500	none	0.500	0	11	78.750	327.200
15	0	8	3	282.500	350.100	253.450	277.950	0.500	0.500	none	0.500	0	11	78.750	327.200
15	0	8	4	350.100	417.800	253.450	277.950	none	0.500	0.500	0.500	0	11	78.750	327.200
15	0	8	5	417.800	553.450	253.450	277.950	0.500	none	none	none	0	11	78.750	327.200
15	0	9	0	57.850	153.350	277.950	302.450	0.500	0.500	0.500	0.500	0	11	78.750	327.200
15	0	9	1	153.350	214.900	277.950	302.450	0.500	0.500	none	0.500	0	11	78.750	327.200
15	0	9	2	214.900	282.500	277.950	302.450	0.500	0.500	none	0.500	0	11	78.750	327.200
15	0	9	3	282.500	350.100	277.950	302.450	0.500	0.500	none	0.500	0	11	78.750	327.200
15	0	9	4	350.100	417.800	277.950	302.450	0.500	0.500	0.500	0.500	0	11	78.750	327.200
15	0	9	5	417.800	485.500	277.950	302.450	none	none	none	none	0	11	78.750	327.200
15	0	9	6	485.500	553.450	277.950	302.450	none	none	none	none	0	11	78.750	327.200
15	0	10	0	57.850	153.350	302.450	326.950	0.500	0.500	0.500	0.500	0	11	78.750	327.200
15	0	10	1	153.350	214.900	302.450	326.950	0.500	0.500	none	0.500	0	11	78.750	327.200
15	0	10	2	214.900	282.500	302.450	326.950	0.500	0.500	none	0.500	0	11	78.750	327.200
15	0	10	3	282.500	350.100	302.450	326.950	0.500	0.500	none	0.500	0	11	78.750	327.200
15	0	10	4	350.100	417.800	302.450	326.950	0.500	0.500	0.500	0.500	0	11	78.750	327.200
15	0	10	5	417.800	553.450	302.450	326.950	none	0.500	none	none	0	11	78.750	327.200
16	0	0	0	57.850	143.750	79.000	134.450	0.500	none	0.500	0.500	0	11	78.750	325.575
16	0	0	1	143.750	205.300	79.000	134.450	0.500	0.500	none	0.500	0	11	78.750	325.575
16	0	0	2	205.300	260.050	79.000	134.450	0.500	0.500	none	none	0	11	78.750	325.575
16	0	0	3	260.050	315.050	79.000	134.450	0.500	0.500	0.500	0.500	0	11	78.750	325.575
16	0	0	4	315.050	369.850	79.000	134.450	0.500	0.500	0.500	none	0	11	78.750	325.575
16	0	0	5	369.850	424.650	79.000	134.450	0.500	0.500	0.500	none	0	11	78.750	325.575
16	0	0	6	424.650	479.450	79.000	134.450	0.500	0.500	0.500	none	0	11	78.750	325.575
16	0	0	7	479.450	534.250	79.000	134.450	0.500	0.500	0.500	none	0	11	78.750	325.575
16	0	0	8	534.250	589.150	79.000	134.450	0.500	0.500	0.500	none	0	11	78.750	325.575
16	0	0	9	589.150	643.950	79.000	134.450	0.500	0.500	0.500	0.500	0	11	78.750	325.575
16	0	0	10	643.950	699.550	79.000	134.450	0.500	0.500	0.500	0.500	0	11	78.750	325.575
16	0	0	11	699.550	734.650	79.000	134.450	0.500	none	none	0.500	0	11	78.750	325.575
16	0	1	0	57.850	143.750	134.450	185.200	0.500	0.500	0.500	0.500	0	11	78.750	325.575
16	0	1	1	143.750	205.300	134.450	151.450	none	0.500	none	0.500	0	11	78.750	325.575
16	0	1	2	205.300	260.050	134.450	151.450	none	0.500	none	0.500	0	11	78.750	325.575
16	0	1	3	260.050	315.050	134.450	151.450	none	0.500	0.500	0.500	0	11	78.750	325.575
16	0	1	4	315.050	369.850	134.450	151.450	none	0.500	0.500	0.500	0	11	78.750	325.575
16	0	1	5	369.850	424.650	134.450	151.450	none	0.500	none	0.500	0	11	78.750	325.575
16	0	1	6	424.650	479.450	134.450	151.450	none	0.500	none	0.500	0	11	78.750	325.575
16	0	1	7	479.450	534.250	134.450	151.450	none	0.500	0.500	0.500	0	11	78.750	325.575
16	0	1	8	534.250	589.150	134.450	151.450	none	0.500	none	0.500	0	11	78.750	325.575
16	0	1	9	589.150	643.950	134.450	151.450	0.500	0.500	none	0.500	0	11	78.750	325.575
16	0	1	10	643.950	699.550	134.450	151.450	0.500	0.500	0.500	0.500	0	11	78.750	325.575
16	0	1	11	699.550	734.650	134.450	151.450	0.500	none	none	0.500	0	11	78.750	325.575
16	0	2	1	143.750	205.300	151.450	168.450	none	0.500	none	0.500	0	11	78.750	325.575
16	0	2	2	205.300	260.050	151.450	168.450	none	0.500	none	0.500	0	11	78.750	325.575
16	0	2	3	260.050	315.050	151.450	168.450	none	0.500	0.500	0.500	0	11	78.750	325.575
16	0	2	4	315.050	369.850	151.450	168.450	none	0.500	0.500	0.500	0	11	78.750	325.575
16	0	2	5	369.850	424.650	151.450	168.450	none	0.500	none	0.500	0	11	78.750	325.575
16	0	2	6	424.650	479.450	151.450	168.450	none	0.500	none	0.500	0	11	78.750	325.575
16	0	2	7	479.450	534.250	151.450	168.450	none	0.500	0.500	0.500	0	11	78.750	325.575
16	0	2	8	534.250	589.150	151.450	168.450	none	0.500	none	0.500	0	11	78.750	325.575
16	0	2	9	589.150	643.950	151.450	168.450	0.500	0.500	none	0.500	0	11	78.750	325.575
16	0	2	10	643.950	699.550	151.450	168.450	0.500	0.500	0.500	0.500	0	11	78.750	325.575
16	0	2	11	699.550	734.650	151.450	168.450	none	none	none	0.500	0	11	78.750	325.575
16	0	3	1	143.750	205.300	168.450	185.200	none	0.500	none	0.500	0	11	78.750	325.575
16	0	3	2	205.300	260.050	168.450	185.200	none	0.500	none	0.500	0	11	78.750	325.575
16	0	3	3	260.050	315.050	168.450	185.200	none	0.500	0.500	0.500	0	11	78.750	325.575
16	0	3	4	315.050	369.850	168.450	185.200	none	0.500	0.500	0.500	0	11	78.750	325.575
16	0	3	5	369.850	424.650	168.450	185.200	none	0.500	none	0.500	0	11	78.750	325.575
16	0	3	6	424.650	479.450	168.450	185.200	none	0.500	none	0.500	0	11	78.750	325.575
16	0	3	7	479.450	534.250	168.450	185.200	none	0.500	0.500	0.500	0	11	78.750	325.575
16	0	3	8	534.250	589.150	168.450	185.200	none	0.500	none	0.500	0	11	78.750	325.575
16	0	3	9	589.150	734.650	168.450	325.450	none	0.500	none	0.500	0	11	78.750	325.575
16	0	4	0	57.850	143.750	185.200	218.700	none	0.500	0.500	0.500	0	11	78.750	325.575
16	0	4	1	143.750	205.300	185.200	201.950	none	0.500	none	0.500	0	11	78.750	325.575
16	0	4	2	205.300	260.050	185.200	201.950	none	0.500	none	0.500	0	11	78.750	325.575
16	0	4	3	260.050	315.050	185.200	201.950	none	0.500	0.500	0.500	0	11	78.750	325.575
16	0	4	4	315.050	369.850	185.200	201.950	none	0.500	0.500	0.500	0	11	78.750	325.575
16	0	4	5	369.850	424.650	185.200	201.950	none	0.500	none	0.500	0	11	78.750	325.575
16	0	4	6	424.650	479.450	185.200	201.950	none	0.500	none	0.500	0	11	78.750	325.575
16	0	4	7	479.450	534.250	185.200	201.950	none	0.500	0.500	0.500	0	11	78.750	325.575
16	0	4	8	534.250	589.150	185.200	201.950	none	0.500	none	0.500	0	11	78.750	325.575
16	0	5	1	143.750	205.300	201.950	218.700	none	0.500	none	0.500	0	11	78.750	325.575
16	0	5	2	205.300	260.050	201.950	218.700	none	0.500	none	0.500	0	11	78.750	325.575
16	0	5	3	260.050	315.050	201.950	218.700	none	0.500	0.500	0.500	0	11	78.750	325.575
16	0	5	4	315.050	369.850	201.950	218.700	none	0.500	0.500	0.500	0	11	78.750	325.575
16	0	5	5	369.850	424.650	201.950	218.700	none	0.500	none	0.500	0	11	78.750	325.575
16	0	5	6	424.650	479.450	201.950	218.700	none	0.500	none	0.500	0	11	78.750	325.575
16	0	5	7	479.450	534.250	201.950	218.700	none	0.500	0.500	0.500	0	11	78.750	325.575
16	0	5	8	534.250	589.150	201.950	218.700	none	0.500	none	0.500	0	11	78.750	325.575
16	0	6	0	57.850	143.750	218.700	252.450	none	0.500	0.500	0.500	0	11	78.750	325.575
16	0	6	1	143.750	205.300	218.700	235.450	none	0.500	none	0.500	0	11	78.750	325.575
16	0	6	2	205.300	260.050	218.700	235.450	none	0.500	none	0.500	0	11	78.750	325.575
16	0	6	3	260.050	315.050	218.700	235.450	none	0.500	0.500	0.500	0	11	78.750	325.575
16	0	6	4	315.050	369.850	218.700	235.450	none	0.500	0.500	0.500	0	11	78.750	325.575
16	0	6	5	369.850	424.650	218.700	235.450	none	0.500	none	0.500	0	11	78.750	325.575
16	0	6	6	424.650	479.450	218.700	235.450	none	0.500	none	0.500	0	11	78.750	325.575
16	0	6	7	479.450	534.250	218.700	235.450	none	0.500	0.500	0.500	0	11	78.750	325.575
16	0	6	8	534.250	589.150	218.700	235.450	none	0.500	none	0.500	0	11	78.750	325.575
16	0	7	1	143.750	205.300	235.450	252.450	none	0.500	none	0.500	0	11	78.750	325.575
16	0	7	2	205.300	260.050	235.450	252.450	none	0.500	none	0.500	0	11	78.750	325.575
16	0	7	3	260.050	315.050	235.450	252.450	none	0.500	0.500	0.500	0	11	78.750	325.575
16	0	7	4	315.050	369.850	235.450	252.450	none	0.500	0.500	0.500	0	11	78.750	325.575
16	0	7	5	369.850	424.650	235.450	252.450	none	0.500	none	0.500	0	11	78.750	325.575
16	0	7	6	424.650	479.450	235.450	252.450	none	0.500	none	0.500	0	11	78.750	325.575
16	0	7	7	479.450	534.250	235.450	252.450	0.500	0.500	0.500	0.500	0	11	78.750	325.575
16	0	7	8	534.250	589.150	235.450	252.450	0.500	0.500	none	0.500	0	11	78.750	325.575
16	0	8	0	57.850	143.750	252.450	276.950	none	0.500	0.500	0.500	0	11	78.750	325.575
16	0	8	1	143.750	205.300	252.450	276.950	none	0.500	none	0.500	0	11	78.750	325.575
16	0	8	2	205.300	260.050	252.450	276.950	none	0.500	none	0.500	0	11	78.750	325.575
16	0	8	3	260.050	315.050	252.450	276.950	none	0.500	0.500	0.500	0	11	78.750	325.575
16	0	8	4	315.050	369.850	252.450	276.950	none	0.500	0.500	0.500	0	11	78.750	325.575
16	0	8	5	369.850	424.650	252.450	276.950	none	0.500	none	0.500	0	11	78.750	325.575
16	0	8	6	424.650	479.450	252.450	276.950	none	0.500	none	0.500	0	11	78.750	325.575
16	0	8	7	479.450	589.150	252.450	325.450	0.500	0.500	0.500	none	0	11	78.750	325.575
16	0	9	0	57.850	143.750	276.950	301.200	none	0.500	0.500	0.500	0	11	78.750	325.575
16	0	9	1	143.750	205.300	276.950	301.200	none	0.500	none	0.500	0	11	78.750	325.575
16	0	9	2	205.300	260.050	276.950	301.200	none	0.500	none	0.500	0	11	78.750	325.575
16	0	9	3	260.050	315.050	276.950	301.200	none	0.500	0.500	0.500	0	11	78.750	325.575
16	0	9	4	315.050	369.850	276.950	301.200	none	0.500	0.500	0.500	0	11	78.750	325.575
16	0	9	5	369.850	424.650	276.950	301.200	none	0.500	none	0.500	0	11	78.750	325.575
16	0	9	6	424.650	479.450	276.950	301.200	none	0.500	none	0.500	0	11	78.750	325.575
16	0	10	0	57.850	143.750	301.200	325.450	none	0.500	0.500	0.500	0	11	78.750	325.575
16	0	10	1	143.750	205.300	301.200	325.450	none	0.500	none	0.500	0	11	78.750	325.575
16	0	10	2	205.300	260.050	301.200	325.450	none	0.500	none	0.500	0	11	78.750	325.575
16	0	10	3	260.050	315.050	301.200	325.450	none	0.500	0.500	0.500	0	11	78.750	325.575
16	0	10	4	315.050	369.850	301.200	325.450	none	0.500	0.500	0.500	0	11	78.750	325.575
16	0	10	5	369.850	424.650	301.200	325.450	none	0.500	none	0.500	0	11	78.750	325.575
16	0	10	6	424.650	479.450	301.200	325.450	none	0.500	none	0.500	0	11	78.750	325.575
17	0	0	0	57.850	143.750	79.000	134.450	0.500	none	0.500	0.500	0	10	78.750	301.325
17	0	0	1	143.750	205.300	79.000	134.450	0.500	0.500	none	0.500	0	10	78.750	301.325
17	0	0	2	205.300	260.050	79.000	134.450	0.500	0.500	none	none	0	10	78.750	301.325
17	0	0	3	260.050	315.050	79.000	134.450	0.500	0.500	0.500	0.500	0	10	78.750	301.325
17	0	0	4	315.050	369.850	79.000	134.450	0.500	0.500	0.500	none	0	10	78.750	301.325
17	0	0	5	369.850	424.650	79.000	134.450	0.500	0.500	0.500	none	0	10	78.750	301.325
17	0	0	6	424.650	479.450	79.000	134.450	0.500	0.500	0.500	none	0	10	78.750	301.325
17	0	0	7	479.450	534.250	79.000	134.450	0.500	0.500	0.500	none	0	10	78.750	301.325
17	0	0	8	534.250	589.150	79.000	134.450	0.500	0.500	0.500	none	0	10	78.750	301.325
17	0	0	9	589.150	643.950	79.000	134.450	0.500	0.500	0.500	0.500	0	10	78.750	301.325
17	0	0	10	643.950	699.550	79.000	134.450	0.500	0.500	0.500	0.500	0	10	78.750	301.325
17	0	0	11	699.550	734.650	79.000	134.450	0.500	none	none	0.500	0	10	78.750	301.325
17	0	1	0	57.850	143.750	134.450	185.200	0.500	0.500	0.500	0.500	0	10	78.750	301.325
17	0	1	1	143.750	205.300	134.450	151.450	none	0.500	none	0.500	0	10	78.750	301.325
17	0	1	2	205.300	260.050	134.450	151.450	none	0.500	none	0.500	0	10	78.750	301.325
17	0	1	3	260.050	315.050	134.450	151.450	none	0.500	0.500	0.500	0	10	78.750	301.325
17	0	1	4	315.050	369.850	134.450	151.450	none	0.500	0.500	0.500	0	10	78.750	301.325
17	0	1	5	369.850	424.650	134.450	151.450	none	0.500	none	0.500	0	10	78.750	301.325
17	0	1	6	424.650	479.450	134.450	151.450	none	0.500	none	0.500	0	10	78.750	301.325
17	0	1	7	479.450	534.250	134.450	151.450	none	0.500	0.500	0.500	0	10	78.750	301.325
17	0	1	8	534.250	589.150	134.450	151.450	none	0.500	none	0.500	0	10	78.750	301.325
17	0	1	9	589.150	643.950	134.450	151.450	0.500	0.500	none	0.500	0	10	78.750	301.325
17	0	1	10	643.950	699.550	134.450	151.450	0.500	0.500	0.500	0.500	0	10	78.750	301.325
17	0	1	11	699.550	734.650	134.450	151.450	0.500	none	none	0.500	0	10	78.750	301.325
17	0	2	1	143.750	205.300	151.450	168.450	none	0.500	none	0.500	0	10	78.750	301.325
17	0	2	2	205.300	260.050	151.450	168.450	none	0.500	none	0.500	0	10	78.750	301.325
17	0	2	3	260.050	315.050	151.450	168.450	none	0.500	0.500	0.500	0	10	78.750	301.325
17	0	2	4	315.050	369.850	151.450	168.450	none	0.500	0.500	0.500	0	10	78.750	301.325
17	0	2	5	369.850	424.650	151.450	168.450	none	0.500	none	0.500	0	10	78.750	301.325
17	0	2	6	424.650	479.450	151.450	168.450	none	0.500	none	0.500	0	10	78.750	301.325
17	0	2	7	479.450	534.250	151.450	168.450	none	0.500	0.500	0.500	0	10	78.750	301.325
17	0	2	8	534.250	589.150	151.450	168.450	none	0.500	none	0.500	0	10	78.750	301.325
17	0	2	9	589.150	643.950	151.450	168.450	0.500	0.500	none	0.500	0	10	78.750	301.325
17	0	2	10	643.950	699.550	151.450	168.450	0.500	0.500	0.500	0.500	0	10	78.750	301.325
17	0	2	11	699.550	734.650	151.450	168.450	none	none	none	0.500	0	10	78.750	301.325
17	0	3	1	143.750	205.300	168.450	185.200	none	0.500	none	0.500	0	10	78.750	301.325
17	0	3	2	205.300	260.050	168.450	185.200	none	0.500	none	0.500	0	10	78.750	301.325
17	0	3	3	260.050	315.050	168.450	185.200	none	0.500	0.500	0.500	0	10	78.750	301.325
17	0	3	4	315.050	369.850	168.450	185.200	none	0.500	0.500	0.500	0	10	78.750	301.325
17	0	3	5	369.850	424.650	168.450	185.200	none	0.500	none	0.500	0	10	78.750	301.325
17	0	3	6	424.650	479.450	168.450	185.200	none	0.500	none	0.500	0	10	78.750	301.325
17	0	3	7	479.450	534.250	168.450	185.200	none	0.500	0.500	0.500	0	10	78.750	301.325
17	0	3	8	534.250	589.150	168.450	185.200	none	0.500	none	0.500	0	10	78.750	301.325
17	0	3	9	589.150	734.650	168.450	301.200	none	0.500	none	0.500	0	10	78.750	301.325
17	0	4	0	57.850	143.750	185.200	218.700	none	0.500	0.500	0.500	0	10	78.750	301.325
17	0	4	1	143.750	205.300	185.200	201.950	none	0.500	none	0.500	0	10	78.750	301.325
17	0	4	2	205.300	260.050	185.200	201.950	none	0.500	none	0.500	0	10	78.750	301.325
17	0	4	3	260.050	315.050	185.200	201.950	none	0.500	0.500	0.500	0	10	78.750	301.325
17	0	4	4	315.050	369.850	185.200	201.950	none	0.500	0.500	0.500	0	10	78.750	301.325
17	0	4	5	369.850	424.650	185.200	201.950	none	0.500	none	0.500	0	10	78.750	301.325
17	0	4	6	424.650	479.450	185.200	201.950	none	0.500	none	0.500	0	10	78.750	301.325
17	0	4	7	479.450	534.250	185.200	201.950	none	0.500	0.500	0.500	0	10	78.750	301.325
17	0	4	8	534.250	589.150	185.200	201.950	none	0.500	none	0.500	0	10	78.750	301.325
17	0	5	1	143.750	205.300	201.950	218.700	none	0.500	none	0.500	0	10	78.750	301.325
17	0	5	2	205.300	260.050	201.950	218.700	none	0.500	none	0.500	0	10	78.750	301.325
17	0	5	3	260.050	315.050	201.950	218.700	none	0.500	0.500	0.500	0	10	78.750	301.325
17	0	5	4	315.050	369.850	201.950	218.700	none	0.500	0.500	0.500	0	10	78.750	301.325
17	0	5	5	369.850	424.650	201.950	218.700	none	0.500	none	0.500	0	10	78.750	301.325
17	0	5	6	424.650	479.450	201.950	218.700	none	0.500	none	0.500	0	10	78.750	301.325
17	0	5	7	479.450	534.250	201.950	218.700	none	0.500	0.500	0.500	0	10	78.750	301.325
17	0	5	8	534.250	589.150	201.950	218.700	none	0.500	none	0.500	0	10	78.750	301.325
17	0	6	0	57.850	143.750	218.700	252.450	none	0.500	0.500	0.500	0	10	78.750	301.325
17	0	6	1	143.750	205.300	218.700	235.450	none	0.500	none	0.500	0	10	78.750	301.325
17	0	6	2	205.300	260.050	218.700	235.450	none	0.500	none	0.500	0	10	78.750	301.325
17	0	6	3	260.050	315.050	218.700	235.450	none	0.500	0.500	0.500	0	10	78.750	301.325
17	0	6	4	315.050	369.850	218.700	235.450	none	0.500	0.500	0.500	0	10	78.750	301.325
17	0	6	5	369.850	424.650	218.700	235.450	none	0.500	none	0.500	0	10	78.750	301.325
17	0	6	6	424.650	479.450	218.700	235.450	none	0.500	none	0.500	0	10	78.750	301.325
17	0	6	7	479.450	534.250	218.700	235.450	none	0.500	0.500	0.500	0	10	78.750	301.325
17	0	6	8	534.250	589.150	218.700	235.450	none	0.500	none	0.500	0	10	78.750	301.325
17	0	7	1	143.750	205.300	235.450	252.450	none	0.500	none	0.500	0	10	78.750	301.325
17	0	7	2	205.300	260.050	235.450	252.450	none	0.500	none	0.500	0	10	78.750	301.325
17	0	7	3	260.050	315.050	235.450	252.450	none	0.500	0.500	0.500	0	10	78.750	301.325
17	0	7	4	315.050	369.850	235.450	252.450	none	0.500	0.500	0.500	0	10	78.750	301.325
17	0	7	5	369.850	424.650	235.450	252.450	none	0.500	none	0.500	0	10	78.750	301.325
17	0	7	6	424.650	479.450	235.450	252.450	none	0.500	none	0.500	0	10	78.750	301.325
17	0	7	7	479.450	534.250	235.450	252.450	0.500	0.500	0.500	0.500	0	10	78.750	301.325
17	0	7	8	534.250	589.150	235.450	252.450	0.500	0.500	none	0.500	0	10	78.750	301.325
17	0	8	0	57.850	143.750	252.450	276.950	none	0.500	0.500	0.500	0	10	78.750	301.325
17	0	8	1	143.750	205.300	252.450	276.950	none	0.500	none	0.500	0	10	78.750	301.325
17	0	8	2	205.300	260.050	252.450	276.950	none	0.500	none	0.500	0	10	78.750	301.325
17	0	8	3	260.050	315.050	252.450	276.950	none	0.500	0.500	0.500	0	10	78.750	301.325
17	0	8	4	315.050	369.850	252.450	276.950	none	0.500	0.500	0.500	0	10	78.750	301.325
17	0	8	5	369.850	424.650	252.450	276.950	none	0.500	none	0.500	0	10	78.750	301.325
17	0	8	6	424.650	479.450	252.450	276.950	none	0.500	none	0.500	0	10	78.750	301.325
17	0	8	7	479.450	589.150	252.450	301.200	0.500	0.500	0.500	none	0	10	78.750	301.325
17	0	9	0	57.850	143.750	276.950	301.200	none	0.500	0.500	0.500	0	10	78.750	301.325
17	0	9	1	143.750	205.300	276.950	301.200	none	0.500	none	0.500	0	10	78.750	301.325
17	0	9	2	205.300	260.050	276.950	301.200	none	0.500	none	0.500	0	10	78.750	301.325
17	0	9	3	260.050	315.050	276.950	301.200	none	0.500	0.500	0.500	0	10	78.750	301.325
17	0	9	4	315.050	369.850	276.950	301.200	none	0.500	0.500	0.500	0	10	78.750	301.325
17	0	9	5	369.850	424.650	276.950	301.200	none	0.500	none	0.500	0	10	78.750	301.325
17	0	9	6	424.650	479.450	276.950	301.200	none	0.500	none	0.500	0	10	78.750	301.325
18	0	0	0	57.850	143.750	79.000	134.450	0.500	none	0.500	0.500	0	11	78.750	325.575
18	0	0	1	143.750	205.300	79.000	134.450	0.500	0.500	none	0.500	0	11	78.750	325.575
18	0	0	2	205.300	260.050	79.000	134.450	0.500	0.500	none	none	0	11	78.750	325.575
18	0	0	3	260.050	315.050	79.000	134.450	0.500	0.500	0.500	0.500	0	11	78.750	325.575
18	0	0	4	315.050	369.850	79.000	134.450	0.500	0.500	0.500	none	0	11	78.750	325.575
18	0	0	5	369.850	424.650	79.000	134.450	0.500	0.500	0.500	none	0	11	78.750	325.575
18	0	0	6	424.650	479.450	79.000	134.450	0.500	0.500	0.500	none	0	11	78.750	325.575
18	0	0	7	479.450	534.250	79.000	134.450	0.500	0.500	0.500	none	0	11	78.750	325.575
18	0	0	8	534.250	589.150	79.000	134.450	0.500	0.500	0.500	none	0	11	78.750	325.575
18	0	0	9	589.150	643.950	79.000	134.450	0.500	0.500	0.500	0.500	0	11	78.750	325.575
18	0	0	10	643.950	699.550	79.000	134.450	0.500	0.500	0.500	0.500	0	11	78.750	325.575
18	0	0	11	699.550	734.650	79.000	134.450	0.500	none	none	0.500	0	11	78.750	325.575
18	0	1	0	57.850	143.750	134.450	185.200	0.500	0.500	0.500	0.500	0	11	78.750	325.575
18	0	1	1	143.750	205.300	134.450	151.450	none	0.500	none	0.500	0	11	78.750	325.575
18	0	1	2	205.300	260.050	134.450	151.450	none	0.500	none	0.500	0	11	78.750	325.575
18	0	1	3	260.050	315.050	134.450	151.450	none	0.500	0.500	0.500	0	11	78.750	325.575
18	0	1	4	315.050	369.850	134.450	151.450	none	0.500	0.500	0.500	0	11	78.750	325.575
18	0	1	5	369.850	424.650	134.450	151.450	none	0.500	none	0.500	0	11	78.750	325.575
18	0	1	6	424.650	479.450	134.450	151.450	none	0.500	none	0.500	0	11	78.750	325.575
18	0	1	7	479.450	534.250	134.450	151.450	none	0.500	0.500	0.500	0	11	78.750	325.575
18	0	1	8	534.250	589.150	134.450	151.450	none	0.500	none	0.500	0	11	78.750	325.575
18	0	1	9	589.150	643.950	134.450	151.450	0.500	0.500	none	0.500	0	11	78.750	325.575
18	0	1	10	643.950	699.550	134.450	151.450	0.500	0.500	0.500	0.500	0	11	78.750	325.575
18	0	1	11	699.550	734.650	134.450	151.450	0.500	none	none	0.500	0	11	78.750	325.575
18	0	2	1	143.750	205.300	151.450	168.450	none	0.500	none	0.500	0	11	78.750	325.575
18	0	2	2	205.300	260.050	151.450	168.450	none	0.500	none	0.500	0	11	78.750	325.575
18	0	2	3	260.050	315.050	151.450	168.450	none	0.500	0.500	0.500	0	11	78.750	325.575
18	0	2	4	315.050	369.850	151.450	168.450	none	0.500	0.500	0.500	0	11	78.750	325.575
18	0	2	5	369.850	424.650	151.450	168.450	none	0.500	none	0.500	0	11	78.750	325.575
18	0	2	6	424.650	479.450	151.450	168.450	none	0.500	none	0.500	0	11	78.750	325.575
18	0	2	7	479.450	534.250	151.450	168.450	none	0.500	0.500	0.500	0	11	78.750	325.575
18	0	2	8	534.250	589.150	151.450	168.450	none	0.500	none	0.500	0	11	78.750	325.575
18	0	2	9	589.150	643.950	151.450	168.450	0.500	0.500	none	0.500	0	11	78.750	325.575
18	0	2	10	643.950	699.550	151.450	168.450	0.500	0.500	0.500	0.500	0	11	78.750	325.575
18	0	2	11	699.550	734.650	151.450	168.450	none	none	none	0.500	0	11	78.750	325.575
18	0	3	1	143.750	205.300	168.450	185.200	none	0.500	none	0.500	0	11	78.750	325.575
18	0	3	2	205.300	260.050	168.450	185.200	none	0.500	none	0.500	0	11	78.750	325.575
18	0	3	3	260.050	315.050	168.450	185.200	none	0.500	0.500	0.500	0	11	78.750	325.575
18	0	3	4	315.050	369.850	168.450	185.200	none	0.500	0.500	0.500	0	11	78.750	325.575
18	0	3	5	369.850	424.650	168.450	185.200	none	0.500	none	0.500	0	11	78.750	325.575
18	0	3	6	424.650	479.450	168.450	185.200	none	0.500	none	0.500	0	11	78.750	325.575
18	0	3	7	479.450	534.250	168.450	185.200	none	0.500	0.500	0.500	0	11	78.750	325.575
18	0	3	8	534.250	589.150	168.450	185.200	none	0.500	none	0.500	0	11	78.750	325.575
18	0	3	9	589.150	734.650	168.450	325.450	none	0.500	none	0.500	0	11	78.750	325.575
18	0	4	0	57.850	143.750	185.200	218.700	none	0.500	0.500	0.500	0	11	78.750	325.575
18	0	4	1	143.750	205.300	185.200	201.950	none	0.500	none	0.500	0	11	78.750	325.575
18	0	4	2	205.300	260.050	185.200	201.950	none	0.500	none	0.500	0	11	78.750	325.575
18	0	4	3	260.050	315.050	185.200	201.950	none	0.500	0.500	0.500	0	11	78.750	325.575
18	0	4	4	315.050	369.850	185.200	201.950	none	0.500	0.500	0.500	0	11	78.750	325.575
18	0	4	5	369.850	424.650	185.200	201.950	none	0.500	none	0.500	0	11	78.750	325.575
18	0	4	6	424.650	479.450	185.200	201.950	none	0.500	none	0.500	0	11	78.750	325.575
18	0	4	7	479.450	534.250	185.200	201.950	none	0.500	0.500	0.500	0	11	78.750	325.575
18	0	4	8	534.250	589.150	185.200	201.950	none	0.500	none	0.500	0	11	78.750	325.575
18	0	5	1	143.750	205.300	201.950	218.700	none	0.500	none	0.500	0	11	78.750	325.575
18	0	5	2	205.300	260.050	201.950	218.700	none	0.500	none	0.500	0	11	78.750	325.575
18	0	5	3	260.050	315.050	201.950	218.700	none	0.500	0.500	0.500	0	11	78.750	325.575
18	0	5	4	315.050	369.850	201.950	218.700	none	0.500	0.500	0.500	0	11	78.750	325.575
18	0	5	5	369.850	424.650	201.950	218.700	none	0.500	none	0.500	0	11	78.750	325.575
18	0	5	6	424.650	479.450	201.950	218.700	none	0.500	none	0.500	0	11	78.750	325.575
18	0	5	7	479.450	534.250	201.950	218.700	none	0.500	0.500	0.500	0	11	78.750	325.575
18	0	5	8	534.250	589.150	201.950	218.700	none	0.500	none	0.500	0	11	78.750	325.575
18	0	6	0	57.850	143.750	218.700	252.450	none	0.500	0.500	0.500	0	11	78.750	325.575
18	0	6	1	143.750	205.300	218.700	235.450	none	0.500	none	0.500	0	11	78.750	325.575
18	0	6	2	205.300	260.050	218.700	235.450	none	0.500	none	0.500	0	11	78.750	325.575
18	0	6	3	260.050	315.050	218.700	235.450	none	0.500	0.500	0.500	0	11	78.750	325.575
18	0	6	4	315.050	369.850	218.700	235.450	none	0.500	0.500	0.500	0	11	78.750	325.575
18	0	6	5	369.850	424.650	218.700	235.450	none	0.500	none	0.500	0	11	78.750	325.575
18	0	6	6	424.650	479.450	218.700	235.450	none	0.500	none	0.500	0	11	78.750	325.575
18	0	6	7	479.450	534.250	218.700	235.450	none	0.500	0.500	0.500	0	11	78.750	325.575
18	0	6	8	534.250	589.150	218.700	235.450	none	0.500	none	0.500	0	11	78.750	325.575
18	0	7	1	143.750	205.300	235.450	252.450	none	0.500	none	0.500	0	11	78.750	325.575
18	0	7	2	205.300	260.050	235.450	252.450	none	0.500	none	0.500	0	11	78.750	325.575
18	0	7	3	260.050	315.050	235.450	252.450	none	0.500	0.500	0.500	0	11	78.750	325.575
18	0	7	4	315.050	369.850	235.450	252.450	none	0.500	0.500	0.500	0	11	78.750	325.575
18	0	7	5	369.850	424.650	235.450	252.450	none	0.500	none	0.500	0	11	78.750	325.575
18	0	7	6	424.650	479.450	235.450	252.450	none	0.500	none	0.500	0	11	78.750	325.575
18	0	7	7	479.450	534.250	235.450	252.450	0.500	0.500	0.500	0.500	0	11	78.750	325.575
18	0	7	8	534.250	589.150	235.450	252.450	0.500	0.500	none	0.500	0	11	78.750	325.575
18	0	8	0	57.850	143.750	252.450	276.950	none	0.500	0.500	0.500	0	11	78.750	325.575
18	0	8	1	143.750	205.300	252.450	276.950	none	0.500	none	0.500	0	11	78.750	325.575
18	0	8	2	205.300	260.050	252.450	276.950	none	0.500	none	0.500	0	11	78.750	325.575
18	0	8	3	260.050	315.050	252.450	276.950	none	0.500	0.500	0.500	0	11	78.750	325.575
18	0	8	4	315.050	369.850	252.450	276.950	none	0.500	0.500	0.500	0	11	78.750	325.575
18	0	8	5	369.850	424.650	252.450	276.950	none	0.500	none	0.500	0	11	78.750	325.575
18	0	8	6	424.650	479.450	252.450	276.950	none	0.500	none	0.500	0	11	78.750	325.575
18	0	8	7	479.450	589.150	252.450	325.450	0.500	0.500	0.500	none	0	11	78.750	325.575
18	0	9	0	57.850	143.750	276.950	301.200	none	0.500	0.500	0.500	0	11	78.750	325.575
18	0	9	1	143.750	205.300	276.950	301.200	none	0.500	none	0.500	0	11	78.750	325.575
18	0	9	2	205.300	260.050	276.950	301.200	none	0.500	none	0.500	0	11	78.750	325.575
18	0	9	3	260.050	315.050	276.950	301.200	none	0.500	0.500	0.500	0	11	78.750	325.575
18	0	9	4	315.050	369.850	276.950	301.200	none	0.500	0.500	0.500	0	11	78.750	325.575
18	0	9	5	369.850	424.650	276.950	301.200	none	0.500	none	0.500	0	11	78.750	325.575
18	0	9	6	424.650	479.450	276.950	301.200	none	0.500	none	0.500	0	11	78.750	325.575
18	0	10	0	57.850	143.750	301.200	325.450	none	0.500	0.500	0.500	0	11	78.750	325.575
18	0	10	1	143.750	205.300	301.200	325.450	none	0.500	none	0.500	0	11	78.750	325.575
18	0	10	2	205.300	260.050	301.200	325.450	none	0.500	none	0.500	0	11	78.750	325.575
18	0	10	3	260.050	315.050	301.200	325.450	none	0.500	0.500	0.500	0	11	78.750	325.575
18	0	10	4	315.050	369.850	301.200	325.450	none	0.500	0.500	0.500	0	11	78.750	325.575
18	0	10	5	369.850	424.650	301.200	325.450	none	0.500	none	0.500	0	11	78.750	325.575
18	0	10	6	424.650	479.450	301.200	325.450	none	0.500	none	0.500	0	11	78.750	325.575
19	0	0	0	57.850	143.750	79.000	134.450	0.500	none	0.500	0.500	0	11	78.750	325.575
19	0	0	1	143.750	205.300	79.000	134.450	0.500	0.500	none	0.500	0	11	78.750	325.575
19	0	0	2	205.300	260.050	79.000	134.450	0.500	0.500	none	none	0	11	78.750	325.575
19	0	0	3	260.050	315.050	79.000	134.450	0.500	0.500	0.500	0.500	0	11	78.750	325.575
19	0	0	4	315.050	369.850	79.000	134.450	0.500	0.500	0.500	none	0	11	78.750	325.575
19	0	0	5	369.850	424.650	79.000	134.450	0.500	0.500	0.500	none	0	11	78.750	325.575
19	0	0	6	424.650	479.450	79.000	134.450	0.500	0.500	0.500	none	0	11	78.750	325.575
19	0	0	7	479.450	534.250	79.000	134.450	0.500	0.500	0.500	none	0	11	78.750	325.575
19	0	0	8	534.250	589.150	79.000	134.450	0.500	0.500	0.500	none	0	11	78.750	325.575
19	0	0	9	589.150	643.950	79.000	134.450	0.500	0.500	0.500	0.500	0	11	78.750	325.575
19	0	0	10	643.950	699.550	79.000	134.450	0.500	0.500	0.500	0.500	0	11	78.750	325.575
19	0	0	11	699.550	734.650	79.000	134.450	0.500	none	none	0.500	0	11	78.750	325.575
19	0	1	0	57.850	143.750	134.450	185.200	0.500	0.500	0.500	0.500	0	11	78.750	325.575
19	0	1	1	143.750	205.300	134.450	151.450	none	0.500	none	0.500	0	11	78.750	325.575
19	0	1	2	205.300	260.050	134.450	151.450	none	0.500	none	0.500	0	11	78.750	325.575
19	0	1	3	260.050	315.050	134.450	151.450	none	0.500	0.500	0.500	0	11	78.750	325.575
19	0	1	4	315.050	369.850	134.450	151.450	none	0.500	0.500	0.500	0	11	78.750	325.575
19	0	1	5	369.850	424.650	134.450	151.450	none	0.500	none	0.500	0	11	78.750	325.575
19	0	1	6	424.650	479.450	134.450	151.450	none	0.500	none	0.500	0	11	78.750	325.575
19	0	1	7	479.450	534.250	134.450	151.450	none	0.500	0.500	0.500	0	11	78.750	325.575
19	0	1	8	534.250	589.150	134.450	151.450	none	0.500	none	0.500	0	11	78.750	325.575
19	0	1	9	589.150	643.950	134.450	151.450	0.500	0.500	none	0.500	0	11	78.750	325.575
19	0	1	10	643.950	699.550	134.450	151.450	0.500	0.500	0.500	0.500	0	11	78.750	325.575
19	0	1	11	699.550	734.650	134.450	151.450	0.500	none	none	0.500	0	11	78.750	325.575
19	0	2	1	143.750	205.300	151.450	168.450	none	0.500	none	0.500	0	11	78.750	325.575
19	0	2	2	205.300	260.050	151.450	168.450	none	0.500	none	0.500	0	11	78.750	325.575
19	0	2	3	260.050	315.050	151.450	168.450	none	0.500	0.500	0.500	0	11	78.750	325.575
19	0	2	4	315.050	369.850	151.450	168.450	none	0.500	0.500	0.500	0	11	78.750	325.575
19	0	2	5	369.850	424.650	151.450	168.450	none	0.500	none	0.500	0	11	78.750	325.575
19	0	2	6	424.650	479.450	151.450	168.450	none	0.500	none	0.500	0	11	78.750	325.575
19	0	2	7	479.450	534.250	151.450	168.450	none	0.500	0.500	0.500	0	11	78.750	325.575
19	0	2	8	534.250	589.150	151.450	168.450	none	0.500	none	0.500	0	11	78.750	325.575
19	0	2	9	589.150	643.950	151.450	168.450	0.500	0.500	none	0.500	0	11	78.750	325.575
19	0	2	10	643.950	699.550	151.450	168.450	0.500	0.500	0.500	0.500	0	11	78.750	325.575
19	0	2	11	699.550	734.650	151.450	168.450	none	none	none	0.500	0	11	78.750	325.575
19	0	3	1	143.750	205.300	168.450	185.200	none	0.500	none	0.500	0	11	78.750	325.575
19	0	3	2	205.300	260.050	168.450	185.200	none	0.500	none	0.500	0	11	78.750	325.575
19	0	3	3	260.050	315.050	168.450	185.200	none	0.500	0.500	0.500	0	11	78.750	325.575
19	0	3	4	315.050	369.850	168.450	185.200	none	0.500	0.500	0.500	0	11	78.750	325.575
19	0	3	5	369.850	424.650	168.450	185.200	none	0.500	none	0.500	0	11	78.750	325.575
19	0	3	6	424.650	479.450	168.450	185.200	none	0.500	none	0.500	0	11	78.750	325.575
19	0	3	7	479.450	534.250	168.450	185.200	none	0.500	0.500	0.500	0	11	78.750	325.575
19	0	3	8	534.250	589.150	168.450	185.200	none	0.500	none	0.500	0	11	78.750	325.575
19	0	3	9	589.150	734.650	168.450	325.450	none	0.500	none	0.500	0	11	78.750	325.575
19	0	4	0	57.850	143.750	185.200	218.700	none	0.500	0.500	0.500	0	11	78.750	325.575
19	0	4	1	143.750	205.300	185.200	201.950	none	0.500	none	0.500	0	11	78.750	325.575
19	0	4	2	205.300	260.050	185.200	201.950	none	0.500	none	0.500	0	11	78.750	325.575
19	0	4	3	260.050	315.050	185.200	201.950	none	0.500	0.500	0.500	0	11	78.750	325.575
19	0	4	4	315.050	369.850	185.200	201.950	none	0.500	0.500	0.500	0	11	78.750	325.575
19	0	4	5	369.850	424.650	185.200	201.950	none	0.500	none	0.500	0	11	78.750	325.575
19	0	4	6	424.650	479.450	185.200	201.950	none	0.500	none	0.500	0	11	78.750	325.575
19	0	4	7	479.450	534.250	185.200	201.950	none	0.500	0.500	0.500	0	11	78.750	325.575
19	0	4	8	534.250	589.150	185.200	201.950	none	0.500	none	0.500	0	11	78.750	325.575
19	0	5	1	143.750	205.300	201.950	218.700	none	0.500	none	0.500	0	11	78.750	325.575
19	0	5	2	205.300	260.050	201.950	218.700	none	0.500	none	0.500	0	11	78.750	325.575
19	0	5	3	260.050	315.050	201.950	218.700	none	0.500	0.500	0.500	0	11	78.750	325.575
19	0	5	4	315.050	369.850	201.950	218.700	none	0.500	0.500	0.500	0	11	78.750	325.575
19	0	5	5	369.850	424.650	201.950	218.700	none	0.500	none	0.500	0	11	78.750	325.575
19	0	5	6	424.650	479.450	201.950	218.700	none	0.500	none	0.500	0	11	78.750	325.575
19	0	5	7	479.450	534.250	201.950	218.700	none	0.500	0.500	0.500	0	11	78.750	325.575
19	0	5	8	534.250	589.150	201.950	218.700	none	0.500	none	0.500	0	11	78.750	325.575
19	0	6	0	57.850	143.750	218.700	252.450	none	0.500	0.500	0.500	0	11	78.750	325.575
19	0	6	1	143.750	205.300	218.700	235.450	none	0.500	none	0.500	0	11	78.750	325.575
19	0	6	2	205.300	260.050	218.700	235.450	none	0.500	none	0.500	0	11	78.750	325.575
19	0	6	3	260.050	315.050	218.700	235.450	none	0.500	0.500	0.500	0	11	78.750	325.575
19	0	6	4	315.050	369.850	218.700	235.450	none	0.500	0.500	0.500	0	11	78.750	325.575
19	0	6	5	369.850	424.650	218.700	235.450	none	0.500	none	0.500	0	11	78.750	325.575
19	0	6	6	424.650	479.450	218.700	235.450	none	0.500	none	0.500	0	11	78.750	325.575
19	0	6	7	479.450	534.250	218.700	235.450	none	0.500	0.500	0.500	0	11	78.750	325.575
19	0	6	8	534.250	589.150	218.700	235.450	none	0.500	none	0.500	0	11	78.750	325.575
19	0	7	1	143.750	205.300	235.450	252.450	none	0.500	none	0.500	0	11	78.750	325.575
19	0	7	2	205.300	260.050	235.450	252.450	none	0.500	none	0.500	0	11	78.750	325.575
19	0	7	3	260.050	315.050	235.450	252.450	none	0.500	0.500	0.500	0	11	78.750	325.575
19	0	7	4	315.050	369.850	235.450	252.450	none	0.500	0.500	0.500	0	11	78.750	325.575
19	0	7	5	369.850	424.650	235.450	252.450	none	0.500	none	0.500	0	11	78.750	325.575
19	0	7	6	424.650	479.450	235.450	252.450	none	0.500	none	0.500	0	11	78.750	325.575
19	0	7	7	479.450	534.250	235.450	252.450	0.500	0.500	0.500	0.500	0	11	78.750	325.575
19	0	7	8	534.250	589.150	235.450	252.450	0.500	0.500	none	0.500	0	11	78.750	325.575
19	0	8	0	57.850	143.750	252.450	276.950	none	0.500	0.500	0.500	0	11	78.750	325.575
19	0	8	1	143.750	205.300	252.450	276.950	none	0.500	none	0.500	0	11	78.750	325.575
19	0	8	2	205.300	260.050	252.450	276.950	none	0.500	none	0.500	0	11	78.750	325.575
19	0	8	3	260.050	315.050	252.450	276.950	none	0.500	0.500	0.500	0	11	78.750	325.575
19	0	8	4	315.050	369.850	252.450	276.950	none	0.500	0.500	0.500	0	11	78.750	325.575
19	0	8	5	369.850	424.650	252.450	276.950	none	0.500	none	0.500	0	11	78.750	325.575
19	0	8	6	424.650	479.450	252.450	276.950	none	0.500	none	0.500	0	11	78.750	325.575
19	0	8	7	479.450	589.150	252.450	325.450	0.500	0.500	0.500	none	0	11	78.750	325.575
19	0	9	0	57.850	143.750	276.950	301.200	none	0.500	0.500	0.500	0	11	78.750	325.575
19	0	9	1	143.750	205.300	276.950	301.200	none	0.500	none	0.500	0	11	78.750	325.575
19	0	9	2	205.300	260.050	276.950	301.200	none	0.500	none	0.500	0	11	78.750	325.575
19	0	9	3	260.050	315.050	276.950	301.200	none	0.500	0.500	0.500	0	11	78.750	325.575
19	0	9	4	315.050	369.850	276.950	301.200	none	0.500	0.500	0.500	0	11	78.750	325.575
19	0	9	5	369.850	424.650	276.950	301.200	none	0.500	none	0.500	0	11	78.750	325.575
19	0	9	6	424.650	479.450	276.950	301.200	none	0.500	none	0.500	0	11	78.750	325.575
19	0	10	0	57.850	143.750	301.200	325.450	none	0.500	0.500	0.500	0	11	78.750	325.575
19	0	10	1	143.750	205.300	301.200	325.450	none	0.500	none	0.500	0	11	78.750	325.575
19	0	10	2	205.300	260.050	301.200	325.450	none	0.500	none	0.500	0	11	78.750	325.575
19	0	10	3	260.050	315.050	301.200	325.450	none	0.500	0.500	0.500	0	11	78.750	325.575
19	0	10	4	315.050	369.850	301.200	325.450	none	0.500	0.500	0.500	0	11	78.750	325.575
19	0	10	5	369.850	424.650	301.200	325.450	none	0.500	none	0.500	0	11	78.750	325.575
19	0	10	6	424.650	479.450	301.200	325.450	none	0.500	none	0.500	0	11	78.750	325.575
20	0	0	0	57.850	143.750	79.000	134.450	0.500	none	0.500	0.500	0	11	78.750	325.575
20	0	0	1	143.750	205.300	79.000	134.450	0.500	0.500	none	0.500	0	11	78.750	325.575
20	0	0	2	205.300	260.050	79.000	134.450	0.500	0.500	none	none	0	11	78.750	325.575
20	0	0	3	260.050	315.050	79.000	134.450	0.500	0.500	0.500	0.500	0	11	78.750	325.575
20	0	0	4	315.050	369.850	79.000	134.450	0.500	0.500	0.500	none	0	11	78.750	325.575
20	0	0	5	369.850	424.650	79.000	134.450	0.500	0.500	0.500	none	0	11	78.750	325.575
20	0	0	6	424.650	479.450	79.000	134.450	0.500	0.500	0.500	none	0	11	78.750	325.575
20	0	0	7	479.450	534.250	79.000	134.450	0.500	0.500	0.500	none	0	11	78.750	325.575
20	0	0	8	534.250	589.150	79.000	134.450	0.500	0.500	0.500	none	0	11	78.750	325.575
20	0	0	9	589.150	643.950	79.000	134.450	0.500	0.500	0.500	0.500	0	11	78.750	325.575
20	0	0	10	643.950	699.550	79.000	134.450	0.500	0.500	0.500	0.500	0	11	78.750	325.575
20	0	0	11	699.550	734.650	79.000	134.450	0.500	none	none	0.500	0	11	78.750	325.575
20	0	1	0	57.850	143.750	134.450	185.200	0.500	0.500	0.500	0.500	0	11	78.750	325.575
20	0	1	1	143.750	205.300	134.450	151.450	none	0.500	none	0.500	0	11	78.750	325.575
20	0	1	2	205.300	260.050	134.450	151.450	none	0.500	none	0.500	0	11	78.750	325.575
20	0	1	3	260.050	315.050	134.450	151.450	none	0.500	0.500	0.500	0	11	78.750	325.575
20	0	1	4	315.050	369.850	134.450	151.450	none	0.500	0.500	0.500	0	11	78.750	325.575
20	0	1	5	369.850	424.650	134.450	151.450	none	0.500	none	0.500	0	11	78.750	325.575
20	0	1	6	424.650	479.450	134.450	151.450	none	0.500	none	0.500	0	11	78.750	325.575
20	0	1	7	479.450	534.250	134.450	151.450	none	0.500	0.500	0.500	0	11	78.750	325.575
20	0	1	8	534.250	589.150	134.450	151.450	none	0.500	none	0.500	0	11	78.750	325.575
20	0	1	9	589.150	643.950	134.450	151.450	0.500	0.500	none	0.500	0	11	78.750	325.575
20	0	1	10	643.950	699.550	134.450	151.450	0.500	0.500	0.500	0.500	0	11	78.750	325.575
20	0	1	11	699.550	734.650	134.450	151.450	0.500	none	none	0.500	0	11	78.750	325.575
20	0	2	1	143.750	205.300	151.450	168.450	none	0.500	none	0.500	0	11	78.750	325.575
20	0	2	2	205.300	260.050	151.450	168.450	none	0.500	none	0.500	0	11	78.750	325.575
20	0	2	3	260.050	315.050	151.450	168.450	none	0.500	0.500	0.500	0	11	78.750	325.575
20	0	2	4	315.050	369.850	151.450	168.450	none	0.500	0.500	0.500	0	11	78.750	325.575
20	0	2	5	369.850	424.650	151.450	168.450	none	0.500	none	0.500	0	11	78.750	325.575
20	0	2	6	424.650	479.450	151.450	168.450	none	0.500	none	0.500	0	11	78.750	325.575
20	0	2	7	479.450	534.250	151.450	168.450	none	0.500	0.500	0.500	0	11	78.750	325.575
20	0	2	8	534.250	589.150	151.450	168.450	none	0.500	none	0.500	0	11	78.750	325.575
20	0	2	9	589.150	643.950	151.450	168.450	0.500	0.500	none	0.500	0	11	78.750	325.575
20	0	2	10	643.950	699.550	151.450	168.450	0.500	0.500	0.500	0.500	0	11	78.750	325.575
20	0	2	11	699.550	734.650	151.450	168.450	none	none	none	0.500	0	11	78.750	325.575
20	0	3	1	143.750	205.300	168.450	185.200	none	0.500	none	0.500	0	11	78.750	325.575
20	0	3	2	205.300	260.050	168.450	185.200	none	0.500	none	0.500	0	11	78.750	325.575
20	0	3	3	260.050	315.050	168.450	185.200	none	0.500	0.500	0.500	0	11	78.750	325.575
20	0	3	4	315.050	369.850	168.450	185.200	none	0.500	0.500	0.500	0	11	78.750	325.575
20	0	3	5	369.850	424.650	168.450	185.200	none	0.500	none	0.500	0	11	78.750	325.575
20	0	3	6	424.650	479.450	168.450	185.200	none	0.500	none	0.500	0	11	78.750	325.575
20	0	3	7	479.450	534.250	168.450	185.200	none	0.500	0.500	0.500	0	11	78.750	325.575
20	0	3	8	534.250	589.150	168.450	185.200	none	0.500	none	0.500	0	11	78.750	325.575
20	0	3	9	589.150	734.650	168.450	325.450	none	0.500	none	0.500	0	11	78.750	325.575
20	0	4	0	57.850	143.750	185.200	218.700	none	0.500	0.500	0.500	0	11	78.750	325.575
20	0	4	1	143.750	205.300	185.200	201.950	none	0.500	none	0.500	0	11	78.750	325.575
20	0	4	2	205.300	260.050	185.200	201.950	none	0.500	none	0.500	0	11	78.750	325.575
20	0	4	3	260.050	315.050	185.200	201.950	none	0.500	0.500	0.500	0	11	78.750	325.575
20	0	4	4	315.050	369.850	185.200	201.950	none	0.500	0.500	0.500	0	11	78.750	325.575
20	0	4	5	369.850	424.650	185.200	201.950	none	0.500	none	0.500	0	11	78.750	325.575
20	0	4	6	424.650	479.450	185.200	201.950	none	0.500	none	0.500	0	11	78.750	325.575
20	0	4	7	479.450	534.250	185.200	201.950	none	0.500	0.500	0.500	0	11	78.750	325.575
20	0	4	8	534.250	589.150	185.200	201.950	none	0.500	none	0.500	0	11	78.750	325.575
20	0	5	1	143.750	205.300	201.950	218.700	none	0.500	none	0.500	0	11	78.750	325.575
20	0	5	2	205.300	260.050	201.950	218.700	none	0.500	none	0.500	0	11	78.750	325.575
20	0	5	3	260.050	315.050	201.950	218.700	none	0.500	0.500	0.500	0	11	78.750	325.575
20	0	5	4	315.050	369.850	201.950	218.700	none	0.500	0.500	0.500	0	11	78.750	325.575
20	0	5	5	369.850	424.650	201.950	218.700	none	0.500	none	0.500	0	11	78.750	325.575
20	0	5	6	424.650	479.450	201.950	218.700	none	0.500	none	0.500	0	11	78.750	325.575
20	0	5	7	479.450	534.250	201.950	218.700	none	0.500	0.500	0.500	0	11	78.750	325.575
20	0	5	8	534.250	589.150	201.950	218.700	none	0.500	none	0.500	0	11	78.750	325.575
20	0	6	0	57.850	143.750	218.700	252.450	none	0.500	0.500	0.500	0	11	78.750	325.575
20	0	6	1	143.750	205.300	218.700	235.450	none	0.500	none	0.500	0	11	78.750	325.575
20	0	6	2	205.300	260.050	218.700	235.450	none	0.500	none	0.500	0	11	78.750	325.575
20	0	6	3	260.050	315.050	218.700	235.450	none	0.500	0.500	0.500	0	11	78.750	325.575
20	0	6	4	315.050	369.850	218.700	235.450	none	0.500	0.500	0.500	0	11	78.750	325.575
20	0	6	5	369.850	424.650	218.700	235.450	none	0.500	none	0.500	0	11	78.750	325.575
20	0	6	6	424.650	479.450	218.700	235.450	none	0.500	none	0.500	0	11	78.750	325.575
20	0	6	7	479.450	534.250	218.700	235.450	none	0.500	0.500	0.500	0	11	78.750	325.575
20	0	6	8	534.250	589.150	218.700	235.450	none	0.500	none	0.500	0	11	78.750	325.575
20	0	7	1	143.750	205.300	235.450	252.450	none	0.500	none	0.500	0	11	78.750	325.575
20	0	7	2	205.300	260.050	235.450	252.450	none	0.500	none	0.500	0	11	78.750	325.575
20	0	7	3	260.050	315.050	235.450	252.450	none	0.500	0.500	0.500	0	11	78.750	325.575
20	0	7	4	315.050	369.850	235.450	252.450	none	0.500	0.500	0.500	0	11	78.750	325.575
20	0	7	5	369.850	424.650	235.450	252.450	none	0.500	none	0.500	0	11	78.750	325.575
20	0	7	6	424.650	479.450	235.450	252.450	none	0.500	none	0.500	0	11	78.750	325.575
20	0	7	7	479.450	534.250	235.450	252.450	0.500	0.500	0.500	0.500	0	11	78.750	325.575
20	0	7	8	534.250	589.150	235.450	252.450	0.500	0.500	none	0.500	0	11	78.750	325.575
20	0	8	0	57.850	143.750	252.450	276.950	none	0.500	0.500	0.500	0	11	78.750	325.575
20	0	8	1	143.750	205.300	252.450	276.950	none	0.500	none	0.500	0	11	78.750	325.575
20	0	8	2	205.300	260.050	252.450	276.950	none	0.500	none	0.500	0	11	78.750	325.575
20	0	8	3	260.050	315.050	252.450	276.950	none	0.500	0.500	0.500	0	11	78.750	325.575
20	0	8	4	315.050	369.850	252.450	276.950	none	0.500	0.500	0.500	0	11	78.750	325.575
20	0	8	5	369.850	424.650	252.450	276.950	none	0.500	none	0.500	0	11	78.750	325.575
20	0	8	6	424.650	479.450	252.450	276.950	none	0.500	none	0.500	0	11	78.750	325.575
20	0	8	7	479.450	589.150	252.450	325.450	0.500	0.500	0.500	none	0	11	78.750	325.575
20	0	9	0	57.850	143.750	276.950	301.200	none	0.500	0.500	0.500	0	11	78.750	325.575
20	0	9	1	143.750	205.300	276.950	301.200	none	0.500	none	0.500	0	11	78.750	325.575
20	0	9	2	205.300	260.050	276.950	301.200	none	0.500	none	0.500	0	11	78.750	325.575
20	0	9	3	260.050	315.050	276.950	301.200	none	0.500	0.500	0.500	0	11	78.750	325.575
20	0	9	4	315.050	369.850	276.950	301.200	none	0.500	0.500	0.500	0	11	78.750	325.575
20	0	9	5	369.850	424.650	276.950	301.200	none	0.500	none	0.500	0	11	78.750	325.575
20	0	9	6	424.650	479.450	276.950	301.200	none	0.500	none	0.500	0	11	78.750	325.575
20	0	10	0	57.850	143.750	301.200	325.450	none	0.500	0.500	0.500	0	11	78.750	325.575
20	0	10	1	143.750	205.300	301.200	325.450	none	0.500	none	0.500	0	11	78.750	325.575
20	0	10	2	205.300	260.050	301.200	325.450	none	0.500	none	0.500	0	11	78.750	325.575
20	0	10	3	260.050	315.050	301.200	325.450	none	0.500	0.500	0.500	0	11	78.750	325.575
20	0	10	4	315.050	369.850	301.200	325.450	none	0.500	0.500	0.500	0	11	78.750	325.575
20	0	10	5	369.850	424.650	301.200	325.450	none	0.500	none	0.500	0	11	78.750	325.575
20	0	10	6	424.650	479.450	301.200	325.450	none	0.500	none	0.500	0	11	78.750	325.575
21	0	0	0	57.850	153.350	79.000	134.450	0.500	none	0.500	0.500	0	11	78.750	327.200
21	0	0	1	153.350	214.900	79.000	134.450	0.500	0.500	none	0.500	0	11	78.750	327.200
21	0	0	2	214.900	282.500	79.000	134.450	0.500	0.500	none	0.500	0	11	78.750	327.200
21	0	0	3	282.500	350.100	79.000	134.450	0.500	0.500	none	0.500	0	11	78.750	327.200
21	0	0	4	350.100	417.800	79.000	134.450	0.500	0.500	0.500	0.500	0	11	78.750	327.200
21	0	0	5	417.800	485.500	79.000	134.450	0.500	0.500	none	0.500	0	11	78.750	327.200
21	0	0	6	485.500	553.450	79.000	134.450	0.500	0.500	none	0.500	0	11	78.750	327.200
21	0	0	7	553.450	621.150	79.000	134.450	0.500	0.500	none	0.500	0	11	78.750	327.200
21	0	0	8	621.150	688.850	79.000	134.450	0.500	0.500	0.500	0.500	0	11	78.750	327.200
21	0	0	9	688.850	734.650	79.000	134.450	0.500	0.500	none	0.500	0	11	78.750	327.200
21	0	1	0	57.850	153.350	134.450	185.450	0.500	0.500	0.500	0.500	0	11	78.750	327.200
21	0	1	1	153.350	214.900	134.450	151.450	none	0.500	none	0.500	0	11	78.750	327.200
21	0	1	2	214.900	282.500	134.450	151.450	none	0.500	none	0.500	0	11	78.750	327.200
21	0	1	3	282.500	350.100	134.450	151.450	0.500	0.500	none	0.500	0	11	78.750	327.200
21	0	1	4	350.100	417.800	134.450	151.450	none	0.500	0.500	0.500	0	11	78.750	327.200
21	0	1	5	417.800	485.500	134.450	151.450	none	0.500	none	0.500	0	11	78.750	327.200
21	0	1	6	485.500	553.450	134.450	151.450	none	0.500	none	0.500	0	11	78.750	327.200
21	0	1	7	553.450	621.150	134.450	151.450	0.500	0.500	none	0.500	0	11	78.750	327.200
21	0	1	8	621.150	688.850	134.450	151.450	0.500	0.500	0.500	0.500	0	11	78.750	327.200
21	0	1	9	688.850	734.650	134.450	151.450	none	none	none	0.500	0	11	78.750	327.200
21	0	2	1	153.350	214.900	151.450	168.450	none	0.500	none	0.500	0	11	78.750	327.200
21	0	2	2	214.900	282.500	151.450	168.450	none	0.500	none	0.500	0	11	78.750	327.200
21	0	2	3	282.500	350.100	151.450	168.450	0.500	0.500	none	0.500	0	11	78.750	327.200
21	0	2	4	350.100	417.800	151.450	168.450	none	0.500	0.500	0.500	0	11	78.750	327.200
21	0	2	5	417.800	485.500	151.450	168.450	none	0.500	none	0.500	0	11	78.750	327.200
21	0	2	6	485.500	553.450	151.450	168.450	none	0.500	none	0.500	0	11	78.750	327.200
21	0	2	7	553.450	621.150	151.450	168.450	0.500	0.500	none	0.500	0	11	78.750	327.200
21	0	2	8	621.150	688.850	151.450	168.450	0.500	0.500	0.500	0.500	0	11	78.750	327.200
21	0	2	9	688.850	734.650	151.450	168.450	none	none	none	0.500	0	11	78.750	327.200
21	0	3	1	153.350	214.900	168.450	185.450	none	0.500	none	0.500	0	11	78.750	327.200
21	0	3	2	214.900	282.500	168.450	185.450	none	0.500	none	0.500	0	11	78.750	327.200
21	0	3	3	282.500	350.100	168.450	185.450	0.500	0.500	none	0.500	0	11	78.750	327.200
21	0	3	4	350.100	417.800	168.450	185.450	none	0.500	0.500	0.500	0	11	78.750	327.200
21	0	3	5	417.800	485.500	168.450	185.450	none	0.500	none	0.500	0	11	78.750	327.200
21	0	3	6	485.500	553.450	168.450	185.450	none	0.500	none	0.500	0	11	78.750	327.200
21	0	3	7	553.450	734.650	168.450	326.950	none	0.500	none	0.500	0	11	78.750	327.200
21	0	4	0	57.850	153.350	185.450	219.450	none	0.500	0.500	0.500	0	11	78.750	327.200
21	0	4	1	153.350	214.900	185.450	202.450	none	0.500	none	0.500	0	11	78.750	327.200
21	0	4	2	214.900	282.500	185.450	202.450	none	0.500	none	0.500	0	11	78.750	327.200
21	0	4	3	282.500	350.100	185.450	202.450	0.500	0.500	none	0.500	0	11	78.750	327.200
21	0	4	4	350.100	417.800	185.450	202.450	none	0.500	0.500	0.500	0	11	78.750	327.200
21	0	4	5	417.800	485.500	185.450	202.450	none	0.500	none	0.500	0	11	78.750	327.200
21	0	4	6	485.500	553.450	185.450	202.450	none	0.500	none	0.500	0	11	78.750	327.200
21	0	5	1	153.350	214.900	202.450	219.450	none	0.500	none	0.500	0	11	78.750	327.200
21	0	5	2	214.900	282.500	202.450	219.450	none	0.500	none	0.500	0	11	78.750	327.200
21	0	5	3	282.500	350.100	202.450	219.450	0.500	0.500	none	0.500	0	11	78.750	327.200
21	0	5	4	350.100	417.800	202.450	219.450	none	0.500	0.500	0.500	0	11	78.750	327.200
21	0	5	5	417.800	485.500	202.450	219.450	none	0.500	none	0.500	0	11	78.750	327.200
21	0	5	6	485.500	553.450	202.450	219.450	none	0.500	none	0.500	0	11	78.750	327.200
21	0	6	0	57.850	153.350	219.450	253.450	none	0.500	0.500	0.500	0	11	78.750	327.200
21	0	6	1	153.350	214.900	219.450	236.450	none	0.500	none	0.500	0	11	78.750	327.200
21	0	6	2	214.900	282.500	219.450	236.450	none	0.500	none	0.500	0	11	78.750	327.200
21	0	6	3	282.500	350.100	219.450	236.450	0.500	0.500	none	0.500	0	11	78.750	327.200
21	0	6	4	350.100	417.800	219.450	236.450	none	0.500	0.500	0.500	0	11	78.750	327.200
21	0	6	5	417.800	485.500	219.450	236.450	none	0.500	none	0.500	0	11	78.750	327.200
21	0	6	6	485.500	553.450	219.450	236.450	none	0.500	none	0.500	0	11	78.750	327.200
21	0	7	1	153.350	214.900	236.450	253.450	none	0.500	none	0.500	0	11	78.750	327.200
21	0	7	2	214.900	282.500	236.450	253.450	none	0.500	none	0.500	0	11	78.750	327.200
21	0	7	3	282.500	350.100	236.450	253.450	0.500	0.500	none	0.500	0	11	78.750	327.200
21	0	7	4	350.100	417.800	236.450	253.450	none	0.500	0.500	0.500	0	11	78.750	327.200
21	0	7	5	417.800	485.500	236.450	253.450	none	0.500	none	0.500	0	11	78.750	327.200
21	0	7	6	485.500	553.450	236.450	253.450	none	0.500	none	0.500	0	11	78.750	327.200
21	0	8	0	57.850	153.350	253.450	277.950	none	0.500	0.500	0.500	0	11	78.750	327.200
21	0	8	1	153.350	214.900	253.450	277.950	none	0.500	none	0.500	0	11	78.750	327.200
21	0	8	2	214.900	282.500	253.450	277.950	none	0.500	none	0.500	0	11	78.750	327.200
21	0	8	3	282.500	350.100	253.450	277.950	0.500	0.500	none	0.500	0	11	78.750	327.200
21	0	8	4	350.100	417.800	253.450	277.950	none	0.500	0.500	0.500	0	11	78.750	327.200
21	0	8	5	417.800	553.450	253.450	277.950	0.500	none	none	none	0	11	78.750	327.200
21	0	9	0	57.850	153.350	277.950	302.450	0.500	0.500	0.500	0.500	0	11	78.750	327.200
21	0	9	1	153.350	214.900	277.950	302.450	0.500	0.500	none	0.500	0	11	78.750	327.200
21	0	9	2	214.900	282.500	277.950	302.450	0.500	0.500	none	0.500	0	11	78.750	327.200
21	0	9	3	282.500	350.100	277.950	302.450	0.500	0.500	none	0.500	0	11	78.750	327.200
21	0	9	4	350.100	417.800	277.950	302.450	0.500	0.500	0.500	0.500	0	11	78.750	327.200
21	0	9	5	417.800	485.500	277.950	302.450	none	none	none	none	0	11	78.750	327.200
21	0	9	6	485.500	553.450	277.950	302.450	none	none	none	none	0	11	78.750	327.200
21	0	10	0	57.850	153.350	302.450	326.950	0.500	0.500	0.500	0.500	0	11	78.750	327.200
21	0	10	1	153.350	214.900	302.450	326.950	0.500	0.500	none	0.500	0	11	78.750	327.200
21	0	10	2	214.900	282.500	302.450	326.950	0.500	0.500	none	0.500	0	11	78.750	327.200
21	0	10	3	282.500	350.100	302.450	326.950	0.500	0.500	none	0.500	0	11	78.750	327.200
21	0	10	4	350.100	417.800	302.450	326.950	0.500	0.500	0.500	0.500	0	11	78.750	327.200
21	0	10	5	417.800	553.450	302.450	326.950	none	0.500	none	none	0	11	78.750	327.200
22	0	0	0	57.850	143.750	79.000	134.450	0.500	none	0.500	0.500	0	11	78.750	325.575
22	0	0	1	143.750	205.300	79.000	134.450	0.500	0.500	none	0.500	0	11	78.750	325.575
22	0	0	2	205.300	260.050	79.000	134.450	0.500	0.500	none	none	0	11	78.750	325.575
22	0	0	3	260.050	315.050	79.000	134.450	0.500	0.500	0.500	0.500	0	11	78.750	325.575
22	0	0	4	315.050	369.850	79.000	134.450	0.500	0.500	0.500	none	0	11	78.750	325.575
22	0	0	5	369.850	424.650	79.000	134.450	0.500	0.500	0.500	none	0	11	78.750	325.575
22	0	0	6	424.650	479.450	79.000	134.450	0.500	0.500	0.500	none	0	11	78.750	325.575
22	0	0	7	479.450	534.250	79.000	134.450	0.500	0.500	0.500	none	0	11	78.750	325.575
22	0	0	8	534.250	589.150	79.000	134.450	0.500	0.500	0.500	none	0	11	78.750	325.575
22	0	0	9	589.150	643.950	79.000	134.450	0.500	0.500	0.500	0.500	0	11	78.750	325.575
22	0	0	10	643.950	699.550	79.000	134.450	0.500	0.500	0.500	0.500	0	11	78.750	325.575
22	0	0	11	699.550	734.650	79.000	134.450	0.500	none	none	0.500	0	11	78.750	325.575
22	0	1	0	57.850	143.750	134.450	185.200	0.500	0.500	0.500	0.500	0	11	78.750	325.575
22	0	1	1	143.750	205.300	134.450	151.450	none	0.500	none	0.500	0	11	78.750	325.575
22	0	1	2	205.300	260.050	134.450	151.450	none	0.500	none	0.500	0	11	78.750	325.575
22	0	1	3	260.050	315.050	134.450	151.450	none	0.500	0.500	0.500	0	11	78.750	325.575
22	0	1	4	315.050	369.850	134.450	151.450	none	0.500	0.500	0.500	0	11	78.750	325.575
22	0	1	5	369.850	424.650	134.450	151.450	none	0.500	none	0.500	0	11	78.750	325.575
22	0	1	6	424.650	479.450	134.450	151.450	none	0.500	none	0.500	0	11	78.750	325.575
22	0	1	7	479.450	534.250	134.450	151.450	none	0.500	0.500	0.500	0	11	78.750	325.575
22	0	1	8	534.250	589.150	134.450	151.450	none	0.500	none	0.500	0	11	78.750	325.575
22	0	1	9	589.150	643.950	134.450	151.450	0.500	0.500	none	0.500	0	11	78.750	325.575
22	0	1	10	643.950	699.550	134.450	151.450	0.500	0.500	0.500	0.500	0	11	78.750	325.575
22	0	1	11	699.550	734.650	134.450	151.450	0.500	none	none	0.500	0	11	78.750	325.575
22	0	2	1	143.750	205.300	151.450	168.450	none	0.500	none	0.500	0	11	78.750	325.575
22	0	2	2	205.300	260.050	151.450	168.450	none	0.500	none	0.500	0	11	78.750	325.575
22	0	2	3	260.050	315.050	151.450	168.450	none	0.500	0.500	0.500	0	11	78.750	325.575
22	0	2	4	315.050	369.850	151.450	168.450	none	0.500	0.500	0.500	0	11	78.750	325.575
22	0	2	5	369.850	424.650	151.450	168.450	none	0.500	none	0.500	0	11	78.750	325.575
22	0	2	6	424.650	479.450	151.450	168.450	none	0.500	none	0.500	0	11	78.750	325.575
22	0	2	7	479.450	534.250	151.450	168.450	none	0.500	0.500	0.500	0	11	78.750	325.575
22	0	2	8	534.250	589.150	151.450	168.450	none	0.500	none	0.500	0	11	78.750	325.575
22	0	2	9	589.150	643.950	151.450	168.450	0.500	0.500	none	0.500	0	11	78.750	325.575
22	0	2	10	643.950	699.550	151.450	168.450	0.500	0.500	0.500	0.500	0	11	78.750	325.575
22	0	2	11	699.550	734.650	151.450	168.450	none	none	none	0.500	0	11	78.750	325.575
22	0	3	1	143.750	205.300	168.450	185.200	none	0.500	none	0.500	0	11	78.750	325.575
22	0	3	2	205.300	260.050	168.450	185.200	none	0.500	none	0.500	0	11	78.750	325.575
22	0	3	3	260.050	315.050	168.450	185.200	none	0.500	0.500	0.500	0	11	78.750	325.575
22	0	3	4	315.050	369.850	168.450	185.200	none	0.500	0.500	0.500	0	11	78.750	325.575
22	0	3	5	369.850	424.650	168.450	185.200	none	0.500	none	0.500	0	11	78.750	325.575
22	0	3	6	424.650	479.450	168.450	185.200	none	0.500	none	0.500	0	11	78.750	325.575
22	0	3	7	479.450	534.250	168.450	185.200	none	0.500	0.500	0.500	0	11	78.750	325.575
22	0	3	8	534.250	589.150	168.450	185.200	none	0.500	none	0.500	0	11	78.750	325.575
22	0	3	9	589.150	734.650	168.450	325.450	none	0.500	none	0.500	0	11	78.750	325.575
22	0	4	0	57.850	143.750	185.200	218.700	none	0.500	0.500	0.500	0	11	78.750	325.575
22	0	4	1	143.750	205.300	185.200	201.950	none	0.500	none	0.500	0	11	78.750	325.575
22	0	4	2	205.300	260.050	185.200	201.950	none	0.500	none	0.500	0	11	78.750	325.575
22	0	4	3	260.050	315.050	185.200	201.950	none	0.500	0.500	0.500	0	11	78.750	325.575
22	0	4	4	315.050	369.850	185.200	201.950	none	0.500	0.500	0.500	0	11	78.750	325.575
22	0	4	5	369.850	424.650	185.200	201.950	none	0.500	none	0.500	0	11	78.750	325.575
22	0	4	6	424.650	479.450	185.200	201.950	none	0.500	none	0.500	0	11	78.750	325.575
22	0	4	7	479.450	534.250	185.200	201.950	none	0.500	0.500	0.500	0	11	78.750	325.575
22	0	4	8	534.250	589.150	185.200	201.950	none	0.500	none	0.500	0	11	78.750	325.575
22	0	5	1	143.750	205.300	201.950	218.700	none	0.500	none	0.500	0	11	78.750	325.575
22	0	5	2	205.300	260.050	201.950	218.700	none	0.500	none	0.500	0	11	78.750	325.575
22	0	5	3	260.050	315.050	201.950	218.700	none	0.500	0.500	0.500	0	11	78.750	325.575
22	0	5	4	315.050	369.850	201.950	218.700	none	0.500	0.500	0.500	0	11	78.750	325.575
22	0	5	5	369.850	424.650	201.950	218.700	none	0.500	none	0.500	0	11	78.750	325.575
22	0	5	6	424.650	479.450	201.950	218.700	none	0.500	none	0.500	0	11	78.750	325.575
22	0	5	7	479.450	534.250	201.950	218.700	none	0.500	0.500	0.500	0	11	78.750	325.575
22	0	5	8	534.250	589.150	201.950	218.700	none	0.500	none	0.500	0	11	78.750	325.575
22	0	6	0	57.850	143.750	218.700	252.450	none	0.500	0.500	0.500	0	11	78.750	325.575
22	0	6	1	143.750	205.300	218.700	235.450	none	0.500	none	0.500	0	11	78.750	325.575
22	0	6	2	205.300	260.050	218.700	235.450	none	0.500	none	0.500	0	11	78.750	325.575
22	0	6	3	260.050	315.050	218.700	235.450	none	0.500	0.500	0.500	0	11	78.750	325.575
22	0	6	4	315.050	369.850	218.700	235.450	none	0.500	0.500	0.500	0	11	78.750	325.575
22	0	6	5	369.850	424.650	218.700	235.450	none	0.500	none	0.500	0	11	78.750	325.575
22	0	6	6	424.650	479.450	218.700	235.450	none	0.500	none	0.500	0	11	78.750	325.575
22	0	6	7	479.450	534.250	218.700	235.450	none	0.500	0.500	0.500	0	11	78.750	325.575
22	0	6	8	534.250	589.150	218.700	235.450	none	0.500	none	0.500	0	11	78.750	325.575
22	0	7	1	143.750	205.300	235.450	252.450	none	0.500	none	0.500	0	11	78.750	325.575
22	0	7	2	205.300	260.050	235.450	252.450	none	0.500	none	0.500	0	11	78.750	325.575
22	0	7	3	260.050	315.050	235.450	252.450	none	0.500	0.500	0.500	0	11	78.750	325.575
22	0	7	4	315.050	369.850	235.450	252.450	none	0.500	0.500	0.500	0	11	78.750	325.575
22	0	7	5	369.850	424.650	235.450	252.450	none	0.500	none	0.500	0	11	78.750	325.575
22	0	7	6	424.650	479.450	235.450	252.450	none	0.500	none	0.500	0	11	78.750	325.575
22	0	7	7	479.450	534.250	235.450	252.450	0.500	0.500	0.500	0.500	0	11	78.750	325.575
22	0	7	8	534.250	589.150	235.450	252.450	0.500	0.500	none	0.500	0	11	78.750	325.575
22	0	8	0	57.850	143.750	252.450	276.950	none	0.500	0.500	0.500	0	11	78.750	325.575
22	0	8	1	143.750	205.300	252.450	276.950	none	0.500	none	0.500	0	11	78.750	325.575
22	0	8	2	205.300	260.050	252.450	276.950	none	0.500	none	0.500	0	11	78.750	325.575
22	0	8	3	260.050	315.050	252.450	276.950	none	0.500	0.500	0.500	0	11	78.750	325.575
22	0	8	4	315.050	369.850	252.450	276.950	none	0.500	0.500	0.500	0	11	78.750	325.575
22	0	8	5	369.850	424.650	252.450	276.950	none	0.500	none	0.500	0	11	78.750	325.575
22	0	8	6	424.650	479.450	252.450	276.950	none	0.500	none	0.500	0	11	78.750	325.575
22	0	8	7	479.450	589.150	252.450	325.450	0.500	0.500	0.500	none	0	11	78.750	325.575
22	0	9	0	57.850	143.750	276.950	301.200	none	0.500	0.500	0.500	0	11	78.750	325.575
22	0	9	1	143.750	205.300	276.950	301.200	none	0.500	none	0.500	0	11	78.750	325.575
22	0	9	2	205.300	260.050	276.950	301.200	none	0.500	none	0.500	0	11	78.750	325.575
22	0	9	3	260.050	315.050	276.950	301.200	none	0.500	0.500	0.500	0	11	78.750	325.575
22	0	9	4	315.050	369.850	276.950	301.200	none	0.500	0.500	0.500	0	11	78.750	325.575
22	0	9	5	369.850	424.650	276.950	301.200	none	0.500	none	0.500	0	11	78.750	325.575
22	0	9	6	424.650	479.450	276.950	301.200	none	0.500	none	0.500	0	11	78.750	325.575
22	0	10	0	57.850	143.750	301.200	325.450	none	0.500	0.500	0.500	0	11	78.750	325.575
22	0	10	1	143.750	205.300	301.200	325.450	none	0.500	none	0.500	0	11	78.750	325.575
22	0	10	2	205.300	260.050	301.200	325.450	none	0.500	none	0.500	0	11	78.750	325.575
22	0	10	3	260.050	315.050	301.200	325.450	none	0.500	0.500	0.500	0	11	78.750	325.575
22	0	10	4	315.050	369.850	301.200	325.450	none	0.500	0.500	0.500	0	11	78.750	325.575
22	0	10	5	369.850	424.650	301.200	325.450	none	0.500	none	0.500	0	11	78.750	325.575
22	0	10	6	424.650	479.450	301.200	325.450	none	0.500	none	0.500	0	11	78.750	325.575
23	0	0	0	57.850	143.750	79.000	134.450	0.500	none	0.500	0.500	0	11	78.750	325.575
23	0	0	1	143.750	205.300	79.000	134.450	0.500	0.500	none	0.500	0	11	78.750	325.575
23	0	0	2	205.300	260.050	79.000	134.450	0.500	0.500	none	none	0	11	78.750	325.575
23	0	0	3	260.050	315.050	79.000	134.450	0.500	0.500	0.500	0.500	0	11	78.750	325.575
23	0	0	4	315.050	369.850	79.000	134.450	0.500	0.500	0.500	none	0	11	78.750	325.575
23	0	0	5	369.850	424.650	79.000	134.450	0.500	0.500	0.500	none	0	11	78.750	325.575
23	0	0	6	424.650	479.450	79.000	134.450	0.500	0.500	0.500	none	0	11	78.750	325.575
23	0	0	7	479.450	534.250	79.000	134.450	0.500	0.500	0.500	none	0	11	78.750	325.575
23	0	0	8	534.250	589.150	79.000	134.450	0.500	0.500	0.500	none	0	11	78.750	325.575
23	0	0	9	589.150	643.950	79.000	134.450	0.500	0.500	0.500	0.500	0	11	78.750	325.575
23	0	0	10	643.950	699.550	79.000	134.450	0.500	0.500	0.500	0.500	0	11	78.750	325.575
23	0	0	11	699.550	734.650	79.000	134.450	0.500	none	none	0.500	0	11	78.750	325.575
23	0	1	0	57.850	143.750	134.450	185.200	0.500	0.500	0.500	0.500	0	11	78.750	325.575
23	0	1	1	143.750	205.300	134.450	151.450	none	0.500	none	0.500	0	11	78.750	325.575
23	0	1	2	205.300	260.050	134.450	151.450	none	0.500	none	0.500	0	11	78.750	325.575
23	0	1	3	260.050	315.050	134.450	151.450	none	0.500	0.500	0.500	0	11	78.750	325.575
23	0	1	4	315.050	369.850	134.450	151.450	none	0.500	0.500	0.500	0	11	78.750	325.575
23	0	1	5	369.850	424.650	134.450	151.450	none	0.500	none	0.500	0	11	78.750	325.575
23	0	1	6	424.650	479.450	134.450	151.450	none	0.500	none	0.500	0	11	78.750	325.575
23	0	1	7	479.450	534.250	134.450	151.450	none	0.500	0.500	0.500	0	11	78.750	325.575
23	0	1	8	534.250	589.150	134.450	151.450	none	0.500	none	0.500	0	11	78.750	325.575
23	0	1	9	589.150	643.950	134.450	151.450	0.500	0.500	none	0.500	0	11	78.750	325.575
23	0	1	10	643.950	699.550	134.450	151.450	0.500	0.500	0.500	0.500	0	11	78.750	325.575
23	0	1	11	699.550	734.650	134.450	151.450	0.500	none	none	0.500	0	11	78.750	325.575
23	0	2	1	143.750	205.300	151.450	168.450	none	0.500	none	0.500	0	11	78.750	325.575
23	0	2	2	205.300	260.050	151.450	168.450	none	0.500	none	0.500	0	11	78.750	325.575
23	0	2	3	260.050	315.050	151.450	168.450	none	0.500	0.500	0.500	0	11	78.750	325.575
23	0	2	4	315.050	369.850	151.450	168.450	none	0.500	0.500	0.500	0	11	78.750	325.575
23	0	2	5	369.850	424.650	151.450	168.450	none	0.500	none	0.500	0	11	78.750	325.575
23	0	2	6	424.650	479.450	151.450	168.450	none	0.500	none	0.500	0	11	78.750	325.575
23	0	2	7	479.450	534.250	151.450	168.450	none	0.500	0.500	0.500	0	11	78.750	325.575
23	0	2	8	534.250	589.150	151.450	168.450	none	0.500	none	0.500	0	11	78.750	325.575
23	0	2	9	589.150	643.950	151.450	168.450	0.500	0.500	none	0.500	0	11	78.750	325.575
23	0	2	10	643.950	699.550	151.450	168.450	0.500	0.500	0.500	0.500	0	11	78.750	325.575
23	0	2	11	699.550	734.650	151.450	168.450	none	none	none	0.500	0	11	78.750	325.575
23	0	3	1	143.750	205.300	168.450	185.200	none	0.500	none	0.500	0	11	78.750	325.575
23	0	3	2	205.300	260.050	168.450	185.200	none	0.500	none	0.500	0	11	78.750	325.575
23	0	3	3	260.050	315.050	168.450	185.200	none	0.500	0.500	0.500	0	11	78.750	325.575
23	0	3	4	315.050	369.850	168.450	185.200	none	0.500	0.500	0.500	0	11	78.750	325.575
23	0	3	5	369.850	424.650	168.450	185.200	none	0.500	none	0.500	0	11	78.750	325.575
23	0	3	6	424.650	479.450	168.450	185.200	none	0.500	none	0.500	0	11	78.750	325.575
23	0	3	7	479.450	534.250	168.450	185.200	none	0.500	0.500	0.500	0	11	78.750	325.575
23	0	3	8	534.250	589.150	168.450	185.200	none	0.500	none	0.500	0	11	78.750	325.575
23	0	3	9	589.150	734.650	168.450	325.450	none	0.500	none	0.500	0	11	78.750	325.575
23	0	4	0	57.850	143.750	185.200	218.700	none	0.500	0.500	0.500	0	11	78.750	325.575
23	0	4	1	143.750	205.300	185.200	201.950	none	0.500	none	0.500	0	11	78.750	325.575
23	0	4	2	205.300	260.050	185.200	201.950	none	0.500	none	0.500	0	11	78.750	325.575
23	0	4	3	260.050	315.050	185.200	201.950	none	0.500	0.500	0.500	0	11	78.750	325.575
23	0	4	4	315.050	369.850	185.200	201.950	none	0.500	0.500	0.500	0	11	78.750	325.575
23	0	4	5	369.850	424.650	185.200	201.950	none	0.500	none	0.500	0	11	78.750	325.575
23	0	4	6	424.650	479.450	185.200	201.950	none	0.500	none	0.500	0	11	78.750	325.575
23	0	4	7	479.450	534.250	185.200	201.950	none	0.500	0.500	0.500	0	11	78.750	325.575
23	0	4	8	534.250	589.150	185.200	201.950	none	0.500	none	0.500	0	11	78.750	325.575
23	0	5	1	143.750	205.300	201.950	218.700	none	0.500	none	0.500	0	11	78.750	325.575
23	0	5	2	205.300	260.050	201.950	218.700	none	0.500	none	0.500	0	11	78.750	325.575
23	0	5	3	260.050	315.050	201.950	218.700	none	0.500	0.500	0.500	0	11	78.750	325.575
23	0	5	4	315.050	369.850	201.950	218.700	none	0.500	0.500	0.500	0	11	78.750	325.575
23	0	5	5	369.850	424.650	201.950	218.700	none	0.500	none	0.500	0	11	78.750	325.575
23	0	5	6	424.650	479.450	201.950	218.700	none	0.500	none	0.500	0	11	78.750	325.575
23	0	5	7	479.450	534.250	201.950	218.700	none	0.500	0.500	0.500	0	11	78.750	325.575
23	0	5	8	534.250	589.150	201.950	218.700	none	0.500	none	0.500	0	11	78.750	325.575
23	0	6	0	57.850	143.750	218.700	252.450	none	0.500	0.500	0.500	0	11	78.750	325.575
23	0	6	1	143.750	205.300	218.700	235.450	none	0.500	none	0.500	0	11	78.750	325.575
23	0	6	2	205.300	260.050	218.700	235.450	none	0.500	none	0.500	0	11	78.750	325.575
23	0	6	3	260.050	315.050	218.700	235.450	none	0.500	0.500	0.500	0	11	78.750	325.575
23	0	6	4	315.050	369.850	218.700	235.450	none	0.500	0.500	0.500	0	11	78.750	325.575
23	0	6	5	369.850	424.650	218.700	235.450	none	0.500	none	0.500	0	11	78.750	325.575
23	0	6	6	424.650	479.450	218.700	235.450	none	0.500	none	0.500	0	11	78.750	325.575
23	0	6	7	479.450	534.250	218.700	235.450	none	0.500	0.500	0.500	0	11	78.750	325.575
23	0	6	8	534.250	589.150	218.700	235.450	none	0.500	none	0.500	0	11	78.750	325.575
23	0	7	1	143.750	205.300	235.450	252.450	none	0.500	none	0.500	0	11	78.750	325.575
23	0	7	2	205.300	260.050	235.450	252.450	none	0.500	none	0.500	0	11	78.750	325.575
23	0	7	3	260.050	315.050	235.450	252.450	none	0.500	0.500	0.500	0	11	78.750	325.575
23	0	7	4	315.050	369.850	235.450	252.450	none	0.500	0.500	0.500	0	11	78.750	325.575
23	0	7	5	369.850	424.650	235.450	252.450	none	0.500	none	0.500	0	11	78.750	325.575
23	0	7	6	424.650	479.450	235.450	252.450	none	0.500	none	0.500	0	11	78.750	325.575
23	0	7	7	479.450	534.250	235.450	252.450	0.500	0.500	0.500	0.500	0	11	78.750	325.575
23	0	7	8	534.250	589.150	235.450	252.450	0.500	0.500	none	0.500	0	11	78.750	325.575
23	0	8	0	57.850	143.750	252.450	276.950	none	0.500	0.500	0.500	0	11	78.750	325.575
23	0	8	1	143.750	205.300	252.450	276.950	none	0.500	none	0.500	0	11	78.750	325.575
23	0	8	2	205.300	260.050	252.450	276.950	none	0.500	none	0.500	0	11	78.750	325.575
23	0	8	3	260.050	315.050	252.450	276.950	none	0.500	0.500	0.500	0	11	78.750	325.575
23	0	8	4	315.050	369.850	252.450	276.950	none	0.500	0.500	0.500	0	11	78.750	325.575
23	0	8	5	369.850	424.650	252.450	276.950	none	0.500	none	0.500	0	11	78.750	325.575
23	0	8	6	424.650	479.450	252.450	276.950	none	0.500	none	0.500	0	11	78.750	325.575
23	0	8	7	479.450	589.150	252.450	325.450	0.500	0.500	0.500	none	0	11	78.750	325.575
23	0	9	0	57.850	143.750	276.950	301.200	none	0.500	0.500	0.500	0	11	78.750	325.575
23	0	9	1	143.750	205.300	276.950	301.200	none	0.500	none	0.500	0	11	78.750	325.575
23	0	9	2	205.300	260.050	276.950	301.200	none	0.500	none	0.500	0	11	78.750	325.575
23	0	9	3	260.050	315.050	276.950	301.200	none	0.500	0.500	0.500	0	11	78.750	325.575
23	0	9	4	315.050	369.850	276.950	301.200	none	0.500	0.500	0.500	0	11	78.750	325.575
23	0	9	5	369.850	424.650	276.950	301.200	none	0.500	none	0.500	0	11	78.750	325.575
23	0	9	6	424.650	479.450	276.950	301.200	none	0.500	none	0.500	0	11	78.750	325.575
23	0	10	0	57.850	143.750	301.200	325.450	none	0.500	0.500	0.500	0	11	78.750	325.575
23	0	10	1	143.750	205.300	301.200	325.450	none	0.500	none	0.500	0	11	78.750	325.575
23	0	10	2	205.300	260.050	301.200	325.450	none	0.500	none	0.500	0	11	78.750	325.575
23	0	10	3	260.050	315.050	301.200	325.450	none	0.500	0.500	0.500	0	11	78.750	325.575
23	0	10	4	315.050	369.850	301.200	325.450	none	0.500	0.500	0.500	0	11	78.750	325.575
23	0	10	5	369.850	424.650	301.200	325.450	none	0.500	none	0.500	0	11	78.750	325.575
23	0	10	6	424.650	479.450	301.200	325.450	none	0.500	none	0.500	0	11	78.750	325.575
24	0	0	0	57.850	153.350	79.000	134.450	0.500	none	0.500	0.500	0	11	78.750	327.200
24	0	0	1	153.350	214.900	79.000	134.450	0.500	0.500	none	0.500	0	11	78.750	327.200
24	0	0	2	214.900	282.500	79.000	134.450	0.500	0.500	none	0.500	0	11	78.750	327.200
24	0	0	3	282.500	350.100	79.000	134.450	0.500	0.500	none	0.500	0	11	78.750	327.200
24	0	0	4	350.100	417.800	79.000	134.450	0.500	0.500	0.500	0.500	0	11	78.750	327.200
24	0	0	5	417.800	485.500	79.000	134.450	0.500	0.500	none	0.500	0	11	78.750	327.200
24	0	0	6	485.500	553.450	79.000	134.450	0.500	0.500	none	0.500	0	11	78.750	327.200
24	0	0	7	553.450	621.150	79.000	134.450	0.500	0.500	none	0.500	0	11	78.750	327.200
24	0	0	8	621.150	688.850	79.000	134.450	0.500	0.500	0.500	0.500	0	11	78.750	327.200
24	0	0	9	688.850	734.650	79.000	134.450	0.500	0.500	none	0.500	0	11	78.750	327.200
24	0	1	0	57.850	153.350	134.450	185.450	0.500	0.500	0.500	0.500	0	11	78.750	327.200
24	0	1	1	153.350	214.900	134.450	151.450	none	0.500	none	0.500	0	11	78.750	327.200
24	0	1	2	214.900	282.500	134.450	151.450	none	0.500	none	0.500	0	11	78.750	327.200
24	0	1	3	282.500	350.100	134.450	151.450	0.500	0.500	none	0.500	0	11	78.750	327.200
24	0	1	4	350.100	417.800	134.450	151.450	none	0.500	0.500	0.500	0	11	78.750	327.200
24	0	1	5	417.800	485.500	134.450	151.450	none	0.500	none	0.500	0	11	78.750	327.200
24	0	1	6	485.500	553.450	134.450	151.450	none	0.500	none	0.500	0	11	78.750	327.200
24	0	1	7	553.450	621.150	134.450	151.450	0.500	0.500	none	0.500	0	11	78.750	327.200
24	0	1	8	621.150	688.850	134.450	151.450	0.500	0.500	0.500	0.500	0	11	78.750	327.200
24	0	1	9	688.850	734.650	134.450	151.450	none	none	none	0.500	0	11	78.750	327.200
24	0	2	1	153.350	214.900	151.450	168.450	none	0.500	none	0.500	0	11	78.750	327.200
24	0	2	2	214.900	282.500	151.450	168.450	none	0.500	none	0.500	0	11	78.750	327.200
24	0	2	3	282.500	350.100	151.450	168.450	0.500	0.500	none	0.500	0	11	78.750	327.200
24	0	2	4	350.100	417.800	151.450	168.450	none	0.500	0.500	0.500	0	11	78.750	327.200
24	0	2	5	417.800	485.500	151.450	168.450	none	0.500	none	0.500	0	11	78.750	327.200
24	0	2	6	485.500	553.450	151.450	168.450	none	0.500	none	0.500	0	11	78.750	327.200
24	0	2	7	553.450	621.150	151.450	168.450	0.500	0.500	none	0.500	0	11	78.750	327.200
24	0	2	8	621.150	688.850	151.450	168.450	0.500	0.500	0.500	0.500	0	11	78.750	327.200
24	0	2	9	688.850	734.650	151.450	168.450	none	none	none	0.500	0	11	78.750	327.200
24	0	3	1	153.350	214.900	168.450	185.450	none	0.500	none	0.500	0	11	78.750	327.200
24	0	3	2	214.900	282.500	168.450	185.450	none	0.500	none	0.500	0	11	78.750	327.200
24	0	3	3	282.500	350.100	168.450	185.450	0.500	0.500	none	0.500	0	11	78.750	327.200
24	0	3	4	350.100	417.800	168.450	185.450	none	0.500	0.500	0.500	0	11	78.750	327.200
24	0	3	5	417.800	485.500	168.450	185.450	none	0.500	none	0.500	0	11	78.750	327.200
24	0	3	6	485.500	553.450	168.450	185.450	none	0.500	none	0.500	0	11	78.750	327.200
24	0	3	7	553.450	734.650	168.450	326.950	none	0.500	none	0.500	0	11	78.750	327.200
24	0	4	0	57.850	153.350	185.450	219.450	none	0.500	0.500	0.500	0	11	78.750	327.200
24	0	4	1	153.350	214.900	185.450	202.450	none	0.500	none	0.500	0	11	78.750	327.200
24	0	4	2	214.900	282.500	185.450	202.450	none	0.500	none	0.500	0	11	78.750	327.200
24	0	4	3	282.500	350.100	185.450	202.450	0.500	0.500	none	0.500	0	11	78.750	327.200
24	0	4	4	350.100	417.800	185.450	202.450	none	0.500	0.500	0.500	0	11	78.750	327.200
24	0	4	5	417.800	485.500	185.450	202.450	none	0.500	none	0.500	0	11	78.750	327.200
24	0	4	6	485.500	553.450	185.450	202.450	none	0.500	none	0.500	0	11	78.750	327.200
24	0	5	1	153.350	214.900	202.450	219.450	none	0.500	none	0.500	0	11	78.750	327.200
24	0	5	2	214.900	282.500	202.450	219.450	none	0.500	none	0.500	0	11	78.750	327.200
24	0	5	3	282.500	350.100	202.450	219.450	0.500	0.500	none	0.500	0	11	78.750	327.200
24	0	5	4	350.100	417.800	202.450	219.450	none	0.500	0.500	0.500	0	11	78.750	327.200
24	0	5	5	417.800	485.500	202.450	219.450	none	0.500	none	0.500	0	11	78.750	327.200
24	0	5	6	485.500	553.450	202.450	219.450	none	0.500	none	0.500	0	11	78.750	327.200
24	0	6	0	57.850	153.350	219.450	253.450	none	0.500	0.500	0.500	0	11	78.750	327.200
24	0	6	1	153.350	214.900	219.450	236.450	none	0.500	none	0.500	0	11	78.750	327.200
24	0	6	2	214.900	282.500	219.450	236.450	none	0.500	none	0.500	0	11	78.750	327.200
24	0	6	3	282.500	350.100	219.450	236.450	0.500	0.500	none	0.500	0	11	78.750	327.200
24	0	6	4	350.100	417.800	219.450	236.450	none	0.500	0.500	0.500	0	11	78.750	327.200
24	0	6	5	417.800	485.500	219.450	236.450	none	0.500	none	0.500	0	11	78.750	327.200
24	0	6	6	485.500	553.450	219.450	236.450	none	0.500	none	0.500	0	11	78.750	327.200
24	0	7	1	153.350	214.900	236.450	253.450	none	0.500	none	0.500	0	11	78.750	327.200
24	0	7	2	214.900	282.500	236.450	253.450	none	0.500	none	0.500	0	11	78.750	327.200
24	0	7	3	282.500	350.100	236.450	253.450	0.500	0.500	none	0.500	0	11	78.750	327.200
24	0	7	4	350.100	417.800	236.450	253.450	none	0.500	0.500	0.500	0	11	78.750	327.200
24	0	7	5	417.800	485.500	236.450	253.450	none	0.500	none	0.500	0	11	78.750	327.200
24	0	7	6	485.500	553.450	236.450	253.450	none	0.500	none	0.500	0	11	78.750	327.200
24	0	8	0	57.850	153.350	253.450	277.950	none	0.500	0.500	0.500	0	11	78.750	327.200
24	0	8	1	153.350	214.900	253.450	277.950	none	0.500	none	0.500	0	11	78.750	327.200
24	0	8	2	214.900	282.500	253.450	277.950	none	0.500	none	0.500	0	11	78.750	327.200
24	0	8	3	282.500	350.100	253.450	277.950	0.500	0.500	none	0.500	0	11	78.750	327.200
24	0	8	4	350.100	417.800	253.450	277.950	none	0.500	0.500	0.500	0	11	78.750	327.200
24	0	8	5	417.800	553.450	253.450	277.950	0.500	none	none	none	0	11	78.750	327.200
24	0	9	0	57.850	153.350	277.950	302.450	0.500	0.500	0.500	0.500	0	11	78.750	327.200
24	0	9	1	153.350	214.900	277.950	302.450	0.500	0.500	none	0.500	0	11	78.750	327.200
24	0	9	2	214.900	282.500	277.950	302.450	0.500	0.500	none	0.500	0	11	78.750	327.200
24	0	9	3	282.500	350.100	277.950	302.450	0.500	0.500	none	0.500	0	11	78.750	327.200
24	0	9	4	350.100	417.800	277.950	302.450	0.500	0.500	0.500	0.500	0	11	78.750	327.200
24	0	9	5	417.800	485.500	277.950	302.450	none	none	none	none	0	11	78.750	327.200
24	0	9	6	485.500	553.450	277.950	302.450	none	none	none	none	0	11	78.750	327.200
24	0	10	0	57.850	153.350	302.450	326.950	0.500	0.500	0.500	0.500	0	11	78.750	327.200
24	0	10	1	153.350	214.900	302.450	326.950	0.500	0.500	none	0.500	0	11	78.750	327.200
24	0	10	2	214.900	282.500	302.450	326.950	0.500	0.500	none	0.500	0	11	78.750	327.200
24	0	10	3	282.500	350.100	302.450	326.950	0.500	0.500	none	0.500	0	11	78.750	327.200
24	0	10	4	350.100	417.800	302.450	326.950	0.500	0.500	0.500	0.500	0	11	78.750	327.200
24	0	10	5	417.800	553.450	302.450	326.950	none	0.500	none	none	0	11	78.750	327.200
25	0	0	0	57.850	143.750	79.000	134.450	0.500	none	0.500	0.500	0	11	78.750	325.575
25	0	0	1	143.750	205.300	79.000	134.450	0.500	0.500	none	0.500	0	11	78.750	325.575
25	0	0	2	205.300	260.050	79.000	134.450	0.500	0.500	none	none	0	11	78.750	325.575
25	0	0	3	260.050	315.050	79.000	134.450	0.500	0.500	0.500	0.500	0	11	78.750	325.575
25	0	0	4	315.050	369.850	79.000	134.450	0.500	0.500	0.500	none	0	11	78.750	325.575
25	0	0	5	369.850	424.650	79.000	134.450	0.500	0.500	0.500	none	0	11	78.750	325.575
25	0	0	6	424.650	479.450	79.000	134.450	0.500	0.500	0.500	none	0	11	78.750	325.575
25	0	0	7	479.450	534.250	79.000	134.450	0.500	0.500	0.500	none	0	11	78.750	325.575
25	0	0	8	534.250	589.150	79.000	134.450	0.500	0.500	0.500	none	0	11	78.750	325.575
25	0	0	9	589.150	643.950	79.000	134.450	0.500	0.500	0.500	0.500	0	11	78.750	325.575
25	0	0	10	643.950	699.550	79.000	134.450	0.500	0.500	0.500	0.500	0	11	78.750	325.575
25	0	0	11	699.550	734.650	79.000	134.450	0.500	none	none	0.500	0	11	78.750	325.575
25	0	1	0	57.850	143.750	134.450	185.200	0.500	0.500	0.500	0.500	0	11	78.750	325.575
25	0	1	1	143.750	205.300	134.450	151.450	none	0.500	none	0.500	0	11	78.750	325.575
25	0	1	2	205.300	260.050	134.450	151.450	none	0.500	none	0.500	0	11	78.750	325.575
25	0	1	3	260.050	315.050	134.450	151.450	none	0.500	0.500	0.500	0	11	78.750	325.575
25	0	1	4	315.050	369.850	134.450	151.450	none	0.500	0.500	0.500	0	11	78.750	325.575
25	0	1	5	369.850	424.650	134.450	151.450	none	0.500	none	0.500	0	11	78.750	325.575
25	0	1	6	424.650	479.450	134.450	151.450	none	0.500	none	0.500	0	11	78.750	325.575
25	0	1	7	479.450	534.250	134.450	151.450	none	0.500	0.500	0.500	0	11	78.750	325.575
25	0	1	8	534.250	589.150	134.450	151.450	none	0.500	none	0.500	0	11	78.750	325.575
25	0	1	9	589.150	643.950	134.450	151.450	0.500	0.500	none	0.500	0	11	78.750	325.575
25	0	1	10	643.950	699.550	134.450	151.450	0.500	0.500	0.500	0.500	0	11	78.750	325.575
25	0	1	11	699.550	734.650	134.450	151.450	0.500	none	none	0.500	0	11	78.750	325.575
25	0	2	1	143.750	205.300	151.450	168.450	none	0.500	none	0.500	0	11	78.750	325.575
25	0	2	2	205.300	260.050	151.450	168.450	none	0.500	none	0.500	0	11	78.750	325.575
25	0	2	3	260.050	315.050	151.450	168.450	none	0.500	0.500	0.500	0	11	78.750	325.575
25	0	2	4	315.050	369.850	151.450	168.450	none	0.500	0.500	0.500	0	11	78.750	325.575
25	0	2	5	369.850	424.650	151.450	168.450	none	0.500	none	0.500	0	11	78.750	325.575
25	0	2	6	424.650	479.450	151.450	168.450	none	0.500	none	0.500	0	11	78.750	325.575
25	0	2	7	479.450	534.250	151.450	168.450	none	0.500	0.500	0.500	0	11	78.750	325.575
25	0	2	8	534.250	589.150	151.450	168.450	none	0.500	none	0.500	0	11	78.750	325.575
25	0	2	9	589.150	643.950	151.450	168.450	0.500	0.500	none	0.500	0	11	78.750	325.575
25	0	2	10	643.950	699.550	151.450	168.450	0.500	0.500	0.500	0.500	0	11	78.750	325.575
25	0	2	11	699.550	734.650	151.450	168.450	none	none	none	0.500	0	11	78.750	325.575
25	0	3	1	143.750	205.300	168.450	185.200	none	0.500	none	0.500	0	11	78.750	325.575
25	0	3	2	205.300	260.050	168.450	185.200	none	0.500	none	0.500	0	11	78.750	325.575
25	0	3	3	260.050	315.050	168.450	185.200	none	0.500	0.500	0.500	0	11	78.750	325.575
25	0	3	4	315.050	369.850	168.450	185.200	none	0.500	0.500	0.500	0	11	78.750	325.575
25	0	3	5	369.850	424.650	168.450	185.200	none	0.500	none	0.500	0	11	78.750	325.575
25	0	3	6	424.650	479.450	168.450	185.200	none	0.500	none	0.500	0	11	78.750	325.575
25	0	3	7	479.450	534.250	168.450	185.200	none	0.500	0.500	0.500	0	11	78.750	325.575
25	0	3	8	534.250	589.150	168.450	185.200	none	0.500	none	0.500	0	11	78.750	325.575
25	0	3	9	589.150	734.650	168.450	325.450	none	0.500	none	0.500	0	11	78.750	325.575
25	0	4	0	57.850	143.750	185.200	218.700	none	0.500	0.500	0.500	0	11	78.750	325.575
25	0	4	1	143.750	205.300	185.200	201.950	none	0.500	none	0.500	0	11	78.750	325.575
25	0	4	2	205.300	260.050	185.200	201.950	none	0.500	none	0.500	0	11	78.750	325.575
25	0	4	3	260.050	315.050	185.200	201.950	none	0.500	0.500	0.500	0	11	78.750	325.575
25	0	4	4	315.050	369.850	185.200	201.950	none	0.500	0.500	0.500	0	11	78.750	325.575
25	0	4	5	369.850	424.650	185.200	201.950	none	0.500	none	0.500	0	11	78.750	325.575
25	0	4	6	424.650	479.450	185.200	201.950	none	0.500	none	0.500	0	11	78.750	325.575
25	0	4	7	479.450	534.250	185.200	201.950	none	0.500	0.500	0.500	0	11	78.750	325.575
25	0	4	8	534.250	589.150	185.200	201.950	none	0.500	none	0.500	0	11	78.750	325.575
25	0	5	1	143.750	205.300	201.950	218.700	none	0.500	none	0.500	0	11	78.750	325.575
25	0	5	2	205.300	260.050	201.950	218.700	none	0.500	none	0.500	0	11	78.750	325.575
25	0	5	3	260.050	315.050	201.950	218.700	none	0.500	0.500	0.500	0	11	78.750	325.575
25	0	5	4	315.050	369.850	201.950	218.700	none	0.500	0.500	0.500	0	11	78.750	325.575
25	0	5	5	369.850	424.650	201.950	218.700	none	0.500	none	0.500	0	11	78.750	325.575
25	0	5	6	424.650	479.450	201.950	218.700	none	0.500	none	0.500	0	11	78.750	325.575
25	0	5	7	479.450	534.250	201.950	218.700	none	0.500	0.500	0.500	0	11	78.750	325.575
25	0	5	8	534.250	589.150	201.950	218.700	none	0.500	none	0.500	0	11	78.750	325.575
25	0	6	0	57.850	143.750	218.700	252.450	none	0.500	0.500	0.500	0	11	78.750	325.575
25	0	6	1	143.750	205.300	218.700	235.450	none	0.500	none	0.500	0	11	78.750	325.575
25	0	6	2	205.300	260.050	218.700	235.450	none	0.500	none	0.500	0	11	78.750	325.575
25	0	6	3	260.050	315.050	218.700	235.450	none	0.500	0.500	0.500	0	11	78.750	325.575
25	0	6	4	315.050	369.850	218.700	235.450	none	0.500	0.500	0.500	0	11	78.750	325.575
25	0	6	5	369.850	424.650	218.700	235.450	none	0.500	none	0.500	0	11	78.750	325.575
25	0	6	6	424.650	479.450	218.700	235.450	none	0.500	none	0.500	0	11	78.750	325.575
25	0	6	7	479.450	534.250	218.700	235.450	none	0.500	0.500	0.500	0	11	78.750	325.575
25	0	6	8	534.250	589.150	218.700	235.450	none	0.500	none	0.500	0	11	78.750	325.575
25	0	7	1	143.750	205.300	235.450	252.450	none	0.500	none	0.500	0	11	78.750	325.575
25	0	7	2	205.300	260.050	235.450	252.450	none	0.500	none	0.500	0	11	78.750	325.575
25	0	7	3	260.050	315.050	235.450	252.450	none	0.500	0.500	0.500	0	11	78.750	325.575
25	0	7	4	315.050	369.850	235.450	252.450	none	0.500	0.500	0.500	0	11	78.750	325.575
25	0	7	5	369.850	424.650	235.450	252.450	none	0.500	none	0.500	0	11	78.750	325.575
25	0	7	6	424.650	479.450	235.450	252.450	none	0.500	none	0.500	0	11	78.750	325.575
25	0	7	7	479.450	534.250	235.450	252.450	0.500	0.500	0.500	0.500	0	11	78.750	325.575
25	0	7	8	534.250	589.150	235.450	252.450	0.500	0.500	none	0.500	0	11	78.750	325.575
25	0	8	0	57.850	143.750	252.450	276.950	none	0.500	0.500	0.500	0	11	78.750	325.575
25	0	8	1	143.750	205.300	252.450	276.950	none	0.500	none	0.500	0	11	78.750	325.575
25	0	8	2	205.300	260.050	252.450	276.950	none	0.500	none	0.500	0	11	78.750	325.575
25	0	8	3	260.050	315.050	252.450	276.950	none	0.500	0.500	0.500	0	11	78.750	325.575
25	0	8	4	315.050	369.850	252.450	276.950	none	0.500	0.500	0.500	0	11	78.750	325.575
25	0	8	5	369.850	424.650	252.450	276.950	none	0.500	none	0.500	0	11	78.750	325.575
25	0	8	6	424.650	479.450	252.450	276.950	none	0.500	none	0.500	0	11	78.750	325.575
25	0	8	7	479.450	589.150	252.450	325.450	0.500	0.500	0.500	none	0	11	78.750	325.575
25	0	9	0	57.850	143.750	276.950	301.200	none	0.500	0.500	0.500	0	11	78.750	325.575
25	0	9	1	143.750	205.300	276.950	301.200	none	0.500	none	0.500	0	11	78.750	325.575
25	0	9	2	205.300	260.050	276.950	301.200	none	0.500	none	0.500	0	11	78.750	325.575
25	0	9	3	260.050	315.050	276.950	301.200	none	0.500	0.500	0.500	0	11	78.750	325.575
25	0	9	4	315.050	369.850	276.950	301.200	none	0.500	0.500	0.500	0	11	78.750	325.575
25	0	9	5	369.850	424.650	276.950	301.200	none	0.500	none	0.500	0	11	78.750	325.575
25	0	9	6	424.650	479.450	276.950	301.200	none	0.500	none	0.500	0	11	78.750	325.575
25	0	10	0	57.850	143.750	301.200	325.450	none	0.500	0.500	0.500	0	11	78.750	325.575
25	0	10	1	143.750	205.300	301.200	325.450	none	0.500	none	0.500	0	11	78.750	325.575
25	0	10	2	205.300	260.050	301.200	325.450	none	0.500	none	0.500	0	11	78.750	325.575
25	0	10	3	260.050	315.050	301.200	325.450	none	0.500	0.500	0.500	0	11	78.750	325.575
25	0	10	4	315.050	369.850	301.200	325.450	none	0.500	0.500	0.500	0	11	78.750	325.575
25	0	10	5	369.850	424.650	301.200	325.450	none	0.500	none	0.500	0	11	78.750	325.575
25	0	10	6	424.650	479.450	301.200	325.450	none	0.500	none	0.500	0	11	78.750	325.575
26	0	0	0	57.850	143.750	79.000	134.450	0.500	none	0.500	0.500	0	11	78.750	325.575
26	0	0	1	143.750	205.300	79.000	134.450	0.500	0.500	none	0.500	0	11	78.750	325.575
26	0	0	2	205.300	260.050	79.000	134.450	0.500	0.500	none	none	0	11	78.750	325.575
26	0	0	3	260.050	315.050	79.000	134.450	0.500	0.500	0.500	0.500	0	11	78.750	325.575
26	0	0	4	315.050	369.850	79.000	134.450	0.500	0.500	0.500	none	0	11	78.750	325.575
26	0	0	5	369.850	424.650	79.000	134.450	0.500	0.500	0.500	none	0	11	78.750	325.575
26	0	0	6	424.650	479.450	79.000	134.450	0.500	0.500	0.500	none	0	11	78.750	325.575
26	0	0	7	479.450	534.250	79.000	134.450	0.500	0.500	0.500	none	0	11	78.750	325.575
26	0	0	8	534.250	589.150	79.000	134.450	0.500	0.500	0.500	none	0	11	78.750	325.575
26	0	0	9	589.150	643.950	79.000	134.450	0.500	0.500	0.500	0.500	0	11	78.750	325.575
26	0	0	10	643.950	699.550	79.000	134.450	0.500	0.500	0.500	0.500	0	11	78.750	325.575
26	0	0	11	699.550	734.650	79.000	134.450	0.500	none	none	0.500	0	11	78.750	325.575
26	0	1	0	57.850	143.750	134.450	185.200	0.500	0.500	0.500	0.500	0	11	78.750	325.575
26	0	1	1	143.750	205.300	134.450	151.450	none	0.500	none	0.500	0	11	78.750	325.575
26	0	1	2	205.300	260.050	134.450	151.450	none	0.500	none	0.500	0	11	78.750	325.575
26	0	1	3	260.050	315.050	134.450	151.450	none	0.500	0.500	0.500	0	11	78.750	325.575
26	0	1	4	315.050	369.850	134.450	151.450	none	0.500	0.500	0.500	0	11	78.750	325.575
26	0	1	5	369.850	424.650	134.450	151.450	none	0.500	none	0.500	0	11	78.750	325.575
26	0	1	6	424.650	479.450	134.450	151.450	none	0.500	none	0.500	0	11	78.750	325.575
26	0	1	7	479.450	534.250	134.450	151.450	none	0.500	0.500	0.500	0	11	78.750	325.575
26	0	1	8	534.250	589.150	134.450	151.450	none	0.500	none	0.500	0	11	78.750	325.575
26	0	1	9	589.150	643.950	134.450	151.450	0.500	0.500	none	0.500	0	11	78.750	325.575
26	0	1	10	643.950	699.550	134.450	151.450	0.500	0.500	0.500	0.500	0	11	78.750	325.575
26	0	1	11	699.550	734.650	134.450	151.450	0.500	none	none	0.500	0	11	78.750	325.575
26	0	2	1	143.750	205.300	151.450	168.450	none	0.500	none	0.500	0	11	78.750	325.575
26	0	2	2	205.300	260.050	151.450	168.450	none	0.500	none	0.500	0	11	78.750	325.575
26	0	2	3	260.050	315.050	151.450	168.450	none	0.500	0.500	0.500	0	11	78.750	325.575
26	0	2	4	315.050	369.850	151.450	168.450	none	0.500	0.500	0.500	0	11	78.750	325.575
26	0	2	5	369.850	424.650	151.450	168.450	none	0.500	none	0.500	0	11	78.750	325.575
26	0	2	6	424.650	479.450	151.450	168.450	none	0.500	none	0.500	0	11	78.750	325.575
26	0	2	7	479.450	534.250	151.450	168.450	none	0.500	0.500	0.500	0	11	78.750	325.575
26	0	2	8	534.250	589.150	151.450	168.450	none	0.500	none	0.500	0	11	78.750	325.575
26	0	2	9	589.150	643.950	151.450	168.450	0.500	0.500	none	0.500	0	11	78.750	325.575
26	0	2	10	643.950	699.550	151.450	168.450	0.500	0.500	0.500	0.500	0	11	78.750	325.575
26	0	2	11	699.550	734.650	151.450	168.450	none	none	none	0.500	0	11	78.750	325.575
26	0	3	1	143.750	205.300	168.450	185.200	none	0.500	none	0.500	0	11	78.750	325.575
26	0	3	2	205.300	260.050	168.450	185.200	none	0.500	none	0.500	0	11	78.750	325.575
26	0	3	3	260.050	315.050	168.450	185.200	none	0.500	0.500	0.500	0	11	78.750	325.575
26	0	3	4	315.050	369.850	168.450	185.200	none	0.500	0.500	0.500	0	11	78.750	325.575
26	0	3	5	369.850	424.650	168.450	185.200	none	0.500	none	0.500	0	11	78.750	325.575
26	0	3	6	424.650	479.450	168.450	185.200	none	0.500	none	0.500	0	11	78.750	325.575
26	0	3	7	479.450	534.250	168.450	185.200	none	0.500	0.500	0.500	0	11	78.750	325.575
26	0	3	8	534.250	589.150	168.450	185.200	none	0.500	none	0.500	0	11	78.750	325.575
26	0	3	9	589.150	734.650	168.450	325.450	none	0.500	none	0.500	0	11	78.750	325.575
26	0	4	0	57.850	143.750	185.200	218.700	none	0.500	0.500	0.500	0	11	78.750	325.575
26	0	4	1	143.750	205.300	185.200	201.950	none	0.500	none	0.500	0	11	78.750	325.575
26	0	4	2	205.300	260.050	185.200	201.950	none	0.500	none	0.500	0	11	78.750	325.575
26	0	4	3	260.050	315.050	185.200	201.950	none	0.500	0.500	0.500	0	11	78.750	325.575
26	0	4	4	315.050	369.850	185.200	201.950	none	0.500	0.500	0.500	0	11	78.750	325.575
26	0	4	5	369.850	424.650	185.200	201.950	none	0.500	none	0.500	0	11	78.750	325.575
26	0	4	6	424.650	479.450	185.200	201.950	none	0.500	none	0.500	0	11	78.750	325.575
26	0	4	7	479.450	534.250	185.200	201.950	none	0.500	0.500	0.500	0	11	78.750	325.575
26	0	4	8	534.250	589.150	185.200	201.950	none	0.500	none	0.500	0	11	78.750	325.575
26	0	5	1	143.750	205.300	201.950	218.700	none	0.500	none	0.500	0	11	78.750	325.575
26	0	5	2	205.300	260.050	201.950	218.700	none	0.500	none	0.500	0	11	78.750	325.575
26	0	5	3	260.050	315.050	201.950	218.700	none	0.500	0.500	0.500	0	11	78.750	325.575
26	0	5	4	315.050	369.850	201.950	218.700	none	0.500	0.500	0.500	0	11	78.750	325.575
26	0	5	5	369.850	424.650	201.950	218.700	none	0.500	none	0.500	0	11	78.750	325.575
26	0	5	6	424.650	479.450	201.950	218.700	none	0.500	none	0.500	0	11	78.750	325.575
26	0	5	7	479.450	534.250	201.950	218.700	none	0.500	0.500	0.500	0	11	78.750	325.575
26	0	5	8	534.250	589.150	201.950	218.700	none	0.500	none	0.500	0	11	78.750	325.575
26	0	6	0	57.850	143.750	218.700	252.450	none	0.500	0.500	0.500	0	11	78.750	325.575
26	0	6	1	143.750	205.300	218.700	235.450	none	0.500	none	0.500	0	11	78.750	325.575
26	0	6	2	205.300	260.050	218.700	235.450	none	0.500	none	0.500	0	11	78.750	325.575
26	0	6	3	260.050	315.050	218.700	235.450	none	0.500	0.500	0.500	0	11	78.750	325.575
26	0	6	4	315.050	369.850	218.700	235.450	none	0.500	0.500	0.500	0	11	78.750	325.575
26	0	6	5	369.850	424.650	218.700	235.450	none	0.500	none	0.500	0	11	78.750	325.575
26	0	6	6	424.650	479.450	218.700	235.450	none	0.500	none	0.500	0	11	78.750	325.575
26	0	6	7	479.450	534.250	218.700	235.450	none	0.500	0.500	0.500	0	11	78.750	325.575
26	0	6	8	534.250	589.150	218.700	235.450	none	0.500	none	0.500	0	11	78.750	325.575
26	0	7	1	143.750	205.300	235.450	252.450	none	0.500	none	0.500	0	11	78.750	325.575
26	0	7	2	205.300	260.050	235.450	252.450	none	0.500	none	0.500	0	11	78.750	325.575
26	0	7	3	260.050	315.050	235.450	252.450	none	0.500	0.500	0.500	0	11	78.750	325.575
26	0	7	4	315.050	369.850	235.450	252.450	none	0.500	0.500	0.500	0	11	78.750	325.575
26	0	7	5	369.850	424.650	235.450	252.450	none	0.500	none	0.500	0	11	78.750	325.575
26	0	7	6	424.650	479.450	235.450	252.450	none	0.500	none	0.500	0	11	78.750	325.575
26	0	7	7	479.450	534.250	235.450	252.450	0.500	0.500	0.500	0.500	0	11	78.750	325.575
26	0	7	8	534.250	589.150	235.450	252.450	0.500	0.500	none	0.500	0	11	78.750	325.575
26	0	8	0	57.850	143.750	252.450	276.950	none	0.500	0.500	0.500	0	11	78.750	325.575
26	0	8	1	143.750	205.300	252.450	276.950	none	0.500	none	0.500	0	11	78.750	325.575
26	0	8	2	205.300	260.050	252.450	276.950	none	0.500	none	0.500	0	11	78.750	325.575
26	0	8	3	260.050	315.050	252.450	276.950	none	0.500	0.500	0.500	0	11	78.750	325.575
26	0	8	4	315.050	369.850	252.450	276.950	none	0.500	0.500	0.500	0	11	78.750	325.575
26	0	8	5	369.850	424.650	252.450	276.950	none	0.500	none	0.500	0	11	78.750	325.575
26	0	8	6	424.650	479.450	252.450	276.950	none	0.500	none	0.500	0	11	78.750	325.575
26	0	8	7	479.450	589.150	252.450	325.450	0.500	0.500	0.500	none	0	11	78.750	325.575
26	0	9	0	57.850	143.750	276.950	301.200	none	0.500	0.500	0.500	0	11	78.750	325.575
26	0	9	1	143.750	205.300	276.950	301.200	none	0.500	none	0.500	0	11	78.750	325.575
26	0	9	2	205.300	260.050	276.950	301.200	none	0.500	none	0.500	0	11	78.750	325.575
26	0	9	3	260.050	315.050	276.950	301.200	none	0.500	0.500	0.500	0	11	78.750	325.575
26	0	9	4	315.050	369.850	276.950	301.200	none	0.500	0.500	0.500	0	11	78.750	325.575
26	0	9	5	369.850	424.650	276.950	301.200	none	0.500	none	0.500	0	11	78.750	325.575
26	0	9	6	424.650	479.450	276.950	301.200	none	0.500	none	0.500	0	11	78.750	325.575
26	0	10	0	57.850	143.750	301.200	325.450	none	0.500	0.500	0.500	0	11	78.750	325.575
26	0	10	1	143.750	205.300	301.200	325.450	none	0.500	none	0.500	0	11	78.750	325.575
26	0	10	2	205.300	260.050	301.200	325.450	none	0.500	none	0.500	0	11	78.750	325.575
26	0	10	3	260.050	315.050	301.200	325.450	none	0.500	0.500	0.500	0	11	78.750	325.575
26	0	10	4	315.050	369.850	301.200	325.450	none	0.500	0.500	0.500	0	11	78.750	325.575
26	0	10	5	369.850	424.650	301.200	325.450	none	0.500	none	0.500	0	11	78.750	325.575
26	0	10	6	424.650	479.450	301.200	325.450	none	0.500	none	0.500	0	11	78.750	325.575
28	0	0	0	57.850	143.750	94.150	149.600	0.500	none	0.500	0.500	0	7	93.900	258.600
28	0	0	1	143.750	205.300	94.150	149.600	0.500	0.500	none	0.500	0	7	93.900	258.600
28	0	0	2	205.300	260.050	94.150	149.600	0.500	0.500	none	none	0	7	93.900	258.600
28	0	0	3	260.050	315.050	94.150	149.600	0.500	0.500	0.500	0.500	0	7	93.900	258.600
28	0	0	4	315.050	369.850	94.150	149.600	0.500	0.500	0.500	none	0	7	93.900	258.600
28	0	0	5	369.850	424.650	94.150	149.600	0.500	0.500	0.500	none	0	7	93.900	258.600
28	0	0	6	424.650	479.450	94.150	149.600	0.500	0.500	0.500	none	0	7	93.900	258.600
28	0	0	7	479.450	534.250	94.150	149.600	0.500	0.500	0.500	none	0	7	93.900	258.600
28	0	0	8	534.250	589.150	94.150	149.600	0.500	0.500	0.500	none	0	7	93.900	258.600
28	0	0	9	589.150	643.950	94.150	149.600	0.500	0.500	0.500	0.500	0	7	93.900	258.600
28	0	0	10	643.950	699.550	94.150	149.600	0.500	0.500	0.500	0.500	0	7	93.900	258.600
28	0	0	11	699.550	734.650	94.150	149.600	0.500	none	none	0.500	0	7	93.900	258.600
28	0	1	0	57.850	143.750	149.600	200.350	0.500	0.500	0.500	0.500	0	7	93.900	258.600
28	0	1	1	143.750	205.300	149.600	166.600	none	0.500	none	0.500	0	7	93.900	258.600
28	0	1	2	205.300	260.050	149.600	166.600	none	0.500	none	0.500	0	7	93.900	258.600
28	0	1	3	260.050	315.050	149.600	166.600	none	0.500	0.500	0.500	0	7	93.900	258.600
28	0	1	4	315.050	369.850	149.600	166.600	none	0.500	0.500	0.500	0	7	93.900	258.600
28	0	1	5	369.850	424.650	149.600	166.600	none	0.500	none	0.500	0	7	93.900	258.600
28	0	1	6	424.650	479.450	149.600	166.600	none	0.500	none	0.500	0	7	93.900	258.600
28	0	1	7	479.450	534.250	149.600	166.600	none	0.500	0.500	0.500	0	7	93.900	258.600
28	0	1	8	534.250	589.150	149.600	166.600	none	0.500	none	0.500	0	7	93.900	258.600
28	0	1	9	589.150	643.950	149.600	166.600	0.500	0.500	none	0.500	0	7	93.900	258.600
28	0	1	10	643.950	699.550	149.600	166.600	0.500	0.500	0.500	0.500	0	7	93.900	258.600
28	0	1	11	699.550	734.650	149.600	166.600	0.500	none	none	0.500	0	7	93.900	258.600
28	0	2	1	143.750	205.300	166.600	183.600	none	0.500	none	0.500	0	7	93.900	258.600
28	0	2	2	205.300	260.050	166.600	183.600	none	0.500	none	0.500	0	7	93.900	258.600
28	0	2	3	260.050	315.050	166.600	183.600	none	0.500	0.500	0.500	0	7	93.900	258.600
28	0	2	4	315.050	369.850	166.600	183.600	none	0.500	0.500	0.500	0	7	93.900	258.600
28	0	2	5	369.850	424.650	166.600	183.600	none	0.500	none	0.500	0	7	93.900	258.600
28	0	2	6	424.650	479.450	166.600	183.600	none	0.500	none	0.500	0	7	93.900	258.600
28	0	2	7	479.450	534.250	166.600	183.600	none	0.500	0.500	0.500	0	7	93.900	258.600
28	0	2	8	534.250	589.150	166.600	183.600	none	0.500	none	0.500	0	7	93.900	258.600
28	0	2	9	589.150	643.950	166.600	183.600	0.500	0.500	none	0.500	0	7	93.900	258.600
28	0	2	10	643.950	699.550	166.600	183.600	0.500	0.500	0.500	0.500	0	7	93.900	258.600
28	0	2	11	699.550	734.650	166.600	183.600	none	none	none	0.500	0	7	93.900	258.600
28	0	3	1	143.750	205.300	183.600	200.350	none	0.500	none	0.500	0	7	93.900	258.600
28	0	3	2	205.300	260.050	183.600	200.350	none	0.500	none	0.500	0	7	93.900	258.600
28	0	3	3	260.050	315.050	183.600	200.350	none	0.500	0.500	0.500	0	7	93.900	258.600
28	0	3	4	315.050	369.850	183.600	200.350	none	0.500	0.500	0.500	0	7	93.900	258.600
28	0	3	5	369.850	424.650	183.600	200.350	none	0.500	none	0.500	0	7	93.900	258.600
28	0	3	6	424.650	479.450	183.600	200.350	none	0.500	none	0.500	0	7	93.900	258.600
28	0	3	7	479.450	534.250	183.600	200.350	none	0.500	0.500	0.500	0	7	93.900	258.600
28	0	3	8	534.250	589.150	183.600	200.350	none	0.500	none	0.500	0	7	93.900	258.600
28	0	3	9	589.150	734.650	183.600	258.350	none	0.500	none	0.500	0	7	93.900	258.600
28	0	4	0	57.850	143.750	200.350	233.850	none	0.500	0.500	0.500	0	7	93.900	258.600
28	0	4	1	143.750	205.300	200.350	217.100	none	0.500	none	0.500	0	7	93.900	258.600
28	0	4	2	205.300	260.050	200.350	217.100	none	0.500	none	0.500	0	7	93.900	258.600
28	0	4	3	260.050	315.050	200.350	217.100	none	0.500	0.500	0.500	0	7	93.900	258.600
28	0	4	4	315.050	369.850	200.350	217.100	none	0.500	0.500	0.500	0	7	93.900	258.600
28	0	4	5	369.850	424.650	200.350	217.100	none	0.500	none	0.500	0	7	93.900	258.600
28	0	4	6	424.650	479.450	200.350	217.100	none	0.500	none	0.500	0	7	93.900	258.600
28	0	4	7	479.450	534.250	200.350	217.100	none	0.500	0.500	0.500	0	7	93.900	258.600
28	0	4	8	534.250	589.150	200.350	217.100	none	0.500	none	0.500	0	7	93.900	258.600
28	0	5	1	143.750	205.300	217.100	233.850	none	0.500	none	0.500	0	7	93.900	258.600
28	0	5	2	205.300	260.050	217.100	233.850	none	0.500	none	0.500	0	7	93.900	258.600
28	0	5	3	260.050	315.050	217.100	233.850	none	0.500	0.500	0.500	0	7	93.900	258.600
28	0	5	4	315.050	369.850	217.100	233.850	none	0.500	0.500	0.500	0	7	93.900	258.600
28	0	5	5	369.850	424.650	217.100	233.850	none	0.500	none	0.500	0	7	93.900	258.600
28	0	5	6	424.650	479.450	217.100	233.850	none	0.500	none	0.500	0	7	93.900	258.600
28	0	5	7	479.450	534.250	217.100	233.850	none	0.500	0.500	0.500	0	7	93.900	258.600
28	0	5	8	534.250	589.150	217.100	233.850	none	0.500	none	0.500	0	7	93.900	258.600
28	0	6	0	57.850	143.750	233.850	258.350	none	0.500	0.500	0.500	0	7	93.900	258.600
28	0	6	1	143.750	205.300	233.850	258.350	none	0.500	none	0.500	0	7	93.900	258.600
28	0	6	2	205.300	260.050	233.850	258.350	none	0.500	none	0.500	0	7	93.900	258.600
28	0	6	3	260.050	315.050	233.850	258.350	none	0.500	0.500	0.500	0	7	93.900	258.600
28	0	6	4	315.050	369.850	233.850	258.350	none	0.500	0.500	0.500	0	7	93.900	258.600
28	0	6	5	369.850	424.650	233.850	258.350	none	0.500	none	0.500	0	7	93.900	258.600
28	0	6	6	424.650	479.450	233.850	258.350	none	0.500	none	0.500	0	7	93.900	258.600
28	0	6	7	479.450	589.150	233.850	258.350	0.500	0.500	0.500	none	0	7	93.900	258.600
29	0	0	0	57.850	143.750	94.150	149.600	0.500	none	0.500	0.500	0	7	93.900	258.600
29	0	0	1	143.750	205.300	94.150	149.600	0.500	0.500	none	0.500	0	7	93.900	258.600
29	0	0	2	205.300	260.050	94.150	149.600	0.500	0.500	none	none	0	7	93.900	258.600
29	0	0	3	260.050	315.050	94.150	149.600	0.500	0.500	0.500	0.500	0	7	93.900	258.600
29	0	0	4	315.050	369.850	94.150	149.600	0.500	0.500	0.500	none	0	7	93.900	258.600
29	0	0	5	369.850	424.650	94.150	149.600	0.500	0.500	0.500	none	0	7	93.900	258.600
29	0	0	6	424.650	479.450	94.150	149.600	0.500	0.500	0.500	none	0	7	93.900	258.600
29	0	0	7	479.450	534.250	94.150	149.600	0.500	0.500	0.500	none	0	7	93.900	258.600
29	0	0	8	534.250	589.150	94.150	149.600	0.500	0.500	0.500	none	0	7	93.900	258.600
29	0	0	9	589.150	643.950	94.150	149.600	0.500	0.500	0.500	0.500	0	7	93.900	258.600
29	0	0	10	643.950	699.550	94.150	149.600	0.500	0.500	0.500	0.500	0	7	93.900	258.600
29	0	0	11	699.550	734.650	94.150	149.600	0.500	none	none	0.500	0	7	93.900	258.600
29	0	1	0	57.850	143.750	149.600	200.350	0.500	0.500	0.500	0.500	0	7	93.900	258.600
29	0	1	1	143.750	205.300	149.600	166.600	none	0.500	none	0.500	0	7	93.900	258.600
29	0	1	2	205.300	260.050	149.600	166.600	none	0.500	none	0.500	0	7	93.900	258.600
29	0	1	3	260.050	315.050	149.600	166.600	none	0.500	0.500	0.500	0	7	93.900	258.600
29	0	1	4	315.050	369.850	149.600	166.600	none	0.500	0.500	0.500	0	7	93.900	258.600
29	0	1	5	369.850	424.650	149.600	166.600	none	0.500	none	0.500	0	7	93.900	258.600
29	0	1	6	424.650	479.450	149.600	166.600	none	0.500	none	0.500	0	7	93.900	258.600
29	0	1	7	479.450	534.250	149.600	166.600	none	0.500	0.500	0.500	0	7	93.900	258.600
29	0	1	8	534.250	589.150	149.600	166.600	none	0.500	none	0.500	0	7	93.900	258.600
29	0	1	9	589.150	643.950	149.600	166.600	0.500	0.500	none	0.500	0	7	93.900	258.600
29	0	1	10	643.950	699.550	149.600	166.600	0.500	0.500	0.500	0.500	0	7	93.900	258.600
29	0	1	11	699.550	734.650	149.600	166.600	0.500	none	none	0.500	0	7	93.900	258.600
29	0	2	1	143.750	205.300	166.600	183.600	none	0.500	none	0.500	0	7	93.900	258.600
29	0	2	2	205.300	260.050	166.600	183.600	none	0.500	none	0.500	0	7	93.900	258.600
29	0	2	3	260.050	315.050	166.600	183.600	none	0.500	0.500	0.500	0	7	93.900	258.600
29	0	2	4	315.050	369.850	166.600	183.600	none	0.500	0.500	0.500	0	7	93.900	258.600
29	0	2	5	369.850	424.650	166.600	183.600	none	0.500	none	0.500	0	7	93.900	258.600
29	0	2	6	424.650	479.450	166.600	183.600	none	0.500	none	0.500	0	7	93.900	258.600
29	0	2	7	479.450	534.250	166.600	183.600	none	0.500	0.500	0.500	0	7	93.900	258.600
29	0	2	8	534.250	589.150	166.600	183.600	none	0.500	none	0.500	0	7	93.900	258.600
29	0	2	9	589.150	643.950	166.600	183.600	0.500	0.500	none	0.500	0	7	93.900	258.600
29	0	2	10	643.950	699.550	166.600	183.600	0.500	0.500	0.500	0.500	0	7	93.900	258.600
29	0	2	11	699.550	734.650	166.600	183.600	none	none	none	0.500	0	7	93.900	258.600
29	0	3	1	143.750	205.300	183.600	200.350	none	0.500	none	0.500	0	7	93.900	258.600
29	0	3	2	205.300	260.050	183.600	200.350	none	0.500	none	0.500	0	7	93.900	258.600
29	0	3	3	260.050	315.050	183.600	200.350	none	0.500	0.500	0.500	0	7	93.900	258.600
29	0	3	4	315.050	369.850	183.600	200.350	none	0.500	0.500	0.500	0	7	93.900	258.600
29	0	3	5	369.850	424.650	183.600	200.350	none	0.500	none	0.500	0	7	93.900	258.600
29	0	3	6	424.650	479.450	183.600	200.350	none	0.500	none	0.500	0	7	93.900	258.600
29	0	3	7	479.450	534.250	183.600	200.350	none	0.500	0.500	0.500	0	7	93.900	258.600
29	0	3	8	534.250	589.150	183.600	200.350	none	0.500	none	0.500	0	7	93.900	258.600
29	0	3	9	589.150	734.650	183.600	258.350	none	0.500	none	0.500	0	7	93.900	258.600
29	0	4	0	57.850	143.750	200.350	233.850	none	0.500	0.500	0.500	0	7	93.900	258.600
29	0	4	1	143.750	205.300	200.350	217.100	none	0.500	none	0.500	0	7	93.900	258.600
29	0	4	2	205.300	260.050	200.350	217.100	none	0.500	none	0.500	0	7	93.900	258.600
29	0	4	3	260.050	315.050	200.350	217.100	none	0.500	0.500	0.500	0	7	93.900	258.600
29	0	4	4	315.050	369.850	200.350	217.100	none	0.500	0.500	0.500	0	7	93.900	258.600
29	0	4	5	369.850	424.650	200.350	217.100	none	0.500	none	0.500	0	7	93.900	258.600
29	0	4	6	424.650	479.450	200.350	217.100	none	0.500	none	0.500	0	7	93.900	258.600
29	0	4	7	479.450	534.250	200.350	217.100	none	0.500	0.500	0.500	0	7	93.900	258.600
29	0	4	8	534.250	589.150	200.350	217.100	none	0.500	none	0.500	0	7	93.900	258.600
29	0	5	1	143.750	205.300	217.100	233.850	none	0.500	none	0.500	0	7	93.900	258.600
29	0	5	2	205.300	260.050	217.100	233.850	none	0.500	none	0.500	0	7	93.900	258.600
29	0	5	3	260.050	315.050	217.100	233.850	none	0.500	0.500	0.500	0	7	93.900	258.600
29	0	5	4	315.050	369.850	217.100	233.850	none	0.500	0.500	0.500	0	7	93.900	258.600
29	0	5	5	369.850	424.650	217.100	233.850	none	0.500	none	0.500	0	7	93.900	258.600
29	0	5	6	424.650	479.450	217.100	233.850	none	0.500	none	0.500	0	7	93.900	258.600
29	0	5	7	479.450	534.250	217.100	233.850	none	0.500	0.500	0.500	0	7	93.900	258.600
29	0	5	8	534.250	589.150	217.100	233.850	none	0.500	none	0.500	0	7	93.900	258.600
29	0	6	0	57.850	143.750	233.850	258.350	none	0.500	0.500	0.500	0	7	93.900	258.600
29	0	6	1	143.750	205.300	233.850	258.350	none	0.500	none	0.500	0	7	93.900	258.600
29	0	6	2	205.300	260.050	233.850	258.350	none	0.500	none	0.500	0	7	93.900	258.600
29	0	6	3	260.050	315.050	233.850	258.350	none	0.500	0.500	0.500	0	7	93.900	258.600
29	0	6	4	315.050	369.850	233.850	258.350	none	0.500	0.500	0.500	0	7	93.900	258.600
29	0	6	5	369.850	424.650	233.850	258.350	none	0.500	none	0.500	0	7	93.900	258.600
29	0	6	6	424.650	479.450	233.850	258.350	none	0.500	none	0.500	0	7	93.900	258.600
29	0	6	7	479.450	589.150	233.850	258.350	0.500	0.500	0.500	none	0	7	93.900	258.600
30	0	0	0	57.850	143.750	94.150	149.600	0.500	none	0.500	0.500	0	8	93.900	283.100
30	0	0	1	143.750	205.300	94.150	149.600	0.500	0.500	none	0.500	0	8	93.900	283.100
30	0	0	2	205.300	260.050	94.150	149.600	0.500	0.500	none	none	0	8	93.900	283.100
30	0	0	3	260.050	315.050	94.150	149.600	0.500	0.500	0.500	0.500	0	8	93.900	283.100
30	0	0	4	315.050	369.850	94.150	149.600	0.500	0.500	0.500	none	0	8	93.900	283.100
30	0	0	5	369.850	424.650	94.150	149.600	0.500	0.500	0.500	none	0	8	93.900	283.100
30	0	0	6	424.650	479.450	94.150	149.600	0.500	0.500	0.500	none	0	8	93.900	283.100
30	0	0	7	479.450	534.250	94.150	149.600	0.500	0.500	0.500	none	0	8	93.900	283.100
30	0	0	8	534.250	589.150	94.150	149.600	0.500	0.500	0.500	none	0	8	93.900	283.100
30	0	0	9	589.150	643.950	94.150	149.600	0.500	0.500	0.500	0.500	0	8	93.900	283.100
30	0	0	10	643.950	699.550	94.150	149.600	0.500	0.500	0.500	0.500	0	8	93.900	283.100
30	0	0	11	699.550	734.650	94.150	149.600	0.500	none	none	0.500	0	8	93.900	283.100
30	0	1	0	57.850	143.750	149.600	200.350	0.500	0.500	0.500	0.500	0	8	93.900	283.100
30	0	1	1	143.750	205.300	149.600	166.600	none	0.500	none	0.500	0	8	93.900	283.100
30	0	1	2	205.300	260.050	149.600	166.600	none	0.500	none	0.500	0	8	93.900	283.100
30	0	1	3	260.050	315.050	149.600	166.600	none	0.500	0.500	0.500	0	8	93.900	283.100
30	0	1	4	315.050	369.850	149.600	166.600	none	0.500	0.500	0.500	0	8	93.900	283.100
30	0	1	5	369.850	424.650	149.600	166.600	none	0.500	none	0.500	0	8	93.900	283.100
30	0	1	6	424.650	479.450	149.600	166.600	none	0.500	none	0.500	0	8	93.900	283.100
30	0	1	7	479.450	534.250	149.600	166.600	none	0.500	0.500	0.500	0	8	93.900	283.100
30	0	1	8	534.250	589.150	149.600	166.600	none	0.500	none	0.500	0	8	93.900	283.100
30	0	1	9	589.150	643.950	149.600	166.600	0.500	0.500	none	0.500	0	8	93.900	283.100
30	0	1	10	643.950	699.550	149.600	166.600	0.500	0.500	0.500	0.500	0	8	93.900	283.100
30	0	1	11	699.550	734.650	149.600	166.600	0.500	none	none	0.500	0	8	93.900	283.100
30	0	2	1	143.750	205.300	166.600	183.600	none	0.500	none	0.500	0	8	93.900	283.100
30	0	2	2	205.300	260.050	166.600	183.600	none	0.500	none	0.500	0	8	93.900	283.100
30	0	2	3	260.050	315.050	166.600	183.600	none	0.500	0.500	0.500	0	8	93.900	283.100
30	0	2	4	315.050	369.850	166.600	183.600	none	0.500	0.500	0.500	0	8	93.900	283.100
30	0	2	5	369.850	424.650	166.600	183.600	none	0.500	none	0.500	0	8	93.900	283.100
30	0	2	6	424.650	479.450	166.600	183.600	none	0.500	none	0.500	0	8	93.900	283.100
30	0	2	7	479.450	534.250	166.600	183.600	none	0.500	0.500	0.500	0	8	93.900	283.100
30	0	2	8	534.250	589.150	166.600	183.600	none	0.500	none	0.500	0	8	93.900	283.100
30	0	2	9	589.150	643.950	166.600	183.600	0.500	0.500	none	0.500	0	8	93.900	283.100
30	0	2	10	643.950	699.550	166.600	183.600	0.500	0.500	0.500	0.500	0	8	93.900	283.100
30	0	2	11	699.550	734.650	166.600	183.600	none	none	none	0.500	0	8	93.900	283.100
30	0	3	1	143.750	205.300	183.600	200.350	none	0.500	none	0.500	0	8	93.900	283.100
30	0	3	2	205.300	260.050	183.600	200.350	none	0.500	none	0.500	0	8	93.900	283.100
30	0	3	3	260.050	315.050	183.600	200.350	none	0.500	0.500	0.500	0	8	93.900	283.100
30	0	3	4	315.050	369.850	183.600	200.350	none	0.500	0.500	0.500	0	8	93.900	283.100
30	0	3	5	369.850	424.650	183.600	200.350	none	0.500	none	0.500	0	8	93.900	283.100
30	0	3	6	424.650	479.450	183.600	200.350	none	0.500	none	0.500	0	8	93.900	283.100
30	0	3	7	479.450	534.250	183.600	200.350	none	0.500	0.500	0.500	0	8	93.900	283.100
30	0	3	8	534.250	589.150	183.600	200.350	none	0.500	none	0.500	0	8	93.900	283.100
30	0	3	9	589.150	734.650	183.600	282.850	none	0.500	none	0.500	0	8	93.900	283.100
30	0	4	0	57.850	143.750	200.350	233.850	none	0.500	0.500	0.500	0	8	93.900	283.100
30	0	4	1	143.750	205.300	200.350	217.100	none	0.500	none	0.500	0	8	93.900	283.100
30	0	4	2	205.300	260.050	200.350	217.100	none	0.500	none	0.500	0	8	93.900	283.100
30	0	4	3	260.050	315.050	200.350	217.100	none	0.500	0.500	0.500	0	8	93.900	283.100
30	0	4	4	315.050	369.850	200.350	217.100	none	0.500	0.500	0.500	0	8	93.900	283.100
30	0	4	5	369.850	424.650	200.350	217.100	none	0.500	none	0.500	0	8	93.900	283.100
30	0	4	6	424.650	479.450	200.350	217.100	none	0.500	none	0.500	0	8	93.900	283.100
30	0	4	7	479.450	534.250	200.350	217.100	none	0.500	0.500	0.500	0	8	93.900	283.100
30	0	4	8	534.250	589.150	200.350	217.100	none	0.500	none	0.500	0	8	93.900	283.100
30	0	5	1	143.750	205.300	217.100	233.850	none	0.500	none	0.500	0	8	93.900	283.100
30	0	5	2	205.300	260.050	217.100	233.850	none	0.500	none	0.500	0	8	93.900	283.100
30	0	5	3	260.050	315.050	217.100	233.850	none	0.500	0.500	0.500	0	8	93.900	283.100
30	0	5	4	315.050	369.850	217.100	233.850	none	0.500	0.500	0.500	0	8	93.900	283.100
30	0	5	5	369.850	424.650	217.100	233.850	none	0.500	none	0.500	0	8	93.900	283.100
30	0	5	6	424.650	479.450	217.100	233.850	none	0.500	none	0.500	0	8	93.900	283.100
30	0	5	7	479.450	534.250	217.100	233.850	none	0.500	0.500	0.500	0	8	93.900	283.100
30	0	5	8	534.250	589.150	217.100	233.850	none	0.500	none	0.500	0	8	93.900	283.100
30	0	6	0	57.850	143.750	233.850	258.350	0.500	0.500	0.500	0.500	0	8	93.900	283.100
30	0	6	1	143.750	205.300	233.850	258.350	0.500	0.500	none	0.500	0	8	93.900	283.100
30	0	6	2	205.300	260.050	233.850	258.350	0.500	0.500	none	0.500	0	8	93.900	283.100
30	0	6	3	260.050	315.050	233.850	258.350	0.500	0.500	0.500	0.500	0	8	93.900	283.100
30	0	6	4	315.050	369.850	233.850	258.350	0.500	0.500	0.500	0.500	0	8	93.900	283.100
30	0	6	5	369.850	424.650	233.850	258.350	0.500	0.500	none	0.500	0	8	93.900	283.100
30	0	6	6	424.650	479.450	233.850	258.350	0.500	0.500	none	0.500	0	8	93.900	283.100
30	0	6	7	479.450	589.150	233.850	282.850	0.500	0.500	0.500	none	0	8	93.900	283.100
30	0	7	0	57.850	143.750	258.350	282.850	0.500	0.500	0.500	0.500	0	8	93.900	283.100
30	0	7	1	143.750	205.300	258.350	282.850	0.500	0.500	none	0.500	0	8	93.900	283.100
30	0	7	2	205.300	260.050	258.350	282.850	0.500	0.500	none	0.500	0	8	93.900	283.100
30	0	7	3	260.050	315.050	258.350	282.850	0.500	0.500	0.500	0.500	0	8	93.900	283.100
30	0	7	4	315.050	369.850	258.350	282.850	0.500	0.500	0.500	0.500	0	8	93.900	283.100
30	0	7	5	369.850	424.650	258.350	282.850	0.500	0.500	none	0.500	0	8	93.900	283.100
30	0	7	6	424.650	479.450	258.350	282.850	0.500	0.500	none	0.500	0	8	93.900	283.100
32	0	0	0	57.850	143.750	79.000	134.450	0.500	none	0.500	0.500	0	11	78.750	325.575
32	0	0	1	143.750	205.300	79.000	134.450	0.500	0.500	none	0.500	0	11	78.750	325.575
32	0	0	2	205.300	260.050	79.000	134.450	0.500	0.500	none	none	0	11	78.750	325.575
32	0	0	3	260.050	315.050	79.000	134.450	0.500	0.500	0.500	0.500	0	11	78.750	325.575
32	0	0	4	315.050	369.850	79.000	134.450	0.500	0.500	0.500	none	0	11	78.750	325.575
32	0	0	5	369.850	424.650	79.000	134.450	0.500	0.500	0.500	none	0	11	78.750	325.575
32	0	0	6	424.650	479.450	79.000	134.450	0.500	0.500	0.500	none	0	11	78.750	325.575
32	0	0	7	479.450	534.250	79.000	134.450	0.500	0.500	0.500	none	0	11	78.750	325.575
32	0	0	8	534.250	589.150	79.000	134.450	0.500	0.500	0.500	none	0	11	78.750	325.575
32	0	0	9	589.150	643.950	79.000	134.450	0.500	0.500	0.500	0.500	0	11	78.750	325.575
32	0	0	10	643.950	699.550	79.000	134.450	0.500	0.500	0.500	0.500	0	11	78.750	325.575
32	0	0	11	699.550	734.650	79.000	134.450	0.500	none	none	0.500	0	11	78.750	325.575
32	0	1	0	57.850	143.750	134.450	185.200	0.500	0.500	0.500	0.500	0	11	78.750	325.575
32	0	1	1	143.750	205.300	134.450	151.450	none	0.500	none	0.500	0	11	78.750	325.575
32	0	1	2	205.300	260.050	134.450	151.450	none	0.500	none	0.500	0	11	78.750	325.575
32	0	1	3	260.050	315.050	134.450	151.450	none	0.500	0.500	0.500	0	11	78.750	325.575
32	0	1	4	315.050	369.850	134.450	151.450	none	0.500	0.500	0.500	0	11	78.750	325.575
32	0	1	5	369.850	424.650	134.450	151.450	none	0.500	none	0.500	0	11	78.750	325.575
32	0	1	6	424.650	479.450	134.450	151.450	none	0.500	none	0.500	0	11	78.750	325.575
32	0	1	7	479.450	534.250	134.450	151.450	none	0.500	0.500	0.500	0	11	78.750	325.575
32	0	1	8	534.250	589.150	134.450	151.450	none	0.500	none	0.500	0	11	78.750	325.575
32	0	1	9	589.150	643.950	134.450	151.450	0.500	0.500	none	0.500	0	11	78.750	325.575
32	0	1	10	643.950	699.550	134.450	151.450	0.500	0.500	0.500	0.500	0	11	78.750	325.575
32	0	1	11	699.550	734.650	134.450	151.450	0.500	none	none	0.500	0	11	78.750	325.575
32	0	2	1	143.750	205.300	151.450	168.450	none	0.500	none	0.500	0	11	78.750	325.575
32	0	2	2	205.300	260.050	151.450	168.450	none	0.500	none	0.500	0	11	78.750	325.575
32	0	2	3	260.050	315.050	151.450	168.450	none	0.500	0.500	0.500	0	11	78.750	325.575
32	0	2	4	315.050	369.850	151.450	168.450	none	0.500	0.500	0.500	0	11	78.750	325.575
32	0	2	5	369.850	424.650	151.450	168.450	none	0.500	none	0.500	0	11	78.750	325.575
32	0	2	6	424.650	479.450	151.450	168.450	none	0.500	none	0.500	0	11	78.750	325.575
32	0	2	7	479.450	534.250	151.450	168.450	none	0.500	0.500	0.500	0	11	78.750	325.575
32	0	2	8	534.250	589.150	151.450	168.450	none	0.500	none	0.500	0	11	78.750	325.575
32	0	2	9	589.150	643.950	151.450	168.450	0.500	0.500	none	0.500	0	11	78.750	325.575
32	0	2	10	643.950	699.550	151.450	168.450	0.500	0.500	0.500	0.500	0	11	78.750	325.575
32	0	2	11	699.550	734.650	151.450	168.450	none	none	none	0.500	0	11	78.750	325.575
32	0	3	1	143.750	205.300	168.450	185.200	none	0.500	none	0.500	0	11	78.750	325.575
32	0	3	2	205.300	260.050	168.450	185.200	none	0.500	none	0.500	0	11	78.750	325.575
32	0	3	3	260.050	315.050	168.450	185.200	none	0.500	0.500	0.500	0	11	78.750	325.575
32	0	3	4	315.050	369.850	168.450	185.200	none	0.500	0.500	0.500	0	11	78.750	325.575
32	0	3	5	369.850	424.650	168.450	185.200	none	0.500	none	0.500	0	11	78.750	325.575
32	0	3	6	424.650	479.450	168.450	185.200	none	0.500	none	0.500	0	11	78.750	325.575
32	0	3	7	479.450	534.250	168.450	185.200	none	0.500	0.500	0.500	0	11	78.750	325.575
32	0	3	8	534.250	589.150	168.450	185.200	none	0.500	none	0.500	0	11	78.750	325.575
32	0	3	9	589.150	734.650	168.450	325.450	none	0.500	none	0.500	0	11	78.750	325.575
32	0	4	0	57.850	143.750	185.200	218.700	none	0.500	0.500	0.500	0	11	78.750	325.575
32	0	4	1	143.750	205.300	185.200	201.950	none	0.500	none	0.500	0	11	78.750	325.575
32	0	4	2	205.300	260.050	185.200	201.950	none	0.500	none	0.500	0	11	78.750	325.575
32	0	4	3	260.050	315.050	185.200	201.950	none	0.500	0.500	0.500	0	11	78.750	325.575
32	0	4	4	315.050	369.850	185.200	201.950	none	0.500	0.500	0.500	0	11	78.750	325.575
32	0	4	5	369.850	424.650	185.200	201.950	none	0.500	none	0.500	0	11	78.750	325.575
32	0	4	6	424.650	479.450	185.200	201.950	none	0.500	none	0.500	0	11	78.750	325.575
32	0	4	7	479.450	534.250	185.200	201.950	none	0.500	0.500	0.500	0	11	78.750	325.575
32	0	4	8	534.250	589.150	185.200	201.950	none	0.500	none	0.500	0	11	78.750	325.575
32	0	5	1	143.750	205.300	201.950	218.700	none	0.500	none	0.500	0	11	78.750	325.575
32	0	5	2	205.300	260.050	201.950	218.700	none	0.500	none	0.500	0	11	78.750	325.575
32	0	5	3	260.050	315.050	201.950	218.700	none	0.500	0.500	0.500	0	11	78.750	325.575
32	0	5	4	315.050	369.850	201.950	218.700	none	0.500	0.500	0.500	0	11	78.750	325.575
32	0	5	5	369.850	424.650	201.950	218.700	none	0.500	none	0.500	0	11	78.750	325.575
32	0	5	6	424.650	479.450	201.950	218.700	none	0.500	none	0.500	0	11	78.750	325.575
32	0	5	7	479.450	534.250	201.950	218.700	none	0.500	0.500	0.500	0	11	78.750	325.575
32	0	5	8	534.250	589.150	201.950	218.700	none	0.500	none	0.500	0	11	78.750	325.575
32	0	6	0	57.850	143.750	218.700	252.450	none	0.500	0.500	0.500	0	11	78.750	325.575
32	0	6	1	143.750	205.300	218.700	235.450	none	0.500	none	0.500	0	11	78.750	325.575
32	0	6	2	205.300	260.050	218.700	235.450	none	0.500	none	0.500	0	11	78.750	325.575
32	0	6	3	260.050	315.050	218.700	235.450	none	0.500	0.500	0.500	0	11	78.750	325.575
32	0	6	4	315.050	369.850	218.700	235.450	none	0.500	0.500	0.500	0	11	78.750	325.575
32	0	6	5	369.850	424.650	218.700	235.450	none	0.500	none	0.500	0	11	78.750	325.575
32	0	6	6	424.650	479.450	218.700	235.450	none	0.500	none	0.500	0	11	78.750	325.575
32	0	6	7	479.450	534.250	218.700	235.450	none	0.500	0.500	0.500	0	11	78.750	325.575
32	0	6	8	534.250	589.150	218.700	235.450	none	0.500	none	0.500	0	11	78.750	325.575
32	0	7	1	143.750	205.300	235.450	252.450	none	0.500	none	0.500	0	11	78.750	325.575
32	0	7	2	205.300	260.050	235.450	252.450	none	0.500	none	0.500	0	11	78.750	325.575
32	0	7	3	260.050	315.050	235.450	252.450	none	0.500	0.500	0.500	0	11	78.750	325.575
32	0	7	4	315.050	369.850	235.450	252.450	none	0.500	0.500	0.500	0	11	78.750	325.575
32	0	7	5	369.850	424.650	235.450	252.450	none	0.500	none	0.500	0	11	78.750	325.575
32	0	7	6	424.650	479.450	235.450	252.450	none	0.500	none	0.500	0	11	78.750	325.575
32	0	7	7	479.450	534.250	235.450	252.450	0.500	0.500	0.500	0.500	0	11	78.750	325.575
32	0	7	8	534.250	589.150	235.450	252.450	0.500	0.500	none	0.500	0	11	78.750	325.575
32	0	8	0	57.850	143.750	252.450	276.950	none	0.500	0.500	0.500	0	11	78.750	325.575
32	0	8	1	143.750	205.300	252.450	276.950	none	0.500	none	0.500	0	11	78.750	325.575
32	0	8	2	205.300	260.050	252.450	276.950	none	0.500	none	0.500	0	11	78.750	325.575
32	0	8	3	260.050	315.050	252.450	276.950	none	0.500	0.500	0.500	0	11	78.750	325.575
32	0	8	4	315.050	369.850	252.450	276.950	none	0.500	0.500	0.500	0	11	78.750	325.575
32	0	8	5	369.850	424.650	252.450	276.950	none	0.500	none	0.500	0	11	78.750	325.575
32	0	8	6	424.650	479.450	252.450	276.950	none	0.500	none	0.500	0	11	78.750	325.575
32	0	8	7	479.450	589.150	252.450	325.450	0.500	0.500	0.500	none	0	11	78.750	325.575
32	0	9	0	57.850	143.750	276.950	301.200	none	0.500	0.500	0.500	0	11	78.750	325.575
32	0	9	1	143.750	205.300	276.950	301.200	none	0.500	none	0.500	0	11	78.750	325.575
32	0	9	2	205.300	260.050	276.950	301.200	none	0.500	none	0.500	0	11	78.750	325.575
32	0	9	3	260.050	315.050	276.950	301.200	none	0.500	0.500	0.500	0	11	78.750	325.575
32	0	9	4	315.050	369.850	276.950	301.200	none	0.500	0.500	0.500	0	11	78.750	325.575
32	0	9	5	369.850	424.650	276.950	301.200	none	0.500	none	0.500	0	11	78.750	325.575
32	0	9	6	424.650	479.450	276.950	301.200	none	0.500	none	0.500	0	11	78.750	325.575
32	0	10	0	57.850	143.750	301.200	325.450	none	0.500	0.500	0.500	0	11	78.750	325.575
32	0	10	1	143.750	205.300	301.200	325.450	none	0.500	none	0.500	0	11	78.750	325.575
32	0	10	2	205.300	260.050	301.200	325.450	none	0.500	none	0.500	0	11	78.750	325.575
32	0	10	3	260.050	315.050	301.200	325.450	none	0.500	0.500	0.500	0	11	78.750	325.575
32	0	10	4	315.050	369.850	301.200	325.450	none	0.500	0.500	0.500	0	11	78.750	325.575
32	0	10	5	369.850	424.650	301.200	325.450	none	0.500	none	0.500	0	11	78.750	325.575
32	0	10	6	424.650	479.450	301.200	325.450	none	0.500	none	0.500	0	11	78.750	325.575
33	0	0	0	57.850	143.750	79.000	134.450	0.500	none	0.500	0.500	0	11	78.750	325.575
33	0	0	1	143.750	205.300	79.000	134.450	0.500	0.500	none	0.500	0	11	78.750	325.575
33	0	0	2	205.300	260.050	79.000	134.450	0.500	0.500	none	none	0	11	78.750	325.575
33	0	0	3	260.050	315.050	79.000	134.450	0.500	0.500	0.500	0.500	0	11	78.750	325.575
33	0	0	4	315.050	369.850	79.000	134.450	0.500	0.500	0.500	none	0	11	78.750	325.575
33	0	0	5	369.850	424.650	79.000	134.450	0.500	0.500	0.500	none	0	11	78.750	325.575
33	0	0	6	424.650	479.450	79.000	134.450	0.500	0.500	0.500	none	0	11	78.750	325.575
33	0	0	7	479.450	534.250	79.000	134.450	0.500	0.500	0.500	none	0	11	78.750	325.575
33	0	0	8	534.250	589.150	79.000	134.450	0.500	0.500	0.500	none	0	11	78.750	325.575
33	0	0	9	589.150	643.950	79.000	134.450	0.500	0.500	0.500	0.500	0	11	78.750	325.575
33	0	0	10	643.950	699.550	79.000	134.450	0.500	0.500	0.500	0.500	0	11	78.750	325.575
33	0	0	11	699.550	734.650	79.000	134.450	0.500	none	none	0.500	0	11	78.750	325.575
33	0	1	0	57.850	143.750	134.450	185.200	0.500	0.500	0.500	0.500	0	11	78.750	325.575
33	0	1	1	143.750	205.300	134.450	151.450	none	0.500	none	0.500	0	11	78.750	325.575
33	0	1	2	205.300	260.050	134.450	151.450	none	0.500	none	0.500	0	11	78.750	325.575
33	0	1	3	260.050	315.050	134.450	151.450	none	0.500	0.500	0.500	0	11	78.750	325.575
33	0	1	4	315.050	369.850	134.450	151.450	none	0.500	0.500	0.500	0	11	78.750	325.575
33	0	1	5	369.850	424.650	134.450	151.450	none	0.500	none	0.500	0	11	78.750	325.575
33	0	1	6	424.650	479.450	134.450	151.450	none	0.500	none	0.500	0	11	78.750	325.575
33	0	1	7	479.450	534.250	134.450	151.450	none	0.500	0.500	0.500	0	11	78.750	325.575
33	0	1	8	534.250	589.150	134.450	151.450	none	0.500	none	0.500	0	11	78.750	325.575
33	0	1	9	589.150	643.950	134.450	151.450	0.500	0.500	none	0.500	0	11	78.750	325.575
33	0	1	10	643.950	699.550	134.450	151.450	0.500	0.500	0.500	0.500	0	11	78.750	325.575
33	0	1	11	699.550	734.650	134.450	151.450	0.500	none	none	0.500	0	11	78.750	325.575
33	0	2	1	143.750	205.300	151.450	168.450	none	0.500	none	0.500	0	11	78.750	325.575
33	0	2	2	205.300	260.050	151.450	168.450	none	0.500	none	0.500	0	11	78.750	325.575
33	0	2	3	260.050	315.050	151.450	168.450	none	0.500	0.500	0.500	0	11	78.750	325.575
33	0	2	4	315.050	369.850	151.450	168.450	none	0.500	0.500	0.500	0	11	78.750	325.575
33	0	2	5	369.850	424.650	151.450	168.450	none	0.500	none	0.500	0	11	78.750	325.575
33	0	2	6	424.650	479.450	151.450	168.450	none	0.500	none	0.500	0	11	78.750	325.575
33	0	2	7	479.450	534.250	151.450	168.450	none	0.500	0.500	0.500	0	11	78.750	325.575
33	0	2	8	534.250	589.150	151.450	168.450	none	0.500	none	0.500	0	11	78.750	325.575
33	0	2	9	589.150	643.950	151.450	168.450	0.500	0.500	none	0.500	0	11	78.750	325.575
33	0	2	10	643.950	699.550	151.450	168.450	0.500	0.500	0.500	0.500	0	11	78.750	325.575
33	0	2	11	699.550	734.650	151.450	168.450	none	none	none	0.500	0	11	78.750	325.575
33	0	3	1	143.750	205.300	168.450	185.200	none	0.500	none	0.500	0	11	78.750	325.575
33	0	3	2	205.300	260.050	168.450	185.200	none	0.500	none	0.500	0	11	78.750	325.575
33	0	3	3	260.050	315.050	168.450	185.200	none	0.500	0.500	0.500	0	11	78.750	325.575
33	0	3	4	315.050	369.850	168.450	185.200	none	0.500	0.500	0.500	0	11	78.750	325.575
33	0	3	5	369.850	424.650	168.450	185.200	none	0.500	none	0.500	0	11	78.750	325.575
33	0	3	6	424.650	479.450	168.450	185.200	none	0.500	none	0.500	0	11	78.750	325.575
33	0	3	7	479.450	534.250	168.450	185.200	none	0.500	0.500	0.500	0	11	78.750	325.575
33	0	3	8	534.250	589.150	168.450	185.200	none	0.500	none	0.500	0	11	78.750	325.575
33	0	3	9	589.150	734.650	168.450	325.450	none	0.500	none	0.500	0	11	78.750	325.575
33	0	4	0	57.850	143.750	185.200	218.700	none	0.500	0.500	0.500	0	11	78.750	325.575
33	0	4	1	143.750	205.300	185.200	201.950	none	0.500	none	0.500	0	11	78.750	325.575
33	0	4	2	205.300	260.050	185.200	201.950	none	0.500	none	0.500	0	11	78.750	325.575
33	0	4	3	260.050	315.050	185.200	201.950	none	0.500	0.500	0.500	0	11	78.750	325.575
33	0	4	4	315.050	369.850	185.200	201.950	none	0.500	0.500	0.500	0	11	78.750	325.575
33	0	4	5	369.850	424.650	185.200	201.950	none	0.500	none	0.500	0	11	78.750	325.575
33	0	4	6	424.650	479.450	185.200	201.950	none	0.500	none	0.500	0	11	78.750	325.575
33	0	4	7	479.450	534.250	185.200	201.950	none	0.500	0.500	0.500	0	11	78.750	325.575
33	0	4	8	534.250	589.150	185.200	201.950	none	0.500	none	0.500	0	11	78.750	325.575
33	0	5	1	143.750	205.300	201.950	218.700	none	0.500	none	0.500	0	11	78.750	325.575
33	0	5	2	205.300	260.050	201.950	218.700	none	0.500	none	0.500	0	11	78.750	325.575
33	0	5	3	260.050	315.050	201.950	218.700	none	0.500	0.500	0.500	0	11	78.750	325.575
33	0	5	4	315.050	369.850	201.950	218.700	none	0.500	0.500	0.500	0	11	78.750	325.575
33	0	5	5	369.850	424.650	201.950	218.700	none	0.500	none	0.500	0	11	78.750	325.575
33	0	5	6	424.650	479.450	201.950	218.700	none	0.500	none	0.500	0	11	78.750	325.575
33	0	5	7	479.450	534.250	201.950	218.700	none	0.500	0.500	0.500	0	11	78.750	325.575
33	0	5	8	534.250	589.150	201.950	218.700	none	0.500	none	0.500	0	11	78.750	325.575
33	0	6	0	57.850	143.750	218.700	252.450	none	0.500	0.500	0.500	0	11	78.750	325.575
33	0	6	1	143.750	205.300	218.700	235.450	none	0.500	none	0.500	0	11	78.750	325.575
33	0	6	2	205.300	260.050	218.700	235.450	none	0.500	none	0.500	0	11	78.750	325.575
33	0	6	3	260.050	315.050	218.700	235.450	none	0.500	0.500	0.500	0	11	78.750	325.575
33	0	6	4	315.050	369.850	218.700	235.450	none	0.500	0.500	0.500	0	11	78.750	325.575
33	0	6	5	369.850	424.650	218.700	235.450	none	0.500	none	0.500	0	11	78.750	325.575
33	0	6	6	424.650	479.450	218.700	235.450	none	0.500	none	0.500	0	11	78.750	325.575
33	0	6	7	479.450	534.250	218.700	235.450	none	0.500	0.500	0.500	0	11	78.750	325.575
33	0	6	8	534.250	589.150	218.700	235.450	none	0.500	none	0.500	0	11	78.750	325.575
33	0	7	1	143.750	205.300	235.450	252.450	none	0.500	none	0.500	0	11	78.750	325.575
33	0	7	2	205.300	260.050	235.450	252.450	none	0.500	none	0.500	0	11	78.750	325.575
33	0	7	3	260.050	315.050	235.450	252.450	none	0.500	0.500	0.500	0	11	78.750	325.575
33	0	7	4	315.050	369.850	235.450	252.450	none	0.500	0.500	0.500	0	11	78.750	325.575
33	0	7	5	369.850	424.650	235.450	252.450	none	0.500	none	0.500	0	11	78.750	325.575
33	0	7	6	424.650	479.450	235.450	252.450	none	0.500	none	0.500	0	11	78.750	325.575
33	0	7	7	479.450	534.250	235.450	252.450	0.500	0.500	0.500	0.500	0	11	78.750	325.575
33	0	7	8	534.250	589.150	235.450	252.450	0.500	0.500	none	0.500	0	11	78.750	325.575
33	0	8	0	57.850	143.750	252.450	276.950	none	0.500	0.500	0.500	0	11	78.750	325.575
33	0	8	1	143.750	205.300	252.450	276.950	none	0.500	none	0.500	0	11	78.750	325.575
33	0	8	2	205.300	260.050	252.450	276.950	none	0.500	none	0.500	0	11	78.750	325.575
33	0	8	3	260.050	315.050	252.450	276.950	none	0.500	0.500	0.500	0	11	78.750	325.575
33	0	8	4	315.050	369.850	252.450	276.950	none	0.500	0.500	0.500	0	11	78.750	325.575
33	0	8	5	369.850	424.650	252.450	276.950	none	0.500	none	0.500	0	11	78.750	325.575
33	0	8	6	424.650	479.450	252.450	276.950	none	0.500	none	0.500	0	11	78.750	325.575
33	0	8	7	479.450	589.150	252.450	325.450	0.500	0.500	0.500	none	0	11	78.750	325.575
33	0	9	0	57.850	143.750	276.950	301.200	none	0.500	0.500	0.500	0	11	78.750	325.575
33	0	9	1	143.750	205.300	276.950	301.200	none	0.500	none	0.500	0	11	78.750	325.575
33	0	9	2	205.300	260.050	276.950	301.200	none	0.500	none	0.500	0	11	78.750	325.575
33	0	9	3	260.050	315.050	276.950	301.200	none	0.500	0.500	0.500	0	11	78.750	325.575
33	0	9	4	315.050	369.850	276.950	301.200	none	0.500	0.500	0.500	0	11	78.750	325.575
33	0	9	5	369.850	424.650	276.950	301.200	none	0.500	none	0.500	0	11	78.750	325.575
33	0	9	6	424.650	479.450	276.950	301.200	none	0.500	none	0.500	0	11	78.750	325.575
33	0	10	0	57.850	143.750	301.200	325.450	none	0.500	0.500	0.500	0	11	78.750	325.575
33	0	10	1	143.750	205.300	301.200	325.450	none	0.500	none	0.500	0	11	78.750	325.575
33	0	10	2	205.300	260.050	301.200	325.450	none	0.500	none	0.500	0	11	78.750	325.575
33	0	10	3	260.050	315.050	301.200	325.450	none	0.500	0.500	0.500	0	11	78.750	325.575
33	0	10	4	315.050	369.850	301.200	325.450	none	0.500	0.500	0.500	0	11	78.750	325.575
33	0	10	5	369.850	424.650	301.200	325.450	none	0.500	none	0.500	0	11	78.750	325.575
33	0	10	6	424.650	479.450	301.200	325.450	none	0.500	none	0.500	0	11	78.750	325.575
34	0	0	0	57.850	143.750	79.000	134.450	0.500	none	0.500	0.500	0	11	78.750	325.575
34	0	0	1	143.750	205.300	79.000	134.450	0.500	0.500	none	0.500	0	11	78.750	325.575
34	0	0	2	205.300	260.050	79.000	134.450	0.500	0.500	none	none	0	11	78.750	325.575
34	0	0	3	260.050	315.050	79.000	134.450	0.500	0.500	0.500	0.500	0	11	78.750	325.575
34	0	0	4	315.050	369.850	79.000	134.450	0.500	0.500	0.500	none	0	11	78.750	325.575
34	0	0	5	369.850	424.650	79.000	134.450	0.500	0.500	0.500	none	0	11	78.750	325.575
34	0	0	6	424.650	479.450	79.000	134.450	0.500	0.500	0.500	none	0	11	78.750	325.575
34	0	0	7	479.450	534.250	79.000	134.450	0.500	0.500	0.500	none	0	11	78.750	325.575
34	0	0	8	534.250	589.150	79.000	134.450	0.500	0.500	0.500	none	0	11	78.750	325.575
34	0	0	9	589.150	643.950	79.000	134.450	0.500	0.500	0.500	0.500	0	11	78.750	325.575
34	0	0	10	643.950	699.550	79.000	134.450	0.500	0.500	0.500	0.500	0	11	78.750	325.575
34	0	0	11	699.550	734.650	79.000	134.450	0.500	none	none	0.500	0	11	78.750	325.575
34	0	1	0	57.850	143.750	134.450	185.200	0.500	0.500	0.500	0.500	0	11	78.750	325.575
34	0	1	1	143.750	205.300	134.450	151.450	none	0.500	none	0.500	0	11	78.750	325.575
34	0	1	2	205.300	260.050	134.450	151.450	none	0.500	none	0.500	0	11	78.750	325.575
34	0	1	3	260.050	315.050	134.450	151.450	none	0.500	0.500	0.500	0	11	78.750	325.575
34	0	1	4	315.050	369.850	134.450	151.450	none	0.500	0.500	0.500	0	11	78.750	325.575
34	0	1	5	369.850	424.650	134.450	151.450	none	0.500	none	0.500	0	11	78.750	325.575
34	0	1	6	424.650	479.450	134.450	151.450	none	0.500	none	0.500	0	11	78.750	325.575
34	0	1	7	479.450	534.250	134.450	151.450	none	0.500	0.500	0.500	0	11	78.750	325.575
34	0	1	8	534.250	589.150	134.450	151.450	none	0.500	none	0.500	0	11	78.750	325.575
34	0	1	9	589.150	643.950	134.450	151.450	0.500	0.500	none	0.500	0	11	78.750	325.575
34	0	1	10	643.950	699.550	134.450	151.450	0.500	0.500	0.500	0.500	0	11	78.750	325.575
34	0	1	11	699.550	734.650	134.450	151.450	0.500	none	none	0.500	0	11	78.750	325.575
34	0	2	1	143.750	205.300	151.450	168.450	none	0.500	none	0.500	0	11	78.750	325.575
34	0	2	2	205.300	260.050	151.450	168.450	none	0.500	none	0.500	0	11	78.750	325.575
34	0	2	3	260.050	315.050	151.450	168.450	none	0.500	0.500	0.500	0	11	78.750	325.575
34	0	2	4	315.050	369.850	151.450	168.450	none	0.500	0.500	0.500	0	11	78.750	325.575
34	0	2	5	369.850	424.650	151.450	168.450	none	0.500	none	0.500	0	11	78.750	325.575
34	0	2	6	424.650	479.450	151.450	168.450	none	0.500	none	0.500	0	11	78.750	325.575
34	0	2	7	479.450	534.250	151.450	168.450	none	0.500	0.500	0.500	0	11	78.750	325.575
34	0	2	8	534.250	589.150	151.450	168.450	none	0.500	none	0.500	0	11	78.750	325.575
34	0	2	9	589.150	643.950	151.450	168.450	0.500	0.500	none	0.500	0	11	78.750	325.575
34	0	2	10	643.950	699.550	151.450	168.450	0.500	0.500	0.500	0.500	0	11	78.750	325.575
34	0	2	11	699.550	734.650	151.450	168.450	none	none	none	0.500	0	11	78.750	325.575
34	0	3	1	143.750	205.300	168.450	185.200	none	0.500	none	0.500	0	11	78.750	325.575
34	0	3	2	205.300	260.050	168.450	185.200	none	0.500	none	0.500	0	11	78.750	325.575
34	0	3	3	260.050	315.050	168.450	185.200	none	0.500	0.500	0.500	0	11	78.750	325.575
34	0	3	4	315.050	369.850	168.450	185.200	none	0.500	0.500	0.500	0	11	78.750	325.575
34	0	3	5	369.850	424.650	168.450	185.200	none	0.500	none	0.500	0	11	78.750	325.575
34	0	3	6	424.650	479.450	168.450	185.200	none	0.500	none	0.500	0	11	78.750	325.575
34	0	3	7	479.450	534.250	168.450	185.200	none	0.500	0.500	0.500	0	11	78.750	325.575
34	0	3	8	534.250	589.150	168.450	185.200	none	0.500	none	0.500	0	11	78.750	325.575
34	0	3	9	589.150	734.650	168.450	325.450	none	0.500	none	0.500	0	11	78.750	325.575
34	0	4	0	57.850	143.750	185.200	218.700	none	0.500	0.500	0.500	0	11	78.750	325.575
34	0	4	1	143.750	205.300	185.200	201.950	none	0.500	none	0.500	0	11	78.750	325.575
34	0	4	2	205.300	260.050	185.200	201.950	none	0.500	none	0.500	0	11	78.750	325.575
34	0	4	3	260.050	315.050	185.200	201.950	none	0.500	0.500	0.500	0	11	78.750	325.575
34	0	4	4	315.050	369.850	185.200	201.950	none	0.500	0.500	0.500	0	11	78.750	325.575
34	0	4	5	369.850	424.650	185.200	201.950	none	0.500	none	0.500	0	11	78.750	325.575
34	0	4	6	424.650	479.450	185.200	201.950	none	0.500	none	0.500	0	11	78.750	325.575
34	0	4	7	479.450	534.250	185.200	201.950	none	0.500	0.500	0.500	0	11	78.750	325.575
34	0	4	8	534.250	589.150	185.200	201.950	none	0.500	none	0.500	0	11	78.750	325.575
34	0	5	1	143.750	205.300	201.950	218.700	none	0.500	none	0.500	0	11	78.750	325.575
34	0	5	2	205.300	260.050	201.950	218.700	none	0.500	none	0.500	0	11	78.750	325.575
34	0	5	3	260.050	315.050	201.950	218.700	none	0.500	0.500	0.500	0	11	78.750	325.575
34	0	5	4	315.050	369.850	201.950	218.700	none	0.500	0.500	0.500	0	11	78.750	325.575
34	0	5	5	369.850	424.650	201.950	218.700	none	0.500	none	0.500	0	11	78.750	325.575
34	0	5	6	424.650	479.450	201.950	218.700	none	0.500	none	0.500	0	11	78.750	325.575
34	0	5	7	479.450	534.250	201.950	218.700	none	0.500	0.500	0.500	0	11	78.750	325.575
34	0	5	8	534.250	589.150	201.950	218.700	none	0.500	none	0.500	0	11	78.750	325.575
34	0	6	0	57.850	143.750	218.700	252.450	none	0.500	0.500	0.500	0	11	78.750	325.575
34	0	6	1	143.750	205.300	218.700	235.450	none	0.500	none	0.500	0	11	78.750	325.575
34	0	6	2	205.300	260.050	218.700	235.450	none	0.500	none	0.500	0	11	78.750	325.575
34	0	6	3	260.050	315.050	218.700	235.450	none	0.500	0.500	0.500	0	11	78.750	325.575
34	0	6	4	315.050	369.850	218.700	235.450	none	0.500	0.500	0.500	0	11	78.750	325.575
34	0	6	5	369.850	424.650	218.700	235.450	none	0.500	none	0.500	0	11	78.750	325.575
34	0	6	6	424.650	479.450	218.700	235.450	none	0.500	none	0.500	0	11	78.750	325.575
34	0	6	7	479.450	534.250	218.700	235.450	none	0.500	0.500	0.500	0	11	78.750	325.575
34	0	6	8	534.250	589.150	218.700	235.450	none	0.500	none	0.500	0	11	78.750	325.575
34	0	7	1	143.750	205.300	235.450	252.450	none	0.500	none	0.500	0	11	78.750	325.575
34	0	7	2	205.300	260.050	235.450	252.450	none	0.500	none	0.500	0	11	78.750	325.575
34	0	7	3	260.050	315.050	235.450	252.450	none	0.500	0.500	0.500	0	11	78.750	325.575
34	0	7	4	315.050	369.850	235.450	252.450	none	0.500	0.500	0.500	0	11	78.750	325.575
34	0	7	5	369.850	424.650	235.450	252.450	none	0.500	none	0.500	0	11	78.750	325.575
34	0	7	6	424.650	479.450	235.450	252.450	none	0.500	none	0.500	0	11	78.750	325.575
34	0	7	7	479.450	534.250	235.450	252.450	0.500	0.500	0.500	0.500	0	11	78.750	325.575
34	0	7	8	534.250	589.150	235.450	252.450	0.500	0.500	none	0.500	0	11	78.750	325.575
34	0	8	0	57.850	143.750	252.450	276.950	none	0.500	0.500	0.500	0	11	78.750	325.575
34	0	8	1	143.750	205.300	252.450	276.950	none	0.500	none	0.500	0	11	78.750	325.575
34	0	8	2	205.300	260.050	252.450	276.950	none	0.500	none	0.500	0	11	78.750	325.575
34	0	8	3	260.050	315.050	252.450	276.950	none	0.500	0.500	0.500	0	11	78.750	325.575
34	0	8	4	315.050	369.850	252.450	276.950	none	0.500	0.500	0.500	0	11	78.750	325.575
34	0	8	5	369.850	424.650	252.450	276.950	none	0.500	none	0.500	0	11	78.750	325.575
34	0	8	6	424.650	479.450	252.450	276.950	none	0.500	none	0.500	0	11	78.750	325.575
34	0	8	7	479.450	589.150	252.450	325.450	0.500	0.500	0.500	none	0	11	78.750	325.575
34	0	9	0	57.850	143.750	276.950	301.200	none	0.500	0.500	0.500	0	11	78.750	325.575
34	0	9	1	143.750	205.300	276.950	301.200	none	0.500	none	0.500	0	11	78.750	325.575
34	0	9	2	205.300	260.050	276.950	301.200	none	0.500	none	0.500	0	11	78.750	325.575
34	0	9	3	260.050	315.050	276.950	301.200	none	0.500	0.500	0.500	0	11	78.750	325.575
34	0	9	4	315.050	369.850	276.950	301.200	none	0.500	0.500	0.500	0	11	78.750	325.575
34	0	9	5	369.850	424.650	276.950	301.200	none	0.500	none	0.500	0	11	78.750	325.575
34	0	9	6	424.650	479.450	276.950	301.200	none	0.500	none	0.500	0	11	78.750	325.575
34	0	10	0	57.850	143.750	301.200	325.450	none	0.500	0.500	0.500	0	11	78.750	325.575
34	0	10	1	143.750	205.300	301.200	325.450	none	0.500	none	0.500	0	11	78.750	325.575
34	0	10	2	205.300	260.050	301.200	325.450	none	0.500	none	0.500	0	11	78.750	325.575
34	0	10	3	260.050	315.050	301.200	325.450	none	0.500	0.500	0.500	0	11	78.750	325.575
34	0	10	4	315.050	369.850	301.200	325.450	none	0.500	0.500	0.500	0	11	78.750	325.575
34	0	10	5	369.850	424.650	301.200	325.450	none	0.500	none	0.500	0	11	78.750	325.575
34	0	10	6	424.650	479.450	301.200	325.450	none	0.500	none	0.500	0	11	78.750	325.575
35	0	0	0	57.850	143.750	79.000	134.450	0.500	none	0.500	0.500	0	11	78.750	325.575
35	0	0	1	143.750	205.300	79.000	134.450	0.500	0.500	none	0.500	0	11	78.750	325.575
35	0	0	2	205.300	260.050	79.000	134.450	0.500	0.500	none	none	0	11	78.750	325.575
35	0	0	3	260.050	315.050	79.000	134.450	0.500	0.500	0.500	0.500	0	11	78.750	325.575
35	0	0	4	315.050	369.850	79.000	134.450	0.500	0.500	0.500	none	0	11	78.750	325.575
35	0	0	5	369.850	424.650	79.000	134.450	0.500	0.500	0.500	none	0	11	78.750	325.575
35	0	0	6	424.650	479.450	79.000	134.450	0.500	0.500	0.500	none	0	11	78.750	325.575
35	0	0	7	479.450	534.250	79.000	134.450	0.500	0.500	0.500	none	0	11	78.750	325.575
35	0	0	8	534.250	589.150	79.000	134.450	0.500	0.500	0.500	none	0	11	78.750	325.575
35	0	0	9	589.150	643.950	79.000	134.450	0.500	0.500	0.500	0.500	0	11	78.750	325.575
35	0	0	10	643.950	699.550	79.000	134.450	0.500	0.500	0.500	0.500	0	11	78.750	325.575
35	0	0	11	699.550	734.650	79.000	134.450	0.500	none	none	0.500	0	11	78.750	325.575
35	0	1	0	57.850	143.750	134.450	185.200	0.500	0.500	0.500	0.500	0	11	78.750	325.575
35	0	1	1	143.750	205.300	134.450	151.450	none	0.500	none	0.500	0	11	78.750	325.575
35	0	1	2	205.300	260.050	134.450	151.450	none	0.500	none	0.500	0	11	78.750	325.575
35	0	1	3	260.050	315.050	134.450	151.450	none	0.500	0.500	0.500	0	11	78.750	325.575
35	0	1	4	315.050	369.850	134.450	151.450	none	0.500	0.500	0.500	0	11	78.750	325.575
35	0	1	5	369.850	424.650	134.450	151.450	none	0.500	none	0.500	0	11	78.750	325.575
35	0	1	6	424.650	479.450	134.450	151.450	none	0.500	none	0.500	0	11	78.750	325.575
35	0	1	7	479.450	534.250	134.450	151.450	none	0.500	0.500	0.500	0	11	78.750	325.575
35	0	1	8	534.250	589.150	134.450	151.450	none	0.500	none	0.500	0	11	78.750	325.575
35	0	1	9	589.150	643.950	134.450	151.450	0.500	0.500	none	0.500	0	11	78.750	325.575
35	0	1	10	643.950	699.550	134.450	151.450	0.500	0.500	0.500	0.500	0	11	78.750	325.575
35	0	1	11	699.550	734.650	134.450	151.450	0.500	none	none	0.500	0	11	78.750	325.575
35	0	2	1	143.750	205.300	151.450	168.450	none	0.500	none	0.500	0	11	78.750	325.575
35	0	2	2	205.300	260.050	151.450	168.450	none	0.500	none	0.500	0	11	78.750	325.575
35	0	2	3	260.050	315.050	151.450	168.450	none	0.500	0.500	0.500	0	11	78.750	325.575
35	0	2	4	315.050	369.850	151.450	168.450	none	0.500	0.500	0.500	0	11	78.750	325.575
35	0	2	5	369.850	424.650	151.450	168.450	none	0.500	none	0.500	0	11	78.750	325.575
35	0	2	6	424.650	479.450	151.450	168.450	none	0.500	none	0.500	0	11	78.750	325.575
35	0	2	7	479.450	534.250	151.450	168.450	none	0.500	0.500	0.500	0	11	78.750	325.575
35	0	2	8	534.250	589.150	151.450	168.450	none	0.500	none	0.500	0	11	78.750	325.575
35	0	2	9	589.150	643.950	151.450	168.450	0.500	0.500	none	0.500	0	11	78.750	325.575
35	0	2	10	643.950	699.550	151.450	168.450	0.500	0.500	0.500	0.500	0	11	78.750	325.575
35	0	2	11	699.550	734.650	151.450	168.450	none	none	none	0.500	0	11	78.750	325.575
35	0	3	1	143.750	205.300	168.450	185.200	none	0.500	none	0.500	0	11	78.750	325.575
35	0	3	2	205.300	260.050	168.450	185.200	none	0.500	none	0.500	0	11	78.750	325.575
35	0	3	3	260.050	315.050	168.450	185.200	none	0.500	0.500	0.500	0	11	78.750	325.575
35	0	3	4	315.050	369.850	168.450	185.200	none	0.500	0.500	0.500	0	11	78.750	325.575
35	0	3	5	369.850	424.650	168.450	185.200	none	0.500	none	0.500	0	11	78.750	325.575
35	0	3	6	424.650	479.450	168.450	185.200	none	0.500	none	0.500	0	11	78.750	325.575
35	0	3	7	479.450	534.250	168.450	185.200	none	0.500	0.500	0.500	0	11	78.750	325.575
35	0	3	8	534.250	589.150	168.450	185.200	none	0.500	none	0.500	0	11	78.750	325.575
35	0	3	9	589.150	734.650	168.450	325.450	none	0.500	none	0.500	0	11	78.750	325.575
35	0	4	0	57.850	143.750	185.200	218.700	none	0.500	0.500	0.500	0	11	78.750	325.575
35	0	4	1	143.750	205.300	185.200	201.950	none	0.500	none	0.500	0	11	78.750	325.575
35	0	4	2	205.300	260.050	185.200	201.950	none	0.500	none	0.500	0	11	78.750	325.575
35	0	4	3	260.050	315.050	185.200	201.950	none	0.500	0.500	0.500	0	11	78.750	325.575
35	0	4	4	315.050	369.850	185.200	201.950	none	0.500	0.500	0.500	0	11	78.750	325.575
35	0	4	5	369.850	424.650	185.200	201.950	none	0.500	none	0.500	0	11	78.750	325.575
35	0	4	6	424.650	479.450	185.200	201.950	none	0.500	none	0.500	0	11	78.750	325.575
35	0	4	7	479.450	534.250	185.200	201.950	none	0.500	0.500	0.500	0	11	78.750	325.575
35	0	4	8	534.250	589.150	185.200	201.950	none	0.500	none	0.500	0	11	78.750	325.575
35	0	5	1	143.750	205.300	201.950	218.700	none	0.500	none	0.500	0	11	78.750	325.575
35	0	5	2	205.300	260.050	201.950	218.700	none	0.500	none	0.500	0	11	78.750	325.575
35	0	5	3	260.050	315.050	201.950	218.700	none	0.500	0.500	0.500	0	11	78.750	325.575
35	0	5	4	315.050	369.850	201.950	218.700	none	0.500	0.500	0.500	0	11	78.750	325.575
35	0	5	5	369.850	424.650	201.950	218.700	none	0.500	none	0.500	0	11	78.750	325.575
35	0	5	6	424.650	479.450	201.950	218.700	none	0.500	none	0.500	0	11	78.750	325.575
35	0	5	7	479.450	534.250	201.950	218.700	none	0.500	0.500	0.500	0	11	78.750	325.575
35	0	5	8	534.250	589.150	201.950	218.700	none	0.500	none	0.500	0	11	78.750	325.575
35	0	6	0	57.850	143.750	218.700	252.450	none	0.500	0.500	0.500	0	11	78.750	325.575
35	0	6	1	143.750	205.300	218.700	235.450	none	0.500	none	0.500	0	11	78.750	325.575
35	0	6	2	205.300	260.050	218.700	235.450	none	0.500	none	0.500	0	11	78.750	325.575
35	0	6	3	260.050	315.050	218.700	235.450	none	0.500	0.500	0.500	0	11	78.750	325.575
35	0	6	4	315.050	369.850	218.700	235.450	none	0.500	0.500	0.500	0	11	78.750	325.575
35	0	6	5	369.850	424.650	218.700	235.450	none	0.500	none	0.500	0	11	78.750	325.575
35	0	6	6	424.650	479.450	218.700	235.450	none	0.500	none	0.500	0	11	78.750	325.575
35	0	6	7	479.450	534.250	218.700	235.450	none	0.500	0.500	0.500	0	11	78.750	325.575
35	0	6	8	534.250	589.150	218.700	235.450	none	0.500	none	0.500	0	11	78.750	325.575
35	0	7	1	143.750	205.300	235.450	252.450	none	0.500	none	0.500	0	11	78.750	325.575
35	0	7	2	205.300	260.050	235.450	252.450	none	0.500	none	0.500	0	11	78.750	325.575
35	0	7	3	260.050	315.050	235.450	252.450	none	0.500	0.500	0.500	0	11	78.750	325.575
35	0	7	4	315.050	369.850	235.450	252.450	none	0.500	0.500	0.500	0	11	78.750	325.575
35	0	7	5	369.850	424.650	235.450	252.450	none	0.500	none	0.500	0	11	78.750	325.575
35	0	7	6	424.650	479.450	235.450	252.450	none	0.500	none	0.500	0	11	78.750	325.575
35	0	7	7	479.450	534.250	235.450	252.450	0.500	0.500	0.500	0.500	0	11	78.750	325.575
35	0	7	8	534.250	589.150	235.450	252.450	0.500	0.500	none	0.500	0	11	78.750	325.575
35	0	8	0	57.850	143.750	252.450	276.950	none	0.500	0.500	0.500	0	11	78.750	325.575
35	0	8	1	143.750	205.300	252.450	276.950	none	0.500	none	0.500	0	11	78.750	325.575
35	0	8	2	205.300	260.050	252.450	276.950	none	0.500	none	0.500	0	11	78.750	325.575
35	0	8	3	260.050	315.050	252.450	276.950	none	0.500	0.500	0.500	0	11	78.750	325.575
35	0	8	4	315.050	369.850	252.450	276.950	none	0.500	0.500	0.500	0	11	78.750	325.575
35	0	8	5	369.850	424.650	252.450	276.950	none	0.500	none	0.500	0	11	78.750	325.575
35	0	8	6	424.650	479.450	252.450	276.950	none	0.500	none	0.500	0	11	78.750	325.575
35	0	8	7	479.450	589.150	252.450	325.450	0.500	0.500	0.500	none	0	11	78.750	325.575
35	0	9	0	57.850	143.750	276.950	301.200	none	0.500	0.500	0.500	0	11	78.750	325.575
35	0	9	1	143.750	205.300	276.950	301.200	none	0.500	none	0.500	0	11	78.750	325.575
35	0	9	2	205.300	260.050	276.950	301.200	none	0.500	none	0.500	0	11	78.750	325.575
35	0	9	3	260.050	315.050	276.950	301.200	none	0.500	0.500	0.500	0	11	78.750	325.575
35	0	9	4	315.050	369.850	276.950	301.200	none	0.500	0.500	0.500	0	11	78.750	325.575
35	0	9	5	369.850	424.650	276.950	301.200	none	0.500	none	0.500	0	11	78.750	325.575
35	0	9	6	424.650	479.450	276.950	301.200	none	0.500	none	0.500	0	11	78.750	325.575
35	0	10	0	57.850	143.750	301.200	325.450	none	0.500	0.500	0.500	0	11	78.750	325.575
35	0	10	1	143.750	205.300	301.200	325.450	none	0.500	none	0.500	0	11	78.750	325.575
35	0	10	2	205.300	260.050	301.200	325.450	none	0.500	none	0.500	0	11	78.750	325.575
35	0	10	3	260.050	315.050	301.200	325.450	none	0.500	0.500	0.500	0	11	78.750	325.575
35	0	10	4	315.050	369.850	301.200	325.450	none	0.500	0.500	0.500	0	11	78.750	325.575
35	0	10	5	369.850	424.650	301.200	325.450	none	0.500	none	0.500	0	11	78.750	325.575
35	0	10	6	424.650	479.450	301.200	325.450	none	0.500	none	0.500	0	11	78.750	325.575
36	0	0	0	57.850	143.750	79.000	134.450	0.500	none	0.500	0.500	0	11	78.750	325.575
36	0	0	1	143.750	205.300	79.000	134.450	0.500	0.500	none	0.500	0	11	78.750	325.575
36	0	0	2	205.300	260.050	79.000	134.450	0.500	0.500	none	none	0	11	78.750	325.575
36	0	0	3	260.050	315.050	79.000	134.450	0.500	0.500	0.500	0.500	0	11	78.750	325.575
36	0	0	4	315.050	369.850	79.000	134.450	0.500	0.500	0.500	none	0	11	78.750	325.575
36	0	0	5	369.850	424.650	79.000	134.450	0.500	0.500	0.500	none	0	11	78.750	325.575
36	0	0	6	424.650	479.450	79.000	134.450	0.500	0.500	0.500	none	0	11	78.750	325.575
36	0	0	7	479.450	534.250	79.000	134.450	0.500	0.500	0.500	none	0	11	78.750	325.575
36	0	0	8	534.250	589.150	79.000	134.450	0.500	0.500	0.500	none	0	11	78.750	325.575
36	0	0	9	589.150	643.950	79.000	134.450	0.500	0.500	0.500	0.500	0	11	78.750	325.575
36	0	0	10	643.950	699.550	79.000	134.450	0.500	0.500	0.500	0.500	0	11	78.750	325.575
36	0	0	11	699.550	734.650	79.000	134.450	0.500	none	none	0.500	0	11	78.750	325.575
36	0	1	0	57.850	143.750	134.450	185.200	0.500	0.500	0.500	0.500	0	11	78.750	325.575
36	0	1	1	143.750	205.300	134.450	151.450	none	0.500	none	0.500	0	11	78.750	325.575
36	0	1	2	205.300	260.050	134.450	151.450	none	0.500	none	0.500	0	11	78.750	325.575
36	0	1	3	260.050	315.050	134.450	151.450	none	0.500	0.500	0.500	0	11	78.750	325.575
36	0	1	4	315.050	369.850	134.450	151.450	none	0.500	0.500	0.500	0	11	78.750	325.575
36	0	1	5	369.850	424.650	134.450	151.450	none	0.500	none	0.500	0	11	78.750	325.575
36	0	1	6	424.650	479.450	134.450	151.450	none	0.500	none	0.500	0	11	78.750	325.575
36	0	1	7	479.450	534.250	134.450	151.450	none	0.500	0.500	0.500	0	11	78.750	325.575
36	0	1	8	534.250	589.150	134.450	151.450	none	0.500	none	0.500	0	11	78.750	325.575
36	0	1	9	589.150	643.950	134.450	151.450	0.500	0.500	none	0.500	0	11	78.750	325.575
36	0	1	10	643.950	699.550	134.450	151.450	0.500	0.500	0.500	0.500	0	11	78.750	325.575
36	0	1	11	699.550	734.650	134.450	151.450	0.500	none	none	0.500	0	11	78.750	325.575
36	0	2	1	143.750	205.300	151.450	168.450	none	0.500	none	0.500	0	11	78.750	325.575
36	0	2	2	205.300	260.050	151.450	168.450	none	0.500	none	0.500	0	11	78.750	325.575
36	0	2	3	260.050	315.050	151.450	168.450	none	0.500	0.500	0.500	0	11	78.750	325.575
36	0	2	4	315.050	369.850	151.450	168.450	none	0.500	0.500	0.500	0	11	78.750	325.575
36	0	2	5	369.850	424.650	151.450	168.450	none	0.500	none	0.500	0	11	78.750	325.575
36	0	2	6	424.650	479.450	151.450	168.450	none	0.500	none	0.500	0	11	78.750	325.575
36	0	2	7	479.450	534.250	151.450	168.450	none	0.500	0.500	0.500	0	11	78.750	325.575
36	0	2	8	534.250	589.150	151.450	168.450	none	0.500	none	0.500	0	11	78.750	325.575
36	0	2	9	589.150	643.950	151.450	168.450	0.500	0.500	none	0.500	0	11	78.750	325.575
36	0	2	10	643.950	699.550	151.450	168.450	0.500	0.500	0.500	0.500	0	11	78.750	325.575
36	0	2	11	699.550	734.650	151.450	168.450	none	none	none	0.500	0	11	78.750	325.575
36	0	3	1	143.750	205.300	168.450	185.200	none	0.500	none	0.500	0	11	78.750	325.575
36	0	3	2	205.300	260.050	168.450	185.200	none	0.500	none	0.500	0	11	78.750	325.575
36	0	3	3	260.050	315.050	168.450	185.200	none	0.500	0.500	0.500	0	11	78.750	325.575
36	0	3	4	315.050	369.850	168.450	185.200	none	0.500	0.500	0.500	0	11	78.750	325.575
36	0	3	5	369.850	424.650	168.450	185.200	none	0.500	none	0.500	0	11	78.750	325.575
36	0	3	6	424.650	479.450	168.450	185.200	none	0.500	none	0.500	0	11	78.750	325.575
36	0	3	7	479.450	534.250	168.450	185.200	none	0.500	0.500	0.500	0	11	78.750	325.575
36	0	3	8	534.250	589.150	168.450	185.200	none	0.500	none	0.500	0	11	78.750	325.575
36	0	3	9	589.150	734.650	168.450	325.450	none	0.500	none	0.500	0	11	78.750	325.575
36	0	4	0	57.850	143.750	185.200	218.700	none	0.500	0.500	0.500	0	11	78.750	325.575
36	0	4	1	143.750	205.300	185.200	201.950	none	0.500	none	0.500	0	11	78.750	325.575
36	0	4	2	205.300	260.050	185.200	201.950	none	0.500	none	0.500	0	11	78.750	325.575
36	0	4	3	260.050	315.050	185.200	201.950	none	0.500	0.500	0.500	0	11	78.750	325.575
36	0	4	4	315.050	369.850	185.200	201.950	none	0.500	0.500	0.500	0	11	78.750	325.575
36	0	4	5	369.850	424.650	185.200	201.950	none	0.500	none	0.500	0	11	78.750	325.575
36	0	4	6	424.650	479.450	185.200	201.950	none	0.500	none	0.500	0	11	78.750	325.575
36	0	4	7	479.450	534.250	185.200	201.950	none	0.500	0.500	0.500	0	11	78.750	325.575
36	0	4	8	534.250	589.150	185.200	201.950	none	0.500	none	0.500	0	11	78.750	325.575
36	0	5	1	143.750	205.300	201.950	218.700	none	0.500	none	0.500	0	11	78.750	325.575
36	0	5	2	205.300	260.050	201.950	218.700	none	0.500	none	0.500	0	11	78.750	325.575
36	0	5	3	260.050	315.050	201.950	218.700	none	0.500	0.500	0.500	0	11	78.750	325.575
36	0	5	4	315.050	369.850	201.950	218.700	none	0.500	0.500	0.500	0	11	78.750	325.575
36	0	5	5	369.850	424.650	201.950	218.700	none	0.500	none	0.500	0	11	78.750	325.575
36	0	5	6	424.650	479.450	201.950	218.700	none	0.500	none	0.500	0	11	78.750	325.575
36	0	5	7	479.450	534.250	201.950	218.700	none	0.500	0.500	0.500	0	11	78.750	325.575
36	0	5	8	534.250	589.150	201.950	218.700	none	0.500	none	0.500	0	11	78.750	325.575
36	0	6	0	57.850	143.750	218.700	252.450	none	0.500	0.500	0.500	0	11	78.750	325.575
36	0	6	1	143.750	205.300	218.700	235.450	none	0.500	none	0.500	0	11	78.750	325.575
36	0	6	2	205.300	260.050	218.700	235.450	none	0.500	none	0.500	0	11	78.750	325.575
36	0	6	3	260.050	315.050	218.700	235.450	none	0.500	0.500	0.500	0	11	78.750	325.575
36	0	6	4	315.050	369.850	218.700	235.450	none	0.500	0.500	0.500	0	11	78.750	325.575
36	0	6	5	369.850	424.650	218.700	235.450	none	0.500	none	0.500	0	11	78.750	325.575
36	0	6	6	424.650	479.450	218.700	235.450	none	0.500	none	0.500	0	11	78.750	325.575
36	0	6	7	479.450	534.250	218.700	235.450	none	0.500	0.500	0.500	0	11	78.750	325.575
36	0	6	8	534.250	589.150	218.700	235.450	none	0.500	none	0.500	0	11	78.750	325.575
36	0	7	1	143.750	205.300	235.450	252.450	none	0.500	none	0.500	0	11	78.750	325.575
36	0	7	2	205.300	260.050	235.450	252.450	none	0.500	none	0.500	0	11	78.750	325.575
36	0	7	3	260.050	315.050	235.450	252.450	none	0.500	0.500	0.500	0	11	78.750	325.575
36	0	7	4	315.050	369.850	235.450	252.450	none	0.500	0.500	0.500	0	11	78.750	325.575
36	0	7	5	369.850	424.650	235.450	252.450	none	0.500	none	0.500	0	11	78.750	325.575
36	0	7	6	424.650	479.450	235.450	252.450	none	0.500	none	0.500	0	11	78.750	325.575
36	0	7	7	479.450	534.250	235.450	252.450	0.500	0.500	0.500	0.500	0	11	78.750	325.575
36	0	7	8	534.250	589.150	235.450	252.450	0.500	0.500	none	0.500	0	11	78.750	325.575
36	0	8	0	57.850	143.750	252.450	276.950	none	0.500	0.500	0.500	0	11	78.750	325.575
36	0	8	1	143.750	205.300	252.450	276.950	none	0.500	none	0.500	0	11	78.750	325.575
36	0	8	2	205.300	260.050	252.450	276.950	none	0.500	none	0.500	0	11	78.750	325.575
36	0	8	3	260.050	315.050	252.450	276.950	none	0.500	0.500	0.500	0	11	78.750	325.575
36	0	8	4	315.050	369.850	252.450	276.950	none	0.500	0.500	0.500	0	11	78.750	325.575
36	0	8	5	369.850	424.650	252.450	276.950	none	0.500	none	0.500	0	11	78.750	325.575
36	0	8	6	424.650	479.450	252.450	276.950	none	0.500	none	0.500	0	11	78.750	325.575
36	0	8	7	479.450	589.150	252.450	325.450	0.500	0.500	0.500	none	0	11	78.750	325.575
36	0	9	0	57.850	143.750	276.950	301.200	none	0.500	0.500	0.500	0	11	78.750	325.575
36	0	9	1	143.750	205.300	276.950	301.200	none	0.500	none	0.500	0	11	78.750	325.575
36	0	9	2	205.300	260.050	276.950	301.200	none	0.500	none	0.500	0	11	78.750	325.575
36	0	9	3	260.050	315.050	276.950	301.200	none	0.500	0.500	0.500	0	11	78.750	325.575
36	0	9	4	315.050	369.850	276.950	301.200	none	0.500	0.500	0.500	0	11	78.750	325.575
36	0	9	5	369.850	424.650	276.950	301.200	none	0.500	none	0.500	0	11	78.750	325.575
36	0	9	6	424.650	479.450	276.950	301.200	none	0.500	none	0.500	0	11	78.750	325.575
36	0	10	0	57.850	143.750	301.200	325.450	none	0.500	0.500	0.500	0	11	78.750	325.575
36	0	10	1	143.750	205.300	301.200	325.450	none	0.500	none	0.500	0	11	78.750	325.575
36	0	10	2	205.300	260.050	301.200	325.450	none	0.500	none	0.500	0	11	78.750	325.575
36	0	10	3	260.050	315.050	301.200	325.450	none	0.500	0.500	0.500	0	11	78.750	325.575
36	0	10	4	315.050	369.850	301.200	325.450	none	0.500	0.500	0.500	0	11	78.750	325.575
36	0	10	5	369.850	424.650	301.200	325.450	none	0.500	none	0.500	0	11	78.750	325.575
36	0	10	6	424.650	479.450	301.200	325.450	none	0.500	none	0.500	0	11	78.750	325.575
37	0	0	0	57.850	143.750	79.000	134.450	0.500	none	0.500	0.500	0	10	78.750	301.325
37	0	0	1	143.750	205.300	79.000	134.450	0.500	0.500	none	0.500	0	10	78.750	301.325
37	0	0	2	205.300	260.050	79.000	134.450	0.500	0.500	none	none	0	10	78.750	301.325
37	0	0	3	260.050	315.050	79.000	134.450	0.500	0.500	0.500	0.500	0	10	78.750	301.325
37	0	0	4	315.050	369.850	79.000	134.450	0.500	0.500	0.500	none	0	10	78.750	301.325
37	0	0	5	369.850	424.650	79.000	134.450	0.500	0.500	0.500	none	0	10	78.750	301.325
37	0	0	6	424.650	479.450	79.000	134.450	0.500	0.500	0.500	none	0	10	78.750	301.325
37	0	0	7	479.450	534.250	79.000	134.450	0.500	0.500	0.500	none	0	10	78.750	301.325
37	0	0	8	534.250	589.150	79.000	134.450	0.500	0.500	0.500	none	0	10	78.750	301.325
37	0	0	9	589.150	643.950	79.000	134.450	0.500	0.500	0.500	0.500	0	10	78.750	301.325
37	0	0	10	643.950	699.550	79.000	134.450	0.500	0.500	0.500	0.500	0	10	78.750	301.325
37	0	0	11	699.550	734.650	79.000	134.450	0.500	none	none	0.500	0	10	78.750	301.325
37	0	1	0	57.850	143.750	134.450	185.200	0.500	0.500	0.500	0.500	0	10	78.750	301.325
37	0	1	1	143.750	205.300	134.450	151.450	none	0.500	none	0.500	0	10	78.750	301.325
37	0	1	2	205.300	260.050	134.450	151.450	none	0.500	none	0.500	0	10	78.750	301.325
37	0	1	3	260.050	315.050	134.450	151.450	none	0.500	0.500	0.500	0	10	78.750	301.325
37	0	1	4	315.050	369.850	134.450	151.450	none	0.500	0.500	0.500	0	10	78.750	301.325
37	0	1	5	369.850	424.650	134.450	151.450	none	0.500	none	0.500	0	10	78.750	301.325
37	0	1	6	424.650	479.450	134.450	151.450	none	0.500	none	0.500	0	10	78.750	301.325
37	0	1	7	479.450	534.250	134.450	151.450	none	0.500	0.500	0.500	0	10	78.750	301.325
37	0	1	8	534.250	589.150	134.450	151.450	none	0.500	none	0.500	0	10	78.750	301.325
37	0	1	9	589.150	643.950	134.450	151.450	0.500	0.500	none	0.500	0	10	78.750	301.325
37	0	1	10	643.950	699.550	134.450	151.450	0.500	0.500	0.500	0.500	0	10	78.750	301.325
37	0	1	11	699.550	734.650	134.450	151.450	0.500	none	none	0.500	0	10	78.750	301.325
37	0	2	1	143.750	205.300	151.450	168.450	none	0.500	none	0.500	0	10	78.750	301.325
37	0	2	2	205.300	260.050	151.450	168.450	none	0.500	none	0.500	0	10	78.750	301.325
37	0	2	3	260.050	315.050	151.450	168.450	none	0.500	0.500	0.500	0	10	78.750	301.325
37	0	2	4	315.050	369.850	151.450	168.450	none	0.500	0.500	0.500	0	10	78.750	301.325
37	0	2	5	369.850	424.650	151.450	168.450	none	0.500	none	0.500	0	10	78.750	301.325
37	0	2	6	424.650	479.450	151.450	168.450	none	0.500	none	0.500	0	10	78.750	301.325
37	0	2	7	479.450	534.250	151.450	168.450	none	0.500	0.500	0.500	0	10	78.750	301.325
37	0	2	8	534.250	589.150	151.450	168.450	none	0.500	none	0.500	0	10	78.750	301.325
37	0	2	9	589.150	643.950	151.450	168.450	0.500	0.500	none	0.500	0	10	78.750	301.325
37	0	2	10	643.950	699.550	151.450	168.450	0.500	0.500	0.500	0.500	0	10	78.750	301.325
37	0	2	11	699.550	734.650	151.450	168.450	none	none	none	0.500	0	10	78.750	301.325
37	0	3	1	143.750	205.300	168.450	185.200	none	0.500	none	0.500	0	10	78.750	301.325
37	0	3	2	205.300	260.050	168.450	185.200	none	0.500	none	0.500	0	10	78.750	301.325
37	0	3	3	260.050	315.050	168.450	185.200	none	0.500	0.500	0.500	0	10	78.750	301.325
37	0	3	4	315.050	369.850	168.450	185.200	none	0.500	0.500	0.500	0	10	78.750	301.325
37	0	3	5	369.850	424.650	168.450	185.200	none	0.500	none	0.500	0	10	78.750	301.325
37	0	3	6	424.650	479.450	168.450	185.200	none	0.500	none	0.500	0	10	78.750	301.325
37	0	3	7	479.450	534.250	168.450	185.200	none	0.500	0.500	0.500	0	10	78.750	301.325
37	0	3	8	534.250	589.150	168.450	185.200	none	0.500	none	0.500	0	10	78.750	301.325
37	0	3	9	589.150	734.650	168.450	301.200	none	0.500	none	0.500	0	10	78.750	301.325
37	0	4	0	57.850	143.750	185.200	218.700	none	0.500	0.500	0.500	0	10	78.750	301.325
37	0	4	1	143.750	205.300	185.200	201.950	none	0.500	none	0.500	0	10	78.750	301.325
37	0	4	2	205.300	260.050	185.200	201.950	none	0.500	none	0.500	0	10	78.750	301.325
37	0	4	3	260.050	315.050	185.200	201.950	none	0.500	0.500	0.500	0	10	78.750	301.325
37	0	4	4	315.050	369.850	185.200	201.950	none	0.500	0.500	0.500	0	10	78.750	301.325
37	0	4	5	369.850	424.650	185.200	201.950	none	0.500	none	0.500	0	10	78.750	301.325
37	0	4	6	424.650	479.450	185.200	201.950	none	0.500	none	0.500	0	10	78.750	301.325
37	0	4	7	479.450	534.250	185.200	201.950	none	0.500	0.500	0.500	0	10	78.750	301.325
37	0	4	8	534.250	589.150	185.200	201.950	none	0.500	none	0.500	0	10	78.750	301.325
37	0	5	1	143.750	205.300	201.950	218.700	none	0.500	none	0.500	0	10	78.750	301.325
37	0	5	2	205.300	260.050	201.950	218.700	none	0.500	none	0.500	0	10	78.750	301.325
37	0	5	3	260.050	315.050	201.950	218.700	none	0.500	0.500	0.500	0	10	78.750	301.325
37	0	5	4	315.050	369.850	201.950	218.700	none	0.500	0.500	0.500	0	10	78.750	301.325
37	0	5	5	369.850	424.650	201.950	218.700	none	0.500	none	0.500	0	10	78.750	301.325
37	0	5	6	424.650	479.450	201.950	218.700	none	0.500	none	0.500	0	10	78.750	301.325
37	0	5	7	479.450	534.250	201.950	218.700	none	0.500	0.500	0.500	0	10	78.750	301.325
37	0	5	8	534.250	589.150	201.950	218.700	none	0.500	none	0.500	0	10	78.750	301.325
37	0	6	0	57.850	143.750	218.700	252.450	none	0.500	0.500	0.500	0	10	78.750	301.325
37	0	6	1	143.750	205.300	218.700	235.450	none	0.500	none	0.500	0	10	78.750	301.325
37	0	6	2	205.300	260.050	218.700	235.450	none	0.500	none	0.500	0	10	78.750	301.325
37	0	6	3	260.050	315.050	218.700	235.450	none	0.500	0.500	0.500	0	10	78.750	301.325
37	0	6	4	315.050	369.850	218.700	235.450	none	0.500	0.500	0.500	0	10	78.750	301.325
37	0	6	5	369.850	424.650	218.700	235.450	none	0.500	none	0.500	0	10	78.750	301.325
37	0	6	6	424.650	479.450	218.700	235.450	none	0.500	none	0.500	0	10	78.750	301.325
37	0	6	7	479.450	534.250	218.700	235.450	none	0.500	0.500	0.500	0	10	78.750	301.325
37	0	6	8	534.250	589.150	218.700	235.450	none	0.500	none	0.500	0	10	78.750	301.325
37	0	7	1	143.750	205.300	235.450	252.450	none	0.500	none	0.500	0	10	78.750	301.325
37	0	7	2	205.300	260.050	235.450	252.450	none	0.500	none	0.500	0	10	78.750	301.325
37	0	7	3	260.050	315.050	235.450	252.450	none	0.500	0.500	0.500	0	10	78.750	301.325
37	0	7	4	315.050	369.850	235.450	252.450	none	0.500	0.500	0.500	0	10	78.750	301.325
37	0	7	5	369.850	424.650	235.450	252.450	none	0.500	none	0.500	0	10	78.750	301.325
37	0	7	6	424.650	479.450	235.450	252.450	none	0.500	none	0.500	0	10	78.750	301.325
37	0	7	7	479.450	534.250	235.450	252.450	0.500	0.500	0.500	0.500	0	10	78.750	301.325
37	0	7	8	534.250	589.150	235.450	252.450	0.500	0.500	none	0.500	0	10	78.750	301.325
37	0	8	0	57.850	143.750	252.450	276.950	none	0.500	0.500	0.500	0	10	78.750	301.325
37	0	8	1	143.750	205.300	252.450	276.950	none	0.500	none	0.500	0	10	78.750	301.325
37	0	8	2	205.300	260.050	252.450	276.950	none	0.500	none	0.500	0	10	78.750	301.325
37	0	8	3	260.050	315.050	252.450	276.950	none	0.500	0.500	0.500	0	10	78.750	301.325
37	0	8	4	315.050	369.850	252.450	276.950	none	0.500	0.500	0.500	0	10	78.750	301.325
37	0	8	5	369.850	424.650	252.450	276.950	none	0.500	none	0.500	0	10	78.750	301.325
37	0	8	6	424.650	479.450	252.450	276.950	none	0.500	none	0.500	0	10	78.750	301.325
37	0	8	7	479.450	589.150	252.450	301.200	0.500	0.500	0.500	none	0	10	78.750	301.325
37	0	9	0	57.850	143.750	276.950	301.200	none	0.500	0.500	0.500	0	10	78.750	301.325
37	0	9	1	143.750	205.300	276.950	301.200	none	0.500	none	0.500	0	10	78.750	301.325
37	0	9	2	205.300	260.050	276.950	301.200	none	0.500	none	0.500	0	10	78.750	301.325
37	0	9	3	260.050	315.050	276.950	301.200	none	0.500	0.500	0.500	0	10	78.750	301.325
37	0	9	4	315.050	369.850	276.950	301.200	none	0.500	0.500	0.500	0	10	78.750	301.325
37	0	9	5	369.850	424.650	276.950	301.200	none	0.500	none	0.500	0	10	78.750	301.325
37	0	9	6	424.650	479.450	276.950	301.200	none	0.500	none	0.500	0	10	78.750	301.325
38	0	0	0	57.850	143.750	79.000	134.450	0.500	none	0.500	0.500	0	11	78.750	325.575
38	0	0	1	143.750	205.300	79.000	134.450	0.500	0.500	none	0.500	0	11	78.750	325.575
38	0	0	2	205.300	260.050	79.000	134.450	0.500	0.500	none	none	0	11	78.750	325.575
38	0	0	3	260.050	315.050	79.000	134.450	0.500	0.500	0.500	0.500	0	11	78.750	325.575
38	0	0	4	315.050	369.850	79.000	134.450	0.500	0.500	0.500	none	0	11	78.750	325.575
38	0	0	5	369.850	424.650	79.000	134.450	0.500	0.500	0.500	none	0	11	78.750	325.575
38	0	0	6	424.650	479.450	79.000	134.450	0.500	0.500	0.500	none	0	11	78.750	325.575
38	0	0	7	479.450	534.250	79.000	134.450	0.500	0.500	0.500	none	0	11	78.750	325.575
38	0	0	8	534.250	589.150	79.000	134.450	0.500	0.500	0.500	none	0	11	78.750	325.575
38	0	0	9	589.150	643.950	79.000	134.450	0.500	0.500	0.500	0.500	0	11	78.750	325.575
38	0	0	10	643.950	699.550	79.000	134.450	0.500	0.500	0.500	0.500	0	11	78.750	325.575
38	0	0	11	699.550	734.650	79.000	134.450	0.500	none	none	0.500	0	11	78.750	325.575
38	0	1	0	57.850	143.750	134.450	185.200	0.500	0.500	0.500	0.500	0	11	78.750	325.575
38	0	1	1	143.750	205.300	134.450	151.450	none	0.500	none	0.500	0	11	78.750	325.575
38	0	1	2	205.300	260.050	134.450	151.450	none	0.500	none	0.500	0	11	78.750	325.575
38	0	1	3	260.050	315.050	134.450	151.450	none	0.500	0.500	0.500	0	11	78.750	325.575
38	0	1	4	315.050	369.850	134.450	151.450	none	0.500	0.500	0.500	0	11	78.750	325.575
38	0	1	5	369.850	424.650	134.450	151.450	none	0.500	none	0.500	0	11	78.750	325.575
38	0	1	6	424.650	479.450	134.450	151.450	none	0.500	none	0.500	0	11	78.750	325.575
38	0	1	7	479.450	534.250	134.450	151.450	none	0.500	0.500	0.500	0	11	78.750	325.575
38	0	1	8	534.250	589.150	134.450	151.450	none	0.500	none	0.500	0	11	78.750	325.575
38	0	1	9	589.150	643.950	134.450	151.450	0.500	0.500	none	0.500	0	11	78.750	325.575
38	0	1	10	643.950	699.550	134.450	151.450	0.500	0.500	0.500	0.500	0	11	78.750	325.575
38	0	1	11	699.550	734.650	134.450	151.450	0.500	none	none	0.500	0	11	78.750	325.575
38	0	2	1	143.750	205.300	151.450	168.450	none	0.500	none	0.500	0	11	78.750	325.575
38	0	2	2	205.300	260.050	151.450	168.450	none	0.500	none	0.500	0	11	78.750	325.575
38	0	2	3	260.050	315.050	151.450	168.450	none	0.500	0.500	0.500	0	11	78.750	325.575
38	0	2	4	315.050	369.850	151.450	168.450	none	0.500	0.500	0.500	0	11	78.750	325.575
38	0	2	5	369.850	424.650	151.450	168.450	none	0.500	none	0.500	0	11	78.750	325.575
38	0	2	6	424.650	479.450	151.450	168.450	none	0.500	none	0.500	0	11	78.750	325.575
38	0	2	7	479.450	534.250	151.450	168.450	none	0.500	0.500	0.500	0	11	78.750	325.575
38	0	2	8	534.250	589.150	151.450	168.450	none	0.500	none	0.500	0	11	78.750	325.575
38	0	2	9	589.150	643.950	151.450	168.450	0.500	0.500	none	0.500	0	11	78.750	325.575
38	0	2	10	643.950	699.550	151.450	168.450	0.500	0.500	0.500	0.500	0	11	78.750	325.575
38	0	2	11	699.550	734.650	151.450	168.450	none	none	none	0.500	0	11	78.750	325.575
38	0	3	1	143.750	205.300	168.450	185.200	none	0.500	none	0.500	0	11	78.750	325.575
38	0	3	2	205.300	260.050	168.450	185.200	none	0.500	none	0.500	0	11	78.750	325.575
38	0	3	3	260.050	315.050	168.450	185.200	none	0.500	0.500	0.500	0	11	78.750	325.575
38	0	3	4	315.050	369.850	168.450	185.200	none	0.500	0.500	0.500	0	11	78.750	325.575
38	0	3	5	369.850	424.650	168.450	185.200	none	0.500	none	0.500	0	11	78.750	325.575
38	0	3	6	424.650	479.450	168.450	185.200	none	0.500	none	0.500	0	11	78.750	325.575
38	0	3	7	479.450	534.250	168.450	185.200	none	0.500	0.500	0.500	0	11	78.750	325.575
38	0	3	8	534.250	589.150	168.450	185.200	none	0.500	none	0.500	0	11	78.750	325.575
38	0	3	9	589.150	734.650	168.450	325.450	none	0.500	none	0.500	0	11	78.750	325.575
38	0	4	0	57.850	143.750	185.200	218.700	none	0.500	0.500	0.500	0	11	78.750	325.575
38	0	4	1	143.750	205.300	185.200	201.950	none	0.500	none	0.500	0	11	78.750	325.575
38	0	4	2	205.300	260.050	185.200	201.950	none	0.500	none	0.500	0	11	78.750	325.575
38	0	4	3	260.050	315.050	185.200	201.950	none	0.500	0.500	0.500	0	11	78.750	325.575
38	0	4	4	315.050	369.850	185.200	201.950	none	0.500	0.500	0.500	0	11	78.750	325.575
38	0	4	5	369.850	424.650	185.200	201.950	none	0.500	none	0.500	0	11	78.750	325.575
38	0	4	6	424.650	479.450	185.200	201.950	none	0.500	none	0.500	0	11	78.750	325.575
38	0	4	7	479.450	534.250	185.200	201.950	none	0.500	0.500	0.500	0	11	78.750	325.575
38	0	4	8	534.250	589.150	185.200	201.950	none	0.500	none	0.500	0	11	78.750	325.575
38	0	5	1	143.750	205.300	201.950	218.700	none	0.500	none	0.500	0	11	78.750	325.575
38	0	5	2	205.300	260.050	201.950	218.700	none	0.500	none	0.500	0	11	78.750	325.575
38	0	5	3	260.050	315.050	201.950	218.700	none	0.500	0.500	0.500	0	11	78.750	325.575
38	0	5	4	315.050	369.850	201.950	218.700	none	0.500	0.500	0.500	0	11	78.750	325.575
38	0	5	5	369.850	424.650	201.950	218.700	none	0.500	none	0.500	0	11	78.750	325.575
38	0	5	6	424.650	479.450	201.950	218.700	none	0.500	none	0.500	0	11	78.750	325.575
38	0	5	7	479.450	534.250	201.950	218.700	none	0.500	0.500	0.500	0	11	78.750	325.575
38	0	5	8	534.250	589.150	201.950	218.700	none	0.500	none	0.500	0	11	78.750	325.575
38	0	6	0	57.850	143.750	218.700	252.450	none	0.500	0.500	0.500	0	11	78.750	325.575
38	0	6	1	143.750	205.300	218.700	235.450	none	0.500	none	0.500	0	11	78.750	325.575
38	0	6	2	205.300	260.050	218.700	235.450	none	0.500	none	0.500	0	11	78.750	325.575
38	0	6	3	260.050	315.050	218.700	235.450	none	0.500	0.500	0.500	0	11	78.750	325.575
38	0	6	4	315.050	369.850	218.700	235.450	none	0.500	0.500	0.500	0	11	78.750	325.575
38	0	6	5	369.850	424.650	218.700	235.450	none	0.500	none	0.500	0	11	78.750	325.575
38	0	6	6	424.650	479.450	218.700	235.450	none	0.500	none	0.500	0	11	78.750	325.575
38	0	6	7	479.450	534.250	218.700	235.450	none	0.500	0.500	0.500	0	11	78.750	325.575
38	0	6	8	534.250	589.150	218.700	235.450	none	0.500	none	0.500	0	11	78.750	325.575
38	0	7	1	143.750	205.300	235.450	252.450	none	0.500	none	0.500	0	11	78.750	325.575
38	0	7	2	205.300	260.050	235.450	252.450	none	0.500	none	0.500	0	11	78.750	325.575
38	0	7	3	260.050	315.050	235.450	252.450	none	0.500	0.500	0.500	0	11	78.750	325.575
38	0	7	4	315.050	369.850	235.450	252.450	none	0.500	0.500	0.500	0	11	78.750	325.575
38	0	7	5	369.850	424.650	235.450	252.450	none	0.500	none	0.500	0	11	78.750	325.575
38	0	7	6	424.650	479.450	235.450	252.450	none	0.500	none	0.500	0	11	78.750	325.575
38	0	7	7	479.450	534.250	235.450	252.450	0.500	0.500	0.500	0.500	0	11	78.750	325.575
38	0	7	8	534.250	589.150	235.450	252.450	0.500	0.500	none	0.500	0	11	78.750	325.575
38	0	8	0	57.850	143.750	252.450	276.950	none	0.500	0.500	0.500	0	11	78.750	325.575
38	0	8	1	143.750	205.300	252.450	276.950	none	0.500	none	0.500	0	11	78.750	325.575
38	0	8	2	205.300	260.050	252.450	276.950	none	0.500	none	0.500	0	11	78.750	325.575
38	0	8	3	260.050	315.050	252.450	276.950	none	0.500	0.500	0.500	0	11	78.750	325.575
38	0	8	4	315.050	369.850	252.450	276.950	none	0.500	0.500	0.500	0	11	78.750	325.575
38	0	8	5	369.850	424.650	252.450	276.950	none	0.500	none	0.500	0	11	78.750	325.575
38	0	8	6	424.650	479.450	252.450	276.950	none	0.500	none	0.500	0	11	78.750	325.575
38	0	8	7	479.450	589.150	252.450	325.450	0.500	0.500	0.500	none	0	11	78.750	325.575
38	0	9	0	57.850	143.750	276.950	301.200	none	0.500	0.500	0.500	0	11	78.750	325.575
38	0	9	1	143.750	205.300	276.950	301.200	none	0.500	none	0.500	0	11	78.750	325.575
38	0	9	2	205.300	260.050	276.950	301.200	none	0.500	none	0.500	0	11	78.750	325.575
38	0	9	3	260.050	315.050	276.950	301.200	none	0.500	0.500	0.500	0	11	78.750	325.575
38	0	9	4	315.050	369.850	276.950	301.200	none	0.500	0.500	0.500	0	11	78.750	325.575
38	0	9	5	369.850	424.650	276.950	301.200	none	0.500	none	0.500	0	11	78.750	325.575
38	0	9	6	424.650	479.450	276.950	301.200	none	0.500	none	0.500	0	11	78.750	325.575
38	0	10	0	57.850	143.750	301.200	325.450	none	0.500	0.500	0.500	0	11	78.750	325.575
38	0	10	1	143.750	205.300	301.200	325.450	none	0.500	none	0.500	0	11	78.750	325.575
38	0	10	2	205.300	260.050	301.200	325.450	none	0.500	none	0.500	0	11	78.750	325.575
38	0	10	3	260.050	315.050	301.200	325.450	none	0.500	0.500	0.500	0	11	78.750	325.575
38	0	10	4	315.050	369.850	301.200	325.450	none	0.500	0.500	0.500	0	11	78.750	325.575
38	0	10	5	369.850	424.650	301.200	325.450	none	0.500	none	0.500	0	11	78.750	325.575
38	0	10	6	424.650	479.450	301.200	325.450	none	0.500	none	0.500	0	11	78.750	325.575
39	0	0	0	57.850	143.750	79.000	134.450	0.500	none	0.500	0.500	0	11	78.750	325.575
39	0	0	1	143.750	205.300	79.000	134.450	0.500	0.500	none	0.500	0	11	78.750	325.575
39	0	0	2	205.300	260.050	79.000	134.450	0.500	0.500	none	none	0	11	78.750	325.575
39	0	0	3	260.050	315.050	79.000	134.450	0.500	0.500	0.500	0.500	0	11	78.750	325.575
39	0	0	4	315.050	369.850	79.000	134.450	0.500	0.500	0.500	none	0	11	78.750	325.575
39	0	0	5	369.850	424.650	79.000	134.450	0.500	0.500	0.500	none	0	11	78.750	325.575
39	0	0	6	424.650	479.450	79.000	134.450	0.500	0.500	0.500	none	0	11	78.750	325.575
39	0	0	7	479.450	534.250	79.000	134.450	0.500	0.500	0.500	none	0	11	78.750	325.575
39	0	0	8	534.250	589.150	79.000	134.450	0.500	0.500	0.500	none	0	11	78.750	325.575
39	0	0	9	589.150	643.950	79.000	134.450	0.500	0.500	0.500	0.500	0	11	78.750	325.575
39	0	0	10	643.950	699.550	79.000	134.450	0.500	0.500	0.500	0.500	0	11	78.750	325.575
39	0	0	11	699.550	734.650	79.000	134.450	0.500	none	none	0.500	0	11	78.750	325.575
39	0	1	0	57.850	143.750	134.450	185.200	0.500	0.500	0.500	0.500	0	11	78.750	325.575
39	0	1	1	143.750	205.300	134.450	151.450	none	0.500	none	0.500	0	11	78.750	325.575
39	0	1	2	205.300	260.050	134.450	151.450	none	0.500	none	0.500	0	11	78.750	325.575
39	0	1	3	260.050	315.050	134.450	151.450	none	0.500	0.500	0.500	0	11	78.750	325.575
39	0	1	4	315.050	369.850	134.450	151.450	none	0.500	0.500	0.500	0	11	78.750	325.575
39	0	1	5	369.850	424.650	134.450	151.450	none	0.500	none	0.500	0	11	78.750	325.575
39	0	1	6	424.650	479.450	134.450	151.450	none	0.500	none	0.500	0	11	78.750	325.575
39	0	1	7	479.450	534.250	134.450	151.450	none	0.500	0.500	0.500	0	11	78.750	325.575
39	0	1	8	534.250	589.150	134.450	151.450	none	0.500	none	0.500	0	11	78.750	325.575
39	0	1	9	589.150	643.950	134.450	151.450	0.500	0.500	none	0.500	0	11	78.750	325.575
39	0	1	10	643.950	699.550	134.450	151.450	0.500	0.500	0.500	0.500	0	11	78.750	325.575
39	0	1	11	699.550	734.650	134.450	151.450	0.500	none	none	0.500	0	11	78.750	325.575
39	0	2	1	143.750	205.300	151.450	168.450	none	0.500	none	0.500	0	11	78.750	325.575
39	0	2	2	205.300	260.050	151.450	168.450	none	0.500	none	0.500	0	11	78.750	325.575
39	0	2	3	260.050	315.050	151.450	168.450	none	0.500	0.500	0.500	0	11	78.750	325.575
39	0	2	4	315.050	369.850	151.450	168.450	none	0.500	0.500	0.500	0	11	78.750	325.575
39	0	2	5	369.850	424.650	151.450	168.450	none	0.500	none	0.500	0	11	78.750	325.575
39	0	2	6	424.650	479.450	151.450	168.450	none	0.500	none	0.500	0	11	78.750	325.575
39	0	2	7	479.450	534.250	151.450	168.450	none	0.500	0.500	0.500	0	11	78.750	325.575
39	0	2	8	534.250	589.150	151.450	168.450	none	0.500	none	0.500	0	11	78.750	325.575
39	0	2	9	589.150	643.950	151.450	168.450	0.500	0.500	none	0.500	0	11	78.750	325.575
39	0	2	10	643.950	699.550	151.450	168.450	0.500	0.500	0.500	0.500	0	11	78.750	325.575
39	0	2	11	699.550	734.650	151.450	168.450	none	none	none	0.500	0	11	78.750	325.575
39	0	3	1	143.750	205.300	168.450	185.200	none	0.500	none	0.500	0	11	78.750	325.575
39	0	3	2	205.300	260.050	168.450	185.200	none	0.500	none	0.500	0	11	78.750	325.575
39	0	3	3	260.050	315.050	168.450	185.200	none	0.500	0.500	0.500	0	11	78.750	325.575
39	0	3	4	315.050	369.850	168.450	185.200	none	0.500	0.500	0.500	0	11	78.750	325.575
39	0	3	5	369.850	424.650	168.450	185.200	none	0.500	none	0.500	0	11	78.750	325.575
39	0	3	6	424.650	479.450	168.450	185.200	none	0.500	none	0.500	0	11	78.750	325.575
39	0	3	7	479.450	534.250	168.450	185.200	none	0.500	0.500	0.500	0	11	78.750	325.575
39	0	3	8	534.250	589.150	168.450	185.200	none	0.500	none	0.500	0	11	78.750	325.575
39	0	3	9	589.150	734.650	168.450	325.450	none	0.500	none	0.500	0	11	78.750	325.575
39	0	4	0	57.850	143.750	185.200	218.700	none	0.500	0.500	0.500	0	11	78.750	325.575
39	0	4	1	143.750	205.300	185.200	201.950	none	0.500	none	0.500	0	11	78.750	325.575
39	0	4	2	205.300	260.050	185.200	201.950	none	0.500	none	0.500	0	11	78.750	325.575
39	0	4	3	260.050	315.050	185.200	201.950	none	0.500	0.500	0.500	0	11	78.750	325.575
39	0	4	4	315.050	369.850	185.200	201.950	none	0.500	0.500	0.500	0	11	78.750	325.575
39	0	4	5	369.850	424.650	185.200	201.950	none	0.500	none	0.500	0	11	78.750	325.575
39	0	4	6	424.650	479.450	185.200	201.950	none	0.500	none	0.500	0	11	78.750	325.575
39	0	4	7	479.450	534.250	185.200	201.950	none	0.500	0.500	0.500	0	11	78.750	325.575
39	0	4	8	534.250	589.150	185.200	201.950	none	0.500	none	0.500	0	11	78.750	325.575
39	0	5	1	143.750	205.300	201.950	218.700	none	0.500	none	0.500	0	11	78.750	325.575
39	0	5	2	205.300	260.050	201.950	218.700	none	0.500	none	0.500	0	11	78.750	325.575
39	0	5	3	260.050	315.050	201.950	218.700	none	0.500	0.500	0.500	0	11	78.750	325.575
39	0	5	4	315.050	369.850	201.950	218.700	none	0.500	0.500	0.500	0	11	78.750	325.575
39	0	5	5	369.850	424.650	201.950	218.700	none	0.500	none	0.500	0	11	78.750	325.575
39	0	5	6	424.650	479.450	201.950	218.700	none	0.500	none	0.500	0	11	78.750	325.575
39	0	5	7	479.450	534.250	201.950	218.700	none	0.500	0.500	0.500	0	11	78.750	325.575
39	0	5	8	534.250	589.150	201.950	218.700	none	0.500	none	0.500	0	11	78.750	325.575
39	0	6	0	57.850	143.750	218.700	252.450	none	0.500	0.500	0.500	0	11	78.750	325.575
39	0	6	1	143.750	205.300	218.700	235.450	none	0.500	none	0.500	0	11	78.750	325.575
39	0	6	2	205.300	260.050	218.700	235.450	none	0.500	none	0.500	0	11	78.750	325.575
39	0	6	3	260.050	315.050	218.700	235.450	none	0.500	0.500	0.500	0	11	78.750	325.575
39	0	6	4	315.050	369.850	218.700	235.450	none	0.500	0.500	0.500	0	11	78.750	325.575
39	0	6	5	369.850	424.650	218.700	235.450	none	0.500	none	0.500	0	11	78.750	325.575
39	0	6	6	424.650	479.450	218.700	235.450	none	0.500	none	0.500	0	11	78.750	325.575
39	0	6	7	479.450	534.250	218.700	235.450	none	0.500	0.500	0.500	0	11	78.750	325.575
39	0	6	8	534.250	589.150	218.700	235.450	none	0.500	none	0.500	0	11	78.750	325.575
39	0	7	1	143.750	205.300	235.450	252.450	none	0.500	none	0.500	0	11	78.750	325.575
39	0	7	2	205.300	260.050	235.450	252.450	none	0.500	none	0.500	0	11	78.750	325.575
39	0	7	3	260.050	315.050	235.450	252.450	none	0.500	0.500	0.500	0	11	78.750	325.575
39	0	7	4	315.050	369.850	235.450	252.450	none	0.500	0.500	0.500	0	11	78.750	325.575
39	0	7	5	369.850	424.650	235.450	252.450	none	0.500	none	0.500	0	11	78.750	325.575
39	0	7	6	424.650	479.450	235.450	252.450	none	0.500	none	0.500	0	11	78.750	325.575
39	0	7	7	479.450	534.250	235.450	252.450	0.500	0.500	0.500	0.500	0	11	78.750	325.575
39	0	7	8	534.250	589.150	235.450	252.450	0.500	0.500	none	0.500	0	11	78.750	325.575
39	0	8	0	57.850	143.750	252.450	276.950	none	0.500	0.500	0.500	0	11	78.750	325.575
39	0	8	1	143.750	205.300	252.450	276.950	none	0.500	none	0.500	0	11	78.750	325.575
39	0	8	2	205.300	260.050	252.450	276.950	none	0.500	none	0.500	0	11	78.750	325.575
39	0	8	3	260.050	315.050	252.450	276.950	none	0.500	0.500	0.500	0	11	78.750	325.575
39	0	8	4	315.050	369.850	252.450	276.950	none	0.500	0.500	0.500	0	11	78.750	325.575
39	0	8	5	369.850	424.650	252.450	276.950	none	0.500	none	0.500	0	11	78.750	325.575
39	0	8	6	424.650	479.450	252.450	276.950	none	0.500	none	0.500	0	11	78.750	325.575
39	0	8	7	479.450	589.150	252.450	325.450	0.500	0.500	0.500	none	0	11	78.750	325.575
39	0	9	0	57.850	143.750	276.950	301.200	none	0.500	0.500	0.500	0	11	78.750	325.575
39	0	9	1	143.750	205.300	276.950	301.200	none	0.500	none	0.500	0	11	78.750	325.575
39	0	9	2	205.300	260.050	276.950	301.200	none	0.500	none	0.500	0	11	78.750	325.575
39	0	9	3	260.050	315.050	276.950	301.200	none	0.500	0.500	0.500	0	11	78.750	325.575
39	0	9	4	315.050	369.850	276.950	301.200	none	0.500	0.500	0.500	0	11	78.750	325.575
39	0	9	5	369.850	424.650	276.950	301.200	none	0.500	none	0.500	0	11	78.750	325.575
39	0	9	6	424.650	479.450	276.950	301.200	none	0.500	none	0.500	0	11	78.750	325.575
39	0	10	0	57.850	143.750	301.200	325.450	none	0.500	0.500	0.500	0	11	78.750	325.575
39	0	10	1	143.750	205.300	301.200	325.450	none	0.500	none	0.500	0	11	78.750	325.575
39	0	10	2	205.300	260.050	301.200	325.450	none	0.500	none	0.500	0	11	78.750	325.575
39	0	10	3	260.050	315.050	301.200	325.450	none	0.500	0.500	0.500	0	11	78.750	325.575
39	0	10	4	315.050	369.850	301.200	325.450	none	0.500	0.500	0.500	0	11	78.750	325.575
39	0	10	5	369.850	424.650	301.200	325.450	none	0.500	none	0.500	0	11	78.750	325.575
39	0	10	6	424.650	479.450	301.200	325.450	none	0.500	none	0.500	0	11	78.750	325.575
40	0	0	0	57.850	143.750	79.000	134.450	0.500	none	0.500	0.500	0	11	78.750	325.575
40	0	0	1	143.750	205.300	79.000	134.450	0.500	0.500	none	0.500	0	11	78.750	325.575
40	0	0	2	205.300	260.050	79.000	134.450	0.500	0.500	none	none	0	11	78.750	325.575
40	0	0	3	260.050	315.050	79.000	134.450	0.500	0.500	0.500	0.500	0	11	78.750	325.575
40	0	0	4	315.050	369.850	79.000	134.450	0.500	0.500	0.500	none	0	11	78.750	325.575
40	0	0	5	369.850	424.650	79.000	134.450	0.500	0.500	0.500	none	0	11	78.750	325.575
40	0	0	6	424.650	479.450	79.000	134.450	0.500	0.500	0.500	none	0	11	78.750	325.575
40	0	0	7	479.450	534.250	79.000	134.450	0.500	0.500	0.500	none	0	11	78.750	325.575
40	0	0	8	534.250	589.150	79.000	134.450	0.500	0.500	0.500	none	0	11	78.750	325.575
40	0	0	9	589.150	643.950	79.000	134.450	0.500	0.500	0.500	0.500	0	11	78.750	325.575
40	0	0	10	643.950	699.550	79.000	134.450	0.500	0.500	0.500	0.500	0	11	78.750	325.575
40	0	0	11	699.550	734.650	79.000	134.450	0.500	none	none	0.500	0	11	78.750	325.575
40	0	1	0	57.850	143.750	134.450	185.200	0.500	0.500	0.500	0.500	0	11	78.750	325.575
40	0	1	1	143.750	205.300	134.450	151.450	none	0.500	none	0.500	0	11	78.750	325.575
40	0	1	2	205.300	260.050	134.450	151.450	none	0.500	none	0.500	0	11	78.750	325.575
40	0	1	3	260.050	315.050	134.450	151.450	none	0.500	0.500	0.500	0	11	78.750	325.575
40	0	1	4	315.050	369.850	134.450	151.450	none	0.500	0.500	0.500	0	11	78.750	325.575
40	0	1	5	369.850	424.650	134.450	151.450	none	0.500	none	0.500	0	11	78.750	325.575
40	0	1	6	424.650	479.450	134.450	151.450	none	0.500	none	0.500	0	11	78.750	325.575
40	0	1	7	479.450	534.250	134.450	151.450	none	0.500	0.500	0.500	0	11	78.750	325.575
40	0	1	8	534.250	589.150	134.450	151.450	none	0.500	none	0.500	0	11	78.750	325.575
40	0	1	9	589.150	643.950	134.450	151.450	0.500	0.500	none	0.500	0	11	78.750	325.575
40	0	1	10	643.950	699.550	134.450	151.450	0.500	0.500	0.500	0.500	0	11	78.750	325.575
40	0	1	11	699.550	734.650	134.450	151.450	0.500	none	none	0.500	0	11	78.750	325.575
40	0	2	1	143.750	205.300	151.450	168.450	none	0.500	none	0.500	0	11	78.750	325.575
40	0	2	2	205.300	260.050	151.450	168.450	none	0.500	none	0.500	0	11	78.750	325.575
40	0	2	3	260.050	315.050	151.450	168.450	none	0.500	0.500	0.500	0	11	78.750	325.575
40	0	2	4	315.050	369.850	151.450	168.450	none	0.500	0.500	0.500	0	11	78.750	325.575
40	0	2	5	369.850	424.650	151.450	168.450	none	0.500	none	0.500	0	11	78.750	325.575
40	0	2	6	424.650	479.450	151.450	168.450	none	0.500	none	0.500	0	11	78.750	325.575
40	0	2	7	479.450	534.250	151.450	168.450	none	0.500	0.500	0.500	0	11	78.750	325.575
40	0	2	8	534.250	589.150	151.450	168.450	none	0.500	none	0.500	0	11	78.750	325.575
40	0	2	9	589.150	643.950	151.450	168.450	0.500	0.500	none	0.500	0	11	78.750	325.575
40	0	2	10	643.950	699.550	151.450	168.450	0.500	0.500	0.500	0.500	0	11	78.750	325.575
40	0	2	11	699.550	734.650	151.450	168.450	none	none	none	0.500	0	11	78.750	325.575
40	0	3	1	143.750	205.300	168.450	185.200	none	0.500	none	0.500	0	11	78.750	325.575
40	0	3	2	205.300	260.050	168.450	185.200	none	0.500	none	0.500	0	11	78.750	325.575
40	0	3	3	260.050	315.050	168.450	185.200	none	0.500	0.500	0.500	0	11	78.750	325.575
40	0	3	4	315.050	369.850	168.450	185.200	none	0.500	0.500	0.500	0	11	78.750	325.575
40	0	3	5	369.850	424.650	168.450	185.200	none	0.500	none	0.500	0	11	78.750	325.575
40	0	3	6	424.650	479.450	168.450	185.200	none	0.500	none	0.500	0	11	78.750	325.575
40	0	3	7	479.450	534.250	168.450	185.200	none	0.500	0.500	0.500	0	11	78.750	325.575
40	0	3	8	534.250	589.150	168.450	185.200	none	0.500	none	0.500	0	11	78.750	325.575
40	0	3	9	589.150	734.650	168.450	325.450	none	0.500	none	0.500	0	11	78.750	325.575
40	0	4	0	57.850	143.750	185.200	218.700	none	0.500	0.500	0.500	0	11	78.750	325.575
40	0	4	1	143.750	205.300	185.200	201.950	none	0.500	none	0.500	0	11	78.750	325.575
40	0	4	2	205.300	260.050	185.200	201.950	none	0.500	none	0.500	0	11	78.750	325.575
40	0	4	3	260.050	315.050	185.200	201.950	none	0.500	0.500	0.500	0	11	78.750	325.575
40	0	4	4	315.050	369.850	185.200	201.950	none	0.500	0.500	0.500	0	11	78.750	325.575
40	0	4	5	369.850	424.650	185.200	201.950	none	0.500	none	0.500	0	11	78.750	325.575
40	0	4	6	424.650	479.450	185.200	201.950	none	0.500	none	0.500	0	11	78.750	325.575
40	0	4	7	479.450	534.250	185.200	201.950	none	0.500	0.500	0.500	0	11	78.750	325.575
40	0	4	8	534.250	589.150	185.200	201.950	none	0.500	none	0.500	0	11	78.750	325.575
40	0	5	1	143.750	205.300	201.950	218.700	none	0.500	none	0.500	0	11	78.750	325.575
40	0	5	2	205.300	260.050	201.950	218.700	none	0.500	none	0.500	0	11	78.750	325.575
40	0	5	3	260.050	315.050	201.950	218.700	none	0.500	0.500	0.500	0	11	78.750	325.575
40	0	5	4	315.050	369.850	201.950	218.700	none	0.500	0.500	0.500	0	11	78.750	325.575
40	0	5	5	369.850	424.650	201.950	218.700	none	0.500	none	0.500	0	11	78.750	325.575
40	0	5	6	424.650	479.450	201.950	218.700	none	0.500	none	0.500	0	11	78.750	325.575
40	0	5	7	479.450	534.250	201.950	218.700	none	0.500	0.500	0.500	0	11	78.750	325.575
40	0	5	8	534.250	589.150	201.950	218.700	none	0.500	none	0.500	0	11	78.750	325.575
40	0	6	0	57.850	143.750	218.700	252.450	none	0.500	0.500	0.500	0	11	78.750	325.575
40	0	6	1	143.750	205.300	218.700	235.450	none	0.500	none	0.500	0	11	78.750	325.575
40	0	6	2	205.300	260.050	218.700	235.450	none	0.500	none	0.500	0	11	78.750	325.575
40	0	6	3	260.050	315.050	218.700	235.450	none	0.500	0.500	0.500	0	11	78.750	325.575
40	0	6	4	315.050	369.850	218.700	235.450	none	0.500	0.500	0.500	0	11	78.750	325.575
40	0	6	5	369.850	424.650	218.700	235.450	none	0.500	none	0.500	0	11	78.750	325.575
40	0	6	6	424.650	479.450	218.700	235.450	none	0.500	none	0.500	0	11	78.750	325.575
40	0	6	7	479.450	534.250	218.700	235.450	none	0.500	0.500	0.500	0	11	78.750	325.575
40	0	6	8	534.250	589.150	218.700	235.450	none	0.500	none	0.500	0	11	78.750	325.575
40	0	7	1	143.750	205.300	235.450	252.450	none	0.500	none	0.500	0	11	78.750	325.575
40	0	7	2	205.300	260.050	235.450	252.450	none	0.500	none	0.500	0	11	78.750	325.575
40	0	7	3	260.050	315.050	235.450	252.450	none	0.500	0.500	0.500	0	11	78.750	325.575
40	0	7	4	315.050	369.850	235.450	252.450	none	0.500	0.500	0.500	0	11	78.750	325.575
40	0	7	5	369.850	424.650	235.450	252.450	none	0.500	none	0.500	0	11	78.750	325.575
40	0	7	6	424.650	479.450	235.450	252.450	none	0.500	none	0.500	0	11	78.750	325.575
40	0	7	7	479.450	534.250	235.450	252.450	0.500	0.500	0.500	0.500	0	11	78.750	325.575
40	0	7	8	534.250	589.150	235.450	252.450	0.500	0.500	none	0.500	0	11	78.750	325.575
40	0	8	0	57.850	143.750	252.450	276.950	none	0.500	0.500	0.500	0	11	78.750	325.575
40	0	8	1	143.750	205.300	252.450	276.950	none	0.500	none	0.500	0	11	78.750	325.575
40	0	8	2	205.300	260.050	252.450	276.950	none	0.500	none	0.500	0	11	78.750	325.575
40	0	8	3	260.050	315.050	252.450	276.950	none	0.500	0.500	0.500	0	11	78.750	325.575
40	0	8	4	315.050	369.850	252.450	276.950	none	0.500	0.500	0.500	0	11	78.750	325.575
40	0	8	5	369.850	424.650	252.450	276.950	none	0.500	none	0.500	0	11	78.750	325.575
40	0	8	6	424.650	479.450	252.450	276.950	none	0.500	none	0.500	0	11	78.750	325.575
40	0	8	7	479.450	589.150	252.450	325.450	0.500	0.500	0.500	none	0	11	78.750	325.575
40	0	9	0	57.850	143.750	276.950	301.200	none	0.500	0.500	0.500	0	11	78.750	325.575
40	0	9	1	143.750	205.300	276.950	301.200	none	0.500	none	0.500	0	11	78.750	325.575
40	0	9	2	205.300	260.050	276.950	301.200	none	0.500	none	0.500	0	11	78.750	325.575
40	0	9	3	260.050	315.050	276.950	301.200	none	0.500	0.500	0.500	0	11	78.750	325.575
40	0	9	4	315.050	369.850	276.950	301.200	none	0.500	0.500	0.500	0	11	78.750	325.575
40	0	9	5	369.850	424.650	276.950	301.200	none	0.500	none	0.500	0	11	78.750	325.575
40	0	9	6	424.650	479.450	276.950	301.200	none	0.500	none	0.500	0	11	78.750	325.575
40	0	10	0	57.850	143.750	301.200	325.450	none	0.500	0.500	0.500	0	11	78.750	325.575
40	0	10	1	143.750	205.300	301.200	325.450	none	0.500	none	0.500	0	11	78.750	325.575
40	0	10	2	205.300	260.050	301.200	325.450	none	0.500	none	0.500	0	11	78.750	325.575
40	0	10	3	260.050	315.050	301.200	325.450	none	0.500	0.500	0.500	0	11	78.750	325.575
40	0	10	4	315.050	369.850	301.200	325.450	none	0.500	0.500	0.500	0	11	78.750	325.575
40	0	10	5	369.850	424.650	301.200	325.450	none	0.500	none	0.500	0	11	78.750	325.575
40	0	10	6	424.650	479.450	301.200	325.450	none	0.500	none	0.500	0	11	78.750	325.575
41	0	0	0	57.850	143.750	79.000	134.450	0.500	none	0.500	0.500	0	11	78.750	325.575
41	0	0	1	143.750	205.300	79.000	134.450	0.500	0.500	none	0.500	0	11	78.750	325.575
41	0	0	2	205.300	260.050	79.000	134.450	0.500	0.500	none	none	0	11	78.750	325.575
41	0	0	3	260.050	315.050	79.000	134.450	0.500	0.500	0.500	0.500	0	11	78.750	325.575
41	0	0	4	315.050	369.850	79.000	134.450	0.500	0.500	0.500	none	0	11	78.750	325.575
41	0	0	5	369.850	424.650	79.000	134.450	0.500	0.500	0.500	none	0	11	78.750	325.575
41	0	0	6	424.650	479.450	79.000	134.450	0.500	0.500	0.500	none	0	11	78.750	325.575
41	0	0	7	479.450	534.250	79.000	134.450	0.500	0.500	0.500	none	0	11	78.750	325.575
41	0	0	8	534.250	589.150	79.000	134.450	0.500	0.500	0.500	none	0	11	78.750	325.575
41	0	0	9	589.150	643.950	79.000	134.450	0.500	0.500	0.500	0.500	0	11	78.750	325.575
41	0	0	10	643.950	699.550	79.000	134.450	0.500	0.500	0.500	0.500	0	11	78.750	325.575
41	0	0	11	699.550	734.650	79.000	134.450	0.500	none	none	0.500	0	11	78.750	325.575
41	0	1	0	57.850	143.750	134.450	185.200	0.500	0.500	0.500	0.500	0	11	78.750	325.575
41	0	1	1	143.750	205.300	134.450	151.450	none	0.500	none	0.500	0	11	78.750	325.575
41	0	1	2	205.300	260.050	134.450	151.450	none	0.500	none	0.500	0	11	78.750	325.575
41	0	1	3	260.050	315.050	134.450	151.450	none	0.500	0.500	0.500	0	11	78.750	325.575
41	0	1	4	315.050	369.850	134.450	151.450	none	0.500	0.500	0.500	0	11	78.750	325.575
41	0	1	5	369.850	424.650	134.450	151.450	none	0.500	none	0.500	0	11	78.750	325.575
41	0	1	6	424.650	479.450	134.450	151.450	none	0.500	none	0.500	0	11	78.750	325.575
41	0	1	7	479.450	534.250	134.450	151.450	none	0.500	0.500	0.500	0	11	78.750	325.575
41	0	1	8	534.250	589.150	134.450	151.450	none	0.500	none	0.500	0	11	78.750	325.575
41	0	1	9	589.150	643.950	134.450	151.450	0.500	0.500	none	0.500	0	11	78.750	325.575
41	0	1	10	643.950	699.550	134.450	151.450	0.500	0.500	0.500	0.500	0	11	78.750	325.575
41	0	1	11	699.550	734.650	134.450	151.450	0.500	none	none	0.500	0	11	78.750	325.575
41	0	2	1	143.750	205.300	151.450	168.450	none	0.500	none	0.500	0	11	78.750	325.575
41	0	2	2	205.300	260.050	151.450	168.450	none	0.500	none	0.500	0	11	78.750	325.575
41	0	2	3	260.050	315.050	151.450	168.450	none	0.500	0.500	0.500	0	11	78.750	325.575
41	0	2	4	315.050	369.850	151.450	168.450	none	0.500	0.500	0.500	0	11	78.750	325.575
41	0	2	5	369.850	424.650	151.450	168.450	none	0.500	none	0.500	0	11	78.750	325.575
41	0	2	6	424.650	479.450	151.450	168.450	none	0.500	none	0.500	0	11	78.750	325.575
41	0	2	7	479.450	534.250	151.450	168.450	none	0.500	0.500	0.500	0	11	78.750	325.575
41	0	2	8	534.250	589.150	151.450	168.450	none	0.500	none	0.500	0	11	78.750	325.575
41	0	2	9	589.150	643.950	151.450	168.450	0.500	0.500	none	0.500	0	11	78.750	325.575
41	0	2	10	643.950	699.550	151.450	168.450	0.500	0.500	0.500	0.500	0	11	78.750	325.575
41	0	2	11	699.550	734.650	151.450	168.450	none	none	none	0.500	0	11	78.750	325.575
41	0	3	1	143.750	205.300	168.450	185.200	none	0.500	none	0.500	0	11	78.750	325.575
41	0	3	2	205.300	260.050	168.450	185.200	none	0.500	none	0.500	0	11	78.750	325.575
41	0	3	3	260.050	315.050	168.450	185.200	none	0.500	0.500	0.500	0	11	78.750	325.575
41	0	3	4	315.050	369.850	168.450	185.200	none	0.500	0.500	0.500	0	11	78.750	325.575
41	0	3	5	369.850	424.650	168.450	185.200	none	0.500	none	0.500	0	11	78.750	325.575
41	0	3	6	424.650	479.450	168.450	185.200	none	0.500	none	0.500	0	11	78.750	325.575
41	0	3	7	479.450	534.250	168.450	185.200	none	0.500	0.500	0.500	0	11	78.750	325.575
41	0	3	8	534.250	589.150	168.450	185.200	none	0.500	none	0.500	0	11	78.750	325.575
41	0	3	9	589.150	734.650	168.450	325.450	none	0.500	none	0.500	0	11	78.750	325.575
41	0	4	0	57.850	143.750	185.200	218.700	none	0.500	0.500	0.500	0	11	78.750	325.575
41	0	4	1	143.750	205.300	185.200	201.950	none	0.500	none	0.500	0	11	78.750	325.575
41	0	4	2	205.300	260.050	185.200	201.950	none	0.500	none	0.500	0	11	78.750	325.575
41	0	4	3	260.050	315.050	185.200	201.950	none	0.500	0.500	0.500	0	11	78.750	325.575
41	0	4	4	315.050	369.850	185.200	201.950	none	0.500	0.500	0.500	0	11	78.750	325.575
41	0	4	5	369.850	424.650	185.200	201.950	none	0.500	none	0.500	0	11	78.750	325.575
41	0	4	6	424.650	479.450	185.200	201.950	none	0.500	none	0.500	0	11	78.750	325.575
41	0	4	7	479.450	534.250	185.200	201.950	none	0.500	0.500	0.500	0	11	78.750	325.575
41	0	4	8	534.250	589.150	185.200	201.950	none	0.500	none	0.500	0	11	78.750	325.575
41	0	5	1	143.750	205.300	201.950	218.700	none	0.500	none	0.500	0	11	78.750	325.575
41	0	5	2	205.300	260.050	201.950	218.700	none	0.500	none	0.500	0	11	78.750	325.575
41	0	5	3	260.050	315.050	201.950	218.700	none	0.500	0.500	0.500	0	11	78.750	325.575
41	0	5	4	315.050	369.850	201.950	218.700	none	0.500	0.500	0.500	0	11	78.750	325.575
41	0	5	5	369.850	424.650	201.950	218.700	none	0.500	none	0.500	0	11	78.750	325.575
41	0	5	6	424.650	479.450	201.950	218.700	none	0.500	none	0.500	0	11	78.750	325.575
41	0	5	7	479.450	534.250	201.950	218.700	none	0.500	0.500	0.500	0	11	78.750	325.575
41	0	5	8	534.250	589.150	201.950	218.700	none	0.500	none	0.500	0	11	78.750	325.575
41	0	6	0	57.850	143.750	218.700	252.450	none	0.500	0.500	0.500	0	11	78.750	325.575
41	0	6	1	143.750	205.300	218.700	235.450	none	0.500	none	0.500	0	11	78.750	325.575
41	0	6	2	205.300	260.050	218.700	235.450	none	0.500	none	0.500	0	11	78.750	325.575
41	0	6	3	260.050	315.050	218.700	235.450	none	0.500	0.500	0.500	0	11	78.750	325.575
41	0	6	4	315.050	369.850	218.700	235.450	none	0.500	0.500	0.500	0	11	78.750	325.575
41	0	6	5	369.850	424.650	218.700	235.450	none	0.500	none	0.500	0	11	78.750	325.575
41	0	6	6	424.650	479.450	218.700	235.450	none	0.500	none	0.500	0	11	78.750	325.575
41	0	6	7	479.450	534.250	218.700	235.450	none	0.500	0.500	0.500	0	11	78.750	325.575
41	0	6	8	534.250	589.150	218.700	235.450	none	0.500	none	0.500	0	11	78.750	325.575
41	0	7	1	143.750	205.300	235.450	252.450	none	0.500	none	0.500	0	11	78.750	325.575
41	0	7	2	205.300	260.050	235.450	252.450	none	0.500	none	0.500	0	11	78.750	325.575
41	0	7	3	260.050	315.050	235.450	252.450	none	0.500	0.500	0.500	0	11	78.750	325.575
41	0	7	4	315.050	369.850	235.450	252.450	none	0.500	0.500	0.500	0	11	78.750	325.575
41	0	7	5	369.850	424.650	235.450	252.450	none	0.500	none	0.500	0	11	78.750	325.575
41	0	7	6	424.650	479.450	235.450	252.450	none	0.500	none	0.500	0	11	78.750	325.575
41	0	7	7	479.450	534.250	235.450	252.450	0.500	0.500	0.500	0.500	0	11	78.750	325.575
41	0	7	8	534.250	589.150	235.450	252.450	0.500	0.500	none	0.500	0	11	78.750	325.575
41	0	8	0	57.850	143.750	252.450	276.950	none	0.500	0.500	0.500	0	11	78.750	325.575
41	0	8	1	143.750	205.300	252.450	276.950	none	0.500	none	0.500	0	11	78.750	325.575
41	0	8	2	205.300	260.050	252.450	276.950	none	0.500	none	0.500	0	11	78.750	325.575
41	0	8	3	260.050	315.050	252.450	276.950	none	0.500	0.500	0.500	0	11	78.750	325.575
41	0	8	4	315.050	369.850	252.450	276.950	none	0.500	0.500	0.500	0	11	78.750	325.575
41	0	8	5	369.850	424.650	252.450	276.950	none	0.500	none	0.500	0	11	78.750	325.575
41	0	8	6	424.650	479.450	252.450	276.950	none	0.500	none	0.500	0	11	78.750	325.575
41	0	8	7	479.450	589.150	252.450	325.450	0.500	0.500	0.500	none	0	11	78.750	325.575
41	0	9	0	57.850	143.750	276.950	301.200	none	0.500	0.500	0.500	0	11	78.750	325.575
41	0	9	1	143.750	205.300	276.950	301.200	none	0.500	none	0.500	0	11	78.750	325.575
41	0	9	2	205.300	260.050	276.950	301.200	none	0.500	none	0.500	0	11	78.750	325.575
41	0	9	3	260.050	315.050	276.950	301.200	none	0.500	0.500	0.500	0	11	78.750	325.575
41	0	9	4	315.050	369.850	276.950	301.200	none	0.500	0.500	0.500	0	11	78.750	325.575
41	0	9	5	369.850	424.650	276.950	301.200	none	0.500	none	0.500	0	11	78.750	325.575
41	0	9	6	424.650	479.450	276.950	301.200	none	0.500	none	0.500	0	11	78.750	325.575
41	0	10	0	57.850	143.750	301.200	325.450	none	0.500	0.500	0.500	0	11	78.750	325.575
41	0	10	1	143.750	205.300	301.200	325.450	none	0.500	none	0.500	0	11	78.750	325.575
41	0	10	2	205.300	260.050	301.200	325.450	none	0.500	none	0.500	0	11	78.750	325.575
41	0	10	3	260.050	315.050	301.200	325.450	none	0.500	0.500	0.500	0	11	78.750	325.575
41	0	10	4	315.050	369.850	301.200	325.450	none	0.500	0.500	0.500	0	11	78.750	325.575
41	0	10	5	369.850	424.650	301.200	325.450	none	0.500	none	0.500	0	11	78.750	325.575
41	0	10	6	424.650	479.450	301.200	325.450	none	0.500	none	0.500	0	11	78.750	325.575
42	0	0	0	57.850	143.750	79.000	134.450	0.500	none	0.500	0.500	0	11	78.750	325.575
42	0	0	1	143.750	205.300	79.000	134.450	0.500	0.500	none	0.500	0	11	78.750	325.575
42	0	0	2	205.300	260.050	79.000	134.450	0.500	0.500	none	none	0	11	78.750	325.575
42	0	0	3	260.050	315.050	79.000	134.450	0.500	0.500	0.500	0.500	0	11	78.750	325.575
42	0	0	4	315.050	369.850	79.000	134.450	0.500	0.500	0.500	none	0	11	78.750	325.575
42	0	0	5	369.850	424.650	79.000	134.450	0.500	0.500	0.500	none	0	11	78.750	325.575
42	0	0	6	424.650	479.450	79.000	134.450	0.500	0.500	0.500	none	0	11	78.750	325.575
42	0	0	7	479.450	534.250	79.000	134.450	0.500	0.500	0.500	none	0	11	78.750	325.575
42	0	0	8	534.250	589.150	79.000	134.450	0.500	0.500	0.500	none	0	11	78.750	325.575
42	0	0	9	589.150	643.950	79.000	134.450	0.500	0.500	0.500	0.500	0	11	78.750	325.575
42	0	0	10	643.950	699.550	79.000	134.450	0.500	0.500	0.500	0.500	0	11	78.750	325.575
42	0	0	11	699.550	734.650	79.000	134.450	0.500	none	none	0.500	0	11	78.750	325.575
42	0	1	0	57.850	143.750	134.450	185.200	0.500	0.500	0.500	0.500	0	11	78.750	325.575
42	0	1	1	143.750	205.300	134.450	151.450	none	0.500	none	0.500	0	11	78.750	325.575
42	0	1	2	205.300	260.050	134.450	151.450	none	0.500	none	0.500	0	11	78.750	325.575
42	0	1	3	260.050	315.050	134.450	151.450	none	0.500	0.500	0.500	0	11	78.750	325.575
42	0	1	4	315.050	369.850	134.450	151.450	none	0.500	0.500	0.500	0	11	78.750	325.575
42	0	1	5	369.850	424.650	134.450	151.450	none	0.500	none	0.500	0	11	78.750	325.575
42	0	1	6	424.650	479.450	134.450	151.450	none	0.500	none	0.500	0	11	78.750	325.575
42	0	1	7	479.450	534.250	134.450	151.450	none	0.500	0.500	0.500	0	11	78.750	325.575
42	0	1	8	534.250	589.150	134.450	151.450	none	0.500	none	0.500	0	11	78.750	325.575
42	0	1	9	589.150	643.950	134.450	151.450	0.500	0.500	none	0.500	0	11	78.750	325.575
42	0	1	10	643.950	699.550	134.450	151.450	0.500	0.500	0.500	0.500	0	11	78.750	325.575
42	0	1	11	699.550	734.650	134.450	151.450	0.500	none	none	0.500	0	11	78.750	325.575
42	0	2	1	143.750	205.300	151.450	168.450	none	0.500	none	0.500	0	11	78.750	325.575
42	0	2	2	205.300	260.050	151.450	168.450	none	0.500	none	0.500	0	11	78.750	325.575
42	0	2	3	260.050	315.050	151.450	168.450	none	0.500	0.500	0.500	0	11	78.750	325.575
42	0	2	4	315.050	369.850	151.450	168.450	none	0.500	0.500	0.500	0	11	78.750	325.575
42	0	2	5	369.850	424.650	151.450	168.450	none	0.500	none	0.500	0	11	78.750	325.575
42	0	2	6	424.650	479.450	151.450	168.450	none	0.500	none	0.500	0	11	78.750	325.575
42	0	2	7	479.450	534.250	151.450	168.450	none	0.500	0.500	0.500	0	11	78.750	325.575
42	0	2	8	534.250	589.150	151.450	168.450	none	0.500	none	0.500	0	11	78.750	325.575
42	0	2	9	589.150	643.950	151.450	168.450	0.500	0.500	none	0.500	0	11	78.750	325.575
42	0	2	10	643.950	699.550	151.450	168.450	0.500	0.500	0.500	0.500	0	11	78.750	325.575
42	0	2	11	699.550	734.650	151.450	168.450	none	none	none	0.500	0	11	78.750	325.575
42	0	3	1	143.750	205.300	168.450	185.200	none	0.500	none	0.500	0	11	78.750	325.575
42	0	3	2	205.300	260.050	168.450	185.200	none	0.500	none	0.500	0	11	78.750	325.575
42	0	3	3	260.050	315.050	168.450	185.200	none	0.500	0.500	0.500	0	11	78.750	325.575
42	0	3	4	315.050	369.850	168.450	185.200	none	0.500	0.500	0.500	0	11	78.750	325.575
42	0	3	5	369.850	424.650	168.450	185.200	none	0.500	none	0.500	0	11	78.750	325.575
42	0	3	6	424.650	479.450	168.450	185.200	none	0.500	none	0.500	0	11	78.750	325.575
42	0	3	7	479.450	534.250	168.450	185.200	none	0.500	0.500	0.500	0	11	78.750	325.575
42	0	3	8	534.250	589.150	168.450	185.200	none	0.500	none	0.500	0	11	78.750	325.575
42	0	3	9	589.150	734.650	168.450	325.450	none	0.500	none	0.500	0	11	78.750	325.575
42	0	4	0	57.850	143.750	185.200	218.700	none	0.500	0.500	0.500	0	11	78.750	325.575
42	0	4	1	143.750	205.300	185.200	201.950	none	0.500	none	0.500	0	11	78.750	325.575
42	0	4	2	205.300	260.050	185.200	201.950	none	0.500	none	0.500	0	11	78.750	325.575
42	0	4	3	260.050	315.050	185.200	201.950	none	0.500	0.500	0.500	0	11	78.750	325.575
42	0	4	4	315.050	369.850	185.200	201.950	none	0.500	0.500	0.500	0	11	78.750	325.575
42	0	4	5	369.850	424.650	185.200	201.950	none	0.500	none	0.500	0	11	78.750	325.575
42	0	4	6	424.650	479.450	185.200	201.950	none	0.500	none	0.500	0	11	78.750	325.575
42	0	4	7	479.450	534.250	185.200	201.950	none	0.500	0.500	0.500	0	11	78.750	325.575
42	0	4	8	534.250	589.150	185.200	201.950	none	0.500	none	0.500	0	11	78.750	325.575
42	0	5	1	143.750	205.300	201.950	218.700	none	0.500	none	0.500	0	11	78.750	325.575
42	0	5	2	205.300	260.050	201.950	218.700	none	0.500	none	0.500	0	11	78.750	325.575
42	0	5	3	260.050	315.050	201.950	218.700	none	0.500	0.500	0.500	0	11	78.750	325.575
42	0	5	4	315.050	369.850	201.950	218.700	none	0.500	0.500	0.500	0	11	78.750	325.575
42	0	5	5	369.850	424.650	201.950	218.700	none	0.500	none	0.500	0	11	78.750	325.575
42	0	5	6	424.650	479.450	201.950	218.700	none	0.500	none	0.500	0	11	78.750	325.575
42	0	5	7	479.450	534.250	201.950	218.700	none	0.500	0.500	0.500	0	11	78.750	325.575
42	0	5	8	534.250	589.150	201.950	218.700	none	0.500	none	0.500	0	11	78.750	325.575
42	0	6	0	57.850	143.750	218.700	252.450	none	0.500	0.500	0.500	0	11	78.750	325.575
42	0	6	1	143.750	205.300	218.700	235.450	none	0.500	none	0.500	0	11	78.750	325.575
42	0	6	2	205.300	260.050	218.700	235.450	none	0.500	none	0.500	0	11	78.750	325.575
42	0	6	3	260.050	315.050	218.700	235.450	none	0.500	0.500	0.500	0	11	78.750	325.575
42	0	6	4	315.050	369.850	218.700	235.450	none	0.500	0.500	0.500	0	11	78.750	325.575
42	0	6	5	369.850	424.650	218.700	235.450	none	0.500	none	0.500	0	11	78.750	325.575
42	0	6	6	424.650	479.450	218.700	235.450	none	0.500	none	0.500	0	11	78.750	325.575
42	0	6	7	479.450	534.250	218.700	235.450	none	0.500	0.500	0.500	0	11	78.750	325.575
42	0	6	8	534.250	589.150	218.700	235.450	none	0.500	none	0.500	0	11	78.750	325.575
42	0	7	1	143.750	205.300	235.450	252.450	none	0.500	none	0.500	0	11	78.750	325.575
42	0	7	2	205.300	260.050	235.450	252.450	none	0.500	none	0.500	0	11	78.750	325.575
42	0	7	3	260.050	315.050	235.450	252.450	none	0.500	0.500	0.500	0	11	78.750	325.575
42	0	7	4	315.050	369.850	235.450	252.450	none	0.500	0.500	0.500	0	11	78.750	325.575
42	0	7	5	369.850	424.650	235.450	252.450	none	0.500	none	0.500	0	11	78.750	325.575
42	0	7	6	424.650	479.450	235.450	252.450	none	0.500	none	0.500	0	11	78.750	325.575
42	0	7	7	479.450	534.250	235.450	252.450	0.500	0.500	0.500	0.500	0	11	78.750	325.575
42	0	7	8	534.250	589.150	235.450	252.450	0.500	0.500	none	0.500	0	11	78.750	325.575
42	0	8	0	57.850	143.750	252.450	276.950	none	0.500	0.500	0.500	0	11	78.750	325.575
42	0	8	1	143.750	205.300	252.450	276.950	none	0.500	none	0.500	0	11	78.750	325.575
42	0	8	2	205.300	260.050	252.450	276.950	none	0.500	none	0.500	0	11	78.750	325.575
42	0	8	3	260.050	315.050	252.450	276.950	none	0.500	0.500	0.500	0	11	78.750	325.575
42	0	8	4	315.050	369.850	252.450	276.950	none	0.500	0.500	0.500	0	11	78.750	325.575
42	0	8	5	369.850	424.650	252.450	276.950	none	0.500	none	0.500	0	11	78.750	325.575
42	0	8	6	424.650	479.450	252.450	276.950	none	0.500	none	0.500	0	11	78.750	325.575
42	0	8	7	479.450	589.150	252.450	325.450	0.500	0.500	0.500	none	0	11	78.750	325.575
42	0	9	0	57.850	143.750	276.950	301.200	none	0.500	0.500	0.500	0	11	78.750	325.575
42	0	9	1	143.750	205.300	276.950	301.200	none	0.500	none	0.500	0	11	78.750	325.575
42	0	9	2	205.300	260.050	276.950	301.200	none	0.500	none	0.500	0	11	78.750	325.575
42	0	9	3	260.050	315.050	276.950	301.200	none	0.500	0.500	0.500	0	11	78.750	325.575
42	0	9	4	315.050	369.850	276.950	301.200	none	0.500	0.500	0.500	0	11	78.750	325.575
42	0	9	5	369.850	424.650	276.950	301.200	none	0.500	none	0.500	0	11	78.750	325.575
42	0	9	6	424.650	479.450	276.950	301.200	none	0.500	none	0.500	0	11	78.750	325.575
42	0	10	0	57.850	143.750	301.200	325.450	none	0.500	0.500	0.500	0	11	78.750	325.575
42	0	10	1	143.750	205.300	301.200	325.450	none	0.500	none	0.500	0	11	78.750	325.575
42	0	10	2	205.300	260.050	301.200	325.450	none	0.500	none	0.500	0	11	78.750	325.575
42	0	10	3	260.050	315.050	301.200	325.450	none	0.500	0.500	0.500	0	11	78.750	325.575
42	0	10	4	315.050	369.850	301.200	325.450	none	0.500	0.500	0.500	0	11	78.750	325.575
42	0	10	5	369.850	424.650	301.200	325.450	none	0.500	none	0.500	0	11	78.750	325.575
42	0	10	6	424.650	479.450	301.200	325.450	none	0.500	none	0.500	0	11	78.750	325.575
43	0	0	0	57.850	143.750	79.000	134.450	0.500	none	0.500	0.500	0	11	78.750	325.575
43	0	0	1	143.750	205.300	79.000	134.450	0.500	0.500	none	0.500	0	11	78.750	325.575
43	0	0	2	205.300	260.050	79.000	134.450	0.500	0.500	none	none	0	11	78.750	325.575
43	0	0	3	260.050	315.050	79.000	134.450	0.500	0.500	0.500	0.500	0	11	78.750	325.575
43	0	0	4	315.050	369.850	79.000	134.450	0.500	0.500	0.500	none	0	11	78.750	325.575
43	0	0	5	369.850	424.650	79.000	134.450	0.500	0.500	0.500	none	0	11	78.750	325.575
43	0	0	6	424.650	479.450	79.000	134.450	0.500	0.500	0.500	none	0	11	78.750	325.575
43	0	0	7	479.450	534.250	79.000	134.450	0.500	0.500	0.500	none	0	11	78.750	325.575
43	0	0	8	534.250	589.150	79.000	134.450	0.500	0.500	0.500	none	0	11	78.750	325.575
43	0	0	9	589.150	643.950	79.000	134.450	0.500	0.500	0.500	0.500	0	11	78.750	325.575
43	0	0	10	643.950	699.550	79.000	134.450	0.500	0.500	0.500	0.500	0	11	78.750	325.575
43	0	0	11	699.550	734.650	79.000	134.450	0.500	none	none	0.500	0	11	78.750	325.575
43	0	1	0	57.850	143.750	134.450	185.200	0.500	0.500	0.500	0.500	0	11	78.750	325.575
43	0	1	1	143.750	205.300	134.450	151.450	none	0.500	none	0.500	0	11	78.750	325.575
43	0	1	2	205.300	260.050	134.450	151.450	none	0.500	none	0.500	0	11	78.750	325.575
43	0	1	3	260.050	315.050	134.450	151.450	none	0.500	0.500	0.500	0	11	78.750	325.575
43	0	1	4	315.050	369.850	134.450	151.450	none	0.500	0.500	0.500	0	11	78.750	325.575
43	0	1	5	369.850	424.650	134.450	151.450	none	0.500	none	0.500	0	11	78.750	325.575
43	0	1	6	424.650	479.450	134.450	151.450	none	0.500	none	0.500	0	11	78.750	325.575
43	0	1	7	479.450	534.250	134.450	151.450	none	0.500	0.500	0.500	0	11	78.750	325.575
43	0	1	8	534.250	589.150	134.450	151.450	none	0.500	none	0.500	0	11	78.750	325.575
43	0	1	9	589.150	643.950	134.450	151.450	0.500	0.500	none	0.500	0	11	78.750	325.575
43	0	1	10	643.950	699.550	134.450	151.450	0.500	0.500	0.500	0.500	0	11	78.750	325.575
43	0	1	11	699.550	734.650	134.450	151.450	0.500	none	none	0.500	0	11	78.750	325.575
43	0	2	1	143.750	205.300	151.450	168.450	none	0.500	none	0.500	0	11	78.750	325.575
43	0	2	2	205.300	260.050	151.450	168.450	none	0.500	none	0.500	0	11	78.750	325.575
43	0	2	3	260.050	315.050	151.450	168.450	none	0.500	0.500	0.500	0	11	78.750	325.575
43	0	2	4	315.050	369.850	151.450	168.450	none	0.500	0.500	0.500	0	11	78.750	325.575
43	0	2	5	369.850	424.650	151.450	168.450	none	0.500	none	0.500	0	11	78.750	325.575
43	0	2	6	424.650	479.450	151.450	168.450	none	0.500	none	0.500	0	11	78.750	325.575
43	0	2	7	479.450	534.250	151.450	168.450	none	0.500	0.500	0.500	0	11	78.750	325.575
43	0	2	8	534.250	589.150	151.450	168.450	none	0.500	none	0.500	0	11	78.750	325.575
43	0	2	9	589.150	643.950	151.450	168.450	0.500	0.500	none	0.500	0	11	78.750	325.575
43	0	2	10	643.950	699.550	151.450	168.450	0.500	0.500	0.500	0.500	0	11	78.750	325.575
43	0	2	11	699.550	734.650	151.450	168.450	none	none	none	0.500	0	11	78.750	325.575
43	0	3	1	143.750	205.300	168.450	185.200	none	0.500	none	0.500	0	11	78.750	325.575
43	0	3	2	205.300	260.050	168.450	185.200	none	0.500	none	0.500	0	11	78.750	325.575
43	0	3	3	260.050	315.050	168.450	185.200	none	0.500	0.500	0.500	0	11	78.750	325.575
43	0	3	4	315.050	369.850	168.450	185.200	none	0.500	0.500	0.500	0	11	78.750	325.575
43	0	3	5	369.850	424.650	168.450	185.200	none	0.500	none	0.500	0	11	78.750	325.575
43	0	3	6	424.650	479.450	168.450	185.200	none	0.500	none	0.500	0	11	78.750	325.575
43	0	3	7	479.450	534.250	168.450	185.200	none	0.500	0.500	0.500	0	11	78.750	325.575
43	0	3	8	534.250	589.150	168.450	185.200	none	0.500	none	0.500	0	11	78.750	325.575
43	0	3	9	589.150	734.650	168.450	325.450	none	0.500	none	0.500	0	11	78.750	325.575
43	0	4	0	57.850	143.750	185.200	218.700	none	0.500	0.500	0.500	0	11	78.750	325.575
43	0	4	1	143.750	205.300	185.200	201.950	none	0.500	none	0.500	0	11	78.750	325.575
43	0	4	2	205.300	260.050	185.200	201.950	none	0.500	none	0.500	0	11	78.750	325.575
43	0	4	3	260.050	315.050	185.200	201.950	none	0.500	0.500	0.500	0	11	78.750	325.575
43	0	4	4	315.050	369.850	185.200	201.950	none	0.500	0.500	0.500	0	11	78.750	325.575
43	0	4	5	369.850	424.650	185.200	201.950	none	0.500	none	0.500	0	11	78.750	325.575
43	0	4	6	424.650	479.450	185.200	201.950	none	0.500	none	0.500	0	11	78.750	325.575
43	0	4	7	479.450	534.250	185.200	201.950	none	0.500	0.500	0.500	0	11	78.750	325.575
43	0	4	8	534.250	589.150	185.200	201.950	none	0.500	none	0.500	0	11	78.750	325.575
43	0	5	1	143.750	205.300	201.950	218.700	none	0.500	none	0.500	0	11	78.750	325.575
43	0	5	2	205.300	260.050	201.950	218.700	none	0.500	none	0.500	0	11	78.750	325.575
43	0	5	3	260.050	315.050	201.950	218.700	none	0.500	0.500	0.500	0	11	78.750	325.575
43	0	5	4	315.050	369.850	201.950	218.700	none	0.500	0.500	0.500	0	11	78.750	325.575
43	0	5	5	369.850	424.650	201.950	218.700	none	0.500	none	0.500	0	11	78.750	325.575
43	0	5	6	424.650	479.450	201.950	218.700	none	0.500	none	0.500	0	11	78.750	325.575
43	0	5	7	479.450	534.250	201.950	218.700	none	0.500	0.500	0.500	0	11	78.750	325.575
43	0	5	8	534.250	589.150	201.950	218.700	none	0.500	none	0.500	0	11	78.750	325.575
43	0	6	0	57.850	143.750	218.700	252.450	none	0.500	0.500	0.500	0	11	78.750	325.575
43	0	6	1	143.750	205.300	218.700	235.450	none	0.500	none	0.500	0	11	78.750	325.575
43	0	6	2	205.300	260.050	218.700	235.450	none	0.500	none	0.500	0	11	78.750	325.575
43	0	6	3	260.050	315.050	218.700	235.450	none	0.500	0.500	0.500	0	11	78.750	325.575
43	0	6	4	315.050	369.850	218.700	235.450	none	0.500	0.500	0.500	0	11	78.750	325.575
43	0	6	5	369.850	424.650	218.700	235.450	none	0.500	none	0.500	0	11	78.750	325.575
43	0	6	6	424.650	479.450	218.700	235.450	none	0.500	none	0.500	0	11	78.750	325.575
43	0	6	7	479.450	534.250	218.700	235.450	none	0.500	0.500	0.500	0	11	78.750	325.575
43	0	6	8	534.250	589.150	218.700	235.450	none	0.500	none	0.500	0	11	78.750	325.575
43	0	7	1	143.750	205.300	235.450	252.450	none	0.500	none	0.500	0	11	78.750	325.575
43	0	7	2	205.300	260.050	235.450	252.450	none	0.500	none	0.500	0	11	78.750	325.575
43	0	7	3	260.050	315.050	235.450	252.450	none	0.500	0.500	0.500	0	11	78.750	325.575
43	0	7	4	315.050	369.850	235.450	252.450	none	0.500	0.500	0.500	0	11	78.750	325.575
43	0	7	5	369.850	424.650	235.450	252.450	none	0.500	none	0.500	0	11	78.750	325.575
43	0	7	6	424.650	479.450	235.450	252.450	none	0.500	none	0.500	0	11	78.750	325.575
43	0	7	7	479.450	534.250	235.450	252.450	0.500	0.500	0.500	0.500	0	11	78.750	325.575
43	0	7	8	534.250	589.150	235.450	252.450	0.500	0.500	none	0.500	0	11	78.750	325.575
43	0	8	0	57.850	143.750	252.450	276.950	none	0.500	0.500	0.500	0	11	78.750	325.575
43	0	8	1	143.750	205.300	252.450	276.950	none	0.500	none	0.500	0	11	78.750	325.575
43	0	8	2	205.300	260.050	252.450	276.950	none	0.500	none	0.500	0	11	78.750	325.575
43	0	8	3	260.050	315.050	252.450	276.950	none	0.500	0.500	0.500	0	11	78.750	325.575
43	0	8	4	315.050	369.850	252.450	276.950	none	0.500	0.500	0.500	0	11	78.750	325.575
43	0	8	5	369.850	424.650	252.450	276.950	none	0.500	none	0.500	0	11	78.750	325.575
43	0	8	6	424.650	479.450	252.450	276.950	none	0.500	none	0.500	0	11	78.750	325.575
43	0	8	7	479.450	589.150	252.450	325.450	0.500	0.500	0.500	none	0	11	78.750	325.575
43	0	9	0	57.850	143.750	276.950	301.200	none	0.500	0.500	0.500	0	11	78.750	325.575
43	0	9	1	143.750	205.300	276.950	301.200	none	0.500	none	0.500	0	11	78.750	325.575
43	0	9	2	205.300	260.050	276.950	301.200	none	0.500	none	0.500	0	11	78.750	325.575
43	0	9	3	260.050	315.050	276.950	301.200	none	0.500	0.500	0.500	0	11	78.750	325.575
43	0	9	4	315.050	369.850	276.950	301.200	none	0.500	0.500	0.500	0	11	78.750	325.575
43	0	9	5	369.850	424.650	276.950	301.200	none	0.500	none	0.500	0	11	78.750	325.575
43	0	9	6	424.650	479.450	276.950	301.200	none	0.500	none	0.500	0	11	78.750	325.575
43	0	10	0	57.850	143.750	301.200	325.450	none	0.500	0.500	0.500	0	11	78.750	325.575
43	0	10	1	143.750	205.300	301.200	325.450	none	0.500	none	0.500	0	11	78.750	325.575
43	0	10	2	205.300	260.050	301.200	325.450	none	0.500	none	0.500	0	11	78.750	325.575
43	0	10	3	260.050	315.050	301.200	325.450	none	0.500	0.500	0.500	0	11	78.750	325.575
43	0	10	4	315.050	369.850	301.200	325.450	none	0.500	0.500	0.500	0	11	78.750	325.575
43	0	10	5	369.850	424.650	301.200	325.450	none	0.500	none	0.500	0	11	78.750	325.575
43	0	10	6	424.650	479.450	301.200	325.450	none	0.500	none	0.500	0	11	78.750	325.575
44	0	0	0	57.850	143.750	79.000	134.450	0.500	none	0.500	0.500	0	11	78.750	325.575
44	0	0	1	143.750	205.300	79.000	134.450	0.500	0.500	none	0.500	0	11	78.750	325.575
44	0	0	2	205.300	260.050	79.000	134.450	0.500	0.500	none	none	0	11	78.750	325.575
44	0	0	3	260.050	315.050	79.000	134.450	0.500	0.500	0.500	0.500	0	11	78.750	325.575
44	0	0	4	315.050	369.850	79.000	134.450	0.500	0.500	0.500	none	0	11	78.750	325.575
44	0	0	5	369.850	424.650	79.000	134.450	0.500	0.500	0.500	none	0	11	78.750	325.575
44	0	0	6	424.650	479.450	79.000	134.450	0.500	0.500	0.500	none	0	11	78.750	325.575
44	0	0	7	479.450	534.250	79.000	134.450	0.500	0.500	0.500	none	0	11	78.750	325.575
44	0	0	8	534.250	589.150	79.000	134.450	0.500	0.500	0.500	none	0	11	78.750	325.575
44	0	0	9	589.150	643.950	79.000	134.450	0.500	0.500	0.500	0.500	0	11	78.750	325.575
44	0	0	10	643.950	699.550	79.000	134.450	0.500	0.500	0.500	0.500	0	11	78.750	325.575
44	0	0	11	699.550	734.650	79.000	134.450	0.500	none	none	0.500	0	11	78.750	325.575
44	0	1	0	57.850	143.750	134.450	185.200	0.500	0.500	0.500	0.500	0	11	78.750	325.575
44	0	1	1	143.750	205.300	134.450	151.450	none	0.500	none	0.500	0	11	78.750	325.575
44	0	1	2	205.300	260.050	134.450	151.450	none	0.500	none	0.500	0	11	78.750	325.575
44	0	1	3	260.050	315.050	134.450	151.450	none	0.500	0.500	0.500	0	11	78.750	325.575
44	0	1	4	315.050	369.850	134.450	151.450	none	0.500	0.500	0.500	0	11	78.750	325.575
44	0	1	5	369.850	424.650	134.450	151.450	none	0.500	none	0.500	0	11	78.750	325.575
44	0	1	6	424.650	479.450	134.450	151.450	none	0.500	none	0.500	0	11	78.750	325.575
44	0	1	7	479.450	534.250	134.450	151.450	none	0.500	0.500	0.500	0	11	78.750	325.575
44	0	1	8	534.250	589.150	134.450	151.450	none	0.500	none	0.500	0	11	78.750	325.575
44	0	1	9	589.150	643.950	134.450	151.450	0.500	0.500	none	0.500	0	11	78.750	325.575
44	0	1	10	643.950	699.550	134.450	151.450	0.500	0.500	0.500	0.500	0	11	78.750	325.575
44	0	1	11	699.550	734.650	134.450	151.450	0.500	none	none	0.500	0	11	78.750	325.575
44	0	2	1	143.750	205.300	151.450	168.450	none	0.500	none	0.500	0	11	78.750	325.575
44	0	2	2	205.300	260.050	151.450	168.450	none	0.500	none	0.500	0	11	78.750	325.575
44	0	2	3	260.050	315.050	151.450	168.450	none	0.500	0.500	0.500	0	11	78.750	325.575
44	0	2	4	315.050	369.850	151.450	168.450	none	0.500	0.500	0.500	0	11	78.750	325.575
44	0	2	5	369.850	424.650	151.450	168.450	none	0.500	none	0.500	0	11	78.750	325.575
44	0	2	6	424.650	479.450	151.450	168.450	none	0.500	none	0.500	0	11	78.750	325.575
44	0	2	7	479.450	534.250	151.450	168.450	none	0.500	0.500	0.500	0	11	78.750	325.575
44	0	2	8	534.250	589.150	151.450	168.450	none	0.500	none	0.500	0	11	78.750	325.575
44	0	2	9	589.150	643.950	151.450	168.450	0.500	0.500	none	0.500	0	11	78.750	325.575
44	0	2	10	643.950	699.550	151.450	168.450	0.500	0.500	0.500	0.500	0	11	78.750	325.575
44	0	2	11	699.550	734.650	151.450	168.450	none	none	none	0.500	0	11	78.750	325.575
44	0	3	1	143.750	205.300	168.450	185.200	none	0.500	none	0.500	0	11	78.750	325.575
44	0	3	2	205.300	260.050	168.450	185.200	none	0.500	none	0.500	0	11	78.750	325.575
44	0	3	3	260.050	315.050	168.450	185.200	none	0.500	0.500	0.500	0	11	78.750	325.575
44	0	3	4	315.050	369.850	168.450	185.200	none	0.500	0.500	0.500	0	11	78.750	325.575
44	0	3	5	369.850	424.650	168.450	185.200	none	0.500	none	0.500	0	11	78.750	325.575
44	0	3	6	424.650	479.450	168.450	185.200	none	0.500	none	0.500	0	11	78.750	325.575
44	0	3	7	479.450	534.250	168.450	185.200	none	0.500	0.500	0.500	0	11	78.750	325.575
44	0	3	8	534.250	589.150	168.450	185.200	none	0.500	none	0.500	0	11	78.750	325.575
44	0	3	9	589.150	734.650	168.450	325.450	none	0.500	none	0.500	0	11	78.750	325.575
44	0	4	0	57.850	143.750	185.200	218.700	none	0.500	0.500	0.500	0	11	78.750	325.575
44	0	4	1	143.750	205.300	185.200	201.950	none	0.500	none	0.500	0	11	78.750	325.575
44	0	4	2	205.300	260.050	185.200	201.950	none	0.500	none	0.500	0	11	78.750	325.575
44	0	4	3	260.050	315.050	185.200	201.950	none	0.500	0.500	0.500	0	11	78.750	325.575
44	0	4	4	315.050	369.850	185.200	201.950	none	0.500	0.500	0.500	0	11	78.750	325.575
44	0	4	5	369.850	424.650	185.200	201.950	none	0.500	none	0.500	0	11	78.750	325.575
44	0	4	6	424.650	479.450	185.200	201.950	none	0.500	none	0.500	0	11	78.750	325.575
44	0	4	7	479.450	534.250	185.200	201.950	none	0.500	0.500	0.500	0	11	78.750	325.575
44	0	4	8	534.250	589.150	185.200	201.950	none	0.500	none	0.500	0	11	78.750	325.575
44	0	5	1	143.750	205.300	201.950	218.700	none	0.500	none	0.500	0	11	78.750	325.575
44	0	5	2	205.300	260.050	201.950	218.700	none	0.500	none	0.500	0	11	78.750	325.575
44	0	5	3	260.050	315.050	201.950	218.700	none	0.500	0.500	0.500	0	11	78.750	325.575
44	0	5	4	315.050	369.850	201.950	218.700	none	0.500	0.500	0.500	0	11	78.750	325.575
44	0	5	5	369.850	424.650	201.950	218.700	none	0.500	none	0.500	0	11	78.750	325.575
44	0	5	6	424.650	479.450	201.950	218.700	none	0.500	none	0.500	0	11	78.750	325.575
44	0	5	7	479.450	534.250	201.950	218.700	none	0.500	0.500	0.500	0	11	78.750	325.575
44	0	5	8	534.250	589.150	201.950	218.700	none	0.500	none	0.500	0	11	78.750	325.575
44	0	6	0	57.850	143.750	218.700	252.450	none	0.500	0.500	0.500	0	11	78.750	325.575
44	0	6	1	143.750	205.300	218.700	235.450	none	0.500	none	0.500	0	11	78.750	325.575
44	0	6	2	205.300	260.050	218.700	235.450	none	0.500	none	0.500	0	11	78.750	325.575
44	0	6	3	260.050	315.050	218.700	235.450	none	0.500	0.500	0.500	0	11	78.750	325.575
44	0	6	4	315.050	369.850	218.700	235.450	none	0.500	0.500	0.500	0	11	78.750	325.575
44	0	6	5	369.850	424.650	218.700	235.450	none	0.500	none	0.500	0	11	78.750	325.575
44	0	6	6	424.650	479.450	218.700	235.450	none	0.500	none	0.500	0	11	78.750	325.575
44	0	6	7	479.450	534.250	218.700	235.450	none	0.500	0.500	0.500	0	11	78.750	325.575
44	0	6	8	534.250	589.150	218.700	235.450	none	0.500	none	0.500	0	11	78.750	325.575
44	0	7	1	143.750	205.300	235.450	252.450	none	0.500	none	0.500	0	11	78.750	325.575
44	0	7	2	205.300	260.050	235.450	252.450	none	0.500	none	0.500	0	11	78.750	325.575
44	0	7	3	260.050	315.050	235.450	252.450	none	0.500	0.500	0.500	0	11	78.750	325.575
44	0	7	4	315.050	369.850	235.450	252.450	none	0.500	0.500	0.500	0	11	78.750	325.575
44	0	7	5	369.850	424.650	235.450	252.450	none	0.500	none	0.500	0	11	78.750	325.575
44	0	7	6	424.650	479.450	235.450	252.450	none	0.500	none	0.500	0	11	78.750	325.575
44	0	7	7	479.450	534.250	235.450	252.450	0.500	0.500	0.500	0.500	0	11	78.750	325.575
44	0	7	8	534.250	589.150	235.450	252.450	0.500	0.500	none	0.500	0	11	78.750	325.575
44	0	8	0	57.850	143.750	252.450	276.950	none	0.500	0.500	0.500	0	11	78.750	325.575
44	0	8	1	143.750	205.300	252.450	276.950	none	0.500	none	0.500	0	11	78.750	325.575
44	0	8	2	205.300	260.050	252.450	276.950	none	0.500	none	0.500	0	11	78.750	325.575
44	0	8	3	260.050	315.050	252.450	276.950	none	0.500	0.500	0.500	0	11	78.750	325.575
44	0	8	4	315.050	369.850	252.450	276.950	none	0.500	0.500	0.500	0	11	78.750	325.575
44	0	8	5	369.850	424.650	252.450	276.950	none	0.500	none	0.500	0	11	78.750	325.575
44	0	8	6	424.650	479.450	252.450	276.950	none	0.500	none	0.500	0	11	78.750	325.575
44	0	8	7	479.450	589.150	252.450	325.450	0.500	0.500	0.500	none	0	11	78.750	325.575
44	0	9	0	57.850	143.750	276.950	301.200	none	0.500	0.500	0.500	0	11	78.750	325.575
44	0	9	1	143.750	205.300	276.950	301.200	none	0.500	none	0.500	0	11	78.750	325.575
44	0	9	2	205.300	260.050	276.950	301.200	none	0.500	none	0.500	0	11	78.750	325.575
44	0	9	3	260.050	315.050	276.950	301.200	none	0.500	0.500	0.500	0	11	78.750	325.575
44	0	9	4	315.050	369.850	276.950	301.200	none	0.500	0.500	0.500	0	11	78.750	325.575
44	0	9	5	369.850	424.650	276.950	301.200	none	0.500	none	0.500	0	11	78.750	325.575
44	0	9	6	424.650	479.450	276.950	301.200	none	0.500	none	0.500	0	11	78.750	325.575
44	0	10	0	57.850	143.750	301.200	325.450	none	0.500	0.500	0.500	0	11	78.750	325.575
44	0	10	1	143.750	205.300	301.200	325.450	none	0.500	none	0.500	0	11	78.750	325.575
44	0	10	2	205.300	260.050	301.200	325.450	none	0.500	none	0.500	0	11	78.750	325.575
44	0	10	3	260.050	315.050	301.200	325.450	none	0.500	0.500	0.500	0	11	78.750	325.575
44	0	10	4	315.050	369.850	301.200	325.450	none	0.500	0.500	0.500	0	11	78.750	325.575
44	0	10	5	369.850	424.650	301.200	325.450	none	0.500	none	0.500	0	11	78.750	325.575
44	0	10	6	424.650	479.450	301.200	325.450	none	0.500	none	0.500	0	11	78.750	325.575
45	0	0	0	57.850	143.750	79.000	134.450	0.500	none	0.500	0.500	0	11	78.750	325.575
45	0	0	1	143.750	205.300	79.000	134.450	0.500	0.500	none	0.500	0	11	78.750	325.575
45	0	0	2	205.300	260.050	79.000	134.450	0.500	0.500	none	none	0	11	78.750	325.575
45	0	0	3	260.050	315.050	79.000	134.450	0.500	0.500	0.500	0.500	0	11	78.750	325.575
45	0	0	4	315.050	369.850	79.000	134.450	0.500	0.500	0.500	none	0	11	78.750	325.575
45	0	0	5	369.850	424.650	79.000	134.450	0.500	0.500	0.500	none	0	11	78.750	325.575
45	0	0	6	424.650	479.450	79.000	134.450	0.500	0.500	0.500	none	0	11	78.750	325.575
45	0	0	7	479.450	534.250	79.000	134.450	0.500	0.500	0.500	none	0	11	78.750	325.575
45	0	0	8	534.250	589.150	79.000	134.450	0.500	0.500	0.500	none	0	11	78.750	325.575
45	0	0	9	589.150	643.950	79.000	134.450	0.500	0.500	0.500	0.500	0	11	78.750	325.575
45	0	0	10	643.950	699.550	79.000	134.450	0.500	0.500	0.500	0.500	0	11	78.750	325.575
45	0	0	11	699.550	734.650	79.000	134.450	0.500	none	none	0.500	0	11	78.750	325.575
45	0	1	0	57.850	143.750	134.450	185.200	0.500	0.500	0.500	0.500	0	11	78.750	325.575
45	0	1	1	143.750	205.300	134.450	151.450	none	0.500	none	0.500	0	11	78.750	325.575
45	0	1	2	205.300	260.050	134.450	151.450	none	0.500	none	0.500	0	11	78.750	325.575
45	0	1	3	260.050	315.050	134.450	151.450	none	0.500	0.500	0.500	0	11	78.750	325.575
45	0	1	4	315.050	369.850	134.450	151.450	none	0.500	0.500	0.500	0	11	78.750	325.575
45	0	1	5	369.850	424.650	134.450	151.450	none	0.500	none	0.500	0	11	78.750	325.575
45	0	1	6	424.650	479.450	134.450	151.450	none	0.500	none	0.500	0	11	78.750	325.575
45	0	1	7	479.450	534.250	134.450	151.450	none	0.500	0.500	0.500	0	11	78.750	325.575
45	0	1	8	534.250	589.150	134.450	151.450	none	0.500	none	0.500	0	11	78.750	325.575
45	0	1	9	589.150	643.950	134.450	151.450	0.500	0.500	none	0.500	0	11	78.750	325.575
45	0	1	10	643.950	699.550	134.450	151.450	0.500	0.500	0.500	0.500	0	11	78.750	325.575
45	0	1	11	699.550	734.650	134.450	151.450	0.500	none	none	0.500	0	11	78.750	325.575
45	0	2	1	143.750	205.300	151.450	168.450	none	0.500	none	0.500	0	11	78.750	325.575
45	0	2	2	205.300	260.050	151.450	168.450	none	0.500	none	0.500	0	11	78.750	325.575
45	0	2	3	260.050	315.050	151.450	168.450	none	0.500	0.500	0.500	0	11	78.750	325.575
45	0	2	4	315.050	369.850	151.450	168.450	none	0.500	0.500	0.500	0	11	78.750	325.575
45	0	2	5	369.850	424.650	151.450	168.450	none	0.500	none	0.500	0	11	78.750	325.575
45	0	2	6	424.650	479.450	151.450	168.450	none	0.500	none	0.500	0	11	78.750	325.575
45	0	2	7	479.450	534.250	151.450	168.450	none	0.500	0.500	0.500	0	11	78.750	325.575
45	0	2	8	534.250	589.150	151.450	168.450	none	0.500	none	0.500	0	11	78.750	325.575
45	0	2	9	589.150	643.950	151.450	168.450	0.500	0.500	none	0.500	0	11	78.750	325.575
45	0	2	10	643.950	699.550	151.450	168.450	0.500	0.500	0.500	0.500	0	11	78.750	325.575
45	0	2	11	699.550	734.650	151.450	168.450	none	none	none	0.500	0	11	78.750	325.575
45	0	3	1	143.750	205.300	168.450	185.200	none	0.500	none	0.500	0	11	78.750	325.575
45	0	3	2	205.300	260.050	168.450	185.200	none	0.500	none	0.500	0	11	78.750	325.575
45	0	3	3	260.050	315.050	168.450	185.200	none	0.500	0.500	0.500	0	11	78.750	325.575
45	0	3	4	315.050	369.850	168.450	185.200	none	0.500	0.500	0.500	0	11	78.750	325.575
45	0	3	5	369.850	424.650	168.450	185.200	none	0.500	none	0.500	0	11	78.750	325.575
45	0	3	6	424.650	479.450	168.450	185.200	none	0.500	none	0.500	0	11	78.750	325.575
45	0	3	7	479.450	534.250	168.450	185.200	none	0.500	0.500	0.500	0	11	78.750	325.575
45	0	3	8	534.250	589.150	168.450	185.200	none	0.500	none	0.500	0	11	78.750	325.575
45	0	3	9	589.150	734.650	168.450	325.450	none	0.500	none	0.500	0	11	78.750	325.575
45	0	4	0	57.850	143.750	185.200	218.700	none	0.500	0.500	0.500	0	11	78.750	325.575
45	0	4	1	143.750	205.300	185.200	201.950	none	0.500	none	0.500	0	11	78.750	325.575
45	0	4	2	205.300	260.050	185.200	201.950	none	0.500	none	0.500	0	11	78.750	325.575
45	0	4	3	260.050	315.050	185.200	201.950	none	0.500	0.500	0.500	0	11	78.750	325.575
45	0	4	4	315.050	369.850	185.200	201.950	none	0.500	0.500	0.500	0	11	78.750	325.575
45	0	4	5	369.850	424.650	185.200	201.950	none	0.500	none	0.500	0	11	78.750	325.575
45	0	4	6	424.650	479.450	185.200	201.950	none	0.500	none	0.500	0	11	78.750	325.575
45	0	4	7	479.450	534.250	185.200	201.950	none	0.500	0.500	0.500	0	11	78.750	325.575
45	0	4	8	534.250	589.150	185.200	201.950	none	0.500	none	0.500	0	11	78.750	325.575
45	0	5	1	143.750	205.300	201.950	218.700	none	0.500	none	0.500	0	11	78.750	325.575
45	0	5	2	205.300	260.050	201.950	218.700	none	0.500	none	0.500	0	11	78.750	325.575
45	0	5	3	260.050	315.050	201.950	218.700	none	0.500	0.500	0.500	0	11	78.750	325.575
45	0	5	4	315.050	369.850	201.950	218.700	none	0.500	0.500	0.500	0	11	78.750	325.575
45	0	5	5	369.850	424.650	201.950	218.700	none	0.500	none	0.500	0	11	78.750	325.575
45	0	5	6	424.650	479.450	201.950	218.700	none	0.500	none	0.500	0	11	78.750	325.575
45	0	5	7	479.450	534.250	201.950	218.700	none	0.500	0.500	0.500	0	11	78.750	325.575
45	0	5	8	534.250	589.150	201.950	218.700	none	0.500	none	0.500	0	11	78.750	325.575
45	0	6	0	57.850	143.750	218.700	252.450	none	0.500	0.500	0.500	0	11	78.750	325.575
45	0	6	1	143.750	205.300	218.700	235.450	none	0.500	none	0.500	0	11	78.750	325.575
45	0	6	2	205.300	260.050	218.700	235.450	none	0.500	none	0.500	0	11	78.750	325.575
45	0	6	3	260.050	315.050	218.700	235.450	none	0.500	0.500	0.500	0	11	78.750	325.575
45	0	6	4	315.050	369.850	218.700	235.450	none	0.500	0.500	0.500	0	11	78.750	325.575
45	0	6	5	369.850	424.650	218.700	235.450	none	0.500	none	0.500	0	11	78.750	325.575
45	0	6	6	424.650	479.450	218.700	235.450	none	0.500	none	0.500	0	11	78.750	325.575
45	0	6	7	479.450	534.250	218.700	235.450	none	0.500	0.500	0.500	0	11	78.750	325.575
45	0	6	8	534.250	589.150	218.700	235.450	none	0.500	none	0.500	0	11	78.750	325.575
45	0	7	1	143.750	205.300	235.450	252.450	none	0.500	none	0.500	0	11	78.750	325.575
45	0	7	2	205.300	260.050	235.450	252.450	none	0.500	none	0.500	0	11	78.750	325.575
45	0	7	3	260.050	315.050	235.450	252.450	none	0.500	0.500	0.500	0	11	78.750	325.575
45	0	7	4	315.050	369.850	235.450	252.450	none	0.500	0.500	0.500	0	11	78.750	325.575
45	0	7	5	369.850	424.650	235.450	252.450	none	0.500	none	0.500	0	11	78.750	325.575
45	0	7	6	424.650	479.450	235.450	252.450	none	0.500	none	0.500	0	11	78.750	325.575
45	0	7	7	479.450	534.250	235.450	252.450	0.500	0.500	0.500	0.500	0	11	78.750	325.575
45	0	7	8	534.250	589.150	235.450	252.450	0.500	0.500	none	0.500	0	11	78.750	325.575
45	0	8	0	57.850	143.750	252.450	276.950	none	0.500	0.500	0.500	0	11	78.750	325.575
45	0	8	1	143.750	205.300	252.450	276.950	none	0.500	none	0.500	0	11	78.750	325.575
45	0	8	2	205.300	260.050	252.450	276.950	none	0.500	none	0.500	0	11	78.750	325.575
45	0	8	3	260.050	315.050	252.450	276.950	none	0.500	0.500	0.500	0	11	78.750	325.575
45	0	8	4	315.050	369.850	252.450	276.950	none	0.500	0.500	0.500	0	11	78.750	325.575
45	0	8	5	369.850	424.650	252.450	276.950	none	0.500	none	0.500	0	11	78.750	325.575
45	0	8	6	424.650	479.450	252.450	276.950	none	0.500	none	0.500	0	11	78.750	325.575
45	0	8	7	479.450	589.150	252.450	325.450	0.500	0.500	0.500	none	0	11	78.750	325.575
45	0	9	0	57.850	143.750	276.950	301.200	none	0.500	0.500	0.500	0	11	78.750	325.575
45	0	9	1	143.750	205.300	276.950	301.200	none	0.500	none	0.500	0	11	78.750	325.575
45	0	9	2	205.300	260.050	276.950	301.200	none	0.500	none	0.500	0	11	78.750	325.575
45	0	9	3	260.050	315.050	276.950	301.200	none	0.500	0.500	0.500	0	11	78.750	325.575
45	0	9	4	315.050	369.850	276.950	301.200	none	0.500	0.500	0.500	0	11	78.750	325.575
45	0	9	5	369.850	424.650	276.950	301.200	none	0.500	none	0.500	0	11	78.750	325.575
45	0	9	6	424.650	479.450	276.950	301.200	none	0.500	none	0.500	0	11	78.750	325.575
45	0	10	0	57.850	143.750	301.200	325.450	none	0.500	0.500	0.500	0	11	78.750	325.575
45	0	10	1	143.750	205.300	301.200	325.450	none	0.500	none	0.500	0	11	78.750	325.575
45	0	10	2	205.300	260.050	301.200	325.450	none	0.500	none	0.500	0	11	78.750	325.575
45	0	10	3	260.050	315.050	301.200	325.450	none	0.500	0.500	0.500	0	11	78.750	325.575
45	0	10	4	315.050	369.850	301.200	325.450	none	0.500	0.500	0.500	0	11	78.750	325.575
45	0	10	5	369.850	424.650	301.200	325.450	none	0.500	none	0.500	0	11	78.750	325.575
45	0	10	6	424.650	479.450	301.200	325.450	none	0.500	none	0.500	0	11	78.750	325.575
46	0	0	0	57.850	143.750	79.000	134.450	0.500	none	0.500	0.500	0	11	78.750	325.575
46	0	0	1	143.750	205.300	79.000	134.450	0.500	0.500	none	0.500	0	11	78.750	325.575
46	0	0	2	205.300	260.050	79.000	134.450	0.500	0.500	none	none	0	11	78.750	325.575
46	0	0	3	260.050	315.050	79.000	134.450	0.500	0.500	0.500	0.500	0	11	78.750	325.575
46	0	0	4	315.050	369.850	79.000	134.450	0.500	0.500	0.500	none	0	11	78.750	325.575
46	0	0	5	369.850	424.650	79.000	134.450	0.500	0.500	0.500	none	0	11	78.750	325.575
46	0	0	6	424.650	479.450	79.000	134.450	0.500	0.500	0.500	none	0	11	78.750	325.575
46	0	0	7	479.450	534.250	79.000	134.450	0.500	0.500	0.500	none	0	11	78.750	325.575
46	0	0	8	534.250	589.150	79.000	134.450	0.500	0.500	0.500	none	0	11	78.750	325.575
46	0	0	9	589.150	643.950	79.000	134.450	0.500	0.500	0.500	0.500	0	11	78.750	325.575
46	0	0	10	643.950	699.550	79.000	134.450	0.500	0.500	0.500	0.500	0	11	78.750	325.575
46	0	0	11	699.550	734.650	79.000	134.450	0.500	none	none	0.500	0	11	78.750	325.575
46	0	1	0	57.850	143.750	134.450	185.200	0.500	0.500	0.500	0.500	0	11	78.750	325.575
46	0	1	1	143.750	205.300	134.450	151.450	none	0.500	none	0.500	0	11	78.750	325.575
46	0	1	2	205.300	260.050	134.450	151.450	none	0.500	none	0.500	0	11	78.750	325.575
46	0	1	3	260.050	315.050	134.450	151.450	none	0.500	0.500	0.500	0	11	78.750	325.575
46	0	1	4	315.050	369.850	134.450	151.450	none	0.500	0.500	0.500	0	11	78.750	325.575
46	0	1	5	369.850	424.650	134.450	151.450	none	0.500	none	0.500	0	11	78.750	325.575
46	0	1	6	424.650	479.450	134.450	151.450	none	0.500	none	0.500	0	11	78.750	325.575
46	0	1	7	479.450	534.250	134.450	151.450	none	0.500	0.500	0.500	0	11	78.750	325.575
46	0	1	8	534.250	589.150	134.450	151.450	none	0.500	none	0.500	0	11	78.750	325.575
46	0	1	9	589.150	643.950	134.450	151.450	0.500	0.500	none	0.500	0	11	78.750	325.575
46	0	1	10	643.950	699.550	134.450	151.450	0.500	0.500	0.500	0.500	0	11	78.750	325.575
46	0	1	11	699.550	734.650	134.450	151.450	0.500	none	none	0.500	0	11	78.750	325.575
46	0	2	1	143.750	205.300	151.450	168.450	none	0.500	none	0.500	0	11	78.750	325.575
46	0	2	2	205.300	260.050	151.450	168.450	none	0.500	none	0.500	0	11	78.750	325.575
46	0	2	3	260.050	315.050	151.450	168.450	none	0.500	0.500	0.500	0	11	78.750	325.575
46	0	2	4	315.050	369.850	151.450	168.450	none	0.500	0.500	0.500	0	11	78.750	325.575
46	0	2	5	369.850	424.650	151.450	168.450	none	0.500	none	0.500	0	11	78.750	325.575
46	0	2	6	424.650	479.450	151.450	168.450	none	0.500	none	0.500	0	11	78.750	325.575
46	0	2	7	479.450	534.250	151.450	168.450	none	0.500	0.500	0.500	0	11	78.750	325.575
46	0	2	8	534.250	589.150	151.450	168.450	none	0.500	none	0.500	0	11	78.750	325.575
46	0	2	9	589.150	643.950	151.450	168.450	0.500	0.500	none	0.500	0	11	78.750	325.575
46	0	2	10	643.950	699.550	151.450	168.450	0.500	0.500	0.500	0.500	0	11	78.750	325.575
46	0	2	11	699.550	734.650	151.450	168.450	none	none	none	0.500	0	11	78.750	325.575
46	0	3	1	143.750	205.300	168.450	185.200	none	0.500	none	0.500	0	11	78.750	325.575
46	0	3	2	205.300	260.050	168.450	185.200	none	0.500	none	0.500	0	11	78.750	325.575
46	0	3	3	260.050	315.050	168.450	185.200	none	0.500	0.500	0.500	0	11	78.750	325.575
46	0	3	4	315.050	369.850	168.450	185.200	none	0.500	0.500	0.500	0	11	78.750	325.575
46	0	3	5	369.850	424.650	168.450	185.200	none	0.500	none	0.500	0	11	78.750	325.575
46	0	3	6	424.650	479.450	168.450	185.200	none	0.500	none	0.500	0	11	78.750	325.575
46	0	3	7	479.450	534.250	168.450	185.200	none	0.500	0.500	0.500	0	11	78.750	325.575
46	0	3	8	534.250	589.150	168.450	185.200	none	0.500	none	0.500	0	11	78.750	325.575
46	0	3	9	589.150	734.650	168.450	325.450	none	0.500	none	0.500	0	11	78.750	325.575
46	0	4	0	57.850	143.750	185.200	218.700	none	0.500	0.500	0.500	0	11	78.750	325.575
46	0	4	1	143.750	205.300	185.200	201.950	none	0.500	none	0.500	0	11	78.750	325.575
46	0	4	2	205.300	260.050	185.200	201.950	none	0.500	none	0.500	0	11	78.750	325.575
46	0	4	3	260.050	315.050	185.200	201.950	none	0.500	0.500	0.500	0	11	78.750	325.575
46	0	4	4	315.050	369.850	185.200	201.950	none	0.500	0.500	0.500	0	11	78.750	325.575
46	0	4	5	369.850	424.650	185.200	201.950	none	0.500	none	0.500	0	11	78.750	325.575
46	0	4	6	424.650	479.450	185.200	201.950	none	0.500	none	0.500	0	11	78.750	325.575
46	0	4	7	479.450	534.250	185.200	201.950	none	0.500	0.500	0.500	0	11	78.750	325.575
46	0	4	8	534.250	589.150	185.200	201.950	none	0.500	none	0.500	0	11	78.750	325.575
46	0	5	1	143.750	205.300	201.950	218.700	none	0.500	none	0.500	0	11	78.750	325.575
46	0	5	2	205.300	260.050	201.950	218.700	none	0.500	none	0.500	0	11	78.750	325.575
46	0	5	3	260.050	315.050	201.950	218.700	none	0.500	0.500	0.500	0	11	78.750	325.575
46	0	5	4	315.050	369.850	201.950	218.700	none	0.500	0.500	0.500	0	11	78.750	325.575
46	0	5	5	369.850	424.650	201.950	218.700	none	0.500	none	0.500	0	11	78.750	325.575
46	0	5	6	424.650	479.450	201.950	218.700	none	0.500	none	0.500	0	11	78.750	325.575
46	0	5	7	479.450	534.250	201.950	218.700	none	0.500	0.500	0.500	0	11	78.750	325.575
46	0	5	8	534.250	589.150	201.950	218.700	none	0.500	none	0.500	0	11	78.750	325.575
46	0	6	0	57.850	143.750	218.700	252.450	none	0.500	0.500	0.500	0	11	78.750	325.575
46	0	6	1	143.750	205.300	218.700	235.450	none	0.500	none	0.500	0	11	78.750	325.575
46	0	6	2	205.300	260.050	218.700	235.450	none	0.500	none	0.500	0	11	78.750	325.575
46	0	6	3	260.050	315.050	218.700	235.450	none	0.500	0.500	0.500	0	11	78.750	325.575
46	0	6	4	315.050	369.850	218.700	235.450	none	0.500	0.500	0.500	0	11	78.750	325.575
46	0	6	5	369.850	424.650	218.700	235.450	none	0.500	none	0.500	0	11	78.750	325.575
46	0	6	6	424.650	479.450	218.700	235.450	none	0.500	none	0.500	0	11	78.750	325.575
46	0	6	7	479.450	534.250	218.700	235.450	none	0.500	0.500	0.500	0	11	78.750	325.575
46	0	6	8	534.250	589.150	218.700	235.450	none	0.500	none	0.500	0	11	78.750	325.575
46	0	7	1	143.750	205.300	235.450	252.450	none	0.500	none	0.500	0	11	78.750	325.575
46	0	7	2	205.300	260.050	235.450	252.450	none	0.500	none	0.500	0	11	78.750	325.575
46	0	7	3	260.050	315.050	235.450	252.450	none	0.500	0.500	0.500	0	11	78.750	325.575
46	0	7	4	315.050	369.850	235.450	252.450	none	0.500	0.500	0.500	0	11	78.750	325.575
46	0	7	5	369.850	424.650	235.450	252.450	none	0.500	none	0.500	0	11	78.750	325.575
46	0	7	6	424.650	479.450	235.450	252.450	none	0.500	none	0.500	0	11	78.750	325.575
46	0	7	7	479.450	534.250	235.450	252.450	0.500	0.500	0.500	0.500	0	11	78.750	325.575
46	0	7	8	534.250	589.150	235.450	252.450	0.500	0.500	none	0.500	0	11	78.750	325.575
46	0	8	0	57.850	143.750	252.450	276.950	none	0.500	0.500	0.500	0	11	78.750	325.575
46	0	8	1	143.750	205.300	252.450	276.950	none	0.500	none	0.500	0	11	78.750	325.575
46	0	8	2	205.300	260.050	252.450	276.950	none	0.500	none	0.500	0	11	78.750	325.575
46	0	8	3	260.050	315.050	252.450	276.950	none	0.500	0.500	0.500	0	11	78.750	325.575
46	0	8	4	315.050	369.850	252.450	276.950	none	0.500	0.500	0.500	0	11	78.750	325.575
46	0	8	5	369.850	424.650	252.450	276.950	none	0.500	none	0.500	0	11	78.750	325.575
46	0	8	6	424.650	479.450	252.450	276.950	none	0.500	none	0.500	0	11	78.750	325.575
46	0	8	7	479.450	589.150	252.450	325.450	0.500	0.500	0.500	none	0	11	78.750	325.575
46	0	9	0	57.850	143.750	276.950	301.200	none	0.500	0.500	0.500	0	11	78.750	325.575
46	0	9	1	143.750	205.300	276.950	301.200	none	0.500	none	0.500	0	11	78.750	325.575
46	0	9	2	205.300	260.050	276.950	301.200	none	0.500	none	0.500	0	11	78.750	325.575
46	0	9	3	260.050	315.050	276.950	301.200	none	0.500	0.500	0.500	0	11	78.750	325.575
46	0	9	4	315.050	369.850	276.950	301.200	none	0.500	0.500	0.500	0	11	78.750	325.575
46	0	9	5	369.850	424.650	276.950	301.200	none	0.500	none	0.500	0	11	78.750	325.575
46	0	9	6	424.650	479.450	276.950	301.200	none	0.500	none	0.500	0	11	78.750	325.575
46	0	10	0	57.850	143.750	301.200	325.450	none	0.500	0.500	0.500	0	11	78.750	325.575
46	0	10	1	143.750	205.300	301.200	325.450	none	0.500	none	0.500	0	11	78.750	325.575
46	0	10	2	205.300	260.050	301.200	325.450	none	0.500	none	0.500	0	11	78.750	325.575
46	0	10	3	260.050	315.050	301.200	325.450	none	0.500	0.500	0.500	0	11	78.750	325.575
46	0	10	4	315.050	369.850	301.200	325.450	none	0.500	0.500	0.500	0	11	78.750	325.575
46	0	10	5	369.850	424.650	301.200	325.450	none	0.500	none	0.500	0	11	78.750	325.575
46	0	10	6	424.650	479.450	301.200	325.450	none	0.500	none	0.500	0	11	78.750	325.575
47	0	0	0	57.850	143.750	79.000	134.450	0.500	none	0.500	0.500	0	11	78.750	325.575
47	0	0	1	143.750	205.300	79.000	134.450	0.500	0.500	none	0.500	0	11	78.750	325.575
47	0	0	2	205.300	260.050	79.000	134.450	0.500	0.500	none	none	0	11	78.750	325.575
47	0	0	3	260.050	315.050	79.000	134.450	0.500	0.500	0.500	0.500	0	11	78.750	325.575
47	0	0	4	315.050	369.850	79.000	134.450	0.500	0.500	0.500	none	0	11	78.750	325.575
47	0	0	5	369.850	424.650	79.000	134.450	0.500	0.500	0.500	none	0	11	78.750	325.575
47	0	0	6	424.650	479.450	79.000	134.450	0.500	0.500	0.500	none	0	11	78.750	325.575
47	0	0	7	479.450	534.250	79.000	134.450	0.500	0.500	0.500	none	0	11	78.750	325.575
47	0	0	8	534.250	589.150	79.000	134.450	0.500	0.500	0.500	none	0	11	78.750	325.575
47	0	0	9	589.150	643.950	79.000	134.450	0.500	0.500	0.500	0.500	0	11	78.750	325.575
47	0	0	10	643.950	699.550	79.000	134.450	0.500	0.500	0.500	0.500	0	11	78.750	325.575
47	0	0	11	699.550	734.650	79.000	134.450	0.500	none	none	0.500	0	11	78.750	325.575
47	0	1	0	57.850	143.750	134.450	185.200	0.500	0.500	0.500	0.500	0	11	78.750	325.575
47	0	1	1	143.750	205.300	134.450	151.450	none	0.500	none	0.500	0	11	78.750	325.575
47	0	1	2	205.300	260.050	134.450	151.450	none	0.500	none	0.500	0	11	78.750	325.575
47	0	1	3	260.050	315.050	134.450	151.450	none	0.500	0.500	0.500	0	11	78.750	325.575
47	0	1	4	315.050	369.850	134.450	151.450	none	0.500	0.500	0.500	0	11	78.750	325.575
47	0	1	5	369.850	424.650	134.450	151.450	none	0.500	none	0.500	0	11	78.750	325.575
47	0	1	6	424.650	479.450	134.450	151.450	none	0.500	none	0.500	0	11	78.750	325.575
47	0	1	7	479.450	534.250	134.450	151.450	none	0.500	0.500	0.500	0	11	78.750	325.575
47	0	1	8	534.250	589.150	134.450	151.450	none	0.500	none	0.500	0	11	78.750	325.575
47	0	1	9	589.150	643.950	134.450	151.450	0.500	0.500	none	0.500	0	11	78.750	325.575
47	0	1	10	643.950	699.550	134.450	151.450	0.500	0.500	0.500	0.500	0	11	78.750	325.575
47	0	1	11	699.550	734.650	134.450	151.450	0.500	none	none	0.500	0	11	78.750	325.575
47	0	2	1	143.750	205.300	151.450	168.450	none	0.500	none	0.500	0	11	78.750	325.575
47	0	2	2	205.300	260.050	151.450	168.450	none	0.500	none	0.500	0	11	78.750	325.575
47	0	2	3	260.050	315.050	151.450	168.450	none	0.500	0.500	0.500	0	11	78.750	325.575
47	0	2	4	315.050	369.850	151.450	168.450	none	0.500	0.500	0.500	0	11	78.750	325.575
47	0	2	5	369.850	424.650	151.450	168.450	none	0.500	none	0.500	0	11	78.750	325.575
47	0	2	6	424.650	479.450	151.450	168.450	none	0.500	none	0.500	0	11	78.750	325.575
47	0	2	7	479.450	534.250	151.450	168.450	none	0.500	0.500	0.500	0	11	78.750	325.575
47	0	2	8	534.250	589.150	151.450	168.450	none	0.500	none	0.500	0	11	78.750	325.575
47	0	2	9	589.150	643.950	151.450	168.450	0.500	0.500	none	0.500	0	11	78.750	325.575
47	0	2	10	643.950	699.550	151.450	168.450	0.500	0.500	0.500	0.500	0	11	78.750	325.575
47	0	2	11	699.550	734.650	151.450	168.450	none	none	none	0.500	0	11	78.750	325.575
47	0	3	1	143.750	205.300	168.450	185.200	none	0.500	none	0.500	0	11	78.750	325.575
47	0	3	2	205.300	260.050	168.450	185.200	none	0.500	none	0.500	0	11	78.750	325.575
47	0	3	3	260.050	315.050	168.450	185.200	none	0.500	0.500	0.500	0	11	78.750	325.575
47	0	3	4	315.050	369.850	168.450	185.200	none	0.500	0.500	0.500	0	11	78.750	325.575
47	0	3	5	369.850	424.650	168.450	185.200	none	0.500	none	0.500	0	11	78.750	325.575
47	0	3	6	424.650	479.450	168.450	185.200	none	0.500	none	0.500	0	11	78.750	325.575
47	0	3	7	479.450	534.250	168.450	185.200	none	0.500	0.500	0.500	0	11	78.750	325.575
47	0	3	8	534.250	589.150	168.450	185.200	none	0.500	none	0.500	0	11	78.750	325.575
47	0	3	9	589.150	734.650	168.450	325.450	none	0.500	none	0.500	0	11	78.750	325.575
47	0	4	0	57.850	143.750	185.200	218.700	none	0.500	0.500	0.500	0	11	78.750	325.575
47	0	4	1	143.750	205.300	185.200	201.950	none	0.500	none	0.500	0	11	78.750	325.575
47	0	4	2	205.300	260.050	185.200	201.950	none	0.500	none	0.500	0	11	78.750	325.575
47	0	4	3	260.050	315.050	185.200	201.950	none	0.500	0.500	0.500	0	11	78.750	325.575
47	0	4	4	315.050	369.850	185.200	201.950	none	0.500	0.500	0.500	0	11	78.750	325.575
47	0	4	5	369.850	424.650	185.200	201.950	none	0.500	none	0.500	0	11	78.750	325.575
47	0	4	6	424.650	479.450	185.200	201.950	none	0.500	none	0.500	0	11	78.750	325.575
47	0	4	7	479.450	534.250	185.200	201.950	none	0.500	0.500	0.500	0	11	78.750	325.575
47	0	4	8	534.250	589.150	185.200	201.950	none	0.500	none	0.500	0	11	78.750	325.575
47	0	5	1	143.750	205.300	201.950	218.700	none	0.500	none	0.500	0	11	78.750	325.575
47	0	5	2	205.300	260.050	201.950	218.700	none	0.500	none	0.500	0	11	78.750	325.575
47	0	5	3	260.050	315.050	201.950	218.700	none	0.500	0.500	0.500	0	11	78.750	325.575
47	0	5	4	315.050	369.850	201.950	218.700	none	0.500	0.500	0.500	0	11	78.750	325.575
47	0	5	5	369.850	424.650	201.950	218.700	none	0.500	none	0.500	0	11	78.750	325.575
47	0	5	6	424.650	479.450	201.950	218.700	none	0.500	none	0.500	0	11	78.750	325.575
47	0	5	7	479.450	534.250	201.950	218.700	none	0.500	0.500	0.500	0	11	78.750	325.575
47	0	5	8	534.250	589.150	201.950	218.700	none	0.500	none	0.500	0	11	78.750	325.575
47	0	6	0	57.850	143.750	218.700	252.450	none	0.500	0.500	0.500	0	11	78.750	325.575
47	0	6	1	143.750	205.300	218.700	235.450	none	0.500	none	0.500	0	11	78.750	325.575
47	0	6	2	205.300	260.050	218.700	235.450	none	0.500	none	0.500	0	11	78.750	325.575
47	0	6	3	260.050	315.050	218.700	235.450	none	0.500	0.500	0.500	0	11	78.750	325.575
47	0	6	4	315.050	369.850	218.700	235.450	none	0.500	0.500	0.500	0	11	78.750	325.575
47	0	6	5	369.850	424.650	218.700	235.450	none	0.500	none	0.500	0	11	78.750	325.575
47	0	6	6	424.650	479.450	218.700	235.450	none	0.500	none	0.500	0	11	78.750	325.575
47	0	6	7	479.450	534.250	218.700	235.450	none	0.500	0.500	0.500	0	11	78.750	325.575
47	0	6	8	534.250	589.150	218.700	235.450	none	0.500	none	0.500	0	11	78.750	325.575
47	0	7	1	143.750	205.300	235.450	252.450	none	0.500	none	0.500	0	11	78.750	325.575
47	0	7	2	205.300	260.050	235.450	252.450	none	0.500	none	0.500	0	11	78.750	325.575
47	0	7	3	260.050	315.050	235.450	252.450	none	0.500	0.500	0.500	0	11	78.750	325.575
47	0	7	4	315.050	369.850	235.450	252.450	none	0.500	0.500	0.500	0	11	78.750	325.575
47	0	7	5	369.850	424.650	235.450	252.450	none	0.500	none	0.500	0	11	78.750	325.575
47	0	7	6	424.650	479.450	235.450	252.450	none	0.500	none	0.500	0	11	78.750	325.575
47	0	7	7	479.450	534.250	235.450	252.450	0.500	0.500	0.500	0.500	0	11	78.750	325.575
47	0	7	8	534.250	589.150	235.450	252.450	0.500	0.500	none	0.500	0	11	78.750	325.575
47	0	8	0	57.850	143.750	252.450	276.950	none	0.500	0.500	0.500	0	11	78.750	325.575
47	0	8	1	143.750	205.300	252.450	276.950	none	0.500	none	0.500	0	11	78.750	325.575
47	0	8	2	205.300	260.050	252.450	276.950	none	0.500	none	0.500	0	11	78.750	325.575
47	0	8	3	260.050	315.050	252.450	276.950	none	0.500	0.500	0.500	0	11	78.750	325.575
47	0	8	4	315.050	369.850	252.450	276.950	none	0.500	0.500	0.500	0	11	78.750	325.575
47	0	8	5	369.850	424.650	252.450	276.950	none	0.500	none	0.500	0	11	78.750	325.575
47	0	8	6	424.650	479.450	252.450	276.950	none	0.500	none	0.500	0	11	78.750	325.575
47	0	8	7	479.450	589.150	252.450	325.450	0.500	0.500	0.500	none	0	11	78.750	325.575
47	0	9	0	57.850	143.750	276.950	301.200	none	0.500	0.500	0.500	0	11	78.750	325.575
47	0	9	1	143.750	205.300	276.950	301.200	none	0.500	none	0.500	0	11	78.750	325.575
47	0	9	2	205.300	260.050	276.950	301.200	none	0.500	none	0.500	0	11	78.750	325.575
47	0	9	3	260.050	315.050	276.950	301.200	none	0.500	0.500	0.500	0	11	78.750	325.575
47	0	9	4	315.050	369.850	276.950	301.200	none	0.500	0.500	0.500	0	11	78.750	325.575
47	0	9	5	369.850	424.650	276.950	301.200	none	0.500	none	0.500	0	11	78.750	325.575
47	0	9	6	424.650	479.450	276.950	301.200	none	0.500	none	0.500	0	11	78.750	325.575
47	0	10	0	57.850	143.750	301.200	325.450	none	0.500	0.500	0.500	0	11	78.750	325.575
47	0	10	1	143.750	205.300	301.200	325.450	none	0.500	none	0.500	0	11	78.750	325.575
47	0	10	2	205.300	260.050	301.200	325.450	none	0.500	none	0.500	0	11	78.750	325.575
47	0	10	3	260.050	315.050	301.200	325.450	none	0.500	0.500	0.500	0	11	78.750	325.575
47	0	10	4	315.050	369.850	301.200	325.450	none	0.500	0.500	0.500	0	11	78.750	325.575
47	0	10	5	369.850	424.650	301.200	325.450	none	0.500	none	0.500	0	11	78.750	325.575
47	0	10	6	424.650	479.450	301.200	325.450	none	0.500	none	0.500	0	11	78.750	325.575
48	0	0	0	57.850	143.750	79.000	134.450	0.500	none	0.500	0.500	0	11	78.750	325.575
48	0	0	1	143.750	205.300	79.000	134.450	0.500	0.500	none	0.500	0	11	78.750	325.575
48	0	0	2	205.300	260.050	79.000	134.450	0.500	0.500	none	none	0	11	78.750	325.575
48	0	0	3	260.050	315.050	79.000	134.450	0.500	0.500	0.500	0.500	0	11	78.750	325.575
48	0	0	4	315.050	369.850	79.000	134.450	0.500	0.500	0.500	none	0	11	78.750	325.575
48	0	0	5	369.850	424.650	79.000	134.450	0.500	0.500	0.500	none	0	11	78.750	325.575
48	0	0	6	424.650	479.450	79.000	134.450	0.500	0.500	0.500	none	0	11	78.750	325.575
48	0	0	7	479.450	534.250	79.000	134.450	0.500	0.500	0.500	none	0	11	78.750	325.575
48	0	0	8	534.250	589.150	79.000	134.450	0.500	0.500	0.500	none	0	11	78.750	325.575
48	0	0	9	589.150	643.950	79.000	134.450	0.500	0.500	0.500	0.500	0	11	78.750	325.575
48	0	0	10	643.950	699.550	79.000	134.450	0.500	0.500	0.500	0.500	0	11	78.750	325.575
48	0	0	11	699.550	734.650	79.000	134.450	0.500	none	none	0.500	0	11	78.750	325.575
48	0	1	0	57.850	143.750	134.450	185.200	0.500	0.500	0.500	0.500	0	11	78.750	325.575
48	0	1	1	143.750	205.300	134.450	151.450	none	0.500	none	0.500	0	11	78.750	325.575
48	0	1	2	205.300	260.050	134.450	151.450	none	0.500	none	0.500	0	11	78.750	325.575
48	0	1	3	260.050	315.050	134.450	151.450	none	0.500	0.500	0.500	0	11	78.750	325.575
48	0	1	4	315.050	369.850	134.450	151.450	none	0.500	0.500	0.500	0	11	78.750	325.575
48	0	1	5	369.850	424.650	134.450	151.450	none	0.500	none	0.500	0	11	78.750	325.575
48	0	1	6	424.650	479.450	134.450	151.450	none	0.500	none	0.500	0	11	78.750	325.575
48	0	1	7	479.450	534.250	134.450	151.450	none	0.500	0.500	0.500	0	11	78.750	325.575
48	0	1	8	534.250	589.150	134.450	151.450	none	0.500	none	0.500	0	11	78.750	325.575
48	0	1	9	589.150	643.950	134.450	151.450	0.500	0.500	none	0.500	0	11	78.750	325.575
48	0	1	10	643.950	699.550	134.450	151.450	0.500	0.500	0.500	0.500	0	11	78.750	325.575
48	0	1	11	699.550	734.650	134.450	151.450	0.500	none	none	0.500	0	11	78.750	325.575
48	0	2	1	143.750	205.300	151.450	168.450	none	0.500	none	0.500	0	11	78.750	325.575
48	0	2	2	205.300	260.050	151.450	168.450	none	0.500	none	0.500	0	11	78.750	325.575
48	0	2	3	260.050	315.050	151.450	168.450	none	0.500	0.500	0.500	0	11	78.750	325.575
48	0	2	4	315.050	369.850	151.450	168.450	none	0.500	0.500	0.500	0	11	78.750	325.575
48	0	2	5	369.850	424.650	151.450	168.450	none	0.500	none	0.500	0	11	78.750	325.575
48	0	2	6	424.650	479.450	151.450	168.450	none	0.500	none	0.500	0	11	78.750	325.575
48	0	2	7	479.450	534.250	151.450	168.450	none	0.500	0.500	0.500	0	11	78.750	325.575
48	0	2	8	534.250	589.150	151.450	168.450	none	0.500	none	0.500	0	11	78.750	325.575
48	0	2	9	589.150	643.950	151.450	168.450	0.500	0.500	none	0.500	0	11	78.750	325.575
48	0	2	10	643.950	699.550	151.450	168.450	0.500	0.500	0.500	0.500	0	11	78.750	325.575
48	0	2	11	699.550	734.650	151.450	168.450	none	none	none	0.500	0	11	78.750	325.575
48	0	3	1	143.750	205.300	168.450	185.200	none	0.500	none	0.500	0	11	78.750	325.575
48	0	3	2	205.300	260.050	168.450	185.200	none	0.500	none	0.500	0	11	78.750	325.575
48	0	3	3	260.050	315.050	168.450	185.200	none	0.500	0.500	0.500	0	11	78.750	325.575
48	0	3	4	315.050	369.850	168.450	185.200	none	0.500	0.500	0.500	0	11	78.750	325.575
48	0	3	5	369.850	424.650	168.450	185.200	none	0.500	none	0.500	0	11	78.750	325.575
48	0	3	6	424.650	479.450	168.450	185.200	none	0.500	none	0.500	0	11	78.750	325.575
48	0	3	7	479.450	534.250	168.450	185.200	none	0.500	0.500	0.500	0	11	78.750	325.575
48	0	3	8	534.250	589.150	168.450	185.200	none	0.500	none	0.500	0	11	78.750	325.575
48	0	3	9	589.150	734.650	168.450	325.450	none	0.500	none	0.500	0	11	78.750	325.575
48	0	4	0	57.850	143.750	185.200	218.700	none	0.500	0.500	0.500	0	11	78.750	325.575
48	0	4	1	143.750	205.300	185.200	201.950	none	0.500	none	0.500	0	11	78.750	325.575
48	0	4	2	205.300	260.050	185.200	201.950	none	0.500	none	0.500	0	11	78.750	325.575
48	0	4	3	260.050	315.050	185.200	201.950	none	0.500	0.500	0.500	0	11	78.750	325.575
48	0	4	4	315.050	369.850	185.200	201.950	none	0.500	0.500	0.500	0	11	78.750	325.575
48	0	4	5	369.850	424.650	185.200	201.950	none	0.500	none	0.500	0	11	78.750	325.575
48	0	4	6	424.650	479.450	185.200	201.950	none	0.500	none	0.500	0	11	78.750	325.575
48	0	4	7	479.450	534.250	185.200	201.950	none	0.500	0.500	0.500	0	11	78.750	325.575
48	0	4	8	534.250	589.150	185.200	201.950	none	0.500	none	0.500	0	11	78.750	325.575
48	0	5	1	143.750	205.300	201.950	218.700	none	0.500	none	0.500	0	11	78.750	325.575
48	0	5	2	205.300	260.050	201.950	218.700	none	0.500	none	0.500	0	11	78.750	325.575
48	0	5	3	260.050	315.050	201.950	218.700	none	0.500	0.500	0.500	0	11	78.750	325.575
48	0	5	4	315.050	369.850	201.950	218.700	none	0.500	0.500	0.500	0	11	78.750	325.575
48	0	5	5	369.850	424.650	201.950	218.700	none	0.500	none	0.500	0	11	78.750	325.575
48	0	5	6	424.650	479.450	201.950	218.700	none	0.500	none	0.500	0	11	78.750	325.575
48	0	5	7	479.450	534.250	201.950	218.700	none	0.500	0.500	0.500	0	11	78.750	325.575
48	0	5	8	534.250	589.150	201.950	218.700	none	0.500	none	0.500	0	11	78.750	325.575
48	0	6	0	57.850	143.750	218.700	252.450	none	0.500	0.500	0.500	0	11	78.750	325.575
48	0	6	1	143.750	205.300	218.700	235.450	none	0.500	none	0.500	0	11	78.750	325.575
48	0	6	2	205.300	260.050	218.700	235.450	none	0.500	none	0.500	0	11	78.750	325.575
48	0	6	3	260.050	315.050	218.700	235.450	none	0.500	0.500	0.500	0	11	78.750	325.575
48	0	6	4	315.050	369.850	218.700	235.450	none	0.500	0.500	0.500	0	11	78.750	325.575
48	0	6	5	369.850	424.650	218.700	235.450	none	0.500	none	0.500	0	11	78.750	325.575
48	0	6	6	424.650	479.450	218.700	235.450	none	0.500	none	0.500	0	11	78.750	325.575
48	0	6	7	479.450	534.250	218.700	235.450	none	0.500	0.500	0.500	0	11	78.750	325.575
48	0	6	8	534.250	589.150	218.700	235.450	none	0.500	none	0.500	0	11	78.750	325.575
48	0	7	1	143.750	205.300	235.450	252.450	none	0.500	none	0.500	0	11	78.750	325.575
48	0	7	2	205.300	260.050	235.450	252.450	none	0.500	none	0.500	0	11	78.750	325.575
48	0	7	3	260.050	315.050	235.450	252.450	none	0.500	0.500	0.500	0	11	78.750	325.575
48	0	7	4	315.050	369.850	235.450	252.450	none	0.500	0.500	0.500	0	11	78.750	325.575
48	0	7	5	369.850	424.650	235.450	252.450	none	0.500	none	0.500	0	11	78.750	325.575
48	0	7	6	424.650	479.450	235.450	252.450	none	0.500	none	0.500	0	11	78.750	325.575
48	0	7	7	479.450	534.250	235.450	252.450	0.500	0.500	0.500	0.500	0	11	78.750	325.575
48	0	7	8	534.250	589.150	235.450	252.450	0.500	0.500	none	0.500	0	11	78.750	325.575
48	0	8	0	57.850	143.750	252.450	276.950	none	0.500	0.500	0.500	0	11	78.750	325.575
48	0	8	1	143.750	205.300	252.450	276.950	none	0.500	none	0.500	0	11	78.750	325.575
48	0	8	2	205.300	260.050	252.450	276.950	none	0.500	none	0.500	0	11	78.750	325.575
48	0	8	3	260.050	315.050	252.450	276.950	none	0.500	0.500	0.500	0	11	78.750	325.575
48	0	8	4	315.050	369.850	252.450	276.950	none	0.500	0.500	0.500	0	11	78.750	325.575
48	0	8	5	369.850	424.650	252.450	276.950	none	0.500	none	0.500	0	11	78.750	325.575
48	0	8	6	424.650	479.450	252.450	276.950	none	0.500	none	0.500	0	11	78.750	325.575
48	0	8	7	479.450	589.150	252.450	325.450	0.500	0.500	0.500	none	0	11	78.750	325.575
48	0	9	0	57.850	143.750	276.950	301.200	none	0.500	0.500	0.500	0	11	78.750	325.575
48	0	9	1	143.750	205.300	276.950	301.200	none	0.500	none	0.500	0	11	78.750	325.575
48	0	9	2	205.300	260.050	276.950	301.200	none	0.500	none	0.500	0	11	78.750	325.575
48	0	9	3	260.050	315.050	276.950	301.200	none	0.500	0.500	0.500	0	11	78.750	325.575
48	0	9	4	315.050	369.850	276.950	301.200	none	0.500	0.500	0.500	0	11	78.750	325.575
48	0	9	5	369.850	424.650	276.950	301.200	none	0.500	none	0.500	0	11	78.750	325.575
48	0	9	6	424.650	479.450	276.950	301.200	none	0.500	none	0.500	0	11	78.750	325.575
48	0	10	0	57.850	143.750	301.200	325.450	none	0.500	0.500	0.500	0	11	78.750	325.575
48	0	10	1	143.750	205.300	301.200	325.450	none	0.500	none	0.500	0	11	78.750	325.575
48	0	10	2	205.300	260.050	301.200	325.450	none	0.500	none	0.500	0	11	78.750	325.575
48	0	10	3	260.050	315.050	301.200	325.450	none	0.500	0.500	0.500	0	11	78.750	325.575
48	0	10	4	315.050	369.850	301.200	325.450	none	0.500	0.500	0.500	0	11	78.750	325.575
48	0	10	5	369.850	424.650	301.200	325.450	none	0.500	none	0.500	0	11	78.750	325.575
48	0	10	6	424.650	479.450	301.200	325.450	none	0.500	none	0.500	0	11	78.750	325.575
49	0	0	0	57.850	143.750	79.000	134.450	0.500	none	0.500	0.500	0	11	78.750	325.575
49	0	0	1	143.750	205.300	79.000	134.450	0.500	0.500	none	0.500	0	11	78.750	325.575
49	0	0	2	205.300	260.050	79.000	134.450	0.500	0.500	none	none	0	11	78.750	325.575
49	0	0	3	260.050	315.050	79.000	134.450	0.500	0.500	0.500	0.500	0	11	78.750	325.575
49	0	0	4	315.050	369.850	79.000	134.450	0.500	0.500	0.500	none	0	11	78.750	325.575
49	0	0	5	369.850	424.650	79.000	134.450	0.500	0.500	0.500	none	0	11	78.750	325.575
49	0	0	6	424.650	479.450	79.000	134.450	0.500	0.500	0.500	none	0	11	78.750	325.575
49	0	0	7	479.450	534.250	79.000	134.450	0.500	0.500	0.500	none	0	11	78.750	325.575
49	0	0	8	534.250	589.150	79.000	134.450	0.500	0.500	0.500	none	0	11	78.750	325.575
49	0	0	9	589.150	643.950	79.000	134.450	0.500	0.500	0.500	0.500	0	11	78.750	325.575
49	0	0	10	643.950	699.550	79.000	134.450	0.500	0.500	0.500	0.500	0	11	78.750	325.575
49	0	0	11	699.550	734.650	79.000	134.450	0.500	none	none	0.500	0	11	78.750	325.575
49	0	1	0	57.850	143.750	134.450	185.200	0.500	0.500	0.500	0.500	0	11	78.750	325.575
49	0	1	1	143.750	205.300	134.450	151.450	none	0.500	none	0.500	0	11	78.750	325.575
49	0	1	2	205.300	260.050	134.450	151.450	none	0.500	none	0.500	0	11	78.750	325.575
49	0	1	3	260.050	315.050	134.450	151.450	none	0.500	0.500	0.500	0	11	78.750	325.575
49	0	1	4	315.050	369.850	134.450	151.450	none	0.500	0.500	0.500	0	11	78.750	325.575
49	0	1	5	369.850	424.650	134.450	151.450	none	0.500	none	0.500	0	11	78.750	325.575
49	0	1	6	424.650	479.450	134.450	151.450	none	0.500	none	0.500	0	11	78.750	325.575
49	0	1	7	479.450	534.250	134.450	151.450	none	0.500	0.500	0.500	0	11	78.750	325.575
49	0	1	8	534.250	589.150	134.450	151.450	none	0.500	none	0.500	0	11	78.750	325.575
49	0	1	9	589.150	643.950	134.450	151.450	0.500	0.500	none	0.500	0	11	78.750	325.575
49	0	1	10	643.950	699.550	134.450	151.450	0.500	0.500	0.500	0.500	0	11	78.750	325.575
49	0	1	11	699.550	734.650	134.450	151.450	0.500	none	none	0.500	0	11	78.750	325.575
49	0	2	1	143.750	205.300	151.450	168.450	none	0.500	none	0.500	0	11	78.750	325.575
49	0	2	2	205.300	260.050	151.450	168.450	none	0.500	none	0.500	0	11	78.750	325.575
49	0	2	3	260.050	315.050	151.450	168.450	none	0.500	0.500	0.500	0	11	78.750	325.575
49	0	2	4	315.050	369.850	151.450	168.450	none	0.500	0.500	0.500	0	11	78.750	325.575
49	0	2	5	369.850	424.650	151.450	168.450	none	0.500	none	0.500	0	11	78.750	325.575
49	0	2	6	424.650	479.450	151.450	168.450	none	0.500	none	0.500	0	11	78.750	325.575
49	0	2	7	479.450	534.250	151.450	168.450	none	0.500	0.500	0.500	0	11	78.750	325.575
49	0	2	8	534.250	589.150	151.450	168.450	none	0.500	none	0.500	0	11	78.750	325.575
49	0	2	9	589.150	643.950	151.450	168.450	0.500	0.500	none	0.500	0	11	78.750	325.575
49	0	2	10	643.950	699.550	151.450	168.450	0.500	0.500	0.500	0.500	0	11	78.750	325.575
49	0	2	11	699.550	734.650	151.450	168.450	none	none	none	0.500	0	11	78.750	325.575
49	0	3	1	143.750	205.300	168.450	185.200	none	0.500	none	0.500	0	11	78.750	325.575
49	0	3	2	205.300	260.050	168.450	185.200	none	0.500	none	0.500	0	11	78.750	325.575
49	0	3	3	260.050	315.050	168.450	185.200	none	0.500	0.500	0.500	0	11	78.750	325.575
49	0	3	4	315.050	369.850	168.450	185.200	none	0.500	0.500	0.500	0	11	78.750	325.575
49	0	3	5	369.850	424.650	168.450	185.200	none	0.500	none	0.500	0	11	78.750	325.575
49	0	3	6	424.650	479.450	168.450	185.200	none	0.500	none	0.500	0	11	78.750	325.575
49	0	3	7	479.450	534.250	168.450	185.200	none	0.500	0.500	0.500	0	11	78.750	325.575
49	0	3	8	534.250	589.150	168.450	185.200	none	0.500	none	0.500	0	11	78.750	325.575
49	0	3	9	589.150	734.650	168.450	325.450	none	0.500	none	0.500	0	11	78.750	325.575
49	0	4	0	57.850	143.750	185.200	218.700	none	0.500	0.500	0.500	0	11	78.750	325.575
49	0	4	1	143.750	205.300	185.200	201.950	none	0.500	none	0.500	0	11	78.750	325.575
49	0	4	2	205.300	260.050	185.200	201.950	none	0.500	none	0.500	0	11	78.750	325.575
49	0	4	3	260.050	315.050	185.200	201.950	none	0.500	0.500	0.500	0	11	78.750	325.575
49	0	4	4	315.050	369.850	185.200	201.950	none	0.500	0.500	0.500	0	11	78.750	325.575
49	0	4	5	369.850	424.650	185.200	201.950	none	0.500	none	0.500	0	11	78.750	325.575
49	0	4	6	424.650	479.450	185.200	201.950	none	0.500	none	0.500	0	11	78.750	325.575
49	0	4	7	479.450	534.250	185.200	201.950	none	0.500	0.500	0.500	0	11	78.750	325.575
49	0	4	8	534.250	589.150	185.200	201.950	none	0.500	none	0.500	0	11	78.750	325.575
49	0	5	1	143.750	205.300	201.950	218.700	none	0.500	none	0.500	0	11	78.750	325.575
49	0	5	2	205.300	260.050	201.950	218.700	none	0.500	none	0.500	0	11	78.750	325.575
49	0	5	3	260.050	315.050	201.950	218.700	none	0.500	0.500	0.500	0	11	78.750	325.575
49	0	5	4	315.050	369.850	201.950	218.700	none	0.500	0.500	0.500	0	11	78.750	325.575
49	0	5	5	369.850	424.650	201.950	218.700	none	0.500	none	0.500	0	11	78.750	325.575
49	0	5	6	424.650	479.450	201.950	218.700	none	0.500	none	0.500	0	11	78.750	325.575
49	0	5	7	479.450	534.250	201.950	218.700	none	0.500	0.500	0.500	0	11	78.750	325.575
49	0	5	8	534.250	589.150	201.950	218.700	none	0.500	none	0.500	0	11	78.750	325.575
49	0	6	0	57.850	143.750	218.700	252.450	none	0.500	0.500	0.500	0	11	78.750	325.575
49	0	6	1	143.750	205.300	218.700	235.450	none	0.500	none	0.500	0	11	78.750	325.575
49	0	6	2	205.300	260.050	218.700	235.450	none	0.500	none	0.500	0	11	78.750	325.575
49	0	6	3	260.050	315.050	218.700	235.450	none	0.500	0.500	0.500	0	11	78.750	325.575
49	0	6	4	315.050	369.850	218.700	235.450	none	0.500	0.500	0.500	0	11	78.750	325.575
49	0	6	5	369.850	424.650	218.700	235.450	none	0.500	none	0.500	0	11	78.750	325.575
49	0	6	6	424.650	479.450	218.700	235.450	none	0.500	none	0.500	0	11	78.750	325.575
49	0	6	7	479.450	534.250	218.700	235.450	none	0.500	0.500	0.500	0	11	78.750	325.575
49	0	6	8	534.250	589.150	218.700	235.450	none	0.500	none	0.500	0	11	78.750	325.575
49	0	7	1	143.750	205.300	235.450	252.450	none	0.500	none	0.500	0	11	78.750	325.575
49	0	7	2	205.300	260.050	235.450	252.450	none	0.500	none	0.500	0	11	78.750	325.575
49	0	7	3	260.050	315.050	235.450	252.450	none	0.500	0.500	0.500	0	11	78.750	325.575
49	0	7	4	315.050	369.850	235.450	252.450	none	0.500	0.500	0.500	0	11	78.750	325.575
49	0	7	5	369.850	424.650	235.450	252.450	none	0.500	none	0.500	0	11	78.750	325.575
49	0	7	6	424.650	479.450	235.450	252.450	none	0.500	none	0.500	0	11	78.750	325.575
49	0	7	7	479.450	534.250	235.450	252.450	0.500	0.500	0.500	0.500	0	11	78.750	325.575
49	0	7	8	534.250	589.150	235.450	252.450	0.500	0.500	none	0.500	0	11	78.750	325.575
49	0	8	0	57.850	143.750	252.450	276.950	none	0.500	0.500	0.500	0	11	78.750	325.575
49	0	8	1	143.750	205.300	252.450	276.950	none	0.500	none	0.500	0	11	78.750	325.575
49	0	8	2	205.300	260.050	252.450	276.950	none	0.500	none	0.500	0	11	78.750	325.575
49	0	8	3	260.050	315.050	252.450	276.950	none	0.500	0.500	0.500	0	11	78.750	325.575
49	0	8	4	315.050	369.850	252.450	276.950	none	0.500	0.500	0.500	0	11	78.750	325.575
49	0	8	5	369.850	424.650	252.450	276.950	none	0.500	none	0.500	0	11	78.750	325.575
49	0	8	6	424.650	479.450	252.450	276.950	none	0.500	none	0.500	0	11	78.750	325.575
49	0	8	7	479.450	589.150	252.450	325.450	0.500	0.500	0.500	none	0	11	78.750	325.575
49	0	9	0	57.850	143.750	276.950	301.200	none	0.500	0.500	0.500	0	11	78.750	325.575
49	0	9	1	143.750	205.300	276.950	301.200	none	0.500	none	0.500	0	11	78.750	325.575
49	0	9	2	205.300	260.050	276.950	301.200	none	0.500	none	0.500	0	11	78.750	325.575
49	0	9	3	260.050	315.050	276.950	301.200	none	0.500	0.500	0.500	0	11	78.750	325.575
49	0	9	4	315.050	369.850	276.950	301.200	none	0.500	0.500	0.500	0	11	78.750	325.575
49	0	9	5	369.850	424.650	276.950	301.200	none	0.500	none	0.500	0	11	78.750	325.575
49	0	9	6	424.650	479.450	276.950	301.200	none	0.500	none	0.500	0	11	78.750	325.575
49	0	10	0	57.850	143.750	301.200	325.450	none	0.500	0.500	0.500	0	11	78.750	325.575
49	0	10	1	143.750	205.300	301.200	325.450	none	0.500	none	0.500	0	11	78.750	325.575
49	0	10	2	205.300	260.050	301.200	325.450	none	0.500	none	0.500	0	11	78.750	325.575
49	0	10	3	260.050	315.050	301.200	325.450	none	0.500	0.500	0.500	0	11	78.750	325.575
49	0	10	4	315.050	369.850	301.200	325.450	none	0.500	0.500	0.500	0	11	78.750	325.575
49	0	10	5	369.850	424.650	301.200	325.450	none	0.500	none	0.500	0	11	78.750	325.575
49	0	10	6	424.650	479.450	301.200	325.450	none	0.500	none	0.500	0	11	78.750	325.575
50	0	0	0	57.850	143.750	79.000	134.450	0.500	none	0.500	0.500	0	11	78.750	325.575
50	0	0	1	143.750	205.300	79.000	134.450	0.500	0.500	none	0.500	0	11	78.750	325.575
50	0	0	2	205.300	260.050	79.000	134.450	0.500	0.500	none	none	0	11	78.750	325.575
50	0	0	3	260.050	315.050	79.000	134.450	0.500	0.500	0.500	0.500	0	11	78.750	325.575
50	0	0	4	315.050	369.850	79.000	134.450	0.500	0.500	0.500	none	0	11	78.750	325.575
50	0	0	5	369.850	424.650	79.000	134.450	0.500	0.500	0.500	none	0	11	78.750	325.575
50	0	0	6	424.650	479.450	79.000	134.450	0.500	0.500	0.500	none	0	11	78.750	325.575
50	0	0	7	479.450	534.250	79.000	134.450	0.500	0.500	0.500	none	0	11	78.750	325.575
50	0	0	8	534.250	589.150	79.000	134.450	0.500	0.500	0.500	none	0	11	78.750	325.575
50	0	0	9	589.150	643.950	79.000	134.450	0.500	0.500	0.500	0.500	0	11	78.750	325.575
50	0	0	10	643.950	699.550	79.000	134.450	0.500	0.500	0.500	0.500	0	11	78.750	325.575
50	0	0	11	699.550	734.650	79.000	134.450	0.500	none	none	0.500	0	11	78.750	325.575
50	0	1	0	57.850	143.750	134.450	185.200	0.500	0.500	0.500	0.500	0	11	78.750	325.575
50	0	1	1	143.750	205.300	134.450	151.450	none	0.500	none	0.500	0	11	78.750	325.575
50	0	1	2	205.300	260.050	134.450	151.450	none	0.500	none	0.500	0	11	78.750	325.575
50	0	1	3	260.050	315.050	134.450	151.450	none	0.500	0.500	0.500	0	11	78.750	325.575
50	0	1	4	315.050	369.850	134.450	151.450	none	0.500	0.500	0.500	0	11	78.750	325.575
50	0	1	5	369.850	424.650	134.450	151.450	none	0.500	none	0.500	0	11	78.750	325.575
50	0	1	6	424.650	479.450	134.450	151.450	none	0.500	none	0.500	0	11	78.750	325.575
50	0	1	7	479.450	534.250	134.450	151.450	none	0.500	0.500	0.500	0	11	78.750	325.575
50	0	1	8	534.250	589.150	134.450	151.450	none	0.500	none	0.500	0	11	78.750	325.575
50	0	1	9	589.150	643.950	134.450	151.450	0.500	0.500	none	0.500	0	11	78.750	325.575
50	0	1	10	643.950	699.550	134.450	151.450	0.500	0.500	0.500	0.500	0	11	78.750	325.575
50	0	1	11	699.550	734.650	134.450	151.450	0.500	none	none	0.500	0	11	78.750	325.575
50	0	2	1	143.750	205.300	151.450	168.450	none	0.500	none	0.500	0	11	78.750	325.575
50	0	2	2	205.300	260.050	151.450	168.450	none	0.500	none	0.500	0	11	78.750	325.575
50	0	2	3	260.050	315.050	151.450	168.450	none	0.500	0.500	0.500	0	11	78.750	325.575
50	0	2	4	315.050	369.850	151.450	168.450	none	0.500	0.500	0.500	0	11	78.750	325.575
50	0	2	5	369.850	424.650	151.450	168.450	none	0.500	none	0.500	0	11	78.750	325.575
50	0	2	6	424.650	479.450	151.450	168.450	none	0.500	none	0.500	0	11	78.750	325.575
50	0	2	7	479.450	534.250	151.450	168.450	none	0.500	0.500	0.500	0	11	78.750	325.575
50	0	2	8	534.250	589.150	151.450	168.450	none	0.500	none	0.500	0	11	78.750	325.575
50	0	2	9	589.150	643.950	151.450	168.450	0.500	0.500	none	0.500	0	11	78.750	325.575
50	0	2	10	643.950	699.550	151.450	168.450	0.500	0.500	0.500	0.500	0	11	78.750	325.575
50	0	2	11	699.550	734.650	151.450	168.450	none	none	none	0.500	0	11	78.750	325.575
50	0	3	1	143.750	205.300	168.450	185.200	none	0.500	none	0.500	0	11	78.750	325.575
50	0	3	2	205.300	260.050	168.450	185.200	none	0.500	none	0.500	0	11	78.750	325.575
50	0	3	3	260.050	315.050	168.450	185.200	none	0.500	0.500	0.500	0	11	78.750	325.575
50	0	3	4	315.050	369.850	168.450	185.200	none	0.500	0.500	0.500	0	11	78.750	325.575
50	0	3	5	369.850	424.650	168.450	185.200	none	0.500	none	0.500	0	11	78.750	325.575
50	0	3	6	424.650	479.450	168.450	185.200	none	0.500	none	0.500	0	11	78.750	325.575
50	0	3	7	479.450	534.250	168.450	185.200	none	0.500	0.500	0.500	0	11	78.750	325.575
50	0	3	8	534.250	589.150	168.450	185.200	none	0.500	none	0.500	0	11	78.750	325.575
50	0	3	9	589.150	734.650	168.450	325.450	none	0.500	none	0.500	0	11	78.750	325.575
50	0	4	0	57.850	143.750	185.200	218.700	none	0.500	0.500	0.500	0	11	78.750	325.575
50	0	4	1	143.750	205.300	185.200	201.950	none	0.500	none	0.500	0	11	78.750	325.575
50	0	4	2	205.300	260.050	185.200	201.950	none	0.500	none	0.500	0	11	78.750	325.575
50	0	4	3	260.050	315.050	185.200	201.950	none	0.500	0.500	0.500	0	11	78.750	325.575
50	0	4	4	315.050	369.850	185.200	201.950	none	0.500	0.500	0.500	0	11	78.750	325.575
50	0	4	5	369.850	424.650	185.200	201.950	none	0.500	none	0.500	0	11	78.750	325.575
50	0	4	6	424.650	479.450	185.200	201.950	none	0.500	none	0.500	0	11	78.750	325.575
50	0	4	7	479.450	534.250	185.200	201.950	none	0.500	0.500	0.500	0	11	78.750	325.575
50	0	4	8	534.250	589.150	185.200	201.950	none	0.500	none	0.500	0	11	78.750	325.575
50	0	5	1	143.750	205.300	201.950	218.700	none	0.500	none	0.500	0	11	78.750	325.575
50	0	5	2	205.300	260.050	201.950	218.700	none	0.500	none	0.500	0	11	78.750	325.575
50	0	5	3	260.050	315.050	201.950	218.700	none	0.500	0.500	0.500	0	11	78.750	325.575
50	0	5	4	315.050	369.850	201.950	218.700	none	0.500	0.500	0.500	0	11	78.750	325.575
50	0	5	5	369.850	424.650	201.950	218.700	none	0.500	none	0.500	0	11	78.750	325.575
50	0	5	6	424.650	479.450	201.950	218.700	none	0.500	none	0.500	0	11	78.750	325.575
50	0	5	7	479.450	534.250	201.950	218.700	none	0.500	0.500	0.500	0	11	78.750	325.575
50	0	5	8	534.250	589.150	201.950	218.700	none	0.500	none	0.500	0	11	78.750	325.575
50	0	6	0	57.850	143.750	218.700	252.450	none	0.500	0.500	0.500	0	11	78.750	325.575
50	0	6	1	143.750	205.300	218.700	235.450	none	0.500	none	0.500	0	11	78.750	325.575
50	0	6	2	205.300	260.050	218.700	235.450	none	0.500	none	0.500	0	11	78.750	325.575
50	0	6	3	260.050	315.050	218.700	235.450	none	0.500	0.500	0.500	0	11	78.750	325.575
50	0	6	4	315.050	369.850	218.700	235.450	none	0.500	0.500	0.500	0	11	78.750	325.575
50	0	6	5	369.850	424.650	218.700	235.450	none	0.500	none	0.500	0	11	78.750	325.575
50	0	6	6	424.650	479.450	218.700	235.450	none	0.500	none	0.500	0	11	78.750	325.575
50	0	6	7	479.450	534.250	218.700	235.450	none	0.500	0.500	0.500	0	11	78.750	325.575
50	0	6	8	534.250	589.150	218.700	235.450	none	0.500	none	0.500	0	11	78.750	325.575
50	0	7	1	143.750	205.300	235.450	252.450	none	0.500	none	0.500	0	11	78.750	325.575
50	0	7	2	205.300	260.050	235.450	252.450	none	0.500	none	0.500	0	11	78.750	325.575
50	0	7	3	260.050	315.050	235.450	252.450	none	0.500	0.500	0.500	0	11	78.750	325.575
50	0	7	4	315.050	369.850	235.450	252.450	none	0.500	0.500	0.500	0	11	78.750	325.575
50	0	7	5	369.850	424.650	235.450	252.450	none	0.500	none	0.500	0	11	78.750	325.575
50	0	7	6	424.650	479.450	235.450	252.450	none	0.500	none	0.500	0	11	78.750	325.575
50	0	7	7	479.450	534.250	235.450	252.450	0.500	0.500	0.500	0.500	0	11	78.750	325.575
50	0	7	8	534.250	589.150	235.450	252.450	0.500	0.500	none	0.500	0	11	78.750	325.575
50	0	8	0	57.850	143.750	252.450	276.950	none	0.500	0.500	0.500	0	11	78.750	325.575
50	0	8	1	143.750	205.300	252.450	276.950	none	0.500	none	0.500	0	11	78.750	325.575
50	0	8	2	205.300	260.050	252.450	276.950	none	0.500	none	0.500	0	11	78.750	325.575
50	0	8	3	260.050	315.050	252.450	276.950	none	0.500	0.500	0.500	0	11	78.750	325.575
50	0	8	4	315.050	369.850	252.450	276.950	none	0.500	0.500	0.500	0	11	78.750	325.575
50	0	8	5	369.850	424.650	252.450	276.950	none	0.500	none	0.500	0	11	78.750	325.575
50	0	8	6	424.650	479.450	252.450	276.950	none	0.500	none	0.500	0	11	78.750	325.575
50	0	8	7	479.450	589.150	252.450	325.450	0.500	0.500	0.500	none	0	11	78.750	325.575
50	0	9	0	57.850	143.750	276.950	301.200	none	0.500	0.500	0.500	0	11	78.750	325.575
50	0	9	1	143.750	205.300	276.950	301.200	none	0.500	none	0.500	0	11	78.750	325.575
50	0	9	2	205.300	260.050	276.950	301.200	none	0.500	none	0.500	0	11	78.750	325.575
50	0	9	3	260.050	315.050	276.950	301.200	none	0.500	0.500	0.500	0	11	78.750	325.575
50	0	9	4	315.050	369.850	276.950	301.200	none	0.500	0.500	0.500	0	11	78.750	325.575
50	0	9	5	369.850	424.650	276.950	301.200	none	0.500	none	0.500	0	11	78.750	325.575
50	0	9	6	424.650	479.450	276.950	301.200	none	0.500	none	0.500	0	11	78.750	325.575
50	0	10	0	57.850	143.750	301.200	325.450	none	0.500	0.500	0.500	0	11	78.750	325.575
50	0	10	1	143.750	205.300	301.200	325.450	none	0.500	none	0.500	0	11	78.750	325.575
50	0	10	2	205.300	260.050	301.200	325.450	none	0.500	none	0.500	0	11	78.750	325.575
50	0	10	3	260.050	315.050	301.200	325.450	none	0.500	0.500	0.500	0	11	78.750	325.575
50	0	10	4	315.050	369.850	301.200	325.450	none	0.500	0.500	0.500	0	11	78.750	325.575
50	0	10	5	369.850	424.650	301.200	325.450	none	0.500	none	0.500	0	11	78.750	325.575
50	0	10	6	424.650	479.450	301.200	325.450	none	0.500	none	0.500	0	11	78.750	325.575
51	0	0	0	57.850	143.750	79.000	134.450	0.500	none	0.500	0.500	0	11	78.750	325.575
51	0	0	1	143.750	205.300	79.000	134.450	0.500	0.500	none	0.500	0	11	78.750	325.575
51	0	0	2	205.300	260.050	79.000	134.450	0.500	0.500	none	none	0	11	78.750	325.575
51	0	0	3	260.050	315.050	79.000	134.450	0.500	0.500	0.500	0.500	0	11	78.750	325.575
51	0	0	4	315.050	369.850	79.000	134.450	0.500	0.500	0.500	none	0	11	78.750	325.575
51	0	0	5	369.850	424.650	79.000	134.450	0.500	0.500	0.500	none	0	11	78.750	325.575
51	0	0	6	424.650	479.450	79.000	134.450	0.500	0.500	0.500	none	0	11	78.750	325.575
51	0	0	7	479.450	534.250	79.000	134.450	0.500	0.500	0.500	none	0	11	78.750	325.575
51	0	0	8	534.250	589.150	79.000	134.450	0.500	0.500	0.500	none	0	11	78.750	325.575
51	0	0	9	589.150	643.950	79.000	134.450	0.500	0.500	0.500	0.500	0	11	78.750	325.575
51	0	0	10	643.950	699.550	79.000	134.450	0.500	0.500	0.500	0.500	0	11	78.750	325.575
51	0	0	11	699.550	734.650	79.000	134.450	0.500	none	none	0.500	0	11	78.750	325.575
51	0	1	0	57.850	143.750	134.450	185.200	0.500	0.500	0.500	0.500	0	11	78.750	325.575
51	0	1	1	143.750	205.300	134.450	151.450	none	0.500	none	0.500	0	11	78.750	325.575
51	0	1	2	205.300	260.050	134.450	151.450	none	0.500	none	0.500	0	11	78.750	325.575
51	0	1	3	260.050	315.050	134.450	151.450	none	0.500	0.500	0.500	0	11	78.750	325.575
51	0	1	4	315.050	369.850	134.450	151.450	none	0.500	0.500	0.500	0	11	78.750	325.575
51	0	1	5	369.850	424.650	134.450	151.450	none	0.500	none	0.500	0	11	78.750	325.575
51	0	1	6	424.650	479.450	134.450	151.450	none	0.500	none	0.500	0	11	78.750	325.575
51	0	1	7	479.450	534.250	134.450	151.450	none	0.500	0.500	0.500	0	11	78.750	325.575
51	0	1	8	534.250	589.150	134.450	151.450	none	0.500	none	0.500	0	11	78.750	325.575
51	0	1	9	589.150	643.950	134.450	151.450	0.500	0.500	none	0.500	0	11	78.750	325.575
51	0	1	10	643.950	699.550	134.450	151.450	0.500	0.500	0.500	0.500	0	11	78.750	325.575
51	0	1	11	699.550	734.650	134.450	151.450	0.500	none	none	0.500	0	11	78.750	325.575
51	0	2	1	143.750	205.300	151.450	168.450	none	0.500	none	0.500	0	11	78.750	325.575
51	0	2	2	205.300	260.050	151.450	168.450	none	0.500	none	0.500	0	11	78.750	325.575
51	0	2	3	260.050	315.050	151.450	168.450	none	0.500	0.500	0.500	0	11	78.750	325.575
51	0	2	4	315.050	369.850	151.450	168.450	none	0.500	0.500	0.500	0	11	78.750	325.575
51	0	2	5	369.850	424.650	151.450	168.450	none	0.500	none	0.500	0	11	78.750	325.575
51	0	2	6	424.650	479.450	151.450	168.450	none	0.500	none	0.500	0	11	78.750	325.575
51	0	2	7	479.450	534.250	151.450	168.450	none	0.500	0.500	0.500	0	11	78.750	325.575
51	0	2	8	534.250	589.150	151.450	168.450	none	0.500	none	0.500	0	11	78.750	325.575
51	0	2	9	589.150	643.950	151.450	168.450	0.500	0.500	none	0.500	0	11	78.750	325.575
51	0	2	10	643.950	699.550	151.450	168.450	0.500	0.500	0.500	0.500	0	11	78.750	325.575
51	0	2	11	699.550	734.650	151.450	168.450	none	none	none	0.500	0	11	78.750	325.575
51	0	3	1	143.750	205.300	168.450	185.200	none	0.500	none	0.500	0	11	78.750	325.575
51	0	3	2	205.300	260.050	168.450	185.200	none	0.500	none	0.500	0	11	78.750	325.575
51	0	3	3	260.050	315.050	168.450	185.200	none	0.500	0.500	0.500	0	11	78.750	325.575
51	0	3	4	315.050	369.850	168.450	185.200	none	0.500	0.500	0.500	0	11	78.750	325.575
51	0	3	5	369.850	424.650	168.450	185.200	none	0.500	none	0.500	0	11	78.750	325.575
51	0	3	6	424.650	479.450	168.450	185.200	none	0.500	none	0.500	0	11	78.750	325.575
51	0	3	7	479.450	534.250	168.450	185.200	none	0.500	0.500	0.500	0	11	78.750	325.575
51	0	3	8	534.250	589.150	168.450	185.200	none	0.500	none	0.500	0	11	78.750	325.575
51	0	3	9	589.150	734.650	168.450	325.450	none	0.500	none	0.500	0	11	78.750	325.575
51	0	4	0	57.850	143.750	185.200	218.700	none	0.500	0.500	0.500	0	11	78.750	325.575
51	0	4	1	143.750	205.300	185.200	201.950	none	0.500	none	0.500	0	11	78.750	325.575
51	0	4	2	205.300	260.050	185.200	201.950	none	0.500	none	0.500	0	11	78.750	325.575
51	0	4	3	260.050	315.050	185.200	201.950	none	0.500	0.500	0.500	0	11	78.750	325.575
51	0	4	4	315.050	369.850	185.200	201.950	none	0.500	0.500	0.500	0	11	78.750	325.575
51	0	4	5	369.850	424.650	185.200	201.950	none	0.500	none	0.500	0	11	78.750	325.575
51	0	4	6	424.650	479.450	185.200	201.950	none	0.500	none	0.500	0	11	78.750	325.575
51	0	4	7	479.450	534.250	185.200	201.950	none	0.500	0.500	0.500	0	11	78.750	325.575
51	0	4	8	534.250	589.150	185.200	201.950	none	0.500	none	0.500	0	11	78.750	325.575
51	0	5	1	143.750	205.300	201.950	218.700	none	0.500	none	0.500	0	11	78.750	325.575
51	0	5	2	205.300	260.050	201.950	218.700	none	0.500	none	0.500	0	11	78.750	325.575
51	0	5	3	260.050	315.050	201.950	218.700	none	0.500	0.500	0.500	0	11	78.750	325.575
51	0	5	4	315.050	369.850	201.950	218.700	none	0.500	0.500	0.500	0	11	78.750	325.575
51	0	5	5	369.850	424.650	201.950	218.700	none	0.500	none	0.500	0	11	78.750	325.575
51	0	5	6	424.650	479.450	201.950	218.700	none	0.500	none	0.500	0	11	78.750	325.575
51	0	5	7	479.450	534.250	201.950	218.700	none	0.500	0.500	0.500	0	11	78.750	325.575
51	0	5	8	534.250	589.150	201.950	218.700	none	0.500	none	0.500	0	11	78.750	325.575
51	0	6	0	57.850	143.750	218.700	252.450	none	0.500	0.500	0.500	0	11	78.750	325.575
51	0	6	1	143.750	205.300	218.700	235.450	none	0.500	none	0.500	0	11	78.750	325.575
51	0	6	2	205.300	260.050	218.700	235.450	none	0.500	none	0.500	0	11	78.750	325.575
51	0	6	3	260.050	315.050	218.700	235.450	none	0.500	0.500	0.500	0	11	78.750	325.575
51	0	6	4	315.050	369.850	218.700	235.450	none	0.500	0.500	0.500	0	11	78.750	325.575
51	0	6	5	369.850	424.650	218.700	235.450	none	0.500	none	0.500	0	11	78.750	325.575
51	0	6	6	424.650	479.450	218.700	235.450	none	0.500	none	0.500	0	11	78.750	325.575
51	0	6	7	479.450	534.250	218.700	235.450	none	0.500	0.500	0.500	0	11	78.750	325.575
51	0	6	8	534.250	589.150	218.700	235.450	none	0.500	none	0.500	0	11	78.750	325.575
51	0	7	1	143.750	205.300	235.450	252.450	none	0.500	none	0.500	0	11	78.750	325.575
51	0	7	2	205.300	260.050	235.450	252.450	none	0.500	none	0.500	0	11	78.750	325.575
51	0	7	3	260.050	315.050	235.450	252.450	none	0.500	0.500	0.500	0	11	78.750	325.575
51	0	7	4	315.050	369.850	235.450	252.450	none	0.500	0.500	0.500	0	11	78.750	325.575
51	0	7	5	369.850	424.650	235.450	252.450	none	0.500	none	0.500	0	11	78.750	325.575
51	0	7	6	424.650	479.450	235.450	252.450	none	0.500	none	0.500	0	11	78.750	325.575
51	0	7	7	479.450	534.250	235.450	252.450	0.500	0.500	0.500	0.500	0	11	78.750	325.575
51	0	7	8	534.250	589.150	235.450	252.450	0.500	0.500	none	0.500	0	11	78.750	325.575
51	0	8	0	57.850	143.750	252.450	276.950	none	0.500	0.500	0.500	0	11	78.750	325.575
51	0	8	1	143.750	205.300	252.450	276.950	none	0.500	none	0.500	0	11	78.750	325.575
51	0	8	2	205.300	260.050	252.450	276.950	none	0.500	none	0.500	0	11	78.750	325.575
51	0	8	3	260.050	315.050	252.450	276.950	none	0.500	0.500	0.500	0	11	78.750	325.575
51	0	8	4	315.050	369.850	252.450	276.950	none	0.500	0.500	0.500	0	11	78.750	325.575
51	0	8	5	369.850	424.650	252.450	276.950	none	0.500	none	0.500	0	11	78.750	325.575
51	0	8	6	424.650	479.450	252.450	276.950	none	0.500	none	0.500	0	11	78.750	325.575
51	0	8	7	479.450	589.150	252.450	325.450	0.500	0.500	0.500	none	0	11	78.750	325.575
51	0	9	0	57.850	143.750	276.950	301.200	none	0.500	0.500	0.500	0	11	78.750	325.575
51	0	9	1	143.750	205.300	276.950	301.200	none	0.500	none	0.500	0	11	78.750	325.575
51	0	9	2	205.300	260.050	276.950	301.200	none	0.500	none	0.500	0	11	78.750	325.575
51	0	9	3	260.050	315.050	276.950	301.200	none	0.500	0.500	0.500	0	11	78.750	325.575
51	0	9	4	315.050	369.850	276.950	301.200	none	0.500	0.500	0.500	0	11	78.750	325.575
51	0	9	5	369.850	424.650	276.950	301.200	none	0.500	none	0.500	0	11	78.750	325.575
51	0	9	6	424.650	479.450	276.950	301.200	none	0.500	none	0.500	0	11	78.750	325.575
51	0	10	0	57.850	143.750	301.200	325.450	none	0.500	0.500	0.500	0	11	78.750	325.575
51	0	10	1	143.750	205.300	301.200	325.450	none	0.500	none	0.500	0	11	78.750	325.575
51	0	10	2	205.300	260.050	301.200	325.450	none	0.500	none	0.500	0	11	78.750	325.575
51	0	10	3	260.050	315.050	301.200	325.450	none	0.500	0.500	0.500	0	11	78.750	325.575
51	0	10	4	315.050	369.850	301.200	325.450	none	0.500	0.500	0.500	0	11	78.750	325.575
51	0	10	5	369.850	424.650	301.200	325.450	none	0.500	none	0.500	0	11	78.750	325.575
51	0	10	6	424.650	479.450	301.200	325.450	none	0.500	none	0.500	0	11	78.750	325.575
52	0	0	0	57.850	143.750	79.000	134.450	0.500	none	0.500	0.500	0	11	78.750	325.575
52	0	0	1	143.750	205.300	79.000	134.450	0.500	0.500	none	0.500	0	11	78.750	325.575
52	0	0	2	205.300	260.050	79.000	134.450	0.500	0.500	none	none	0	11	78.750	325.575
52	0	0	3	260.050	315.050	79.000	134.450	0.500	0.500	0.500	0.500	0	11	78.750	325.575
52	0	0	4	315.050	369.850	79.000	134.450	0.500	0.500	0.500	none	0	11	78.750	325.575
52	0	0	5	369.850	424.650	79.000	134.450	0.500	0.500	0.500	none	0	11	78.750	325.575
52	0	0	6	424.650	479.450	79.000	134.450	0.500	0.500	0.500	none	0	11	78.750	325.575
52	0	0	7	479.450	534.250	79.000	134.450	0.500	0.500	0.500	none	0	11	78.750	325.575
52	0	0	8	534.250	589.150	79.000	134.450	0.500	0.500	0.500	none	0	11	78.750	325.575
52	0	0	9	589.150	643.950	79.000	134.450	0.500	0.500	0.500	0.500	0	11	78.750	325.575
52	0	0	10	643.950	699.550	79.000	134.450	0.500	0.500	0.500	0.500	0	11	78.750	325.575
52	0	0	11	699.550	734.650	79.000	134.450	0.500	none	none	0.500	0	11	78.750	325.575
52	0	1	0	57.850	143.750	134.450	185.200	0.500	0.500	0.500	0.500	0	11	78.750	325.575
52	0	1	1	143.750	205.300	134.450	151.450	none	0.500	none	0.500	0	11	78.750	325.575
52	0	1	2	205.300	260.050	134.450	151.450	none	0.500	none	0.500	0	11	78.750	325.575
52	0	1	3	260.050	315.050	134.450	151.450	none	0.500	0.500	0.500	0	11	78.750	325.575
52	0	1	4	315.050	369.850	134.450	151.450	none	0.500	0.500	0.500	0	11	78.750	325.575
52	0	1	5	369.850	424.650	134.450	151.450	none	0.500	none	0.500	0	11	78.750	325.575
52	0	1	6	424.650	479.450	134.450	151.450	none	0.500	none	0.500	0	11	78.750	325.575
52	0	1	7	479.450	534.250	134.450	151.450	none	0.500	0.500	0.500	0	11	78.750	325.575
52	0	1	8	534.250	589.150	134.450	151.450	none	0.500	none	0.500	0	11	78.750	325.575
52	0	1	9	589.150	643.950	134.450	151.450	0.500	0.500	none	0.500	0	11	78.750	325.575
52	0	1	10	643.950	699.550	134.450	151.450	0.500	0.500	0.500	0.500	0	11	78.750	325.575
52	0	1	11	699.550	734.650	134.450	151.450	0.500	none	none	0.500	0	11	78.750	325.575
52	0	2	1	143.750	205.300	151.450	168.450	none	0.500	none	0.500	0	11	78.750	325.575
52	0	2	2	205.300	260.050	151.450	168.450	none	0.500	none	0.500	0	11	78.750	325.575
52	0	2	3	260.050	315.050	151.450	168.450	none	0.500	0.500	0.500	0	11	78.750	325.575
52	0	2	4	315.050	369.850	151.450	168.450	none	0.500	0.500	0.500	0	11	78.750	325.575
52	0	2	5	369.850	424.650	151.450	168.450	none	0.500	none	0.500	0	11	78.750	325.575
52	0	2	6	424.650	479.450	151.450	168.450	none	0.500	none	0.500	0	11	78.750	325.575
52	0	2	7	479.450	534.250	151.450	168.450	none	0.500	0.500	0.500	0	11	78.750	325.575
52	0	2	8	534.250	589.150	151.450	168.450	none	0.500	none	0.500	0	11	78.750	325.575
52	0	2	9	589.150	643.950	151.450	168.450	0.500	0.500	none	0.500	0	11	78.750	325.575
52	0	2	10	643.950	699.550	151.450	168.450	0.500	0.500	0.500	0.500	0	11	78.750	325.575
52	0	2	11	699.550	734.650	151.450	168.450	none	none	none	0.500	0	11	78.750	325.575
52	0	3	1	143.750	205.300	168.450	185.200	none	0.500	none	0.500	0	11	78.750	325.575
52	0	3	2	205.300	260.050	168.450	185.200	none	0.500	none	0.500	0	11	78.750	325.575
52	0	3	3	260.050	315.050	168.450	185.200	none	0.500	0.500	0.500	0	11	78.750	325.575
52	0	3	4	315.050	369.850	168.450	185.200	none	0.500	0.500	0.500	0	11	78.750	325.575
52	0	3	5	369.850	424.650	168.450	185.200	none	0.500	none	0.500	0	11	78.750	325.575
52	0	3	6	424.650	479.450	168.450	185.200	none	0.500	none	0.500	0	11	78.750	325.575
52	0	3	7	479.450	534.250	168.450	185.200	none	0.500	0.500	0.500	0	11	78.750	325.575
52	0	3	8	534.250	589.150	168.450	185.200	none	0.500	none	0.500	0	11	78.750	325.575
52	0	3	9	589.150	734.650	168.450	325.450	none	0.500	none	0.500	0	11	78.750	325.575
52	0	4	0	57.850	143.750	185.200	218.700	none	0.500	0.500	0.500	0	11	78.750	325.575
52	0	4	1	143.750	205.300	185.200	201.950	none	0.500	none	0.500	0	11	78.750	325.575
52	0	4	2	205.300	260.050	185.200	201.950	none	0.500	none	0.500	0	11	78.750	325.575
52	0	4	3	260.050	315.050	185.200	201.950	none	0.500	0.500	0.500	0	11	78.750	325.575
52	0	4	4	315.050	369.850	185.200	201.950	none	0.500	0.500	0.500	0	11	78.750	325.575
52	0	4	5	369.850	424.650	185.200	201.950	none	0.500	none	0.500	0	11	78.750	325.575
52	0	4	6	424.650	479.450	185.200	201.950	none	0.500	none	0.500	0	11	78.750	325.575
52	0	4	7	479.450	534.250	185.200	201.950	none	0.500	0.500	0.500	0	11	78.750	325.575
52	0	4	8	534.250	589.150	185.200	201.950	none	0.500	none	0.500	0	11	78.750	325.575
52	0	5	1	143.750	205.300	201.950	218.700	none	0.500	none	0.500	0	11	78.750	325.575
52	0	5	2	205.300	260.050	201.950	218.700	none	0.500	none	0.500	0	11	78.750	325.575
52	0	5	3	260.050	315.050	201.950	218.700	none	0.500	0.500	0.500	0	11	78.750	325.575
52	0	5	4	315.050	369.850	201.950	218.700	none	0.500	0.500	0.500	0	11	78.750	325.575
52	0	5	5	369.850	424.650	201.950	218.700	none	0.500	none	0.500	0	11	78.750	325.575
52	0	5	6	424.650	479.450	201.950	218.700	none	0.500	none	0.500	0	11	78.750	325.575
52	0	5	7	479.450	534.250	201.950	218.700	none	0.500	0.500	0.500	0	11	78.750	325.575
52	0	5	8	534.250	589.150	201.950	218.700	none	0.500	none	0.500	0	11	78.750	325.575
52	0	6	0	57.850	143.750	218.700	252.450	none	0.500	0.500	0.500	0	11	78.750	325.575
52	0	6	1	143.750	205.300	218.700	235.450	none	0.500	none	0.500	0	11	78.750	325.575
52	0	6	2	205.300	260.050	218.700	235.450	none	0.500	none	0.500	0	11	78.750	325.575
52	0	6	3	260.050	315.050	218.700	235.450	none	0.500	0.500	0.500	0	11	78.750	325.575
52	0	6	4	315.050	369.850	218.700	235.450	none	0.500	0.500	0.500	0	11	78.750	325.575
52	0	6	5	369.850	424.650	218.700	235.450	none	0.500	none	0.500	0	11	78.750	325.575
52	0	6	6	424.650	479.450	218.700	235.450	none	0.500	none	0.500	0	11	78.750	325.575
52	0	6	7	479.450	534.250	218.700	235.450	none	0.500	0.500	0.500	0	11	78.750	325.575
52	0	6	8	534.250	589.150	218.700	235.450	none	0.500	none	0.500	0	11	78.750	325.575
52	0	7	1	143.750	205.300	235.450	252.450	none	0.500	none	0.500	0	11	78.750	325.575
52	0	7	2	205.300	260.050	235.450	252.450	none	0.500	none	0.500	0	11	78.750	325.575
52	0	7	3	260.050	315.050	235.450	252.450	none	0.500	0.500	0.500	0	11	78.750	325.575
52	0	7	4	315.050	369.850	235.450	252.450	none	0.500	0.500	0.500	0	11	78.750	325.575
52	0	7	5	369.850	424.650	235.450	252.450	none	0.500	none	0.500	0	11	78.750	325.575
52	0	7	6	424.650	479.450	235.450	252.450	none	0.500	none	0.500	0	11	78.750	325.575
52	0	7	7	479.450	534.250	235.450	252.450	0.500	0.500	0.500	0.500	0	11	78.750	325.575
52	0	7	8	534.250	589.150	235.450	252.450	0.500	0.500	none	0.500	0	11	78.750	325.575
52	0	8	0	57.850	143.750	252.450	276.950	none	0.500	0.500	0.500	0	11	78.750	325.575
52	0	8	1	143.750	205.300	252.450	276.950	none	0.500	none	0.500	0	11	78.750	325.575
52	0	8	2	205.300	260.050	252.450	276.950	none	0.500	none	0.500	0	11	78.750	325.575
52	0	8	3	260.050	315.050	252.450	276.950	none	0.500	0.500	0.500	0	11	78.750	325.575
52	0	8	4	315.050	369.850	252.450	276.950	none	0.500	0.500	0.500	0	11	78.750	325.575
52	0	8	5	369.850	424.650	252.450	276.950	none	0.500	none	0.500	0	11	78.750	325.575
52	0	8	6	424.650	479.450	252.450	276.950	none	0.500	none	0.500	0	11	78.750	325.575
52	0	8	7	479.450	589.150	252.450	325.450	0.500	0.500	0.500	none	0	11	78.750	325.575
52	0	9	0	57.850	143.750	276.950	301.200	none	0.500	0.500	0.500	0	11	78.750	325.575
52	0	9	1	143.750	205.300	276.950	301.200	none	0.500	none	0.500	0	11	78.750	325.575
52	0	9	2	205.300	260.050	276.950	301.200	none	0.500	none	0.500	0	11	78.750	325.575
52	0	9	3	260.050	315.050	276.950	301.200	none	0.500	0.500	0.500	0	11	78.750	325.575
52	0	9	4	315.050	369.850	276.950	301.200	none	0.500	0.500	0.500	0	11	78.750	325.575
52	0	9	5	369.850	424.650	276.950	301.200	none	0.500	none	0.500	0	11	78.750	325.575
52	0	9	6	424.650	479.450	276.950	301.200	none	0.500	none	0.500	0	11	78.750	325.575
52	0	10	0	57.850	143.750	301.200	325.450	none	0.500	0.500	0.500	0	11	78.750	325.575
52	0	10	1	143.750	205.300	301.200	325.450	none	0.500	none	0.500	0	11	78.750	325.575
52	0	10	2	205.300	260.050	301.200	325.450	none	0.500	none	0.500	0	11	78.750	325.575
52	0	10	3	260.050	315.050	301.200	325.450	none	0.500	0.500	0.500	0	11	78.750	325.575
52	0	10	4	315.050	369.850	301.200	325.450	none	0.500	0.500	0.500	0	11	78.750	325.575
52	0	10	5	369.850	424.650	301.200	325.450	none	0.500	none	0.500	0	11	78.750	325.575
52	0	10	6	424.650	479.450	301.200	325.450	none	0.500	none	0.500	0	11	78.750	325.575
53	0	0	0	57.850	143.750	79.000	134.450	0.500	none	0.500	0.500	0	11	78.750	325.575
53	0	0	1	143.750	205.300	79.000	134.450	0.500	0.500	none	0.500	0	11	78.750	325.575
53	0	0	2	205.300	260.050	79.000	134.450	0.500	0.500	none	none	0	11	78.750	325.575
53	0	0	3	260.050	315.050	79.000	134.450	0.500	0.500	0.500	0.500	0	11	78.750	325.575
53	0	0	4	315.050	369.850	79.000	134.450	0.500	0.500	0.500	none	0	11	78.750	325.575
53	0	0	5	369.850	424.650	79.000	134.450	0.500	0.500	0.500	none	0	11	78.750	325.575
53	0	0	6	424.650	479.450	79.000	134.450	0.500	0.500	0.500	none	0	11	78.750	325.575
53	0	0	7	479.450	534.250	79.000	134.450	0.500	0.500	0.500	none	0	11	78.750	325.575
53	0	0	8	534.250	589.150	79.000	134.450	0.500	0.500	0.500	none	0	11	78.750	325.575
53	0	0	9	589.150	643.950	79.000	134.450	0.500	0.500	0.500	0.500	0	11	78.750	325.575
53	0	0	10	643.950	699.550	79.000	134.450	0.500	0.500	0.500	0.500	0	11	78.750	325.575
53	0	0	11	699.550	734.650	79.000	134.450	0.500	none	none	0.500	0	11	78.750	325.575
53	0	1	0	57.850	143.750	134.450	185.200	0.500	0.500	0.500	0.500	0	11	78.750	325.575
53	0	1	1	143.750	205.300	134.450	151.450	none	0.500	none	0.500	0	11	78.750	325.575
53	0	1	2	205.300	260.050	134.450	151.450	none	0.500	none	0.500	0	11	78.750	325.575
53	0	1	3	260.050	315.050	134.450	151.450	none	0.500	0.500	0.500	0	11	78.750	325.575
53	0	1	4	315.050	369.850	134.450	151.450	none	0.500	0.500	0.500	0	11	78.750	325.575
53	0	1	5	369.850	424.650	134.450	151.450	none	0.500	none	0.500	0	11	78.750	325.575
53	0	1	6	424.650	479.450	134.450	151.450	none	0.500	none	0.500	0	11	78.750	325.575
53	0	1	7	479.450	534.250	134.450	151.450	none	0.500	0.500	0.500	0	11	78.750	325.575
53	0	1	8	534.250	589.150	134.450	151.450	none	0.500	none	0.500	0	11	78.750	325.575
53	0	1	9	589.150	643.950	134.450	151.450	0.500	0.500	none	0.500	0	11	78.750	325.575
53	0	1	10	643.950	699.550	134.450	151.450	0.500	0.500	0.500	0.500	0	11	78.750	325.575
53	0	1	11	699.550	734.650	134.450	151.450	0.500	none	none	0.500	0	11	78.750	325.575
53	0	2	1	143.750	205.300	151.450	168.450	none	0.500	none	0.500	0	11	78.750	325.575
53	0	2	2	205.300	260.050	151.450	168.450	none	0.500	none	0.500	0	11	78.750	325.575
53	0	2	3	260.050	315.050	151.450	168.450	none	0.500	0.500	0.500	0	11	78.750	325.575
53	0	2	4	315.050	369.850	151.450	168.450	none	0.500	0.500	0.500	0	11	78.750	325.575
53	0	2	5	369.850	424.650	151.450	168.450	none	0.500	none	0.500	0	11	78.750	325.575
53	0	2	6	424.650	479.450	151.450	168.450	none	0.500	none	0.500	0	11	78.750	325.575
53	0	2	7	479.450	534.250	151.450	168.450	none	0.500	0.500	0.500	0	11	78.750	325.575
53	0	2	8	534.250	589.150	151.450	168.450	none	0.500	none	0.500	0	11	78.750	325.575
53	0	2	9	589.150	643.950	151.450	168.450	0.500	0.500	none	0.500	0	11	78.750	325.575
53	0	2	10	643.950	699.550	151.450	168.450	0.500	0.500	0.500	0.500	0	11	78.750	325.575
53	0	2	11	699.550	734.650	151.450	168.450	none	none	none	0.500	0	11	78.750	325.575
53	0	3	1	143.750	205.300	168.450	185.200	none	0.500	none	0.500	0	11	78.750	325.575
53	0	3	2	205.300	260.050	168.450	185.200	none	0.500	none	0.500	0	11	78.750	325.575
53	0	3	3	260.050	315.050	168.450	185.200	none	0.500	0.500	0.500	0	11	78.750	325.575
53	0	3	4	315.050	369.850	168.450	185.200	none	0.500	0.500	0.500	0	11	78.750	325.575
53	0	3	5	369.850	424.650	168.450	185.200	none	0.500	none	0.500	0	11	78.750	325.575
53	0	3	6	424.650	479.450	168.450	185.200	none	0.500	none	0.500	0	11	78.750	325.575
53	0	3	7	479.450	534.250	168.450	185.200	none	0.500	0.500	0.500	0	11	78.750	325.575
53	0	3	8	534.250	589.150	168.450	185.200	none	0.500	none	0.500	0	11	78.750	325.575
53	0	3	9	589.150	734.650	168.450	325.450	none	0.500	none	0.500	0	11	78.750	325.575
53	0	4	0	57.850	143.750	185.200	218.700	none	0.500	0.500	0.500	0	11	78.750	325.575
53	0	4	1	143.750	205.300	185.200	201.950	none	0.500	none	0.500	0	11	78.750	325.575
53	0	4	2	205.300	260.050	185.200	201.950	none	0.500	none	0.500	0	11	78.750	325.575
53	0	4	3	260.050	315.050	185.200	201.950	none	0.500	0.500	0.500	0	11	78.750	325.575
53	0	4	4	315.050	369.850	185.200	201.950	none	0.500	0.500	0.500	0	11	78.750	325.575
53	0	4	5	369.850	424.650	185.200	201.950	none	0.500	none	0.500	0	11	78.750	325.575
53	0	4	6	424.650	479.450	185.200	201.950	none	0.500	none	0.500	0	11	78.750	325.575
53	0	4	7	479.450	534.250	185.200	201.950	none	0.500	0.500	0.500	0	11	78.750	325.575
53	0	4	8	534.250	589.150	185.200	201.950	none	0.500	none	0.500	0	11	78.750	325.575
53	0	5	1	143.750	205.300	201.950	218.700	none	0.500	none	0.500	0	11	78.750	325.575
53	0	5	2	205.300	260.050	201.950	218.700	none	0.500	none	0.500	0	11	78.750	325.575
53	0	5	3	260.050	315.050	201.950	218.700	none	0.500	0.500	0.500	0	11	78.750	325.575
53	0	5	4	315.050	369.850	201.950	218.700	none	0.500	0.500	0.500	0	11	78.750	325.575
53	0	5	5	369.850	424.650	201.950	218.700	none	0.500	none	0.500	0	11	78.750	325.575
53	0	5	6	424.650	479.450	201.950	218.700	none	0.500	none	0.500	0	11	78.750	325.575
53	0	5	7	479.450	534.250	201.950	218.700	none	0.500	0.500	0.500	0	11	78.750	325.575
53	0	5	8	534.250	589.150	201.950	218.700	none	0.500	none	0.500	0	11	78.750	325.575
53	0	6	0	57.850	143.750	218.700	252.450	none	0.500	0.500	0.500	0	11	78.750	325.575
53	0	6	1	143.750	205.300	218.700	235.450	none	0.500	none	0.500	0	11	78.750	325.575
53	0	6	2	205.300	260.050	218.700	235.450	none	0.500	none	0.500	0	11	78.750	325.575
53	0	6	3	260.050	315.050	218.700	235.450	none	0.500	0.500	0.500	0	11	78.750	325.575
53	0	6	4	315.050	369.850	218.700	235.450	none	0.500	0.500	0.500	0	11	78.750	325.575
53	0	6	5	369.850	424.650	218.700	235.450	none	0.500	none	0.500	0	11	78.750	325.575
53	0	6	6	424.650	479.450	218.700	235.450	none	0.500	none	0.500	0	11	78.750	325.575
53	0	6	7	479.450	534.250	218.700	235.450	none	0.500	0.500	0.500	0	11	78.750	325.575
53	0	6	8	534.250	589.150	218.700	235.450	none	0.500	none	0.500	0	11	78.750	325.575
53	0	7	1	143.750	205.300	235.450	252.450	none	0.500	none	0.500	0	11	78.750	325.575
53	0	7	2	205.300	260.050	235.450	252.450	none	0.500	none	0.500	0	11	78.750	325.575
53	0	7	3	260.050	315.050	235.450	252.450	none	0.500	0.500	0.500	0	11	78.750	325.575
53	0	7	4	315.050	369.850	235.450	252.450	none	0.500	0.500	0.500	0	11	78.750	325.575
53	0	7	5	369.850	424.650	235.450	252.450	none	0.500	none	0.500	0	11	78.750	325.575
53	0	7	6	424.650	479.450	235.450	252.450	none	0.500	none	0.500	0	11	78.750	325.575
53	0	7	7	479.450	534.250	235.450	252.450	0.500	0.500	0.500	0.500	0	11	78.750	325.575
53	0	7	8	534.250	589.150	235.450	252.450	0.500	0.500	none	0.500	0	11	78.750	325.575
53	0	8	0	57.850	143.750	252.450	276.950	none	0.500	0.500	0.500	0	11	78.750	325.575
53	0	8	1	143.750	205.300	252.450	276.950	none	0.500	none	0.500	0	11	78.750	325.575
53	0	8	2	205.300	260.050	252.450	276.950	none	0.500	none	0.500	0	11	78.750	325.575
53	0	8	3	260.050	315.050	252.450	276.950	none	0.500	0.500	0.500	0	11	78.750	325.575
53	0	8	4	315.050	369.850	252.450	276.950	none	0.500	0.500	0.500	0	11	78.750	325.575
53	0	8	5	369.850	424.650	252.450	276.950	none	0.500	none	0.500	0	11	78.750	325.575
53	0	8	6	424.650	479.450	252.450	276.950	none	0.500	none	0.500	0	11	78.750	325.575
53	0	8	7	479.450	589.150	252.450	325.450	0.500	0.500	0.500	none	0	11	78.750	325.575
53	0	9	0	57.850	143.750	276.950	301.200	none	0.500	0.500	0.500	0	11	78.750	325.575
53	0	9	1	143.750	205.300	276.950	301.200	none	0.500	none	0.500	0	11	78.750	325.575
53	0	9	2	205.300	260.050	276.950	301.200	none	0.500	none	0.500	0	11	78.750	325.575
53	0	9	3	260.050	315.050	276.950	301.200	none	0.500	0.500	0.500	0	11	78.750	325.575
53	0	9	4	315.050	369.850	276.950	301.200	none	0.500	0.500	0.500	0	11	78.750	325.575
53	0	9	5	369.850	424.650	276.950	301.200	none	0.500	none	0.500	0	11	78.750	325.575
53	0	9	6	424.650	479.450	276.950	301.200	none	0.500	none	0.500	0	11	78.750	325.575
53	0	10	0	57.850	143.750	301.200	325.450	none	0.500	0.500	0.500	0	11	78.750	325.575
53	0	10	1	143.750	205.300	301.200	325.450	none	0.500	none	0.500	0	11	78.750	325.575
53	0	10	2	205.300	260.050	301.200	325.450	none	0.500	none	0.500	0	11	78.750	325.575
53	0	10	3	260.050	315.050	301.200	325.450	none	0.500	0.500	0.500	0	11	78.750	325.575
53	0	10	4	315.050	369.850	301.200	325.450	none	0.500	0.500	0.500	0	11	78.750	325.575
53	0	10	5	369.850	424.650	301.200	325.450	none	0.500	none	0.500	0	11	78.750	325.575
53	0	10	6	424.650	479.450	301.200	325.450	none	0.500	none	0.500	0	11	78.750	325.575
54	0	0	0	57.850	143.750	79.000	134.450	0.500	none	0.500	0.500	0	11	78.750	325.575
54	0	0	1	143.750	205.300	79.000	134.450	0.500	0.500	none	0.500	0	11	78.750	325.575
54	0	0	2	205.300	260.050	79.000	134.450	0.500	0.500	none	none	0	11	78.750	325.575
54	0	0	3	260.050	315.050	79.000	134.450	0.500	0.500	0.500	0.500	0	11	78.750	325.575
54	0	0	4	315.050	369.850	79.000	134.450	0.500	0.500	0.500	none	0	11	78.750	325.575
54	0	0	5	369.850	424.650	79.000	134.450	0.500	0.500	0.500	none	0	11	78.750	325.575
54	0	0	6	424.650	479.450	79.000	134.450	0.500	0.500	0.500	none	0	11	78.750	325.575
54	0	0	7	479.450	534.250	79.000	134.450	0.500	0.500	0.500	none	0	11	78.750	325.575
54	0	0	8	534.250	589.150	79.000	134.450	0.500	0.500	0.500	none	0	11	78.750	325.575
54	0	0	9	589.150	643.950	79.000	134.450	0.500	0.500	0.500	0.500	0	11	78.750	325.575
54	0	0	10	643.950	699.550	79.000	134.450	0.500	0.500	0.500	0.500	0	11	78.750	325.575
54	0	0	11	699.550	734.650	79.000	134.450	0.500	none	none	0.500	0	11	78.750	325.575
54	0	1	0	57.850	143.750	134.450	185.200	0.500	0.500	0.500	0.500	0	11	78.750	325.575
54	0	1	1	143.750	205.300	134.450	151.450	none	0.500	none	0.500	0	11	78.750	325.575
54	0	1	2	205.300	260.050	134.450	151.450	none	0.500	none	0.500	0	11	78.750	325.575
54	0	1	3	260.050	315.050	134.450	151.450	none	0.500	0.500	0.500	0	11	78.750	325.575
54	0	1	4	315.050	369.850	134.450	151.450	none	0.500	0.500	0.500	0	11	78.750	325.575
54	0	1	5	369.850	424.650	134.450	151.450	none	0.500	none	0.500	0	11	78.750	325.575
54	0	1	6	424.650	479.450	134.450	151.450	none	0.500	none	0.500	0	11	78.750	325.575
54	0	1	7	479.450	534.250	134.450	151.450	none	0.500	0.500	0.500	0	11	78.750	325.575
54	0	1	8	534.250	589.150	134.450	151.450	none	0.500	none	0.500	0	11	78.750	325.575
54	0	1	9	589.150	643.950	134.450	151.450	0.500	0.500	none	0.500	0	11	78.750	325.575
54	0	1	10	643.950	699.550	134.450	151.450	0.500	0.500	0.500	0.500	0	11	78.750	325.575
54	0	1	11	699.550	734.650	134.450	151.450	0.500	none	none	0.500	0	11	78.750	325.575
54	0	2	1	143.750	205.300	151.450	168.450	none	0.500	none	0.500	0	11	78.750	325.575
54	0	2	2	205.300	260.050	151.450	168.450	none	0.500	none	0.500	0	11	78.750	325.575
54	0	2	3	260.050	315.050	151.450	168.450	none	0.500	0.500	0.500	0	11	78.750	325.575
54	0	2	4	315.050	369.850	151.450	168.450	none	0.500	0.500	0.500	0	11	78.750	325.575
54	0	2	5	369.850	424.650	151.450	168.450	none	0.500	none	0.500	0	11	78.750	325.575
54	0	2	6	424.650	479.450	151.450	168.450	none	0.500	none	0.500	0	11	78.750	325.575
54	0	2	7	479.450	534.250	151.450	168.450	none	0.500	0.500	0.500	0	11	78.750	325.575
54	0	2	8	534.250	589.150	151.450	168.450	none	0.500	none	0.500	0	11	78.750	325.575
54	0	2	9	589.150	643.950	151.450	168.450	0.500	0.500	none	0.500	0	11	78.750	325.575
54	0	2	10	643.950	699.550	151.450	168.450	0.500	0.500	0.500	0.500	0	11	78.750	325.575
54	0	2	11	699.550	734.650	151.450	168.450	none	none	none	0.500	0	11	78.750	325.575
54	0	3	1	143.750	205.300	168.450	185.200	none	0.500	none	0.500	0	11	78.750	325.575
54	0	3	2	205.300	260.050	168.450	185.200	none	0.500	none	0.500	0	11	78.750	325.575
54	0	3	3	260.050	315.050	168.450	185.200	none	0.500	0.500	0.500	0	11	78.750	325.575
54	0	3	4	315.050	369.850	168.450	185.200	none	0.500	0.500	0.500	0	11	78.750	325.575
54	0	3	5	369.850	424.650	168.450	185.200	none	0.500	none	0.500	0	11	78.750	325.575
54	0	3	6	424.650	479.450	168.450	185.200	none	0.500	none	0.500	0	11	78.750	325.575
54	0	3	7	479.450	534.250	168.450	185.200	none	0.500	0.500	0.500	0	11	78.750	325.575
54	0	3	8	534.250	589.150	168.450	185.200	none	0.500	none	0.500	0	11	78.750	325.575
54	0	3	9	589.150	734.650	168.450	325.450	none	0.500	none	0.500	0	11	78.750	325.575
54	0	4	0	57.850	143.750	185.200	218.700	none	0.500	0.500	0.500	0	11	78.750	325.575
54	0	4	1	143.750	205.300	185.200	201.950	none	0.500	none	0.500	0	11	78.750	325.575
54	0	4	2	205.300	260.050	185.200	201.950	none	0.500	none	0.500	0	11	78.750	325.575
54	0	4	3	260.050	315.050	185.200	201.950	none	0.500	0.500	0.500	0	11	78.750	325.575
54	0	4	4	315.050	369.850	185.200	201.950	none	0.500	0.500	0.500	0	11	78.750	325.575
54	0	4	5	369.850	424.650	185.200	201.950	none	0.500	none	0.500	0	11	78.750	325.575
54	0	4	6	424.650	479.450	185.200	201.950	none	0.500	none	0.500	0	11	78.750	325.575
54	0	4	7	479.450	534.250	185.200	201.950	none	0.500	0.500	0.500	0	11	78.750	325.575
54	0	4	8	534.250	589.150	185.200	201.950	none	0.500	none	0.500	0	11	78.750	325.575
54	0	5	1	143.750	205.300	201.950	218.700	none	0.500	none	0.500	0	11	78.750	325.575
54	0	5	2	205.300	260.050	201.950	218.700	none	0.500	none	0.500	0	11	78.750	325.575
54	0	5	3	260.050	315.050	201.950	218.700	none	0.500	0.500	0.500	0	11	78.750	325.575
54	0	5	4	315.050	369.850	201.950	218.700	none	0.500	0.500	0.500	0	11	78.750	325.575
54	0	5	5	369.850	424.650	201.950	218.700	none	0.500	none	0.500	0	11	78.750	325.575
54	0	5	6	424.650	479.450	201.950	218.700	none	0.500	none	0.500	0	11	78.750	325.575
54	0	5	7	479.450	534.250	201.950	218.700	none	0.500	0.500	0.500	0	11	78.750	325.575
54	0	5	8	534.250	589.150	201.950	218.700	none	0.500	none	0.500	0	11	78.750	325.575
54	0	6	0	57.850	143.750	218.700	252.450	none	0.500	0.500	0.500	0	11	78.750	325.575
54	0	6	1	143.750	205.300	218.700	235.450	none	0.500	none	0.500	0	11	78.750	325.575
54	0	6	2	205.300	260.050	218.700	235.450	none	0.500	none	0.500	0	11	78.750	325.575
54	0	6	3	260.050	315.050	218.700	235.450	none	0.500	0.500	0.500	0	11	78.750	325.575
54	0	6	4	315.050	369.850	218.700	235.450	none	0.500	0.500	0.500	0	11	78.750	325.575
54	0	6	5	369.850	424.650	218.700	235.450	none	0.500	none	0.500	0	11	78.750	325.575
54	0	6	6	424.650	479.450	218.700	235.450	none	0.500	none	0.500	0	11	78.750	325.575
54	0	6	7	479.450	534.250	218.700	235.450	none	0.500	0.500	0.500	0	11	78.750	325.575
54	0	6	8	534.250	589.150	218.700	235.450	none	0.500	none	0.500	0	11	78.750	325.575
54	0	7	1	143.750	205.300	235.450	252.450	none	0.500	none	0.500	0	11	78.750	325.575
54	0	7	2	205.300	260.050	235.450	252.450	none	0.500	none	0.500	0	11	78.750	325.575
54	0	7	3	260.050	315.050	235.450	252.450	none	0.500	0.500	0.500	0	11	78.750	325.575
54	0	7	4	315.050	369.850	235.450	252.450	none	0.500	0.500	0.500	0	11	78.750	325.575
54	0	7	5	369.850	424.650	235.450	252.450	none	0.500	none	0.500	0	11	78.750	325.575
54	0	7	6	424.650	479.450	235.450	252.450	none	0.500	none	0.500	0	11	78.750	325.575
54	0	7	7	479.450	534.250	235.450	252.450	0.500	0.500	0.500	0.500	0	11	78.750	325.575
54	0	7	8	534.250	589.150	235.450	252.450	0.500	0.500	none	0.500	0	11	78.750	325.575
54	0	8	0	57.850	143.750	252.450	276.950	none	0.500	0.500	0.500	0	11	78.750	325.575
54	0	8	1	143.750	205.300	252.450	276.950	none	0.500	none	0.500	0	11	78.750	325.575
54	0	8	2	205.300	260.050	252.450	276.950	none	0.500	none	0.500	0	11	78.750	325.575
54	0	8	3	260.050	315.050	252.450	276.950	none	0.500	0.500	0.500	0	11	78.750	325.575
54	0	8	4	315.050	369.850	252.450	276.950	none	0.500	0.500	0.500	0	11	78.750	325.575
54	0	8	5	369.850	424.650	252.450	276.950	none	0.500	none	0.500	0	11	78.750	325.575
54	0	8	6	424.650	479.450	252.450	276.950	none	0.500	none	0.500	0	11	78.750	325.575
54	0	8	7	479.450	589.150	252.450	325.450	0.500	0.500	0.500	none	0	11	78.750	325.575
54	0	9	0	57.850	143.750	276.950	301.200	none	0.500	0.500	0.500	0	11	78.750	325.575
54	0	9	1	143.750	205.300	276.950	301.200	none	0.500	none	0.500	0	11	78.750	325.575
54	0	9	2	205.300	260.050	276.950	301.200	none	0.500	none	0.500	0	11	78.750	325.575
54	0	9	3	260.050	315.050	276.950	301.200	none	0.500	0.500	0.500	0	11	78.750	325.575
54	0	9	4	315.050	369.850	276.950	301.200	none	0.500	0.500	0.500	0	11	78.750	325.575
54	0	9	5	369.850	424.650	276.950	301.200	none	0.500	none	0.500	0	11	78.750	325.575
54	0	9	6	424.650	479.450	276.950	301.200	none	0.500	none	0.500	0	11	78.750	325.575
54	0	10	0	57.850	143.750	301.200	325.450	none	0.500	0.500	0.500	0	11	78.750	325.575
54	0	10	1	143.750	205.300	301.200	325.450	none	0.500	none	0.500	0	11	78.750	325.575
54	0	10	2	205.300	260.050	301.200	325.450	none	0.500	none	0.500	0	11	78.750	325.575
54	0	10	3	260.050	315.050	301.200	325.450	none	0.500	0.500	0.500	0	11	78.750	325.575
54	0	10	4	315.050	369.850	301.200	325.450	none	0.500	0.500	0.500	0	11	78.750	325.575
54	0	10	5	369.850	424.650	301.200	325.450	none	0.500	none	0.500	0	11	78.750	325.575
54	0	10	6	424.650	479.450	301.200	325.450	none	0.500	none	0.500	0	11	78.750	325.575
55	0	0	0	57.850	143.750	79.000	134.450	0.500	none	0.500	0.500	0	11	78.750	325.575
55	0	0	1	143.750	205.300	79.000	134.450	0.500	0.500	none	0.500	0	11	78.750	325.575
55	0	0	2	205.300	260.050	79.000	134.450	0.500	0.500	none	none	0	11	78.750	325.575
55	0	0	3	260.050	315.050	79.000	134.450	0.500	0.500	0.500	0.500	0	11	78.750	325.575
55	0	0	4	315.050	369.850	79.000	134.450	0.500	0.500	0.500	none	0	11	78.750	325.575
55	0	0	5	369.850	424.650	79.000	134.450	0.500	0.500	0.500	none	0	11	78.750	325.575
55	0	0	6	424.650	479.450	79.000	134.450	0.500	0.500	0.500	none	0	11	78.750	325.575
55	0	0	7	479.450	534.250	79.000	134.450	0.500	0.500	0.500	none	0	11	78.750	325.575
55	0	0	8	534.250	589.150	79.000	134.450	0.500	0.500	0.500	none	0	11	78.750	325.575
55	0	0	9	589.150	643.950	79.000	134.450	0.500	0.500	0.500	0.500	0	11	78.750	325.575
55	0	0	10	643.950	699.550	79.000	134.450	0.500	0.500	0.500	0.500	0	11	78.750	325.575
55	0	0	11	699.550	734.650	79.000	134.450	0.500	none	none	0.500	0	11	78.750	325.575
55	0	1	0	57.850	143.750	134.450	185.200	0.500	0.500	0.500	0.500	0	11	78.750	325.575
55	0	1	1	143.750	205.300	134.450	151.450	none	0.500	none	0.500	0	11	78.750	325.575
55	0	1	2	205.300	260.050	134.450	151.450	none	0.500	none	0.500	0	11	78.750	325.575
55	0	1	3	260.050	315.050	134.450	151.450	none	0.500	0.500	0.500	0	11	78.750	325.575
55	0	1	4	315.050	369.850	134.450	151.450	none	0.500	0.500	0.500	0	11	78.750	325.575
55	0	1	5	369.850	424.650	134.450	151.450	none	0.500	none	0.500	0	11	78.750	325.575
55	0	1	6	424.650	479.450	134.450	151.450	none	0.500	none	0.500	0	11	78.750	325.575
55	0	1	7	479.450	534.250	134.450	151.450	none	0.500	0.500	0.500	0	11	78.750	325.575
55	0	1	8	534.250	589.150	134.450	151.450	none	0.500	none	0.500	0	11	78.750	325.575
55	0	1	9	589.150	643.950	134.450	151.450	0.500	0.500	none	0.500	0	11	78.750	325.575
55	0	1	10	643.950	699.550	134.450	151.450	0.500	0.500	0.500	0.500	0	11	78.750	325.575
55	0	1	11	699.550	734.650	134.450	151.450	0.500	none	none	0.500	0	11	78.750	325.575
55	0	2	1	143.750	205.300	151.450	168.450	none	0.500	none	0.500	0	11	78.750	325.575
55	0	2	2	205.300	260.050	151.450	168.450	none	0.500	none	0.500	0	11	78.750	325.575
55	0	2	3	260.050	315.050	151.450	168.450	none	0.500	0.500	0.500	0	11	78.750	325.575
55	0	2	4	315.050	369.850	151.450	168.450	none	0.500	0.500	0.500	0	11	78.750	325.575
55	0	2	5	369.850	424.650	151.450	168.450	none	0.500	none	0.500	0	11	78.750	325.575
55	0	2	6	424.650	479.450	151.450	168.450	none	0.500	none	0.500	0	11	78.750	325.575
55	0	2	7	479.450	534.250	151.450	168.450	none	0.500	0.500	0.500	0	11	78.750	325.575
55	0	2	8	534.250	589.150	151.450	168.450	none	0.500	none	0.500	0	11	78.750	325.575
55	0	2	9	589.150	643.950	151.450	168.450	0.500	0.500	none	0.500	0	11	78.750	325.575
55	0	2	10	643.950	699.550	151.450	168.450	0.500	0.500	0.500	0.500	0	11	78.750	325.575
55	0	2	11	699.550	734.650	151.450	168.450	none	none	none	0.500	0	11	78.750	325.575
55	0	3	1	143.750	205.300	168.450	185.200	none	0.500	none	0.500	0	11	78.750	325.575
55	0	3	2	205.300	260.050	168.450	185.200	none	0.500	none	0.500	0	11	78.750	325.575
55	0	3	3	260.050	315.050	168.450	185.200	none	0.500	0.500	0.500	0	11	78.750	325.575
55	0	3	4	315.050	369.850	168.450	185.200	none	0.500	0.500	0.500	0	11	78.750	325.575
55	0	3	5	369.850	424.650	168.450	185.200	none	0.500	none	0.500	0	11	78.750	325.575
55	0	3	6	424.650	479.450	168.450	185.200	none	0.500	none	0.500	0	11	78.750	325.575
55	0	3	7	479.450	534.250	168.450	185.200	none	0.500	0.500	0.500	0	11	78.750	325.575
55	0	3	8	534.250	589.150	168.450	185.200	none	0.500	none	0.500	0	11	78.750	325.575
55	0	3	9	589.150	734.650	168.450	325.450	none	0.500	none	0.500	0	11	78.750	325.575
55	0	4	0	57.850	143.750	185.200	218.700	none	0.500	0.500	0.500	0	11	78.750	325.575
55	0	4	1	143.750	205.300	185.200	201.950	none	0.500	none	0.500	0	11	78.750	325.575
55	0	4	2	205.300	260.050	185.200	201.950	none	0.500	none	0.500	0	11	78.750	325.575
55	0	4	3	260.050	315.050	185.200	201.950	none	0.500	0.500	0.500	0	11	78.750	325.575
55	0	4	4	315.050	369.850	185.200	201.950	none	0.500	0.500	0.500	0	11	78.750	325.575
55	0	4	5	369.850	424.650	185.200	201.950	none	0.500	none	0.500	0	11	78.750	325.575
55	0	4	6	424.650	479.450	185.200	201.950	none	0.500	none	0.500	0	11	78.750	325.575
55	0	4	7	479.450	534.250	185.200	201.950	none	0.500	0.500	0.500	0	11	78.750	325.575
55	0	4	8	534.250	589.150	185.200	201.950	none	0.500	none	0.500	0	11	78.750	325.575
55	0	5	1	143.750	205.300	201.950	218.700	none	0.500	none	0.500	0	11	78.750	325.575
55	0	5	2	205.300	260.050	201.950	218.700	none	0.500	none	0.500	0	11	78.750	325.575
55	0	5	3	260.050	315.050	201.950	218.700	none	0.500	0.500	0.500	0	11	78.750	325.575
55	0	5	4	315.050	369.850	201.950	218.700	none	0.500	0.500	0.500	0	11	78.750	325.575
55	0	5	5	369.850	424.650	201.950	218.700	none	0.500	none	0.500	0	11	78.750	325.575
55	0	5	6	424.650	479.450	201.950	218.700	none	0.500	none	0.500	0	11	78.750	325.575
55	0	5	7	479.450	534.250	201.950	218.700	none	0.500	0.500	0.500	0	11	78.750	325.575
55	0	5	8	534.250	589.150	201.950	218.700	none	0.500	none	0.500	0	11	78.750	325.575
55	0	6	0	57.850	143.750	218.700	252.450	none	0.500	0.500	0.500	0	11	78.750	325.575
55	0	6	1	143.750	205.300	218.700	235.450	none	0.500	none	0.500	0	11	78.750	325.575
55	0	6	2	205.300	260.050	218.700	235.450	none	0.500	none	0.500	0	11	78.750	325.575
55	0	6	3	260.050	315.050	218.700	235.450	none	0.500	0.500	0.500	0	11	78.750	325.575
55	0	6	4	315.050	369.850	218.700	235.450	none	0.500	0.500	0.500	0	11	78.750	325.575
55	0	6	5	369.850	424.650	218.700	235.450	none	0.500	none	0.500	0	11	78.750	325.575
55	0	6	6	424.650	479.450	218.700	235.450	none	0.500	none	0.500	0	11	78.750	325.575
55	0	6	7	479.450	534.250	218.700	235.450	none	0.500	0.500	0.500	0	11	78.750	325.575
55	0	6	8	534.250	589.150	218.700	235.450	none	0.500	none	0.500	0	11	78.750	325.575
55	0	7	1	143.750	205.300	235.450	252.450	none	0.500	none	0.500	0	11	78.750	325.575
55	0	7	2	205.300	260.050	235.450	252.450	none	0.500	none	0.500	0	11	78.750	325.575
55	0	7	3	260.050	315.050	235.450	252.450	none	0.500	0.500	0.500	0	11	78.750	325.575
55	0	7	4	315.050	369.850	235.450	252.450	none	0.500	0.500	0.500	0	11	78.750	325.575
55	0	7	5	369.850	424.650	235.450	252.450	none	0.500	none	0.500	0	11	78.750	325.575
55	0	7	6	424.650	479.450	235.450	252.450	none	0.500	none	0.500	0	11	78.750	325.575
55	0	7	7	479.450	534.250	235.450	252.450	0.500	0.500	0.500	0.500	0	11	78.750	325.575
55	0	7	8	534.250	589.150	235.450	252.450	0.500	0.500	none	0.500	0	11	78.750	325.575
55	0	8	0	57.850	143.750	252.450	276.950	none	0.500	0.500	0.500	0	11	78.750	325.575
55	0	8	1	143.750	205.300	252.450	276.950	none	0.500	none	0.500	0	11	78.750	325.575
55	0	8	2	205.300	260.050	252.450	276.950	none	0.500	none	0.500	0	11	78.750	325.575
55	0	8	3	260.050	315.050	252.450	276.950	none	0.500	0.500	0.500	0	11	78.750	325.575
55	0	8	4	315.050	369.850	252.450	276.950	none	0.500	0.500	0.500	0	11	78.750	325.575
55	0	8	5	369.850	424.650	252.450	276.950	none	0.500	none	0.500	0	11	78.750	325.575
55	0	8	6	424.650	479.450	252.450	276.950	none	0.500	none	0.500	0	11	78.750	325.575
55	0	8	7	479.450	589.150	252.450	325.450	0.500	0.500	0.500	none	0	11	78.750	325.575
55	0	9	0	57.850	143.750	276.950	301.200	none	0.500	0.500	0.500	0	11	78.750	325.575
55	0	9	1	143.750	205.300	276.950	301.200	none	0.500	none	0.500	0	11	78.750	325.575
55	0	9	2	205.300	260.050	276.950	301.200	none	0.500	none	0.500	0	11	78.750	325.575
55	0	9	3	260.050	315.050	276.950	301.200	none	0.500	0.500	0.500	0	11	78.750	325.575
55	0	9	4	315.050	369.850	276.950	301.200	none	0.500	0.500	0.500	0	11	78.750	325.575
55	0	9	5	369.850	424.650	276.950	301.200	none	0.500	none	0.500	0	11	78.750	325.575
55	0	9	6	424.650	479.450	276.950	301.200	none	0.500	none	0.500	0	11	78.750	325.575
55	0	10	0	57.850	143.750	301.200	325.450	none	0.500	0.500	0.500	0	11	78.750	325.575
55	0	10	1	143.750	205.300	301.200	325.450	none	0.500	none	0.500	0	11	78.750	325.575
55	0	10	2	205.300	260.050	301.200	325.450	none	0.500	none	0.500	0	11	78.750	325.575
55	0	10	3	260.050	315.050	301.200	325.450	none	0.500	0.500	0.500	0	11	78.750	325.575
55	0	10	4	315.050	369.850	301.200	325.450	none	0.500	0.500	0.500	0	11	78.750	325.575
55	0	10	5	369.850	424.650	301.200	325.450	none	0.500	none	0.500	0	11	78.750	325.575
55	0	10	6	424.650	479.450	301.200	325.450	none	0.500	none	0.500	0	11	78.750	325.575
56	0	0	0	57.850	143.750	79.000	134.450	0.500	none	0.500	0.500	0	11	78.750	325.575
56	0	0	1	143.750	205.300	79.000	134.450	0.500	0.500	none	0.500	0	11	78.750	325.575
56	0	0	2	205.300	260.050	79.000	134.450	0.500	0.500	none	none	0	11	78.750	325.575
56	0	0	3	260.050	315.050	79.000	134.450	0.500	0.500	0.500	0.500	0	11	78.750	325.575
56	0	0	4	315.050	369.850	79.000	134.450	0.500	0.500	0.500	none	0	11	78.750	325.575
56	0	0	5	369.850	424.650	79.000	134.450	0.500	0.500	0.500	none	0	11	78.750	325.575
56	0	0	6	424.650	479.450	79.000	134.450	0.500	0.500	0.500	none	0	11	78.750	325.575
56	0	0	7	479.450	534.250	79.000	134.450	0.500	0.500	0.500	none	0	11	78.750	325.575
56	0	0	8	534.250	589.150	79.000	134.450	0.500	0.500	0.500	none	0	11	78.750	325.575
56	0	0	9	589.150	643.950	79.000	134.450	0.500	0.500	0.500	0.500	0	11	78.750	325.575
56	0	0	10	643.950	699.550	79.000	134.450	0.500	0.500	0.500	0.500	0	11	78.750	325.575
56	0	0	11	699.550	734.650	79.000	134.450	0.500	none	none	0.500	0	11	78.750	325.575
56	0	1	0	57.850	143.750	134.450	185.200	0.500	0.500	0.500	0.500	0	11	78.750	325.575
56	0	1	1	143.750	205.300	134.450	151.450	none	0.500	none	0.500	0	11	78.750	325.575
56	0	1	2	205.300	260.050	134.450	151.450	none	0.500	none	0.500	0	11	78.750	325.575
56	0	1	3	260.050	315.050	134.450	151.450	none	0.500	0.500	0.500	0	11	78.750	325.575
56	0	1	4	315.050	369.850	134.450	151.450	none	0.500	0.500	0.500	0	11	78.750	325.575
56	0	1	5	369.850	424.650	134.450	151.450	none	0.500	none	0.500	0	11	78.750	325.575
56	0	1	6	424.650	479.450	134.450	151.450	none	0.500	none	0.500	0	11	78.750	325.575
56	0	1	7	479.450	534.250	134.450	151.450	none	0.500	0.500	0.500	0	11	78.750	325.575
56	0	1	8	534.250	589.150	134.450	151.450	none	0.500	none	0.500	0	11	78.750	325.575
56	0	1	9	589.150	643.950	134.450	151.450	0.500	0.500	none	0.500	0	11	78.750	325.575
56	0	1	10	643.950	699.550	134.450	151.450	0.500	0.500	0.500	0.500	0	11	78.750	325.575
56	0	1	11	699.550	734.650	134.450	151.450	0.500	none	none	0.500	0	11	78.750	325.575
56	0	2	1	143.750	205.300	151.450	168.450	none	0.500	none	0.500	0	11	78.750	325.575
56	0	2	2	205.300	260.050	151.450	168.450	none	0.500	none	0.500	0	11	78.750	325.575
56	0	2	3	260.050	315.050	151.450	168.450	none	0.500	0.500	0.500	0	11	78.750	325.575
56	0	2	4	315.050	369.850	151.450	168.450	none	0.500	0.500	0.500	0	11	78.750	325.575
56	0	2	5	369.850	424.650	151.450	168.450	none	0.500	none	0.500	0	11	78.750	325.575
56	0	2	6	424.650	479.450	151.450	168.450	none	0.500	none	0.500	0	11	78.750	325.575
56	0	2	7	479.450	534.250	151.450	168.450	none	0.500	0.500	0.500	0	11	78.750	325.575
56	0	2	8	534.250	589.150	151.450	168.450	none	0.500	none	0.500	0	11	78.750	325.575
56	0	2	9	589.150	643.950	151.450	168.450	0.500	0.500	none	0.500	0	11	78.750	325.575
56	0	2	10	643.950	699.550	151.450	168.450	0.500	0.500	0.500	0.500	0	11	78.750	325.575
56	0	2	11	699.550	734.650	151.450	168.450	none	none	none	0.500	0	11	78.750	325.575
56	0	3	1	143.750	205.300	168.450	185.200	none	0.500	none	0.500	0	11	78.750	325.575
56	0	3	2	205.300	260.050	168.450	185.200	none	0.500	none	0.500	0	11	78.750	325.575
56	0	3	3	260.050	315.050	168.450	185.200	none	0.500	0.500	0.500	0	11	78.750	325.575
56	0	3	4	315.050	369.850	168.450	185.200	none	0.500	0.500	0.500	0	11	78.750	325.575
56	0	3	5	369.850	424.650	168.450	185.200	none	0.500	none	0.500	0	11	78.750	325.575
56	0	3	6	424.650	479.450	168.450	185.200	none	0.500	none	0.500	0	11	78.750	325.575
56	0	3	7	479.450	534.250	168.450	185.200	none	0.500	0.500	0.500	0	11	78.750	325.575
56	0	3	8	534.250	589.150	168.450	185.200	none	0.500	none	0.500	0	11	78.750	325.575
56	0	3	9	589.150	734.650	168.450	325.450	none	0.500	none	0.500	0	11	78.750	325.575
56	0	4	0	57.850	143.750	185.200	218.700	none	0.500	0.500	0.500	0	11	78.750	325.575
56	0	4	1	143.750	205.300	185.200	201.950	none	0.500	none	0.500	0	11	78.750	325.575
56	0	4	2	205.300	260.050	185.200	201.950	none	0.500	none	0.500	0	11	78.750	325.575
56	0	4	3	260.050	315.050	185.200	201.950	none	0.500	0.500	0.500	0	11	78.750	325.575
56	0	4	4	315.050	369.850	185.200	201.950	none	0.500	0.500	0.500	0	11	78.750	325.575
56	0	4	5	369.850	424.650	185.200	201.950	none	0.500	none	0.500	0	11	78.750	325.575
56	0	4	6	424.650	479.450	185.200	201.950	none	0.500	none	0.500	0	11	78.750	325.575
56	0	4	7	479.450	534.250	185.200	201.950	none	0.500	0.500	0.500	0	11	78.750	325.575
56	0	4	8	534.250	589.150	185.200	201.950	none	0.500	none	0.500	0	11	78.750	325.575
56	0	5	1	143.750	205.300	201.950	218.700	none	0.500	none	0.500	0	11	78.750	325.575
56	0	5	2	205.300	260.050	201.950	218.700	none	0.500	none	0.500	0	11	78.750	325.575
56	0	5	3	260.050	315.050	201.950	218.700	none	0.500	0.500	0.500	0	11	78.750	325.575
56	0	5	4	315.050	369.850	201.950	218.700	none	0.500	0.500	0.500	0	11	78.750	325.575
56	0	5	5	369.850	424.650	201.950	218.700	none	0.500	none	0.500	0	11	78.750	325.575
56	0	5	6	424.650	479.450	201.950	218.700	none	0.500	none	0.500	0	11	78.750	325.575
56	0	5	7	479.450	534.250	201.950	218.700	none	0.500	0.500	0.500	0	11	78.750	325.575
56	0	5	8	534.250	589.150	201.950	218.700	none	0.500	none	0.500	0	11	78.750	325.575
56	0	6	0	57.850	143.750	218.700	252.450	none	0.500	0.500	0.500	0	11	78.750	325.575
56	0	6	1	143.750	205.300	218.700	235.450	none	0.500	none	0.500	0	11	78.750	325.575
56	0	6	2	205.300	260.050	218.700	235.450	none	0.500	none	0.500	0	11	78.750	325.575
56	0	6	3	260.050	315.050	218.700	235.450	none	0.500	0.500	0.500	0	11	78.750	325.575
56	0	6	4	315.050	369.850	218.700	235.450	none	0.500	0.500	0.500	0	11	78.750	325.575
56	0	6	5	369.850	424.650	218.700	235.450	none	0.500	none	0.500	0	11	78.750	325.575
56	0	6	6	424.650	479.450	218.700	235.450	none	0.500	none	0.500	0	11	78.750	325.575
56	0	6	7	479.450	534.250	218.700	235.450	none	0.500	0.500	0.500	0	11	78.750	325.575
56	0	6	8	534.250	589.150	218.700	235.450	none	0.500	none	0.500	0	11	78.750	325.575
56	0	7	1	143.750	205.300	235.450	252.450	none	0.500	none	0.500	0	11	78.750	325.575
56	0	7	2	205.300	260.050	235.450	252.450	none	0.500	none	0.500	0	11	78.750	325.575
56	0	7	3	260.050	315.050	235.450	252.450	none	0.500	0.500	0.500	0	11	78.750	325.575
56	0	7	4	315.050	369.850	235.450	252.450	none	0.500	0.500	0.500	0	11	78.750	325.575
56	0	7	5	369.850	424.650	235.450	252.450	none	0.500	none	0.500	0	11	78.750	325.575
56	0	7	6	424.650	479.450	235.450	252.450	none	0.500	none	0.500	0	11	78.750	325.575
56	0	7	7	479.450	534.250	235.450	252.450	0.500	0.500	0.500	0.500	0	11	78.750	325.575
56	0	7	8	534.250	589.150	235.450	252.450	0.500	0.500	none	0.500	0	11	78.750	325.575
56	0	8	0	57.850	143.750	252.450	276.950	none	0.500	0.500	0.500	0	11	78.750	325.575
56	0	8	1	143.750	205.300	252.450	276.950	none	0.500	none	0.500	0	11	78.750	325.575
56	0	8	2	205.300	260.050	252.450	276.950	none	0.500	none	0.500	0	11	78.750	325.575
56	0	8	3	260.050	315.050	252.450	276.950	none	0.500	0.500	0.500	0	11	78.750	325.575
56	0	8	4	315.050	369.850	252.450	276.950	none	0.500	0.500	0.500	0	11	78.750	325.575
56	0	8	5	369.850	424.650	252.450	276.950	none	0.500	none	0.500	0	11	78.750	325.575
56	0	8	6	424.650	479.450	252.450	276.950	none	0.500	none	0.500	0	11	78.750	325.575
56	0	8	7	479.450	589.150	252.450	325.450	0.500	0.500	0.500	none	0	11	78.750	325.575
56	0	9	0	57.850	143.750	276.950	301.200	none	0.500	0.500	0.500	0	11	78.750	325.575
56	0	9	1	143.750	205.300	276.950	301.200	none	0.500	none	0.500	0	11	78.750	325.575
56	0	9	2	205.300	260.050	276.950	301.200	none	0.500	none	0.500	0	11	78.750	325.575
56	0	9	3	260.050	315.050	276.950	301.200	none	0.500	0.500	0.500	0	11	78.750	325.575
56	0	9	4	315.050	369.850	276.950	301.200	none	0.500	0.500	0.500	0	11	78.750	325.575
56	0	9	5	369.850	424.650	276.950	301.200	none	0.500	none	0.500	0	11	78.750	325.575
56	0	9	6	424.650	479.450	276.950	301.200	none	0.500	none	0.500	0	11	78.750	325.575
56	0	10	0	57.850	143.750	301.200	325.450	none	0.500	0.500	0.500	0	11	78.750	325.575
56	0	10	1	143.750	205.300	301.200	325.450	none	0.500	none	0.500	0	11	78.750	325.575
56	0	10	2	205.300	260.050	301.200	325.450	none	0.500	none	0.500	0	11	78.750	325.575
56	0	10	3	260.050	315.050	301.200	325.450	none	0.500	0.500	0.500	0	11	78.750	325.575
56	0	10	4	315.050	369.850	301.200	325.450	none	0.500	0.500	0.500	0	11	78.750	325.575
56	0	10	5	369.850	424.650	301.200	325.450	none	0.500	none	0.500	0	11	78.750	325.575
56	0	10	6	424.650	479.450	301.200	325.450	none	0.500	none	0.500	0	11	78.750	325.575
57	0	0	0	57.850	143.750	79.000	134.450	0.500	none	0.500	0.500	0	11	78.750	325.575
57	0	0	1	143.750	205.300	79.000	134.450	0.500	0.500	none	0.500	0	11	78.750	325.575
57	0	0	2	205.300	260.050	79.000	134.450	0.500	0.500	none	none	0	11	78.750	325.575
57	0	0	3	260.050	315.050	79.000	134.450	0.500	0.500	0.500	0.500	0	11	78.750	325.575
57	0	0	4	315.050	369.850	79.000	134.450	0.500	0.500	0.500	none	0	11	78.750	325.575
57	0	0	5	369.850	424.650	79.000	134.450	0.500	0.500	0.500	none	0	11	78.750	325.575
57	0	0	6	424.650	479.450	79.000	134.450	0.500	0.500	0.500	none	0	11	78.750	325.575
57	0	0	7	479.450	534.250	79.000	134.450	0.500	0.500	0.500	none	0	11	78.750	325.575
57	0	0	8	534.250	589.150	79.000	134.450	0.500	0.500	0.500	none	0	11	78.750	325.575
57	0	0	9	589.150	643.950	79.000	134.450	0.500	0.500	0.500	0.500	0	11	78.750	325.575
57	0	0	10	643.950	699.550	79.000	134.450	0.500	0.500	0.500	0.500	0	11	78.750	325.575
57	0	0	11	699.550	734.650	79.000	134.450	0.500	none	none	0.500	0	11	78.750	325.575
57	0	1	0	57.850	143.750	134.450	185.200	0.500	0.500	0.500	0.500	0	11	78.750	325.575
57	0	1	1	143.750	205.300	134.450	151.450	none	0.500	none	0.500	0	11	78.750	325.575
57	0	1	2	205.300	260.050	134.450	151.450	none	0.500	none	0.500	0	11	78.750	325.575
57	0	1	3	260.050	315.050	134.450	151.450	none	0.500	0.500	0.500	0	11	78.750	325.575
57	0	1	4	315.050	369.850	134.450	151.450	none	0.500	0.500	0.500	0	11	78.750	325.575
57	0	1	5	369.850	424.650	134.450	151.450	none	0.500	none	0.500	0	11	78.750	325.575
57	0	1	6	424.650	479.450	134.450	151.450	none	0.500	none	0.500	0	11	78.750	325.575
57	0	1	7	479.450	534.250	134.450	151.450	none	0.500	0.500	0.500	0	11	78.750	325.575
57	0	1	8	534.250	589.150	134.450	151.450	none	0.500	none	0.500	0	11	78.750	325.575
57	0	1	9	589.150	643.950	134.450	151.450	0.500	0.500	none	0.500	0	11	78.750	325.575
57	0	1	10	643.950	699.550	134.450	151.450	0.500	0.500	0.500	0.500	0	11	78.750	325.575
57	0	1	11	699.550	734.650	134.450	151.450	0.500	none	none	0.500	0	11	78.750	325.575
57	0	2	1	143.750	205.300	151.450	168.450	none	0.500	none	0.500	0	11	78.750	325.575
57	0	2	2	205.300	260.050	151.450	168.450	none	0.500	none	0.500	0	11	78.750	325.575
57	0	2	3	260.050	315.050	151.450	168.450	none	0.500	0.500	0.500	0	11	78.750	325.575
57	0	2	4	315.050	369.850	151.450	168.450	none	0.500	0.500	0.500	0	11	78.750	325.575
57	0	2	5	369.850	424.650	151.450	168.450	none	0.500	none	0.500	0	11	78.750	325.575
57	0	2	6	424.650	479.450	151.450	168.450	none	0.500	none	0.500	0	11	78.750	325.575
57	0	2	7	479.450	534.250	151.450	168.450	none	0.500	0.500	0.500	0	11	78.750	325.575
57	0	2	8	534.250	589.150	151.450	168.450	none	0.500	none	0.500	0	11	78.750	325.575
57	0	2	9	589.150	643.950	151.450	168.450	0.500	0.500	none	0.500	0	11	78.750	325.575
57	0	2	10	643.950	699.550	151.450	168.450	0.500	0.500	0.500	0.500	0	11	78.750	325.575
57	0	2	11	699.550	734.650	151.450	168.450	none	none	none	0.500	0	11	78.750	325.575
57	0	3	1	143.750	205.300	168.450	185.200	none	0.500	none	0.500	0	11	78.750	325.575
57	0	3	2	205.300	260.050	168.450	185.200	none	0.500	none	0.500	0	11	78.750	325.575
57	0	3	3	260.050	315.050	168.450	185.200	none	0.500	0.500	0.500	0	11	78.750	325.575
57	0	3	4	315.050	369.850	168.450	185.200	none	0.500	0.500	0.500	0	11	78.750	325.575
57	0	3	5	369.850	424.650	168.450	185.200	none	0.500	none	0.500	0	11	78.750	325.575
57	0	3	6	424.650	479.450	168.450	185.200	none	0.500	none	0.500	0	11	78.750	325.575
57	0	3	7	479.450	534.250	168.450	185.200	none	0.500	0.500	0.500	0	11	78.750	325.575
57	0	3	8	534.250	589.150	168.450	185.200	none	0.500	none	0.500	0	11	78.750	325.575
57	0	3	9	589.150	734.650	168.450	325.450	none	0.500	none	0.500	0	11	78.750	325.575
57	0	4	0	57.850	143.750	185.200	218.700	none	0.500	0.500	0.500	0	11	78.750	325.575
57	0	4	1	143.750	205.300	185.200	201.950	none	0.500	none	0.500	0	11	78.750	325.575
57	0	4	2	205.300	260.050	185.200	201.950	none	0.500	none	0.500	0	11	78.750	325.575
57	0	4	3	260.050	315.050	185.200	201.950	none	0.500	0.500	0.500	0	11	78.750	325.575
57	0	4	4	315.050	369.850	185.200	201.950	none	0.500	0.500	0.500	0	11	78.750	325.575
57	0	4	5	369.850	424.650	185.200	201.950	none	0.500	none	0.500	0	11	78.750	325.575
57	0	4	6	424.650	479.450	185.200	201.950	none	0.500	none	0.500	0	11	78.750	325.575
57	0	4	7	479.450	534.250	185.200	201.950	none	0.500	0.500	0.500	0	11	78.750	325.575
57	0	4	8	534.250	589.150	185.200	201.950	none	0.500	none	0.500	0	11	78.750	325.575
57	0	5	1	143.750	205.300	201.950	218.700	none	0.500	none	0.500	0	11	78.750	325.575
57	0	5	2	205.300	260.050	201.950	218.700	none	0.500	none	0.500	0	11	78.750	325.575
57	0	5	3	260.050	315.050	201.950	218.700	none	0.500	0.500	0.500	0	11	78.750	325.575
57	0	5	4	315.050	369.850	201.950	218.700	none	0.500	0.500	0.500	0	11	78.750	325.575
57	0	5	5	369.850	424.650	201.950	218.700	none	0.500	none	0.500	0	11	78.750	325.575
57	0	5	6	424.650	479.450	201.950	218.700	none	0.500	none	0.500	0	11	78.750	325.575
57	0	5	7	479.450	534.250	201.950	218.700	none	0.500	0.500	0.500	0	11	78.750	325.575
57	0	5	8	534.250	589.150	201.950	218.700	none	0.500	none	0.500	0	11	78.750	325.575
57	0	6	0	57.850	143.750	218.700	252.450	none	0.500	0.500	0.500	0	11	78.750	325.575
57	0	6	1	143.750	205.300	218.700	235.450	none	0.500	none	0.500	0	11	78.750	325.575
57	0	6	2	205.300	260.050	218.700	235.450	none	0.500	none	0.500	0	11	78.750	325.575
57	0	6	3	260.050	315.050	218.700	235.450	none	0.500	0.500	0.500	0	11	78.750	325.575
57	0	6	4	315.050	369.850	218.700	235.450	none	0.500	0.500	0.500	0	11	78.750	325.575
57	0	6	5	369.850	424.650	218.700	235.450	none	0.500	none	0.500	0	11	78.750	325.575
57	0	6	6	424.650	479.450	218.700	235.450	none	0.500	none	0.500	0	11	78.750	325.575
57	0	6	7	479.450	534.250	218.700	235.450	none	0.500	0.500	0.500	0	11	78.750	325.575
57	0	6	8	534.250	589.150	218.700	235.450	none	0.500	none	0.500	0	11	78.750	325.575
57	0	7	1	143.750	205.300	235.450	252.450	none	0.500	none	0.500	0	11	78.750	325.575
57	0	7	2	205.300	260.050	235.450	252.450	none	0.500	none	0.500	0	11	78.750	325.575
57	0	7	3	260.050	315.050	235.450	252.450	none	0.500	0.500	0.500	0	11	78.750	325.575
57	0	7	4	315.050	369.850	235.450	252.450	none	0.500	0.500	0.500	0	11	78.750	325.575
57	0	7	5	369.850	424.650	235.450	252.450	none	0.500	none	0.500	0	11	78.750	325.575
57	0	7	6	424.650	479.450	235.450	252.450	none	0.500	none	0.500	0	11	78.750	325.575
57	0	7	7	479.450	534.250	235.450	252.450	0.500	0.500	0.500	0.500	0	11	78.750	325.575
57	0	7	8	534.250	589.150	235.450	252.450	0.500	0.500	none	0.500	0	11	78.750	325.575
57	0	8	0	57.850	143.750	252.450	276.950	none	0.500	0.500	0.500	0	11	78.750	325.575
57	0	8	1	143.750	205.300	252.450	276.950	none	0.500	none	0.500	0	11	78.750	325.575
57	0	8	2	205.300	260.050	252.450	276.950	none	0.500	none	0.500	0	11	78.750	325.575
57	0	8	3	260.050	315.050	252.450	276.950	none	0.500	0.500	0.500	0	11	78.750	325.575
57	0	8	4	315.050	369.850	252.450	276.950	none	0.500	0.500	0.500	0	11	78.750	325.575
57	0	8	5	369.850	424.650	252.450	276.950	none	0.500	none	0.500	0	11	78.750	325.575
57	0	8	6	424.650	479.450	252.450	276.950	none	0.500	none	0.500	0	11	78.750	325.575
57	0	8	7	479.450	589.150	252.450	325.450	0.500	0.500	0.500	none	0	11	78.750	325.575
57	0	9	0	57.850	143.750	276.950	301.200	none	0.500	0.500	0.500	0	11	78.750	325.575
57	0	9	1	143.750	205.300	276.950	301.200	none	0.500	none	0.500	0	11	78.750	325.575
57	0	9	2	205.300	260.050	276.950	301.200	none	0.500	none	0.500	0	11	78.750	325.575
57	0	9	3	260.050	315.050	276.950	301.200	none	0.500	0.500	0.500	0	11	78.750	325.575
57	0	9	4	315.050	369.850	276.950	301.200	none	0.500	0.500	0.500	0	11	78.750	325.575
57	0	9	5	369.850	424.650	276.950	301.200	none	0.500	none	0.500	0	11	78.750	325.575
57	0	9	6	424.650	479.450	276.950	301.200	none	0.500	none	0.500	0	11	78.750	325.575
57	0	10	0	57.850	143.750	301.200	325.450	none	0.500	0.500	0.500	0	11	78.750	325.575
57	0	10	1	143.750	205.300	301.200	325.450	none	0.500	none	0.500	0	11	78.750	325.575
57	0	10	2	205.300	260.050	301.200	325.450	none	0.500	none	0.500	0	11	78.750	325.575
57	0	10	3	260.050	315.050	301.200	325.450	none	0.500	0.500	0.500	0	11	78.750	325.575
57	0	10	4	315.050	369.850	301.200	325.450	none	0.500	0.500	0.500	0	11	78.750	325.575
57	0	10	5	369.850	424.650	301.200	325.450	none	0.500	none	0.500	0	11	78.750	325.575
57	0	10	6	424.650	479.450	301.200	325.450	none	0.500	none	0.500	0	11	78.750	325.575
58	0	0	0	57.850	143.750	79.000	134.450	0.500	none	0.500	0.500	0	11	78.750	325.575
58	0	0	1	143.750	205.300	79.000	134.450	0.500	0.500	none	0.500	0	11	78.750	325.575
58	0	0	2	205.300	260.050	79.000	134.450	0.500	0.500	none	none	0	11	78.750	325.575
58	0	0	3	260.050	315.050	79.000	134.450	0.500	0.500	0.500	0.500	0	11	78.750	325.575
58	0	0	4	315.050	369.850	79.000	134.450	0.500	0.500	0.500	none	0	11	78.750	325.575
58	0	0	5	369.850	424.650	79.000	134.450	0.500	0.500	0.500	none	0	11	78.750	325.575
58	0	0	6	424.650	479.450	79.000	134.450	0.500	0.500	0.500	none	0	11	78.750	325.575
58	0	0	7	479.450	534.250	79.000	134.450	0.500	0.500	0.500	none	0	11	78.750	325.575
58	0	0	8	534.250	589.150	79.000	134.450	0.500	0.500	0.500	none	0	11	78.750	325.575
58	0	0	9	589.150	643.950	79.000	134.450	0.500	0.500	0.500	0.500	0	11	78.750	325.575
58	0	0	10	643.950	699.550	79.000	134.450	0.500	0.500	0.500	0.500	0	11	78.750	325.575
58	0	0	11	699.550	734.650	79.000	134.450	0.500	none	none	0.500	0	11	78.750	325.575
58	0	1	0	57.850	143.750	134.450	185.200	0.500	0.500	0.500	0.500	0	11	78.750	325.575
58	0	1	1	143.750	205.300	134.450	151.450	none	0.500	none	0.500	0	11	78.750	325.575
58	0	1	2	205.300	260.050	134.450	151.450	none	0.500	none	0.500	0	11	78.750	325.575
58	0	1	3	260.050	315.050	134.450	151.450	none	0.500	0.500	0.500	0	11	78.750	325.575
58	0	1	4	315.050	369.850	134.450	151.450	none	0.500	0.500	0.500	0	11	78.750	325.575
58	0	1	5	369.850	424.650	134.450	151.450	none	0.500	none	0.500	0	11	78.750	325.575
58	0	1	6	424.650	479.450	134.450	151.450	none	0.500	none	0.500	0	11	78.750	325.575
58	0	1	7	479.450	534.250	134.450	151.450	none	0.500	0.500	0.500	0	11	78.750	325.575
58	0	1	8	534.250	589.150	134.450	151.450	none	0.500	none	0.500	0	11	78.750	325.575
58	0	1	9	589.150	643.950	134.450	151.450	0.500	0.500	none	0.500	0	11	78.750	325.575
58	0	1	10	643.950	699.550	134.450	151.450	0.500	0.500	0.500	0.500	0	11	78.750	325.575
58	0	1	11	699.550	734.650	134.450	151.450	0.500	none	none	0.500	0	11	78.750	325.575
58	0	2	1	143.750	205.300	151.450	168.450	none	0.500	none	0.500	0	11	78.750	325.575
58	0	2	2	205.300	260.050	151.450	168.450	none	0.500	none	0.500	0	11	78.750	325.575
58	0	2	3	260.050	315.050	151.450	168.450	none	0.500	0.500	0.500	0	11	78.750	325.575
58	0	2	4	315.050	369.850	151.450	168.450	none	0.500	0.500	0.500	0	11	78.750	325.575
58	0	2	5	369.850	424.650	151.450	168.450	none	0.500	none	0.500	0	11	78.750	325.575
58	0	2	6	424.650	479.450	151.450	168.450	none	0.500	none	0.500	0	11	78.750	325.575
58	0	2	7	479.450	534.250	151.450	168.450	none	0.500	0.500	0.500	0	11	78.750	325.575
58	0	2	8	534.250	589.150	151.450	168.450	none	0.500	none	0.500	0	11	78.750	325.575
58	0	2	9	589.150	643.950	151.450	168.450	0.500	0.500	none	0.500	0	11	78.750	325.575
58	0	2	10	643.950	699.550	151.450	168.450	0.500	0.500	0.500	0.500	0	11	78.750	325.575
58	0	2	11	699.550	734.650	151.450	168.450	none	none	none	0.500	0	11	78.750	325.575
58	0	3	1	143.750	205.300	168.450	185.200	none	0.500	none	0.500	0	11	78.750	325.575
58	0	3	2	205.300	260.050	168.450	185.200	none	0.500	none	0.500	0	11	78.750	325.575
58	0	3	3	260.050	315.050	168.450	185.200	none	0.500	0.500	0.500	0	11	78.750	325.575
58	0	3	4	315.050	369.850	168.450	185.200	none	0.500	0.500	0.500	0	11	78.750	325.575
58	0	3	5	369.850	424.650	168.450	185.200	none	0.500	none	0.500	0	11	78.750	325.575
58	0	3	6	424.650	479.450	168.450	185.200	none	0.500	none	0.500	0	11	78.750	325.575
58	0	3	7	479.450	534.250	168.450	185.200	none	0.500	0.500	0.500	0	11	78.750	325.575
58	0	3	8	534.250	589.150	168.450	185.200	none	0.500	none	0.500	0	11	78.750	325.575
58	0	3	9	589.150	734.650	168.450	325.450	none	0.500	none	0.500	0	11	78.750	325.575
58	0	4	0	57.850	143.750	185.200	218.700	none	0.500	0.500	0.500	0	11	78.750	325.575
58	0	4	1	143.750	205.300	185.200	201.950	none	0.500	none	0.500	0	11	78.750	325.575
58	0	4	2	205.300	260.050	185.200	201.950	none	0.500	none	0.500	0	11	78.750	325.575
58	0	4	3	260.050	315.050	185.200	201.950	none	0.500	0.500	0.500	0	11	78.750	325.575
58	0	4	4	315.050	369.850	185.200	201.950	none	0.500	0.500	0.500	0	11	78.750	325.575
58	0	4	5	369.850	424.650	185.200	201.950	none	0.500	none	0.500	0	11	78.750	325.575
58	0	4	6	424.650	479.450	185.200	201.950	none	0.500	none	0.500	0	11	78.750	325.575
58	0	4	7	479.450	534.250	185.200	201.950	none	0.500	0.500	0.500	0	11	78.750	325.575
58	0	4	8	534.250	589.150	185.200	201.950	none	0.500	none	0.500	0	11	78.750	325.575
58	0	5	1	143.750	205.300	201.950	218.700	none	0.500	none	0.500	0	11	78.750	325.575
58	0	5	2	205.300	260.050	201.950	218.700	none	0.500	none	0.500	0	11	78.750	325.575
58	0	5	3	260.050	315.050	201.950	218.700	none	0.500	0.500	0.500	0	11	78.750	325.575
58	0	5	4	315.050	369.850	201.950	218.700	none	0.500	0.500	0.500	0	11	78.750	325.575
58	0	5	5	369.850	424.650	201.950	218.700	none	0.500	none	0.500	0	11	78.750	325.575
58	0	5	6	424.650	479.450	201.950	218.700	none	0.500	none	0.500	0	11	78.750	325.575
58	0	5	7	479.450	534.250	201.950	218.700	none	0.500	0.500	0.500	0	11	78.750	325.575
58	0	5	8	534.250	589.150	201.950	218.700	none	0.500	none	0.500	0	11	78.750	325.575
58	0	6	0	57.850	143.750	218.700	252.450	none	0.500	0.500	0.500	0	11	78.750	325.575
58	0	6	1	143.750	205.300	218.700	235.450	none	0.500	none	0.500	0	11	78.750	325.575
58	0	6	2	205.300	260.050	218.700	235.450	none	0.500	none	0.500	0	11	78.750	325.575
58	0	6	3	260.050	315.050	218.700	235.450	none	0.500	0.500	0.500	0	11	78.750	325.575
58	0	6	4	315.050	369.850	218.700	235.450	none	0.500	0.500	0.500	0	11	78.750	325.575
58	0	6	5	369.850	424.650	218.700	235.450	none	0.500	none	0.500	0	11	78.750	325.575
58	0	6	6	424.650	479.450	218.700	235.450	none	0.500	none	0.500	0	11	78.750	325.575
58	0	6	7	479.450	534.250	218.700	235.450	none	0.500	0.500	0.500	0	11	78.750	325.575
58	0	6	8	534.250	589.150	218.700	235.450	none	0.500	none	0.500	0	11	78.750	325.575
58	0	7	1	143.750	205.300	235.450	252.450	none	0.500	none	0.500	0	11	78.750	325.575
58	0	7	2	205.300	260.050	235.450	252.450	none	0.500	none	0.500	0	11	78.750	325.575
58	0	7	3	260.050	315.050	235.450	252.450	none	0.500	0.500	0.500	0	11	78.750	325.575
58	0	7	4	315.050	369.850	235.450	252.450	none	0.500	0.500	0.500	0	11	78.750	325.575
58	0	7	5	369.850	424.650	235.450	252.450	none	0.500	none	0.500	0	11	78.750	325.575
58	0	7	6	424.650	479.450	235.450	252.450	none	0.500	none	0.500	0	11	78.750	325.575
58	0	7	7	479.450	534.250	235.450	252.450	0.500	0.500	0.500	0.500	0	11	78.750	325.575
58	0	7	8	534.250	589.150	235.450	252.450	0.500	0.500	none	0.500	0	11	78.750	325.575
58	0	8	0	57.850	143.750	252.450	276.950	none	0.500	0.500	0.500	0	11	78.750	325.575
58	0	8	1	143.750	205.300	252.450	276.950	none	0.500	none	0.500	0	11	78.750	325.575
58	0	8	2	205.300	260.050	252.450	276.950	none	0.500	none	0.500	0	11	78.750	325.575
58	0	8	3	260.050	315.050	252.450	276.950	none	0.500	0.500	0.500	0	11	78.750	325.575
58	0	8	4	315.050	369.850	252.450	276.950	none	0.500	0.500	0.500	0	11	78.750	325.575
58	0	8	5	369.850	424.650	252.450	276.950	none	0.500	none	0.500	0	11	78.750	325.575
58	0	8	6	424.650	479.450	252.450	276.950	none	0.500	none	0.500	0	11	78.750	325.575
58	0	8	7	479.450	589.150	252.450	325.450	0.500	0.500	0.500	none	0	11	78.750	325.575
58	0	9	0	57.850	143.750	276.950	301.200	none	0.500	0.500	0.500	0	11	78.750	325.575
58	0	9	1	143.750	205.300	276.950	301.200	none	0.500	none	0.500	0	11	78.750	325.575
58	0	9	2	205.300	260.050	276.950	301.200	none	0.500	none	0.500	0	11	78.750	325.575
58	0	9	3	260.050	315.050	276.950	301.200	none	0.500	0.500	0.500	0	11	78.750	325.575
58	0	9	4	315.050	369.850	276.950	301.200	none	0.500	0.500	0.500	0	11	78.750	325.575
58	0	9	5	369.850	424.650	276.950	301.200	none	0.500	none	0.500	0	11	78.750	325.575
58	0	9	6	424.650	479.450	276.950	301.200	none	0.500	none	0.500	0	11	78.750	325.575
58	0	10	0	57.850	143.750	301.200	325.450	none	0.500	0.500	0.500	0	11	78.750	325.575
58	0	10	1	143.750	205.300	301.200	325.450	none	0.500	none	0.500	0	11	78.750	325.575
58	0	10	2	205.300	260.050	301.200	325.450	none	0.500	none	0.500	0	11	78.750	325.575
58	0	10	3	260.050	315.050	301.200	325.450	none	0.500	0.500	0.500	0	11	78.750	325.575
58	0	10	4	315.050	369.850	301.200	325.450	none	0.500	0.500	0.500	0	11	78.750	325.575
58	0	10	5	369.850	424.650	301.200	325.450	none	0.500	none	0.500	0	11	78.750	325.575
58	0	10	6	424.650	479.450	301.200	325.450	none	0.500	none	0.500	0	11	78.750	325.575
59	0	0	0	57.850	143.750	79.000	134.450	0.500	none	0.500	0.500	0	11	78.750	325.575
59	0	0	1	143.750	205.300	79.000	134.450	0.500	0.500	none	0.500	0	11	78.750	325.575
59	0	0	2	205.300	260.050	79.000	134.450	0.500	0.500	none	none	0	11	78.750	325.575
59	0	0	3	260.050	315.050	79.000	134.450	0.500	0.500	0.500	0.500	0	11	78.750	325.575
59	0	0	4	315.050	369.850	79.000	134.450	0.500	0.500	0.500	none	0	11	78.750	325.575
59	0	0	5	369.850	424.650	79.000	134.450	0.500	0.500	0.500	none	0	11	78.750	325.575
59	0	0	6	424.650	479.450	79.000	134.450	0.500	0.500	0.500	none	0	11	78.750	325.575
59	0	0	7	479.450	534.250	79.000	134.450	0.500	0.500	0.500	none	0	11	78.750	325.575
59	0	0	8	534.250	589.150	79.000	134.450	0.500	0.500	0.500	none	0	11	78.750	325.575
59	0	0	9	589.150	643.950	79.000	134.450	0.500	0.500	0.500	0.500	0	11	78.750	325.575
59	0	0	10	643.950	699.550	79.000	134.450	0.500	0.500	0.500	0.500	0	11	78.750	325.575
59	0	0	11	699.550	734.650	79.000	134.450	0.500	none	none	0.500	0	11	78.750	325.575
59	0	1	0	57.850	143.750	134.450	185.200	0.500	0.500	0.500	0.500	0	11	78.750	325.575
59	0	1	1	143.750	205.300	134.450	151.450	none	0.500	none	0.500	0	11	78.750	325.575
59	0	1	2	205.300	260.050	134.450	151.450	none	0.500	none	0.500	0	11	78.750	325.575
59	0	1	3	260.050	315.050	134.450	151.450	none	0.500	0.500	0.500	0	11	78.750	325.575
59	0	1	4	315.050	369.850	134.450	151.450	none	0.500	0.500	0.500	0	11	78.750	325.575
59	0	1	5	369.850	424.650	134.450	151.450	none	0.500	none	0.500	0	11	78.750	325.575
59	0	1	6	424.650	479.450	134.450	151.450	none	0.500	none	0.500	0	11	78.750	325.575
59	0	1	7	479.450	534.250	134.450	151.450	none	0.500	0.500	0.500	0	11	78.750	325.575
59	0	1	8	534.250	589.150	134.450	151.450	none	0.500	none	0.500	0	11	78.750	325.575
59	0	1	9	589.150	643.950	134.450	151.450	0.500	0.500	none	0.500	0	11	78.750	325.575
59	0	1	10	643.950	699.550	134.450	151.450	0.500	0.500	0.500	0.500	0	11	78.750	325.575
59	0	1	11	699.550	734.650	134.450	151.450	0.500	none	none	0.500	0	11	78.750	325.575
59	0	2	1	143.750	205.300	151.450	168.450	none	0.500	none	0.500	0	11	78.750	325.575
59	0	2	2	205.300	260.050	151.450	168.450	none	0.500	none	0.500	0	11	78.750	325.575
59	0	2	3	260.050	315.050	151.450	168.450	none	0.500	0.500	0.500	0	11	78.750	325.575
59	0	2	4	315.050	369.850	151.450	168.450	none	0.500	0.500	0.500	0	11	78.750	325.575
59	0	2	5	369.850	424.650	151.450	168.450	none	0.500	none	0.500	0	11	78.750	325.575
59	0	2	6	424.650	479.450	151.450	168.450	none	0.500	none	0.500	0	11	78.750	325.575
59	0	2	7	479.450	534.250	151.450	168.450	none	0.500	0.500	0.500	0	11	78.750	325.575
59	0	2	8	534.250	589.150	151.450	168.450	none	0.500	none	0.500	0	11	78.750	325.575
59	0	2	9	589.150	643.950	151.450	168.450	0.500	0.500	none	0.500	0	11	78.750	325.575
59	0	2	10	643.950	699.550	151.450	168.450	0.500	0.500	0.500	0.500	0	11	78.750	325.575
59	0	2	11	699.550	734.650	151.450	168.450	none	none	none	0.500	0	11	78.750	325.575
59	0	3	1	143.750	205.300	168.450	185.200	none	0.500	none	0.500	0	11	78.750	325.575
59	0	3	2	205.300	260.050	168.450	185.200	none	0.500	none	0.500	0	11	78.750	325.575
59	0	3	3	260.050	315.050	168.450	185.200	none	0.500	0.500	0.500	0	11	78.750	325.575
59	0	3	4	315.050	369.850	168.450	185.200	none	0.500	0.500	0.500	0	11	78.750	325.575
59	0	3	5	369.850	424.650	168.450	185.200	none	0.500	none	0.500	0	11	78.750	325.575
59	0	3	6	424.650	479.450	168.450	185.200	none	0.500	none	0.500	0	11	78.750	325.575
59	0	3	7	479.450	534.250	168.450	185.200	none	0.500	0.500	0.500	0	11	78.750	325.575
59	0	3	8	534.250	589.150	168.450	185.200	none	0.500	none	0.500	0	11	78.750	325.575
59	0	3	9	589.150	734.650	168.450	325.450	none	0.500	none	0.500	0	11	78.750	325.575
59	0	4	0	57.850	143.750	185.200	218.700	none	0.500	0.500	0.500	0	11	78.750	325.575
59	0	4	1	143.750	205.300	185.200	201.950	none	0.500	none	0.500	0	11	78.750	325.575
59	0	4	2	205.300	260.050	185.200	201.950	none	0.500	none	0.500	0	11	78.750	325.575
59	0	4	3	260.050	315.050	185.200	201.950	none	0.500	0.500	0.500	0	11	78.750	325.575
59	0	4	4	315.050	369.850	185.200	201.950	none	0.500	0.500	0.500	0	11	78.750	325.575
59	0	4	5	369.850	424.650	185.200	201.950	none	0.500	none	0.500	0	11	78.750	325.575
59	0	4	6	424.650	479.450	185.200	201.950	none	0.500	none	0.500	0	11	78.750	325.575
59	0	4	7	479.450	534.250	185.200	201.950	none	0.500	0.500	0.500	0	11	78.750	325.575
59	0	4	8	534.250	589.150	185.200	201.950	none	0.500	none	0.500	0	11	78.750	325.575
59	0	5	1	143.750	205.300	201.950	218.700	none	0.500	none	0.500	0	11	78.750	325.575
59	0	5	2	205.300	260.050	201.950	218.700	none	0.500	none	0.500	0	11	78.750	325.575
59	0	5	3	260.050	315.050	201.950	218.700	none	0.500	0.500	0.500	0	11	78.750	325.575
59	0	5	4	315.050	369.850	201.950	218.700	none	0.500	0.500	0.500	0	11	78.750	325.575
59	0	5	5	369.850	424.650	201.950	218.700	none	0.500	none	0.500	0	11	78.750	325.575
59	0	5	6	424.650	479.450	201.950	218.700	none	0.500	none	0.500	0	11	78.750	325.575
59	0	5	7	479.450	534.250	201.950	218.700	none	0.500	0.500	0.500	0	11	78.750	325.575
59	0	5	8	534.250	589.150	201.950	218.700	none	0.500	none	0.500	0	11	78.750	325.575
59	0	6	0	57.850	143.750	218.700	252.450	none	0.500	0.500	0.500	0	11	78.750	325.575
59	0	6	1	143.750	205.300	218.700	235.450	none	0.500	none	0.500	0	11	78.750	325.575
59	0	6	2	205.300	260.050	218.700	235.450	none	0.500	none	0.500	0	11	78.750	325.575
59	0	6	3	260.050	315.050	218.700	235.450	none	0.500	0.500	0.500	0	11	78.750	325.575
59	0	6	4	315.050	369.850	218.700	235.450	none	0.500	0.500	0.500	0	11	78.750	325.575
59	0	6	5	369.850	424.650	218.700	235.450	none	0.500	none	0.500	0	11	78.750	325.575
59	0	6	6	424.650	479.450	218.700	235.450	none	0.500	none	0.500	0	11	78.750	325.575
59	0	6	7	479.450	534.250	218.700	235.450	none	0.500	0.500	0.500	0	11	78.750	325.575
59	0	6	8	534.250	589.150	218.700	235.450	none	0.500	none	0.500	0	11	78.750	325.575
59	0	7	1	143.750	205.300	235.450	252.450	none	0.500	none	0.500	0	11	78.750	325.575
59	0	7	2	205.300	260.050	235.450	252.450	none	0.500	none	0.500	0	11	78.750	325.575
59	0	7	3	260.050	315.050	235.450	252.450	none	0.500	0.500	0.500	0	11	78.750	325.575
59	0	7	4	315.050	369.850	235.450	252.450	none	0.500	0.500	0.500	0	11	78.750	325.575
59	0	7	5	369.850	424.650	235.450	252.450	none	0.500	none	0.500	0	11	78.750	325.575
59	0	7	6	424.650	479.450	235.450	252.450	none	0.500	none	0.500	0	11	78.750	325.575
59	0	7	7	479.450	534.250	235.450	252.450	0.500	0.500	0.500	0.500	0	11	78.750	325.575
59	0	7	8	534.250	589.150	235.450	252.450	0.500	0.500	none	0.500	0	11	78.750	325.575
59	0	8	0	57.850	143.750	252.450	276.950	none	0.500	0.500	0.500	0	11	78.750	325.575
59	0	8	1	143.750	205.300	252.450	276.950	none	0.500	none	0.500	0	11	78.750	325.575
59	0	8	2	205.300	260.050	252.450	276.950	none	0.500	none	0.500	0	11	78.750	325.575
59	0	8	3	260.050	315.050	252.450	276.950	none	0.500	0.500	0.500	0	11	78.750	325.575
59	0	8	4	315.050	369.850	252.450	276.950	none	0.500	0.500	0.500	0	11	78.750	325.575
59	0	8	5	369.850	424.650	252.450	276.950	none	0.500	none	0.500	0	11	78.750	325.575
59	0	8	6	424.650	479.450	252.450	276.950	none	0.500	none	0.500	0	11	78.750	325.575
59	0	8	7	479.450	589.150	252.450	325.450	0.500	0.500	0.500	none	0	11	78.750	325.575
59	0	9	0	57.850	143.750	276.950	301.200	none	0.500	0.500	0.500	0	11	78.750	325.575
59	0	9	1	143.750	205.300	276.950	301.200	none	0.500	none	0.500	0	11	78.750	325.575
59	0	9	2	205.300	260.050	276.950	301.200	none	0.500	none	0.500	0	11	78.750	325.575
59	0	9	3	260.050	315.050	276.950	301.200	none	0.500	0.500	0.500	0	11	78.750	325.575
59	0	9	4	315.050	369.850	276.950	301.200	none	0.500	0.500	0.500	0	11	78.750	325.575
59	0	9	5	369.850	424.650	276.950	301.200	none	0.500	none	0.500	0	11	78.750	325.575
59	0	9	6	424.650	479.450	276.950	301.200	none	0.500	none	0.500	0	11	78.750	325.575
59	0	10	0	57.850	143.750	301.200	325.450	none	0.500	0.500	0.500	0	11	78.750	325.575
59	0	10	1	143.750	205.300	301.200	325.450	none	0.500	none	0.500	0	11	78.750	325.575
59	0	10	2	205.300	260.050	301.200	325.450	none	0.500	none	0.500	0	11	78.750	325.575
59	0	10	3	260.050	315.050	301.200	325.450	none	0.500	0.500	0.500	0	11	78.750	325.575
59	0	10	4	315.050	369.850	301.200	325.450	none	0.500	0.500	0.500	0	11	78.750	325.575
59	0	10	5	369.850	424.650	301.200	325.450	none	0.500	none	0.500	0	11	78.750	325.575
59	0	10	6	424.650	479.450	301.200	325.450	none	0.500	none	0.500	0	11	78.750	325.575
60	0	0	0	57.850	143.750	79.000	134.450	0.500	none	0.500	0.500	0	11	78.750	325.575
60	0	0	1	143.750	205.300	79.000	134.450	0.500	0.500	none	0.500	0	11	78.750	325.575
60	0	0	2	205.300	260.050	79.000	134.450	0.500	0.500	none	none	0	11	78.750	325.575
60	0	0	3	260.050	315.050	79.000	134.450	0.500	0.500	0.500	0.500	0	11	78.750	325.575
60	0	0	4	315.050	369.850	79.000	134.450	0.500	0.500	0.500	none	0	11	78.750	325.575
60	0	0	5	369.850	424.650	79.000	134.450	0.500	0.500	0.500	none	0	11	78.750	325.575
60	0	0	6	424.650	479.450	79.000	134.450	0.500	0.500	0.500	none	0	11	78.750	325.575
60	0	0	7	479.450	534.250	79.000	134.450	0.500	0.500	0.500	none	0	11	78.750	325.575
60	0	0	8	534.250	589.150	79.000	134.450	0.500	0.500	0.500	none	0	11	78.750	325.575
60	0	0	9	589.150	643.950	79.000	134.450	0.500	0.500	0.500	0.500	0	11	78.750	325.575
60	0	0	10	643.950	699.550	79.000	134.450	0.500	0.500	0.500	0.500	0	11	78.750	325.575
60	0	0	11	699.550	734.650	79.000	134.450	0.500	none	none	0.500	0	11	78.750	325.575
60	0	1	0	57.850	143.750	134.450	185.200	0.500	0.500	0.500	0.500	0	11	78.750	325.575
60	0	1	1	143.750	205.300	134.450	151.450	none	0.500	none	0.500	0	11	78.750	325.575
60	0	1	2	205.300	260.050	134.450	151.450	none	0.500	none	0.500	0	11	78.750	325.575
60	0	1	3	260.050	315.050	134.450	151.450	none	0.500	0.500	0.500	0	11	78.750	325.575
60	0	1	4	315.050	369.850	134.450	151.450	none	0.500	0.500	0.500	0	11	78.750	325.575
60	0	1	5	369.850	424.650	134.450	151.450	none	0.500	none	0.500	0	11	78.750	325.575
60	0	1	6	424.650	479.450	134.450	151.450	none	0.500	none	0.500	0	11	78.750	325.575
60	0	1	7	479.450	534.250	134.450	151.450	none	0.500	0.500	0.500	0	11	78.750	325.575
60	0	1	8	534.250	589.150	134.450	151.450	none	0.500	none	0.500	0	11	78.750	325.575
60	0	1	9	589.150	643.950	134.450	151.450	0.500	0.500	none	0.500	0	11	78.750	325.575
60	0	1	10	643.950	699.550	134.450	151.450	0.500	0.500	0.500	0.500	0	11	78.750	325.575
60	0	1	11	699.550	734.650	134.450	151.450	0.500	none	none	0.500	0	11	78.750	325.575
60	0	2	1	143.750	205.300	151.450	168.450	none	0.500	none	0.500	0	11	78.750	325.575
60	0	2	2	205.300	260.050	151.450	168.450	none	0.500	none	0.500	0	11	78.750	325.575
60	0	2	3	260.050	315.050	151.450	168.450	none	0.500	0.500	0.500	0	11	78.750	325.575
60	0	2	4	315.050	369.850	151.450	168.450	none	0.500	0.500	0.500	0	11	78.750	325.575
60	0	2	5	369.850	424.650	151.450	168.450	none	0.500	none	0.500	0	11	78.750	325.575
60	0	2	6	424.650	479.450	151.450	168.450	none	0.500	none	0.500	0	11	78.750	325.575
60	0	2	7	479.450	534.250	151.450	168.450	none	0.500	0.500	0.500	0	11	78.750	325.575
60	0	2	8	534.250	589.150	151.450	168.450	none	0.500	none	0.500	0	11	78.750	325.575
60	0	2	9	589.150	643.950	151.450	168.450	0.500	0.500	none	0.500	0	11	78.750	325.575
60	0	2	10	643.950	699.550	151.450	168.450	0.500	0.500	0.500	0.500	0	11	78.750	325.575
60	0	2	11	699.550	734.650	151.450	168.450	none	none	none	0.500	0	11	78.750	325.575
60	0	3	1	143.750	205.300	168.450	185.200	none	0.500	none	0.500	0	11	78.750	325.575
60	0	3	2	205.300	260.050	168.450	185.200	none	0.500	none	0.500	0	11	78.750	325.575
60	0	3	3	260.050	315.050	168.450	185.200	none	0.500	0.500	0.500	0	11	78.750	325.575
60	0	3	4	315.050	369.850	168.450	185.200	none	0.500	0.500	0.500	0	11	78.750	325.575
60	0	3	5	369.850	424.650	168.450	185.200	none	0.500	none	0.500	0	11	78.750	325.575
60	0	3	6	424.650	479.450	168.450	185.200	none	0.500	none	0.500	0	11	78.750	325.575
60	0	3	7	479.450	534.250	168.450	185.200	none	0.500	0.500	0.500	0	11	78.750	325.575
60	0	3	8	534.250	589.150	168.450	185.200	none	0.500	none	0.500	0	11	78.750	325.575
60	0	3	9	589.150	734.650	168.450	325.450	none	0.500	none	0.500	0	11	78.750	325.575
60	0	4	0	57.850	143.750	185.200	218.700	none	0.500	0.500	0.500	0	11	78.750	325.575
60	0	4	1	143.750	205.300	185.200	201.950	none	0.500	none	0.500	0	11	78.750	325.575
60	0	4	2	205.300	260.050	185.200	201.950	none	0.500	none	0.500	0	11	78.750	325.575
60	0	4	3	260.050	315.050	185.200	201.950	none	0.500	0.500	0.500	0	11	78.750	325.575
60	0	4	4	315.050	369.850	185.200	201.950	none	0.500	0.500	0.500	0	11	78.750	325.575
60	0	4	5	369.850	424.650	185.200	201.950	none	0.500	none	0.500	0	11	78.750	325.575
60	0	4	6	424.650	479.450	185.200	201.950	none	0.500	none	0.500	0	11	78.750	325.575
60	0	4	7	479.450	534.250	185.200	201.950	none	0.500	0.500	0.500	0	11	78.750	325.575
60	0	4	8	534.250	589.150	185.200	201.950	none	0.500	none	0.500	0	11	78.750	325.575
60	0	5	1	143.750	205.300	201.950	218.700	none	0.500	none	0.500	0	11	78.750	325.575
60	0	5	2	205.300	260.050	201.950	218.700	none	0.500	none	0.500	0	11	78.750	325.575
60	0	5	3	260.050	315.050	201.950	218.700	none	0.500	0.500	0.500	0	11	78.750	325.575
60	0	5	4	315.050	369.850	201.950	218.700	none	0.500	0.500	0.500	0	11	78.750	325.575
60	0	5	5	369.850	424.650	201.950	218.700	none	0.500	none	0.500	0	11	78.750	325.575
60	0	5	6	424.650	479.450	201.950	218.700	none	0.500	none	0.500	0	11	78.750	325.575
60	0	5	7	479.450	534.250	201.950	218.700	none	0.500	0.500	0.500	0	11	78.750	325.575
60	0	5	8	534.250	589.150	201.950	218.700	none	0.500	none	0.500	0	11	78.750	325.575
60	0	6	0	57.850	143.750	218.700	252.450	none	0.500	0.500	0.500	0	11	78.750	325.575
60	0	6	1	143.750	205.300	218.700	235.450	none	0.500	none	0.500	0	11	78.750	325.575
60	0	6	2	205.300	260.050	218.700	235.450	none	0.500	none	0.500	0	11	78.750	325.575
60	0	6	3	260.050	315.050	218.700	235.450	none	0.500	0.500	0.500	0	11	78.750	325.575
60	0	6	4	315.050	369.850	218.700	235.450	none	0.500	0.500	0.500	0	11	78.750	325.575
60	0	6	5	369.850	424.650	218.700	235.450	none	0.500	none	0.500	0	11	78.750	325.575
60	0	6	6	424.650	479.450	218.700	235.450	none	0.500	none	0.500	0	11	78.750	325.575
60	0	6	7	479.450	534.250	218.700	235.450	none	0.500	0.500	0.500	0	11	78.750	325.575
60	0	6	8	534.250	589.150	218.700	235.450	none	0.500	none	0.500	0	11	78.750	325.575
60	0	7	1	143.750	205.300	235.450	252.450	none	0.500	none	0.500	0	11	78.750	325.575
60	0	7	2	205.300	260.050	235.450	252.450	none	0.500	none	0.500	0	11	78.750	325.575
60	0	7	3	260.050	315.050	235.450	252.450	none	0.500	0.500	0.500	0	11	78.750	325.575
60	0	7	4	315.050	369.850	235.450	252.450	none	0.500	0.500	0.500	0	11	78.750	325.575
60	0	7	5	369.850	424.650	235.450	252.450	none	0.500	none	0.500	0	11	78.750	325.575
60	0	7	6	424.650	479.450	235.450	252.450	none	0.500	none	0.500	0	11	78.750	325.575
60	0	7	7	479.450	534.250	235.450	252.450	0.500	0.500	0.500	0.500	0	11	78.750	325.575
60	0	7	8	534.250	589.150	235.450	252.450	0.500	0.500	none	0.500	0	11	78.750	325.575
60	0	8	0	57.850	143.750	252.450	276.950	none	0.500	0.500	0.500	0	11	78.750	325.575
60	0	8	1	143.750	205.300	252.450	276.950	none	0.500	none	0.500	0	11	78.750	325.575
60	0	8	2	205.300	260.050	252.450	276.950	none	0.500	none	0.500	0	11	78.750	325.575
60	0	8	3	260.050	315.050	252.450	276.950	none	0.500	0.500	0.500	0	11	78.750	325.575
60	0	8	4	315.050	369.850	252.450	276.950	none	0.500	0.500	0.500	0	11	78.750	325.575
60	0	8	5	369.850	424.650	252.450	276.950	none	0.500	none	0.500	0	11	78.750	325.575
60	0	8	6	424.650	479.450	252.450	276.950	none	0.500	none	0.500	0	11	78.750	325.575
60	0	8	7	479.450	589.150	252.450	325.450	0.500	0.500	0.500	none	0	11	78.750	325.575
60	0	9	0	57.850	143.750	276.950	301.200	none	0.500	0.500	0.500	0	11	78.750	325.575
60	0	9	1	143.750	205.300	276.950	301.200	none	0.500	none	0.500	0	11	78.750	325.575
60	0	9	2	205.300	260.050	276.950	301.200	none	0.500	none	0.500	0	11	78.750	325.575
60	0	9	3	260.050	315.050	276.950	301.200	none	0.500	0.500	0.500	0	11	78.750	325.575
60	0	9	4	315.050	369.850	276.950	301.200	none	0.500	0.500	0.500	0	11	78.750	325.575
60	0	9	5	369.850	424.650	276.950	301.200	none	0.500	none	0.500	0	11	78.750	325.575
60	0	9	6	424.650	479.450	276.950	301.200	none	0.500	none	0.500	0	11	78.750	325.575
60	0	10	0	57.850	143.750	301.200	325.450	none	0.500	0.500	0.500	0	11	78.750	325.575
60	0	10	1	143.750	205.300	301.200	325.450	none	0.500	none	0.500	0	11	78.750	325.575
60	0	10	2	205.300	260.050	301.200	325.450	none	0.500	none	0.500	0	11	78.750	325.575
60	0	10	3	260.050	315.050	301.200	325.450	none	0.500	0.500	0.500	0	11	78.750	325.575
60	0	10	4	315.050	369.850	301.200	325.450	none	0.500	0.500	0.500	0	11	78.750	325.575
60	0	10	5	369.850	424.650	301.200	325.450	none	0.500	none	0.500	0	11	78.750	325.575
60	0	10	6	424.650	479.450	301.200	325.450	none	0.500	none	0.500	0	11	78.750	325.575
61	0	0	0	57.850	143.750	79.000	134.450	0.500	none	0.500	0.500	0	11	78.750	325.575
61	0	0	1	143.750	205.300	79.000	134.450	0.500	0.500	none	0.500	0	11	78.750	325.575
61	0	0	2	205.300	260.050	79.000	134.450	0.500	0.500	none	none	0	11	78.750	325.575
61	0	0	3	260.050	315.050	79.000	134.450	0.500	0.500	0.500	0.500	0	11	78.750	325.575
61	0	0	4	315.050	369.850	79.000	134.450	0.500	0.500	0.500	none	0	11	78.750	325.575
61	0	0	5	369.850	424.650	79.000	134.450	0.500	0.500	0.500	none	0	11	78.750	325.575
61	0	0	6	424.650	479.450	79.000	134.450	0.500	0.500	0.500	none	0	11	78.750	325.575
61	0	0	7	479.450	534.250	79.000	134.450	0.500	0.500	0.500	none	0	11	78.750	325.575
61	0	0	8	534.250	589.150	79.000	134.450	0.500	0.500	0.500	none	0	11	78.750	325.575
61	0	0	9	589.150	643.950	79.000	134.450	0.500	0.500	0.500	0.500	0	11	78.750	325.575
61	0	0	10	643.950	699.550	79.000	134.450	0.500	0.500	0.500	0.500	0	11	78.750	325.575
61	0	0	11	699.550	734.650	79.000	134.450	0.500	none	none	0.500	0	11	78.750	325.575
61	0	1	0	57.850	143.750	134.450	185.200	0.500	0.500	0.500	0.500	0	11	78.750	325.575
61	0	1	1	143.750	205.300	134.450	151.450	none	0.500	none	0.500	0	11	78.750	325.575
61	0	1	2	205.300	260.050	134.450	151.450	none	0.500	none	0.500	0	11	78.750	325.575
61	0	1	3	260.050	315.050	134.450	151.450	none	0.500	0.500	0.500	0	11	78.750	325.575
61	0	1	4	315.050	369.850	134.450	151.450	none	0.500	0.500	0.500	0	11	78.750	325.575
61	0	1	5	369.850	424.650	134.450	151.450	none	0.500	none	0.500	0	11	78.750	325.575
61	0	1	6	424.650	479.450	134.450	151.450	none	0.500	none	0.500	0	11	78.750	325.575
61	0	1	7	479.450	534.250	134.450	151.450	none	0.500	0.500	0.500	0	11	78.750	325.575
61	0	1	8	534.250	589.150	134.450	151.450	none	0.500	none	0.500	0	11	78.750	325.575
61	0	1	9	589.150	643.950	134.450	151.450	0.500	0.500	none	0.500	0	11	78.750	325.575
61	0	1	10	643.950	699.550	134.450	151.450	0.500	0.500	0.500	0.500	0	11	78.750	325.575
61	0	1	11	699.550	734.650	134.450	151.450	0.500	none	none	0.500	0	11	78.750	325.575
61	0	2	1	143.750	205.300	151.450	168.450	none	0.500	none	0.500	0	11	78.750	325.575
61	0	2	2	205.300	260.050	151.450	168.450	none	0.500	none	0.500	0	11	78.750	325.575
61	0	2	3	260.050	315.050	151.450	168.450	none	0.500	0.500	0.500	0	11	78.750	325.575
61	0	2	4	315.050	369.850	151.450	168.450	none	0.500	0.500	0.500	0	11	78.750	325.575
61	0	2	5	369.850	424.650	151.450	168.450	none	0.500	none	0.500	0	11	78.750	325.575
61	0	2	6	424.650	479.450	151.450	168.450	none	0.500	none	0.500	0	11	78.750	325.575
61	0	2	7	479.450	534.250	151.450	168.450	none	0.500	0.500	0.500	0	11	78.750	325.575
61	0	2	8	534.250	589.150	151.450	168.450	none	0.500	none	0.500	0	11	78.750	325.575
61	0	2	9	589.150	643.950	151.450	168.450	0.500	0.500	none	0.500	0	11	78.750	325.575
61	0	2	10	643.950	699.550	151.450	168.450	0.500	0.500	0.500	0.500	0	11	78.750	325.575
61	0	2	11	699.550	734.650	151.450	168.450	none	none	none	0.500	0	11	78.750	325.575
61	0	3	1	143.750	205.300	168.450	185.200	none	0.500	none	0.500	0	11	78.750	325.575
61	0	3	2	205.300	260.050	168.450	185.200	none	0.500	none	0.500	0	11	78.750	325.575
61	0	3	3	260.050	315.050	168.450	185.200	none	0.500	0.500	0.500	0	11	78.750	325.575
61	0	3	4	315.050	369.850	168.450	185.200	none	0.500	0.500	0.500	0	11	78.750	325.575
61	0	3	5	369.850	424.650	168.450	185.200	none	0.500	none	0.500	0	11	78.750	325.575
61	0	3	6	424.650	479.450	168.450	185.200	none	0.500	none	0.500	0	11	78.750	325.575
61	0	3	7	479.450	534.250	168.450	185.200	none	0.500	0.500	0.500	0	11	78.750	325.575
61	0	3	8	534.250	589.150	168.450	185.200	none	0.500	none	0.500	0	11	78.750	325.575
61	0	3	9	589.150	734.650	168.450	325.450	none	0.500	none	0.500	0	11	78.750	325.575
61	0	4	0	57.850	143.750	185.200	218.700	none	0.500	0.500	0.500	0	11	78.750	325.575
61	0	4	1	143.750	205.300	185.200	201.950	none	0.500	none	0.500	0	11	78.750	325.575
61	0	4	2	205.300	260.050	185.200	201.950	none	0.500	none	0.500	0	11	78.750	325.575
61	0	4	3	260.050	315.050	185.200	201.950	none	0.500	0.500	0.500	0	11	78.750	325.575
61	0	4	4	315.050	369.850	185.200	201.950	none	0.500	0.500	0.500	0	11	78.750	325.575
61	0	4	5	369.850	424.650	185.200	201.950	none	0.500	none	0.500	0	11	78.750	325.575
61	0	4	6	424.650	479.450	185.200	201.950	none	0.500	none	0.500	0	11	78.750	325.575
61	0	4	7	479.450	534.250	185.200	201.950	none	0.500	0.500	0.500	0	11	78.750	325.575
61	0	4	8	534.250	589.150	185.200	201.950	none	0.500	none	0.500	0	11	78.750	325.575
61	0	5	1	143.750	205.300	201.950	218.700	none	0.500	none	0.500	0	11	78.750	325.575
61	0	5	2	205.300	260.050	201.950	218.700	none	0.500	none	0.500	0	11	78.750	325.575
61	0	5	3	260.050	315.050	201.950	218.700	none	0.500	0.500	0.500	0	11	78.750	325.575
61	0	5	4	315.050	369.850	201.950	218.700	none	0.500	0.500	0.500	0	11	78.750	325.575
61	0	5	5	369.850	424.650	201.950	218.700	none	0.500	none	0.500	0	11	78.750	325.575
61	0	5	6	424.650	479.450	201.950	218.700	none	0.500	none	0.500	0	11	78.750	325.575
61	0	5	7	479.450	534.250	201.950	218.700	none	0.500	0.500	0.500	0	11	78.750	325.575
61	0	5	8	534.250	589.150	201.950	218.700	none	0.500	none	0.500	0	11	78.750	325.575
61	0	6	0	57.850	143.750	218.700	252.450	none	0.500	0.500	0.500	0	11	78.750	325.575
61	0	6	1	143.750	205.300	218.700	235.450	none	0.500	none	0.500	0	11	78.750	325.575
61	0	6	2	205.300	260.050	218.700	235.450	none	0.500	none	0.500	0	11	78.750	325.575
61	0	6	3	260.050	315.050	218.700	235.450	none	0.500	0.500	0.500	0	11	78.750	325.575
61	0	6	4	315.050	369.850	218.700	235.450	none	0.500	0.500	0.500	0	11	78.750	325.575
61	0	6	5	369.850	424.650	218.700	235.450	none	0.500	none	0.500	0	11	78.750	325.575
61	0	6	6	424.650	479.450	218.700	235.450	none	0.500	none	0.500	0	11	78.750	325.575
61	0	6	7	479.450	534.250	218.700	235.450	none	0.500	0.500	0.500	0	11	78.750	325.575
61	0	6	8	534.250	589.150	218.700	235.450	none	0.500	none	0.500	0	11	78.750	325.575
61	0	7	1	143.750	205.300	235.450	252.450	none	0.500	none	0.500	0	11	78.750	325.575
61	0	7	2	205.300	260.050	235.450	252.450	none	0.500	none	0.500	0	11	78.750	325.575
61	0	7	3	260.050	315.050	235.450	252.450	none	0.500	0.500	0.500	0	11	78.750	325.575
61	0	7	4	315.050	369.850	235.450	252.450	none	0.500	0.500	0.500	0	11	78.750	325.575
61	0	7	5	369.850	424.650	235.450	252.450	none	0.500	none	0.500	0	11	78.750	325.575
61	0	7	6	424.650	479.450	235.450	252.450	none	0.500	none	0.500	0	11	78.750	325.575
61	0	7	7	479.450	534.250	235.450	252.450	0.500	0.500	0.500	0.500	0	11	78.750	325.575
61	0	7	8	534.250	589.150	235.450	252.450	0.500	0.500	none	0.500	0	11	78.750	325.575
61	0	8	0	57.850	143.750	252.450	276.950	none	0.500	0.500	0.500	0	11	78.750	325.575
61	0	8	1	143.750	205.300	252.450	276.950	none	0.500	none	0.500	0	11	78.750	325.575
61	0	8	2	205.300	260.050	252.450	276.950	none	0.500	none	0.500	0	11	78.750	325.575
61	0	8	3	260.050	315.050	252.450	276.950	none	0.500	0.500	0.500	0	11	78.750	325.575
61	0	8	4	315.050	369.850	252.450	276.950	none	0.500	0.500	0.500	0	11	78.750	325.575
61	0	8	5	369.850	424.650	252.450	276.950	none	0.500	none	0.500	0	11	78.750	325.575
61	0	8	6	424.650	479.450	252.450	276.950	none	0.500	none	0.500	0	11	78.750	325.575
61	0	8	7	479.450	589.150	252.450	325.450	0.500	0.500	0.500	none	0	11	78.750	325.575
61	0	9	0	57.850	143.750	276.950	301.200	none	0.500	0.500	0.500	0	11	78.750	325.575
61	0	9	1	143.750	205.300	276.950	301.200	none	0.500	none	0.500	0	11	78.750	325.575
61	0	9	2	205.300	260.050	276.950	301.200	none	0.500	none	0.500	0	11	78.750	325.575
61	0	9	3	260.050	315.050	276.950	301.200	none	0.500	0.500	0.500	0	11	78.750	325.575
61	0	9	4	315.050	369.850	276.950	301.200	none	0.500	0.500	0.500	0	11	78.750	325.575
61	0	9	5	369.850	424.650	276.950	301.200	none	0.500	none	0.500	0	11	78.750	325.575
61	0	9	6	424.650	479.450	276.950	301.200	none	0.500	none	0.500	0	11	78.750	325.575
61	0	10	0	57.850	143.750	301.200	325.450	none	0.500	0.500	0.500	0	11	78.750	325.575
61	0	10	1	143.750	205.300	301.200	325.450	none	0.500	none	0.500	0	11	78.750	325.575
61	0	10	2	205.300	260.050	301.200	325.450	none	0.500	none	0.500	0	11	78.750	325.575
61	0	10	3	260.050	315.050	301.200	325.450	none	0.500	0.500	0.500	0	11	78.750	325.575
61	0	10	4	315.050	369.850	301.200	325.450	none	0.500	0.500	0.500	0	11	78.750	325.575
61	0	10	5	369.850	424.650	301.200	325.450	none	0.500	none	0.500	0	11	78.750	325.575
61	0	10	6	424.650	479.450	301.200	325.450	none	0.500	none	0.500	0	11	78.750	325.575
62	0	0	0	57.850	143.750	79.000	134.450	0.500	none	0.500	0.500	0	11	78.750	325.575
62	0	0	1	143.750	205.300	79.000	134.450	0.500	0.500	none	0.500	0	11	78.750	325.575
62	0	0	2	205.300	260.050	79.000	134.450	0.500	0.500	none	none	0	11	78.750	325.575
62	0	0	3	260.050	315.050	79.000	134.450	0.500	0.500	0.500	0.500	0	11	78.750	325.575
62	0	0	4	315.050	369.850	79.000	134.450	0.500	0.500	0.500	none	0	11	78.750	325.575
62	0	0	5	369.850	424.650	79.000	134.450	0.500	0.500	0.500	none	0	11	78.750	325.575
62	0	0	6	424.650	479.450	79.000	134.450	0.500	0.500	0.500	none	0	11	78.750	325.575
62	0	0	7	479.450	534.250	79.000	134.450	0.500	0.500	0.500	none	0	11	78.750	325.575
62	0	0	8	534.250	589.150	79.000	134.450	0.500	0.500	0.500	none	0	11	78.750	325.575
62	0	0	9	589.150	643.950	79.000	134.450	0.500	0.500	0.500	0.500	0	11	78.750	325.575
62	0	0	10	643.950	699.550	79.000	134.450	0.500	0.500	0.500	0.500	0	11	78.750	325.575
62	0	0	11	699.550	734.650	79.000	134.450	0.500	none	none	0.500	0	11	78.750	325.575
62	0	1	0	57.850	143.750	134.450	185.200	0.500	0.500	0.500	0.500	0	11	78.750	325.575
62	0	1	1	143.750	205.300	134.450	151.450	none	0.500	none	0.500	0	11	78.750	325.575
62	0	1	2	205.300	260.050	134.450	151.450	none	0.500	none	0.500	0	11	78.750	325.575
62	0	1	3	260.050	315.050	134.450	151.450	none	0.500	0.500	0.500	0	11	78.750	325.575
62	0	1	4	315.050	369.850	134.450	151.450	none	0.500	0.500	0.500	0	11	78.750	325.575
62	0	1	5	369.850	424.650	134.450	151.450	none	0.500	none	0.500	0	11	78.750	325.575
62	0	1	6	424.650	479.450	134.450	151.450	none	0.500	none	0.500	0	11	78.750	325.575
62	0	1	7	479.450	534.250	134.450	151.450	none	0.500	0.500	0.500	0	11	78.750	325.575
62	0	1	8	534.250	589.150	134.450	151.450	none	0.500	none	0.500	0	11	78.750	325.575
62	0	1	9	589.150	643.950	134.450	151.450	0.500	0.500	none	0.500	0	11	78.750	325.575
62	0	1	10	643.950	699.550	134.450	151.450	0.500	0.500	0.500	0.500	0	11	78.750	325.575
62	0	1	11	699.550	734.650	134.450	151.450	0.500	none	none	0.500	0	11	78.750	325.575
62	0	2	1	143.750	205.300	151.450	168.450	none	0.500	none	0.500	0	11	78.750	325.575
62	0	2	2	205.300	260.050	151.450	168.450	none	0.500	none	0.500	0	11	78.750	325.575
62	0	2	3	260.050	315.050	151.450	168.450	none	0.500	0.500	0.500	0	11	78.750	325.575
62	0	2	4	315.050	369.850	151.450	168.450	none	0.500	0.500	0.500	0	11	78.750	325.575
62	0	2	5	369.850	424.650	151.450	168.450	none	0.500	none	0.500	0	11	78.750	325.575
62	0	2	6	424.650	479.450	151.450	168.450	none	0.500	none	0.500	0	11	78.750	325.575
62	0	2	7	479.450	534.250	151.450	168.450	none	0.500	0.500	0.500	0	11	78.750	325.575
62	0	2	8	534.250	589.150	151.450	168.450	none	0.500	none	0.500	0	11	78.750	325.575
62	0	2	9	589.150	643.950	151.450	168.450	0.500	0.500	none	0.500	0	11	78.750	325.575
62	0	2	10	643.950	699.550	151.450	168.450	0.500	0.500	0.500	0.500	0	11	78.750	325.575
62	0	2	11	699.550	734.650	151.450	168.450	none	none	none	0.500	0	11	78.750	325.575
62	0	3	1	143.750	205.300	168.450	185.200	none	0.500	none	0.500	0	11	78.750	325.575
62	0	3	2	205.300	260.050	168.450	185.200	none	0.500	none	0.500	0	11	78.750	325.575
62	0	3	3	260.050	315.050	168.450	185.200	none	0.500	0.500	0.500	0	11	78.750	325.575
62	0	3	4	315.050	369.850	168.450	185.200	none	0.500	0.500	0.500	0	11	78.750	325.575
62	0	3	5	369.850	424.650	168.450	185.200	none	0.500	none	0.500	0	11	78.750	325.575
62	0	3	6	424.650	479.450	168.450	185.200	none	0.500	none	0.500	0	11	78.750	325.575
62	0	3	7	479.450	534.250	168.450	185.200	none	0.500	0.500	0.500	0	11	78.750	325.575
62	0	3	8	534.250	589.150	168.450	185.200	none	0.500	none	0.500	0	11	78.750	325.575
62	0	3	9	589.150	734.650	168.450	325.450	none	0.500	none	0.500	0	11	78.750	325.575
62	0	4	0	57.850	143.750	185.200	218.700	none	0.500	0.500	0.500	0	11	78.750	325.575
62	0	4	1	143.750	205.300	185.200	201.950	none	0.500	none	0.500	0	11	78.750	325.575
62	0	4	2	205.300	260.050	185.200	201.950	none	0.500	none	0.500	0	11	78.750	325.575
62	0	4	3	260.050	315.050	185.200	201.950	none	0.500	0.500	0.500	0	11	78.750	325.575
62	0	4	4	315.050	369.850	185.200	201.950	none	0.500	0.500	0.500	0	11	78.750	325.575
62	0	4	5	369.850	424.650	185.200	201.950	none	0.500	none	0.500	0	11	78.750	325.575
62	0	4	6	424.650	479.450	185.200	201.950	none	0.500	none	0.500	0	11	78.750	325.575
62	0	4	7	479.450	534.250	185.200	201.950	none	0.500	0.500	0.500	0	11	78.750	325.575
62	0	4	8	534.250	589.150	185.200	201.950	none	0.500	none	0.500	0	11	78.750	325.575
62	0	5	1	143.750	205.300	201.950	218.700	none	0.500	none	0.500	0	11	78.750	325.575
62	0	5	2	205.300	260.050	201.950	218.700	none	0.500	none	0.500	0	11	78.750	325.575
62	0	5	3	260.050	315.050	201.950	218.700	none	0.500	0.500	0.500	0	11	78.750	325.575
62	0	5	4	315.050	369.850	201.950	218.700	none	0.500	0.500	0.500	0	11	78.750	325.575
62	0	5	5	369.850	424.650	201.950	218.700	none	0.500	none	0.500	0	11	78.750	325.575
62	0	5	6	424.650	479.450	201.950	218.700	none	0.500	none	0.500	0	11	78.750	325.575
62	0	5	7	479.450	534.250	201.950	218.700	none	0.500	0.500	0.500	0	11	78.750	325.575
62	0	5	8	534.250	589.150	201.950	218.700	none	0.500	none	0.500	0	11	78.750	325.575
62	0	6	0	57.850	143.750	218.700	252.450	none	0.500	0.500	0.500	0	11	78.750	325.575
62	0	6	1	143.750	205.300	218.700	235.450	none	0.500	none	0.500	0	11	78.750	325.575
62	0	6	2	205.300	260.050	218.700	235.450	none	0.500	none	0.500	0	11	78.750	325.575
62	0	6	3	260.050	315.050	218.700	235.450	none	0.500	0.500	0.500	0	11	78.750	325.575
62	0	6	4	315.050	369.850	218.700	235.450	none	0.500	0.500	0.500	0	11	78.750	325.575
62	0	6	5	369.850	424.650	218.700	235.450	none	0.500	none	0.500	0	11	78.750	325.575
62	0	6	6	424.650	479.450	218.700	235.450	none	0.500	none	0.500	0	11	78.750	325.575
62	0	6	7	479.450	534.250	218.700	235.450	none	0.500	0.500	0.500	0	11	78.750	325.575
62	0	6	8	534.250	589.150	218.700	235.450	none	0.500	none	0.500	0	11	78.750	325.575
62	0	7	1	143.750	205.300	235.450	252.450	none	0.500	none	0.500	0	11	78.750	325.575
62	0	7	2	205.300	260.050	235.450	252.450	none	0.500	none	0.500	0	11	78.750	325.575
62	0	7	3	260.050	315.050	235.450	252.450	none	0.500	0.500	0.500	0	11	78.750	325.575
62	0	7	4	315.050	369.850	235.450	252.450	none	0.500	0.500	0.500	0	11	78.750	325.575
62	0	7	5	369.850	424.650	235.450	252.450	none	0.500	none	0.500	0	11	78.750	325.575
62	0	7	6	424.650	479.450	235.450	252.450	none	0.500	none	0.500	0	11	78.750	325.575
62	0	7	7	479.450	534.250	235.450	252.450	0.500	0.500	0.500	0.500	0	11	78.750	325.575
62	0	7	8	534.250	589.150	235.450	252.450	0.500	0.500	none	0.500	0	11	78.750	325.575
62	0	8	0	57.850	143.750	252.450	276.950	none	0.500	0.500	0.500	0	11	78.750	325.575
62	0	8	1	143.750	205.300	252.450	276.950	none	0.500	none	0.500	0	11	78.750	325.575
62	0	8	2	205.300	260.050	252.450	276.950	none	0.500	none	0.500	0	11	78.750	325.575
62	0	8	3	260.050	315.050	252.450	276.950	none	0.500	0.500	0.500	0	11	78.750	325.575
62	0	8	4	315.050	369.850	252.450	276.950	none	0.500	0.500	0.500	0	11	78.750	325.575
62	0	8	5	369.850	424.650	252.450	276.950	none	0.500	none	0.500	0	11	78.750	325.575
62	0	8	6	424.650	479.450	252.450	276.950	none	0.500	none	0.500	0	11	78.750	325.575
62	0	8	7	479.450	589.150	252.450	325.450	0.500	0.500	0.500	none	0	11	78.750	325.575
62	0	9	0	57.850	143.750	276.950	301.200	none	0.500	0.500	0.500	0	11	78.750	325.575
62	0	9	1	143.750	205.300	276.950	301.200	none	0.500	none	0.500	0	11	78.750	325.575
62	0	9	2	205.300	260.050	276.950	301.200	none	0.500	none	0.500	0	11	78.750	325.575
62	0	9	3	260.050	315.050	276.950	301.200	none	0.500	0.500	0.500	0	11	78.750	325.575
62	0	9	4	315.050	369.850	276.950	301.200	none	0.500	0.500	0.500	0	11	78.750	325.575
62	0	9	5	369.850	424.650	276.950	301.200	none	0.500	none	0.500	0	11	78.750	325.575
62	0	9	6	424.650	479.450	276.950	301.200	none	0.500	none	0.500	0	11	78.750	325.575
62	0	10	0	57.850	143.750	301.200	325.450	none	0.500	0.500	0.500	0	11	78.750	325.575
62	0	10	1	143.750	205.300	301.200	325.450	none	0.500	none	0.500	0	11	78.750	325.575
62	0	10	2	205.300	260.050	301.200	325.450	none	0.500	none	0.500	0	11	78.750	325.575
62	0	10	3	260.050	315.050	301.200	325.450	none	0.500	0.500	0.500	0	11	78.750	325.575
62	0	10	4	315.050	369.850	301.200	325.450	none	0.500	0.500	0.500	0	11	78.750	325.575
62	0	10	5	369.850	424.650	301.200	325.450	none	0.500	none	0.500	0	11	78.750	325.575
62	0	10	6	424.650	479.450	301.200	325.450	none	0.500	none	0.500	0	11	78.750	325.575
64	0	0	0	58.050	247.900	79.000	104.550	0.500	0.500	1.000	0.500	0	35	78.750	612.975
64	0	0	1	247.900	402.800	79.000	104.550	0.500	0.500	none	0.500	0	35	78.750	612.975
64	0	0	2	402.800	553.900	79.000	104.550	0.500	0.500	none	1.000	0	35	78.750	612.975
64	0	1	0	58.050	553.900	104.550	119.500	0.500	0.500	1.000	1.000	0	35	78.750	612.975
64	0	2	0	58.050	247.900	119.500	134.450	none	1.000	1.000	0.500	0	35	78.750	612.975
64	0	2	1	247.900	402.800	119.500	134.450	none	1.000	none	0.500	0	35	78.750	612.975
64	0	2	2	402.800	553.900	119.500	134.450	none	1.000	none	1.000	0	35	78.750	612.975
64	0	3	0	58.050	553.900	134.450	149.400	none	1.000	1.000	1.000	0	35	78.750	612.975
64	0	4	0	58.050	247.900	149.400	164.100	none	0.500	1.000	0.500	0	35	78.750	612.975
64	0	4	1	247.900	402.800	149.400	164.100	none	0.500	none	0.500	0	35	78.750	612.975
64	0	4	2	402.800	553.900	149.400	164.100	none	0.500	none	1.000	0	35	78.750	612.975
64	0	5	0	58.050	247.900	164.100	178.800	none	0.500	1.000	0.500	0	35	78.750	612.975
64	0	5	1	247.900	402.800	164.100	178.800	none	0.500	none	0.500	0	35	78.750	612.975
64	0	5	2	402.800	553.900	164.100	178.800	none	0.500	none	1.000	0	35	78.750	612.975
64	0	6	0	58.050	247.900	178.800	193.500	none	0.500	1.000	0.500	0	35	78.750	612.975
64	0	6	1	247.900	402.800	178.800	193.500	none	0.500	none	0.500	0	35	78.750	612.975
64	0	6	2	402.800	553.900	178.800	193.500	none	0.500	none	1.000	0	35	78.750	612.975
64	0	7	0	58.050	247.900	193.500	208.200	none	0.500	1.000	0.500	0	35	78.750	612.975
64	0	7	1	247.900	402.800	193.500	208.200	none	0.500	none	0.500	0	35	78.750	612.975
64	0	7	2	402.800	553.900	193.500	208.200	none	0.500	none	1.000	0	35	78.750	612.975
64	0	8	0	58.050	247.900	208.200	222.900	none	0.500	1.000	0.500	0	35	78.750	612.975
64	0	8	1	247.900	402.800	208.200	222.900	none	0.500	none	0.500	0	35	78.750	612.975
64	0	8	2	402.800	553.900	208.200	222.900	none	0.500	none	1.000	0	35	78.750	612.975
64	0	9	0	58.050	247.900	222.900	237.600	none	0.500	1.000	0.500	0	35	78.750	612.975
64	0	9	1	247.900	402.800	222.900	237.600	none	0.500	none	0.500	0	35	78.750	612.975
64	0	9	2	402.800	553.900	222.900	237.600	none	0.500	none	1.000	0	35	78.750	612.975
64	0	10	0	58.050	247.900	237.600	252.300	none	0.500	1.000	0.500	0	35	78.750	612.975
64	0	10	1	247.900	402.800	237.600	252.300	none	0.500	none	0.500	0	35	78.750	612.975
64	0	10	2	402.800	553.900	237.600	252.300	none	0.500	none	1.000	0	35	78.750	612.975
64	0	11	0	58.050	247.900	252.300	267.000	none	0.500	1.000	0.500	0	35	78.750	612.975
64	0	11	1	247.900	402.800	252.300	267.000	none	0.500	none	0.500	0	35	78.750	612.975
64	0	11	2	402.800	553.900	252.300	267.000	none	0.500	none	1.000	0	35	78.750	612.975
64	0	12	0	58.050	247.900	267.000	287.950	none	0.500	1.000	0.500	0	35	78.750	612.975
64	0	12	1	247.900	402.800	267.000	287.950	none	0.500	none	0.500	0	35	78.750	612.975
64	0	12	2	402.800	553.900	267.000	287.950	none	0.500	none	1.000	0	35	78.750	612.975
64	0	13	0	58.050	247.900	287.950	302.650	none	0.500	1.000	0.500	0	35	78.750	612.975
64	0	13	1	247.900	402.800	287.950	302.650	none	0.500	none	0.500	0	35	78.750	612.975
64	0	13	2	402.800	553.900	287.950	302.650	none	0.500	none	1.000	0	35	78.750	612.975
64	0	14	0	58.050	247.900	302.650	317.350	none	0.500	1.000	0.500	0	35	78.750	612.975
64	0	14	1	247.900	402.800	302.650	317.350	none	0.500	none	0.500	0	35	78.750	612.975
64	0	14	2	402.800	553.900	302.650	317.350	none	0.500	none	1.000	0	35	78.750	612.975
64	0	15	0	58.050	247.900	317.350	332.050	none	0.500	1.000	0.500	0	35	78.750	612.975
64	0	15	1	247.900	402.800	317.350	332.050	none	0.500	none	0.500	0	35	78.750	612.975
64	0	15	2	402.800	553.900	317.350	332.050	none	0.500	none	1.000	0	35	78.750	612.975
64	0	16	0	58.050	247.900	332.050	347.250	0.500	1.000	1.000	0.500	0	35	78.750	612.975
64	0	16	1	247.900	402.800	332.050	347.250	0.500	1.000	none	0.500	0	35	78.750	612.975
64	0	16	2	402.800	553.900	332.050	347.250	0.500	1.000	none	1.000	0	35	78.750	612.975
64	0	17	0	58.050	553.900	347.250	362.200	none	1.000	1.000	1.000	0	35	78.750	612.975
64	0	18	0	58.050	247.900	362.200	376.900	none	0.500	1.000	0.500	0	35	78.750	612.975
64	0	18	1	247.900	402.800	362.200	376.900	none	0.500	none	0.500	0	35	78.750	612.975
64	0	18	2	402.800	553.900	362.200	376.900	none	0.500	none	1.000	0	35	78.750	612.975
64	0	19	0	58.050	247.900	376.900	391.600	none	0.500	1.000	0.500	0	35	78.750	612.975
64	0	19	1	247.900	402.800	376.900	391.600	none	0.500	none	0.500	0	35	78.750	612.975
64	0	19	2	402.800	553.900	376.900	391.600	none	0.500	none	1.000	0	35	78.750	612.975
64	0	20	0	58.050	247.900	391.600	406.300	none	0.500	1.000	0.500	0	35	78.750	612.975
64	0	20	1	247.900	402.800	391.600	406.300	none	0.500	none	0.500	0	35	78.750	612.975
64	0	20	2	402.800	553.900	391.600	406.300	none	0.500	none	1.000	0	35	78.750	612.975
64	0	21	0	58.050	247.900	406.300	421.000	none	0.500	1.000	0.500	0	35	78.750	612.975
64	0	21	1	247.900	402.800	406.300	421.000	none	0.500	none	0.500	0	35	78.750	612.975
64	0	21	2	402.800	553.900	406.300	421.000	none	0.500	none	1.000	0	35	78.750	612.975
64	0	22	0	58.050	247.900	421.000	435.700	none	0.500	1.000	0.500	0	35	78.750	612.975
64	0	22	1	247.900	402.800	421.000	435.700	none	0.500	none	0.500	0	35	78.750	612.975
64	0	22	2	402.800	553.900	421.000	435.700	none	0.500	none	1.000	0	35	78.750	612.975
64	0	23	0	58.050	247.900	435.700	450.400	none	0.500	1.000	0.500	0	35	78.750	612.975
64	0	23	1	247.900	402.800	435.700	450.400	none	0.500	none	0.500	0	35	78.750	612.975
64	0	23	2	402.800	553.900	435.700	450.400	none	0.500	none	1.000	0	35	78.750	612.975
64	0	24	0	58.050	247.900	450.400	465.100	none	0.500	1.000	0.500	0	35	78.750	612.975
64	0	24	1	247.900	402.800	450.400	465.100	none	0.500	none	0.500	0	35	78.750	612.975
64	0	24	2	402.800	553.900	450.400	465.100	none	0.500	none	1.000	0	35	78.750	612.975
64	0	25	0	58.050	247.900	465.100	479.800	none	0.500	1.000	0.500	0	35	78.750	612.975
64	0	25	1	247.900	402.800	465.100	479.800	none	0.500	none	0.500	0	35	78.750	612.975
64	0	25	2	402.800	553.900	465.100	479.800	none	0.500	none	1.000	0	35	78.750	612.975
64	0	26	0	58.050	247.900	479.800	494.500	none	0.500	1.000	0.500	0	35	78.750	612.975
64	0	26	1	247.900	402.800	479.800	494.500	none	0.500	none	0.500	0	35	78.750	612.975
64	0	26	2	402.800	553.900	479.800	494.500	none	0.500	none	1.000	0	35	78.750	612.975
64	0	27	0	58.050	247.900	494.500	509.200	none	0.500	1.000	0.500	0	35	78.750	612.975
64	0	27	1	247.900	402.800	494.500	509.200	none	0.500	none	0.500	0	35	78.750	612.975
64	0	27	2	402.800	553.900	494.500	509.200	none	0.500	none	1.000	0	35	78.750	612.975
64	0	28	0	58.050	247.900	509.200	523.900	none	0.500	1.000	0.500	0	35	78.750	612.975
64	0	28	1	247.900	402.800	509.200	523.900	none	0.500	none	0.500	0	35	78.750	612.975
64	0	28	2	402.800	553.900	509.200	523.900	none	0.500	none	1.000	0	35	78.750	612.975
64	0	29	0	58.050	247.900	523.900	538.600	none	0.500	1.000	0.500	0	35	78.750	612.975
64	0	29	1	247.900	402.800	523.900	538.600	none	0.500	none	0.500	0	35	78.750	612.975
64	0	29	2	402.800	553.900	523.900	538.600	none	0.500	none	1.000	0	35	78.750	612.975
64	0	30	0	58.050	247.900	538.600	553.300	none	0.500	1.000	0.500	0	35	78.750	612.975
64	0	30	1	247.900	402.800	538.600	553.300	none	0.500	none	0.500	0	35	78.750	612.975
64	0	30	2	402.800	553.900	538.600	553.300	none	0.500	none	1.000	0	35	78.750	612.975
64	0	31	0	58.050	247.900	553.300	568.000	none	0.500	1.000	0.500	0	35	78.750	612.975
64	0	31	1	247.900	402.800	553.300	568.000	none	0.500	none	0.500	0	35	78.750	612.975
64	0	31	2	402.800	553.900	553.300	568.000	none	0.500	none	1.000	0	35	78.750	612.975
64	0	32	0	58.050	247.900	568.000	582.700	none	0.500	1.000	0.500	0	35	78.750	612.975
64	0	32	1	247.900	402.800	568.000	582.700	none	0.500	none	0.500	0	35	78.750	612.975
64	0	32	2	402.800	553.900	568.000	582.700	none	0.500	none	1.000	0	35	78.750	612.975
64	0	33	0	58.050	247.900	582.700	597.400	none	0.500	1.000	0.500	0	35	78.750	612.975
64	0	33	1	247.900	402.800	582.700	597.400	none	0.500	none	0.500	0	35	78.750	612.975
64	0	33	2	402.800	553.900	582.700	597.400	none	0.500	none	1.000	0	35	78.750	612.975
64	0	34	0	58.050	247.900	597.400	612.600	0.500	1.000	1.000	0.500	0	35	78.750	612.975
64	0	34	1	247.900	402.800	597.400	612.600	0.500	1.000	none	0.500	0	35	78.750	612.975
64	0	34	2	402.800	553.900	597.400	612.600	0.500	1.000	none	1.000	0	35	78.750	612.975
65	0	0	0	57.600	249.550	79.125	136.625	0.750	0.750	0.750	0.750	0	9	78.750	395.400
65	0	0	1	249.550	554.400	79.125	100.725	0.750	0.750	0.750	0.750	0	9	78.750	395.400
65	0	1	1	249.550	325.850	100.725	136.625	0.750	0.750	0.750	0.750	0	9	78.750	395.400
65	0	1	2	325.850	403.600	100.725	136.625	0.750	0.750	0.750	0.750	0	9	78.750	395.400
65	0	1	3	403.600	481.350	100.725	136.625	0.750	0.750	0.750	0.750	0	9	78.750	395.400
65	0	1	4	481.350	554.400	100.725	136.625	0.750	0.750	0.750	0.750	0	9	78.750	395.400
65	0	2	0	57.600	249.550	136.625	171.575	0.750	0.750	0.750	0.750	0	9	78.750	395.400
65	0	2	1	249.550	325.850	136.625	171.575	0.750	0.750	0.750	0.750	0	9	78.750	395.400
65	0	2	2	325.850	403.600	136.625	171.575	0.750	0.750	0.750	0.750	0	9	78.750	395.400
65	0	2	3	403.600	481.350	136.625	171.575	0.750	0.750	0.750	0.750	0	9	78.750	395.400
65	0	2	4	481.350	554.400	136.625	395.025	0.750	0.750	0.750	0.750	0	9	78.750	395.400
65	0	3	0	57.600	249.550	171.575	206.925	0.750	0.750	0.750	0.750	0	9	78.750	395.400
65	0	3	1	249.550	325.850	171.575	206.925	0.750	0.750	0.750	0.750	0	9	78.750	395.400
65	0	3	2	325.850	403.600	171.575	206.925	0.750	0.750	0.750	0.750	0	9	78.750	395.400
65	0	3	3	403.600	481.350	171.575	206.925	0.750	0.750	0.750	0.750	0	9	78.750	395.400
65	0	4	0	57.600	249.550	206.925	250.175	0.750	0.750	0.750	0.750	0	9	78.750	395.400
65	0	4	1	249.550	325.850	206.925	250.175	0.750	0.750	0.750	0.750	0	9	78.750	395.400
65	0	4	2	325.850	403.600	206.925	250.175	0.750	0.750	0.750	0.750	0	9	78.750	395.400
65	0	4	3	403.600	481.350	206.925	250.175	0.750	0.750	0.750	0.750	0	9	78.750	395.400
65	0	5	0	57.600	249.550	250.175	289.775	0.750	0.750	0.750	0.750	0	9	78.750	395.400
65	0	5	1	249.550	325.850	250.175	289.775	0.750	0.750	0.750	0.750	0	9	78.750	395.400
65	0	5	2	325.850	481.350	250.175	289.775	0.750	0.750	0.750	none	0	9	78.750	395.400
65	0	6	0	57.600	249.550	289.775	323.875	0.750	0.750	0.750	0.750	0	9	78.750	395.400
65	0	6	1	249.550	325.850	289.775	323.875	0.750	0.750	0.750	0.750	0	9	78.750	395.400
65	0	6	2	325.850	403.600	289.775	323.875	0.750	0.750	0.750	0.750	0	9	78.750	395.400
65	0	6	3	403.600	481.350	289.775	323.875	0.750	0.750	0.750	0.500	0	9	78.750	395.400
65	0	7	0	57.600	249.550	323.875	359.175	0.750	0.750	0.750	0.750	0	9	78.750	395.400
65	0	7	1	249.550	325.850	323.875	359.175	0.750	0.750	0.750	0.750	0	9	78.750	395.400
65	0	7	2	325.850	481.350	323.875	359.175	0.750	0.750	0.750	none	0	9	78.750	395.400
65	0	8	0	57.600	249.550	359.175	395.025	0.750	0.750	0.750	0.750	0	9	78.750	395.400
65	0	8	1	249.550	325.850	359.175	395.025	0.750	0.750	0.750	0.750	0	9	78.750	395.400
65	0	8	2	325.850	403.600	359.175	395.025	0.750	0.750	0.750	0.750	0	9	78.750	395.400
65	0	8	3	403.600	481.350	359.175	395.025	0.750	0.750	0.750	0.500	0	9	78.750	395.400
66	0	0	0	57.600	236.150	94.275	145.275	0.750	0.750	0.750	0.750	0	15	93.900	650.300
66	0	0	1	236.150	554.400	94.275	111.275	0.750	0.750	0.750	0.750	0	15	93.900	650.300
66	0	1	1	236.150	298.300	111.275	145.275	0.750	0.750	0.750	0.750	0	15	93.900	650.300
66	0	1	2	298.300	363.150	111.275	145.275	0.750	0.750	0.750	0.750	0	15	93.900	650.300
66	0	1	3	363.150	430.900	111.275	145.275	0.750	0.750	0.750	0.750	0	15	93.900	650.300
66	0	1	4	430.900	493.800	111.275	145.275	0.750	0.750	0.750	0.750	0	15	93.900	650.300
66	0	1	5	493.800	554.400	111.275	145.275	0.750	0.750	0.750	0.750	0	15	93.900	650.300
66	0	2	0	57.600	236.150	145.275	181.475	0.750	0.750	0.750	0.750	0	15	93.900	650.300
66	0	2	1	236.150	298.300	145.275	181.475	0.750	0.750	0.750	0.750	0	15	93.900	650.300
66	0	2	2	298.300	363.150	145.275	181.475	0.750	0.750	0.750	0.750	0	15	93.900	650.300
66	0	2	3	363.150	430.900	145.275	181.475	0.750	0.750	0.750	0.750	0	15	93.900	650.300
66	0	2	4	430.900	493.800	145.275	181.475	0.750	0.750	0.750	0.750	0	15	93.900	650.300
66	0	2	5	493.800	554.400	145.275	181.475	0.750	0.750	0.750	0.750	0	15	93.900	650.300
66	0	3	0	57.600	236.150	181.475	217.675	0.750	0.750	0.750	0.750	0	15	93.900	650.300
66	0	3	1	236.150	298.300	181.475	217.675	0.750	0.750	0.750	0.750	0	15	93.900	650.300
66	0	3	2	298.300	363.150	181.475	217.675	0.750	0.750	0.750	0.750	0	15	93.900	650.300
66	0	3	3	363.150	430.900	181.475	217.675	0.500	0.500	0.750	0.750	0	15	93.900	650.300
66	0	3	4	430.900	493.800	181.475	217.675	0.750	0.750	0.750	0.750	0	15	93.900	650.300
66	0	3	5	493.800	554.400	181.475	217.675	0.750	none	0.750	0.750	0	15	93.900	650.300
66	0	4	0	57.600	236.150	217.675	258.675	0.750	0.750	0.750	0.750	0	15	93.900	650.300
66	0	4	1	236.150	298.300	217.675	258.675	0.750	0.750	0.750	0.750	0	15	93.900	650.300
66	0	4	2	298.300	363.150	217.675	258.675	0.750	0.750	0.750	0.750	0	15	93.900	650.300
66	0	4	3	363.150	430.900	217.675	258.675	0.750	0.750	0.750	0.750	0	15	93.900	650.300
66	0	4	4	430.900	554.400	217.675	459.325	none	0.750	0.750	0.750	0	15	93.900	650.300
66	0	5	0	57.600	236.150	258.675	294.875	0.750	0.750	0.750	0.750	0	15	93.900	650.300
66	0	5	1	236.150	298.300	258.675	294.875	0.750	0.750	0.750	0.750	0	15	93.900	650.300
66	0	5	2	298.300	430.900	258.675	294.875	0.750	0.750	0.750	none	0	15	93.900	650.300
66	0	6	0	57.600	236.150	294.875	331.075	0.750	0.750	0.750	0.750	0	15	93.900	650.300
66	0	6	1	236.150	298.300	294.875	331.075	0.750	0.750	0.750	0.750	0	15	93.900	650.300
66	0	6	2	298.300	363.150	294.875	331.075	0.750	0.750	0.750	0.750	0	15	93.900	650.300
66	0	6	3	363.150	430.900	294.875	331.075	0.750	0.750	0.750	0.750	0	15	93.900	650.300
66	0	7	0	57.600	236.150	331.075	367.275	0.750	0.750	0.750	0.750	0	15	93.900	650.300
66	0	7	1	236.150	298.300	331.075	367.275	0.750	0.750	0.750	0.750	0	15	93.900	650.300
66	0	7	2	298.300	430.900	331.075	367.275	0.750	none	0.750	none	0	15	93.900	650.300
66	0	8	0	57.600	236.150	367.275	419.475	0.750	0.750	0.750	0.750	0	15	93.900	650.300
66	0	8	1	236.150	298.300	367.275	419.475	0.750	0.750	0.750	0.750	0	15	93.900	650.300
66	0	8	2	298.300	363.150	367.275	419.475	0.750	0.750	0.750	none	0	15	93.900	650.300
66	0	8	3	363.150	430.900	367.275	419.475	none	none	0.750	none	0	15	93.900	650.300
66	0	9	0	57.600	236.150	419.475	459.325	0.750	0.750	0.750	0.750	0	15	93.900	650.300
66	0	9	1	236.150	298.300	419.475	459.325	0.750	0.750	0.750	0.750	0	15	93.900	650.300
66	0	9	2	298.300	430.900	419.475	459.325	none	0.750	0.750	none	0	15	93.900	650.300
66	0	10	0	57.600	236.150	459.325	495.525	0.750	0.750	0.750	0.750	0	15	93.900	650.300
66	0	10	1	236.150	298.300	459.325	495.525	0.750	0.750	0.750	0.750	0	15	93.900	650.300
66	0	10	2	298.300	363.150	459.325	495.525	0.750	0.750	0.750	0.750	0	15	93.900	650.300
66	0	10	3	363.150	430.900	459.325	495.525	0.750	0.750	0.750	0.750	0	15	93.900	650.300
66	0	10	4	430.900	493.800	459.325	495.525	0.750	0.750	0.750	0.750	0	15	93.900	650.300
66	0	10	5	493.800	554.400	459.325	495.525	0.750	0.750	0.750	0.750	0	15	93.900	650.300
66	0	11	0	57.600	236.150	495.525	531.725	0.750	0.750	0.750	0.750	0	15	93.900	650.300
66	0	11	1	236.150	298.300	495.525	531.725	0.750	0.750	0.750	0.750	0	15	93.900	650.300
66	0	11	2	298.300	363.150	495.525	531.725	0.750	0.750	0.750	0.750	0	15	93.900	650.300
66	0	11	3	363.150	430.900	495.525	531.725	0.750	0.750	0.750	0.750	0	15	93.900	650.300
66	0	11	4	430.900	493.800	495.525	531.725	0.750	0.750	0.750	0.750	0	15	93.900	650.300
66	0	11	5	493.800	554.400	495.525	531.725	0.750	none	0.750	0.750	0	15	93.900	650.300
66	0	12	0	57.600	236.150	531.725	572.725	0.750	0.750	0.750	0.750	0	15	93.900	650.300
66	0	12	1	236.150	298.300	531.725	572.725	0.750	0.750	0.750	0.750	0	15	93.900	650.300
66	0	12	2	298.300	363.150	531.725	572.725	0.750	0.750	0.750	0.750	0	15	93.900	650.300
66	0	12	3	363.150	430.900	531.725	572.725	0.750	0.750	0.750	0.750	0	15	93.900	650.300
66	0	12	4	430.900	493.800	531.725	572.725	none	none	0.750	none	0	15	93.900	650.300
66	0	12	5	493.800	554.400	531.725	572.725	none	none	none	0.750	0	15	93.900	650.300
66	0	13	0	57.600	236.150	572.725	613.725	0.750	0.750	0.750	0.750	0	15	93.900	650.300
66	0	13	1	236.150	298.300	572.725	613.725	0.750	0.750	0.750	0.750	0	15	93.900	650.300
66	0	13	2	298.300	554.400	572.725	649.925	none	0.750	0.750	0.750	0	15	93.900	650.300
66	0	14	0	57.600	236.150	613.725	649.925	0.750	0.750	0.750	0.750	0	15	93.900	650.300
66	0	14	1	236.150	298.300	613.725	649.925	0.750	0.750	0.750	0.750	0	15	93.900	650.300
68	0	0	0	57.600	234.900	94.275	150.825	0.750	0.750	0.750	0.750	0	15	93.900	642.250
68	0	0	1	234.900	554.400	94.275	111.275	0.750	0.750	0.750	0.750	0	15	93.900	642.250
68	0	1	1	234.900	296.450	111.275	150.825	0.750	0.750	0.750	0.750	0	15	93.900	642.250
68	0	1	2	296.450	361.800	111.275	150.825	0.750	0.750	0.750	0.750	0	15	93.900	642.250
68	0	1	3	361.800	427.350	111.275	150.825	0.750	0.750	0.750	0.750	0	15	93.900	642.250
68	0	1	4	427.350	492.500	111.275	150.825	0.750	0.750	0.750	0.750	0	15	93.900	642.250
68	0	1	5	492.500	554.400	111.275	150.825	0.750	0.750	0.750	0.750	0	15	93.900	642.250
68	0	2	0	57.600	234.900	150.825	185.575	0.750	0.750	0.750	0.750	0	15	93.900	642.250
68	0	2	1	234.900	296.450	150.825	185.575	0.750	0.750	0.750	0.750	0	15	93.900	642.250
68	0	2	2	296.450	361.800	150.825	185.575	0.750	0.750	0.750	0.750	0	15	93.900	642.250
68	0	2	3	361.800	427.350	150.825	185.575	0.750	0.750	0.750	0.750	0	15	93.900	642.250
68	0	2	4	427.350	492.500	150.825	185.575	0.750	0.750	0.750	0.750	0	15	93.900	642.250
68	0	2	5	492.500	554.400	150.825	185.575	0.750	0.750	0.750	0.750	0	15	93.900	642.250
68	0	3	0	57.600	234.900	185.575	220.325	0.750	0.750	0.750	0.750	0	15	93.900	642.250
68	0	3	1	234.900	296.450	185.575	220.325	0.750	0.750	0.750	0.750	0	15	93.900	642.250
68	0	3	2	296.450	361.800	185.575	220.325	0.750	0.750	0.750	0.750	0	15	93.900	642.250
68	0	3	3	361.800	427.350	185.575	220.325	0.500	0.500	0.750	0.750	0	15	93.900	642.250
68	0	3	4	427.350	492.500	185.575	220.325	0.750	0.750	0.750	0.750	0	15	93.900	642.250
68	0	3	5	492.500	554.400	185.575	220.325	0.750	none	0.750	0.750	0	15	93.900	642.250
68	0	4	0	57.600	234.900	220.325	261.325	0.750	0.750	0.750	0.750	0	15	93.900	642.250
68	0	4	1	234.900	296.450	220.325	261.325	0.750	0.750	0.750	0.750	0	15	93.900	642.250
68	0	4	2	296.450	361.800	220.325	261.325	0.750	0.750	0.750	0.750	0	15	93.900	642.250
68	0	4	3	361.800	427.350	220.325	261.325	0.750	0.750	0.750	0.750	0	15	93.900	642.250
68	0	4	4	427.350	554.400	220.325	455.625	none	none	0.750	0.750	0	15	93.900	642.250
68	0	5	0	57.600	234.900	261.325	296.075	0.750	0.750	0.750	0.750	0	15	93.900	642.250
68	0	5	1	234.900	296.450	261.325	296.075	0.750	0.750	0.750	0.750	0	15	93.900	642.250
68	0	5	2	296.450	427.350	261.325	296.075	0.750	0.750	0.750	none	0	15	93.900	642.250
68	0	6	0	57.600	234.900	296.075	330.825	0.750	0.750	0.750	0.750	0	15	93.900	642.250
68	0	6	1	234.900	296.450	296.075	330.825	0.750	0.750	0.750	0.750	0	15	93.900	642.250
68	0	6	2	296.450	361.800	296.075	330.825	0.750	0.750	0.750	0.750	0	15	93.900	642.250
68	0	6	3	361.800	427.350	296.075	330.825	0.750	0.750	0.750	0.750	0	15	93.900	642.250
68	0	7	0	57.600	234.900	330.825	365.575	0.750	0.750	0.750	0.750	0	15	93.900	642.250
68	0	7	1	234.900	296.450	330.825	365.575	0.750	0.750	0.750	0.750	0	15	93.900	642.250
68	0	7	2	296.450	427.350	330.825	365.575	0.750	none	0.750	none	0	15	93.900	642.250
68	0	8	0	57.600	234.900	365.575	415.775	0.750	0.750	0.750	0.750	0	15	93.900	642.250
68	0	8	1	234.900	296.450	365.575	415.775	0.750	0.750	0.750	0.750	0	15	93.900	642.250
68	0	8	2	296.450	361.800	365.575	415.775	0.750	0.750	0.750	none	0	15	93.900	642.250
68	0	8	3	361.800	427.350	365.575	415.775	none	none	0.750	none	0	15	93.900	642.250
68	0	9	0	57.600	234.900	415.775	455.625	0.750	0.750	0.750	0.750	0	15	93.900	642.250
68	0	9	1	234.900	296.450	415.775	455.625	0.750	0.750	0.750	0.750	0	15	93.900	642.250
68	0	9	2	296.450	427.350	415.775	455.625	none	0.750	0.750	none	0	15	93.900	642.250
68	0	10	0	57.600	234.900	455.625	490.375	0.750	0.750	0.750	0.750	0	15	93.900	642.250
68	0	10	1	234.900	296.450	455.625	490.375	0.750	0.750	0.750	0.750	0	15	93.900	642.250
68	0	10	2	296.450	361.800	455.625	490.375	0.750	0.750	0.750	0.750	0	15	93.900	642.250
68	0	10	3	361.800	427.350	455.625	490.375	0.750	0.750	0.750	0.750	0	15	93.900	642.250
68	0	10	4	427.350	492.500	455.625	490.375	0.750	0.750	0.750	0.750	0	15	93.900	642.250
68	0	10	5	492.500	554.400	455.625	490.375	none	none	0.750	0.750	0	15	93.900	642.250
68	0	11	0	57.600	234.900	490.375	525.125	0.750	0.750	0.750	0.750	0	15	93.900	642.250
68	0	11	1	234.900	296.450	490.375	525.125	0.750	0.750	0.750	0.750	0	15	93.900	642.250
68	0	11	2	296.450	361.800	490.375	525.125	0.750	0.750	0.750	0.750	0	15	93.900	642.250
68	0	11	3	361.800	427.350	490.375	525.125	0.750	0.750	0.750	0.750	0	15	93.900	642.250
68	0	11	4	427.350	492.500	490.375	525.125	0.750	0.750	0.750	0.750	0	15	93.900	642.250
68	0	11	5	492.500	554.400	490.375	525.125	none	none	0.750	0.750	0	15	93.900	642.250
68	0	12	0	57.600	234.900	525.125	566.125	0.750	0.750	0.750	0.750	0	15	93.900	642.250
68	0	12	1	234.900	296.450	525.125	566.125	0.750	0.750	0.750	0.750	0	15	93.900	642.250
68	0	12	2	296.450	361.800	525.125	566.125	0.750	0.750	0.750	0.750	0	15	93.900	642.250
68	0	12	3	361.800	427.350	525.125	566.125	0.750	0.750	0.750	0.750	0	15	93.900	642.250
68	0	12	4	427.350	492.500	525.125	566.125	none	none	0.750	none	0	15	93.900	642.250
68	0	12	5	492.500	554.400	525.125	566.125	none	none	none	0.750	0	15	93.900	642.250
68	0	13	0	57.600	234.900	566.125	607.125	0.750	0.750	0.750	0.750	0	15	93.900	642.250
68	0	13	1	234.900	296.450	566.125	607.125	0.750	0.750	0.750	0.750	0	15	93.900	642.250
68	0	13	2	296.450	554.400	566.125	641.875	none	0.750	0.750	0.750	0	15	93.900	642.250
68	0	14	0	57.600	234.900	607.125	641.875	0.750	0.750	0.750	0.750	0	15	93.900	642.250
68	0	14	1	234.900	296.450	607.125	641.875	0.750	0.750	0.750	0.750	0	15	93.900	642.250
71	0	0	0	52.000	740.000	78.700	371.600	none	none	none	none	0	1	78.700	371.600
71	0	0	0	60.850	313.250	80.350	103.950	1.000	1.000	1.000	1.000	0	13	79.850	371.600
71	0	0	4	313.250	521.450	80.350	103.950	1.000	1.000	1.000	1.000	0	13	79.850	371.600
71	0	0	6	521.450	729.650	80.350	103.950	1.000	1.000	1.000	1.000	0	13	79.850	371.600
71	0	1	0	60.850	182.750	103.950	129.100	1.000	1.000	1.000	1.000	0	13	79.850	371.600
71	0	1	2	182.750	313.250	103.950	129.100	1.000	1.000	1.000	1.000	0	13	79.850	371.600
71	0	1	4	313.250	417.350	103.950	129.100	1.000	1.000	1.000	1.000	0	13	79.850	371.600
71	0	1	5	417.350	521.450	103.950	129.100	1.000	1.000	1.000	1.000	0	13	79.850	371.600
71	0	1	6	521.450	625.550	103.950	129.100	1.000	1.000	1.000	1.000	0	13	79.850	371.600
71	0	1	7	625.550	729.650	103.950	129.100	1.000	1.000	1.000	1.000	0	13	79.850	371.600
71	0	2	0	60.850	92.600	129.100	151.100	1.000	1.000	1.000	1.000	0	13	79.850	371.600
71	0	2	1	92.600	182.750	129.100	151.100	1.000	1.000	1.000	1.000	0	13	79.850	371.600
71	0	2	2	182.750	223.250	129.100	151.100	1.000	1.000	1.000	1.000	0	13	79.850	371.600
71	0	2	3	223.250	313.250	129.100	151.100	1.000	1.000	1.000	1.000	0	13	79.850	371.600
71	0	2	4	313.250	417.350	129.100	151.100	1.000	1.000	1.000	1.000	0	13	79.850	371.600
71	0	2	5	417.350	521.450	129.100	151.100	1.000	1.000	1.000	1.000	0	13	79.850	371.600
71	0	2	6	521.450	625.550	129.100	151.100	1.000	1.000	1.000	1.000	0	13	79.850	371.600
71	0	2	7	625.550	729.650	129.100	151.100	1.000	1.000	1.000	1.000	0	13	79.850	371.600
71	0	3	0	60.850	92.600	151.100	173.100	1.000	1.000	1.000	1.000	0	13	79.850	371.600
71	0	3	1	92.600	182.750	151.100	173.100	1.000	1.000	1.000	1.000	0	13	79.850	371.600
71	0	3	2	182.750	223.250	151.100	173.100	1.000	1.000	1.000	1.000	0	13	79.850	371.600
71	0	3	3	223.250	313.250	151.100	173.100	1.000	1.000	1.000	1.000	0	13	79.850	371.600
71	0	3	4	313.250	417.350	151.100	173.100	1.000	1.000	1.000	1.000	0	13	79.850	371.600
71	0	3	5	417.350	521.450	151.100	173.100	1.000	1.000	1.000	1.000	0	13	79.850	371.600
71	0	3	6	521.450	625.550	151.100	173.100	1.000	1.000	1.000	1.000	0	13	79.850	371.600
71	0	3	7	625.550	729.650	151.100	173.100	1.000	1.000	1.000	1.000	0	13	79.850	371.600
71	0	4	0	60.850	92.600	173.100	195.100	1.000	1.000	1.000	1.000	0	13	79.850	371.600
71	0	4	1	92.600	182.750	173.100	195.100	1.000	1.000	1.000	1.000	0	13	79.850	371.600
71	0	4	2	182.750	223.250	173.100	195.100	1.000	1.000	1.000	1.000	0	13	79.850	371.600
71	0	4	3	223.250	313.250	173.100	195.100	1.000	1.000	1.000	1.000	0	13	79.850	371.600
71	0	4	4	313.250	417.350	173.100	195.100	1.000	1.000	1.000	1.000	0	13	79.850	371.600
71	0	4	5	417.350	521.450	173.100	195.100	1.000	1.000	1.000	1.000	0	13	79.850	371.600
71	0	4	6	521.450	625.550	173.100	195.100	1.000	1.000	1.000	1.000	0	13	79.850	371.600
71	0	4	7	625.550	729.650	173.100	195.100	1.000	1.000	1.000	1.000	0	13	79.850	371.600
71	0	5	0	60.850	92.600	195.100	217.100	1.000	1.000	1.000	1.000	0	13	79.850	371.600
71	0	5	1	92.600	182.750	195.100	217.100	1.000	1.000	1.000	1.000	0	13	79.850	371.600
71	0	5	2	182.750	223.250	195.100	217.100	1.000	1.000	1.000	1.000	0	13	79.850	371.600
71	0	5	3	223.250	313.250	195.100	217.100	1.000	1.000	1.000	1.000	0	13	79.850	371.600
71	0	5	4	313.250	417.350	195.100	217.100	1.000	1.000	1.000	1.000	0	13	79.850	371.600
71	0	5	5	417.350	521.450	195.100	217.100	1.000	1.000	1.000	1.000	0	13	79.850	371.600
71	0	5	6	521.450	625.550	195.100	217.100	1.000	1.000	1.000	1.000	0	13	79.850	371.600
71	0	5	7	625.550	729.650	195.100	217.100	1.000	1.000	1.000	1.000	0	13	79.850	371.600
71	0	6	0	60.850	92.600	217.100	239.100	1.000	1.000	1.000	1.000	0	13	79.850	371.600
71	0	6	1	92.600	182.750	217.100	239.100	1.000	1.000	1.000	1.000	0	13	79.850	371.600
71	0	6	2	182.750	223.250	217.100	239.100	1.000	1.000	1.000	1.000	0	13	79.850	371.600
71	0	6	3	223.250	313.250	217.100	239.100	1.000	1.000	1.000	1.000	0	13	79.850	371.600
71	0	6	4	313.250	417.350	217.100	239.100	1.000	1.000	1.000	1.000	0	13	79.850	371.600
71	0	6	5	417.350	521.450	217.100	239.100	1.000	1.000	1.000	1.000	0	13	79.850	371.600
71	0	6	6	521.450	625.550	217.100	239.100	1.000	1.000	1.000	1.000	0	13	79.850	371.600
71	0	6	7	625.550	729.650	217.100	239.100	1.000	1.000	1.000	1.000	0	13	79.850	371.600
71	0	7	0	60.850	92.600	239.100	261.100	1.000	1.000	1.000	1.000	0	13	79.850	371.600
71	0	7	1	92.600	182.750	239.100	261.100	1.000	1.000	1.000	1.000	0	13	79.850	371.600
71	0	7	2	182.750	223.250	239.100	261.100	1.000	1.000	1.000	1.000	0	13	79.850	371.600
71	0	7	3	223.250	313.250	239.100	261.100	1.000	1.000	1.000	1.000	0	13	79.850	371.600
71	0	7	4	313.250	417.350	239.100	261.100	1.000	1.000	1.000	1.000	0	13	79.850	371.600
71	0	7	5	417.350	521.450	239.100	261.100	1.000	1.000	1.000	1.000	0	13	79.850	371.600
71	0	7	6	521.450	625.550	239.100	261.100	1.000	1.000	1.000	1.000	0	13	79.850	371.600
71	0	7	7	625.550	729.650	239.100	261.100	1.000	1.000	1.000	1.000	0	13	79.850	371.600
71	0	8	0	60.850	92.600	261.100	283.100	1.000	1.000	1.000	1.000	0	13	79.850	371.600
71	0	8	1	92.600	182.750	261.100	283.100	1.000	1.000	1.000	1.000	0	13	79.850	371.600
71	0	8	2	182.750	223.250	261.100	283.100	1.000	1.000	1.000	1.000	0	13	79.850	371.600
71	0	8	3	223.250	313.250	261.100	283.100	1.000	1.000	1.000	1.000	0	13	79.850	371.600
71	0	8	4	313.250	417.350	261.100	283.100	1.000	1.000	1.000	1.000	0	13	79.850	371.600
71	0	8	5	417.350	521.450	261.100	283.100	1.000	1.000	1.000	1.000	0	13	79.850	371.600
71	0	8	6	521.450	625.550	261.100	283.100	1.000	1.000	1.000	1.000	0	13	79.850	371.600
71	0	8	7	625.550	729.650	261.100	283.100	1.000	1.000	1.000	1.000	0	13	79.850	371.600
71	0	9	0	60.850	92.600	283.100	305.100	1.000	1.000	1.000	1.000	0	13	79.850	371.600
71	0	9	1	92.600	182.750	283.100	305.100	1.000	1.000	1.000	1.000	0	13	79.850	371.600
71	0	9	2	182.750	223.250	283.100	305.100	1.000	1.000	1.000	1.000	0	13	79.850	371.600
71	0	9	3	223.250	313.250	283.100	305.100	1.000	1.000	1.000	1.000	0	13	79.850	371.600
71	0	9	4	313.250	417.350	283.100	305.100	1.000	1.000	1.000	1.000	0	13	79.850	371.600
71	0	9	5	417.350	521.450	283.100	305.100	1.000	1.000	1.000	1.000	0	13	79.850	371.600
71	0	9	6	521.450	625.550	283.100	305.100	1.000	1.000	1.000	1.000	0	13	79.850	371.600
71	0	9	7	625.550	729.650	283.100	305.100	1.000	1.000	1.000	1.000	0	13	79.850	371.600
71	0	10	0	60.850	92.600	305.100	327.100	1.000	1.000	1.000	1.000	0	13	79.850	371.600
71	0	10	1	92.600	182.750	305.100	327.100	1.000	1.000	1.000	1.000	0	13	79.850	371.600
71	0	10	2	182.750	223.250	305.100	327.100	1.000	1.000	1.000	1.000	0	13	79.850	371.600
71	0	10	3	223.250	313.250	305.100	327.100	1.000	1.000	1.000	1.000	0	13	79.850	371.600
71	0	10	4	313.250	417.350	305.100	327.100	1.000	1.000	1.000	1.000	0	13	79.850	371.600
71	0	10	5	417.350	521.450	305.100	327.100	1.000	1.000	1.000	1.000	0	13	79.850	371.600
71	0	10	6	521.450	625.550	305.100	327.100	1.000	1.000	1.000	1.000	0	13	79.850	371.600
71	0	10	7	625.550	729.650	305.100	327.100	1.000	1.000	1.000	1.000	0	13	79.850	371.600
71	0	11	0	60.850	92.600	327.100	349.100	1.000	1.000	1.000	1.000	0	13	79.850	371.600
71	0	11	1	92.600	182.750	327.100	349.100	1.000	1.000	1.000	1.000	0	13	79.850	371.600
71	0	11	2	182.750	223.250	327.100	349.100	1.000	1.000	1.000	1.000	0	13	79.850	371.600
71	0	11	3	223.250	313.250	327.100	349.100	1.000	1.000	1.000	1.000	0	13	79.850	371.600
71	0	11	4	313.250	417.350	327.100	349.100	1.000	1.000	1.000	1.000	0	13	79.850	371.600
71	0	11	5	417.350	521.450	327.100	349.100	1.000	1.000	1.000	1.000	0	13	79.850	371.600
71	0	11	6	521.450	625.550	327.100	349.100	1.000	1.000	1.000	1.000	0	13	79.850	371.600
71	0	11	7	625.550	729.650	327.100	349.100	1.000	1.000	1.000	1.000	0	13	79.850	371.600
71	0	12	0	60.850	92.600	349.100	371.100	1.000	1.000	1.000	1.000	0	13	79.850	371.600
71	0	12	1	92.600	182.750	349.100	371.100	1.000	1.000	1.000	1.000	0	13	79.850	371.600
71	0	12	2	182.750	223.250	349.100	371.100	1.000	1.000	1.000	1.000	0	13	79.850	371.600
71	0	12	3	223.250	313.250	349.100	371.100	1.000	1.000	1.000	1.000	0	13	79.850	371.600
71	0	12	4	313.250	417.350	349.100	371.100	1.000	1.000	1.000	1.000	0	13	79.850	371.600
71	0	12	5	417.350	521.450	349.100	371.100	1.000	1.000	1.000	1.000	0	13	79.850	371.600
71	0	12	6	521.450	625.550	349.100	371.100	1.000	1.000	1.000	1.000	0	13	79.850	371.600
71	0	12	7	625.550	729.650	349.100	371.100	1.000	1.000	1.000	1.000	0	13	79.850	371.600
73	0	0	0	57.600	284.800	101.025	150.625	0.750	0.750	0.750	0.750	0	30	100.650	548.550
73	0	0	1	284.800	334.200	101.025	150.625	0.750	0.750	0.750	0.750	0	30	100.650	548.550
73	0	0	2	334.200	390.650	101.025	150.625	0.750	0.750	0.750	0.750	0	30	100.650	548.550
73	0	0	3	390.650	734.400	101.025	118.725	0.750	0.750	0.750	0.750	0	30	100.650	548.550
73	0	1	3	390.650	457.900	118.725	150.625	0.750	0.750	0.750	0.750	0	30	100.650	548.550
73	0	1	4	457.900	556.450	118.725	137.875	0.750	0.750	0.750	0.750	0	30	100.650	548.550
73	0	1	7	556.450	646.350	118.725	137.875	0.750	0.750	0.750	0.750	0	30	100.650	548.550
73	0	1	9	646.350	734.400	118.725	137.875	0.750	0.750	0.750	0.750	0	30	100.650	548.550
73	0	2	4	457.900	506.100	137.875	150.625	0.750	0.750	0.750	0.750	0	30	100.650	548.550
73	0	2	5	506.100	556.450	137.875	150.625	0.750	0.750	0.750	0.750	0	30	100.650	548.550
73	0	2	7	556.450	601.400	137.875	150.625	0.750	0.750	0.750	0.750	0	30	100.650	548.550
73	0	2	8	601.400	646.350	137.875	150.625	0.750	0.750	0.750	0.750	0	30	100.650	548.550
73	0	2	9	646.350	691.400	137.875	150.625	0.750	0.750	0.750	0.750	0	30	100.650	548.550
73	0	2	10	691.400	734.400	137.875	150.625	0.750	0.750	0.750	0.750	0	30	100.650	548.550
73	0	3	0	57.600	734.400	150.625	165.075	0.750	0.750	0.750	0.750	0	30	100.650	548.550
73	0	4	0	57.600	284.800	165.075	179.525	0.750	0.750	0.750	0.750	0	30	100.650	548.550
73	0	4	1	284.800	334.200	165.075	179.525	0.750	0.750	0.750	0.750	0	30	100.650	548.550
73	0	4	2	334.200	390.650	165.075	179.525	0.750	0.750	0.750	0.750	0	30	100.650	548.550
73	0	4	3	390.650	457.900	165.075	179.525	0.750	0.750	0.750	0.750	0	30	100.650	548.550
73	0	4	4	457.900	506.100	165.075	179.525	0.750	0.750	0.750	0.750	0	30	100.650	548.550
73	0	4	5	506.100	556.450	165.075	179.525	0.750	0.750	0.750	0.750	0	30	100.650	548.550
73	0	4	7	556.450	646.350	165.075	179.525	0.750	0.750	0.750	0.750	0	30	100.650	548.550
73	0	4	9	646.350	691.400	165.075	179.525	0.750	0.750	0.750	0.750	0	30	100.650	548.550
73	0	4	10	691.400	734.400	165.075	179.525	0.750	0.750	0.750	0.750	0	30	100.650	548.550
73	0	5	0	57.600	734.400	179.525	193.975	0.750	0.750	0.750	0.750	0	30	100.650	548.550
73	0	6	0	57.600	284.800	193.975	215.825	0.750	0.750	0.750	0.750	0	30	100.650	548.550
73	0	6	1	284.800	334.200	193.975	215.825	0.750	0.750	0.750	0.750	0	30	100.650	548.550
73	0	6	2	334.200	390.650	193.975	215.825	0.750	0.750	0.750	0.750	0	30	100.650	548.550
73	0	6	3	390.650	457.900	193.975	215.825	0.750	0.750	0.750	0.750	0	30	100.650	548.550
73	0	6	4	457.900	507.200	193.975	215.825	0.750	0.750	0.750	0.750	0	30	100.650	548.550
73	0	6	6	507.200	556.450	193.975	215.825	0.750	0.750	0.750	0.750	0	30	100.650	548.550
73	0	6	7	556.450	646.350	193.975	215.825	0.750	0.750	0.750	0.750	0	30	100.650	548.550
73	0	6	9	646.350	691.400	193.975	215.825	0.750	0.750	0.750	0.750	0	30	100.650	548.550
73	0	6	10	691.400	734.400	193.975	215.825	0.750	0.750	0.750	0.750	0	30	100.650	548.550
73	0	7	0	57.600	734.400	215.825	230.275	0.750	0.750	0.750	0.750	0	30	100.650	548.550
73	0	8	0	57.600	284.800	230.275	244.725	0.750	0.750	0.750	0.750	0	30	100.650	548.550
73	0	8	1	284.800	334.200	230.275	244.725	0.750	0.750	0.750	0.750	0	30	100.650	548.550
73	0	8	2	334.200	390.650	230.275	244.725	0.750	0.750	0.750	0.750	0	30	100.650	548.550
73	0	8	3	390.650	457.900	230.275	244.725	0.750	0.750	0.750	0.750	0	30	100.650	548.550
73	0	8	4	457.900	507.200	230.275	244.725	0.750	0.750	0.750	0.750	0	30	100.650	548.550
73	0	8	6	507.200	556.450	230.275	244.725	0.750	0.750	0.750	0.750	0	30	100.650	548.550
73	0	8	7	556.450	646.350	230.275	244.725	0.750	0.750	0.750	0.750	0	30	100.650	548.550
73	0	8	9	646.350	691.400	230.275	244.725	0.750	0.750	0.750	0.750	0	30	100.650	548.550
73	0	8	10	691.400	734.400	230.275	244.725	0.750	0.750	0.750	0.750	0	30	100.650	548.550
73	0	9	0	57.600	734.400	244.725	259.175	0.750	0.750	0.750	0.750	0	30	100.650	548.550
73	0	10	0	57.600	284.800	259.175	273.625	0.750	0.750	0.750	0.750	0	30	100.650	548.550
73	0	10	1	284.800	334.200	259.175	273.625	0.750	0.750	0.750	0.750	0	30	100.650	548.550
73	0	10	2	334.200	390.650	259.175	273.625	0.750	0.750	0.750	0.750	0	30	100.650	548.550
73	0	10	3	390.650	457.900	259.175	273.625	0.750	0.750	0.750	0.750	0	30	100.650	548.550
73	0	10	4	457.900	506.100	259.175	273.625	0.750	0.750	0.750	0.750	0	30	100.650	548.550
73	0	10	5	506.100	556.450	259.175	273.625	0.750	0.750	0.750	0.750	0	30	100.650	548.550
73	0	10	7	556.450	646.350	259.175	273.625	0.750	0.750	0.750	0.750	0	30	100.650	548.550
73	0	10	9	646.350	691.400	259.175	273.625	0.750	0.750	0.750	0.750	0	30	100.650	548.550
73	0	10	10	691.400	734.400	259.175	273.625	0.750	0.750	0.750	0.750	0	30	100.650	548.550
73	0	11	0	57.600	734.400	273.625	288.075	0.750	0.750	0.750	0.750	0	30	100.650	548.550
73	0	12	0	57.600	284.800	288.075	302.525	0.750	0.750	0.750	0.750	0	30	100.650	548.550
73	0	12	1	284.800	334.200	288.075	302.525	0.750	0.750	0.750	0.750	0	30	100.650	548.550
73	0	12	2	334.200	390.650	288.075	302.525	0.750	0.750	0.750	0.750	0	30	100.650	548.550
73	0	12	3	390.650	457.900	288.075	302.525	0.750	0.750	0.750	0.750	0	30	100.650	548.550
73	0	12	4	457.900	506.100	288.075	302.525	0.750	0.750	0.750	0.750	0	30	100.650	548.550
73	0	12	5	506.100	556.450	288.075	302.525	0.750	0.750	0.750	0.750	0	30	100.650	548.550
73	0	12	7	556.450	646.350	288.075	302.525	0.750	0.750	0.750	0.750	0	30	100.650	548.550
73	0	12	9	646.350	691.400	288.075	302.525	0.750	0.750	0.750	0.750	0	30	100.650	548.550
73	0	12	10	691.400	734.400	288.075	302.525	0.750	0.750	0.750	0.750	0	30	100.650	548.550
73	0	13	0	57.600	734.400	302.525	316.975	0.750	0.750	0.750	0.750	0	30	100.650	548.550
73	0	14	0	57.600	284.800	316.975	331.425	0.750	0.750	0.750	0.750	0	30	100.650	548.550
73	0	14	1	284.800	334.200	316.975	331.425	0.750	0.750	0.750	0.750	0	30	100.650	548.550
73	0	14	2	334.200	390.650	316.975	331.425	0.750	0.750	0.750	0.750	0	30	100.650	548.550
73	0	14	3	390.650	457.900	316.975	331.425	0.750	0.750	0.750	0.750	0	30	100.650	548.550
73	0	14	4	457.900	506.100	316.975	331.425	0.750	0.750	0.750	0.750	0	30	100.650	548.550
73	0	14	5	506.100	556.450	316.975	331.425	0.750	0.750	0.750	0.750	0	30	100.650	548.550
73	0	14	7	556.450	646.350	316.975	331.425	0.750	0.750	0.750	0.750	0	30	100.650	548.550
73	0	14	9	646.350	691.400	316.975	331.425	0.750	0.750	0.750	0.750	0	30	100.650	548.550
73	0	14	10	691.400	734.400	316.975	331.425	0.750	0.750	0.750	0.750	0	30	100.650	548.550
73	0	15	0	57.600	284.800	331.425	345.875	0.750	0.750	0.750	0.750	0	30	100.650	548.550
73	0	15	1	284.800	334.200	331.425	345.875	0.750	0.750	0.750	0.750	0	30	100.650	548.550
73	0	15	2	334.200	390.650	331.425	345.875	0.750	0.750	0.750	0.750	0	30	100.650	548.550
73	0	15	3	390.650	457.900	331.425	345.875	0.750	0.750	0.750	0.750	0	30	100.650	548.550
73	0	15	4	457.900	506.100	331.425	345.875	0.750	0.750	0.750	0.750	0	30	100.650	548.550
73	0	15	5	506.100	556.450	331.425	345.875	0.750	0.750	0.750	0.750	0	30	100.650	548.550
73	0	15	7	556.450	646.350	331.425	345.875	0.750	0.750	0.750	0.750	0	30	100.650	548.550
73	0	15	9	646.350	691.400	331.425	345.875	0.750	0.750	0.750	0.750	0	30	100.650	548.550
73	0	15	10	691.400	734.400	331.425	345.875	0.750	0.750	0.750	0.750	0	30	100.650	548.550
73	0	16	0	57.600	734.400	345.875	360.325	0.750	0.750	0.750	0.750	0	30	100.650	548.550
73	0	17	0	57.600	284.800	360.325	374.775	0.750	0.750	0.750	0.750	0	30	100.650	548.550
73	0	17	1	284.800	334.200	360.325	374.775	0.750	0.750	0.750	0.750	0	30	100.650	548.550
73	0	17	2	334.200	390.650	360.325	374.775	0.750	0.750	0.750	0.750	0	30	100.650	548.550
73	0	17	3	390.650	457.900	360.325	374.775	0.750	0.750	0.750	0.750	0	30	100.650	548.550
73	0	17	4	457.900	506.100	360.325	374.775	0.750	0.750	0.750	0.750	0	30	100.650	548.550
73	0	17	5	506.100	556.450	360.325	374.775	0.750	0.750	0.750	0.750	0	30	100.650	548.550
73	0	17	7	556.450	646.350	360.325	374.775	0.750	0.750	0.750	0.750	0	30	100.650	548.550
73	0	17	9	646.350	691.400	360.325	374.775	0.750	0.750	0.750	0.750	0	30	100.650	548.550
73	0	17	10	691.400	734.400	360.325	374.775	0.750	0.750	0.750	0.750	0	30	100.650	548.550
73	0	18	0	57.600	734.400	374.775	389.225	0.750	0.750	0.750	0.750	0	30	100.650	548.550
73	0	19	0	57.600	284.800	389.225	403.675	0.750	0.750	0.750	0.750	0	30	100.650	548.550
73	0	19	1	284.800	334.200	389.225	403.675	0.750	0.750	0.750	0.750	0	30	100.650	548.550
73	0	19	2	334.200	390.650	389.225	403.675	0.750	0.750	0.750	0.750	0	30	100.650	548.550
73	0	19	3	390.650	457.900	389.225	403.675	0.750	0.750	0.750	0.750	0	30	100.650	548.550
73	0	19	4	457.900	506.100	389.225	403.675	0.750	0.750	0.750	0.750	0	30	100.650	548.550
73	0	19	5	506.100	556.450	389.225	403.675	0.750	0.750	0.750	0.750	0	30	100.650	548.550
73	0	19	7	556.450	646.350	389.225	403.675	0.750	0.750	0.750	0.750	0	30	100.650	548.550
73	0	19	9	646.350	691.400	389.225	403.675	0.750	0.750	0.750	0.750	0	30	100.650	548.550
73	0	19	10	691.400	734.400	389.225	403.675	0.750	0.750	0.750	0.750	0	30	100.650	548.550
73	0	20	0	57.600	284.800	403.675	418.125	0.750	0.750	0.750	0.750	0	30	100.650	548.550
73	0	20	1	284.800	334.200	403.675	418.125	0.750	0.750	0.750	0.750	0	30	100.650	548.550
73	0	20	2	334.200	390.650	403.675	418.125	0.750	0.750	0.750	0.750	0	30	100.650	548.550
73	0	20	3	390.650	457.900	403.675	418.125	0.750	0.750	0.750	0.750	0	30	100.650	548.550
73	0	20	4	457.900	506.100	403.675	418.125	0.750	0.750	0.750	0.750	0	30	100.650	548.550
73	0	20	5	506.100	556.450	403.675	418.125	0.750	0.750	0.750	0.750	0	30	100.650	548.550
73	0	20	7	556.450	646.350	403.675	418.125	0.750	0.750	0.750	0.750	0	30	100.650	548.550
73	0	20	9	646.350	691.400	403.675	418.125	0.750	0.750	0.750	0.750	0	30	100.650	548.550
73	0	20	10	691.400	734.400	403.675	418.125	0.750	0.750	0.750	0.750	0	30	100.650	548.550
73	0	21	0	57.600	284.800	418.125	432.575	0.750	0.750	0.750	0.750	0	30	100.650	548.550
73	0	21	1	284.800	334.200	418.125	432.575	0.750	0.750	0.750	0.750	0	30	100.650	548.550
73	0	21	2	334.200	390.650	418.125	432.575	0.750	0.750	0.750	0.750	0	30	100.650	548.550
73	0	21	3	390.650	457.900	418.125	432.575	0.750	0.750	0.750	0.750	0	30	100.650	548.550
73	0	21	4	457.900	506.100	418.125	432.575	0.750	0.750	0.750	0.750	0	30	100.650	548.550
73	0	21	5	506.100	556.450	418.125	432.575	0.750	0.750	0.750	0.750	0	30	100.650	548.550
73	0	21	7	556.450	646.350	418.125	432.575	0.750	0.750	0.750	0.750	0	30	100.650	548.550
73	0	21	9	646.350	691.400	418.125	432.575	0.750	0.750	0.750	0.750	0	30	100.650	548.550
73	0	21	10	691.400	734.400	418.125	432.575	0.750	0.750	0.750	0.750	0	30	100.650	548.550
73	0	22	0	57.600	734.400	432.575	447.025	0.750	0.750	0.750	0.750	0	30	100.650	548.550
73	0	23	0	57.600	284.800	447.025	461.475	0.750	0.750	0.750	0.750	0	30	100.650	548.550
73	0	23	1	284.800	334.200	447.025	461.475	0.750	0.750	0.750	0.750	0	30	100.650	548.550
73	0	23	2	334.200	390.650	447.025	461.475	0.750	0.750	0.750	0.750	0	30	100.650	548.550
73	0	23	3	390.650	457.900	447.025	461.475	0.750	0.750	0.750	0.750	0	30	100.650	548.550
73	0	23	4	457.900	506.100	447.025	461.475	0.750	0.750	0.750	0.750	0	30	100.650	548.550
73	0	23	5	506.100	556.450	447.025	461.475	0.750	0.750	0.750	0.750	0	30	100.650	548.550
73	0	23	7	556.450	646.350	447.025	461.475	0.750	0.750	0.750	0.750	0	30	100.650	548.550
73	0	23	9	646.350	691.400	447.025	461.475	0.750	0.750	0.750	0.750	0	30	100.650	548.550
73	0	23	10	691.400	734.400	447.025	461.475	0.750	0.750	0.750	0.750	0	30	100.650	548.550
73	0	24	0	57.600	284.800	461.475	475.925	0.750	0.750	0.750	0.750	0	30	100.650	548.550
73	0	24	1	284.800	334.200	461.475	475.925	0.750	0.750	0.750	0.750	0	30	100.650	548.550
73	0	24	2	334.200	390.650	461.475	475.925	0.750	0.750	0.750	0.750	0	30	100.650	548.550
73	0	24	3	390.650	457.900	461.475	475.925	0.750	0.750	0.750	0.750	0	30	100.650	548.550
73	0	24	4	457.900	556.450	461.475	475.925	0.750	0.750	0.750	0.750	0	30	100.650	548.550
73	0	24	7	556.450	646.350	461.475	475.925	0.750	0.750	0.750	0.750	0	30	100.650	548.550
73	0	24	9	646.350	691.400	461.475	475.925	0.750	0.750	0.750	0.750	0	30	100.650	548.550
73	0	24	10	691.400	734.400	461.475	475.925	0.750	0.750	0.750	0.750	0	30	100.650	548.550
73	0	25	0	57.600	734.400	475.925	490.375	0.750	0.750	0.750	0.750	0	30	100.650	548.550
73	0	26	0	57.600	284.800	490.375	504.825	0.750	0.750	0.750	0.750	0	30	100.650	548.550
73	0	26	1	284.800	334.200	490.375	504.825	0.750	0.750	0.750	0.750	0	30	100.650	548.550
73	0	26	2	334.200	390.650	490.375	504.825	0.750	0.750	0.750	0.750	0	30	100.650	548.550
73	0	26	3	390.650	457.900	490.375	504.825	0.750	0.750	0.750	0.750	0	30	100.650	548.550
73	0	26	4	457.900	556.450	490.375	504.825	0.750	0.750	0.750	0.750	0	30	100.650	548.550
73	0	26	7	556.450	646.350	490.375	504.825	0.750	0.750	0.750	0.750	0	30	100.650	548.550
73	0	26	9	646.350	691.400	490.375	504.825	0.750	0.750	0.750	0.750	0	30	100.650	548.550
73	0	26	10	691.400	734.400	490.375	504.825	0.750	0.750	0.750	0.750	0	30	100.650	548.550
73	0	27	0	57.600	284.800	504.825	519.275	0.750	0.750	0.750	0.750	0	30	100.650	548.550
73	0	27	1	284.800	334.200	504.825	519.275	0.750	0.750	0.750	0.750	0	30	100.650	548.550
73	0	27	2	334.200	390.650	504.825	519.275	0.750	0.750	0.750	0.750	0	30	100.650	548.550
73	0	27	3	390.650	457.900	504.825	519.275	0.750	0.750	0.750	0.750	0	30	100.650	548.550
73	0	27	4	457.900	506.100	504.825	519.275	0.750	0.750	0.750	0.750	0	30	100.650	548.550
73	0	27	5	506.100	556.450	504.825	519.275	0.750	0.750	0.750	0.750	0	30	100.650	548.550
73	0	27	7	556.450	646.350	504.825	519.275	0.750	0.750	0.750	0.750	0	30	100.650	548.550
73	0	27	9	646.350	691.400	504.825	519.275	0.750	0.750	0.750	0.750	0	30	100.650	548.550
73	0	27	10	691.400	734.400	504.825	519.275	0.750	0.750	0.750	0.750	0	30	100.650	548.550
73	0	28	0	57.600	284.800	519.275	533.725	0.750	0.750	0.750	0.750	0	30	100.650	548.550
73	0	28	1	284.800	334.200	519.275	533.725	0.750	0.750	0.750	0.750	0	30	100.650	548.550
73	0	28	2	334.200	390.650	519.275	533.725	0.750	0.750	0.750	0.750	0	30	100.650	548.550
73	0	28	3	390.650	457.900	519.275	533.725	0.750	0.750	0.750	0.750	0	30	100.650	548.550
73	0	28	4	457.900	506.100	519.275	533.725	0.750	0.750	0.750	0.750	0	30	100.650	548.550
73	0	28	5	506.100	556.450	519.275	533.725	0.750	0.750	0.750	0.750	0	30	100.650	548.550
73	0	28	7	556.450	646.350	519.275	533.725	0.750	0.750	0.750	0.750	0	30	100.650	548.550
73	0	28	9	646.350	691.400	519.275	533.725	0.750	0.750	0.750	0.750	0	30	100.650	548.550
73	0	28	10	691.400	734.400	519.275	533.725	0.750	0.750	0.750	0.750	0	30	100.650	548.550
73	0	29	0	57.600	284.800	533.725	548.175	0.750	0.750	0.750	0.750	0	30	100.650	548.550
73	0	29	1	284.800	334.200	533.725	548.175	0.750	0.750	0.750	0.750	0	30	100.650	548.550
73	0	29	2	334.200	390.650	533.725	548.175	0.750	0.750	0.750	0.750	0	30	100.650	548.550
73	0	29	3	390.650	457.900	533.725	548.175	0.750	0.750	0.750	0.750	0	30	100.650	548.550
73	0	29	4	457.900	556.450	533.725	548.175	0.750	0.750	0.750	0.750	0	30	100.650	548.550
73	0	29	7	556.450	646.350	533.725	548.175	0.750	0.750	0.750	0.750	0	30	100.650	548.550
73	0	29	9	646.350	691.400	533.725	548.175	0.750	0.750	0.750	0.750	0	30	100.650	548.550
73	0	29	10	691.400	734.400	533.725	548.175	0.750	0.750	0.750	0.750	0	30	100.650	548.550
74	0	0	0	57.600	284.800	101.025	150.625	0.750	0.750	0.750	0.750	0	29	100.650	526.700
74	0	0	1	284.800	334.200	101.025	150.625	0.750	0.750	0.750	0.750	0	29	100.650	526.700
74	0	0	2	334.200	390.650	101.025	150.625	0.750	0.750	0.750	0.750	0	29	100.650	526.700
74	0	0	3	390.650	734.400	101.025	118.725	0.750	0.750	0.750	0.750	0	29	100.650	526.700
74	0	1	3	390.650	457.900	118.725	150.625	0.750	0.750	0.750	0.750	0	29	100.650	526.700
74	0	1	4	457.900	554.550	118.725	137.875	0.750	0.750	0.750	0.750	0	29	100.650	526.700
74	0	1	6	554.550	644.450	118.725	137.875	0.750	0.750	0.750	0.750	0	29	100.650	526.700
74	0	1	8	644.450	734.400	118.725	137.875	0.750	0.750	0.750	0.750	0	29	100.650	526.700
74	0	2	4	457.900	504.200	137.875	150.625	0.750	0.750	0.750	0.750	0	29	100.650	526.700
74	0	2	5	504.200	554.550	137.875	150.625	0.750	0.750	0.750	0.750	0	29	100.650	526.700
74	0	2	6	554.550	599.500	137.875	150.625	0.750	0.750	0.750	0.750	0	29	100.650	526.700
74	0	2	7	599.500	644.450	137.875	150.625	0.750	0.750	0.750	0.750	0	29	100.650	526.700
74	0	2	8	644.450	689.500	137.875	150.625	0.750	0.750	0.750	0.750	0	29	100.650	526.700
74	0	2	9	689.500	734.400	137.875	150.625	0.750	0.750	0.750	0.750	0	29	100.650	526.700
74	0	3	0	57.600	734.400	150.625	165.075	0.750	0.750	0.750	0.750	0	29	100.650	526.700
74	0	4	0	57.600	284.800	165.075	179.525	0.750	0.750	0.750	0.750	0	29	100.650	526.700
74	0	4	1	284.800	334.200	165.075	179.525	0.750	0.750	0.750	0.750	0	29	100.650	526.700
74	0	4	2	334.200	390.650	165.075	179.525	0.750	0.750	0.750	0.750	0	29	100.650	526.700
74	0	4	3	390.650	457.900	165.075	179.525	0.750	0.750	0.750	0.750	0	29	100.650	526.700
74	0	4	4	457.900	554.550	165.075	179.525	0.750	0.750	0.750	0.750	0	29	100.650	526.700
74	0	4	6	554.550	644.450	165.075	179.525	0.750	0.750	0.750	0.750	0	29	100.650	526.700
74	0	4	8	644.450	689.500	165.075	179.525	0.750	0.750	0.750	0.750	0	29	100.650	526.700
74	0	4	9	689.500	734.400	165.075	179.525	0.750	0.750	0.750	0.750	0	29	100.650	526.700
74	0	5	0	57.600	734.400	179.525	193.975	0.750	0.750	0.750	0.750	0	29	100.650	526.700
74	0	6	0	57.600	284.800	193.975	208.425	0.750	0.750	0.750	0.750	0	29	100.650	526.700
74	0	6	1	284.800	334.200	193.975	208.425	0.750	0.750	0.750	0.750	0	29	100.650	526.700
74	0	6	2	334.200	390.650	193.975	208.425	0.750	0.750	0.750	0.750	0	29	100.650	526.700
74	0	6	3	390.650	457.900	193.975	208.425	0.750	0.750	0.750	0.750	0	29	100.650	526.700
74	0	6	4	457.900	554.550	193.975	208.425	0.750	0.750	0.750	0.750	0	29	100.650	526.700
74	0	6	6	554.550	644.450	193.975	208.425	0.750	0.750	0.750	0.750	0	29	100.650	526.700
74	0	6	8	644.450	689.500	193.975	208.425	0.750	0.750	0.750	0.750	0	29	100.650	526.700
74	0	6	9	689.500	734.400	193.975	208.425	0.750	0.750	0.750	0.750	0	29	100.650	526.700
74	0	7	0	57.600	734.400	208.425	222.875	0.750	0.750	0.750	0.750	0	29	100.650	526.700
74	0	8	0	57.600	284.800	222.875	237.325	0.750	0.750	0.750	0.750	0	29	100.650	526.700
74	0	8	1	284.800	334.200	222.875	237.325	0.750	0.750	0.750	0.750	0	29	100.650	526.700
74	0	8	2	334.200	390.650	222.875	237.325	0.750	0.750	0.750	0.750	0	29	100.650	526.700
74	0	8	3	390.650	457.900	222.875	237.325	0.750	0.750	0.750	0.750	0	29	100.650	526.700
74	0	8	4	457.900	504.200	222.875	237.325	0.750	0.750	0.750	0.750	0	29	100.650	526.700
74	0	8	5	504.200	554.550	222.875	237.325	0.750	0.750	0.750	0.750	0	29	100.650	526.700
74	0	8	6	554.550	644.450	222.875	237.325	0.750	0.750	0.750	0.750	0	29	100.650	526.700
74	0	8	8	644.450	689.500	222.875	237.325	0.750	0.750	0.750	0.750	0	29	100.650	526.700
74	0	8	9	689.500	734.400	222.875	237.325	0.750	0.750	0.750	0.750	0	29	100.650	526.700
74	0	9	0	57.600	284.800	237.325	251.775	0.750	0.750	0.750	0.750	0	29	100.650	526.700
74	0	9	1	284.800	334.200	237.325	251.775	0.750	0.750	0.750	0.750	0	29	100.650	526.700
74	0	9	2	334.200	390.650	237.325	251.775	0.750	0.750	0.750	0.750	0	29	100.650	526.700
74	0	9	3	390.650	457.900	237.325	251.775	0.750	0.750	0.750	0.750	0	29	100.650	526.700
74	0	9	4	457.900	504.200	237.325	251.775	0.750	0.750	0.750	0.750	0	29	100.650	526.700
74	0	9	5	504.200	554.550	237.325	251.775	0.750	0.750	0.750	0.750	0	29	100.650	526.700
74	0	9	6	554.550	644.450	237.325	251.775	0.750	0.750	0.750	0.750	0	29	100.650	526.700
74	0	9	8	644.450	689.500	237.325	251.775	0.750	0.750	0.750	0.750	0	29	100.650	526.700
74	0	9	9	689.500	734.400	237.325	251.775	0.750	0.750	0.750	0.750	0	29	100.650	526.700
74	0	10	0	57.600	734.400	251.775	266.225	0.750	0.750	0.750	0.750	0	29	100.650	526.700
74	0	11	0	57.600	284.800	266.225	280.675	0.750	0.750	0.750	0.750	0	29	100.650	526.700
74	0	11	1	284.800	334.200	266.225	280.675	0.750	0.750	0.750	0.750	0	29	100.650	526.700
74	0	11	2	334.200	390.650	266.225	280.675	0.750	0.750	0.750	0.750	0	29	100.650	526.700
74	0	11	3	390.650	457.900	266.225	280.675	0.750	0.750	0.750	0.750	0	29	100.650	526.700
74	0	11	4	457.900	504.200	266.225	280.675	0.750	0.750	0.750	0.750	0	29	100.650	526.700
74	0	11	5	504.200	554.550	266.225	280.675	0.750	0.750	0.750	0.750	0	29	100.650	526.700
74	0	11	6	554.550	644.450	266.225	280.675	0.750	0.750	0.750	0.750	0	29	100.650	526.700
74	0	11	8	644.450	689.500	266.225	280.675	0.750	0.750	0.750	0.750	0	29	100.650	526.700
74	0	11	9	689.500	734.400	266.225	280.675	0.750	0.750	0.750	0.750	0	29	100.650	526.700
74	0	12	0	57.600	734.400	280.675	295.125	0.750	0.750	0.750	0.750	0	29	100.650	526.700
74	0	13	0	57.600	284.800	295.125	309.575	0.750	0.750	0.750	0.750	0	29	100.650	526.700
74	0	13	1	284.800	334.200	295.125	309.575	0.750	0.750	0.750	0.750	0	29	100.650	526.700
74	0	13	2	334.200	390.650	295.125	309.575	0.750	0.750	0.750	0.750	0	29	100.650	526.700
74	0	13	3	390.650	457.900	295.125	309.575	0.750	0.750	0.750	0.750	0	29	100.650	526.700
74	0	13	4	457.900	504.200	295.125	309.575	0.750	0.750	0.750	0.750	0	29	100.650	526.700
74	0	13	5	504.200	554.550	295.125	309.575	0.750	0.750	0.750	0.750	0	29	100.650	526.700
74	0	13	6	554.550	644.450	295.125	309.575	0.750	0.750	0.750	0.750	0	29	100.650	526.700
74	0	13	8	644.450	689.500	295.125	309.575	0.750	0.750	0.750	0.750	0	29	100.650	526.700
74	0	13	9	689.500	734.400	295.125	309.575	0.750	0.750	0.750	0.750	0	29	100.650	526.700
74	0	14	0	57.600	284.800	309.575	324.025	0.750	0.750	0.750	0.750	0	29	100.650	526.700
74	0	14	1	284.800	334.200	309.575	324.025	0.750	0.750	0.750	0.750	0	29	100.650	526.700
74	0	14	2	334.200	390.650	309.575	324.025	0.750	0.750	0.750	0.750	0	29	100.650	526.700
74	0	14	3	390.650	457.900	309.575	324.025	0.750	0.750	0.750	0.750	0	29	100.650	526.700
74	0	14	4	457.900	504.200	309.575	324.025	0.750	0.750	0.750	0.750	0	29	100.650	526.700
74	0	14	5	504.200	554.550	309.575	324.025	0.750	0.750	0.750	0.750	0	29	100.650	526.700
74	0	14	6	554.550	644.450	309.575	324.025	0.750	0.750	0.750	0.750	0	29	100.650	526.700
74	0	14	8	644.450	689.500	309.575	324.025	0.750	0.750	0.750	0.750	0	29	100.650	526.700
74	0	14	9	689.500	734.400	309.575	324.025	0.750	0.750	0.750	0.750	0	29	100.650	526.700
74	0	15	0	57.600	284.800	324.025	338.475	0.750	0.750	0.750	0.750	0	29	100.650	526.700
74	0	15	1	284.800	334.200	324.025	338.475	0.750	0.750	0.750	0.750	0	29	100.650	526.700
74	0	15	2	334.200	390.650	324.025	338.475	0.750	0.750	0.750	0.750	0	29	100.650	526.700
74	0	15	3	390.650	457.900	324.025	338.475	0.750	0.750	0.750	0.750	0	29	100.650	526.700
74	0	15	4	457.900	504.200	324.025	338.475	0.750	0.750	0.750	0.750	0	29	100.650	526.700
74	0	15	5	504.200	554.550	324.025	338.475	0.750	0.750	0.750	0.750	0	29	100.650	526.700
74	0	15	6	554.550	644.450	324.025	338.475	0.750	0.750	0.750	0.750	0	29	100.650	526.700
74	0	15	8	644.450	689.500	324.025	338.475	0.750	0.750	0.750	0.750	0	29	100.650	526.700
74	0	15	9	689.500	734.400	324.025	338.475	0.750	0.750	0.750	0.750	0	29	100.650	526.700
74	0	16	0	57.600	284.800	338.475	352.925	0.750	0.750	0.750	0.750	0	29	100.650	526.700
74	0	16	1	284.800	334.200	338.475	352.925	0.750	0.750	0.750	0.750	0	29	100.650	526.700
74	0	16	2	334.200	390.650	338.475	352.925	0.750	0.750	0.750	0.750	0	29	100.650	526.700
74	0	16	3	390.650	457.900	338.475	352.925	0.750	0.750	0.750	0.750	0	29	100.650	526.700
74	0	16	4	457.900	504.200	338.475	352.925	0.750	0.750	0.750	0.750	0	29	100.650	526.700
74	0	16	5	504.200	554.550	338.475	352.925	0.750	0.750	0.750	0.750	0	29	100.650	526.700
74	0	16	6	554.550	644.450	338.475	352.925	0.750	0.750	0.750	0.750	0	29	100.650	526.700
74	0	16	8	644.450	689.500	338.475	352.925	0.750	0.750	0.750	0.750	0	29	100.650	526.700
74	0	16	9	689.500	734.400	338.475	352.925	0.750	0.750	0.750	0.750	0	29	100.650	526.700
74	0	17	0	57.600	284.800	352.925	367.375	0.750	0.750	0.750	0.750	0	29	100.650	526.700
74	0	17	1	284.800	334.200	352.925	367.375	0.750	0.750	0.750	0.750	0	29	100.650	526.700
74	0	17	2	334.200	390.650	352.925	367.375	0.750	0.750	0.750	0.750	0	29	100.650	526.700
74	0	17	3	390.650	457.900	352.925	367.375	0.750	0.750	0.750	0.750	0	29	100.650	526.700
74	0	17	4	457.900	504.200	352.925	367.375	0.750	0.750	0.750	0.750	0	29	100.650	526.700
74	0	17	5	504.200	554.550	352.925	367.375	0.750	0.750	0.750	0.750	0	29	100.650	526.700
74	0	17	6	554.550	644.450	352.925	367.375	0.750	0.750	0.750	0.750	0	29	100.650	526.700
74	0	17	8	644.450	689.500	352.925	367.375	0.750	0.750	0.750	0.750	0	29	100.650	526.700
74	0	17	9	689.500	734.400	352.925	367.375	0.750	0.750	0.750	0.750	0	29	100.650	526.700
74	0	18	0	57.600	284.800	367.375	381.825	0.750	0.750	0.750	0.750	0	29	100.650	526.700
74	0	18	1	284.800	334.200	367.375	381.825	0.750	0.750	0.750	0.750	0	29	100.650	526.700
74	0	18	2	334.200	390.650	367.375	381.825	0.750	0.750	0.750	0.750	0	29	100.650	526.700
74	0	18	3	390.650	457.900	367.375	381.825	0.750	0.750	0.750	0.750	0	29	100.650	526.700
74	0	18	4	457.900	554.550	367.375	381.825	0.750	0.750	0.750	0.750	0	29	100.650	526.700
74	0	18	6	554.550	644.450	367.375	381.825	0.750	0.750	0.750	0.750	0	29	100.650	526.700
74	0	18	8	644.450	689.500	367.375	381.825	0.750	0.750	0.750	0.750	0	29	100.650	526.700
74	0	18	9	689.500	734.400	367.375	381.825	0.750	0.750	0.750	0.750	0	29	100.650	526.700
74	0	19	0	57.600	284.800	381.825	396.275	0.750	0.750	0.750	0.750	0	29	100.650	526.700
74	0	19	1	284.800	334.200	381.825	396.275	0.750	0.750	0.750	0.750	0	29	100.650	526.700
74	0	19	2	334.200	390.650	381.825	396.275	0.750	0.750	0.750	0.750	0	29	100.650	526.700
74	0	19	3	390.650	457.900	381.825	396.275	0.750	0.750	0.750	0.750	0	29	100.650	526.700
74	0	19	4	457.900	504.200	381.825	396.275	0.750	0.750	0.750	0.750	0	29	100.650	526.700
74	0	19	5	504.200	554.550	381.825	396.275	0.750	0.750	0.750	0.750	0	29	100.650	526.700
74	0	19	6	554.550	644.450	381.825	396.275	0.750	0.750	0.750	0.750	0	29	100.650	526.700
74	0	19	8	644.450	689.500	381.825	396.275	0.750	0.750	0.750	0.750	0	29	100.650	526.700
74	0	19	9	689.500	734.400	381.825	396.275	0.750	0.750	0.750	0.750	0	29	100.650	526.700
74	0	20	0	57.600	284.800	396.275	410.725	0.750	0.750	0.750	0.750	0	29	100.650	526.700
74	0	20	1	284.800	334.200	396.275	410.725	0.750	0.750	0.750	0.750	0	29	100.650	526.700
74	0	20	2	334.200	390.650	396.275	410.725	0.750	0.750	0.750	0.750	0	29	100.650	526.700
74	0	20	3	390.650	457.900	396.275	410.725	0.750	0.750	0.750	0.750	0	29	100.650	526.700
74	0	20	4	457.900	504.200	396.275	410.725	0.750	0.750	0.750	0.750	0	29	100.650	526.700
74	0	20	5	504.200	554.550	396.275	410.725	0.750	0.750	0.750	0.750	0	29	100.650	526.700
74	0	20	6	554.550	644.450	396.275	410.725	0.750	0.750	0.750	0.750	0	29	100.650	526.700
74	0	20	8	644.450	689.500	396.275	410.725	0.750	0.750	0.750	0.750	0	29	100.650	526.700
74	0	20	9	689.500	734.400	396.275	410.725	0.750	0.750	0.750	0.750	0	29	100.650	526.700
74	0	21	0	57.600	734.400	410.725	425.175	0.750	0.750	0.750	0.750	0	29	100.650	526.700
74	0	22	0	57.600	284.800	425.175	439.625	0.750	0.750	0.750	0.750	0	29	100.650	526.700
74	0	22	1	284.800	334.200	425.175	439.625	0.750	0.750	0.750	0.750	0	29	100.650	526.700
74	0	22	2	334.200	390.650	425.175	439.625	0.750	0.750	0.750	0.750	0	29	100.650	526.700
74	0	22	3	390.650	457.900	425.175	439.625	0.750	0.750	0.750	0.750	0	29	100.650	526.700
74	0	22	4	457.900	504.200	425.175	439.625	0.750	0.750	0.750	0.750	0	29	100.650	526.700
74	0	22	5	504.200	554.550	425.175	439.625	0.750	0.750	0.750	0.750	0	29	100.650	526.700
74	0	22	6	554.550	644.450	425.175	439.625	0.750	0.750	0.750	0.750	0	29	100.650	526.700
74	0	22	8	644.450	689.500	425.175	439.625	0.750	0.750	0.750	0.750	0	29	100.650	526.700
74	0	22	9	689.500	734.400	425.175	439.625	0.750	0.750	0.750	0.750	0	29	100.650	526.700
74	0	23	0	57.600	284.800	439.625	454.075	0.750	0.750	0.750	0.750	0	29	100.650	526.700
74	0	23	1	284.800	334.200	439.625	454.075	0.750	0.750	0.750	0.750	0	29	100.650	526.700
74	0	23	2	334.200	390.650	439.625	454.075	0.750	0.750	0.750	0.750	0	29	100.650	526.700
74	0	23	3	390.650	457.900	439.625	454.075	0.750	0.750	0.750	0.750	0	29	100.650	526.700
74	0	23	4	457.900	504.200	439.625	454.075	0.750	0.750	0.750	0.750	0	29	100.650	526.700
74	0	23	5	504.200	554.550	439.625	454.075	0.750	0.750	0.750	0.750	0	29	100.650	526.700
74	0	23	6	554.550	644.450	439.625	454.075	0.750	0.750	0.750	0.750	0	29	100.650	526.700
74	0	23	8	644.450	689.500	439.625	454.075	0.750	0.750	0.750	0.750	0	29	100.650	526.700
74	0	23	9	689.500	734.400	439.625	454.075	0.750	0.750	0.750	0.750	0	29	100.650	526.700
74	0	24	0	57.600	734.400	454.075	468.525	0.750	0.750	0.750	0.750	0	29	100.650	526.700
74	0	25	0	57.600	284.800	468.525	482.975	0.750	0.750	0.750	0.750	0	29	100.650	526.700
74	0	25	1	284.800	334.200	468.525	482.975	0.750	0.750	0.750	0.750	0	29	100.650	526.700
74	0	25	2	334.200	390.650	468.525	482.975	0.750	0.750	0.750	0.750	0	29	100.650	526.700
74	0	25	3	390.650	457.900	468.525	482.975	0.750	0.750	0.750	0.750	0	29	100.650	526.700
74	0	25	4	457.900	504.200	468.525	482.975	0.750	0.750	0.750	0.750	0	29	100.650	526.700
74	0	25	5	504.200	554.550	468.525	482.975	0.750	0.750	0.750	0.750	0	29	100.650	526.700
74	0	25	6	554.550	644.450	468.525	482.975	0.750	0.750	0.750	0.750	0	29	100.650	526.700
74	0	25	8	644.450	689.500	468.525	482.975	0.750	0.750	0.750	0.750	0	29	100.650	526.700
74	0	25	9	689.500	734.400	468.525	482.975	0.750	0.750	0.750	0.750	0	29	100.650	526.700
74	0	26	0	57.600	284.800	482.975	497.425	0.750	0.750	0.750	0.750	0	29	100.650	526.700
74	0	26	1	284.800	334.200	482.975	497.425	0.750	0.750	0.750	0.750	0	29	100.650	526.700
74	0	26	2	334.200	390.650	482.975	497.425	0.750	0.750	0.750	0.750	0	29	100.650	526.700
74	0	26	3	390.650	457.900	482.975	497.425	0.750	0.750	0.750	0.750	0	29	100.650	526.700
74	0	26	4	457.900	504.200	482.975	497.425	0.750	0.750	0.750	0.750	0	29	100.650	526.700
74	0	26	5	504.200	554.550	482.975	497.425	0.750	0.750	0.750	0.750	0	29	100.650	526.700
74	0	26	6	554.550	644.450	482.975	497.425	0.750	0.750	0.750	0.750	0	29	100.650	526.700
74	0	26	8	644.450	689.500	482.975	497.425	0.750	0.750	0.750	0.750	0	29	100.650	526.700
74	0	26	9	689.500	734.400	482.975	497.425	0.750	0.750	0.750	0.750	0	29	100.650	526.700
74	0	27	0	57.600	284.800	497.425	511.875	0.750	0.750	0.750	0.750	0	29	100.650	526.700
74	0	27	1	284.800	334.200	497.425	511.875	0.750	0.750	0.750	0.750	0	29	100.650	526.700
74	0	27	2	334.200	390.650	497.425	511.875	0.750	0.750	0.750	0.750	0	29	100.650	526.700
74	0	27	3	390.650	457.900	497.425	511.875	0.750	0.750	0.750	0.750	0	29	100.650	526.700
74	0	27	4	457.900	504.200	497.425	511.875	0.750	0.750	0.750	0.750	0	29	100.650	526.700
74	0	27	5	504.200	554.550	497.425	511.875	0.750	0.750	0.750	0.750	0	29	100.650	526.700
74	0	27	6	554.550	644.450	497.425	511.875	0.750	0.750	0.750	0.750	0	29	100.650	526.700
74	0	27	8	644.450	689.500	497.425	511.875	0.750	0.750	0.750	0.750	0	29	100.650	526.700
74	0	27	9	689.500	734.400	497.425	511.875	0.750	0.750	0.750	0.750	0	29	100.650	526.700
74	0	28	0	57.600	284.800	511.875	526.325	0.750	0.750	0.750	0.750	0	29	100.650	526.700
74	0	28	1	284.800	334.200	511.875	526.325	0.750	0.750	0.750	0.750	0	29	100.650	526.700
74	0	28	2	334.200	390.650	511.875	526.325	0.750	0.750	0.750	0.750	0	29	100.650	526.700
74	0	28	3	390.650	457.900	511.875	526.325	0.750	0.750	0.750	0.750	0	29	100.650	526.700
74	0	28	4	457.900	504.200	511.875	526.325	0.750	0.750	0.750	0.750	0	29	100.650	526.700
74	0	28	5	504.200	554.550	511.875	526.325	0.750	0.750	0.750	0.750	0	29	100.650	526.700
74	0	28	6	554.550	644.450	511.875	526.325	0.750	0.750	0.750	0.750	0	29	100.650	526.700
74	0	28	8	644.450	689.500	511.875	526.325	0.750	0.750	0.750	0.750	0	29	100.650	526.700
74	0	28	9	689.500	734.400	511.875	526.325	0.750	0.750	0.750	0.750	0	29	100.650	526.700
75	0	0	0	64.375	284.125	101.025	150.625	0.750	0.750	0.750	0.750	0	25	100.650	483.700
75	0	0	1	284.125	332.425	101.025	150.625	0.750	0.750	0.750	0.750	0	25	100.650	483.700
75	0	0	2	332.425	387.675	101.025	150.625	0.750	0.750	0.750	0.750	0	25	100.650	483.700
75	0	0	3	387.675	727.625	101.025	118.725	0.750	0.750	0.750	0.750	0	25	100.650	483.700
75	0	1	3	387.675	451.575	118.725	150.625	0.750	0.750	0.750	0.750	0	25	100.650	483.700
75	0	1	4	451.575	545.275	118.725	137.875	0.750	0.750	0.750	0.750	0	25	100.650	483.700
75	0	1	7	545.275	638.375	118.725	137.875	0.750	0.750	0.750	0.750	0	25	100.650	483.700
75	0	1	9	638.375	727.625	118.725	137.875	0.750	0.750	0.750	0.750	0	25	100.650	483.700
75	0	2	4	451.575	499.525	137.875	150.625	0.750	0.750	0.750	0.750	0	25	100.650	483.700
75	0	2	6	499.525	545.275	137.875	150.625	0.750	0.750	0.750	0.750	0	25	100.650	483.700
75	0	2	7	545.275	590.625	137.875	150.625	0.750	0.750	0.750	0.750	0	25	100.650	483.700
75	0	2	8	590.625	638.375	137.875	150.625	0.750	0.750	0.750	0.750	0	25	100.650	483.700
75	0	2	9	638.375	684.525	137.875	150.625	0.750	0.750	0.750	0.750	0	25	100.650	483.700
75	0	2	10	684.525	727.625	137.875	150.625	0.750	0.750	0.750	0.750	0	25	100.650	483.700
75	0	3	0	64.375	727.625	150.625	165.075	0.750	0.750	0.750	0.750	0	25	100.650	483.700
75	0	4	0	64.375	284.125	165.075	179.425	0.750	0.750	0.750	0.750	0	25	100.650	483.700
75	0	4	1	284.125	332.425	165.075	179.425	0.750	0.750	0.750	0.750	0	25	100.650	483.700
75	0	4	2	332.425	387.675	165.075	179.425	0.750	0.750	0.750	0.750	0	25	100.650	483.700
75	0	4	3	387.675	451.575	165.075	179.425	0.750	0.750	0.750	0.750	0	25	100.650	483.700
75	0	4	4	451.575	498.375	165.075	179.425	0.750	0.750	0.750	0.750	0	25	100.650	483.700
75	0	4	5	498.375	545.275	165.075	179.425	0.750	0.750	0.750	0.750	0	25	100.650	483.700
75	0	4	7	545.275	638.375	165.075	179.425	0.750	0.750	0.750	0.750	0	25	100.650	483.700
75	0	4	9	638.375	684.525	165.075	179.425	0.750	0.750	0.750	0.750	0	25	100.650	483.700
75	0	4	10	684.525	727.625	165.075	179.425	0.750	0.750	0.750	0.750	0	25	100.650	483.700
75	0	5	0	64.375	284.125	179.425	193.775	0.750	0.750	0.750	0.750	0	25	100.650	483.700
75	0	5	1	284.125	332.425	179.425	193.775	0.750	0.750	0.750	0.750	0	25	100.650	483.700
75	0	5	2	332.425	387.675	179.425	193.775	0.750	0.750	0.750	0.750	0	25	100.650	483.700
75	0	5	3	387.675	451.575	179.425	193.775	0.750	0.750	0.750	0.750	0	25	100.650	483.700
75	0	5	4	451.575	498.375	179.425	193.775	0.750	0.750	0.750	0.750	0	25	100.650	483.700
75	0	5	5	498.375	545.275	179.425	193.775	0.750	0.750	0.750	0.750	0	25	100.650	483.700
75	0	5	7	545.275	638.375	179.425	193.775	0.750	0.750	0.750	0.750	0	25	100.650	483.700
75	0	5	9	638.375	684.525	179.425	193.775	0.750	0.750	0.750	0.750	0	25	100.650	483.700
75	0	5	10	684.525	727.625	179.425	193.775	0.750	0.750	0.750	0.750	0	25	100.650	483.700
75	0	6	0	64.375	727.625	193.775	208.225	0.750	0.750	0.750	0.750	0	25	100.650	483.700
75	0	7	0	64.375	284.125	208.225	222.675	0.750	0.750	0.750	0.750	0	25	100.650	483.700
75	0	7	1	284.125	332.425	208.225	222.675	0.750	0.750	0.750	0.750	0	25	100.650	483.700
75	0	7	2	332.425	387.675	208.225	222.675	0.750	0.750	0.750	0.750	0	25	100.650	483.700
75	0	7	3	387.675	451.575	208.225	222.675	0.750	0.750	0.750	0.750	0	25	100.650	483.700
75	0	7	4	451.575	499.525	208.225	222.675	0.750	0.750	0.750	0.750	0	25	100.650	483.700
75	0	7	6	499.525	545.275	208.225	222.675	0.750	0.750	0.750	0.750	0	25	100.650	483.700
75	0	7	7	545.275	638.375	208.225	222.675	0.750	0.750	0.750	0.750	0	25	100.650	483.700
75	0	7	9	638.375	684.525	208.225	222.675	0.750	0.750	0.750	0.750	0	25	100.650	483.700
75	0	7	10	684.525	727.625	208.225	222.675	0.750	0.750	0.750	0.750	0	25	100.650	483.700
75	0	8	0	64.375	727.625	222.675	237.125	0.750	0.750	0.750	0.750	0	25	100.650	483.700
75	0	9	0	64.375	284.125	237.125	251.575	0.750	0.750	0.750	0.750	0	25	100.650	483.700
75	0	9	1	284.125	332.425	237.125	251.575	0.750	0.750	0.750	0.750	0	25	100.650	483.700
75	0	9	2	332.425	387.675	237.125	251.575	0.750	0.750	0.750	0.750	0	25	100.650	483.700
75	0	9	3	387.675	451.575	237.125	251.575	0.750	0.750	0.750	0.750	0	25	100.650	483.700
75	0	9	4	451.575	499.525	237.125	251.575	0.750	0.750	0.750	0.750	0	25	100.650	483.700
75	0	9	6	499.525	545.275	237.125	251.575	0.750	0.750	0.750	0.750	0	25	100.650	483.700
75	0	9	7	545.275	638.375	237.125	251.575	0.750	0.750	0.750	0.750	0	25	100.650	483.700
75	0	9	9	638.375	684.525	237.125	251.575	0.750	0.750	0.750	0.750	0	25	100.650	483.700
75	0	9	10	684.525	727.625	237.125	251.575	0.750	0.750	0.750	0.750	0	25	100.650	483.700
75	0	10	0	64.375	284.125	251.575	275.125	0.750	0.750	0.750	0.750	0	25	100.650	483.700
75	0	10	1	284.125	332.425	251.575	275.125	0.750	0.750	0.750	0.750	0	25	100.650	483.700
75	0	10	2	332.425	387.675	251.575	275.125	0.750	0.750	0.750	0.750	0	25	100.650	483.700
75	0	10	3	387.675	451.575	251.575	275.125	0.750	0.750	0.750	0.750	0	25	100.650	483.700
75	0	10	4	451.575	499.525	251.575	275.125	0.750	0.750	0.750	0.750	0	25	100.650	483.700
75	0	10	6	499.525	545.275	251.575	275.125	0.750	0.750	0.750	0.750	0	25	100.650	483.700
75	0	10	7	545.275	638.375	251.575	275.125	0.750	0.750	0.750	0.750	0	25	100.650	483.700
75	0	10	9	638.375	684.525	251.575	275.125	0.750	0.750	0.750	0.750	0	25	100.650	483.700
75	0	10	10	684.525	727.625	251.575	275.125	0.750	0.750	0.750	0.750	0	25	100.650	483.700
75	0	11	0	64.375	284.125	275.125	296.975	0.750	0.750	0.750	0.750	0	25	100.650	483.700
75	0	11	1	284.125	332.425	275.125	296.975	0.750	0.750	0.750	0.750	0	25	100.650	483.700
75	0	11	2	332.425	387.675	275.125	296.975	0.750	0.750	0.750	0.750	0	25	100.650	483.700
75	0	11	3	387.675	451.575	275.125	296.975	0.750	0.750	0.750	0.750	0	25	100.650	483.700
75	0	11	4	451.575	499.525	275.125	296.975	0.750	0.750	0.750	0.750	0	25	100.650	483.700
75	0	11	6	499.525	545.275	275.125	296.975	0.750	0.750	0.750	0.750	0	25	100.650	483.700
75	0	11	7	545.275	638.375	275.125	296.975	0.750	0.750	0.750	0.750	0	25	100.650	483.700
75	0	11	9	638.375	684.525	275.125	296.975	0.750	0.750	0.750	0.750	0	25	100.650	483.700
75	0	11	10	684.525	727.625	275.125	296.975	0.750	0.750	0.750	0.750	0	25	100.650	483.700
75	0	12	0	64.375	727.625	296.975	311.425	0.750	0.750	0.750	0.750	0	25	100.650	483.700
75	0	13	0	64.375	284.125	311.425	325.875	0.750	0.750	0.750	0.750	0	25	100.650	483.700
75	0	13	1	284.125	332.425	311.425	325.875	0.750	0.750	0.750	0.750	0	25	100.650	483.700
75	0	13	2	332.425	387.675	311.425	325.875	0.750	0.750	0.750	0.750	0	25	100.650	483.700
75	0	13	3	387.675	451.575	311.425	325.875	0.750	0.750	0.750	0.750	0	25	100.650	483.700
75	0	13	4	451.575	499.525	311.425	325.875	0.750	0.750	0.750	0.750	0	25	100.650	483.700
75	0	13	6	499.525	545.275	311.425	325.875	0.750	0.750	0.750	0.750	0	25	100.650	483.700
75	0	13	7	545.275	638.375	311.425	325.875	0.750	0.750	0.750	0.750	0	25	100.650	483.700
75	0	13	9	638.375	684.525	311.425	325.875	0.750	0.750	0.750	0.750	0	25	100.650	483.700
75	0	13	10	684.525	727.625	311.425	325.875	0.750	0.750	0.750	0.750	0	25	100.650	483.700
75	0	14	0	64.375	284.125	325.875	340.325	0.750	0.750	0.750	0.750	0	25	100.650	483.700
75	0	14	1	284.125	332.425	325.875	340.325	0.750	0.750	0.750	0.750	0	25	100.650	483.700
75	0	14	2	332.425	387.675	325.875	340.325	0.750	0.750	0.750	0.750	0	25	100.650	483.700
75	0	14	3	387.675	451.575	325.875	340.325	0.750	0.750	0.750	0.750	0	25	100.650	483.700
75	0	14	4	451.575	499.525	325.875	340.325	0.750	0.750	0.750	0.750	0	25	100.650	483.700
75	0	14	6	499.525	545.275	325.875	340.325	0.750	0.750	0.750	0.750	0	25	100.650	483.700
75	0	14	7	545.275	638.375	325.875	340.325	0.750	0.750	0.750	0.750	0	25	100.650	483.700
75	0	14	9	638.375	684.525	325.875	340.325	0.750	0.750	0.750	0.750	0	25	100.650	483.700
75	0	14	10	684.525	727.625	325.875	340.325	0.750	0.750	0.750	0.750	0	25	100.650	483.700
75	0	15	0	64.375	727.625	340.325	354.775	0.750	0.750	0.750	0.750	0	25	100.650	483.700
75	0	16	0	64.375	284.125	354.775	369.225	0.750	0.750	0.750	0.750	0	25	100.650	483.700
75	0	16	1	284.125	332.425	354.775	369.225	0.750	0.750	0.750	0.750	0	25	100.650	483.700
75	0	16	2	332.425	387.675	354.775	369.225	0.750	0.750	0.750	0.750	0	25	100.650	483.700
75	0	16	3	387.675	451.575	354.775	369.225	0.750	0.750	0.750	0.750	0	25	100.650	483.700
75	0	16	4	451.575	499.525	354.775	369.225	0.750	0.750	0.750	0.750	0	25	100.650	483.700
75	0	16	6	499.525	545.275	354.775	369.225	0.750	0.750	0.750	0.750	0	25	100.650	483.700
75	0	16	7	545.275	638.375	354.775	369.225	0.750	0.750	0.750	0.750	0	25	100.650	483.700
75	0	16	9	638.375	684.525	354.775	369.225	0.750	0.750	0.750	0.750	0	25	100.650	483.700
75	0	16	10	684.525	727.625	354.775	369.225	0.750	0.750	0.750	0.750	0	25	100.650	483.700
75	0	17	0	64.375	284.125	369.225	383.675	0.750	0.750	0.750	0.750	0	25	100.650	483.700
75	0	17	1	284.125	332.425	369.225	383.675	0.750	0.750	0.750	0.750	0	25	100.650	483.700
75	0	17	2	332.425	387.675	369.225	383.675	0.750	0.750	0.750	0.750	0	25	100.650	483.700
75	0	17	3	387.675	451.575	369.225	383.675	0.750	0.750	0.750	0.750	0	25	100.650	483.700
75	0	17	4	451.575	499.525	369.225	383.675	0.750	0.750	0.750	0.750	0	25	100.650	483.700
75	0	17	6	499.525	545.275	369.225	383.675	0.750	0.750	0.750	0.750	0	25	100.650	483.700
75	0	17	7	545.275	638.375	369.225	383.675	0.750	0.750	0.750	0.750	0	25	100.650	483.700
75	0	17	9	638.375	684.525	369.225	383.675	0.750	0.750	0.750	0.750	0	25	100.650	483.700
75	0	17	10	684.525	727.625	369.225	383.675	0.750	0.750	0.750	0.750	0	25	100.650	483.700
75	0	18	0	64.375	284.125	383.675	398.125	0.750	0.750	0.750	0.750	0	25	100.650	483.700
75	0	18	1	284.125	332.425	383.675	398.125	0.750	0.750	0.750	0.750	0	25	100.650	483.700
75	0	18	2	332.425	387.675	383.675	398.125	0.750	0.750	0.750	0.750	0	25	100.650	483.700
75	0	18	3	387.675	451.575	383.675	398.125	0.750	0.750	0.750	0.750	0	25	100.650	483.700
75	0	18	4	451.575	499.525	383.675	398.125	0.750	0.750	0.750	0.750	0	25	100.650	483.700
75	0	18	6	499.525	545.275	383.675	398.125	0.750	0.750	0.750	0.750	0	25	100.650	483.700
75	0	18	7	545.275	638.375	383.675	398.125	0.750	0.750	0.750	0.750	0	25	100.650	483.700
75	0	18	9	638.375	684.525	383.675	398.125	0.750	0.750	0.750	0.750	0	25	100.650	483.700
75	0	18	10	684.525	727.625	383.675	398.125	0.750	0.750	0.750	0.750	0	25	100.650	483.700
75	0	19	0	64.375	284.125	398.125	412.575	0.750	0.750	0.750	0.750	0	25	100.650	483.700
75	0	19	1	284.125	332.425	398.125	412.575	0.750	0.750	0.750	0.750	0	25	100.650	483.700
75	0	19	2	332.425	387.675	398.125	412.575	0.750	0.750	0.750	0.750	0	25	100.650	483.700
75	0	19	3	387.675	451.575	398.125	412.575	0.750	0.750	0.750	0.750	0	25	100.650	483.700
75	0	19	4	451.575	499.525	398.125	412.575	0.750	0.750	0.750	0.750	0	25	100.650	483.700
75	0	19	6	499.525	545.275	398.125	412.575	0.750	0.750	0.750	0.750	0	25	100.650	483.700
75	0	19	7	545.275	638.375	398.125	412.575	0.750	0.750	0.750	0.750	0	25	100.650	483.700
75	0	19	9	638.375	684.525	398.125	412.575	0.750	0.750	0.750	0.750	0	25	100.650	483.700
75	0	19	10	684.525	727.625	398.125	412.575	0.750	0.750	0.750	0.750	0	25	100.650	483.700
75	0	20	0	64.375	727.625	412.575	427.025	0.750	0.750	0.750	0.750	0	25	100.650	483.700
75	0	21	0	64.375	284.125	427.025	441.475	0.750	0.750	0.750	0.750	0	25	100.650	483.700
75	0	21	1	284.125	332.425	427.025	441.475	0.750	0.750	0.750	0.750	0	25	100.650	483.700
75	0	21	2	332.425	387.675	427.025	441.475	0.750	0.750	0.750	0.750	0	25	100.650	483.700
75	0	21	3	387.675	451.575	427.025	441.475	0.750	0.750	0.750	0.750	0	25	100.650	483.700
75	0	21	4	451.575	499.525	427.025	441.475	0.750	0.750	0.750	0.750	0	25	100.650	483.700
75	0	21	6	499.525	545.275	427.025	441.475	0.750	0.750	0.750	0.750	0	25	100.650	483.700
75	0	21	7	545.275	638.375	427.025	441.475	0.750	0.750	0.750	0.750	0	25	100.650	483.700
75	0	21	9	638.375	684.525	427.025	441.475	0.750	0.750	0.750	0.750	0	25	100.650	483.700
75	0	21	10	684.525	727.625	427.025	441.475	0.750	0.750	0.750	0.750	0	25	100.650	483.700
75	0	22	0	64.375	284.125	441.475	455.925	0.750	0.750	0.750	0.750	0	25	100.650	483.700
75	0	22	1	284.125	332.425	441.475	455.925	0.750	0.750	0.750	0.750	0	25	100.650	483.700
75	0	22	2	332.425	387.675	441.475	455.925	0.750	0.750	0.750	0.750	0	25	100.650	483.700
75	0	22	3	387.675	451.575	441.475	455.925	0.750	0.750	0.750	0.750	0	25	100.650	483.700
75	0	22	4	451.575	499.525	441.475	455.925	0.750	0.750	0.750	0.750	0	25	100.650	483.700
75	0	22	6	499.525	545.275	441.475	455.925	0.750	0.750	0.750	0.750	0	25	100.650	483.700
75	0	22	7	545.275	638.375	441.475	455.925	0.750	0.750	0.750	0.750	0	25	100.650	483.700
75	0	22	9	638.375	684.525	441.475	455.925	0.750	0.750	0.750	0.750	0	25	100.650	483.700
75	0	22	10	684.525	727.625	441.475	455.925	0.750	0.750	0.750	0.750	0	25	100.650	483.700
75	0	23	0	64.375	727.625	455.925	469.625	0.750	0.750	0.750	0.750	0	25	100.650	483.700
75	0	24	0	64.375	284.125	469.625	483.325	0.750	0.750	0.750	0.750	0	25	100.650	483.700
75	0	24	1	284.125	332.425	469.625	483.325	0.750	0.750	0.750	0.750	0	25	100.650	483.700
75	0	24	2	332.425	387.675	469.625	483.325	0.750	0.750	0.750	0.750	0	25	100.650	483.700
75	0	24	3	387.675	451.575	469.625	483.325	0.750	0.750	0.750	0.750	0	25	100.650	483.700
75	0	24	4	451.575	545.275	469.625	483.325	0.750	0.750	0.750	0.750	0	25	100.650	483.700
75	0	24	7	545.275	638.375	469.625	483.325	0.750	0.750	0.750	0.750	0	25	100.650	483.700
75	0	24	9	638.375	684.525	469.625	483.325	0.750	0.750	0.750	0.750	0	25	100.650	483.700
75	0	24	10	684.525	727.625	469.625	483.325	0.750	0.750	0.750	0.750	0	25	100.650	483.700
76	0	0	0	64.375	284.125	101.025	150.625	0.750	0.750	0.750	0.750	0	18	100.650	367.450
76	0	0	1	284.125	332.425	101.025	150.625	0.750	0.750	0.750	0.750	0	18	100.650	367.450
76	0	0	2	332.425	387.675	101.025	150.625	0.750	0.750	0.750	0.750	0	18	100.650	367.450
76	0	0	3	387.675	727.625	101.025	118.725	0.750	0.750	0.750	0.750	0	18	100.650	367.450
76	0	1	3	387.675	451.575	118.725	150.625	0.750	0.750	0.750	0.750	0	18	100.650	367.450
76	0	1	4	451.575	545.275	118.725	137.875	0.750	0.750	0.750	0.750	0	18	100.650	367.450
76	0	1	7	545.275	638.375	118.725	137.875	0.750	0.750	0.750	0.750	0	18	100.650	367.450
76	0	1	9	638.375	727.625	118.725	137.875	0.750	0.750	0.750	0.750	0	18	100.650	367.450
76	0	2	4	451.575	499.525	137.875	150.625	0.750	0.750	0.750	0.750	0	18	100.650	367.450
76	0	2	6	499.525	545.275	137.875	150.625	0.750	0.750	0.750	0.750	0	18	100.650	367.450
76	0	2	7	545.275	590.625	137.875	150.625	0.750	0.750	0.750	0.750	0	18	100.650	367.450
76	0	2	8	590.625	638.375	137.875	150.625	0.750	0.750	0.750	0.750	0	18	100.650	367.450
76	0	2	9	638.375	684.525	137.875	150.625	0.750	0.750	0.750	0.750	0	18	100.650	367.450
76	0	2	10	684.525	727.625	137.875	150.625	0.750	0.750	0.750	0.750	0	18	100.650	367.450
76	0	3	0	64.375	727.625	150.625	165.075	0.750	0.750	0.750	0.750	0	18	100.650	367.450
76	0	4	0	64.375	284.125	165.075	179.425	0.750	0.750	0.750	0.750	0	18	100.650	367.450
76	0	4	1	284.125	332.425	165.075	179.425	0.750	0.750	0.750	0.750	0	18	100.650	367.450
76	0	4	2	332.425	387.675	165.075	179.425	0.750	0.750	0.750	0.750	0	18	100.650	367.450
76	0	4	3	387.675	451.575	165.075	179.425	0.750	0.750	0.750	0.750	0	18	100.650	367.450
76	0	4	4	451.575	498.375	165.075	179.425	0.750	0.750	0.750	0.750	0	18	100.650	367.450
76	0	4	5	498.375	545.275	165.075	179.425	0.750	0.750	0.750	0.750	0	18	100.650	367.450
76	0	4	7	545.275	638.375	165.075	179.425	0.750	0.750	0.750	0.750	0	18	100.650	367.450
76	0	4	9	638.375	684.525	165.075	179.425	0.750	0.750	0.750	0.750	0	18	100.650	367.450
76	0	4	10	684.525	727.625	165.075	179.425	0.750	0.750	0.750	0.750	0	18	100.650	367.450
76	0	5	0	64.375	284.125	179.425	193.775	0.750	0.750	0.750	0.750	0	18	100.650	367.450
76	0	5	1	284.125	332.425	179.425	193.775	0.750	0.750	0.750	0.750	0	18	100.650	367.450
76	0	5	2	332.425	387.675	179.425	193.775	0.750	0.750	0.750	0.750	0	18	100.650	367.450
76	0	5	3	387.675	451.575	179.425	193.775	0.750	0.750	0.750	0.750	0	18	100.650	367.450
76	0	5	4	451.575	498.375	179.425	193.775	0.750	0.750	0.750	0.750	0	18	100.650	367.450
76	0	5	5	498.375	545.275	179.425	193.775	0.750	0.750	0.750	0.750	0	18	100.650	367.450
76	0	5	7	545.275	638.375	179.425	193.775	0.750	0.750	0.750	0.750	0	18	100.650	367.450
76	0	5	9	638.375	684.525	179.425	193.775	0.750	0.750	0.750	0.750	0	18	100.650	367.450
76	0	5	10	684.525	727.625	179.425	193.775	0.750	0.750	0.750	0.750	0	18	100.650	367.450
76	0	6	0	64.375	284.125	193.775	208.125	0.750	0.750	0.750	0.750	0	18	100.650	367.450
76	0	6	1	284.125	332.425	193.775	208.125	0.750	0.750	0.750	0.750	0	18	100.650	367.450
76	0	6	2	332.425	387.675	193.775	208.125	0.750	0.750	0.750	0.750	0	18	100.650	367.450
76	0	6	3	387.675	451.575	193.775	208.125	0.750	0.750	0.750	0.750	0	18	100.650	367.450
76	0	6	4	451.575	545.275	193.775	208.125	0.750	0.750	0.750	0.750	0	18	100.650	367.450
76	0	6	7	545.275	638.375	193.775	208.125	0.750	0.750	0.750	0.750	0	18	100.650	367.450
76	0	6	9	638.375	684.525	193.775	208.125	0.750	0.750	0.750	0.750	0	18	100.650	367.450
76	0	6	10	684.525	727.625	193.775	208.125	0.750	0.750	0.750	0.750	0	18	100.650	367.450
76	0	7	0	64.375	727.625	208.125	222.575	0.750	0.750	0.750	0.750	0	18	100.650	367.450
76	0	8	0	64.375	284.125	222.575	237.025	0.750	0.750	0.750	0.750	0	18	100.650	367.450
76	0	8	1	284.125	332.425	222.575	237.025	0.750	0.750	0.750	0.750	0	18	100.650	367.450
76	0	8	2	332.425	387.675	222.575	237.025	0.750	0.750	0.750	0.750	0	18	100.650	367.450
76	0	8	3	387.675	451.575	222.575	237.025	0.750	0.750	0.750	0.750	0	18	100.650	367.450
76	0	8	4	451.575	499.525	222.575	237.025	0.750	0.750	0.750	0.750	0	18	100.650	367.450
76	0	8	6	499.525	545.275	222.575	237.025	0.750	0.750	0.750	0.750	0	18	100.650	367.450
76	0	8	7	545.275	638.375	222.575	237.025	0.750	0.750	0.750	0.750	0	18	100.650	367.450
76	0	8	9	638.375	684.525	222.575	237.025	0.750	0.750	0.750	0.750	0	18	100.650	367.450
76	0	8	10	684.525	727.625	222.575	237.025	0.750	0.750	0.750	0.750	0	18	100.650	367.450
76	0	9	0	64.375	284.125	237.025	251.475	0.750	0.750	0.750	0.750	0	18	100.650	367.450
76	0	9	1	284.125	332.425	237.025	251.475	0.750	0.750	0.750	0.750	0	18	100.650	367.450
76	0	9	2	332.425	387.675	237.025	251.475	0.750	0.750	0.750	0.750	0	18	100.650	367.450
76	0	9	3	387.675	451.575	237.025	251.475	0.750	0.750	0.750	0.750	0	18	100.650	367.450
76	0	9	4	451.575	499.525	237.025	251.475	0.750	0.750	0.750	0.750	0	18	100.650	367.450
76	0	9	6	499.525	545.275	237.025	251.475	0.750	0.750	0.750	0.750	0	18	100.650	367.450
76	0	9	7	545.275	638.375	237.025	251.475	0.750	0.750	0.750	0.750	0	18	100.650	367.450
76	0	9	9	638.375	684.525	237.025	251.475	0.750	0.750	0.750	0.750	0	18	100.650	367.450
76	0	9	10	684.525	727.625	237.025	251.475	0.750	0.750	0.750	0.750	0	18	100.650	367.450
76	0	10	0	64.375	727.625	251.475	265.925	0.750	0.750	0.750	0.750	0	18	100.650	367.450
76	0	11	0	64.375	284.125	265.925	280.375	0.750	0.750	0.750	0.750	0	18	100.650	367.450
76	0	11	1	284.125	332.425	265.925	280.375	0.750	0.750	0.750	0.750	0	18	100.650	367.450
76	0	11	2	332.425	387.675	265.925	280.375	0.750	0.750	0.750	0.750	0	18	100.650	367.450
76	0	11	3	387.675	451.575	265.925	280.375	0.750	0.750	0.750	0.750	0	18	100.650	367.450
76	0	11	4	451.575	545.275	265.925	280.375	0.750	0.750	0.750	0.750	0	18	100.650	367.450
76	0	11	7	545.275	638.375	265.925	280.375	0.750	0.750	0.750	0.750	0	18	100.650	367.450
76	0	11	9	638.375	684.525	265.925	280.375	0.750	0.750	0.750	0.750	0	18	100.650	367.450
76	0	11	10	684.525	727.625	265.925	280.375	0.750	0.750	0.750	0.750	0	18	100.650	367.450
76	0	12	0	64.375	284.125	280.375	294.825	0.750	0.750	0.750	0.750	0	18	100.650	367.450
76	0	12	1	284.125	332.425	280.375	294.825	0.750	0.750	0.750	0.750	0	18	100.650	367.450
76	0	12	2	332.425	387.675	280.375	294.825	0.750	0.750	0.750	0.750	0	18	100.650	367.450
76	0	12	3	387.675	451.575	280.375	294.825	0.750	0.750	0.750	0.750	0	18	100.650	367.450
76	0	12	4	451.575	545.275	280.375	294.825	0.750	0.750	0.750	0.750	0	18	100.650	367.450
76	0	12	7	545.275	638.375	280.375	294.825	0.750	0.750	0.750	0.750	0	18	100.650	367.450
76	0	12	9	638.375	684.525	280.375	294.825	0.750	0.750	0.750	0.750	0	18	100.650	367.450
76	0	12	10	684.525	727.625	280.375	294.825	0.750	0.750	0.750	0.750	0	18	100.650	367.450
76	0	13	0	64.375	727.625	294.825	309.275	0.750	0.750	0.750	0.750	0	18	100.650	367.450
76	0	14	0	64.375	284.125	309.275	323.725	0.750	0.750	0.750	0.750	0	18	100.650	367.450
76	0	14	1	284.125	332.425	309.275	323.725	0.750	0.750	0.750	0.750	0	18	100.650	367.450
76	0	14	2	332.425	387.675	309.275	323.725	0.750	0.750	0.750	0.750	0	18	100.650	367.450
76	0	14	3	387.675	451.575	309.275	323.725	0.750	0.750	0.750	0.750	0	18	100.650	367.450
76	0	14	4	451.575	499.525	309.275	323.725	0.750	0.750	0.750	0.750	0	18	100.650	367.450
76	0	14	6	499.525	545.275	309.275	323.725	0.750	0.750	0.750	0.750	0	18	100.650	367.450
76	0	14	7	545.275	638.375	309.275	323.725	0.750	0.750	0.750	0.750	0	18	100.650	367.450
76	0	14	9	638.375	684.525	309.275	323.725	0.750	0.750	0.750	0.750	0	18	100.650	367.450
76	0	14	10	684.525	727.625	309.275	323.725	0.750	0.750	0.750	0.750	0	18	100.650	367.450
76	0	15	0	64.375	727.625	323.725	338.175	0.750	0.750	0.750	0.750	0	18	100.650	367.450
76	0	16	0	64.375	284.125	338.175	352.625	0.750	0.750	0.750	0.750	0	18	100.650	367.450
76	0	16	1	284.125	332.425	338.175	352.625	0.750	0.750	0.750	0.750	0	18	100.650	367.450
76	0	16	2	332.425	387.675	338.175	352.625	0.750	0.750	0.750	0.750	0	18	100.650	367.450
76	0	16	3	387.675	451.575	338.175	352.625	0.750	0.750	0.750	0.750	0	18	100.650	367.450
76	0	16	4	451.575	545.275	338.175	352.625	0.750	0.750	0.750	0.750	0	18	100.650	367.450
76	0	16	7	545.275	638.375	338.175	352.625	0.750	0.750	0.750	0.750	0	18	100.650	367.450
76	0	16	9	638.375	684.525	338.175	352.625	0.750	0.750	0.750	0.750	0	18	100.650	367.450
76	0	16	10	684.525	727.625	338.175	352.625	0.750	0.750	0.750	0.750	0	18	100.650	367.450
76	0	17	0	64.375	284.125	352.625	367.075	0.750	0.750	0.750	0.750	0	18	100.650	367.450
76	0	17	1	284.125	332.425	352.625	367.075	0.750	0.750	0.750	0.750	0	18	100.650	367.450
76	0	17	2	332.425	387.675	352.625	367.075	0.750	0.750	0.750	0.750	0	18	100.650	367.450
76	0	17	3	387.675	451.575	352.625	367.075	0.750	0.750	0.750	0.750	0	18	100.650	367.450
76	0	17	4	451.575	545.275	352.625	367.075	0.750	0.750	0.750	0.750	0	18	100.650	367.450
76	0	17	7	545.275	638.375	352.625	367.075	0.750	0.750	0.750	0.750	0	18	100.650	367.450
76	0	17	9	638.375	684.525	352.625	367.075	0.750	0.750	0.750	0.750	0	18	100.650	367.450
76	0	17	10	684.525	727.625	352.625	367.075	0.750	0.750	0.750	0.750	0	18	100.650	367.450
77	0	0	0	56.000	155.200	101.150	163.500	1.000	1.000	1.000	1.000	0	31	100.650	519.225
77	0	0	1	155.200	192.100	101.150	163.500	1.000	1.000	none	1.000	0	31	100.650	519.225
77	0	0	2	192.100	241.550	101.150	163.500	1.000	1.000	none	1.000	0	31	100.650	519.225
77	0	0	3	241.550	298.650	101.150	163.500	1.000	1.000	none	1.000	0	31	100.650	519.225
77	0	0	4	298.650	497.150	101.150	116.300	1.000	1.000	none	1.000	0	31	100.650	519.225
77	0	0	8	497.150	736.000	101.150	116.300	1.000	1.000	none	1.000	0	31	100.650	519.225
77	0	1	4	298.650	397.850	116.300	151.650	1.000	1.000	none	1.000	0	31	100.650	519.225
77	0	1	6	397.850	497.150	116.300	151.650	1.000	1.000	none	1.000	0	31	100.650	519.225
77	0	1	8	497.150	616.250	116.300	128.650	1.000	1.000	none	1.000	0	31	100.650	519.225
77	0	1	10	616.250	736.000	116.300	128.650	none	1.000	1.000	1.000	0	31	100.650	519.225
77	0	2	8	497.150	556.700	128.650	163.500	none	1.000	1.000	1.000	0	31	100.650	519.225
77	0	2	9	556.700	616.250	128.650	163.500	none	1.000	1.000	1.000	0	31	100.650	519.225
77	0	2	10	616.250	675.900	128.650	163.500	none	1.000	1.000	1.000	0	31	100.650	519.225
77	0	2	11	675.900	736.000	128.650	163.500	none	1.000	1.000	1.000	0	31	100.650	519.225
77	0	3	4	298.650	348.150	151.650	163.500	none	1.000	none	1.000	0	31	100.650	519.225
77	0	3	5	348.150	397.850	151.650	163.500	none	1.000	none	1.000	0	31	100.650	519.225
77	0	3	6	397.850	447.500	151.650	163.500	none	1.000	none	1.000	0	31	100.650	519.225
77	0	3	7	447.500	497.150	151.650	163.500	none	1.000	none	1.000	0	31	100.650	519.225
77	0	4	0	56.000	736.000	163.500	180.250	1.000	1.000	1.000	1.000	0	31	100.650	519.225
77	0	5	0	56.000	155.200	180.250	216.550	none	1.000	1.000	1.000	0	31	100.650	519.225
77	0	5	1	155.200	192.100	180.250	216.550	none	1.000	1.000	1.000	0	31	100.650	519.225
77	0	5	2	192.100	241.550	180.250	216.550	none	1.000	1.000	1.000	0	31	100.650	519.225
77	0	5	3	241.550	298.650	180.250	192.600	none	0.500	none	1.000	0	31	100.650	519.225
77	0	5	4	298.650	397.850	180.250	192.600	1.000	0.500	none	1.000	0	31	100.650	519.225
77	0	5	6	397.850	447.500	180.250	192.600	none	0.500	none	1.000	0	31	100.650	519.225
77	0	5	7	447.500	497.150	180.250	192.600	none	0.500	none	1.000	0	31	100.650	519.225
77	0	5	8	497.150	556.700	180.250	192.600	none	0.500	none	1.000	0	31	100.650	519.225
77	0	5	9	556.700	616.250	180.250	192.600	none	0.500	none	1.000	0	31	100.650	519.225
77	0	5	10	616.250	675.900	180.250	192.600	none	0.500	none	1.000	0	31	100.650	519.225
77	0	5	11	675.900	736.000	180.250	192.600	none	0.500	none	1.000	0	31	100.650	519.225
77	0	6	3	241.550	298.650	192.600	204.450	0.500	0.500	none	1.000	0	31	100.650	519.225
77	0	6	4	298.650	397.850	192.600	204.450	0.500	0.500	none	1.000	0	31	100.650	519.225
77	0	6	6	397.850	447.500	192.600	204.450	0.500	0.500	none	1.000	0	31	100.650	519.225
77	0	6	7	447.500	497.150	192.600	204.450	0.500	0.500	none	1.000	0	31	100.650	519.225
77	0	6	8	497.150	556.700	192.600	204.450	0.500	0.500	none	1.000	0	31	100.650	519.225
77	0	6	9	556.700	616.250	192.600	204.450	0.500	0.500	none	1.000	0	31	100.650	519.225
77	0	6	10	616.250	675.900	192.600	204.450	0.500	0.500	none	1.000	0	31	100.650	519.225
77	0	6	11	675.900	736.000	192.600	204.450	0.500	0.500	none	1.000	0	31	100.650	519.225
77	0	7	3	241.550	298.650	204.450	216.550	0.500	1.000	none	1.000	0	31	100.650	519.225
77	0	7	4	298.650	397.850	204.450	216.550	0.500	1.000	none	1.000	0	31	100.650	519.225
77	0	7	6	397.850	447.500	204.450	216.550	0.500	1.000	none	1.000	0	31	100.650	519.225
77	0	7	7	447.500	497.150	204.450	216.550	0.500	1.000	none	1.000	0	31	100.650	519.225
77	0	7	8	497.150	556.700	204.450	216.550	0.500	1.000	none	1.000	0	31	100.650	519.225
77	0	7	9	556.700	616.250	204.450	216.550	0.500	1.000	none	1.000	0	31	100.650	519.225
77	0	7	10	616.250	675.900	204.450	216.550	0.500	1.000	none	1.000	0	31	100.650	519.225
77	0	7	11	675.900	736.000	204.450	216.550	0.500	1.000	none	1.000	0	31	100.650	519.225
77	0	8	0	56.000	736.000	216.550	233.300	1.000	1.000	1.000	1.000	0	31	100.650	519.225
77	0	9	0	56.000	155.200	233.300	269.600	none	1.000	1.000	1.000	0	31	100.650	519.225
77	0	9	1	155.200	192.100	233.300	269.600	none	1.000	1.000	1.000	0	31	100.650	519.225
77	0	9	2	192.100	241.550	233.300	269.600	none	1.000	1.000	1.000	0	31	100.650	519.225
77	0	9	3	241.550	298.650	233.300	245.650	none	0.500	none	1.000	0	31	100.650	519.225
77	0	9	4	298.650	397.850	233.300	245.650	1.000	0.500	none	1.000	0	31	100.650	519.225
77	0	9	6	397.850	447.500	233.300	245.650	none	0.500	none	1.000	0	31	100.650	519.225
77	0	9	7	447.500	497.150	233.300	245.650	none	0.500	none	1.000	0	31	100.650	519.225
77	0	9	8	497.150	556.700	233.300	245.650	none	0.500	none	1.000	0	31	100.650	519.225
77	0	9	9	556.700	616.250	233.300	245.650	none	0.500	none	1.000	0	31	100.650	519.225
77	0	9	10	616.250	675.900	233.300	245.650	none	0.500	none	1.000	0	31	100.650	519.225
77	0	9	11	675.900	736.000	233.300	245.650	none	0.500	none	1.000	0	31	100.650	519.225
77	0	10	3	241.550	298.650	245.650	257.500	0.500	0.500	none	1.000	0	31	100.650	519.225
77	0	10	4	298.650	397.850	245.650	257.500	0.500	0.500	none	1.000	0	31	100.650	519.225
77	0	10	6	397.850	447.500	245.650	257.500	0.500	0.500	none	1.000	0	31	100.650	519.225
77	0	10	7	447.500	497.150	245.650	257.500	0.500	0.500	none	1.000	0	31	100.650	519.225
77	0	10	8	497.150	556.700	245.650	257.500	0.500	0.500	none	1.000	0	31	100.650	519.225
77	0	10	9	556.700	616.250	245.650	257.500	0.500	0.500	none	1.000	0	31	100.650	519.225
77	0	10	10	616.250	675.900	245.650	257.500	0.500	0.500	none	1.000	0	31	100.650	519.225
77	0	10	11	675.900	736.000	245.650	257.500	0.500	0.500	none	1.000	0	31	100.650	519.225
77	0	11	3	241.550	298.650	257.500	269.600	0.500	1.000	none	1.000	0	31	100.650	519.225
77	0	11	4	298.650	397.850	257.500	269.600	0.500	1.000	none	1.000	0	31	100.650	519.225
77	0	11	6	397.850	447.500	257.500	269.600	0.500	1.000	none	1.000	0	31	100.650	519.225
77	0	11	7	447.500	497.150	257.500	269.600	0.500	1.000	none	1.000	0	31	100.650	519.225
77	0	11	8	497.150	556.700	257.500	269.600	0.500	1.000	none	1.000	0	31	100.650	519.225
77	0	11	9	556.700	616.250	257.500	269.600	0.500	1.000	none	1.000	0	31	100.650	519.225
77	0	11	10	616.250	675.900	257.500	269.600	0.500	1.000	none	1.000	0	31	100.650	519.225
77	0	11	11	675.900	736.000	257.500	269.600	0.500	1.000	none	1.000	0	31	100.650	519.225
77	0	12	0	56.000	736.000	269.600	286.350	1.000	1.000	1.000	1.000	0	31	100.650	519.225
77	0	13	0	56.000	155.200	286.350	322.650	none	1.000	1.000	1.000	0	31	100.650	519.225
77	0	13	1	155.200	192.100	286.350	322.650	none	1.000	1.000	1.000	0	31	100.650	519.225
77	0	13	2	192.100	241.550	286.350	322.650	none	1.000	1.000	1.000	0	31	100.650	519.225
77	0	13	3	241.550	298.650	286.350	298.700	none	0.500	none	1.000	0	31	100.650	519.225
77	0	13	4	298.650	397.850	286.350	298.700	1.000	0.500	none	1.000	0	31	100.650	519.225
77	0	13	6	397.850	447.500	286.350	298.700	none	0.500	none	1.000	0	31	100.650	519.225
77	0	13	7	447.500	497.150	286.350	298.700	none	0.500	none	1.000	0	31	100.650	519.225
77	0	13	8	497.150	556.700	286.350	298.700	none	0.500	none	1.000	0	31	100.650	519.225
77	0	13	9	556.700	616.250	286.350	298.700	none	0.500	none	1.000	0	31	100.650	519.225
77	0	13	10	616.250	675.900	286.350	298.700	none	0.500	none	1.000	0	31	100.650	519.225
77	0	13	11	675.900	736.000	286.350	298.700	none	0.500	none	1.000	0	31	100.650	519.225
77	0	14	3	241.550	298.650	298.700	310.550	0.500	0.500	none	1.000	0	31	100.650	519.225
77	0	14	4	298.650	397.850	298.700	310.550	0.500	0.500	none	1.000	0	31	100.650	519.225
77	0	14	6	397.850	447.500	298.700	310.550	0.500	0.500	none	1.000	0	31	100.650	519.225
77	0	14	7	447.500	497.150	298.700	310.550	0.500	0.500	none	1.000	0	31	100.650	519.225
77	0	14	8	497.150	556.700	298.700	310.550	0.500	0.500	none	1.000	0	31	100.650	519.225
77	0	14	9	556.700	616.250	298.700	310.550	0.500	0.500	none	1.000	0	31	100.650	519.225
77	0	14	10	616.250	675.900	298.700	310.550	0.500	0.500	none	1.000	0	31	100.650	519.225
77	0	14	11	675.900	736.000	298.700	310.550	0.500	0.500	none	1.000	0	31	100.650	519.225
77	0	15	3	241.550	298.650	310.550	322.650	0.500	1.000	none	1.000	0	31	100.650	519.225
77	0	15	4	298.650	397.850	310.550	322.650	0.500	1.000	none	1.000	0	31	100.650	519.225
77	0	15	6	397.850	447.500	310.550	322.650	0.500	1.000	none	1.000	0	31	100.650	519.225
77	0	15	7	447.500	497.150	310.550	322.650	0.500	1.000	none	1.000	0	31	100.650	519.225
77	0	15	8	497.150	556.700	310.550	322.650	0.500	1.000	none	1.000	0	31	100.650	519.225
77	0	15	9	556.700	616.250	310.550	322.650	0.500	1.000	none	1.000	0	31	100.650	519.225
77	0	15	10	616.250	675.900	310.550	322.650	0.500	1.000	none	1.000	0	31	100.650	519.225
77	0	15	11	675.900	736.000	310.550	322.650	0.500	1.000	none	1.000	0	31	100.650	519.225
77	0	16	0	56.000	736.000	322.650	339.400	1.000	1.000	1.000	1.000	0	31	100.650	519.225
77	0	17	0	56.000	155.200	339.400	375.700	none	1.000	1.000	1.000	0	31	100.650	519.225
77	0	17	1	155.200	192.100	339.400	375.700	none	1.000	1.000	1.000	0	31	100.650	519.225
77	0	17	2	192.100	241.550	339.400	375.700	none	1.000	1.000	1.000	0	31	100.650	519.225
77	0	17	3	241.550	298.650	339.400	351.750	none	0.500	none	1.000	0	31	100.650	519.225
77	0	17	4	298.650	397.850	339.400	351.750	1.000	0.500	none	1.000	0	31	100.650	519.225
77	0	17	6	397.850	447.500	339.400	351.750	none	0.500	none	1.000	0	31	100.650	519.225
77	0	17	7	447.500	497.150	339.400	351.750	none	0.500	none	1.000	0	31	100.650	519.225
77	0	17	8	497.150	556.700	339.400	351.750	none	0.500	none	1.000	0	31	100.650	519.225
77	0	17	9	556.700	616.250	339.400	351.750	none	0.500	none	1.000	0	31	100.650	519.225
77	0	17	10	616.250	675.900	339.400	351.750	none	0.500	none	1.000	0	31	100.650	519.225
77	0	17	11	675.900	736.000	339.400	351.750	none	0.500	none	1.000	0	31	100.650	519.225
77	0	18	3	241.550	298.650	351.750	363.600	0.500	0.500	none	1.000	0	31	100.650	519.225
77	0	18	4	298.650	397.850	351.750	363.600	0.500	0.500	none	1.000	0	31	100.650	519.225
77	0	18	6	397.850	447.500	351.750	363.600	0.500	0.500	none	1.000	0	31	100.650	519.225
77	0	18	7	447.500	497.150	351.750	363.600	0.500	0.500	none	1.000	0	31	100.650	519.225
77	0	18	8	497.150	556.700	351.750	363.600	0.500	0.500	none	1.000	0	31	100.650	519.225
77	0	18	9	556.700	616.250	351.750	363.600	0.500	0.500	none	1.000	0	31	100.650	519.225
77	0	18	10	616.250	675.900	351.750	363.600	0.500	0.500	none	1.000	0	31	100.650	519.225
77	0	18	11	675.900	736.000	351.750	363.600	0.500	0.500	none	1.000	0	31	100.650	519.225
77	0	19	3	241.550	298.650	363.600	375.700	0.500	1.000	none	1.000	0	31	100.650	519.225
77	0	19	4	298.650	397.850	363.600	375.700	0.500	1.000	none	1.000	0	31	100.650	519.225
77	0	19	6	397.850	447.500	363.600	375.700	0.500	1.000	none	1.000	0	31	100.650	519.225
77	0	19	7	447.500	497.150	363.600	375.700	0.500	1.000	none	1.000	0	31	100.650	519.225
77	0	19	8	497.150	556.700	363.600	375.700	0.500	1.000	none	1.000	0	31	100.650	519.225
77	0	19	9	556.700	616.250	363.600	375.700	0.500	1.000	none	1.000	0	31	100.650	519.225
77	0	19	10	616.250	675.900	363.600	375.700	0.500	1.000	none	1.000	0	31	100.650	519.225
77	0	19	11	675.900	736.000	363.600	375.700	0.500	1.000	none	1.000	0	31	100.650	519.225
77	0	20	0	56.000	736.000	375.700	392.450	1.000	1.000	1.000	1.000	0	31	100.650	519.225
77	0	21	0	56.000	155.200	392.450	429.500	1.000	none	1.000	1.000	0	31	100.650	519.225
77	0	21	1	155.200	192.100	392.450	429.500	1.000	none	1.000	1.000	0	31	100.650	519.225
77	0	21	2	192.100	241.550	392.450	429.500	1.000	none	1.000	1.000	0	31	100.650	519.225
77	0	21	3	241.550	298.650	392.450	404.800	1.000	0.500	1.000	1.000	0	31	100.650	519.225
77	0	21	4	298.650	397.850	392.450	404.800	1.000	1.000	1.000	1.000	0	31	100.650	519.225
77	0	21	6	397.850	447.500	392.450	404.800	1.000	1.000	1.000	1.000	0	31	100.650	519.225
77	0	21	7	447.500	497.150	392.450	404.800	1.000	1.000	1.000	1.000	0	31	100.650	519.225
77	0	21	8	497.150	556.700	392.450	404.800	1.000	1.000	1.000	1.000	0	31	100.650	519.225
77	0	21	9	556.700	616.250	392.450	404.800	1.000	1.000	1.000	1.000	0	31	100.650	519.225
77	0	21	10	616.250	675.900	392.450	404.800	1.000	1.000	1.000	1.000	0	31	100.650	519.225
77	0	21	11	675.900	736.000	392.450	404.800	1.000	1.000	1.000	1.000	0	31	100.650	519.225
77	0	22	3	241.550	298.650	404.800	417.150	0.500	0.500	1.000	1.000	0	31	100.650	519.225
77	0	22	4	298.650	497.150	404.800	417.150	1.000	1.000	1.000	1.000	0	31	100.650	519.225
77	0	22	8	497.150	736.000	404.800	417.150	1.000	1.000	1.000	1.000	0	31	100.650	519.225
77	0	23	3	241.550	298.650	417.150	429.500	0.500	none	1.000	1.000	0	31	100.650	519.225
77	0	23	4	298.650	497.150	417.150	429.500	1.000	none	1.000	1.000	0	31	100.650	519.225
77	0	23	8	497.150	736.000	417.150	429.500	1.000	1.000	1.000	1.000	0	31	100.650	519.225
77	0	24	0	56.000	736.000	429.500	446.250	1.000	1.000	1.000	1.000	0	31	100.650	519.225
77	0	25	0	56.000	155.200	446.250	482.550	none	1.000	1.000	1.000	0	31	100.650	519.225
77	0	25	1	155.200	192.100	446.250	482.550	none	1.000	1.000	1.000	0	31	100.650	519.225
77	0	25	2	192.100	241.550	446.250	482.550	none	1.000	1.000	1.000	0	31	100.650	519.225
77	0	25	3	241.550	298.650	446.250	458.600	none	0.500	none	1.000	0	31	100.650	519.225
77	0	25	4	298.650	397.850	446.250	458.600	1.000	0.500	none	1.000	0	31	100.650	519.225
77	0	25	6	397.850	447.500	446.250	458.600	none	0.500	none	1.000	0	31	100.650	519.225
77	0	25	7	447.500	497.150	446.250	458.600	none	0.500	none	1.000	0	31	100.650	519.225
77	0	25	8	497.150	556.700	446.250	458.600	none	0.500	none	1.000	0	31	100.650	519.225
77	0	25	9	556.700	616.250	446.250	458.600	none	0.500	none	1.000	0	31	100.650	519.225
77	0	25	10	616.250	675.900	446.250	458.600	none	0.500	none	1.000	0	31	100.650	519.225
77	0	25	11	675.900	736.000	446.250	458.600	none	0.500	none	1.000	0	31	100.650	519.225
77	0	26	3	241.550	298.650	458.600	470.450	0.500	0.500	none	1.000	0	31	100.650	519.225
77	0	26	4	298.650	397.850	458.600	470.450	0.500	0.500	none	1.000	0	31	100.650	519.225
77	0	26	6	397.850	447.500	458.600	470.450	0.500	0.500	none	1.000	0	31	100.650	519.225
77	0	26	7	447.500	497.150	458.600	470.450	0.500	0.500	none	1.000	0	31	100.650	519.225
77	0	26	8	497.150	556.700	458.600	470.450	0.500	0.500	none	1.000	0	31	100.650	519.225
77	0	26	9	556.700	616.250	458.600	470.450	0.500	0.500	none	1.000	0	31	100.650	519.225
77	0	26	10	616.250	675.900	458.600	470.450	0.500	0.500	none	1.000	0	31	100.650	519.225
77	0	26	11	675.900	736.000	458.600	470.450	0.500	0.500	none	1.000	0	31	100.650	519.225
77	0	27	3	241.550	298.650	470.450	482.550	0.500	1.000	none	1.000	0	31	100.650	519.225
77	0	27	4	298.650	397.850	470.450	482.550	0.500	1.000	none	1.000	0	31	100.650	519.225
77	0	27	6	397.850	447.500	470.450	482.550	0.500	1.000	none	1.000	0	31	100.650	519.225
77	0	27	7	447.500	497.150	470.450	482.550	0.500	1.000	none	1.000	0	31	100.650	519.225
77	0	27	8	497.150	556.700	470.450	482.550	0.500	1.000	none	1.000	0	31	100.650	519.225
77	0	27	9	556.700	616.250	470.450	482.550	0.500	1.000	none	1.000	0	31	100.650	519.225
77	0	27	10	616.250	675.900	470.450	482.550	0.500	1.000	none	1.000	0	31	100.650	519.225
77	0	27	11	675.900	736.000	470.450	482.550	0.500	1.000	none	1.000	0	31	100.650	519.225
77	0	28	0	56.000	155.200	482.550	518.850	none	1.000	1.000	1.000	0	31	100.650	519.225
77	0	28	1	155.200	192.100	482.550	518.850	none	1.000	1.000	1.000	0	31	100.650	519.225
77	0	28	2	192.100	241.550	482.550	518.850	none	1.000	1.000	1.000	0	31	100.650	519.225
77	0	28	3	241.550	298.650	482.550	494.650	0.500	1.000	none	1.000	0	31	100.650	519.225
77	0	28	4	298.650	397.850	482.550	494.650	0.500	1.000	none	1.000	0	31	100.650	519.225
77	0	28	6	397.850	447.500	482.550	494.650	0.500	1.000	none	1.000	0	31	100.650	519.225
77	0	28	7	447.500	497.150	482.550	494.650	0.500	1.000	none	1.000	0	31	100.650	519.225
77	0	28	8	497.150	556.700	482.550	494.650	0.500	1.000	none	1.000	0	31	100.650	519.225
77	0	28	9	556.700	616.250	482.550	494.650	0.500	1.000	none	1.000	0	31	100.650	519.225
77	0	28	10	616.250	675.900	482.550	494.650	0.500	1.000	none	1.000	0	31	100.650	519.225
77	0	28	11	675.900	736.000	482.550	494.650	0.500	1.000	none	1.000	0	31	100.650	519.225
77	0	29	3	241.550	298.650	494.650	506.750	0.500	1.000	none	1.000	0	31	100.650	519.225
77	0	29	4	298.650	497.150	494.650	506.750	0.500	1.000	none	1.000	0	31	100.650	519.225
77	0	29	8	497.150	736.000	494.650	506.750	0.500	1.000	none	1.000	0	31	100.650	519.225
77	0	30	3	241.550	298.650	506.750	518.850	0.500	1.000	none	1.000	0	31	100.650	519.225
77	0	30	4	298.650	497.150	506.750	518.850	0.500	1.000	none	1.000	0	31	100.650	519.225
77	0	30	8	497.150	736.000	506.750	518.850	0.500	1.000	none	1.000	0	31	100.650	519.225
78	0	0	0	57.600	155.700	101.150	163.500	1.000	1.000	1.000	1.000	0	19	100.650	357.225
78	0	0	1	155.700	190.950	101.150	163.500	1.000	1.000	none	1.000	0	19	100.650	357.225
78	0	0	2	190.950	238.500	101.150	163.500	1.000	1.000	none	1.000	0	19	100.650	357.225
78	0	0	3	238.500	293.300	101.150	163.500	1.000	1.000	none	1.000	0	19	100.650	357.225
78	0	0	4	293.300	488.150	101.150	116.300	1.000	1.000	none	1.000	0	19	100.650	357.225
78	0	0	8	488.150	734.400	101.150	116.300	1.000	1.000	none	1.000	0	19	100.650	357.225
78	0	1	4	293.300	390.450	116.300	151.650	1.000	1.000	none	1.000	0	19	100.650	357.225
78	0	1	6	390.450	488.150	116.300	151.650	1.000	1.000	none	1.000	0	19	100.650	357.225
78	0	1	8	488.150	611.550	116.300	128.650	1.000	1.000	none	1.000	0	19	100.650	357.225
78	0	1	10	611.550	734.400	116.300	128.650	none	1.000	1.000	1.000	0	19	100.650	357.225
78	0	2	8	488.150	545.950	128.650	163.500	none	1.000	1.000	1.000	0	19	100.650	357.225
78	0	2	9	545.950	611.550	128.650	163.500	none	1.000	1.000	1.000	0	19	100.650	357.225
78	0	2	10	611.550	670.850	128.650	163.500	none	1.000	1.000	1.000	0	19	100.650	357.225
78	0	2	11	670.850	734.400	128.650	163.500	none	1.000	1.000	1.000	0	19	100.650	357.225
78	0	3	4	293.300	341.600	151.650	163.500	none	1.000	none	1.000	0	19	100.650	357.225
78	0	3	5	341.600	390.450	151.650	163.500	none	1.000	none	1.000	0	19	100.650	357.225
78	0	3	6	390.450	438.750	151.650	163.500	none	1.000	none	1.000	0	19	100.650	357.225
78	0	3	7	438.750	488.150	151.650	163.500	none	1.000	none	1.000	0	19	100.650	357.225
78	0	4	0	57.600	734.400	163.500	178.900	1.000	none	1.000	1.000	0	19	100.650	357.225
78	0	5	0	57.600	155.700	178.900	214.450	1.000	none	1.000	1.000	0	19	100.650	357.225
78	0	5	1	155.700	190.950	178.900	214.450	1.000	none	1.000	1.000	0	19	100.650	357.225
78	0	5	2	190.950	238.500	178.900	214.450	1.000	none	1.000	1.000	0	19	100.650	357.225
78	0	5	3	238.500	293.300	178.900	190.750	1.000	none	1.000	1.000	0	19	100.650	357.225
78	0	5	4	293.300	390.450	178.900	190.750	1.000	none	1.000	1.000	0	19	100.650	357.225
78	0	5	6	390.450	438.750	178.900	190.750	1.000	none	1.000	1.000	0	19	100.650	357.225
78	0	5	7	438.750	488.150	178.900	190.750	1.000	none	1.000	1.000	0	19	100.650	357.225
78	0	5	8	488.150	545.950	178.900	190.750	1.000	none	1.000	1.000	0	19	100.650	357.225
78	0	5	9	545.950	611.550	178.900	190.750	1.000	none	1.000	1.000	0	19	100.650	357.225
78	0	5	10	611.550	670.850	178.900	190.750	1.000	none	1.000	1.000	0	19	100.650	357.225
78	0	5	11	670.850	734.400	178.900	190.750	1.000	none	1.000	1.000	0	19	100.650	357.225
78	0	6	3	238.500	293.300	190.750	202.600	1.000	none	1.000	1.000	0	19	100.650	357.225
78	0	6	4	293.300	488.150	190.750	202.600	1.000	none	1.000	1.000	0	19	100.650	357.225
78	0	6	8	488.150	734.400	190.750	202.600	1.000	none	1.000	1.000	0	19	100.650	357.225
78	0	7	3	238.500	293.300	202.600	214.450	1.000	none	1.000	1.000	0	19	100.650	357.225
78	0	7	4	293.300	390.450	202.600	214.450	1.000	none	1.000	1.000	0	19	100.650	357.225
78	0	7	6	390.450	438.750	202.600	214.450	1.000	none	1.000	1.000	0	19	100.650	357.225
78	0	7	7	438.750	488.150	202.600	214.450	1.000	none	1.000	1.000	0	19	100.650	357.225
78	0	7	8	488.150	545.950	202.600	214.450	1.000	none	1.000	1.000	0	19	100.650	357.225
78	0	7	9	545.950	611.550	202.600	214.450	1.000	none	1.000	1.000	0	19	100.650	357.225
78	0	7	10	611.550	670.850	202.600	214.450	1.000	none	1.000	1.000	0	19	100.650	357.225
78	0	7	11	670.850	734.400	202.600	214.450	1.000	none	1.000	1.000	0	19	100.650	357.225
78	0	8	0	57.600	734.400	214.450	231.200	1.000	1.000	1.000	1.000	0	19	100.650	357.225
78	0	9	0	57.600	155.700	231.200	267.500	none	1.000	1.000	1.000	0	19	100.650	357.225
78	0	9	1	155.700	190.950	231.200	267.500	none	1.000	1.000	1.000	0	19	100.650	357.225
78	0	9	2	190.950	238.500	231.200	267.500	none	1.000	1.000	1.000	0	19	100.650	357.225
78	0	9	3	238.500	293.300	231.200	243.550	none	0.500	none	1.000	0	19	100.650	357.225
78	0	9	4	293.300	390.450	231.200	243.550	1.000	0.500	none	1.000	0	19	100.650	357.225
78	0	9	6	390.450	438.750	231.200	243.550	none	0.500	none	1.000	0	19	100.650	357.225
78	0	9	7	438.750	488.150	231.200	243.550	none	0.500	none	1.000	0	19	100.650	357.225
78	0	9	8	488.150	545.950	231.200	243.550	none	0.500	none	1.000	0	19	100.650	357.225
78	0	9	9	545.950	611.550	231.200	243.550	none	0.500	none	1.000	0	19	100.650	357.225
78	0	9	10	611.550	670.850	231.200	243.550	none	0.500	none	1.000	0	19	100.650	357.225
78	0	9	11	670.850	734.400	231.200	243.550	none	0.500	none	1.000	0	19	100.650	357.225
78	0	10	3	238.500	293.300	243.550	255.400	0.500	0.500	none	1.000	0	19	100.650	357.225
78	0	10	4	293.300	488.150	243.550	255.400	0.500	0.500	none	1.000	0	19	100.650	357.225
78	0	10	8	488.150	734.400	243.550	255.400	0.500	0.500	none	1.000	0	19	100.650	357.225
78	0	11	3	238.500	293.300	255.400	267.500	0.500	1.000	none	1.000	0	19	100.650	357.225
78	0	11	4	293.300	488.150	255.400	267.500	0.500	1.000	none	1.000	0	19	100.650	357.225
78	0	11	8	488.150	734.400	255.400	267.500	0.500	1.000	none	1.000	0	19	100.650	357.225
78	0	12	0	57.600	734.400	267.500	284.250	1.000	1.000	1.000	1.000	0	19	100.650	357.225
78	0	13	0	57.600	155.700	284.250	320.550	none	1.000	1.000	1.000	0	19	100.650	357.225
78	0	13	1	155.700	190.950	284.250	320.550	none	1.000	1.000	1.000	0	19	100.650	357.225
78	0	13	2	190.950	238.500	284.250	320.550	none	1.000	1.000	1.000	0	19	100.650	357.225
78	0	13	3	238.500	293.300	284.250	296.600	none	0.500	none	1.000	0	19	100.650	357.225
78	0	13	4	293.300	390.450	284.250	296.600	1.000	0.500	none	1.000	0	19	100.650	357.225
78	0	13	6	390.450	438.750	284.250	296.600	none	0.500	none	1.000	0	19	100.650	357.225
78	0	13	7	438.750	488.150	284.250	296.600	none	0.500	none	1.000	0	19	100.650	357.225
78	0	13	8	488.150	545.950	284.250	296.600	none	0.500	none	1.000	0	19	100.650	357.225
78	0	13	9	545.950	611.550	284.250	296.600	none	0.500	none	1.000	0	19	100.650	357.225
78	0	13	10	611.550	670.850	284.250	296.600	none	0.500	none	1.000	0	19	100.650	357.225
78	0	13	11	670.850	734.400	284.250	296.600	none	0.500	none	1.000	0	19	100.650	357.225
78	0	14	3	238.500	293.300	296.600	308.450	0.500	0.500	none	1.000	0	19	100.650	357.225
78	0	14	4	293.300	390.450	296.600	308.450	0.500	0.500	none	1.000	0	19	100.650	357.225
78	0	14	6	390.450	438.750	296.600	308.450	0.500	0.500	none	1.000	0	19	100.650	357.225
78	0	14	7	438.750	488.150	296.600	308.450	0.500	0.500	none	1.000	0	19	100.650	357.225
78	0	14	8	488.150	545.950	296.600	308.450	0.500	0.500	none	1.000	0	19	100.650	357.225
78	0	14	9	545.950	611.550	296.600	308.450	0.500	0.500	none	1.000	0	19	100.650	357.225
78	0	14	10	611.550	670.850	296.600	308.450	0.500	0.500	none	1.000	0	19	100.650	357.225
78	0	14	11	670.850	734.400	296.600	308.450	0.500	0.500	none	1.000	0	19	100.650	357.225
78	0	15	3	238.500	293.300	308.450	320.550	0.500	1.000	none	1.000	0	19	100.650	357.225
78	0	15	4	293.300	390.450	308.450	320.550	0.500	1.000	none	1.000	0	19	100.650	357.225
78	0	15	6	390.450	438.750	308.450	320.550	0.500	1.000	none	1.000	0	19	100.650	357.225
78	0	15	7	438.750	488.150	308.450	320.550	0.500	1.000	none	1.000	0	19	100.650	357.225
78	0	15	8	488.150	545.950	308.450	320.550	0.500	1.000	none	1.000	0	19	100.650	357.225
78	0	15	9	545.950	611.550	308.450	320.550	0.500	1.000	none	1.000	0	19	100.650	357.225
78	0	15	10	611.550	670.850	308.450	320.550	0.500	1.000	none	1.000	0	19	100.650	357.225
78	0	15	11	670.850	734.400	308.450	320.550	0.500	1.000	none	1.000	0	19	100.650	357.225
78	0	16	0	57.600	155.700	320.550	356.850	none	1.000	1.000	1.000	0	19	100.650	357.225
78	0	16	1	155.700	190.950	320.550	356.850	none	1.000	1.000	1.000	0	19	100.650	357.225
78	0	16	2	190.950	238.500	320.550	356.850	none	1.000	1.000	1.000	0	19	100.650	357.225
78	0	16	3	238.500	293.300	320.550	332.900	none	0.500	none	1.000	0	19	100.650	357.225
78	0	16	4	293.300	390.450	320.550	332.900	1.000	0.500	none	1.000	0	19	100.650	357.225
78	0	16	6	390.450	438.750	320.550	332.900	none	0.500	none	1.000	0	19	100.650	357.225
78	0	16	7	438.750	488.150	320.550	332.900	none	0.500	none	1.000	0	19	100.650	357.225
78	0	16	8	488.150	545.950	320.550	332.900	none	0.500	none	1.000	0	19	100.650	357.225
78	0	16	9	545.950	611.550	320.550	332.900	none	0.500	none	1.000	0	19	100.650	357.225
78	0	16	10	611.550	670.850	320.550	332.900	none	0.500	none	1.000	0	19	100.650	357.225
78	0	16	11	670.850	734.400	320.550	332.900	none	0.500	none	1.000	0	19	100.650	357.225
78	0	17	3	238.500	293.300	332.900	344.750	0.500	0.500	none	1.000	0	19	100.650	357.225
78	0	17	4	293.300	390.450	332.900	344.750	0.500	0.500	none	1.000	0	19	100.650	357.225
78	0	17	6	390.450	438.750	332.900	344.750	0.500	0.500	none	1.000	0	19	100.650	357.225
78	0	17	7	438.750	488.150	332.900	344.750	0.500	0.500	none	1.000	0	19	100.650	357.225
78	0	17	8	488.150	545.950	332.900	344.750	0.500	0.500	none	1.000	0	19	100.650	357.225
78	0	17	9	545.950	611.550	332.900	344.750	0.500	0.500	none	1.000	0	19	100.650	357.225
78	0	17	10	611.550	670.850	332.900	344.750	0.500	0.500	none	1.000	0	19	100.650	357.225
78	0	17	11	670.850	734.400	332.900	344.750	0.500	0.500	none	1.000	0	19	100.650	357.225
78	0	18	3	238.500	293.300	344.750	356.850	0.500	1.000	none	1.000	0	19	100.650	357.225
78	0	18	4	293.300	390.450	344.750	356.850	0.500	1.000	none	1.000	0	19	100.650	357.225
78	0	18	6	390.450	438.750	344.750	356.850	0.500	1.000	none	1.000	0	19	100.650	357.225
78	0	18	7	438.750	488.150	344.750	356.850	0.500	1.000	none	1.000	0	19	100.650	357.225
78	0	18	8	488.150	545.950	344.750	356.850	0.500	1.000	none	1.000	0	19	100.650	357.225
78	0	18	9	545.950	611.550	344.750	356.850	0.500	1.000	none	1.000	0	19	100.650	357.225
78	0	18	10	611.550	670.850	344.750	356.850	0.500	1.000	none	1.000	0	19	100.650	357.225
78	0	18	11	670.850	734.400	344.750	356.850	0.500	1.000	none	1.000	0	19	100.650	357.225
79	0	0	0	57.600	120.600	101.150	164.000	1.000	1.000	1.000	1.000	0	8	100.650	217.425
79	0	0	1	120.600	155.950	101.150	164.000	1.000	1.000	none	1.000	0	8	100.650	217.425
79	0	0	2	155.950	205.850	101.150	164.000	1.000	1.000	none	1.000	0	8	100.650	217.425
79	0	0	3	205.850	253.900	101.150	164.000	1.000	1.000	none	1.000	0	8	100.650	217.425
79	0	0	4	253.900	503.300	101.150	116.300	1.000	0.500	none	1.000	0	8	100.650	217.425
79	0	0	10	503.300	734.400	101.150	116.300	1.000	1.000	none	1.000	0	8	100.650	217.425
79	0	1	4	253.900	337.000	116.300	151.650	1.000	1.000	none	1.000	0	8	100.650	217.425
79	0	1	6	337.000	420.100	116.300	151.650	1.000	1.000	1.000	1.000	0	8	100.650	217.425
79	0	1	8	420.100	503.300	116.300	151.650	1.000	1.000	none	1.000	0	8	100.650	217.425
79	0	1	10	503.300	617.500	116.300	128.650	1.000	1.000	none	1.000	0	8	100.650	217.425
79	0	1	12	617.500	734.400	116.300	128.650	none	1.000	1.000	1.000	0	8	100.650	217.425
79	0	2	10	503.300	560.400	128.650	164.000	none	1.000	1.000	1.000	0	8	100.650	217.425
79	0	2	11	560.400	617.500	128.650	164.000	none	1.000	1.000	1.000	0	8	100.650	217.425
79	0	2	12	617.500	674.600	128.650	164.000	none	1.000	1.000	1.000	0	8	100.650	217.425
79	0	2	13	674.600	734.400	128.650	164.000	none	1.000	1.000	1.000	0	8	100.650	217.425
79	0	3	4	253.900	295.450	151.650	164.000	1.000	1.000	none	1.000	0	8	100.650	217.425
79	0	3	5	295.450	337.000	151.650	164.000	1.000	1.000	1.000	1.000	0	8	100.650	217.425
79	0	3	6	337.000	378.550	151.650	164.000	1.000	1.000	1.000	1.000	0	8	100.650	217.425
79	0	3	7	378.550	420.100	151.650	164.000	none	1.000	none	1.000	0	8	100.650	217.425
79	0	3	8	420.100	461.650	151.650	164.000	none	1.000	none	1.000	0	8	100.650	217.425
79	0	3	9	461.650	503.300	151.650	164.000	none	1.000	none	1.000	0	8	100.650	217.425
79	0	4	0	57.600	734.400	164.000	180.750	1.000	1.000	1.000	1.000	0	8	100.650	217.425
79	0	5	0	57.600	120.600	180.750	217.050	1.000	1.000	1.000	1.000	0	8	100.650	217.425
79	0	5	1	120.600	155.950	180.750	217.050	1.000	1.000	1.000	1.000	0	8	100.650	217.425
79	0	5	2	155.950	205.850	180.750	217.050	1.000	1.000	1.000	1.000	0	8	100.650	217.425
79	0	5	3	205.850	253.900	180.750	193.100	1.000	0.500	none	1.000	0	8	100.650	217.425
79	0	5	4	253.900	295.450	180.750	193.100	1.000	0.500	none	1.000	0	8	100.650	217.425
79	0	5	5	295.450	337.000	180.750	193.100	1.000	0.500	1.000	1.000	0	8	100.650	217.425
79	0	5	6	337.000	378.550	180.750	193.100	1.000	0.500	1.000	1.000	0	8	100.650	217.425
79	0	5	7	378.550	420.100	180.750	193.100	1.000	0.500	1.000	1.000	0	8	100.650	217.425
79	0	5	8	420.100	461.650	180.750	193.100	1.000	0.500	1.000	1.000	0	8	100.650	217.425
79	0	5	9	461.650	503.300	180.750	193.100	1.000	0.500	1.000	1.000	0	8	100.650	217.425
79	0	5	10	503.300	560.400	180.750	193.100	1.000	0.500	none	1.000	0	8	100.650	217.425
79	0	5	11	560.400	617.500	180.750	193.100	1.000	0.500	none	1.000	0	8	100.650	217.425
79	0	5	12	617.500	674.600	180.750	193.100	1.000	0.500	none	1.000	0	8	100.650	217.425
79	0	5	13	674.600	734.400	180.750	193.100	1.000	0.500	none	1.000	0	8	100.650	217.425
79	0	6	3	205.850	253.900	193.100	204.950	0.500	0.500	none	1.000	0	8	100.650	217.425
79	0	6	4	253.900	503.300	193.100	204.950	0.500	0.500	none	1.000	0	8	100.650	217.425
79	0	6	10	503.300	734.400	193.100	204.950	0.500	0.500	1.000	1.000	0	8	100.650	217.425
79	0	7	3	205.850	253.900	204.950	217.050	0.500	1.000	none	1.000	0	8	100.650	217.425
79	0	7	4	253.900	503.300	204.950	217.050	0.500	1.000	none	1.000	0	8	100.650	217.425
79	0	7	10	503.300	734.400	204.950	217.050	0.500	1.000	1.000	1.000	0	8	100.650	217.425
80	0	0	0	57.600	156.300	101.150	163.500	1.000	1.000	1.000	1.000	0	33	100.650	541.000
80	0	0	1	156.300	192.300	101.150	163.500	1.000	1.000	none	1.000	0	33	100.650	541.000
80	0	0	2	192.300	240.700	101.150	163.500	1.000	1.000	none	1.000	0	33	100.650	541.000
80	0	0	3	240.700	296.300	101.150	163.500	1.000	1.000	none	1.000	0	33	100.650	541.000
80	0	0	4	296.300	492.250	101.150	116.300	1.000	1.000	none	1.000	0	33	100.650	541.000
80	0	0	8	492.250	734.400	101.150	116.300	1.000	1.000	none	1.000	0	33	100.650	541.000
80	0	1	4	296.300	393.800	116.300	151.650	1.000	1.000	none	1.000	0	33	100.650	541.000
80	0	1	6	393.800	492.250	116.300	151.650	1.000	1.000	none	1.000	0	33	100.650	541.000
80	0	1	8	492.250	610.150	116.300	128.650	1.000	1.000	none	1.000	0	33	100.650	541.000
80	0	1	10	610.150	734.400	116.300	128.650	none	1.000	1.000	1.000	0	33	100.650	541.000
80	0	2	8	492.250	550.450	128.650	163.500	none	1.000	1.000	1.000	0	33	100.650	541.000
80	0	2	9	550.450	610.150	128.650	163.500	none	1.000	1.000	1.000	0	33	100.650	541.000
80	0	2	10	610.150	674.000	128.650	163.500	none	1.000	1.000	1.000	0	33	100.650	541.000
80	0	2	11	674.000	734.400	128.650	163.500	none	1.000	1.000	1.000	0	33	100.650	541.000
80	0	3	4	296.300	344.700	151.650	163.500	none	1.000	none	1.000	0	33	100.650	541.000
80	0	3	5	344.700	393.800	151.650	163.500	none	1.000	none	1.000	0	33	100.650	541.000
80	0	3	6	393.800	442.350	151.650	163.500	none	1.000	none	1.000	0	33	100.650	541.000
80	0	3	7	442.350	492.250	151.650	163.500	none	1.000	none	1.000	0	33	100.650	541.000
80	0	4	0	57.600	734.400	163.500	180.250	1.000	1.000	1.000	1.000	0	33	100.650	541.000
80	0	5	0	57.600	156.300	180.250	217.300	none	1.000	1.000	1.000	0	33	100.650	541.000
80	0	5	1	156.300	192.300	180.250	217.300	none	1.000	1.000	1.000	0	33	100.650	541.000
80	0	5	2	192.300	240.700	180.250	217.300	none	1.000	1.000	1.000	0	33	100.650	541.000
80	0	5	3	240.700	296.300	180.250	192.600	none	1.000	none	1.000	0	33	100.650	541.000
80	0	5	4	296.300	393.800	180.250	192.600	1.000	1.000	none	1.000	0	33	100.650	541.000
80	0	5	6	393.800	442.350	180.250	192.600	none	1.000	none	1.000	0	33	100.650	541.000
80	0	5	7	442.350	492.250	180.250	192.600	none	1.000	none	1.000	0	33	100.650	541.000
80	0	5	8	492.250	550.450	180.250	192.600	none	1.000	none	1.000	0	33	100.650	541.000
80	0	5	9	550.450	610.150	180.250	192.600	none	1.000	none	1.000	0	33	100.650	541.000
80	0	5	10	610.150	674.000	180.250	192.600	none	1.000	none	1.000	0	33	100.650	541.000
80	0	5	11	674.000	734.400	180.250	192.600	none	1.000	none	1.000	0	33	100.650	541.000
80	0	6	3	240.700	296.300	192.600	204.950	none	1.000	none	1.000	0	33	100.650	541.000
80	0	6	4	296.300	492.250	192.600	204.950	1.000	1.000	none	1.000	0	33	100.650	541.000
80	0	6	8	492.250	734.400	192.600	204.950	1.000	1.000	none	1.000	0	33	100.650	541.000
80	0	7	3	240.700	296.300	204.950	217.300	none	1.000	none	1.000	0	33	100.650	541.000
80	0	7	4	296.300	492.250	204.950	217.300	1.000	1.000	none	1.000	0	33	100.650	541.000
80	0	7	8	492.250	734.400	204.950	217.300	1.000	1.000	none	1.000	0	33	100.650	541.000
80	0	8	0	57.600	734.400	217.300	234.150	1.000	1.000	1.000	1.000	0	33	100.650	541.000
80	0	9	0	57.600	156.300	234.150	269.200	1.000	1.000	1.000	1.000	0	33	100.650	541.000
80	0	9	1	156.300	192.300	234.150	269.200	1.000	1.000	1.000	1.000	0	33	100.650	541.000
80	0	9	2	192.300	240.700	234.150	269.200	1.000	1.000	1.000	1.000	0	33	100.650	541.000
80	0	9	3	240.700	296.300	234.150	246.500	1.000	1.000	1.000	1.000	0	33	100.650	541.000
80	0	9	4	296.300	393.800	234.150	246.500	1.000	1.000	1.000	1.000	0	33	100.650	541.000
80	0	9	6	393.800	442.350	234.150	246.500	1.000	1.000	1.000	1.000	0	33	100.650	541.000
80	0	9	7	442.350	492.250	234.150	246.500	1.000	1.000	1.000	1.000	0	33	100.650	541.000
80	0	9	8	492.250	550.450	234.150	246.500	1.000	1.000	1.000	1.000	0	33	100.650	541.000
80	0	9	9	550.450	610.150	234.150	246.500	1.000	1.000	1.000	1.000	0	33	100.650	541.000
80	0	9	10	610.150	674.000	234.150	246.500	1.000	1.000	1.000	1.000	0	33	100.650	541.000
80	0	9	11	674.000	734.400	234.150	246.500	1.000	1.000	1.000	1.000	0	33	100.650	541.000
80	0	10	3	240.700	296.300	246.500	257.850	1.000	1.000	1.000	1.000	0	33	100.650	541.000
80	0	10	4	296.300	492.250	246.500	257.850	1.000	1.000	1.000	1.000	0	33	100.650	541.000
80	0	10	8	492.250	734.400	246.500	257.850	1.000	1.000	1.000	1.000	0	33	100.650	541.000
80	0	11	3	240.700	296.300	257.850	269.200	1.000	1.000	1.000	1.000	0	33	100.650	541.000
80	0	11	4	296.300	492.250	257.850	269.200	1.000	1.000	1.000	1.000	0	33	100.650	541.000
80	0	11	8	492.250	734.400	257.850	269.200	1.000	1.000	1.000	1.000	0	33	100.650	541.000
80	0	12	0	57.600	734.400	269.200	285.950	1.000	1.000	1.000	1.000	0	33	100.650	541.000
80	0	13	0	57.600	156.300	285.950	323.000	none	1.000	1.000	1.000	0	33	100.650	541.000
80	0	13	1	156.300	192.300	285.950	323.000	none	1.000	1.000	1.000	0	33	100.650	541.000
80	0	13	2	192.300	240.700	285.950	323.000	none	1.000	1.000	1.000	0	33	100.650	541.000
80	0	13	3	240.700	296.300	285.950	298.300	none	1.000	none	1.000	0	33	100.650	541.000
80	0	13	4	296.300	393.800	285.950	298.300	1.000	1.000	none	1.000	0	33	100.650	541.000
80	0	13	6	393.800	442.350	285.950	298.300	none	1.000	none	1.000	0	33	100.650	541.000
80	0	13	7	442.350	492.250	285.950	298.300	none	1.000	none	1.000	0	33	100.650	541.000
80	0	13	8	492.250	550.450	285.950	298.300	none	1.000	none	1.000	0	33	100.650	541.000
80	0	13	9	550.450	610.150	285.950	298.300	none	1.000	none	1.000	0	33	100.650	541.000
80	0	13	10	610.150	674.000	285.950	298.300	none	1.000	none	1.000	0	33	100.650	541.000
80	0	13	11	674.000	734.400	285.950	298.300	none	1.000	none	1.000	0	33	100.650	541.000
80	0	14	3	240.700	296.300	298.300	310.650	none	1.000	none	1.000	0	33	100.650	541.000
80	0	14	4	296.300	492.250	298.300	310.650	1.000	1.000	none	1.000	0	33	100.650	541.000
80	0	14	8	492.250	734.400	298.300	310.650	1.000	0.500	none	1.000	0	33	100.650	541.000
80	0	15	3	240.700	296.300	310.650	323.000	none	1.000	none	1.000	0	33	100.650	541.000
80	0	15	4	296.300	492.250	310.650	323.000	1.000	1.000	none	1.000	0	33	100.650	541.000
80	0	15	8	492.250	734.400	310.650	323.000	none	1.000	none	1.000	0	33	100.650	541.000
80	0	16	0	57.600	156.300	323.000	360.050	none	1.000	1.000	1.000	0	33	100.650	541.000
80	0	16	1	156.300	192.300	323.000	360.050	none	1.000	1.000	1.000	0	33	100.650	541.000
80	0	16	2	192.300	240.700	323.000	360.050	none	1.000	1.000	1.000	0	33	100.650	541.000
80	0	16	3	240.700	296.300	323.000	335.350	none	1.000	none	1.000	0	33	100.650	541.000
80	0	16	4	296.300	393.800	323.000	335.350	1.000	1.000	none	1.000	0	33	100.650	541.000
80	0	16	6	393.800	442.350	323.000	335.350	1.000	1.000	none	1.000	0	33	100.650	541.000
80	0	16	7	442.350	492.250	323.000	335.350	1.000	1.000	none	1.000	0	33	100.650	541.000
80	0	16	8	492.250	550.450	323.000	335.350	none	1.000	none	1.000	0	33	100.650	541.000
80	0	16	9	550.450	610.150	323.000	335.350	none	1.000	none	1.000	0	33	100.650	541.000
80	0	16	10	610.150	674.000	323.000	335.350	none	1.000	none	1.000	0	33	100.650	541.000
80	0	16	11	674.000	734.400	323.000	335.350	none	1.000	none	1.000	0	33	100.650	541.000
80	0	17	3	240.700	296.300	335.350	347.700	none	1.000	none	1.000	0	33	100.650	541.000
80	0	17	4	296.300	492.250	335.350	347.700	1.000	1.000	none	1.000	0	33	100.650	541.000
80	0	17	8	492.250	734.400	335.350	347.700	none	1.000	none	1.000	0	33	100.650	541.000
80	0	18	3	240.700	296.300	347.700	360.050	none	1.000	none	1.000	0	33	100.650	541.000
80	0	18	4	296.300	492.250	347.700	360.050	1.000	1.000	none	1.000	0	33	100.650	541.000
80	0	18	8	492.250	734.400	347.700	360.050	none	1.000	none	1.000	0	33	100.650	541.000
80	0	19	0	57.600	734.400	360.050	376.800	1.000	1.000	1.000	1.000	0	33	100.650	541.000
80	0	20	0	57.600	156.300	376.800	412.850	1.000	0.500	1.000	1.000	0	33	100.650	541.000
80	0	20	1	156.300	192.300	376.800	412.850	1.000	0.500	1.000	1.000	0	33	100.650	541.000
80	0	20	2	192.300	240.700	376.800	412.850	1.000	0.500	1.000	1.000	0	33	100.650	541.000
80	0	20	3	240.700	296.300	376.800	388.900	1.000	none	1.000	1.000	0	33	100.650	541.000
80	0	20	4	296.300	393.800	376.800	388.900	1.000	none	1.000	1.000	0	33	100.650	541.000
80	0	20	6	393.800	442.350	376.800	388.900	1.000	none	1.000	1.000	0	33	100.650	541.000
80	0	20	7	442.350	492.250	376.800	388.900	1.000	none	1.000	1.000	0	33	100.650	541.000
80	0	20	8	492.250	550.450	376.800	388.900	1.000	none	1.000	1.000	0	33	100.650	541.000
80	0	20	9	550.450	610.150	376.800	388.900	1.000	none	1.000	1.000	0	33	100.650	541.000
80	0	20	10	610.150	674.000	376.800	388.900	1.000	none	1.000	1.000	0	33	100.650	541.000
80	0	20	11	674.000	734.400	376.800	388.900	1.000	none	1.000	1.000	0	33	100.650	541.000
80	0	21	3	240.700	296.300	388.900	400.750	1.000	none	1.000	1.000	0	33	100.650	541.000
80	0	21	4	296.300	492.250	388.900	400.750	1.000	none	1.000	1.000	0	33	100.650	541.000
80	0	21	8	492.250	734.400	388.900	400.750	1.000	none	1.000	1.000	0	33	100.650	541.000
80	0	22	3	240.700	296.300	400.750	412.850	1.000	0.500	1.000	1.000	0	33	100.650	541.000
80	0	22	4	296.300	492.250	400.750	412.850	1.000	0.500	1.000	1.000	0	33	100.650	541.000
80	0	22	8	492.250	734.400	400.750	412.850	1.000	0.500	1.000	1.000	0	33	100.650	541.000
80	0	23	0	57.600	156.300	412.850	449.650	0.500	1.000	1.000	1.000	0	33	100.650	541.000
80	0	23	1	156.300	192.300	412.850	449.650	0.500	1.000	1.000	1.000	0	33	100.650	541.000
80	0	23	2	192.300	240.700	412.850	449.650	0.500	1.000	1.000	1.000	0	33	100.650	541.000
80	0	23	3	240.700	296.300	412.850	424.950	0.500	1.000	none	1.000	0	33	100.650	541.000
80	0	23	4	296.300	393.800	412.850	424.950	0.500	1.000	none	1.000	0	33	100.650	541.000
80	0	23	6	393.800	442.350	412.850	424.950	0.500	1.000	none	1.000	0	33	100.650	541.000
80	0	23	7	442.350	492.250	412.850	424.950	0.500	1.000	none	1.000	0	33	100.650	541.000
80	0	23	8	492.250	550.450	412.850	424.950	0.500	1.000	none	1.000	0	33	100.650	541.000
80	0	23	9	550.450	610.150	412.850	424.950	0.500	1.000	none	1.000	0	33	100.650	541.000
80	0	23	10	610.150	674.000	412.850	424.950	0.500	1.000	none	1.000	0	33	100.650	541.000
80	0	23	11	674.000	734.400	412.850	424.950	0.500	1.000	none	1.000	0	33	100.650	541.000
80	0	24	3	240.700	296.300	424.950	437.300	none	1.000	none	1.000	0	33	100.650	541.000
80	0	24	4	296.300	492.250	424.950	437.300	1.000	1.000	none	1.000	0	33	100.650	541.000
80	0	24	8	492.250	734.400	424.950	437.300	1.000	1.000	none	1.000	0	33	100.650	541.000
80	0	25	3	240.700	296.300	437.300	449.650	none	1.000	none	1.000	0	33	100.650	541.000
80	0	25	4	296.300	492.250	437.300	449.650	1.000	1.000	none	1.000	0	33	100.650	541.000
80	0	25	8	492.250	734.400	437.300	449.650	1.000	1.000	none	1.000	0	33	100.650	541.000
80	0	26	0	57.600	734.400	449.650	466.400	1.000	1.000	1.000	1.000	0	33	100.650	541.000
80	0	27	0	57.600	156.300	466.400	503.450	none	1.000	1.000	1.000	0	33	100.650	541.000
80	0	27	1	156.300	192.300	466.400	503.450	none	1.000	1.000	1.000	0	33	100.650	541.000
80	0	27	2	192.300	240.700	466.400	503.450	none	1.000	1.000	1.000	0	33	100.650	541.000
80	0	27	3	240.700	296.300	466.400	478.750	none	1.000	none	1.000	0	33	100.650	541.000
80	0	27	4	296.300	393.800	466.400	478.750	1.000	1.000	none	1.000	0	33	100.650	541.000
80	0	27	6	393.800	442.350	466.400	478.750	none	1.000	none	1.000	0	33	100.650	541.000
80	0	27	7	442.350	492.250	466.400	478.750	none	1.000	none	1.000	0	33	100.650	541.000
80	0	27	8	492.250	550.450	466.400	478.750	none	1.000	none	1.000	0	33	100.650	541.000
80	0	27	9	550.450	610.150	466.400	478.750	none	1.000	none	1.000	0	33	100.650	541.000
80	0	27	10	610.150	674.000	466.400	478.750	none	1.000	none	1.000	0	33	100.650	541.000
80	0	27	11	674.000	734.400	466.400	478.750	none	1.000	none	1.000	0	33	100.650	541.000
80	0	28	3	240.700	296.300	478.750	491.100	none	1.000	none	1.000	0	33	100.650	541.000
80	0	28	4	296.300	492.250	478.750	491.100	1.000	1.000	none	1.000	0	33	100.650	541.000
80	0	28	8	492.250	734.400	478.750	491.100	1.000	1.000	none	1.000	0	33	100.650	541.000
80	0	29	3	240.700	296.300	491.100	503.450	none	1.000	none	1.000	0	33	100.650	541.000
80	0	29	4	296.300	492.250	491.100	503.450	1.000	1.000	none	1.000	0	33	100.650	541.000
80	0	29	8	492.250	734.400	491.100	503.450	1.000	1.000	none	1.000	0	33	100.650	541.000
80	0	30	0	57.600	156.300	503.450	540.500	none	1.000	1.000	1.000	0	33	100.650	541.000
80	0	30	1	156.300	192.300	503.450	540.500	none	1.000	1.000	1.000	0	33	100.650	541.000
80	0	30	2	192.300	240.700	503.450	540.500	none	1.000	1.000	1.000	0	33	100.650	541.000
80	0	30	3	240.700	296.300	503.450	515.800	none	1.000	none	1.000	0	33	100.650	541.000
80	0	30	4	296.300	393.800	503.450	515.800	1.000	1.000	none	1.000	0	33	100.650	541.000
80	0	30	6	393.800	442.350	503.450	515.800	none	1.000	none	1.000	0	33	100.650	541.000
80	0	30	7	442.350	492.250	503.450	515.800	none	1.000	none	1.000	0	33	100.650	541.000
80	0	30	8	492.250	550.450	503.450	515.800	none	1.000	none	1.000	0	33	100.650	541.000
80	0	30	9	550.450	610.150	503.450	515.800	none	1.000	none	1.000	0	33	100.650	541.000
80	0	30	10	610.150	674.000	503.450	515.800	none	1.000	none	1.000	0	33	100.650	541.000
80	0	30	11	674.000	734.400	503.450	515.800	none	1.000	none	1.000	0	33	100.650	541.000
80	0	31	3	240.700	296.300	515.800	528.150	none	1.000	none	1.000	0	33	100.650	541.000
80	0	31	4	296.300	492.250	515.800	528.150	1.000	1.000	none	1.000	0	33	100.650	541.000
80	0	31	8	492.250	734.400	515.800	528.150	1.000	1.000	none	1.000	0	33	100.650	541.000
80	0	32	3	240.700	296.300	528.150	540.500	none	1.000	none	1.000	0	33	100.650	541.000
80	0	32	4	296.300	492.250	528.150	540.500	1.000	1.000	none	1.000	0	33	100.650	541.000
80	0	32	8	492.250	734.400	528.150	540.500	1.000	1.000	none	1.000	0	33	100.650	541.000
81	0	0	0	57.600	156.400	101.150	163.500	1.000	1.000	1.000	1.000	0	29	100.650	486.950
81	0	0	1	156.400	192.950	101.150	163.500	1.000	1.000	none	1.000	0	29	100.650	486.950
81	0	0	2	192.950	243.150	101.150	163.500	1.000	1.000	none	1.000	0	29	100.650	486.950
81	0	0	3	243.150	299.050	101.150	163.500	1.000	1.000	none	1.000	0	29	100.650	486.950
81	0	0	4	299.050	495.600	101.150	116.300	1.000	1.000	none	1.000	0	29	100.650	486.950
81	0	0	8	495.600	734.400	101.150	116.300	1.000	1.000	none	1.000	0	29	100.650	486.950
81	0	1	4	299.050	396.750	116.300	151.650	1.000	1.000	none	1.000	0	29	100.650	486.950
81	0	1	6	396.750	495.600	116.300	151.650	1.000	1.000	none	1.000	0	29	100.650	486.950
81	0	1	8	495.600	618.100	116.300	128.650	1.000	1.000	none	1.000	0	29	100.650	486.950
81	0	1	10	618.100	734.400	116.300	128.650	none	1.000	1.000	1.000	0	29	100.650	486.950
81	0	2	8	495.600	554.200	128.650	163.500	none	1.000	1.000	1.000	0	29	100.650	486.950
81	0	2	9	554.200	618.100	128.650	163.500	none	1.000	1.000	1.000	0	29	100.650	486.950
81	0	2	10	618.100	676.700	128.650	163.500	none	1.000	1.000	1.000	0	29	100.650	486.950
81	0	2	11	676.700	734.400	128.650	163.500	none	1.000	1.000	1.000	0	29	100.650	486.950
81	0	3	4	299.050	354.800	151.650	163.500	none	1.000	none	1.000	0	29	100.650	486.950
81	0	3	5	354.800	396.750	151.650	163.500	none	1.000	none	1.000	0	29	100.650	486.950
81	0	3	6	396.750	445.500	151.650	163.500	none	1.000	none	1.000	0	29	100.650	486.950
81	0	3	7	445.500	495.600	151.650	163.500	none	1.000	none	1.000	0	29	100.650	486.950
81	0	4	0	57.600	734.400	163.500	180.250	1.000	1.000	1.000	1.000	0	29	100.650	486.950
81	0	5	0	57.600	156.400	180.250	215.800	1.000	none	1.000	1.000	0	29	100.650	486.950
81	0	5	1	156.400	192.950	180.250	215.800	1.000	none	1.000	1.000	0	29	100.650	486.950
81	0	5	2	192.950	243.150	180.250	215.800	1.000	none	1.000	1.000	0	29	100.650	486.950
81	0	5	3	243.150	299.050	180.250	192.100	1.000	none	1.000	1.000	0	29	100.650	486.950
81	0	5	4	299.050	396.750	180.250	192.100	1.000	none	1.000	1.000	0	29	100.650	486.950
81	0	5	6	396.750	445.500	180.250	192.100	1.000	none	1.000	1.000	0	29	100.650	486.950
81	0	5	7	445.500	495.600	180.250	192.100	1.000	none	1.000	1.000	0	29	100.650	486.950
81	0	5	8	495.600	554.200	180.250	192.100	1.000	none	1.000	1.000	0	29	100.650	486.950
81	0	5	9	554.200	618.100	180.250	192.100	1.000	none	1.000	1.000	0	29	100.650	486.950
81	0	5	10	618.100	676.700	180.250	192.100	1.000	none	1.000	1.000	0	29	100.650	486.950
81	0	5	11	676.700	734.400	180.250	192.100	1.000	none	1.000	1.000	0	29	100.650	486.950
81	0	6	3	243.150	299.050	192.100	203.950	1.000	none	1.000	1.000	0	29	100.650	486.950
81	0	6	4	299.050	495.600	192.100	203.950	1.000	none	1.000	1.000	0	29	100.650	486.950
81	0	6	8	495.600	734.400	192.100	203.950	1.000	none	1.000	1.000	0	29	100.650	486.950
81	0	7	3	243.150	299.050	203.950	215.800	1.000	none	1.000	1.000	0	29	100.650	486.950
81	0	7	4	299.050	495.600	203.950	215.800	1.000	none	1.000	1.000	0	29	100.650	486.950
81	0	7	8	495.600	734.400	203.950	215.800	1.000	none	1.000	1.000	0	29	100.650	486.950
81	0	8	0	57.600	156.400	215.800	251.350	1.000	none	1.000	1.000	0	29	100.650	486.950
81	0	8	1	156.400	192.950	215.800	251.350	1.000	none	1.000	1.000	0	29	100.650	486.950
81	0	8	2	192.950	243.150	215.800	251.350	1.000	none	1.000	1.000	0	29	100.650	486.950
81	0	8	3	243.150	299.050	215.800	227.650	1.000	none	1.000	1.000	0	29	100.650	486.950
81	0	8	4	299.050	396.750	215.800	227.650	1.000	none	1.000	1.000	0	29	100.650	486.950
81	0	8	6	396.750	445.500	215.800	227.650	1.000	none	1.000	1.000	0	29	100.650	486.950
81	0	8	7	445.500	495.600	215.800	227.650	1.000	none	1.000	1.000	0	29	100.650	486.950
81	0	8	8	495.600	554.200	215.800	227.650	1.000	none	1.000	1.000	0	29	100.650	486.950
81	0	8	9	554.200	618.100	215.800	227.650	1.000	none	1.000	1.000	0	29	100.650	486.950
81	0	8	10	618.100	676.700	215.800	227.650	1.000	none	1.000	1.000	0	29	100.650	486.950
81	0	8	11	676.700	734.400	215.800	227.650	1.000	none	1.000	1.000	0	29	100.650	486.950
81	0	9	3	243.150	299.050	227.650	239.500	1.000	none	1.000	1.000	0	29	100.650	486.950
81	0	9	4	299.050	495.600	227.650	239.500	1.000	none	1.000	1.000	0	29	100.650	486.950
81	0	9	8	495.600	734.400	227.650	239.500	1.000	none	1.000	1.000	0	29	100.650	486.950
81	0	10	3	243.150	299.050	239.500	251.350	1.000	none	1.000	1.000	0	29	100.650	486.950
81	0	10	4	299.050	495.600	239.500	251.350	1.000	none	1.000	1.000	0	29	100.650	486.950
81	0	10	8	495.600	734.400	239.500	251.350	1.000	none	1.000	1.000	0	29	100.650	486.950
81	0	11	0	57.600	734.400	251.350	268.100	1.000	1.000	1.000	1.000	0	29	100.650	486.950
81	0	12	0	57.600	156.400	268.100	305.150	none	1.000	1.000	1.000	0	29	100.650	486.950
81	0	12	1	156.400	192.950	268.100	305.150	none	1.000	1.000	1.000	0	29	100.650	486.950
81	0	12	2	192.950	243.150	268.100	305.150	none	1.000	1.000	1.000	0	29	100.650	486.950
81	0	12	3	243.150	299.050	268.100	280.450	none	1.000	none	1.000	0	29	100.650	486.950
81	0	12	4	299.050	396.750	268.100	280.450	1.000	1.000	none	1.000	0	29	100.650	486.950
81	0	12	6	396.750	445.500	268.100	280.450	none	1.000	none	1.000	0	29	100.650	486.950
81	0	12	7	445.500	495.600	268.100	280.450	none	1.000	none	1.000	0	29	100.650	486.950
81	0	12	8	495.600	554.200	268.100	280.450	none	1.000	none	1.000	0	29	100.650	486.950
81	0	12	9	554.200	618.100	268.100	280.450	none	1.000	none	1.000	0	29	100.650	486.950
81	0	12	10	618.100	676.700	268.100	280.450	none	1.000	none	1.000	0	29	100.650	486.950
81	0	12	11	676.700	734.400	268.100	280.450	none	1.000	none	1.000	0	29	100.650	486.950
81	0	13	3	243.150	299.050	280.450	292.800	none	1.000	none	1.000	0	29	100.650	486.950
81	0	13	4	299.050	495.600	280.450	292.800	1.000	1.000	none	1.000	0	29	100.650	486.950
81	0	13	8	495.600	734.400	280.450	292.800	1.000	1.000	none	1.000	0	29	100.650	486.950
81	0	14	3	243.150	299.050	292.800	305.150	none	1.000	none	1.000	0	29	100.650	486.950
81	0	14	4	299.050	495.600	292.800	305.150	1.000	1.000	none	1.000	0	29	100.650	486.950
81	0	14	8	495.600	734.400	292.800	305.150	1.000	1.000	none	1.000	0	29	100.650	486.950
81	0	15	0	57.600	156.400	305.150	342.200	none	1.000	1.000	1.000	0	29	100.650	486.950
81	0	15	1	156.400	192.950	305.150	342.200	none	1.000	1.000	1.000	0	29	100.650	486.950
81	0	15	2	192.950	243.150	305.150	342.200	none	1.000	1.000	1.000	0	29	100.650	486.950
81	0	15	3	243.150	299.050	305.150	317.500	none	1.000	none	1.000	0	29	100.650	486.950
81	0	15	4	299.050	396.750	305.150	317.500	1.000	1.000	none	1.000	0	29	100.650	486.950
81	0	15	6	396.750	445.500	305.150	317.500	none	1.000	none	1.000	0	29	100.650	486.950
81	0	15	7	445.500	495.600	305.150	317.500	none	1.000	none	1.000	0	29	100.650	486.950
81	0	15	8	495.600	554.200	305.150	317.500	none	1.000	none	1.000	0	29	100.650	486.950
81	0	15	9	554.200	618.100	305.150	317.500	none	1.000	none	1.000	0	29	100.650	486.950
81	0	15	10	618.100	676.700	305.150	317.500	none	1.000	none	1.000	0	29	100.650	486.950
81	0	15	11	676.700	734.400	305.150	317.500	none	1.000	none	1.000	0	29	100.650	486.950
81	0	16	3	243.150	299.050	317.500	329.850	none	1.000	none	1.000	0	29	100.650	486.950
81	0	16	4	299.050	495.600	317.500	329.850	1.000	1.000	none	1.000	0	29	100.650	486.950
81	0	16	8	495.600	734.400	317.500	329.850	1.000	1.000	none	1.000	0	29	100.650	486.950
81	0	17	3	243.150	299.050	329.850	342.200	none	1.000	none	1.000	0	29	100.650	486.950
81	0	17	4	299.050	495.600	329.850	342.200	1.000	1.000	none	1.000	0	29	100.650	486.950
81	0	17	8	495.600	734.400	329.850	342.200	1.000	1.000	none	1.000	0	29	100.650	486.950
81	0	18	0	57.600	734.400	342.200	358.550	none	1.000	1.000	1.000	0	29	100.650	486.950
81	0	19	0	57.600	156.400	358.550	395.600	none	1.000	1.000	1.000	0	29	100.650	486.950
81	0	19	1	156.400	192.950	358.550	395.600	none	1.000	1.000	1.000	0	29	100.650	486.950
81	0	19	2	192.950	243.150	358.550	395.600	none	1.000	1.000	1.000	0	29	100.650	486.950
81	0	19	3	243.150	299.050	358.550	370.900	none	1.000	none	1.000	0	29	100.650	486.950
81	0	19	4	299.050	396.750	358.550	370.900	1.000	1.000	none	1.000	0	29	100.650	486.950
81	0	19	6	396.750	445.500	358.550	370.900	1.000	1.000	none	1.000	0	29	100.650	486.950
81	0	19	7	445.500	495.600	358.550	370.900	1.000	1.000	none	1.000	0	29	100.650	486.950
81	0	19	8	495.600	554.200	358.550	370.900	1.000	1.000	none	1.000	0	29	100.650	486.950
81	0	19	9	554.200	618.100	358.550	370.900	1.000	1.000	none	1.000	0	29	100.650	486.950
81	0	19	10	618.100	676.700	358.550	370.900	1.000	1.000	none	1.000	0	29	100.650	486.950
81	0	19	11	676.700	734.400	358.550	370.900	1.000	1.000	none	1.000	0	29	100.650	486.950
81	0	20	3	243.150	299.050	370.900	383.250	none	1.000	none	1.000	0	29	100.650	486.950
81	0	20	4	299.050	495.600	370.900	383.250	1.000	1.000	none	1.000	0	29	100.650	486.950
81	0	20	8	495.600	734.400	370.900	383.250	1.000	1.000	none	1.000	0	29	100.650	486.950
81	0	21	3	243.150	299.050	383.250	395.600	none	1.000	none	1.000	0	29	100.650	486.950
81	0	21	4	299.050	495.600	383.250	395.600	1.000	1.000	none	1.000	0	29	100.650	486.950
81	0	21	8	495.600	734.400	383.250	395.600	1.000	1.000	none	1.000	0	29	100.650	486.950
81	0	22	0	57.600	734.400	395.600	412.350	1.000	1.000	1.000	1.000	0	29	100.650	486.950
81	0	23	0	57.600	156.400	412.350	449.400	none	1.000	1.000	1.000	0	29	100.650	486.950
81	0	23	1	156.400	192.950	412.350	449.400	none	1.000	1.000	1.000	0	29	100.650	486.950
81	0	23	2	192.950	243.150	412.350	449.400	none	1.000	1.000	1.000	0	29	100.650	486.950
81	0	23	3	243.150	299.050	412.350	424.700	none	1.000	none	1.000	0	29	100.650	486.950
81	0	23	4	299.050	396.750	412.350	424.700	1.000	1.000	none	1.000	0	29	100.650	486.950
81	0	23	6	396.750	445.500	412.350	424.700	none	1.000	none	1.000	0	29	100.650	486.950
81	0	23	7	445.500	495.600	412.350	424.700	none	1.000	none	1.000	0	29	100.650	486.950
81	0	23	8	495.600	554.200	412.350	424.700	none	1.000	none	1.000	0	29	100.650	486.950
81	0	23	9	554.200	618.100	412.350	424.700	none	1.000	none	1.000	0	29	100.650	486.950
81	0	23	10	618.100	676.700	412.350	424.700	none	1.000	none	1.000	0	29	100.650	486.950
81	0	23	11	676.700	734.400	412.350	424.700	none	1.000	none	1.000	0	29	100.650	486.950
81	0	24	3	243.150	299.050	424.700	437.050	none	1.000	none	1.000	0	29	100.650	486.950
81	0	24	4	299.050	396.750	424.700	437.050	1.000	1.000	none	1.000	0	29	100.650	486.950
81	0	24	6	396.750	445.500	424.700	437.050	1.000	0.500	none	1.000	0	29	100.650	486.950
81	0	24	7	445.500	495.600	424.700	437.050	1.000	0.500	none	1.000	0	29	100.650	486.950
81	0	24	8	495.600	554.200	424.700	437.050	1.000	0.500	none	1.000	0	29	100.650	486.950
81	0	24	9	554.200	618.100	424.700	437.050	1.000	0.500	none	1.000	0	29	100.650	486.950
81	0	24	10	618.100	676.700	424.700	437.050	1.000	0.500	none	1.000	0	29	100.650	486.950
81	0	24	11	676.700	734.400	424.700	437.050	1.000	0.500	none	1.000	0	29	100.650	486.950
81	0	25	3	243.150	299.050	437.050	449.400	none	1.000	none	1.000	0	29	100.650	486.950
81	0	25	4	299.050	396.750	437.050	449.400	1.000	1.000	none	1.000	0	29	100.650	486.950
81	0	25	6	396.750	445.500	437.050	449.400	0.500	1.000	none	1.000	0	29	100.650	486.950
81	0	25	7	445.500	495.600	437.050	449.400	0.500	1.000	none	1.000	0	29	100.650	486.950
81	0	25	8	495.600	554.200	437.050	449.400	0.500	1.000	none	1.000	0	29	100.650	486.950
81	0	25	9	554.200	618.100	437.050	449.400	0.500	1.000	none	1.000	0	29	100.650	486.950
81	0	25	10	618.100	676.700	437.050	449.400	0.500	1.000	none	1.000	0	29	100.650	486.950
81	0	25	11	676.700	734.400	437.050	449.400	0.500	1.000	none	1.000	0	29	100.650	486.950
81	0	26	0	57.600	156.400	449.400	486.450	none	1.000	1.000	1.000	0	29	100.650	486.950
81	0	26	1	156.400	192.950	449.400	486.450	none	1.000	1.000	1.000	0	29	100.650	486.950
81	0	26	2	192.950	243.150	449.400	486.450	none	1.000	1.000	1.000	0	29	100.650	486.950
81	0	26	3	243.150	299.050	449.400	461.750	none	1.000	none	1.000	0	29	100.650	486.950
81	0	26	4	299.050	396.750	449.400	461.750	1.000	1.000	none	1.000	0	29	100.650	486.950
81	0	26	6	396.750	445.500	449.400	461.750	none	1.000	none	1.000	0	29	100.650	486.950
81	0	26	7	445.500	495.600	449.400	461.750	none	1.000	none	1.000	0	29	100.650	486.950
81	0	26	8	495.600	554.200	449.400	461.750	none	1.000	none	1.000	0	29	100.650	486.950
81	0	26	9	554.200	618.100	449.400	461.750	none	1.000	none	1.000	0	29	100.650	486.950
81	0	26	10	618.100	676.700	449.400	461.750	none	1.000	none	1.000	0	29	100.650	486.950
81	0	26	11	676.700	734.400	449.400	461.750	none	1.000	none	1.000	0	29	100.650	486.950
81	0	27	3	243.150	299.050	461.750	474.100	none	1.000	none	1.000	0	29	100.650	486.950
81	0	27	4	299.050	396.750	461.750	474.100	1.000	1.000	none	1.000	0	29	100.650	486.950
81	0	27	6	396.750	445.500	461.750	474.100	1.000	0.500	none	1.000	0	29	100.650	486.950
81	0	27	7	445.500	495.600	461.750	474.100	1.000	0.500	none	1.000	0	29	100.650	486.950
81	0	27	8	495.600	554.200	461.750	474.100	1.000	0.500	none	1.000	0	29	100.650	486.950
81	0	27	9	554.200	618.100	461.750	474.100	1.000	0.500	none	1.000	0	29	100.650	486.950
81	0	27	10	618.100	676.700	461.750	474.100	1.000	0.500	none	1.000	0	29	100.650	486.950
81	0	27	11	676.700	734.400	461.750	474.100	1.000	0.500	none	1.000	0	29	100.650	486.950
81	0	28	3	243.150	299.050	474.100	486.450	none	1.000	none	1.000	0	29	100.650	486.950
81	0	28	4	299.050	396.750	474.100	486.450	1.000	1.000	none	1.000	0	29	100.650	486.950
81	0	28	6	396.750	445.500	474.100	486.450	0.500	1.000	none	1.000	0	29	100.650	486.950
81	0	28	7	445.500	495.600	474.100	486.450	0.500	1.000	none	1.000	0	29	100.650	486.950
81	0	28	8	495.600	554.200	474.100	486.450	0.500	1.000	none	1.000	0	29	100.650	486.950
81	0	28	9	554.200	618.100	474.100	486.450	0.500	1.000	none	1.000	0	29	100.650	486.950
81	0	28	10	618.100	676.700	474.100	486.450	0.500	1.000	none	1.000	0	29	100.650	486.950
81	0	28	11	676.700	734.400	474.100	486.450	0.500	1.000	none	1.000	0	29	100.650	486.950
82	0	0	0	57.600	155.950	101.150	163.500	1.000	1.000	1.000	1.000	0	33	100.650	546.700
82	0	0	1	155.950	192.150	101.150	163.500	1.000	1.000	none	1.000	0	33	100.650	546.700
82	0	0	2	192.150	240.150	101.150	163.500	1.000	1.000	none	1.000	0	33	100.650	546.700
82	0	0	3	240.150	295.700	101.150	163.500	1.000	1.000	none	1.000	0	33	100.650	546.700
82	0	0	5	295.700	490.750	101.150	116.300	1.000	1.000	none	1.000	0	33	100.650	546.700
82	0	0	9	490.750	734.400	101.150	116.300	1.000	1.000	none	1.000	0	33	100.650	546.700
82	0	1	5	295.700	393.150	116.300	151.650	1.000	1.000	none	1.000	0	33	100.650	546.700
82	0	1	7	393.150	490.750	116.300	151.650	1.000	1.000	none	1.000	0	33	100.650	546.700
82	0	1	9	490.750	612.450	116.300	128.650	1.000	1.000	none	1.000	0	33	100.650	546.700
82	0	1	11	612.450	734.400	116.300	128.650	none	1.000	1.000	1.000	0	33	100.650	546.700
82	0	2	9	490.750	549.350	128.650	163.500	none	1.000	1.000	1.000	0	33	100.650	546.700
82	0	2	10	549.350	612.450	128.650	163.500	none	1.000	1.000	1.000	0	33	100.650	546.700
82	0	2	11	612.450	671.050	128.650	163.500	none	1.000	1.000	1.000	0	33	100.650	546.700
82	0	2	12	671.050	734.400	128.650	163.500	none	1.000	1.000	1.000	0	33	100.650	546.700
82	0	3	5	295.700	350.900	151.650	163.500	none	1.000	none	1.000	0	33	100.650	546.700
82	0	3	6	350.900	393.150	151.650	163.500	none	1.000	none	1.000	0	33	100.650	546.700
82	0	3	7	393.150	441.750	151.650	163.500	none	1.000	none	1.000	0	33	100.650	546.700
82	0	3	8	441.750	490.750	151.650	163.500	none	1.000	none	1.000	0	33	100.650	546.700
82	0	4	0	57.600	734.400	163.500	180.250	1.000	1.000	1.000	1.000	0	33	100.650	546.700
82	0	5	0	57.600	155.950	180.250	222.850	1.000	none	1.000	1.000	0	33	100.650	546.700
82	0	5	1	155.950	192.150	180.250	222.850	1.000	none	1.000	1.000	0	33	100.650	546.700
82	0	5	2	192.150	240.150	180.250	222.850	1.000	none	1.000	1.000	0	33	100.650	546.700
82	0	5	3	240.150	295.350	180.250	192.100	1.000	none	1.000	1.000	0	33	100.650	546.700
82	0	5	4	295.350	393.150	180.250	192.100	1.000	none	1.000	1.000	0	33	100.650	546.700
82	0	5	7	393.150	441.750	180.250	192.100	1.000	none	1.000	1.000	0	33	100.650	546.700
82	0	5	8	441.750	490.750	180.250	192.100	1.000	none	1.000	1.000	0	33	100.650	546.700
82	0	5	9	490.750	549.350	180.250	192.100	1.000	none	1.000	1.000	0	33	100.650	546.700
82	0	5	10	549.350	612.450	180.250	192.100	1.000	none	1.000	1.000	0	33	100.650	546.700
82	0	5	11	612.450	671.050	180.250	192.100	1.000	none	1.000	1.000	0	33	100.650	546.700
82	0	5	12	671.050	734.400	180.250	192.100	1.000	none	1.000	1.000	0	33	100.650	546.700
82	0	6	3	240.150	295.350	192.100	203.950	1.000	none	1.000	1.000	0	33	100.650	546.700
82	0	6	4	295.350	393.150	192.100	203.950	1.000	none	1.000	1.000	0	33	100.650	546.700
82	0	6	7	393.150	441.750	192.100	203.950	1.000	none	1.000	1.000	0	33	100.650	546.700
82	0	6	8	441.750	490.750	192.100	203.950	1.000	none	1.000	1.000	0	33	100.650	546.700
82	0	6	9	490.750	549.350	192.100	203.950	1.000	none	1.000	1.000	0	33	100.650	546.700
82	0	6	10	549.350	612.450	192.100	203.950	1.000	none	1.000	1.000	0	33	100.650	546.700
82	0	6	11	612.450	671.050	192.100	203.950	1.000	none	1.000	1.000	0	33	100.650	546.700
82	0	6	12	671.050	734.400	192.100	203.950	1.000	none	1.000	1.000	0	33	100.650	546.700
82	0	7	3	240.150	295.350	203.950	222.850	1.000	none	1.000	1.000	0	33	100.650	546.700
82	0	7	4	295.350	393.150	203.950	222.850	1.000	none	1.000	1.000	0	33	100.650	546.700
82	0	7	7	393.150	441.750	203.950	222.850	1.000	none	1.000	1.000	0	33	100.650	546.700
82	0	7	8	441.750	490.750	203.950	222.850	1.000	none	1.000	1.000	0	33	100.650	546.700
82	0	7	9	490.750	549.350	203.950	222.850	1.000	none	1.000	1.000	0	33	100.650	546.700
82	0	7	10	549.350	612.450	203.950	222.850	1.000	none	1.000	1.000	0	33	100.650	546.700
82	0	7	11	612.450	671.050	203.950	222.850	1.000	none	1.000	1.000	0	33	100.650	546.700
82	0	7	12	671.050	734.400	203.950	222.850	1.000	none	1.000	1.000	0	33	100.650	546.700
82	0	8	0	57.600	155.950	222.850	258.400	1.000	none	1.000	1.000	0	33	100.650	546.700
82	0	8	1	155.950	192.150	222.850	258.400	1.000	none	1.000	1.000	0	33	100.650	546.700
82	0	8	2	192.150	240.150	222.850	258.400	1.000	none	1.000	1.000	0	33	100.650	546.700
82	0	8	3	240.150	295.350	222.850	234.700	1.000	none	1.000	1.000	0	33	100.650	546.700
82	0	8	4	295.350	393.150	222.850	234.700	1.000	none	1.000	1.000	0	33	100.650	546.700
82	0	8	7	393.150	441.750	222.850	234.700	1.000	none	1.000	1.000	0	33	100.650	546.700
82	0	8	8	441.750	490.750	222.850	234.700	1.000	none	1.000	1.000	0	33	100.650	546.700
82	0	8	9	490.750	549.350	222.850	234.700	1.000	none	1.000	1.000	0	33	100.650	546.700
82	0	8	10	549.350	612.450	222.850	234.700	1.000	none	1.000	1.000	0	33	100.650	546.700
82	0	8	11	612.450	671.050	222.850	234.700	1.000	none	1.000	1.000	0	33	100.650	546.700
82	0	8	12	671.050	734.400	222.850	234.700	1.000	none	1.000	1.000	0	33	100.650	546.700
82	0	9	3	240.150	295.350	234.700	246.550	1.000	none	1.000	1.000	0	33	100.650	546.700
82	0	9	4	295.350	490.750	234.700	246.550	1.000	none	1.000	1.000	0	33	100.650	546.700
82	0	9	9	490.750	734.400	234.700	246.550	1.000	none	1.000	1.000	0	33	100.650	546.700
82	0	10	3	240.150	295.350	246.550	258.400	1.000	none	1.000	1.000	0	33	100.650	546.700
82	0	10	4	295.350	490.750	246.550	258.400	1.000	none	1.000	1.000	0	33	100.650	546.700
82	0	10	9	490.750	734.400	246.550	258.400	1.000	none	1.000	1.000	0	33	100.650	546.700
82	0	11	0	57.600	734.400	258.400	275.150	1.000	1.000	1.000	1.000	0	33	100.650	546.700
82	0	12	0	57.600	155.950	275.150	312.200	none	1.000	1.000	1.000	0	33	100.650	546.700
82	0	12	1	155.950	192.150	275.150	312.200	none	1.000	1.000	1.000	0	33	100.650	546.700
82	0	12	2	192.150	240.150	275.150	312.200	none	1.000	1.000	1.000	0	33	100.650	546.700
82	0	12	3	240.150	295.700	275.150	287.500	none	1.000	none	1.000	0	33	100.650	546.700
82	0	12	5	295.700	393.150	275.150	287.500	1.000	1.000	none	1.000	0	33	100.650	546.700
82	0	12	7	393.150	441.750	275.150	287.500	none	1.000	none	1.000	0	33	100.650	546.700
82	0	12	8	441.750	490.750	275.150	287.500	none	1.000	none	1.000	0	33	100.650	546.700
82	0	12	9	490.750	549.350	275.150	287.500	none	1.000	none	1.000	0	33	100.650	546.700
82	0	12	10	549.350	612.450	275.150	287.500	none	1.000	none	1.000	0	33	100.650	546.700
82	0	12	11	612.450	671.050	275.150	287.500	none	1.000	none	1.000	0	33	100.650	546.700
82	0	12	12	671.050	734.400	275.150	287.500	none	1.000	none	1.000	0	33	100.650	546.700
82	0	13	3	240.150	295.700	287.500	299.850	none	1.000	none	1.000	0	33	100.650	546.700
82	0	13	5	295.700	490.750	287.500	299.850	1.000	1.000	none	1.000	0	33	100.650	546.700
82	0	13	9	490.750	734.400	287.500	299.850	1.000	1.000	none	1.000	0	33	100.650	546.700
82	0	14	3	240.150	295.700	299.850	312.200	none	1.000	none	1.000	0	33	100.650	546.700
82	0	14	5	295.700	490.750	299.850	312.200	1.000	1.000	none	1.000	0	33	100.650	546.700
82	0	14	9	490.750	734.400	299.850	312.200	1.000	1.000	none	1.000	0	33	100.650	546.700
82	0	15	0	57.600	155.950	312.200	349.250	none	1.000	1.000	1.000	0	33	100.650	546.700
82	0	15	1	155.950	192.150	312.200	349.250	none	1.000	1.000	1.000	0	33	100.650	546.700
82	0	15	2	192.150	240.150	312.200	349.250	none	1.000	1.000	1.000	0	33	100.650	546.700
82	0	15	3	240.150	295.700	312.200	324.550	none	1.000	none	1.000	0	33	100.650	546.700
82	0	15	5	295.700	393.150	312.200	324.550	1.000	1.000	none	1.000	0	33	100.650	546.700
82	0	15	7	393.150	441.750	312.200	324.550	none	1.000	none	1.000	0	33	100.650	546.700
82	0	15	8	441.750	490.750	312.200	324.550	none	1.000	none	1.000	0	33	100.650	546.700
82	0	15	9	490.750	549.350	312.200	324.550	none	1.000	none	1.000	0	33	100.650	546.700
82	0	15	10	549.350	612.450	312.200	324.550	none	1.000	none	1.000	0	33	100.650	546.700
82	0	15	11	612.450	671.050	312.200	324.550	none	1.000	none	1.000	0	33	100.650	546.700
82	0	15	12	671.050	734.400	312.200	324.550	none	1.000	none	1.000	0	33	100.650	546.700
82	0	16	3	240.150	295.700	324.550	336.900	none	1.000	none	1.000	0	33	100.650	546.700
82	0	16	5	295.700	490.750	324.550	336.900	1.000	1.000	none	1.000	0	33	100.650	546.700
82	0	16	9	490.750	734.400	324.550	336.900	1.000	1.000	none	1.000	0	33	100.650	546.700
82	0	17	3	240.150	295.700	336.900	349.250	none	1.000	none	1.000	0	33	100.650	546.700
82	0	17	5	295.700	490.750	336.900	349.250	1.000	1.000	none	1.000	0	33	100.650	546.700
82	0	17	9	490.750	734.400	336.900	349.250	1.000	1.000	none	1.000	0	33	100.650	546.700
82	0	18	0	57.600	734.400	349.250	366.000	1.000	1.000	1.000	1.000	0	33	100.650	546.700
82	0	19	0	57.600	155.950	366.000	401.550	1.000	none	1.000	1.000	0	33	100.650	546.700
82	0	19	1	155.950	192.150	366.000	401.550	1.000	none	1.000	1.000	0	33	100.650	546.700
82	0	19	2	192.150	240.150	366.000	401.550	1.000	none	1.000	1.000	0	33	100.650	546.700
82	0	19	3	240.150	295.700	366.000	377.850	1.000	none	1.000	1.000	0	33	100.650	546.700
82	0	19	5	295.700	393.150	366.000	377.850	1.000	none	1.000	1.000	0	33	100.650	546.700
82	0	19	7	393.150	441.750	366.000	377.850	1.000	none	1.000	1.000	0	33	100.650	546.700
82	0	19	8	441.750	490.750	366.000	377.850	1.000	none	1.000	1.000	0	33	100.650	546.700
82	0	19	9	490.750	549.350	366.000	377.850	1.000	none	1.000	1.000	0	33	100.650	546.700
82	0	19	10	549.350	612.450	366.000	377.850	1.000	none	1.000	1.000	0	33	100.650	546.700
82	0	19	11	612.450	671.050	366.000	377.850	1.000	none	1.000	1.000	0	33	100.650	546.700
82	0	19	12	671.050	734.400	366.000	377.850	1.000	none	1.000	1.000	0	33	100.650	546.700
82	0	20	3	240.150	295.700	377.850	389.700	1.000	none	1.000	1.000	0	33	100.650	546.700
82	0	20	5	295.700	490.750	377.850	389.700	1.000	none	1.000	1.000	0	33	100.650	546.700
82	0	20	9	490.750	734.400	377.850	389.700	1.000	none	1.000	1.000	0	33	100.650	546.700
82	0	21	3	240.150	295.700	389.700	401.550	1.000	none	1.000	1.000	0	33	100.650	546.700
82	0	21	5	295.700	490.750	389.700	401.550	1.000	none	1.000	1.000	0	33	100.650	546.700
82	0	21	9	490.750	734.400	389.700	401.550	1.000	none	1.000	1.000	0	33	100.650	546.700
82	0	22	0	57.600	734.400	401.550	418.300	1.000	1.000	1.000	1.000	0	33	100.650	546.700
82	0	23	0	57.600	155.950	418.300	455.350	none	1.000	1.000	1.000	0	33	100.650	546.700
82	0	23	1	155.950	192.150	418.300	455.350	none	1.000	1.000	1.000	0	33	100.650	546.700
82	0	23	2	192.150	240.150	418.300	455.350	none	1.000	1.000	1.000	0	33	100.650	546.700
82	0	23	3	240.150	295.700	418.300	430.650	none	1.000	none	1.000	0	33	100.650	546.700
82	0	23	5	295.700	393.150	418.300	430.650	1.000	1.000	none	1.000	0	33	100.650	546.700
82	0	23	7	393.150	441.750	418.300	430.650	none	1.000	none	1.000	0	33	100.650	546.700
82	0	23	8	441.750	490.750	418.300	430.650	none	1.000	none	1.000	0	33	100.650	546.700
82	0	23	9	490.750	549.350	418.300	430.650	none	1.000	none	1.000	0	33	100.650	546.700
82	0	23	10	549.350	612.450	418.300	430.650	none	1.000	none	1.000	0	33	100.650	546.700
82	0	23	11	612.450	671.050	418.300	430.650	none	1.000	none	1.000	0	33	100.650	546.700
82	0	23	12	671.050	734.400	418.300	430.650	none	1.000	none	1.000	0	33	100.650	546.700
82	0	24	3	240.150	295.700	430.650	443.000	none	1.000	none	1.000	0	33	100.650	546.700
82	0	24	5	295.700	490.750	430.650	443.000	1.000	1.000	none	1.000	0	33	100.650	546.700
82	0	24	9	490.750	734.400	430.650	443.000	1.000	1.000	none	1.000	0	33	100.650	546.700
82	0	25	3	240.150	295.700	443.000	455.350	none	1.000	none	1.000	0	33	100.650	546.700
82	0	25	5	295.700	490.750	443.000	455.350	1.000	1.000	none	1.000	0	33	100.650	546.700
82	0	25	9	490.750	734.400	443.000	455.350	1.000	1.000	none	1.000	0	33	100.650	546.700
82	0	26	0	57.600	734.400	455.350	472.100	1.000	1.000	1.000	1.000	0	33	100.650	546.700
82	0	27	0	57.600	155.950	472.100	509.150	none	1.000	1.000	1.000	0	33	100.650	546.700
82	0	27	1	155.950	192.150	472.100	509.150	none	1.000	1.000	1.000	0	33	100.650	546.700
82	0	27	2	192.150	240.150	472.100	509.150	none	1.000	1.000	1.000	0	33	100.650	546.700
82	0	27	3	240.150	295.700	472.100	484.450	none	1.000	none	1.000	0	33	100.650	546.700
82	0	27	5	295.700	393.150	472.100	484.450	1.000	1.000	none	1.000	0	33	100.650	546.700
82	0	27	7	393.150	441.750	472.100	484.450	none	1.000	none	1.000	0	33	100.650	546.700
82	0	27	8	441.750	490.750	472.100	484.450	none	1.000	none	1.000	0	33	100.650	546.700
82	0	27	9	490.750	549.350	472.100	484.450	none	1.000	none	1.000	0	33	100.650	546.700
82	0	27	10	549.350	612.450	472.100	484.450	none	1.000	none	1.000	0	33	100.650	546.700
82	0	27	11	612.450	671.050	472.100	484.450	none	1.000	none	1.000	0	33	100.650	546.700
82	0	27	12	671.050	734.400	472.100	484.450	none	1.000	none	1.000	0	33	100.650	546.700
82	0	28	3	240.150	295.700	484.450	496.800	none	1.000	none	1.000	0	33	100.650	546.700
82	0	28	5	295.700	490.750	484.450	496.800	1.000	1.000	none	1.000	0	33	100.650	546.700
82	0	28	9	490.750	734.400	484.450	496.800	1.000	0.500	none	1.000	0	33	100.650	546.700
82	0	29	3	240.150	295.700	496.800	509.150	none	1.000	none	1.000	0	33	100.650	546.700
82	0	29	5	295.700	490.750	496.800	509.150	1.000	1.000	none	1.000	0	33	100.650	546.700
82	0	29	9	490.750	734.400	496.800	509.150	0.500	1.000	none	1.000	0	33	100.650	546.700
82	0	30	0	57.600	155.950	509.150	546.200	none	1.000	1.000	1.000	0	33	100.650	546.700
82	0	30	1	155.950	192.150	509.150	546.200	none	1.000	1.000	1.000	0	33	100.650	546.700
82	0	30	2	192.150	240.150	509.150	546.200	none	1.000	1.000	1.000	0	33	100.650	546.700
82	0	30	3	240.150	295.700	509.150	521.500	none	1.000	none	1.000	0	33	100.650	546.700
82	0	30	5	295.700	393.150	509.150	521.500	1.000	1.000	none	1.000	0	33	100.650	546.700
82	0	30	7	393.150	441.750	509.150	521.500	none	1.000	none	1.000	0	33	100.650	546.700
82	0	30	8	441.750	490.750	509.150	521.500	none	1.000	none	1.000	0	33	100.650	546.700
82	0	30	9	490.750	549.350	509.150	521.500	none	1.000	none	1.000	0	33	100.650	546.700
82	0	30	10	549.350	612.450	509.150	521.500	none	1.000	none	1.000	0	33	100.650	546.700
82	0	30	11	612.450	671.050	509.150	521.500	none	1.000	none	1.000	0	33	100.650	546.700
82	0	30	12	671.050	734.400	509.150	521.500	none	1.000	none	1.000	0	33	100.650	546.700
82	0	31	3	240.150	295.700	521.500	533.850	none	1.000	none	1.000	0	33	100.650	546.700
82	0	31	5	295.700	490.750	521.500	533.850	1.000	1.000	none	1.000	0	33	100.650	546.700
82	0	31	9	490.750	734.400	521.500	533.850	1.000	0.500	none	1.000	0	33	100.650	546.700
82	0	32	3	240.150	295.700	533.850	546.200	none	1.000	none	1.000	0	33	100.650	546.700
82	0	32	5	295.700	490.750	533.850	546.200	1.000	1.000	none	1.000	0	33	100.650	546.700
82	0	32	9	490.750	734.400	533.850	546.200	0.500	1.000	none	1.000	0	33	100.650	546.700
84	0	0	0	57.600	154.700	101.150	163.500	1.000	1.000	1.000	1.000	0	30	100.650	498.300
84	0	0	1	154.700	189.800	101.150	163.500	1.000	1.000	none	1.000	0	30	100.650	498.300
84	0	0	2	189.800	243.000	101.150	163.500	1.000	1.000	none	1.000	0	30	100.650	498.300
84	0	0	3	243.000	297.600	101.150	163.500	1.000	1.000	none	1.000	0	30	100.650	498.300
84	0	0	5	297.600	488.150	101.150	116.300	1.000	1.000	none	1.000	0	30	100.650	498.300
84	0	0	12	488.150	734.400	101.150	116.300	1.000	1.000	none	1.000	0	30	100.650	498.300
84	0	1	5	297.600	393.300	116.300	151.650	1.000	1.000	none	1.000	0	30	100.650	498.300
84	0	1	8	393.300	488.150	116.300	151.650	1.000	1.000	none	1.000	0	30	100.650	498.300
84	0	1	12	488.150	611.550	116.300	128.650	1.000	1.000	none	1.000	0	30	100.650	498.300
84	0	1	17	611.550	734.400	116.300	128.650	none	1.000	1.000	1.000	0	30	100.650	498.300
84	0	2	12	488.150	545.500	128.650	163.500	none	1.000	1.000	1.000	0	30	100.650	498.300
84	0	2	14	545.500	611.550	128.650	163.500	none	1.000	1.000	1.000	0	30	100.650	498.300
84	0	2	17	611.550	668.550	128.650	163.500	none	1.000	1.000	1.000	0	30	100.650	498.300
84	0	2	18	668.550	734.400	128.650	163.500	none	1.000	1.000	1.000	0	30	100.650	498.300
84	0	3	5	297.600	351.950	151.650	163.500	none	1.000	none	1.000	0	30	100.650	498.300
84	0	3	7	351.950	393.300	151.650	163.500	none	1.000	none	1.000	0	30	100.650	498.300
84	0	3	8	393.300	439.550	151.650	163.500	none	1.000	none	1.000	0	30	100.650	498.300
84	0	3	11	439.550	488.150	151.650	163.500	none	1.000	none	1.000	0	30	100.650	498.300
84	0	4	0	57.600	734.400	163.500	180.250	1.000	1.000	1.000	1.000	0	30	100.650	498.300
84	0	5	0	57.600	154.700	180.250	215.800	1.000	none	1.000	1.000	0	30	100.650	498.300
84	0	5	1	154.700	189.800	180.250	215.800	1.000	none	1.000	1.000	0	30	100.650	498.300
84	0	5	2	189.800	243.250	180.250	215.800	1.000	none	1.000	1.000	0	30	100.650	498.300
84	0	5	4	243.250	297.850	180.250	192.100	1.000	none	1.000	1.000	0	30	100.650	498.300
84	0	5	6	297.850	393.300	180.250	192.100	1.000	none	1.000	1.000	0	30	100.650	498.300
84	0	5	8	393.300	439.550	180.250	192.100	1.000	none	1.000	1.000	0	30	100.650	498.300
84	0	5	11	439.550	488.150	180.250	192.100	1.000	none	1.000	1.000	0	30	100.650	498.300
84	0	5	12	488.150	542.300	180.250	192.100	1.000	none	1.000	1.000	0	30	100.650	498.300
84	0	5	13	542.300	608.750	180.250	192.100	1.000	none	1.000	1.000	0	30	100.650	498.300
84	0	5	16	608.750	668.550	180.250	192.100	1.000	none	1.000	1.000	0	30	100.650	498.300
84	0	5	18	668.550	734.400	180.250	192.100	1.000	none	1.000	1.000	0	30	100.650	498.300
84	0	6	4	243.250	297.850	192.100	203.950	1.000	none	1.000	1.000	0	30	100.650	498.300
84	0	6	6	297.850	393.300	192.100	203.950	1.000	none	1.000	1.000	0	30	100.650	498.300
84	0	6	8	393.300	439.550	192.100	203.950	1.000	none	1.000	1.000	0	30	100.650	498.300
84	0	6	11	439.550	488.150	192.100	203.950	1.000	none	1.000	1.000	0	30	100.650	498.300
84	0	6	12	488.150	542.300	192.100	203.950	1.000	none	1.000	1.000	0	30	100.650	498.300
84	0	6	13	542.300	608.750	192.100	203.950	1.000	none	1.000	1.000	0	30	100.650	498.300
84	0	6	16	608.750	668.550	192.100	203.950	1.000	none	1.000	1.000	0	30	100.650	498.300
84	0	6	18	668.550	734.400	192.100	203.950	1.000	none	1.000	1.000	0	30	100.650	498.300
84	0	7	4	243.250	297.850	203.950	215.800	1.000	none	1.000	1.000	0	30	100.650	498.300
84	0	7	6	297.850	393.300	203.950	215.800	1.000	none	1.000	1.000	0	30	100.650	498.300
84	0	7	8	393.300	439.550	203.950	215.800	1.000	none	1.000	1.000	0	30	100.650	498.300
84	0	7	11	439.550	488.150	203.950	215.800	1.000	none	1.000	1.000	0	30	100.650	498.300
84	0	7	12	488.150	542.300	203.950	215.800	1.000	none	1.000	1.000	0	30	100.650	498.300
84	0	7	13	542.300	608.750	203.950	215.800	1.000	none	1.000	1.000	0	30	100.650	498.300
84	0	7	16	608.750	668.550	203.950	215.800	1.000	none	1.000	1.000	0	30	100.650	498.300
84	0	7	18	668.550	734.400	203.950	215.800	1.000	none	1.000	1.000	0	30	100.650	498.300
84	0	8	0	57.600	734.400	215.800	232.550	1.000	1.000	1.000	1.000	0	30	100.650	498.300
84	0	9	0	57.600	154.700	232.550	268.100	1.000	none	1.000	1.000	0	30	100.650	498.300
84	0	9	1	154.700	189.800	232.550	268.100	1.000	none	1.000	1.000	0	30	100.650	498.300
84	0	9	2	189.800	243.000	232.550	268.100	1.000	none	1.000	1.000	0	30	100.650	498.300
84	0	9	3	243.000	297.600	232.550	244.400	1.000	none	1.000	1.000	0	30	100.650	498.300
84	0	9	5	297.600	393.300	232.550	244.400	1.000	none	1.000	1.000	0	30	100.650	498.300
84	0	9	8	393.300	439.550	232.550	244.400	1.000	none	1.000	1.000	0	30	100.650	498.300
84	0	9	11	439.550	488.150	232.550	244.400	1.000	none	1.000	1.000	0	30	100.650	498.300
84	0	9	12	488.150	542.300	232.550	244.400	1.000	none	1.000	1.000	0	30	100.650	498.300
84	0	9	13	542.300	611.550	232.550	244.400	1.000	none	1.000	1.000	0	30	100.650	498.300
84	0	9	17	611.550	668.550	232.550	244.400	1.000	none	1.000	1.000	0	30	100.650	498.300
84	0	9	18	668.550	734.400	232.550	244.400	1.000	none	1.000	1.000	0	30	100.650	498.300
84	0	10	3	243.000	297.600	244.400	256.250	1.000	none	1.000	1.000	0	30	100.650	498.300
84	0	10	5	297.600	488.150	244.400	256.250	1.000	none	1.000	1.000	0	30	100.650	498.300
84	0	10	12	488.150	734.400	244.400	256.250	1.000	none	1.000	1.000	0	30	100.650	498.300
84	0	11	3	243.000	297.600	256.250	268.100	1.000	none	1.000	1.000	0	30	100.650	498.300
84	0	11	5	297.600	488.150	256.250	268.100	1.000	none	1.000	1.000	0	30	100.650	498.300
84	0	11	12	488.150	734.400	256.250	268.100	1.000	none	1.000	1.000	0	30	100.650	498.300
84	0	12	0	57.600	734.400	268.100	284.850	1.000	1.000	1.000	1.000	0	30	100.650	498.300
84	0	13	0	57.600	154.700	284.850	321.900	none	1.000	1.000	1.000	0	30	100.650	498.300
84	0	13	1	154.700	189.800	284.850	321.900	none	1.000	1.000	1.000	0	30	100.650	498.300
84	0	13	2	189.800	243.000	284.850	321.900	none	1.000	1.000	1.000	0	30	100.650	498.300
84	0	13	3	243.000	297.600	284.850	297.200	none	1.000	none	1.000	0	30	100.650	498.300
84	0	13	5	297.600	393.300	284.850	297.200	1.000	1.000	none	1.000	0	30	100.650	498.300
84	0	13	8	393.300	439.550	284.850	297.200	none	1.000	none	1.000	0	30	100.650	498.300
84	0	13	11	439.550	488.150	284.850	297.200	none	1.000	none	1.000	0	30	100.650	498.300
84	0	13	12	488.150	545.500	284.850	297.200	none	1.000	none	1.000	0	30	100.650	498.300
84	0	13	14	545.500	611.550	284.850	297.200	none	1.000	none	1.000	0	30	100.650	498.300
84	0	13	17	611.550	668.550	284.850	297.200	none	1.000	none	1.000	0	30	100.650	498.300
84	0	13	18	668.550	734.400	284.850	297.200	none	1.000	none	1.000	0	30	100.650	498.300
84	0	14	3	243.000	297.600	297.200	309.550	none	1.000	none	1.000	0	30	100.650	498.300
84	0	14	5	297.600	488.150	297.200	309.550	1.000	1.000	none	1.000	0	30	100.650	498.300
84	0	14	12	488.150	734.400	297.200	309.550	1.000	1.000	none	1.000	0	30	100.650	498.300
84	0	15	3	243.000	297.600	309.550	321.900	none	1.000	none	1.000	0	30	100.650	498.300
84	0	15	5	297.600	488.150	309.550	321.900	1.000	1.000	none	1.000	0	30	100.650	498.300
84	0	15	12	488.150	734.400	309.550	321.900	1.000	1.000	none	1.000	0	30	100.650	498.300
84	0	16	0	57.600	154.700	321.900	358.950	none	1.000	1.000	1.000	0	30	100.650	498.300
84	0	16	1	154.700	189.800	321.900	358.950	none	1.000	1.000	1.000	0	30	100.650	498.300
84	0	16	2	189.800	243.000	321.900	358.950	none	1.000	1.000	1.000	0	30	100.650	498.300
84	0	16	3	243.000	297.600	321.900	334.250	none	1.000	none	1.000	0	30	100.650	498.300
84	0	16	5	297.600	393.300	321.900	334.250	1.000	1.000	none	1.000	0	30	100.650	498.300
84	0	16	8	393.300	439.550	321.900	334.250	none	1.000	none	1.000	0	30	100.650	498.300
84	0	16	11	439.550	488.150	321.900	334.250	none	1.000	none	1.000	0	30	100.650	498.300
84	0	16	12	488.150	545.500	321.900	334.250	none	1.000	none	1.000	0	30	100.650	498.300
84	0	16	14	545.500	611.550	321.900	334.250	none	1.000	none	1.000	0	30	100.650	498.300
84	0	16	17	611.550	668.550	321.900	334.250	none	1.000	none	1.000	0	30	100.650	498.300
84	0	16	18	668.550	734.400	321.900	334.250	none	1.000	none	1.000	0	30	100.650	498.300
84	0	17	3	243.000	297.600	334.250	346.600	none	1.000	none	1.000	0	30	100.650	498.300
84	0	17	5	297.600	488.150	334.250	346.600	1.000	1.000	none	1.000	0	30	100.650	498.300
84	0	17	12	488.150	734.400	334.250	346.600	1.000	1.000	none	1.000	0	30	100.650	498.300
84	0	18	3	243.000	297.600	346.600	358.950	none	1.000	none	1.000	0	30	100.650	498.300
84	0	18	5	297.600	488.150	346.600	358.950	1.000	1.000	none	1.000	0	30	100.650	498.300
84	0	18	12	488.150	734.400	346.600	358.950	1.000	1.000	none	1.000	0	30	100.650	498.300
84	0	19	0	57.600	154.700	358.950	394.750	1.000	0.500	1.000	1.000	0	30	100.650	498.300
84	0	19	1	154.700	189.800	358.950	394.750	1.000	0.500	1.000	1.000	0	30	100.650	498.300
84	0	19	2	189.800	243.000	358.950	394.750	1.000	0.500	1.000	1.000	0	30	100.650	498.300
84	0	19	3	243.000	297.600	358.950	371.050	1.000	0.500	1.000	1.000	0	30	100.650	498.300
84	0	19	5	297.600	393.300	358.950	371.050	1.000	0.500	1.000	1.000	0	30	100.650	498.300
84	0	19	8	393.300	439.550	358.950	371.050	1.000	0.500	1.000	1.000	0	30	100.650	498.300
84	0	19	11	439.550	488.150	358.950	371.050	1.000	0.500	1.000	1.000	0	30	100.650	498.300
84	0	19	12	488.150	545.500	358.950	371.050	1.000	0.500	1.000	1.000	0	30	100.650	498.300
84	0	19	14	545.500	611.550	358.950	371.050	1.000	0.500	1.000	1.000	0	30	100.650	498.300
84	0	19	17	611.550	668.550	358.950	371.050	1.000	0.500	1.000	1.000	0	30	100.650	498.300
84	0	19	18	668.550	734.400	358.950	371.050	1.000	0.500	1.000	1.000	0	30	100.650	498.300
84	0	20	3	243.000	297.600	371.050	382.900	0.500	0.500	1.000	1.000	0	30	100.650	498.300
84	0	20	5	297.600	488.150	371.050	382.900	0.500	0.500	1.000	1.000	0	30	100.650	498.300
84	0	20	12	488.150	734.400	371.050	382.900	0.500	0.500	1.000	1.000	0	30	100.650	498.300
84	0	21	3	243.000	297.600	382.900	394.750	0.500	0.500	1.000	1.000	0	30	100.650	498.300
84	0	21	5	297.600	488.150	382.900	394.750	0.500	0.500	1.000	1.000	0	30	100.650	498.300
84	0	21	12	488.150	734.400	382.900	394.750	0.500	0.500	1.000	1.000	0	30	100.650	498.300
84	0	22	0	57.600	734.400	394.750	410.850	0.500	none	1.000	1.000	0	30	100.650	498.300
84	0	23	0	57.600	154.700	410.850	446.400	0.500	0.500	1.000	1.000	0	30	100.650	498.300
84	0	23	1	154.700	189.800	410.850	446.400	0.500	0.500	1.000	1.000	0	30	100.650	498.300
84	0	23	2	189.800	243.000	410.850	446.400	0.500	0.500	1.000	1.000	0	30	100.650	498.300
84	0	23	3	243.000	297.600	410.850	422.700	0.500	0.500	1.000	1.000	0	30	100.650	498.300
84	0	23	5	297.600	395.800	410.850	422.700	0.500	0.500	1.000	1.000	0	30	100.650	498.300
84	0	23	9	395.800	437.550	410.850	422.700	0.500	0.500	1.000	1.000	0	30	100.650	498.300
84	0	23	10	437.550	488.150	410.850	422.700	0.500	0.500	1.000	1.000	0	30	100.650	498.300
84	0	23	12	488.150	548.150	410.850	422.700	0.500	0.500	1.000	1.000	0	30	100.650	498.300
84	0	23	15	548.150	611.550	410.850	422.700	0.500	0.500	1.000	1.000	0	30	100.650	498.300
84	0	23	17	611.550	670.400	410.850	422.700	0.500	0.500	1.000	1.000	0	30	100.650	498.300
84	0	23	19	670.400	734.400	410.850	422.700	0.500	0.500	1.000	1.000	0	30	100.650	498.300
84	0	24	3	243.000	297.600	422.700	434.550	0.500	0.500	1.000	1.000	0	30	100.650	498.300
84	0	24	5	297.600	488.150	422.700	434.550	0.500	0.500	1.000	1.000	0	30	100.650	498.300
84	0	24	12	488.150	734.400	422.700	434.550	0.500	0.500	1.000	1.000	0	30	100.650	498.300
84	0	25	3	243.000	297.600	434.550	446.400	0.500	0.500	1.000	1.000	0	30	100.650	498.300
84	0	25	5	297.600	488.150	434.550	446.400	0.500	0.500	1.000	1.000	0	30	100.650	498.300
84	0	25	12	488.150	734.400	434.550	446.400	0.500	0.500	1.000	1.000	0	30	100.650	498.300
84	0	26	0	57.600	734.400	446.400	462.500	none	0.500	1.000	1.000	0	30	100.650	498.300
84	0	27	0	57.600	154.700	462.500	498.050	0.500	0.500	1.000	1.000	0	30	100.650	498.300
84	0	27	1	154.700	189.800	462.500	498.050	0.500	0.500	1.000	1.000	0	30	100.650	498.300
84	0	27	2	189.800	243.000	462.500	498.050	0.500	0.500	1.000	1.000	0	30	100.650	498.300
84	0	27	3	243.000	297.600	462.500	474.350	0.500	0.500	1.000	1.000	0	30	100.650	498.300
84	0	27	5	297.600	395.800	462.500	474.350	0.500	0.500	1.000	1.000	0	30	100.650	498.300
84	0	27	9	395.800	437.550	462.500	474.350	0.500	0.500	1.000	1.000	0	30	100.650	498.300
84	0	27	10	437.550	488.150	462.500	474.350	0.500	0.500	1.000	1.000	0	30	100.650	498.300
84	0	27	12	488.150	548.150	462.500	474.350	0.500	0.500	1.000	1.000	0	30	100.650	498.300
84	0	27	15	548.150	611.550	462.500	474.350	0.500	0.500	1.000	1.000	0	30	100.650	498.300
84	0	27	17	611.550	670.400	462.500	474.350	0.500	0.500	1.000	1.000	0	30	100.650	498.300
84	0	27	19	670.400	734.400	462.500	474.350	0.500	0.500	1.000	1.000	0	30	100.650	498.300
84	0	28	3	243.000	297.600	474.350	486.200	0.500	0.500	1.000	1.000	0	30	100.650	498.300
84	0	28	5	297.600	488.150	474.350	486.200	0.500	0.500	1.000	1.000	0	30	100.650	498.300
84	0	28	12	488.150	734.400	474.350	486.200	0.500	0.500	1.000	1.000	0	30	100.650	498.300
84	0	29	3	243.000	297.600	486.200	498.050	0.500	0.500	1.000	1.000	0	30	100.650	498.300
84	0	29	5	297.600	488.150	486.200	498.050	0.500	0.500	1.000	1.000	0	30	100.650	498.300
84	0	29	12	488.150	734.400	486.200	498.050	0.500	0.500	1.000	1.000	0	30	100.650	498.300
86	0	0	0	57.975	98.125	109.425	126.775	0.750	0.750	0.750	0.750	0	18	109.050	346.450
86	0	0	1	98.125	201.425	109.425	126.775	0.750	0.750	0.750	0.750	0	18	109.050	346.450
86	0	0	2	201.425	341.775	109.425	126.775	0.750	0.750	0.750	0.750	0	18	109.050	346.450
86	0	0	3	341.775	404.675	109.425	126.775	0.750	0.750	0.750	0.750	0	18	109.050	346.450
86	0	0	4	404.675	443.425	109.425	126.775	0.750	0.750	0.750	0.750	0	18	109.050	346.450
86	0	0	5	443.425	486.925	109.425	126.775	0.750	0.750	0.750	0.750	0	18	109.050	346.450
86	0	0	6	486.925	554.775	109.425	126.775	0.750	0.750	0.750	0.750	0	18	109.050	346.450
86	0	1	0	57.975	98.125	126.775	139.675	0.750	0.750	0.750	0.750	0	18	109.050	346.450
86	0	1	1	98.125	201.425	126.775	139.675	0.750	0.750	0.750	0.750	0	18	109.050	346.450
86	0	1	2	201.425	341.775	126.775	139.675	0.750	0.750	0.750	0.750	0	18	109.050	346.450
86	0	1	3	341.775	404.675	126.775	139.675	0.750	0.750	0.750	0.750	0	18	109.050	346.450
86	0	1	4	404.675	443.425	126.775	139.675	0.750	0.750	0.750	0.750	0	18	109.050	346.450
86	0	1	5	443.425	486.925	126.775	139.675	0.750	0.750	0.750	0.750	0	18	109.050	346.450
86	0	1	6	486.925	554.775	126.775	139.675	0.750	0.750	0.750	0.750	0	18	109.050	346.450
86	0	2	0	57.975	98.125	139.675	152.575	0.750	0.750	0.750	0.750	0	18	109.050	346.450
86	0	2	1	98.125	201.425	139.675	152.575	0.750	0.750	0.750	0.750	0	18	109.050	346.450
86	0	2	2	201.425	341.775	139.675	152.575	0.750	0.750	0.750	0.750	0	18	109.050	346.450
86	0	2	3	341.775	404.675	139.675	152.575	0.750	0.750	0.750	0.750	0	18	109.050	346.450
86	0	2	4	404.675	443.425	139.675	152.575	0.750	0.750	0.750	0.750	0	18	109.050	346.450
86	0	2	5	443.425	486.925	139.675	152.575	0.750	0.750	0.750	0.750	0	18	109.050	346.450
86	0	2	6	486.925	554.775	139.675	152.575	0.750	0.750	0.750	0.750	0	18	109.050	346.450
86	0	3	0	57.975	98.125	152.575	165.475	0.750	0.750	0.750	0.750	0	18	109.050	346.450
86	0	3	1	98.125	201.425	152.575	165.475	0.750	0.750	0.750	0.750	0	18	109.050	346.450
86	0	3	2	201.425	341.775	152.575	165.475	0.750	0.750	0.750	0.750	0	18	109.050	346.450
86	0	3	3	341.775	404.675	152.575	165.475	0.750	0.750	0.750	0.750	0	18	109.050	346.450
86	0	3	4	404.675	443.425	152.575	165.475	0.750	0.750	0.750	0.750	0	18	109.050	346.450
86	0	3	5	443.425	486.925	152.575	165.475	0.750	0.750	0.750	0.750	0	18	109.050	346.450
86	0	3	6	486.925	554.775	152.575	165.475	0.750	0.750	0.750	0.750	0	18	109.050	346.450
86	0	4	0	57.975	98.125	165.475	178.375	0.750	0.750	0.750	0.750	0	18	109.050	346.450
86	0	4	1	98.125	201.425	165.475	178.375	0.750	0.750	0.750	0.750	0	18	109.050	346.450
86	0	4	2	201.425	341.775	165.475	178.375	0.750	0.750	0.750	0.750	0	18	109.050	346.450
86	0	4	3	341.775	404.675	165.475	178.375	0.750	0.750	0.750	0.750	0	18	109.050	346.450
86	0	4	4	404.675	443.425	165.475	178.375	0.750	0.750	0.750	0.750	0	18	109.050	346.450
86	0	4	5	443.425	486.925	165.475	178.375	0.750	0.750	0.750	0.750	0	18	109.050	346.450
86	0	4	6	486.925	554.775	165.475	178.375	0.750	0.750	0.750	0.750	0	18	109.050	346.450
86	0	5	0	57.975	98.125	178.375	191.275	0.750	0.750	0.750	0.750	0	18	109.050	346.450
86	0	5	1	98.125	201.425	178.375	191.275	0.750	0.750	0.750	0.750	0	18	109.050	346.450
86	0	5	2	201.425	341.775	178.375	191.275	0.750	0.750	0.750	0.750	0	18	109.050	346.450
86	0	5	3	341.775	404.675	178.375	191.275	0.750	0.750	0.750	0.750	0	18	109.050	346.450
86	0	5	4	404.675	443.425	178.375	191.275	0.750	0.750	0.750	0.750	0	18	109.050	346.450
86	0	5	5	443.425	486.925	178.375	191.275	0.750	0.750	0.750	0.750	0	18	109.050	346.450
86	0	5	6	486.925	554.775	178.375	191.275	0.750	0.750	0.750	0.750	0	18	109.050	346.450
86	0	6	0	57.975	98.125	191.275	204.175	0.750	0.750	0.750	0.750	0	18	109.050	346.450
86	0	6	1	98.125	201.425	191.275	204.175	0.750	0.750	0.750	0.750	0	18	109.050	346.450
86	0	6	2	201.425	341.775	191.275	204.175	0.750	0.750	0.750	0.750	0	18	109.050	346.450
86	0	6	3	341.775	404.675	191.275	204.175	0.750	0.750	0.750	0.750	0	18	109.050	346.450
86	0	6	4	404.675	443.425	191.275	204.175	0.750	0.750	0.750	0.750	0	18	109.050	346.450
86	0	6	5	443.425	486.925	191.275	204.175	0.750	0.750	0.750	0.750	0	18	109.050	346.450
86	0	6	6	486.925	554.775	191.275	204.175	0.750	0.750	0.750	0.750	0	18	109.050	346.450
86	0	7	0	57.975	98.125	204.175	217.075	0.750	0.750	0.750	0.750	0	18	109.050	346.450
86	0	7	1	98.125	201.425	204.175	217.075	0.750	0.750	0.750	0.750	0	18	109.050	346.450
86	0	7	2	201.425	341.775	204.175	217.075	0.750	0.750	0.750	0.750	0	18	109.050	346.450
86	0	7	3	341.775	404.675	204.175	217.075	0.750	0.750	0.750	0.750	0	18	109.050	346.450
86	0	7	4	404.675	443.425	204.175	217.075	0.750	0.750	0.750	0.750	0	18	109.050	346.450
86	0	7	5	443.425	486.925	204.175	217.075	0.750	0.750	0.750	0.750	0	18	109.050	346.450
86	0	7	6	486.925	554.775	204.175	217.075	0.750	0.750	0.750	0.750	0	18	109.050	346.450
86	0	8	0	57.975	98.125	217.075	229.975	0.750	0.750	0.750	0.750	0	18	109.050	346.450
86	0	8	1	98.125	201.425	217.075	229.975	0.750	0.750	0.750	0.750	0	18	109.050	346.450
86	0	8	2	201.425	341.775	217.075	229.975	0.750	0.750	0.750	0.750	0	18	109.050	346.450
86	0	8	3	341.775	404.675	217.075	229.975	0.750	0.750	0.750	0.750	0	18	109.050	346.450
86	0	8	4	404.675	443.425	217.075	229.975	0.750	0.750	0.750	0.750	0	18	109.050	346.450
86	0	8	5	443.425	486.925	217.075	229.975	0.750	0.750	0.750	0.750	0	18	109.050	346.450
86	0	8	6	486.925	554.775	217.075	229.975	0.750	0.750	0.750	0.750	0	18	109.050	346.450
86	0	9	0	57.975	98.125	229.975	242.875	0.750	0.750	0.750	0.750	0	18	109.050	346.450
86	0	9	1	98.125	201.425	229.975	242.875	0.750	0.750	0.750	0.750	0	18	109.050	346.450
86	0	9	2	201.425	341.775	229.975	242.875	0.750	0.750	0.750	0.750	0	18	109.050	346.450
86	0	9	3	341.775	404.675	229.975	242.875	0.750	0.750	0.750	0.750	0	18	109.050	346.450
86	0	9	4	404.675	443.425	229.975	242.875	0.750	0.750	0.750	0.750	0	18	109.050	346.450
86	0	9	5	443.425	486.925	229.975	242.875	0.750	0.750	0.750	0.750	0	18	109.050	346.450
86	0	9	6	486.925	554.775	229.975	242.875	0.750	0.750	0.750	0.750	0	18	109.050	346.450
86	0	10	0	57.975	98.125	242.875	255.775	0.750	0.750	0.750	0.750	0	18	109.050	346.450
86	0	10	1	98.125	201.425	242.875	255.775	0.750	0.750	0.750	0.750	0	18	109.050	346.450
86	0	10	2	201.425	341.775	242.875	255.775	0.750	0.750	0.750	0.750	0	18	109.050	346.450
86	0	10	3	341.775	404.675	242.875	255.775	0.750	0.750	0.750	0.750	0	18	109.050	346.450
86	0	10	4	404.675	443.425	242.875	255.775	0.750	0.750	0.750	0.750	0	18	109.050	346.450
86	0	10	5	443.425	486.925	242.875	255.775	0.750	0.750	0.750	0.750	0	18	109.050	346.450
86	0	10	6	486.925	554.775	242.875	255.775	0.750	0.750	0.750	0.750	0	18	109.050	346.450
86	0	11	0	57.975	98.125	255.775	268.675	0.750	0.750	0.750	0.750	0	18	109.050	346.450
86	0	11	1	98.125	201.425	255.775	268.675	0.750	0.750	0.750	0.750	0	18	109.050	346.450
86	0	11	2	201.425	341.775	255.775	268.675	0.750	0.750	0.750	0.750	0	18	109.050	346.450
86	0	11	3	341.775	404.675	255.775	268.675	0.750	0.750	0.750	0.750	0	18	109.050	346.450
86	0	11	4	404.675	443.425	255.775	268.675	0.750	0.750	0.750	0.750	0	18	109.050	346.450
86	0	11	5	443.425	486.925	255.775	268.675	0.750	0.750	0.750	0.750	0	18	109.050	346.450
86	0	11	6	486.925	554.775	255.775	268.675	0.750	0.750	0.750	0.750	0	18	109.050	346.450
86	0	12	0	57.975	98.125	268.675	281.575	0.750	0.750	0.750	0.750	0	18	109.050	346.450
86	0	12	1	98.125	201.425	268.675	281.575	0.750	0.750	0.750	0.750	0	18	109.050	346.450
86	0	12	2	201.425	341.775	268.675	281.575	0.750	0.750	0.750	0.750	0	18	109.050	346.450
86	0	12	3	341.775	404.675	268.675	281.575	0.750	0.750	0.750	0.750	0	18	109.050	346.450
86	0	12	4	404.675	443.425	268.675	281.575	0.750	0.750	0.750	0.750	0	18	109.050	346.450
86	0	12	5	443.425	486.925	268.675	281.575	0.750	0.750	0.750	0.750	0	18	109.050	346.450
86	0	12	6	486.925	554.775	268.675	281.575	0.750	0.750	0.750	0.750	0	18	109.050	346.450
86	0	13	0	57.975	98.125	281.575	294.475	0.750	0.750	0.750	0.750	0	18	109.050	346.450
86	0	13	1	98.125	201.425	281.575	294.475	0.750	0.750	0.750	0.750	0	18	109.050	346.450
86	0	13	2	201.425	341.775	281.575	294.475	0.750	0.750	0.750	0.750	0	18	109.050	346.450
86	0	13	3	341.775	404.675	281.575	294.475	0.750	0.750	0.750	0.750	0	18	109.050	346.450
86	0	13	4	404.675	443.425	281.575	294.475	0.750	0.750	0.750	0.750	0	18	109.050	346.450
86	0	13	5	443.425	486.925	281.575	294.475	0.750	0.750	0.750	0.750	0	18	109.050	346.450
86	0	13	6	486.925	554.775	281.575	294.475	0.750	0.750	0.750	0.750	0	18	109.050	346.450
86	0	14	0	57.975	98.125	294.475	307.375	0.750	0.750	0.750	0.750	0	18	109.050	346.450
86	0	14	1	98.125	201.425	294.475	307.375	0.750	0.750	0.750	0.750	0	18	109.050	346.450
86	0	14	2	201.425	341.775	294.475	307.375	0.750	0.750	0.750	0.750	0	18	109.050	346.450
86	0	14	3	341.775	404.675	294.475	307.375	0.750	0.750	0.750	0.750	0	18	109.050	346.450
86	0	14	4	404.675	443.425	294.475	307.375	0.750	0.750	0.750	0.750	0	18	109.050	346.450
86	0	14	5	443.425	486.925	294.475	307.375	0.750	0.750	0.750	0.750	0	18	109.050	346.450
86	0	14	6	486.925	554.775	294.475	307.375	0.750	0.750	0.750	0.750	0	18	109.050	346.450
86	0	15	0	57.975	98.125	307.375	320.275	0.750	0.750	0.750	0.750	0	18	109.050	346.450
86	0	15	1	98.125	201.425	307.375	320.275	0.750	0.750	0.750	0.750	0	18	109.050	346.450
86	0	15	2	201.425	341.775	307.375	320.275	0.750	0.750	0.750	0.750	0	18	109.050	346.450
86	0	15	3	341.775	404.675	307.375	320.275	0.750	0.750	0.750	0.750	0	18	109.050	346.450
86	0	15	4	404.675	443.425	307.375	320.275	0.750	0.750	0.750	0.750	0	18	109.050	346.450
86	0	15	5	443.425	486.925	307.375	320.275	0.750	0.750	0.750	0.750	0	18	109.050	346.450
86	0	15	6	486.925	554.775	307.375	320.275	0.750	0.750	0.750	0.750	0	18	109.050	346.450
86	0	16	0	57.975	98.125	320.275	333.175	0.750	0.750	0.750	0.750	0	18	109.050	346.450
86	0	16	1	98.125	201.425	320.275	333.175	0.750	0.750	0.750	0.750	0	18	109.050	346.450
86	0	16	2	201.425	341.775	320.275	333.175	0.750	0.750	0.750	0.750	0	18	109.050	346.450
86	0	16	3	341.775	404.675	320.275	333.175	0.750	0.750	0.750	0.750	0	18	109.050	346.450
86	0	16	4	404.675	443.425	320.275	333.175	0.750	0.750	0.750	0.750	0	18	109.050	346.450
86	0	16	5	443.425	486.925	320.275	333.175	0.750	0.750	0.750	0.750	0	18	109.050	346.450
86	0	16	6	486.925	554.775	320.275	333.175	0.750	0.750	0.750	0.750	0	18	109.050	346.450
86	0	17	0	57.975	98.125	333.175	346.075	0.750	0.750	0.750	0.750	0	18	109.050	346.450
86	0	17	1	98.125	201.425	333.175	346.075	0.750	0.750	0.750	0.750	0	18	109.050	346.450
86	0	17	2	201.425	341.775	333.175	346.075	0.750	0.750	0.750	0.750	0	18	109.050	346.450
86	0	17	3	341.775	404.675	333.175	346.075	0.750	0.750	0.750	0.750	0	18	109.050	346.450
86	0	17	4	404.675	443.425	333.175	346.075	0.750	0.750	0.750	0.750	0	18	109.050	346.450
86	0	17	5	443.425	486.925	333.175	346.075	0.750	0.750	0.750	0.750	0	18	109.050	346.450
86	0	17	6	486.925	554.775	333.175	346.075	0.750	0.750	0.750	0.750	0	18	109.050	346.450
87	0	0	0	57.600	135.700	79.125	136.725	0.750	0.750	0.750	0.750	0	4	78.750	244.100
87	0	0	1	135.700	261.200	79.125	136.725	0.750	0.750	0.750	0.750	0	4	78.750	244.100
87	0	0	2	261.200	554.400	79.125	107.925	0.750	0.750	0.750	0.750	0	4	78.750	244.100
87	0	1	2	261.200	413.700	107.925	136.725	0.750	0.750	0.750	0.750	0	4	78.750	244.100
87	0	1	3	413.700	554.400	107.925	136.725	0.750	0.750	0.750	0.750	0	4	78.750	244.100
87	0	2	0	57.600	135.700	136.725	184.475	0.750	0.750	0.750	0.750	0	4	78.750	244.100
87	0	2	1	135.700	261.200	136.725	243.725	0.750	0.750	0.750	0.750	0	4	78.750	244.100
87	0	2	2	261.200	413.700	136.725	184.475	0.750	0.750	0.750	0.750	0	4	78.750	244.100
87	0	2	3	413.700	554.400	136.725	243.725	0.750	0.750	0.750	0.750	0	4	78.750	244.100
87	0	3	0	57.600	135.700	184.475	243.725	0.750	0.750	0.750	0.750	0	4	78.750	244.100
87	0	3	2	261.200	413.700	184.475	243.725	0.750	0.750	0.750	0.750	0	4	78.750	244.100
88	0	0	0	57.600	141.550	117.775	164.575	0.750	0.750	0.750	0.750	0	6	117.400	395.350
88	0	0	1	141.550	273.300	117.775	164.575	0.750	0.750	0.750	0.750	0	6	117.400	395.350
88	0	0	2	273.300	554.400	117.775	142.975	0.750	0.750	0.750	0.750	0	6	117.400	395.350
88	0	1	2	273.300	422.350	142.975	164.575	0.750	0.750	0.750	0.750	0	6	117.400	395.350
88	0	1	3	422.350	554.400	142.975	164.575	0.750	0.750	0.750	0.750	0	6	117.400	395.350
88	0	2	0	57.600	141.550	164.575	222.175	0.750	0.750	0.750	0.750	0	6	117.400	395.350
88	0	2	1	141.550	273.300	164.575	222.175	0.750	0.750	0.750	0.750	0	6	117.400	395.350
88	0	2	2	273.300	422.350	164.575	222.175	0.750	0.750	0.750	0.750	0	6	117.400	395.350
88	0	2	3	422.350	554.400	164.575	222.175	0.750	0.750	0.750	0.750	0	6	117.400	395.350
88	0	3	0	57.600	141.550	222.175	279.775	0.750	0.750	0.750	0.750	0	6	117.400	395.350
88	0	3	1	141.550	273.300	222.175	279.775	0.750	0.750	0.750	0.750	0	6	117.400	395.350
88	0	3	2	273.300	422.350	222.175	279.775	0.750	0.750	0.750	0.750	0	6	117.400	395.350
88	0	3	3	422.350	554.400	222.175	279.775	0.750	0.750	0.750	0.750	0	6	117.400	395.350
88	0	4	0	57.600	141.550	279.775	337.375	0.750	0.750	0.750	0.750	0	6	117.400	395.350
88	0	4	1	141.550	273.300	279.775	337.375	0.750	0.750	0.750	0.750	0	6	117.400	395.350
88	0	4	2	273.300	422.350	279.775	337.375	0.750	0.750	0.750	0.750	0	6	117.400	395.350
88	0	4	3	422.350	554.400	279.775	337.375	0.750	0.750	0.750	0.750	0	6	117.400	395.350
88	0	5	0	57.600	141.550	337.375	394.975	0.750	0.750	0.750	0.750	0	6	117.400	395.350
88	0	5	1	141.550	273.300	337.375	394.975	0.750	0.750	0.750	0.750	0	6	117.400	395.350
88	0	5	2	273.300	422.350	337.375	394.975	0.750	0.750	0.750	0.750	0	6	117.400	395.350
88	0	5	3	422.350	554.400	337.375	394.975	0.750	0.750	0.750	0.750	0	6	117.400	395.350
89	0	0	0	57.600	148.400	117.775	168.175	0.750	0.750	0.750	0.750	0	6	117.400	398.950
89	0	0	1	148.400	263.450	117.775	168.175	0.750	0.750	0.750	0.750	0	6	117.400	398.950
89	0	0	2	263.450	554.400	117.775	146.575	0.750	0.750	0.750	0.750	0	6	117.400	398.950
89	0	1	2	263.450	411.950	146.575	168.175	0.750	0.750	0.750	0.750	0	6	117.400	398.950
89	0	1	3	411.950	554.400	146.575	168.175	0.750	0.750	0.750	0.750	0	6	117.400	398.950
89	0	2	0	57.600	148.400	168.175	225.775	0.750	0.750	0.750	0.750	0	6	117.400	398.950
89	0	2	1	148.400	263.450	168.175	225.775	0.750	0.750	0.750	0.750	0	6	117.400	398.950
89	0	2	2	263.450	411.950	168.175	225.775	0.750	0.750	0.750	0.750	0	6	117.400	398.950
89	0	2	3	411.950	554.400	168.175	225.775	0.750	0.750	0.750	0.750	0	6	117.400	398.950
89	0	3	0	57.600	148.400	225.775	283.375	0.750	0.750	0.750	0.750	0	6	117.400	398.950
89	0	3	1	148.400	263.450	225.775	283.375	0.750	0.750	0.750	0.750	0	6	117.400	398.950
89	0	3	2	263.450	411.950	225.775	283.375	0.750	0.750	0.750	0.750	0	6	117.400	398.950
89	0	3	3	411.950	554.400	225.775	283.375	0.750	0.750	0.750	0.750	0	6	117.400	398.950
89	0	4	0	57.600	148.400	283.375	340.975	0.750	0.750	0.750	0.750	0	6	117.400	398.950
89	0	4	1	148.400	263.450	283.375	340.975	0.750	0.750	0.750	0.750	0	6	117.400	398.950
89	0	4	2	263.450	411.950	283.375	340.975	0.750	0.750	0.750	0.750	0	6	117.400	398.950
89	0	4	3	411.950	554.400	283.375	340.975	0.750	0.750	0.750	0.750	0	6	117.400	398.950
89	0	5	0	57.600	148.400	340.975	398.575	0.750	0.750	0.750	0.750	0	6	117.400	398.950
89	0	5	1	148.400	263.450	340.975	398.575	0.750	0.750	0.750	0.750	0	6	117.400	398.950
89	0	5	2	263.450	411.950	340.975	398.575	0.750	0.750	0.750	0.750	0	6	117.400	398.950
89	0	5	3	411.950	554.400	340.975	398.575	0.750	0.750	0.750	0.750	0	6	117.400	398.950
94	0	0	0	57.850	175.850	94.150	136.650	0.500	0.500	0.500	0.500	0	14	93.900	368.700
94	0	0	1	175.850	243.050	94.150	136.650	0.500	0.500	none	0.500	0	14	93.900	368.700
94	0	0	2	243.050	310.250	94.150	136.650	0.500	0.500	0.500	0.500	0	14	93.900	368.700
94	0	0	3	310.250	334.050	94.150	136.650	none	none	none	none	0	14	93.900	368.700
94	0	0	4	334.050	452.100	94.150	136.650	0.500	0.500	0.500	0.500	0	14	93.900	368.700
94	0	0	5	452.100	535.500	94.150	136.650	0.500	0.500	none	0.500	0	14	93.900	368.700
94	0	0	6	535.500	602.650	94.150	136.650	0.500	0.500	none	0.500	0	14	93.900	368.700
94	0	0	7	602.650	669.800	94.150	136.650	0.500	0.500	none	0.500	0	14	93.900	368.700
94	0	0	8	669.800	736.950	94.150	136.650	0.500	0.500	none	0.500	0	14	93.900	368.700
94	0	1	0	57.850	175.850	136.650	182.400	none	0.500	0.500	0.500	0	14	93.900	368.700
94	0	1	1	175.850	243.050	136.650	368.450	none	0.500	0.500	0.500	0	14	93.900	368.700
94	0	1	2	243.050	310.250	136.650	368.450	none	0.500	0.500	0.500	0	14	93.900	368.700
94	0	1	3	310.250	334.050	136.650	151.900	none	none	none	none	0	14	93.900	368.700
94	0	1	4	334.050	452.100	136.650	182.400	none	0.500	0.500	none	0	14	93.900	368.700
94	0	1	5	452.100	535.500	136.650	151.900	none	0.500	0.500	0.500	0	14	93.900	368.700
94	0	1	6	535.500	602.650	136.650	151.900	none	0.500	none	0.500	0	14	93.900	368.700
94	0	1	7	602.650	669.800	136.650	151.900	none	0.500	none	0.500	0	14	93.900	368.700
94	0	1	8	669.800	736.950	136.650	151.900	none	0.500	none	0.500	0	14	93.900	368.700
94	0	2	3	310.250	334.050	151.900	167.150	none	none	none	none	0	14	93.900	368.700
94	0	2	5	452.100	535.500	151.900	167.150	none	0.500	0.500	0.500	0	14	93.900	368.700
94	0	2	6	535.500	602.650	151.900	167.150	none	0.500	none	0.500	0	14	93.900	368.700
94	0	2	7	602.650	669.800	151.900	167.150	none	0.500	none	0.500	0	14	93.900	368.700
94	0	2	8	669.800	736.950	151.900	167.150	none	0.500	none	0.500	0	14	93.900	368.700
94	0	3	3	310.250	334.050	167.150	182.400	none	none	none	none	0	14	93.900	368.700
94	0	3	5	452.100	535.500	167.150	182.400	none	0.500	0.500	0.500	0	14	93.900	368.700
94	0	3	6	535.500	602.650	167.150	182.400	none	0.500	none	0.500	0	14	93.900	368.700
94	0	3	7	602.650	669.800	167.150	182.400	none	0.500	none	0.500	0	14	93.900	368.700
94	0	3	8	669.800	736.950	167.150	182.400	none	0.500	none	0.500	0	14	93.900	368.700
94	0	4	0	57.850	175.850	182.400	228.150	none	0.500	0.500	0.500	0	14	93.900	368.700
94	0	4	3	310.250	334.050	182.400	197.650	none	none	none	none	0	14	93.900	368.700
94	0	4	4	334.050	452.100	182.400	228.150	none	0.500	0.500	none	0	14	93.900	368.700
94	0	4	5	452.100	535.500	182.400	197.650	none	0.500	0.500	0.500	0	14	93.900	368.700
94	0	4	6	535.500	602.650	182.400	197.650	none	0.500	none	0.500	0	14	93.900	368.700
94	0	4	7	602.650	669.800	182.400	197.650	none	0.500	none	0.500	0	14	93.900	368.700
94	0	4	8	669.800	736.950	182.400	197.650	none	0.500	none	0.500	0	14	93.900	368.700
94	0	5	3	310.250	334.050	197.650	212.900	none	none	none	none	0	14	93.900	368.700
94	0	5	5	452.100	535.500	197.650	212.900	none	0.500	0.500	0.500	0	14	93.900	368.700
94	0	5	6	535.500	602.650	197.650	212.900	none	0.500	none	0.500	0	14	93.900	368.700
94	0	5	7	602.650	669.800	197.650	212.900	none	0.500	none	0.500	0	14	93.900	368.700
94	0	5	8	669.800	736.950	197.650	212.900	none	0.500	none	0.500	0	14	93.900	368.700
94	0	6	3	310.250	334.050	212.900	228.150	none	none	none	none	0	14	93.900	368.700
94	0	6	5	452.100	535.500	212.900	228.150	none	0.500	0.500	0.500	0	14	93.900	368.700
94	0	6	6	535.500	602.650	212.900	228.150	none	0.500	none	0.500	0	14	93.900	368.700
94	0	6	7	602.650	669.800	212.900	228.150	none	0.500	none	0.500	0	14	93.900	368.700
94	0	6	8	669.800	736.950	212.900	228.150	none	0.500	none	0.500	0	14	93.900	368.700
94	0	7	0	57.850	175.850	228.150	258.650	none	0.500	0.500	0.500	0	14	93.900	368.700
94	0	7	3	310.250	334.050	228.150	243.400	none	none	none	none	0	14	93.900	368.700
94	0	7	4	334.050	452.100	228.150	258.650	none	0.500	0.500	none	0	14	93.900	368.700
94	0	7	5	452.100	535.500	228.150	243.400	none	0.500	0.500	0.500	0	14	93.900	368.700
94	0	7	6	535.500	602.650	228.150	243.400	none	0.500	none	0.500	0	14	93.900	368.700
94	0	7	7	602.650	669.800	228.150	243.400	none	0.500	none	0.500	0	14	93.900	368.700
94	0	7	8	669.800	736.950	228.150	243.400	none	0.500	none	0.500	0	14	93.900	368.700
94	0	8	3	310.250	334.050	243.400	258.650	none	none	none	none	0	14	93.900	368.700
94	0	8	5	452.100	535.500	243.400	258.650	none	0.500	0.500	0.500	0	14	93.900	368.700
94	0	8	6	535.500	602.650	243.400	258.650	none	0.500	none	0.500	0	14	93.900	368.700
94	0	8	7	602.650	669.800	243.400	258.650	none	0.500	none	0.500	0	14	93.900	368.700
94	0	8	8	669.800	736.950	243.400	258.650	none	0.500	none	0.500	0	14	93.900	368.700
94	0	9	0	57.850	175.850	258.650	289.150	none	0.500	0.500	0.500	0	14	93.900	368.700
94	0	9	3	310.250	334.050	258.650	273.900	none	none	none	none	0	14	93.900	368.700
94	0	9	4	334.050	452.100	258.650	289.150	none	0.500	0.500	none	0	14	93.900	368.700
94	0	9	5	452.100	535.500	258.650	273.900	none	0.500	0.500	0.500	0	14	93.900	368.700
94	0	9	6	535.500	602.650	258.650	273.900	none	0.500	none	0.500	0	14	93.900	368.700
94	0	9	7	602.650	669.800	258.650	273.900	none	0.500	none	0.500	0	14	93.900	368.700
94	0	9	8	669.800	736.950	258.650	273.900	none	0.500	none	0.500	0	14	93.900	368.700
94	0	10	3	310.250	334.050	273.900	289.150	none	none	none	none	0	14	93.900	368.700
94	0	10	5	452.100	535.500	273.900	289.150	none	0.500	0.500	0.500	0	14	93.900	368.700
94	0	10	6	535.500	602.650	273.900	289.150	none	0.500	none	0.500	0	14	93.900	368.700
94	0	10	7	602.650	669.800	273.900	289.150	none	0.500	none	0.500	0	14	93.900	368.700
94	0	10	8	669.800	736.950	273.900	289.150	none	0.500	none	0.500	0	14	93.900	368.700
94	0	11	0	57.850	175.850	289.150	315.500	none	0.500	0.500	0.500	0	14	93.900	368.700
94	0	11	3	310.250	334.050	289.150	315.500	none	none	none	none	0	14	93.900	368.700
94	0	11	4	334.050	452.100	289.150	315.500	none	0.500	0.500	none	0	14	93.900	368.700
94	0	11	5	452.100	535.500	289.150	315.500	none	0.500	0.500	0.500	0	14	93.900	368.700
94	0	11	6	535.500	602.650	289.150	315.500	none	0.500	none	0.500	0	14	93.900	368.700
94	0	11	7	602.650	669.800	289.150	315.500	none	0.500	none	0.500	0	14	93.900	368.700
94	0	11	8	669.800	736.950	289.150	315.500	none	0.500	none	0.500	0	14	93.900	368.700
94	0	12	0	57.850	175.850	315.500	341.850	none	0.500	0.500	none	0	14	93.900	368.700
94	0	12	3	310.250	334.050	315.500	341.850	none	none	none	none	0	14	93.900	368.700
94	0	12	4	334.050	452.100	315.500	341.850	none	0.500	0.500	none	0	14	93.900	368.700
94	0	12	5	452.100	535.500	315.500	341.850	none	0.500	0.500	0.500	0	14	93.900	368.700
94	0	12	6	535.500	602.650	315.500	341.850	none	0.500	none	0.500	0	14	93.900	368.700
94	0	12	7	602.650	669.800	315.500	341.850	none	0.500	none	0.500	0	14	93.900	368.700
94	0	12	8	669.800	736.950	315.500	341.850	none	0.500	none	0.500	0	14	93.900	368.700
94	0	13	0	57.850	175.850	341.850	368.450	none	0.500	0.500	none	0	14	93.900	368.700
94	0	13	3	310.250	334.050	341.850	368.450	none	none	none	none	0	14	93.900	368.700
94	0	13	4	334.050	452.100	341.850	368.450	none	0.500	0.500	none	0	14	93.900	368.700
94	0	13	5	452.100	535.500	341.850	368.450	none	0.500	0.500	0.500	0	14	93.900	368.700
94	0	13	6	535.500	736.950	341.850	368.450	0.500	0.500	none	0.500	0	14	93.900	368.700
96	0	0	0	57.850	136.150	94.150	149.600	0.500	none	0.500	0.500	0	5	93.900	271.850
96	0	0	1	136.150	198.750	94.150	149.600	0.500	0.500	none	0.500	0	5	93.900	271.850
96	0	0	2	198.750	261.400	94.150	149.600	0.500	0.500	none	0.500	0	5	93.900	271.850
96	0	0	3	261.400	324.050	94.150	149.600	0.500	0.500	0.500	0.500	0	5	93.900	271.850
96	0	0	4	324.050	386.700	94.150	149.600	0.500	0.500	none	0.500	0	5	93.900	271.850
96	0	0	5	386.700	449.350	94.150	149.600	0.500	0.500	none	0.500	0	5	93.900	271.850
96	0	0	6	449.350	512.000	94.150	149.600	0.500	0.500	none	0.500	0	5	93.900	271.850
96	0	0	7	512.000	574.650	94.150	149.600	0.500	0.500	none	0.500	0	5	93.900	271.850
96	0	0	8	574.650	637.300	94.150	149.600	0.500	0.500	none	0.500	0	5	93.900	271.850
96	0	0	9	637.300	699.950	94.150	149.600	0.500	0.500	0.500	0.500	0	5	93.900	271.850
96	0	0	10	699.950	734.650	94.150	149.600	0.500	none	none	0.500	0	5	93.900	271.850
96	0	1	0	57.850	136.150	149.600	180.100	0.500	none	0.500	0.500	0	5	93.900	271.850
96	0	1	1	136.150	198.750	149.600	180.100	none	0.500	none	0.500	0	5	93.900	271.850
96	0	1	2	198.750	261.400	149.600	180.100	0.500	0.500	none	0.500	0	5	93.900	271.850
96	0	1	3	261.400	324.050	149.600	180.100	none	0.500	0.500	0.500	0	5	93.900	271.850
96	0	1	4	324.050	386.700	149.600	180.100	none	0.500	none	0.500	0	5	93.900	271.850
96	0	1	5	386.700	449.350	149.600	180.100	none	0.500	none	0.500	0	5	93.900	271.850
96	0	1	6	449.350	512.000	149.600	180.100	none	0.500	none	0.500	0	5	93.900	271.850
96	0	1	7	512.000	574.650	149.600	180.100	none	0.500	none	0.500	0	5	93.900	271.850
96	0	1	8	574.650	637.300	149.600	180.100	0.500	0.500	none	0.500	0	5	93.900	271.850
96	0	1	9	637.300	699.950	149.600	180.100	0.500	0.500	0.500	0.500	0	5	93.900	271.850
96	0	1	10	699.950	734.650	149.600	180.100	0.500	none	none	0.500	0	5	93.900	271.850
96	0	2	0	57.850	136.150	180.100	210.600	0.500	none	0.500	0.500	0	5	93.900	271.850
96	0	2	1	136.150	198.750	180.100	210.600	none	0.500	none	0.500	0	5	93.900	271.850
96	0	2	2	198.750	261.400	180.100	210.600	0.500	0.500	none	0.500	0	5	93.900	271.850
96	0	2	3	261.400	324.050	180.100	210.600	none	0.500	0.500	0.500	0	5	93.900	271.850
96	0	2	4	324.050	386.700	180.100	210.600	none	0.500	none	0.500	0	5	93.900	271.850
96	0	2	5	386.700	449.350	180.100	210.600	none	0.500	none	0.500	0	5	93.900	271.850
96	0	2	6	449.350	512.000	180.100	210.600	none	0.500	none	0.500	0	5	93.900	271.850
96	0	2	7	512.000	574.650	180.100	210.600	none	0.500	none	0.500	0	5	93.900	271.850
96	0	2	8	574.650	734.650	180.100	271.600	none	0.500	none	0.500	0	5	93.900	271.850
96	0	3	0	57.850	136.150	210.600	241.100	0.500	0.500	0.500	0.500	0	5	93.900	271.850
96	0	3	1	136.150	198.750	210.600	241.100	none	0.500	none	0.500	0	5	93.900	271.850
96	0	3	2	198.750	261.400	210.600	241.100	0.500	0.500	none	0.500	0	5	93.900	271.850
96	0	3	3	261.400	324.050	210.600	241.100	none	0.500	0.500	0.500	0	5	93.900	271.850
96	0	3	4	324.050	386.700	210.600	241.100	none	0.500	none	0.500	0	5	93.900	271.850
96	0	3	5	386.700	449.350	210.600	241.100	none	0.500	none	0.500	0	5	93.900	271.850
96	0	3	6	449.350	512.000	210.600	241.100	none	0.500	none	0.500	0	5	93.900	271.850
96	0	3	7	512.000	574.650	210.600	241.100	none	0.500	none	0.500	0	5	93.900	271.850
96	0	4	0	57.850	136.150	241.100	271.600	none	0.500	0.500	0.500	0	5	93.900	271.850
96	0	4	1	136.150	198.750	241.100	271.600	none	0.500	none	0.500	0	5	93.900	271.850
96	0	4	2	198.750	261.400	241.100	271.600	0.500	0.500	none	0.500	0	5	93.900	271.850
96	0	4	3	261.400	324.050	241.100	271.600	none	0.500	0.500	0.500	0	5	93.900	271.850
96	0	4	4	324.050	386.700	241.100	271.600	none	0.500	none	0.500	0	5	93.900	271.850
96	0	4	5	386.700	449.350	241.100	271.600	none	0.500	none	0.500	0	5	93.900	271.850
96	0	4	6	449.350	512.000	241.100	271.600	none	0.500	none	none	0	5	93.900	271.850
96	0	4	7	512.000	574.650	241.100	271.600	none	0.500	none	none	0	5	93.900	271.850
97	0	0	0	57.850	136.150	94.150	149.600	0.500	none	0.500	0.500	0	5	93.900	271.850
97	0	0	1	136.150	198.750	94.150	149.600	0.500	0.500	none	0.500	0	5	93.900	271.850
97	0	0	2	198.750	261.400	94.150	149.600	0.500	0.500	none	0.500	0	5	93.900	271.850
97	0	0	3	261.400	324.050	94.150	149.600	0.500	0.500	0.500	0.500	0	5	93.900	271.850
97	0	0	4	324.050	386.700	94.150	149.600	0.500	0.500	none	0.500	0	5	93.900	271.850
97	0	0	5	386.700	449.350	94.150	149.600	0.500	0.500	none	0.500	0	5	93.900	271.850
97	0	0	6	449.350	512.000	94.150	149.600	0.500	0.500	none	0.500	0	5	93.900	271.850
97	0	0	7	512.000	574.650	94.150	149.600	0.500	0.500	none	0.500	0	5	93.900	271.850
97	0	0	8	574.650	637.300	94.150	149.600	0.500	0.500	none	0.500	0	5	93.900	271.850
97	0	0	9	637.300	699.950	94.150	149.600	0.500	0.500	0.500	0.500	0	5	93.900	271.850
97	0	0	10	699.950	734.650	94.150	149.600	0.500	none	none	0.500	0	5	93.900	271.850
97	0	1	0	57.850	136.150	149.600	180.100	0.500	none	0.500	0.500	0	5	93.900	271.850
97	0	1	1	136.150	198.750	149.600	180.100	none	0.500	none	0.500	0	5	93.900	271.850
97	0	1	2	198.750	261.400	149.600	180.100	0.500	0.500	none	0.500	0	5	93.900	271.850
97	0	1	3	261.400	324.050	149.600	180.100	none	0.500	0.500	0.500	0	5	93.900	271.850
97	0	1	4	324.050	386.700	149.600	180.100	none	0.500	none	0.500	0	5	93.900	271.850
97	0	1	5	386.700	449.350	149.600	180.100	none	0.500	none	0.500	0	5	93.900	271.850
97	0	1	6	449.350	512.000	149.600	180.100	none	0.500	none	0.500	0	5	93.900	271.850
97	0	1	7	512.000	574.650	149.600	180.100	none	0.500	none	0.500	0	5	93.900	271.850
97	0	1	8	574.650	637.300	149.600	180.100	0.500	0.500	none	0.500	0	5	93.900	271.850
97	0	1	9	637.300	699.950	149.600	180.100	0.500	0.500	0.500	0.500	0	5	93.900	271.850
97	0	1	10	699.950	734.650	149.600	180.100	0.500	none	none	0.500	0	5	93.900	271.850
97	0	2	0	57.850	136.150	180.100	210.600	0.500	none	0.500	0.500	0	5	93.900	271.850
97	0	2	1	136.150	198.750	180.100	210.600	none	0.500	none	0.500	0	5	93.900	271.850
97	0	2	2	198.750	261.400	180.100	210.600	0.500	0.500	none	0.500	0	5	93.900	271.850
97	0	2	3	261.400	324.050	180.100	210.600	none	0.500	0.500	0.500	0	5	93.900	271.850
97	0	2	4	324.050	386.700	180.100	210.600	none	0.500	none	0.500	0	5	93.900	271.850
97	0	2	5	386.700	449.350	180.100	210.600	none	0.500	none	0.500	0	5	93.900	271.850
97	0	2	6	449.350	512.000	180.100	210.600	none	0.500	none	0.500	0	5	93.900	271.850
97	0	2	7	512.000	574.650	180.100	210.600	none	0.500	none	0.500	0	5	93.900	271.850
97	0	2	8	574.650	734.650	180.100	271.600	none	0.500	none	0.500	0	5	93.900	271.850
97	0	3	0	57.850	136.150	210.600	241.100	0.500	0.500	0.500	0.500	0	5	93.900	271.850
97	0	3	1	136.150	198.750	210.600	241.100	none	0.500	none	0.500	0	5	93.900	271.850
97	0	3	2	198.750	261.400	210.600	241.100	0.500	0.500	none	0.500	0	5	93.900	271.850
97	0	3	3	261.400	324.050	210.600	241.100	none	0.500	0.500	0.500	0	5	93.900	271.850
97	0	3	4	324.050	386.700	210.600	241.100	none	0.500	none	0.500	0	5	93.900	271.850
97	0	3	5	386.700	449.350	210.600	241.100	none	0.500	none	0.500	0	5	93.900	271.850
97	0	3	6	449.350	512.000	210.600	241.100	none	0.500	none	0.500	0	5	93.900	271.850
97	0	3	7	512.000	574.650	210.600	241.100	none	0.500	none	0.500	0	5	93.900	271.850
97	0	4	0	57.850	136.150	241.100	271.600	none	0.500	0.500	0.500	0	5	93.900	271.850
97	0	4	1	136.150	198.750	241.100	271.600	none	0.500	none	0.500	0	5	93.900	271.850
97	0	4	2	198.750	261.400	241.100	271.600	0.500	0.500	none	0.500	0	5	93.900	271.850
97	0	4	3	261.400	324.050	241.100	271.600	none	0.500	0.500	0.500	0	5	93.900	271.850
97	0	4	4	324.050	386.700	241.100	271.600	none	0.500	none	0.500	0	5	93.900	271.850
97	0	4	5	386.700	449.350	241.100	271.600	none	0.500	none	0.500	0	5	93.900	271.850
97	0	4	6	449.350	512.000	241.100	271.600	none	0.500	none	none	0	5	93.900	271.850
97	0	4	7	512.000	574.650	241.100	271.600	none	0.500	none	none	0	5	93.900	271.850
99	0	0	0	57.850	153.350	79.000	134.450	0.500	none	0.500	0.500	0	11	78.750	327.200
99	0	0	1	153.350	214.900	79.000	134.450	0.500	0.500	none	0.500	0	11	78.750	327.200
99	0	0	2	214.900	282.550	79.000	134.450	0.500	0.500	none	0.500	0	11	78.750	327.200
99	0	0	3	282.550	350.200	79.000	134.450	0.500	0.500	none	0.500	0	11	78.750	327.200
99	0	0	4	350.200	417.850	79.000	134.450	0.500	0.500	0.500	0.500	0	11	78.750	327.200
99	0	0	5	417.850	485.500	79.000	134.450	0.500	0.500	none	0.500	0	11	78.750	327.200
99	0	0	6	485.500	553.400	79.000	134.450	0.500	0.500	none	0.500	0	11	78.750	327.200
99	0	0	7	553.400	621.050	79.000	134.450	0.500	0.500	none	0.500	0	11	78.750	327.200
99	0	0	8	621.050	688.700	79.000	134.450	0.500	0.500	0.500	0.500	0	11	78.750	327.200
99	0	0	9	688.700	734.650	79.000	134.450	0.500	0.500	none	0.500	0	11	78.750	327.200
99	0	1	0	57.850	153.350	134.450	185.450	0.500	0.500	0.500	0.500	0	11	78.750	327.200
99	0	1	1	153.350	214.900	134.450	151.450	none	0.500	none	0.500	0	11	78.750	327.200
99	0	1	2	214.900	282.550	134.450	151.450	none	0.500	none	0.500	0	11	78.750	327.200
99	0	1	3	282.550	350.200	134.450	151.450	0.500	0.500	none	0.500	0	11	78.750	327.200
99	0	1	4	350.200	417.850	134.450	151.450	none	0.500	0.500	0.500	0	11	78.750	327.200
99	0	1	5	417.850	485.500	134.450	151.450	none	0.500	none	0.500	0	11	78.750	327.200
99	0	1	6	485.500	553.400	134.450	151.450	none	0.500	none	0.500	0	11	78.750	327.200
99	0	1	7	553.400	621.050	134.450	151.450	0.500	0.500	none	0.500	0	11	78.750	327.200
99	0	1	8	621.050	688.700	134.450	151.450	0.500	0.500	0.500	0.500	0	11	78.750	327.200
99	0	1	9	688.700	734.650	134.450	151.450	none	none	none	0.500	0	11	78.750	327.200
99	0	2	1	153.350	214.900	151.450	168.450	none	0.500	none	0.500	0	11	78.750	327.200
99	0	2	2	214.900	282.550	151.450	168.450	none	0.500	none	0.500	0	11	78.750	327.200
99	0	2	3	282.550	350.200	151.450	168.450	0.500	0.500	none	0.500	0	11	78.750	327.200
99	0	2	4	350.200	417.850	151.450	168.450	none	0.500	0.500	0.500	0	11	78.750	327.200
99	0	2	5	417.850	485.500	151.450	168.450	none	0.500	none	0.500	0	11	78.750	327.200
99	0	2	6	485.500	553.400	151.450	168.450	none	0.500	none	0.500	0	11	78.750	327.200
99	0	2	7	553.400	621.050	151.450	168.450	0.500	0.500	none	0.500	0	11	78.750	327.200
99	0	2	8	621.050	688.700	151.450	168.450	0.500	0.500	0.500	0.500	0	11	78.750	327.200
99	0	2	9	688.700	734.650	151.450	168.450	none	none	none	0.500	0	11	78.750	327.200
99	0	3	1	153.350	214.900	168.450	185.450	none	0.500	none	0.500	0	11	78.750	327.200
99	0	3	2	214.900	282.550	168.450	185.450	none	0.500	none	0.500	0	11	78.750	327.200
99	0	3	3	282.550	350.200	168.450	185.450	0.500	0.500	none	0.500	0	11	78.750	327.200
99	0	3	4	350.200	417.850	168.450	185.450	none	0.500	0.500	0.500	0	11	78.750	327.200
99	0	3	5	417.850	485.500	168.450	185.450	none	0.500	none	0.500	0	11	78.750	327.200
99	0	3	6	485.500	553.400	168.450	185.450	none	0.500	none	0.500	0	11	78.750	327.200
99	0	3	7	553.400	734.650	168.450	326.950	none	0.500	none	0.500	0	11	78.750	327.200
99	0	4	0	57.850	153.350	185.450	219.450	none	0.500	0.500	0.500	0	11	78.750	327.200
99	0	4	1	153.350	214.900	185.450	202.450	none	0.500	none	0.500	0	11	78.750	327.200
99	0	4	2	214.900	282.550	185.450	202.450	none	0.500	none	0.500	0	11	78.750	327.200
99	0	4	3	282.550	350.200	185.450	202.450	0.500	0.500	none	0.500	0	11	78.750	327.200
99	0	4	4	350.200	417.850	185.450	202.450	none	0.500	0.500	0.500	0	11	78.750	327.200
99	0	4	5	417.850	485.500	185.450	202.450	none	0.500	none	0.500	0	11	78.750	327.200
99	0	4	6	485.500	553.400	185.450	202.450	none	0.500	none	0.500	0	11	78.750	327.200
99	0	5	1	153.350	214.900	202.450	219.450	none	0.500	none	0.500	0	11	78.750	327.200
99	0	5	2	214.900	282.550	202.450	219.450	none	0.500	none	0.500	0	11	78.750	327.200
99	0	5	3	282.550	350.200	202.450	219.450	0.500	0.500	none	0.500	0	11	78.750	327.200
99	0	5	4	350.200	417.850	202.450	219.450	none	0.500	0.500	0.500	0	11	78.750	327.200
99	0	5	5	417.850	485.500	202.450	219.450	none	0.500	none	0.500	0	11	78.750	327.200
99	0	5	6	485.500	553.400	202.450	219.450	none	0.500	none	0.500	0	11	78.750	327.200
99	0	6	0	57.850	153.350	219.450	253.450	none	0.500	0.500	0.500	0	11	78.750	327.200
99	0	6	1	153.350	214.900	219.450	236.450	none	0.500	none	0.500	0	11	78.750	327.200
99	0	6	2	214.900	282.550	219.450	236.450	none	0.500	none	0.500	0	11	78.750	327.200
99	0	6	3	282.550	350.200	219.450	236.450	0.500	0.500	none	0.500	0	11	78.750	327.200
99	0	6	4	350.200	417.850	219.450	236.450	none	0.500	0.500	0.500	0	11	78.750	327.200
99	0	6	5	417.850	485.500	219.450	236.450	none	0.500	none	0.500	0	11	78.750	327.200
99	0	6	6	485.500	553.400	219.450	236.450	none	0.500	none	0.500	0	11	78.750	327.200
99	0	7	1	153.350	214.900	236.450	253.450	none	0.500	none	0.500	0	11	78.750	327.200
99	0	7	2	214.900	282.550	236.450	253.450	none	0.500	none	0.500	0	11	78.750	327.200
99	0	7	3	282.550	350.200	236.450	253.450	0.500	0.500	none	0.500	0	11	78.750	327.200
99	0	7	4	350.200	417.850	236.450	253.450	none	0.500	0.500	0.500	0	11	78.750	327.200
99	0	7	5	417.850	485.500	236.450	253.450	none	0.500	none	0.500	0	11	78.750	327.200
99	0	7	6	485.500	553.400	236.450	253.450	none	0.500	none	0.500	0	11	78.750	327.200
99	0	8	0	57.850	153.350	253.450	277.950	none	0.500	0.500	0.500	0	11	78.750	327.200
99	0	8	1	153.350	214.900	253.450	277.950	none	0.500	none	0.500	0	11	78.750	327.200
99	0	8	2	214.900	282.550	253.450	277.950	none	0.500	none	0.500	0	11	78.750	327.200
99	0	8	3	282.550	350.200	253.450	277.950	0.500	0.500	none	0.500	0	11	78.750	327.200
99	0	8	4	350.200	417.850	253.450	277.950	none	0.500	0.500	0.500	0	11	78.750	327.200
99	0	8	5	417.850	553.400	253.450	277.950	0.500	none	none	none	0	11	78.750	327.200
99	0	9	0	57.850	153.350	277.950	302.450	0.500	0.500	0.500	0.500	0	11	78.750	327.200
99	0	9	1	153.350	214.900	277.950	302.450	0.500	0.500	none	0.500	0	11	78.750	327.200
99	0	9	2	214.900	282.550	277.950	302.450	0.500	0.500	none	0.500	0	11	78.750	327.200
99	0	9	3	282.550	350.200	277.950	302.450	0.500	0.500	none	0.500	0	11	78.750	327.200
99	0	9	4	350.200	417.850	277.950	302.450	0.500	0.500	0.500	0.500	0	11	78.750	327.200
99	0	9	5	417.850	485.500	277.950	302.450	none	none	none	none	0	11	78.750	327.200
99	0	9	6	485.500	553.400	277.950	302.450	none	none	none	none	0	11	78.750	327.200
99	0	10	0	57.850	153.350	302.450	326.950	0.500	0.500	0.500	0.500	0	11	78.750	327.200
99	0	10	1	153.350	214.900	302.450	326.950	0.500	0.500	none	0.500	0	11	78.750	327.200
99	0	10	2	214.900	282.550	302.450	326.950	0.500	0.500	none	0.500	0	11	78.750	327.200
99	0	10	3	282.550	350.200	302.450	326.950	0.500	0.500	none	0.500	0	11	78.750	327.200
99	0	10	4	350.200	417.850	302.450	326.950	0.500	0.500	0.500	0.500	0	11	78.750	327.200
99	0	10	5	417.850	553.400	302.450	326.950	none	0.500	none	none	0	11	78.750	327.200
101	0	0	0	57.850	143.750	94.150	149.600	0.500	none	0.500	0.500	0	11	93.900	340.725
101	0	0	1	143.750	205.300	94.150	149.600	0.500	0.500	none	0.500	0	11	93.900	340.725
101	0	0	2	205.300	260.100	94.150	149.600	0.500	0.500	none	none	0	11	93.900	340.725
101	0	0	3	260.100	315.150	94.150	149.600	0.500	0.500	0.500	0.500	0	11	93.900	340.725
101	0	0	4	315.150	369.950	94.150	149.600	0.500	0.500	0.500	none	0	11	93.900	340.725
101	0	0	5	369.950	424.750	94.150	149.600	0.500	0.500	0.500	none	0	11	93.900	340.725
101	0	0	6	424.750	479.550	94.150	149.600	0.500	0.500	0.500	none	0	11	93.900	340.725
101	0	0	7	479.550	534.350	94.150	149.600	0.500	0.500	0.500	none	0	11	93.900	340.725
101	0	0	8	534.350	589.300	94.150	149.600	0.500	0.500	0.500	none	0	11	93.900	340.725
101	0	0	9	589.300	644.100	94.150	149.600	0.500	0.500	0.500	0.500	0	11	93.900	340.725
101	0	0	10	644.100	699.950	94.150	149.600	0.500	0.500	0.500	0.500	0	11	93.900	340.725
101	0	0	11	699.950	734.650	94.150	149.600	0.500	none	none	0.500	0	11	93.900	340.725
101	0	1	0	57.850	143.750	149.600	200.350	0.500	0.500	0.500	0.500	0	11	93.900	340.725
101	0	1	1	143.750	205.300	149.600	166.600	none	0.500	none	0.500	0	11	93.900	340.725
101	0	1	2	205.300	260.100	149.600	166.600	none	0.500	none	0.500	0	11	93.900	340.725
101	0	1	3	260.100	315.150	149.600	166.600	none	0.500	0.500	0.500	0	11	93.900	340.725
101	0	1	4	315.150	369.950	149.600	166.600	none	0.500	0.500	0.500	0	11	93.900	340.725
101	0	1	5	369.950	424.750	149.600	166.600	none	0.500	none	0.500	0	11	93.900	340.725
101	0	1	6	424.750	479.550	149.600	166.600	none	0.500	none	0.500	0	11	93.900	340.725
101	0	1	7	479.550	534.350	149.600	166.600	none	0.500	0.500	0.500	0	11	93.900	340.725
101	0	1	8	534.350	589.300	149.600	166.600	none	0.500	none	0.500	0	11	93.900	340.725
101	0	1	9	589.300	644.100	149.600	166.600	0.500	0.500	none	0.500	0	11	93.900	340.725
101	0	1	10	644.100	699.950	149.600	166.600	0.500	0.500	0.500	0.500	0	11	93.900	340.725
101	0	1	11	699.950	734.650	149.600	166.600	0.500	none	none	0.500	0	11	93.900	340.725
101	0	2	1	143.750	205.300	166.600	183.600	none	0.500	none	0.500	0	11	93.900	340.725
101	0	2	2	205.300	260.100	166.600	183.600	none	0.500	none	0.500	0	11	93.900	340.725
101	0	2	3	260.100	315.150	166.600	183.600	none	0.500	0.500	0.500	0	11	93.900	340.725
101	0	2	4	315.150	369.950	166.600	183.600	none	0.500	0.500	0.500	0	11	93.900	340.725
101	0	2	5	369.950	424.750	166.600	183.600	none	0.500	none	0.500	0	11	93.900	340.725
101	0	2	6	424.750	479.550	166.600	183.600	none	0.500	none	0.500	0	11	93.900	340.725
101	0	2	7	479.550	534.350	166.600	183.600	none	0.500	0.500	0.500	0	11	93.900	340.725
101	0	2	8	534.350	589.300	166.600	183.600	none	0.500	none	0.500	0	11	93.900	340.725
101	0	2	9	589.300	644.100	166.600	183.600	0.500	0.500	none	0.500	0	11	93.900	340.725
101	0	2	10	644.100	699.950	166.600	183.600	0.500	0.500	0.500	0.500	0	11	93.900	340.725
101	0	2	11	699.950	734.650	166.600	183.600	none	none	none	0.500	0	11	93.900	340.725
101	0	3	1	143.750	205.300	183.600	200.350	none	0.500	none	0.500	0	11	93.900	340.725
101	0	3	2	205.300	260.100	183.600	200.350	none	0.500	none	0.500	0	11	93.900	340.725
101	0	3	3	260.100	315.150	183.600	200.350	none	0.500	0.500	0.500	0	11	93.900	340.725
101	0	3	4	315.150	369.950	183.600	200.350	none	0.500	0.500	0.500	0	11	93.900	340.725
101	0	3	5	369.950	424.750	183.600	200.350	none	0.500	none	0.500	0	11	93.900	340.725
101	0	3	6	424.750	479.550	183.600	200.350	none	0.500	none	0.500	0	11	93.900	340.725
101	0	3	7	479.550	534.350	183.600	200.350	none	0.500	0.500	0.500	0	11	93.900	340.725
101	0	3	8	534.350	589.300	183.600	200.350	none	0.500	none	0.500	0	11	93.900	340.725
101	0	3	9	589.300	734.650	183.600	340.600	none	0.500	none	0.500	0	11	93.900	340.725
101	0	4	0	57.850	143.750	200.350	233.850	none	0.500	0.500	0.500	0	11	93.900	340.725
101	0	4	1	143.750	205.300	200.350	217.100	none	0.500	none	0.500	0	11	93.900	340.725
101	0	4	2	205.300	260.100	200.350	217.100	none	0.500	none	0.500	0	11	93.900	340.725
101	0	4	3	260.100	315.150	200.350	217.100	none	0.500	0.500	0.500	0	11	93.900	340.725
101	0	4	4	315.150	369.950	200.350	217.100	none	0.500	0.500	0.500	0	11	93.900	340.725
101	0	4	5	369.950	424.750	200.350	217.100	none	0.500	none	0.500	0	11	93.900	340.725
101	0	4	6	424.750	479.550	200.350	217.100	none	0.500	none	0.500	0	11	93.900	340.725
101	0	4	7	479.550	534.350	200.350	217.100	none	0.500	0.500	0.500	0	11	93.900	340.725
101	0	4	8	534.350	589.300	200.350	217.100	none	0.500	none	0.500	0	11	93.900	340.725
101	0	5	1	143.750	205.300	217.100	233.850	none	0.500	none	0.500	0	11	93.900	340.725
101	0	5	2	205.300	260.100	217.100	233.850	none	0.500	none	0.500	0	11	93.900	340.725
101	0	5	3	260.100	315.150	217.100	233.850	none	0.500	0.500	0.500	0	11	93.900	340.725
101	0	5	4	315.150	369.950	217.100	233.850	none	0.500	0.500	0.500	0	11	93.900	340.725
101	0	5	5	369.950	424.750	217.100	233.850	none	0.500	none	0.500	0	11	93.900	340.725
101	0	5	6	424.750	479.550	217.100	233.850	none	0.500	none	0.500	0	11	93.900	340.725
101	0	5	7	479.550	534.350	217.100	233.850	none	0.500	0.500	0.500	0	11	93.900	340.725
101	0	5	8	534.350	589.300	217.100	233.850	none	0.500	none	0.500	0	11	93.900	340.725
101	0	6	0	57.850	143.750	233.850	267.600	none	0.500	0.500	0.500	0	11	93.900	340.725
101	0	6	1	143.750	205.300	233.850	250.600	none	0.500	none	0.500	0	11	93.900	340.725
101	0	6	2	205.300	260.100	233.850	250.600	none	0.500	none	0.500	0	11	93.900	340.725
101	0	6	3	260.100	315.150	233.850	250.600	none	0.500	0.500	0.500	0	11	93.900	340.725
101	0	6	4	315.150	369.950	233.850	250.600	none	0.500	0.500	0.500	0	11	93.900	340.725
101	0	6	5	369.950	424.750	233.850	250.600	none	0.500	none	0.500	0	11	93.900	340.725
101	0	6	6	424.750	479.550	233.850	250.600	none	0.500	none	0.500	0	11	93.900	340.725
101	0	6	7	479.550	534.350	233.850	250.600	none	0.500	0.500	0.500	0	11	93.900	340.725
101	0	6	8	534.350	589.300	233.850	250.600	none	0.500	none	0.500	0	11	93.900	340.725
101	0	7	1	143.750	205.300	250.600	267.600	none	0.500	none	0.500	0	11	93.900	340.725
101	0	7	2	205.300	260.100	250.600	267.600	none	0.500	none	0.500	0	11	93.900	340.725
101	0	7	3	260.100	315.150	250.600	267.600	none	0.500	0.500	0.500	0	11	93.900	340.725
101	0	7	4	315.150	369.950	250.600	267.600	none	0.500	0.500	0.500	0	11	93.900	340.725
101	0	7	5	369.950	424.750	250.600	267.600	none	0.500	none	0.500	0	11	93.900	340.725
101	0	7	6	424.750	479.550	250.600	267.600	none	0.500	none	0.500	0	11	93.900	340.725
101	0	7	7	479.550	534.350	250.600	267.600	0.500	0.500	0.500	0.500	0	11	93.900	340.725
101	0	7	8	534.350	589.300	250.600	267.600	0.500	0.500	none	0.500	0	11	93.900	340.725
101	0	8	0	57.850	143.750	267.600	292.100	none	0.500	0.500	0.500	0	11	93.900	340.725
101	0	8	1	143.750	205.300	267.600	292.100	none	0.500	none	0.500	0	11	93.900	340.725
101	0	8	2	205.300	260.100	267.600	292.100	none	0.500	none	0.500	0	11	93.900	340.725
101	0	8	3	260.100	315.150	267.600	292.100	none	0.500	0.500	0.500	0	11	93.900	340.725
101	0	8	4	315.150	369.950	267.600	292.100	none	0.500	0.500	0.500	0	11	93.900	340.725
101	0	8	5	369.950	424.750	267.600	292.100	none	0.500	none	0.500	0	11	93.900	340.725
101	0	8	6	424.750	479.550	267.600	292.100	none	0.500	none	0.500	0	11	93.900	340.725
101	0	8	7	479.550	589.300	267.600	340.600	0.500	0.500	0.500	none	0	11	93.900	340.725
101	0	9	0	57.850	143.750	292.100	316.350	none	0.500	0.500	0.500	0	11	93.900	340.725
101	0	9	1	143.750	205.300	292.100	316.350	none	0.500	none	0.500	0	11	93.900	340.725
101	0	9	2	205.300	260.100	292.100	316.350	none	0.500	none	0.500	0	11	93.900	340.725
101	0	9	3	260.100	315.150	292.100	316.350	none	0.500	0.500	0.500	0	11	93.900	340.725
101	0	9	4	315.150	369.950	292.100	316.350	none	0.500	0.500	0.500	0	11	93.900	340.725
101	0	9	5	369.950	424.750	292.100	316.350	none	0.500	none	0.500	0	11	93.900	340.725
101	0	9	6	424.750	479.550	292.100	316.350	none	0.500	none	0.500	0	11	93.900	340.725
101	0	10	0	57.850	143.750	316.350	340.600	none	0.500	0.500	0.500	0	11	93.900	340.725
101	0	10	1	143.750	205.300	316.350	340.600	none	0.500	none	0.500	0	11	93.900	340.725
101	0	10	2	205.300	260.100	316.350	340.600	none	0.500	none	0.500	0	11	93.900	340.725
101	0	10	3	260.100	315.150	316.350	340.600	none	0.500	0.500	0.500	0	11	93.900	340.725
101	0	10	4	315.150	369.950	316.350	340.600	none	0.500	0.500	0.500	0	11	93.900	340.725
101	0	10	5	369.950	424.750	316.350	340.600	none	0.500	none	0.500	0	11	93.900	340.725
101	0	10	6	424.750	479.550	316.350	340.600	none	0.500	none	0.500	0	11	93.900	340.725
103	0	0	0	57.850	143.750	94.150	149.600	0.500	none	0.500	0.500	0	10	93.900	316.475
103	0	0	1	143.750	205.300	94.150	149.600	0.500	0.500	none	0.500	0	10	93.900	316.475
103	0	0	2	205.300	260.100	94.150	149.600	0.500	0.500	none	none	0	10	93.900	316.475
103	0	0	3	260.100	315.150	94.150	149.600	0.500	0.500	0.500	0.500	0	10	93.900	316.475
103	0	0	4	315.150	369.950	94.150	149.600	0.500	0.500	0.500	none	0	10	93.900	316.475
103	0	0	5	369.950	424.750	94.150	149.600	0.500	0.500	0.500	none	0	10	93.900	316.475
103	0	0	6	424.750	479.550	94.150	149.600	0.500	0.500	0.500	none	0	10	93.900	316.475
103	0	0	7	479.550	534.350	94.150	149.600	0.500	0.500	0.500	none	0	10	93.900	316.475
103	0	0	8	534.350	589.300	94.150	149.600	0.500	0.500	0.500	none	0	10	93.900	316.475
103	0	0	9	589.300	644.100	94.150	149.600	0.500	0.500	0.500	0.500	0	10	93.900	316.475
103	0	0	10	644.100	699.950	94.150	149.600	0.500	0.500	0.500	0.500	0	10	93.900	316.475
103	0	0	11	699.950	734.650	94.150	149.600	0.500	none	none	0.500	0	10	93.900	316.475
103	0	1	0	57.850	143.750	149.600	200.350	0.500	0.500	0.500	0.500	0	10	93.900	316.475
103	0	1	1	143.750	205.300	149.600	166.600	none	0.500	none	0.500	0	10	93.900	316.475
103	0	1	2	205.300	260.100	149.600	166.600	none	0.500	none	0.500	0	10	93.900	316.475
103	0	1	3	260.100	315.150	149.600	166.600	none	0.500	0.500	0.500	0	10	93.900	316.475
103	0	1	4	315.150	369.950	149.600	166.600	none	0.500	0.500	0.500	0	10	93.900	316.475
103	0	1	5	369.950	424.750	149.600	166.600	none	0.500	none	0.500	0	10	93.900	316.475
103	0	1	6	424.750	479.550	149.600	166.600	none	0.500	none	0.500	0	10	93.900	316.475
103	0	1	7	479.550	534.350	149.600	166.600	none	0.500	0.500	0.500	0	10	93.900	316.475
103	0	1	8	534.350	589.300	149.600	166.600	none	0.500	none	0.500	0	10	93.900	316.475
103	0	1	9	589.300	644.100	149.600	166.600	0.500	0.500	none	0.500	0	10	93.900	316.475
103	0	1	10	644.100	699.950	149.600	166.600	0.500	0.500	0.500	0.500	0	10	93.900	316.475
103	0	1	11	699.950	734.650	149.600	166.600	0.500	none	none	0.500	0	10	93.900	316.475
103	0	2	1	143.750	205.300	166.600	183.600	none	0.500	none	0.500	0	10	93.900	316.475
103	0	2	2	205.300	260.100	166.600	183.600	none	0.500	none	0.500	0	10	93.900	316.475
103	0	2	3	260.100	315.150	166.600	183.600	none	0.500	0.500	0.500	0	10	93.900	316.475
103	0	2	4	315.150	369.950	166.600	183.600	none	0.500	0.500	0.500	0	10	93.900	316.475
103	0	2	5	369.950	424.750	166.600	183.600	none	0.500	none	0.500	0	10	93.900	316.475
103	0	2	6	424.750	479.550	166.600	183.600	none	0.500	none	0.500	0	10	93.900	316.475
103	0	2	7	479.550	534.350	166.600	183.600	none	0.500	0.500	0.500	0	10	93.900	316.475
103	0	2	8	534.350	589.300	166.600	183.600	none	0.500	none	0.500	0	10	93.900	316.475
103	0	2	9	589.300	644.100	166.600	183.600	0.500	0.500	none	0.500	0	10	93.900	316.475
103	0	2	10	644.100	699.950	166.600	183.600	0.500	0.500	0.500	0.500	0	10	93.900	316.475
103	0	2	11	699.950	734.650	166.600	183.600	none	none	none	0.500	0	10	93.900	316.475
103	0	3	1	143.750	205.300	183.600	200.350	none	0.500	none	0.500	0	10	93.900	316.475
103	0	3	2	205.300	260.100	183.600	200.350	none	0.500	none	0.500	0	10	93.900	316.475
103	0	3	3	260.100	315.150	183.600	200.350	none	0.500	0.500	0.500	0	10	93.900	316.475
103	0	3	4	315.150	369.950	183.600	200.350	none	0.500	0.500	0.500	0	10	93.900	316.475
103	0	3	5	369.950	424.750	183.600	200.350	none	0.500	none	0.500	0	10	93.900	316.475
103	0	3	6	424.750	479.550	183.600	200.350	none	0.500	none	0.500	0	10	93.900	316.475
103	0	3	7	479.550	534.350	183.600	200.350	none	0.500	0.500	0.500	0	10	93.900	316.475
103	0	3	8	534.350	589.300	183.600	200.350	none	0.500	none	0.500	0	10	93.900	316.475
103	0	3	9	589.300	734.650	183.600	316.350	none	0.500	none	0.500	0	10	93.900	316.475
103	0	4	0	57.850	143.750	200.350	233.850	none	0.500	0.500	0.500	0	10	93.900	316.475
103	0	4	1	143.750	205.300	200.350	217.100	none	0.500	none	0.500	0	10	93.900	316.475
103	0	4	2	205.300	260.100	200.350	217.100	none	0.500	none	0.500	0	10	93.900	316.475
103	0	4	3	260.100	315.150	200.350	217.100	none	0.500	0.500	0.500	0	10	93.900	316.475
103	0	4	4	315.150	369.950	200.350	217.100	none	0.500	0.500	0.500	0	10	93.900	316.475
103	0	4	5	369.950	424.750	200.350	217.100	none	0.500	none	0.500	0	10	93.900	316.475
103	0	4	6	424.750	479.550	200.350	217.100	none	0.500	none	0.500	0	10	93.900	316.475
103	0	4	7	479.550	534.350	200.350	217.100	none	0.500	0.500	0.500	0	10	93.900	316.475
103	0	4	8	534.350	589.300	200.350	217.100	none	0.500	none	0.500	0	10	93.900	316.475
103	0	5	1	143.750	205.300	217.100	233.850	none	0.500	none	0.500	0	10	93.900	316.475
103	0	5	2	205.300	260.100	217.100	233.850	none	0.500	none	0.500	0	10	93.900	316.475
103	0	5	3	260.100	315.150	217.100	233.850	none	0.500	0.500	0.500	0	10	93.900	316.475
103	0	5	4	315.150	369.950	217.100	233.850	none	0.500	0.500	0.500	0	10	93.900	316.475
103	0	5	5	369.950	424.750	217.100	233.850	none	0.500	none	0.500	0	10	93.900	316.475
103	0	5	6	424.750	479.550	217.100	233.850	none	0.500	none	0.500	0	10	93.900	316.475
103	0	5	7	479.550	534.350	217.100	233.850	none	0.500	0.500	0.500	0	10	93.900	316.475
103	0	5	8	534.350	589.300	217.100	233.850	none	0.500	none	0.500	0	10	93.900	316.475
103	0	6	0	57.850	143.750	233.850	267.600	none	0.500	0.500	0.500	0	10	93.900	316.475
103	0	6	1	143.750	205.300	233.850	250.600	none	0.500	none	0.500	0	10	93.900	316.475
103	0	6	2	205.300	260.100	233.850	250.600	none	0.500	none	0.500	0	10	93.900	316.475
103	0	6	3	260.100	315.150	233.850	250.600	none	0.500	0.500	0.500	0	10	93.900	316.475
103	0	6	4	315.150	369.950	233.850	250.600	none	0.500	0.500	0.500	0	10	93.900	316.475
103	0	6	5	369.950	424.750	233.850	250.600	none	0.500	none	0.500	0	10	93.900	316.475
103	0	6	6	424.750	479.550	233.850	250.600	none	0.500	none	0.500	0	10	93.900	316.475
103	0	6	7	479.550	534.350	233.850	250.600	none	0.500	0.500	0.500	0	10	93.900	316.475
103	0	6	8	534.350	589.300	233.850	250.600	none	0.500	none	0.500	0	10	93.900	316.475
103	0	7	1	143.750	205.300	250.600	267.600	none	0.500	none	0.500	0	10	93.900	316.475
103	0	7	2	205.300	260.100	250.600	267.600	none	0.500	none	0.500	0	10	93.900	316.475
103	0	7	3	260.100	315.150	250.600	267.600	none	0.500	0.500	0.500	0	10	93.900	316.475
103	0	7	4	315.150	369.950	250.600	267.600	none	0.500	0.500	0.500	0	10	93.900	316.475
103	0	7	5	369.950	424.750	250.600	267.600	none	0.500	none	0.500	0	10	93.900	316.475
103	0	7	6	424.750	479.550	250.600	267.600	none	0.500	none	0.500	0	10	93.900	316.475
103	0	7	7	479.550	534.350	250.600	267.600	0.500	0.500	0.500	0.500	0	10	93.900	316.475
103	0	7	8	534.350	589.300	250.600	267.600	0.500	0.500	none	0.500	0	10	93.900	316.475
103	0	8	0	57.850	143.750	267.600	292.100	none	0.500	0.500	0.500	0	10	93.900	316.475
103	0	8	1	143.750	205.300	267.600	292.100	none	0.500	none	0.500	0	10	93.900	316.475
103	0	8	2	205.300	260.100	267.600	292.100	none	0.500	none	0.500	0	10	93.900	316.475
103	0	8	3	260.100	315.150	267.600	292.100	none	0.500	0.500	0.500	0	10	93.900	316.475
103	0	8	4	315.150	369.950	267.600	292.100	none	0.500	0.500	0.500	0	10	93.900	316.475
103	0	8	5	369.950	424.750	267.600	292.100	none	0.500	none	0.500	0	10	93.900	316.475
103	0	8	6	424.750	479.550	267.600	292.100	none	0.500	none	0.500	0	10	93.900	316.475
103	0	8	7	479.550	589.300	267.600	316.350	0.500	0.500	0.500	none	0	10	93.900	316.475
103	0	9	0	57.850	143.750	292.100	316.350	none	0.500	0.500	0.500	0	10	93.900	316.475
103	0	9	1	143.750	205.300	292.100	316.350	none	0.500	none	0.500	0	10	93.900	316.475
103	0	9	2	205.300	260.100	292.100	316.350	none	0.500	none	0.500	0	10	93.900	316.475
103	0	9	3	260.100	315.150	292.100	316.350	none	0.500	0.500	0.500	0	10	93.900	316.475
103	0	9	4	315.150	369.950	292.100	316.350	none	0.500	0.500	0.500	0	10	93.900	316.475
103	0	9	5	369.950	424.750	292.100	316.350	none	0.500	none	0.500	0	10	93.900	316.475
103	0	9	6	424.750	479.550	292.100	316.350	none	0.500	none	0.500	0	10	93.900	316.475
104	0	0	0	57.850	143.750	94.150	149.600	0.500	none	0.500	0.500	0	11	93.900	340.725
104	0	0	1	143.750	205.300	94.150	149.600	0.500	0.500	none	0.500	0	11	93.900	340.725
104	0	0	2	205.300	260.100	94.150	149.600	0.500	0.500	none	none	0	11	93.900	340.725
104	0	0	3	260.100	315.150	94.150	149.600	0.500	0.500	0.500	0.500	0	11	93.900	340.725
104	0	0	4	315.150	369.950	94.150	149.600	0.500	0.500	0.500	none	0	11	93.900	340.725
104	0	0	5	369.950	424.750	94.150	149.600	0.500	0.500	0.500	none	0	11	93.900	340.725
104	0	0	6	424.750	479.550	94.150	149.600	0.500	0.500	0.500	none	0	11	93.900	340.725
104	0	0	7	479.550	534.350	94.150	149.600	0.500	0.500	0.500	none	0	11	93.900	340.725
104	0	0	8	534.350	589.300	94.150	149.600	0.500	0.500	0.500	none	0	11	93.900	340.725
104	0	0	9	589.300	644.100	94.150	149.600	0.500	0.500	0.500	0.500	0	11	93.900	340.725
104	0	0	10	644.100	699.950	94.150	149.600	0.500	0.500	0.500	0.500	0	11	93.900	340.725
104	0	0	11	699.950	734.650	94.150	149.600	0.500	none	none	0.500	0	11	93.900	340.725
104	0	1	0	57.850	143.750	149.600	200.350	0.500	0.500	0.500	0.500	0	11	93.900	340.725
104	0	1	1	143.750	205.300	149.600	166.600	none	0.500	none	0.500	0	11	93.900	340.725
104	0	1	2	205.300	260.100	149.600	166.600	none	0.500	none	0.500	0	11	93.900	340.725
104	0	1	3	260.100	315.150	149.600	166.600	none	0.500	0.500	0.500	0	11	93.900	340.725
104	0	1	4	315.150	369.950	149.600	166.600	none	0.500	0.500	0.500	0	11	93.900	340.725
104	0	1	5	369.950	424.750	149.600	166.600	none	0.500	none	0.500	0	11	93.900	340.725
104	0	1	6	424.750	479.550	149.600	166.600	none	0.500	none	0.500	0	11	93.900	340.725
104	0	1	7	479.550	534.350	149.600	166.600	none	0.500	0.500	0.500	0	11	93.900	340.725
104	0	1	8	534.350	589.300	149.600	166.600	none	0.500	none	0.500	0	11	93.900	340.725
104	0	1	9	589.300	644.100	149.600	166.600	0.500	0.500	none	0.500	0	11	93.900	340.725
104	0	1	10	644.100	699.950	149.600	166.600	0.500	0.500	0.500	0.500	0	11	93.900	340.725
104	0	1	11	699.950	734.650	149.600	166.600	0.500	none	none	0.500	0	11	93.900	340.725
104	0	2	1	143.750	205.300	166.600	183.600	none	0.500	none	0.500	0	11	93.900	340.725
104	0	2	2	205.300	260.100	166.600	183.600	none	0.500	none	0.500	0	11	93.900	340.725
104	0	2	3	260.100	315.150	166.600	183.600	none	0.500	0.500	0.500	0	11	93.900	340.725
104	0	2	4	315.150	369.950	166.600	183.600	none	0.500	0.500	0.500	0	11	93.900	340.725
104	0	2	5	369.950	424.750	166.600	183.600	none	0.500	none	0.500	0	11	93.900	340.725
104	0	2	6	424.750	479.550	166.600	183.600	none	0.500	none	0.500	0	11	93.900	340.725
104	0	2	7	479.550	534.350	166.600	183.600	none	0.500	0.500	0.500	0	11	93.900	340.725
104	0	2	8	534.350	589.300	166.600	183.600	none	0.500	none	0.500	0	11	93.900	340.725
104	0	2	9	589.300	644.100	166.600	183.600	0.500	0.500	none	0.500	0	11	93.900	340.725
104	0	2	10	644.100	699.950	166.600	183.600	0.500	0.500	0.500	0.500	0	11	93.900	340.725
104	0	2	11	699.950	734.650	166.600	183.600	none	none	none	0.500	0	11	93.900	340.725
104	0	3	1	143.750	205.300	183.600	200.350	none	0.500	none	0.500	0	11	93.900	340.725
104	0	3	2	205.300	260.100	183.600	200.350	none	0.500	none	0.500	0	11	93.900	340.725
104	0	3	3	260.100	315.150	183.600	200.350	none	0.500	0.500	0.500	0	11	93.900	340.725
104	0	3	4	315.150	369.950	183.600	200.350	none	0.500	0.500	0.500	0	11	93.900	340.725
104	0	3	5	369.950	424.750	183.600	200.350	none	0.500	none	0.500	0	11	93.900	340.725
104	0	3	6	424.750	479.550	183.600	200.350	none	0.500	none	0.500	0	11	93.900	340.725
104	0	3	7	479.550	534.350	183.600	200.350	none	0.500	0.500	0.500	0	11	93.900	340.725
104	0	3	8	534.350	589.300	183.600	200.350	none	0.500	none	0.500	0	11	93.900	340.725
104	0	3	9	589.300	734.650	183.600	340.600	none	0.500	none	0.500	0	11	93.900	340.725
104	0	4	0	57.850	143.750	200.350	233.850	none	0.500	0.500	0.500	0	11	93.900	340.725
104	0	4	1	143.750	205.300	200.350	217.100	none	0.500	none	0.500	0	11	93.900	340.725
104	0	4	2	205.300	260.100	200.350	217.100	none	0.500	none	0.500	0	11	93.900	340.725
104	0	4	3	260.100	315.150	200.350	217.100	none	0.500	0.500	0.500	0	11	93.900	340.725
104	0	4	4	315.150	369.950	200.350	217.100	none	0.500	0.500	0.500	0	11	93.900	340.725
104	0	4	5	369.950	424.750	200.350	217.100	none	0.500	none	0.500	0	11	93.900	340.725
104	0	4	6	424.750	479.550	200.350	217.100	none	0.500	none	0.500	0	11	93.900	340.725
104	0	4	7	479.550	534.350	200.350	217.100	none	0.500	0.500	0.500	0	11	93.900	340.725
104	0	4	8	534.350	589.300	200.350	217.100	none	0.500	none	0.500	0	11	93.900	340.725
104	0	5	1	143.750	205.300	217.100	233.850	none	0.500	none	0.500	0	11	93.900	340.725
104	0	5	2	205.300	260.100	217.100	233.850	none	0.500	none	0.500	0	11	93.900	340.725
104	0	5	3	260.100	315.150	217.100	233.850	none	0.500	0.500	0.500	0	11	93.900	340.725
104	0	5	4	315.150	369.950	217.100	233.850	none	0.500	0.500	0.500	0	11	93.900	340.725
104	0	5	5	369.950	424.750	217.100	233.850	none	0.500	none	0.500	0	11	93.900	340.725
104	0	5	6	424.750	479.550	217.100	233.850	none	0.500	none	0.500	0	11	93.900	340.725
104	0	5	7	479.550	534.350	217.100	233.850	none	0.500	0.500	0.500	0	11	93.900	340.725
104	0	5	8	534.350	589.300	217.100	233.850	none	0.500	none	0.500	0	11	93.900	340.725
104	0	6	0	57.850	143.750	233.850	267.600	none	0.500	0.500	0.500	0	11	93.900	340.725
104	0	6	1	143.750	205.300	233.850	250.600	none	0.500	none	0.500	0	11	93.900	340.725
104	0	6	2	205.300	260.100	233.850	250.600	none	0.500	none	0.500	0	11	93.900	340.725
104	0	6	3	260.100	315.150	233.850	250.600	none	0.500	0.500	0.500	0	11	93.900	340.725
104	0	6	4	315.150	369.950	233.850	250.600	none	0.500	0.500	0.500	0	11	93.900	340.725
104	0	6	5	369.950	424.750	233.850	250.600	none	0.500	none	0.500	0	11	93.900	340.725
104	0	6	6	424.750	479.550	233.850	250.600	none	0.500	none	0.500	0	11	93.900	340.725
104	0	6	7	479.550	534.350	233.850	250.600	none	0.500	0.500	0.500	0	11	93.900	340.725
104	0	6	8	534.350	589.300	233.850	250.600	none	0.500	none	0.500	0	11	93.900	340.725
104	0	7	1	143.750	205.300	250.600	267.600	none	0.500	none	0.500	0	11	93.900	340.725
104	0	7	2	205.300	260.100	250.600	267.600	none	0.500	none	0.500	0	11	93.900	340.725
104	0	7	3	260.100	315.150	250.600	267.600	none	0.500	0.500	0.500	0	11	93.900	340.725
104	0	7	4	315.150	369.950	250.600	267.600	none	0.500	0.500	0.500	0	11	93.900	340.725
104	0	7	5	369.950	424.750	250.600	267.600	none	0.500	none	0.500	0	11	93.900	340.725
104	0	7	6	424.750	479.550	250.600	267.600	none	0.500	none	0.500	0	11	93.900	340.725
104	0	7	7	479.550	534.350	250.600	267.600	0.500	0.500	0.500	0.500	0	11	93.900	340.725
104	0	7	8	534.350	589.300	250.600	267.600	0.500	0.500	none	0.500	0	11	93.900	340.725
104	0	8	0	57.850	143.750	267.600	292.100	none	0.500	0.500	0.500	0	11	93.900	340.725
104	0	8	1	143.750	205.300	267.600	292.100	none	0.500	none	0.500	0	11	93.900	340.725
104	0	8	2	205.300	260.100	267.600	292.100	none	0.500	none	0.500	0	11	93.900	340.725
104	0	8	3	260.100	315.150	267.600	292.100	none	0.500	0.500	0.500	0	11	93.900	340.725
104	0	8	4	315.150	369.950	267.600	292.100	none	0.500	0.500	0.500	0	11	93.900	340.725
104	0	8	5	369.950	424.750	267.600	292.100	none	0.500	none	0.500	0	11	93.900	340.725
104	0	8	6	424.750	479.550	267.600	292.100	none	0.500	none	0.500	0	11	93.900	340.725
104	0	8	7	479.550	589.300	267.600	340.600	0.500	0.500	0.500	none	0	11	93.900	340.725
104	0	9	0	57.850	143.750	292.100	316.350	none	0.500	0.500	0.500	0	11	93.900	340.725
104	0	9	1	143.750	205.300	292.100	316.350	none	0.500	none	0.500	0	11	93.900	340.725
104	0	9	2	205.300	260.100	292.100	316.350	none	0.500	none	0.500	0	11	93.900	340.725
104	0	9	3	260.100	315.150	292.100	316.350	none	0.500	0.500	0.500	0	11	93.900	340.725
104	0	9	4	315.150	369.950	292.100	316.350	none	0.500	0.500	0.500	0	11	93.900	340.725
104	0	9	5	369.950	424.750	292.100	316.350	none	0.500	none	0.500	0	11	93.900	340.725
104	0	9	6	424.750	479.550	292.100	316.350	none	0.500	none	0.500	0	11	93.900	340.725
104	0	10	0	57.850	143.750	316.350	340.600	none	0.500	0.500	0.500	0	11	93.900	340.725
104	0	10	1	143.750	205.300	316.350	340.600	none	0.500	none	0.500	0	11	93.900	340.725
104	0	10	2	205.300	260.100	316.350	340.600	none	0.500	none	0.500	0	11	93.900	340.725
104	0	10	3	260.100	315.150	316.350	340.600	none	0.500	0.500	0.500	0	11	93.900	340.725
104	0	10	4	315.150	369.950	316.350	340.600	none	0.500	0.500	0.500	0	11	93.900	340.725
104	0	10	5	369.950	424.750	316.350	340.600	none	0.500	none	0.500	0	11	93.900	340.725
104	0	10	6	424.750	479.550	316.350	340.600	none	0.500	none	0.500	0	11	93.900	340.725
106	0	0	0	57.850	143.750	94.150	149.600	0.500	none	0.500	0.500	0	11	93.900	340.725
106	0	0	1	143.750	205.300	94.150	149.600	0.500	0.500	none	0.500	0	11	93.900	340.725
106	0	0	2	205.300	260.100	94.150	149.600	0.500	0.500	none	none	0	11	93.900	340.725
106	0	0	3	260.100	315.150	94.150	149.600	0.500	0.500	0.500	0.500	0	11	93.900	340.725
106	0	0	4	315.150	369.950	94.150	149.600	0.500	0.500	0.500	none	0	11	93.900	340.725
106	0	0	5	369.950	424.750	94.150	149.600	0.500	0.500	0.500	none	0	11	93.900	340.725
106	0	0	6	424.750	479.550	94.150	149.600	0.500	0.500	0.500	none	0	11	93.900	340.725
106	0	0	7	479.550	534.350	94.150	149.600	0.500	0.500	0.500	none	0	11	93.900	340.725
106	0	0	8	534.350	589.300	94.150	149.600	0.500	0.500	0.500	none	0	11	93.900	340.725
106	0	0	9	589.300	644.100	94.150	149.600	0.500	0.500	0.500	0.500	0	11	93.900	340.725
106	0	0	10	644.100	699.950	94.150	149.600	0.500	0.500	0.500	0.500	0	11	93.900	340.725
106	0	0	11	699.950	734.650	94.150	149.600	0.500	none	none	0.500	0	11	93.900	340.725
106	0	1	0	57.850	143.750	149.600	200.350	0.500	0.500	0.500	0.500	0	11	93.900	340.725
106	0	1	1	143.750	205.300	149.600	166.600	none	0.500	none	0.500	0	11	93.900	340.725
106	0	1	2	205.300	260.100	149.600	166.600	none	0.500	none	0.500	0	11	93.900	340.725
106	0	1	3	260.100	315.150	149.600	166.600	none	0.500	0.500	0.500	0	11	93.900	340.725
106	0	1	4	315.150	369.950	149.600	166.600	none	0.500	0.500	0.500	0	11	93.900	340.725
106	0	1	5	369.950	424.750	149.600	166.600	none	0.500	none	0.500	0	11	93.900	340.725
106	0	1	6	424.750	479.550	149.600	166.600	none	0.500	none	0.500	0	11	93.900	340.725
106	0	1	7	479.550	534.350	149.600	166.600	none	0.500	0.500	0.500	0	11	93.900	340.725
106	0	1	8	534.350	589.300	149.600	166.600	none	0.500	none	0.500	0	11	93.900	340.725
106	0	1	9	589.300	644.100	149.600	166.600	0.500	0.500	none	0.500	0	11	93.900	340.725
106	0	1	10	644.100	699.950	149.600	166.600	0.500	0.500	0.500	0.500	0	11	93.900	340.725
106	0	1	11	699.950	734.650	149.600	166.600	0.500	none	none	0.500	0	11	93.900	340.725
106	0	2	1	143.750	205.300	166.600	183.600	none	0.500	none	0.500	0	11	93.900	340.725
106	0	2	2	205.300	260.100	166.600	183.600	none	0.500	none	0.500	0	11	93.900	340.725
106	0	2	3	260.100	315.150	166.600	183.600	none	0.500	0.500	0.500	0	11	93.900	340.725
106	0	2	4	315.150	369.950	166.600	183.600	none	0.500	0.500	0.500	0	11	93.900	340.725
106	0	2	5	369.950	424.750	166.600	183.600	none	0.500	none	0.500	0	11	93.900	340.725
106	0	2	6	424.750	479.550	166.600	183.600	none	0.500	none	0.500	0	11	93.900	340.725
106	0	2	7	479.550	534.350	166.600	183.600	none	0.500	0.500	0.500	0	11	93.900	340.725
106	0	2	8	534.350	589.300	166.600	183.600	none	0.500	none	0.500	0	11	93.900	340.725
106	0	2	9	589.300	644.100	166.600	183.600	0.500	0.500	none	0.500	0	11	93.900	340.725
106	0	2	10	644.100	699.950	166.600	183.600	0.500	0.500	0.500	0.500	0	11	93.900	340.725
106	0	2	11	699.950	734.650	166.600	183.600	none	none	none	0.500	0	11	93.900	340.725
106	0	3	1	143.750	205.300	183.600	200.350	none	0.500	none	0.500	0	11	93.900	340.725
106	0	3	2	205.300	260.100	183.600	200.350	none	0.500	none	0.500	0	11	93.900	340.725
106	0	3	3	260.100	315.150	183.600	200.350	none	0.500	0.500	0.500	0	11	93.900	340.725
106	0	3	4	315.150	369.950	183.600	200.350	none	0.500	0.500	0.500	0	11	93.900	340.725
106	0	3	5	369.950	424.750	183.600	200.350	none	0.500	none	0.500	0	11	93.900	340.725
106	0	3	6	424.750	479.550	183.600	200.350	none	0.500	none	0.500	0	11	93.900	340.725
106	0	3	7	479.550	534.350	183.600	200.350	none	0.500	0.500	0.500	0	11	93.900	340.725
106	0	3	8	534.350	589.300	183.600	200.350	none	0.500	none	0.500	0	11	93.900	340.725
106	0	3	9	589.300	734.650	183.600	340.600	none	0.500	none	0.500	0	11	93.900	340.725
106	0	4	0	57.850	143.750	200.350	233.850	none	0.500	0.500	0.500	0	11	93.900	340.725
106	0	4	1	143.750	205.300	200.350	217.100	none	0.500	none	0.500	0	11	93.900	340.725
106	0	4	2	205.300	260.100	200.350	217.100	none	0.500	none	0.500	0	11	93.900	340.725
106	0	4	3	260.100	315.150	200.350	217.100	none	0.500	0.500	0.500	0	11	93.900	340.725
106	0	4	4	315.150	369.950	200.350	217.100	none	0.500	0.500	0.500	0	11	93.900	340.725
106	0	4	5	369.950	424.750	200.350	217.100	none	0.500	none	0.500	0	11	93.900	340.725
106	0	4	6	424.750	479.550	200.350	217.100	none	0.500	none	0.500	0	11	93.900	340.725
106	0	4	7	479.550	534.350	200.350	217.100	none	0.500	0.500	0.500	0	11	93.900	340.725
106	0	4	8	534.350	589.300	200.350	217.100	none	0.500	none	0.500	0	11	93.900	340.725
106	0	5	1	143.750	205.300	217.100	233.850	none	0.500	none	0.500	0	11	93.900	340.725
106	0	5	2	205.300	260.100	217.100	233.850	none	0.500	none	0.500	0	11	93.900	340.725
106	0	5	3	260.100	315.150	217.100	233.850	none	0.500	0.500	0.500	0	11	93.900	340.725
106	0	5	4	315.150	369.950	217.100	233.850	none	0.500	0.500	0.500	0	11	93.900	340.725
106	0	5	5	369.950	424.750	217.100	233.850	none	0.500	none	0.500	0	11	93.900	340.725
106	0	5	6	424.750	479.550	217.100	233.850	none	0.500	none	0.500	0	11	93.900	340.725
106	0	5	7	479.550	534.350	217.100	233.850	none	0.500	0.500	0.500	0	11	93.900	340.725
106	0	5	8	534.350	589.300	217.100	233.850	none	0.500	none	0.500	0	11	93.900	340.725
106	0	6	0	57.850	143.750	233.850	267.600	none	0.500	0.500	0.500	0	11	93.900	340.725
106	0	6	1	143.750	205.300	233.850	250.600	none	0.500	none	0.500	0	11	93.900	340.725
106	0	6	2	205.300	260.100	233.850	250.600	none	0.500	none	0.500	0	11	93.900	340.725
106	0	6	3	260.100	315.150	233.850	250.600	none	0.500	0.500	0.500	0	11	93.900	340.725
106	0	6	4	315.150	369.950	233.850	250.600	none	0.500	0.500	0.500	0	11	93.900	340.725
106	0	6	5	369.950	424.750	233.850	250.600	none	0.500	none	0.500	0	11	93.900	340.725
106	0	6	6	424.750	479.550	233.850	250.600	none	0.500	none	0.500	0	11	93.900	340.725
106	0	6	7	479.550	534.350	233.850	250.600	none	0.500	0.500	0.500	0	11	93.900	340.725
106	0	6	8	534.350	589.300	233.850	250.600	none	0.500	none	0.500	0	11	93.900	340.725
106	0	7	1	143.750	205.300	250.600	267.600	none	0.500	none	0.500	0	11	93.900	340.725
106	0	7	2	205.300	260.100	250.600	267.600	none	0.500	none	0.500	0	11	93.900	340.725
106	0	7	3	260.100	315.150	250.600	267.600	none	0.500	0.500	0.500	0	11	93.900	340.725
106	0	7	4	315.150	369.950	250.600	267.600	none	0.500	0.500	0.500	0	11	93.900	340.725
106	0	7	5	369.950	424.750	250.600	267.600	none	0.500	none	0.500	0	11	93.900	340.725
106	0	7	6	424.750	479.550	250.600	267.600	none	0.500	none	0.500	0	11	93.900	340.725
106	0	7	7	479.550	534.350	250.600	267.600	0.500	0.500	0.500	0.500	0	11	93.900	340.725
106	0	7	8	534.350	589.300	250.600	267.600	0.500	0.500	none	0.500	0	11	93.900	340.725
106	0	8	0	57.850	143.750	267.600	292.100	none	0.500	0.500	0.500	0	11	93.900	340.725
106	0	8	1	143.750	205.300	267.600	292.100	none	0.500	none	0.500	0	11	93.900	340.725
106	0	8	2	205.300	260.100	267.600	292.100	none	0.500	none	0.500	0	11	93.900	340.725
106	0	8	3	260.100	315.150	267.600	292.100	none	0.500	0.500	0.500	0	11	93.900	340.725
106	0	8	4	315.150	369.950	267.600	292.100	none	0.500	0.500	0.500	0	11	93.900	340.725
106	0	8	5	369.950	424.750	267.600	292.100	none	0.500	none	0.500	0	11	93.900	340.725
106	0	8	6	424.750	479.550	267.600	292.100	none	0.500	none	0.500	0	11	93.900	340.725
106	0	8	7	479.550	589.300	267.600	340.600	0.500	0.500	0.500	none	0	11	93.900	340.725
106	0	9	0	57.850	143.750	292.100	316.350	none	0.500	0.500	0.500	0	11	93.900	340.725
106	0	9	1	143.750	205.300	292.100	316.350	none	0.500	none	0.500	0	11	93.900	340.725
106	0	9	2	205.300	260.100	292.100	316.350	none	0.500	none	0.500	0	11	93.900	340.725
106	0	9	3	260.100	315.150	292.100	316.350	none	0.500	0.500	0.500	0	11	93.900	340.725
106	0	9	4	315.150	369.950	292.100	316.350	none	0.500	0.500	0.500	0	11	93.900	340.725
106	0	9	5	369.950	424.750	292.100	316.350	none	0.500	none	0.500	0	11	93.900	340.725
106	0	9	6	424.750	479.550	292.100	316.350	none	0.500	none	0.500	0	11	93.900	340.725
106	0	10	0	57.850	143.750	316.350	340.600	none	0.500	0.500	0.500	0	11	93.900	340.725
106	0	10	1	143.750	205.300	316.350	340.600	none	0.500	none	0.500	0	11	93.900	340.725
106	0	10	2	205.300	260.100	316.350	340.600	none	0.500	none	0.500	0	11	93.900	340.725
106	0	10	3	260.100	315.150	316.350	340.600	none	0.500	0.500	0.500	0	11	93.900	340.725
106	0	10	4	315.150	369.950	316.350	340.600	none	0.500	0.500	0.500	0	11	93.900	340.725
106	0	10	5	369.950	424.750	316.350	340.600	none	0.500	none	0.500	0	11	93.900	340.725
106	0	10	6	424.750	479.550	316.350	340.600	none	0.500	none	0.500	0	11	93.900	340.725
108	0	0	0	57.850	143.750	94.150	149.600	0.500	none	0.500	0.500	0	11	93.900	340.725
108	0	0	1	143.750	205.300	94.150	149.600	0.500	0.500	none	0.500	0	11	93.900	340.725
108	0	0	2	205.300	260.050	94.150	149.600	0.500	0.500	none	none	0	11	93.900	340.725
108	0	0	3	260.050	315.050	94.150	149.600	0.500	0.500	0.500	0.500	0	11	93.900	340.725
108	0	0	4	315.050	369.850	94.150	149.600	0.500	0.500	0.500	none	0	11	93.900	340.725
108	0	0	5	369.850	424.650	94.150	149.600	0.500	0.500	0.500	none	0	11	93.900	340.725
108	0	0	6	424.650	479.450	94.150	149.600	0.500	0.500	0.500	none	0	11	93.900	340.725
108	0	0	7	479.450	534.250	94.150	149.600	0.500	0.500	0.500	none	0	11	93.900	340.725
108	0	0	8	534.250	589.150	94.150	149.600	0.500	0.500	0.500	none	0	11	93.900	340.725
108	0	0	9	589.150	643.950	94.150	149.600	0.500	0.500	0.500	0.500	0	11	93.900	340.725
108	0	0	10	643.950	699.550	94.150	149.600	0.500	0.500	0.500	0.500	0	11	93.900	340.725
108	0	0	11	699.550	734.650	94.150	149.600	0.500	none	none	0.500	0	11	93.900	340.725
108	0	1	0	57.850	143.750	149.600	200.350	0.500	0.500	0.500	0.500	0	11	93.900	340.725
108	0	1	1	143.750	205.300	149.600	166.600	none	0.500	none	0.500	0	11	93.900	340.725
108	0	1	2	205.300	260.050	149.600	166.600	none	0.500	none	0.500	0	11	93.900	340.725
108	0	1	3	260.050	315.050	149.600	166.600	none	0.500	0.500	0.500	0	11	93.900	340.725
108	0	1	4	315.050	369.850	149.600	166.600	none	0.500	0.500	0.500	0	11	93.900	340.725
108	0	1	5	369.850	424.650	149.600	166.600	none	0.500	none	0.500	0	11	93.900	340.725
108	0	1	6	424.650	479.450	149.600	166.600	none	0.500	none	0.500	0	11	93.900	340.725
108	0	1	7	479.450	534.250	149.600	166.600	none	0.500	0.500	0.500	0	11	93.900	340.725
108	0	1	8	534.250	589.150	149.600	166.600	none	0.500	none	0.500	0	11	93.900	340.725
108	0	1	9	589.150	643.950	149.600	166.600	0.500	0.500	none	0.500	0	11	93.900	340.725
108	0	1	10	643.950	699.550	149.600	166.600	0.500	0.500	0.500	0.500	0	11	93.900	340.725
108	0	1	11	699.550	734.650	149.600	166.600	0.500	none	none	0.500	0	11	93.900	340.725
108	0	2	1	143.750	205.300	166.600	183.600	none	0.500	none	0.500	0	11	93.900	340.725
108	0	2	2	205.300	260.050	166.600	183.600	none	0.500	none	0.500	0	11	93.900	340.725
108	0	2	3	260.050	315.050	166.600	183.600	none	0.500	0.500	0.500	0	11	93.900	340.725
108	0	2	4	315.050	369.850	166.600	183.600	none	0.500	0.500	0.500	0	11	93.900	340.725
108	0	2	5	369.850	424.650	166.600	183.600	none	0.500	none	0.500	0	11	93.900	340.725
108	0	2	6	424.650	479.450	166.600	183.600	none	0.500	none	0.500	0	11	93.900	340.725
108	0	2	7	479.450	534.250	166.600	183.600	none	0.500	0.500	0.500	0	11	93.900	340.725
108	0	2	8	534.250	589.150	166.600	183.600	none	0.500	none	0.500	0	11	93.900	340.725
108	0	2	9	589.150	643.950	166.600	183.600	0.500	0.500	none	0.500	0	11	93.900	340.725
108	0	2	10	643.950	699.550	166.600	183.600	0.500	0.500	0.500	0.500	0	11	93.900	340.725
108	0	2	11	699.550	734.650	166.600	183.600	none	none	none	0.500	0	11	93.900	340.725
108	0	3	1	143.750	205.300	183.600	200.350	none	0.500	none	0.500	0	11	93.900	340.725
108	0	3	2	205.300	260.050	183.600	200.350	none	0.500	none	0.500	0	11	93.900	340.725
108	0	3	3	260.050	315.050	183.600	200.350	none	0.500	0.500	0.500	0	11	93.900	340.725
108	0	3	4	315.050	369.850	183.600	200.350	none	0.500	0.500	0.500	0	11	93.900	340.725
108	0	3	5	369.850	424.650	183.600	200.350	none	0.500	none	0.500	0	11	93.900	340.725
108	0	3	6	424.650	479.450	183.600	200.350	none	0.500	none	0.500	0	11	93.900	340.725
108	0	3	7	479.450	534.250	183.600	200.350	none	0.500	0.500	0.500	0	11	93.900	340.725
108	0	3	8	534.250	589.150	183.600	200.350	none	0.500	none	0.500	0	11	93.900	340.725
108	0	3	9	589.150	734.650	183.600	340.600	none	0.500	none	0.500	0	11	93.900	340.725
108	0	4	0	57.850	143.750	200.350	233.850	none	0.500	0.500	0.500	0	11	93.900	340.725
108	0	4	1	143.750	205.300	200.350	217.100	none	0.500	none	0.500	0	11	93.900	340.725
108	0	4	2	205.300	260.050	200.350	217.100	none	0.500	none	0.500	0	11	93.900	340.725
108	0	4	3	260.050	315.050	200.350	217.100	none	0.500	0.500	0.500	0	11	93.900	340.725
108	0	4	4	315.050	369.850	200.350	217.100	none	0.500	0.500	0.500	0	11	93.900	340.725
108	0	4	5	369.850	424.650	200.350	217.100	none	0.500	none	0.500	0	11	93.900	340.725
108	0	4	6	424.650	479.450	200.350	217.100	none	0.500	none	0.500	0	11	93.900	340.725
108	0	4	7	479.450	534.250	200.350	217.100	none	0.500	0.500	0.500	0	11	93.900	340.725
108	0	4	8	534.250	589.150	200.350	217.100	none	0.500	none	0.500	0	11	93.900	340.725
108	0	5	1	143.750	205.300	217.100	233.850	none	0.500	none	0.500	0	11	93.900	340.725
108	0	5	2	205.300	260.050	217.100	233.850	none	0.500	none	0.500	0	11	93.900	340.725
108	0	5	3	260.050	315.050	217.100	233.850	none	0.500	0.500	0.500	0	11	93.900	340.725
108	0	5	4	315.050	369.850	217.100	233.850	none	0.500	0.500	0.500	0	11	93.900	340.725
108	0	5	5	369.850	424.650	217.100	233.850	none	0.500	none	0.500	0	11	93.900	340.725
108	0	5	6	424.650	479.450	217.100	233.850	none	0.500	none	0.500	0	11	93.900	340.725
108	0	5	7	479.450	534.250	217.100	233.850	none	0.500	0.500	0.500	0	11	93.900	340.725
108	0	5	8	534.250	589.150	217.100	233.850	none	0.500	none	0.500	0	11	93.900	340.725
108	0	6	0	57.850	143.750	233.850	267.600	none	0.500	0.500	0.500	0	11	93.900	340.725
108	0	6	1	143.750	205.300	233.850	250.600	none	0.500	none	0.500	0	11	93.900	340.725
108	0	6	2	205.300	260.050	233.850	250.600	none	0.500	none	0.500	0	11	93.900	340.725
108	0	6	3	260.050	315.050	233.850	250.600	none	0.500	0.500	0.500	0	11	93.900	340.725
108	0	6	4	315.050	369.850	233.850	250.600	none	0.500	0.500	0.500	0	11	93.900	340.725
108	0	6	5	369.850	424.650	233.850	250.600	none	0.500	none	0.500	0	11	93.900	340.725
108	0	6	6	424.650	479.450	233.850	250.600	none	0.500	none	0.500	0	11	93.900	340.725
108	0	6	7	479.450	534.250	233.850	250.600	none	0.500	0.500	0.500	0	11	93.900	340.725
108	0	6	8	534.250	589.150	233.850	250.600	none	0.500	none	0.500	0	11	93.900	340.725
108	0	7	1	143.750	205.300	250.600	267.600	none	0.500	none	0.500	0	11	93.900	340.725
108	0	7	2	205.300	260.050	250.600	267.600	none	0.500	none	0.500	0	11	93.900	340.725
108	0	7	3	260.050	315.050	250.600	267.600	none	0.500	0.500	0.500	0	11	93.900	340.725
108	0	7	4	315.050	369.850	250.600	267.600	none	0.500	0.500	0.500	0	11	93.900	340.725
108	0	7	5	369.850	424.650	250.600	267.600	none	0.500	none	0.500	0	11	93.900	340.725
108	0	7	6	424.650	479.450	250.600	267.600	none	0.500	none	0.500	0	11	93.900	340.725
108	0	7	7	479.450	534.250	250.600	267.600	0.500	0.500	0.500	0.500	0	11	93.900	340.725
108	0	7	8	534.250	589.150	250.600	267.600	0.500	0.500	none	0.500	0	11	93.900	340.725
108	0	8	0	57.850	143.750	267.600	292.100	none	0.500	0.500	0.500	0	11	93.900	340.725
108	0	8	1	143.750	205.300	267.600	292.100	none	0.500	none	0.500	0	11	93.900	340.725
108	0	8	2	205.300	260.050	267.600	292.100	none	0.500	none	0.500	0	11	93.900	340.725
108	0	8	3	260.050	315.050	267.600	292.100	none	0.500	0.500	0.500	0	11	93.900	340.725
108	0	8	4	315.050	369.850	267.600	292.100	none	0.500	0.500	0.500	0	11	93.900	340.725
108	0	8	5	369.850	424.650	267.600	292.100	none	0.500	none	0.500	0	11	93.900	340.725
108	0	8	6	424.650	479.450	267.600	292.100	none	0.500	none	0.500	0	11	93.900	340.725
108	0	8	7	479.450	589.150	267.600	340.600	0.500	0.500	0.500	none	0	11	93.900	340.725
108	0	9	0	57.850	143.750	292.100	316.350	none	0.500	0.500	0.500	0	11	93.900	340.725
108	0	9	1	143.750	205.300	292.100	316.350	none	0.500	none	0.500	0	11	93.900	340.725
108	0	9	2	205.300	260.050	292.100	316.350	none	0.500	none	0.500	0	11	93.900	340.725
108	0	9	3	260.050	315.050	292.100	316.350	none	0.500	0.500	0.500	0	11	93.900	340.725
108	0	9	4	315.050	369.850	292.100	316.350	none	0.500	0.500	0.500	0	11	93.900	340.725
108	0	9	5	369.850	424.650	292.100	316.350	none	0.500	none	0.500	0	11	93.900	340.725
108	0	9	6	424.650	479.450	292.100	316.350	none	0.500	none	0.500	0	11	93.900	340.725
108	0	10	0	57.850	143.750	316.350	340.600	none	0.500	0.500	0.500	0	11	93.900	340.725
108	0	10	1	143.750	205.300	316.350	340.600	none	0.500	none	0.500	0	11	93.900	340.725
108	0	10	2	205.300	260.050	316.350	340.600	none	0.500	none	0.500	0	11	93.900	340.725
108	0	10	3	260.050	315.050	316.350	340.600	none	0.500	0.500	0.500	0	11	93.900	340.725
108	0	10	4	315.050	369.850	316.350	340.600	none	0.500	0.500	0.500	0	11	93.900	340.725
108	0	10	5	369.850	424.650	316.350	340.600	none	0.500	none	0.500	0	11	93.900	340.725
108	0	10	6	424.650	479.450	316.350	340.600	none	0.500	none	0.500	0	11	93.900	340.725
110	0	0	0	57.850	153.350	94.150	149.600	0.500	none	0.500	0.500	0	11	93.900	342.350
110	0	0	1	153.350	214.900	94.150	149.600	0.500	0.500	none	0.500	0	11	93.900	342.350
110	0	0	2	214.900	282.550	94.150	149.600	0.500	0.500	none	0.500	0	11	93.900	342.350
110	0	0	3	282.550	350.200	94.150	149.600	0.500	0.500	none	0.500	0	11	93.900	342.350
110	0	0	4	350.200	417.850	94.150	149.600	0.500	0.500	0.500	0.500	0	11	93.900	342.350
110	0	0	5	417.850	485.500	94.150	149.600	0.500	0.500	none	0.500	0	11	93.900	342.350
110	0	0	6	485.500	553.400	94.150	149.600	0.500	0.500	none	0.500	0	11	93.900	342.350
110	0	0	7	553.400	621.050	94.150	149.600	0.500	0.500	none	0.500	0	11	93.900	342.350
110	0	0	8	621.050	688.700	94.150	149.600	0.500	0.500	0.500	0.500	0	11	93.900	342.350
110	0	0	9	688.700	734.650	94.150	149.600	0.500	0.500	none	0.500	0	11	93.900	342.350
110	0	1	0	57.850	153.350	149.600	200.600	0.500	0.500	0.500	0.500	0	11	93.900	342.350
110	0	1	1	153.350	214.900	149.600	166.600	none	0.500	none	0.500	0	11	93.900	342.350
110	0	1	2	214.900	282.550	149.600	166.600	none	0.500	none	0.500	0	11	93.900	342.350
110	0	1	3	282.550	350.200	149.600	166.600	0.500	0.500	none	0.500	0	11	93.900	342.350
110	0	1	4	350.200	417.850	149.600	166.600	none	0.500	0.500	0.500	0	11	93.900	342.350
110	0	1	5	417.850	485.500	149.600	166.600	none	0.500	none	0.500	0	11	93.900	342.350
110	0	1	6	485.500	553.400	149.600	166.600	none	0.500	none	0.500	0	11	93.900	342.350
110	0	1	7	553.400	621.050	149.600	166.600	0.500	0.500	none	0.500	0	11	93.900	342.350
110	0	1	8	621.050	688.700	149.600	166.600	0.500	0.500	0.500	0.500	0	11	93.900	342.350
110	0	1	9	688.700	734.650	149.600	166.600	none	none	none	0.500	0	11	93.900	342.350
110	0	2	1	153.350	214.900	166.600	183.600	none	0.500	none	0.500	0	11	93.900	342.350
110	0	2	2	214.900	282.550	166.600	183.600	none	0.500	none	0.500	0	11	93.900	342.350
110	0	2	3	282.550	350.200	166.600	183.600	0.500	0.500	none	0.500	0	11	93.900	342.350
110	0	2	4	350.200	417.850	166.600	183.600	none	0.500	0.500	0.500	0	11	93.900	342.350
110	0	2	5	417.850	485.500	166.600	183.600	none	0.500	none	0.500	0	11	93.900	342.350
110	0	2	6	485.500	553.400	166.600	183.600	none	0.500	none	0.500	0	11	93.900	342.350
110	0	2	7	553.400	621.050	166.600	183.600	0.500	0.500	none	0.500	0	11	93.900	342.350
110	0	2	8	621.050	688.700	166.600	183.600	0.500	0.500	0.500	0.500	0	11	93.900	342.350
110	0	2	9	688.700	734.650	166.600	183.600	none	none	none	0.500	0	11	93.900	342.350
110	0	3	1	153.350	214.900	183.600	200.600	none	0.500	none	0.500	0	11	93.900	342.350
110	0	3	2	214.900	282.550	183.600	200.600	none	0.500	none	0.500	0	11	93.900	342.350
110	0	3	3	282.550	350.200	183.600	200.600	0.500	0.500	none	0.500	0	11	93.900	342.350
110	0	3	4	350.200	417.850	183.600	200.600	none	0.500	0.500	0.500	0	11	93.900	342.350
110	0	3	5	417.850	485.500	183.600	200.600	none	0.500	none	0.500	0	11	93.900	342.350
110	0	3	6	485.500	553.400	183.600	200.600	none	0.500	none	0.500	0	11	93.900	342.350
110	0	3	7	553.400	734.650	183.600	342.100	none	0.500	none	0.500	0	11	93.900	342.350
110	0	4	0	57.850	153.350	200.600	234.600	none	0.500	0.500	0.500	0	11	93.900	342.350
110	0	4	1	153.350	214.900	200.600	217.600	none	0.500	none	0.500	0	11	93.900	342.350
110	0	4	2	214.900	282.550	200.600	217.600	none	0.500	none	0.500	0	11	93.900	342.350
110	0	4	3	282.550	350.200	200.600	217.600	0.500	0.500	none	0.500	0	11	93.900	342.350
110	0	4	4	350.200	417.850	200.600	217.600	none	0.500	0.500	0.500	0	11	93.900	342.350
110	0	4	5	417.850	485.500	200.600	217.600	none	0.500	none	0.500	0	11	93.900	342.350
110	0	4	6	485.500	553.400	200.600	217.600	none	0.500	none	0.500	0	11	93.900	342.350
110	0	5	1	153.350	214.900	217.600	234.600	none	0.500	none	0.500	0	11	93.900	342.350
110	0	5	2	214.900	282.550	217.600	234.600	none	0.500	none	0.500	0	11	93.900	342.350
110	0	5	3	282.550	350.200	217.600	234.600	0.500	0.500	none	0.500	0	11	93.900	342.350
110	0	5	4	350.200	417.850	217.600	234.600	none	0.500	0.500	0.500	0	11	93.900	342.350
110	0	5	5	417.850	485.500	217.600	234.600	none	0.500	none	0.500	0	11	93.900	342.350
110	0	5	6	485.500	553.400	217.600	234.600	none	0.500	none	0.500	0	11	93.900	342.350
110	0	6	0	57.850	153.350	234.600	268.600	none	0.500	0.500	0.500	0	11	93.900	342.350
110	0	6	1	153.350	214.900	234.600	251.600	none	0.500	none	0.500	0	11	93.900	342.350
110	0	6	2	214.900	282.550	234.600	251.600	none	0.500	none	0.500	0	11	93.900	342.350
110	0	6	3	282.550	350.200	234.600	251.600	0.500	0.500	none	0.500	0	11	93.900	342.350
110	0	6	4	350.200	417.850	234.600	251.600	none	0.500	0.500	0.500	0	11	93.900	342.350
110	0	6	5	417.850	485.500	234.600	251.600	none	0.500	none	0.500	0	11	93.900	342.350
110	0	6	6	485.500	553.400	234.600	251.600	none	0.500	none	0.500	0	11	93.900	342.350
110	0	7	1	153.350	214.900	251.600	268.600	none	0.500	none	0.500	0	11	93.900	342.350
110	0	7	2	214.900	282.550	251.600	268.600	none	0.500	none	0.500	0	11	93.900	342.350
110	0	7	3	282.550	350.200	251.600	268.600	0.500	0.500	none	0.500	0	11	93.900	342.350
110	0	7	4	350.200	417.850	251.600	268.600	none	0.500	0.500	0.500	0	11	93.900	342.350
110	0	7	5	417.850	485.500	251.600	268.600	none	0.500	none	0.500	0	11	93.900	342.350
110	0	7	6	485.500	553.400	251.600	268.600	none	0.500	none	0.500	0	11	93.900	342.350
110	0	8	0	57.850	153.350	268.600	293.100	none	0.500	0.500	0.500	0	11	93.900	342.350
110	0	8	1	153.350	214.900	268.600	293.100	none	0.500	none	0.500	0	11	93.900	342.350
110	0	8	2	214.900	282.550	268.600	293.100	none	0.500	none	0.500	0	11	93.900	342.350
110	0	8	3	282.550	350.200	268.600	293.100	0.500	0.500	none	0.500	0	11	93.900	342.350
110	0	8	4	350.200	417.850	268.600	293.100	none	0.500	0.500	0.500	0	11	93.900	342.350
110	0	8	5	417.850	553.400	268.600	293.100	0.500	none	none	none	0	11	93.900	342.350
110	0	9	0	57.850	153.350	293.100	317.600	0.500	0.500	0.500	0.500	0	11	93.900	342.350
110	0	9	1	153.350	214.900	293.100	317.600	0.500	0.500	none	0.500	0	11	93.900	342.350
110	0	9	2	214.900	282.550	293.100	317.600	0.500	0.500	none	0.500	0	11	93.900	342.350
110	0	9	3	282.550	350.200	293.100	317.600	0.500	0.500	none	0.500	0	11	93.900	342.350
110	0	9	4	350.200	417.850	293.100	317.600	0.500	0.500	0.500	0.500	0	11	93.900	342.350
110	0	9	5	417.850	485.500	293.100	317.600	none	none	none	none	0	11	93.900	342.350
110	0	9	6	485.500	553.400	293.100	317.600	none	none	none	none	0	11	93.900	342.350
110	0	10	0	57.850	153.350	317.600	342.100	0.500	0.500	0.500	0.500	0	11	93.900	342.350
110	0	10	1	153.350	214.900	317.600	342.100	0.500	0.500	none	0.500	0	11	93.900	342.350
110	0	10	2	214.900	282.550	317.600	342.100	0.500	0.500	none	0.500	0	11	93.900	342.350
110	0	10	3	282.550	350.200	317.600	342.100	0.500	0.500	none	0.500	0	11	93.900	342.350
110	0	10	4	350.200	417.850	317.600	342.100	0.500	0.500	0.500	0.500	0	11	93.900	342.350
110	0	10	5	417.850	553.400	317.600	342.100	none	0.500	none	none	0	11	93.900	342.350
112	0	0	0	57.850	143.750	94.150	149.600	0.500	none	0.500	0.500	0	11	93.900	340.725
112	0	0	1	143.750	205.300	94.150	149.600	0.500	0.500	none	0.500	0	11	93.900	340.725
112	0	0	2	205.300	260.100	94.150	149.600	0.500	0.500	none	none	0	11	93.900	340.725
112	0	0	3	260.100	315.150	94.150	149.600	0.500	0.500	0.500	0.500	0	11	93.900	340.725
112	0	0	4	315.150	369.950	94.150	149.600	0.500	0.500	0.500	none	0	11	93.900	340.725
112	0	0	5	369.950	424.750	94.150	149.600	0.500	0.500	0.500	none	0	11	93.900	340.725
112	0	0	6	424.750	479.550	94.150	149.600	0.500	0.500	0.500	none	0	11	93.900	340.725
112	0	0	7	479.550	534.350	94.150	149.600	0.500	0.500	0.500	none	0	11	93.900	340.725
112	0	0	8	534.350	589.300	94.150	149.600	0.500	0.500	0.500	none	0	11	93.900	340.725
112	0	0	9	589.300	644.100	94.150	149.600	0.500	0.500	0.500	0.500	0	11	93.900	340.725
112	0	0	10	644.100	699.950	94.150	149.600	0.500	0.500	0.500	0.500	0	11	93.900	340.725
112	0	0	11	699.950	734.650	94.150	149.600	0.500	none	none	0.500	0	11	93.900	340.725
112	0	1	0	57.850	143.750	149.600	200.350	0.500	0.500	0.500	0.500	0	11	93.900	340.725
112	0	1	1	143.750	205.300	149.600	166.600	none	0.500	none	0.500	0	11	93.900	340.725
112	0	1	2	205.300	260.100	149.600	166.600	none	0.500	none	0.500	0	11	93.900	340.725
112	0	1	3	260.100	315.150	149.600	166.600	none	0.500	0.500	0.500	0	11	93.900	340.725
112	0	1	4	315.150	369.950	149.600	166.600	none	0.500	0.500	0.500	0	11	93.900	340.725
112	0	1	5	369.950	424.750	149.600	166.600	none	0.500	none	0.500	0	11	93.900	340.725
112	0	1	6	424.750	479.550	149.600	166.600	none	0.500	none	0.500	0	11	93.900	340.725
112	0	1	7	479.550	534.350	149.600	166.600	none	0.500	0.500	0.500	0	11	93.900	340.725
112	0	1	8	534.350	589.300	149.600	166.600	none	0.500	none	0.500	0	11	93.900	340.725
112	0	1	9	589.300	644.100	149.600	166.600	0.500	0.500	none	0.500	0	11	93.900	340.725
112	0	1	10	644.100	699.950	149.600	166.600	0.500	0.500	0.500	0.500	0	11	93.900	340.725
112	0	1	11	699.950	734.650	149.600	166.600	0.500	none	none	0.500	0	11	93.900	340.725
112	0	2	1	143.750	205.300	166.600	183.600	none	0.500	none	0.500	0	11	93.900	340.725
112	0	2	2	205.300	260.100	166.600	183.600	none	0.500	none	0.500	0	11	93.900	340.725
112	0	2	3	260.100	315.150	166.600	183.600	none	0.500	0.500	0.500	0	11	93.900	340.725
112	0	2	4	315.150	369.950	166.600	183.600	none	0.500	0.500	0.500	0	11	93.900	340.725
112	0	2	5	369.950	424.750	166.600	183.600	none	0.500	none	0.500	0	11	93.900	340.725
112	0	2	6	424.750	479.550	166.600	183.600	none	0.500	none	0.500	0	11	93.900	340.725
112	0	2	7	479.550	534.350	166.600	183.600	none	0.500	0.500	0.500	0	11	93.900	340.725
112	0	2	8	534.350	589.300	166.600	183.600	none	0.500	none	0.500	0	11	93.900	340.725
112	0	2	9	589.300	644.100	166.600	183.600	0.500	0.500	none	0.500	0	11	93.900	340.725
112	0	2	10	644.100	699.950	166.600	183.600	0.500	0.500	0.500	0.500	0	11	93.900	340.725
112	0	2	11	699.950	734.650	166.600	183.600	none	none	none	0.500	0	11	93.900	340.725
112	0	3	1	143.750	205.300	183.600	200.350	none	0.500	none	0.500	0	11	93.900	340.725
112	0	3	2	205.300	260.100	183.600	200.350	none	0.500	none	0.500	0	11	93.900	340.725
112	0	3	3	260.100	315.150	183.600	200.350	none	0.500	0.500	0.500	0	11	93.900	340.725
112	0	3	4	315.150	369.950	183.600	200.350	none	0.500	0.500	0.500	0	11	93.900	340.725
112	0	3	5	369.950	424.750	183.600	200.350	none	0.500	none	0.500	0	11	93.900	340.725
112	0	3	6	424.750	479.550	183.600	200.350	none	0.500	none	0.500	0	11	93.900	340.725
112	0	3	7	479.550	534.350	183.600	200.350	none	0.500	0.500	0.500	0	11	93.900	340.725
112	0	3	8	534.350	589.300	183.600	200.350	none	0.500	none	0.500	0	11	93.900	340.725
112	0	3	9	589.300	734.650	183.600	340.600	none	0.500	none	0.500	0	11	93.900	340.725
112	0	4	0	57.850	143.750	200.350	233.850	none	0.500	0.500	0.500	0	11	93.900	340.725
112	0	4	1	143.750	205.300	200.350	217.100	none	0.500	none	0.500	0	11	93.900	340.725
112	0	4	2	205.300	260.100	200.350	217.100	none	0.500	none	0.500	0	11	93.900	340.725
112	0	4	3	260.100	315.150	200.350	217.100	none	0.500	0.500	0.500	0	11	93.900	340.725
112	0	4	4	315.150	369.950	200.350	217.100	none	0.500	0.500	0.500	0	11	93.900	340.725
112	0	4	5	369.950	424.750	200.350	217.100	none	0.500	none	0.500	0	11	93.900	340.725
112	0	4	6	424.750	479.550	200.350	217.100	none	0.500	none	0.500	0	11	93.900	340.725
112	0	4	7	479.550	534.350	200.350	217.100	none	0.500	0.500	0.500	0	11	93.900	340.725
112	0	4	8	534.350	589.300	200.350	217.100	none	0.500	none	0.500	0	11	93.900	340.725
112	0	5	1	143.750	205.300	217.100	233.850	none	0.500	none	0.500	0	11	93.900	340.725
112	0	5	2	205.300	260.100	217.100	233.850	none	0.500	none	0.500	0	11	93.900	340.725
112	0	5	3	260.100	315.150	217.100	233.850	none	0.500	0.500	0.500	0	11	93.900	340.725
112	0	5	4	315.150	369.950	217.100	233.850	none	0.500	0.500	0.500	0	11	93.900	340.725
112	0	5	5	369.950	424.750	217.100	233.850	none	0.500	none	0.500	0	11	93.900	340.725
112	0	5	6	424.750	479.550	217.100	233.850	none	0.500	none	0.500	0	11	93.900	340.725
112	0	5	7	479.550	534.350	217.100	233.850	none	0.500	0.500	0.500	0	11	93.900	340.725
112	0	5	8	534.350	589.300	217.100	233.850	none	0.500	none	0.500	0	11	93.900	340.725
112	0	6	0	57.850	143.750	233.850	267.600	none	0.500	0.500	0.500	0	11	93.900	340.725
112	0	6	1	143.750	205.300	233.850	250.600	none	0.500	none	0.500	0	11	93.900	340.725
112	0	6	2	205.300	260.100	233.850	250.600	none	0.500	none	0.500	0	11	93.900	340.725
112	0	6	3	260.100	315.150	233.850	250.600	none	0.500	0.500	0.500	0	11	93.900	340.725
112	0	6	4	315.150	369.950	233.850	250.600	none	0.500	0.500	0.500	0	11	93.900	340.725
112	0	6	5	369.950	424.750	233.850	250.600	none	0.500	none	0.500	0	11	93.900	340.725
112	0	6	6	424.750	479.550	233.850	250.600	none	0.500	none	0.500	0	11	93.900	340.725
112	0	6	7	479.550	534.350	233.850	250.600	none	0.500	0.500	0.500	0	11	93.900	340.725
112	0	6	8	534.350	589.300	233.850	250.600	none	0.500	none	0.500	0	11	93.900	340.725
112	0	7	1	143.750	205.300	250.600	267.600	none	0.500	none	0.500	0	11	93.900	340.725
112	0	7	2	205.300	260.100	250.600	267.600	none	0.500	none	0.500	0	11	93.900	340.725
112	0	7	3	260.100	315.150	250.600	267.600	none	0.500	0.500	0.500	0	11	93.900	340.725
112	0	7	4	315.150	369.950	250.600	267.600	none	0.500	0.500	0.500	0	11	93.900	340.725
112	0	7	5	369.950	424.750	250.600	267.600	none	0.500	none	0.500	0	11	93.900	340.725
112	0	7	6	424.750	479.550	250.600	267.600	none	0.500	none	0.500	0	11	93.900	340.725
112	0	7	7	479.550	534.350	250.600	267.600	0.500	0.500	0.500	0.500	0	11	93.900	340.725
112	0	7	8	534.350	589.300	250.600	267.600	0.500	0.500	none	0.500	0	11	93.900	340.725
112	0	8	0	57.850	143.750	267.600	292.100	none	0.500	0.500	0.500	0	11	93.900	340.725
112	0	8	1	143.750	205.300	267.600	292.100	none	0.500	none	0.500	0	11	93.900	340.725
112	0	8	2	205.300	260.100	267.600	292.100	none	0.500	none	0.500	0	11	93.900	340.725
112	0	8	3	260.100	315.150	267.600	292.100	none	0.500	0.500	0.500	0	11	93.900	340.725
112	0	8	4	315.150	369.950	267.600	292.100	none	0.500	0.500	0.500	0	11	93.900	340.725
112	0	8	5	369.950	424.750	267.600	292.100	none	0.500	none	0.500	0	11	93.900	340.725
112	0	8	6	424.750	479.550	267.600	292.100	none	0.500	none	0.500	0	11	93.900	340.725
112	0	8	7	479.550	589.300	267.600	340.600	0.500	0.500	0.500	none	0	11	93.900	340.725
112	0	9	0	57.850	143.750	292.100	316.350	none	0.500	0.500	0.500	0	11	93.900	340.725
112	0	9	1	143.750	205.300	292.100	316.350	none	0.500	none	0.500	0	11	93.900	340.725
112	0	9	2	205.300	260.100	292.100	316.350	none	0.500	none	0.500	0	11	93.900	340.725
112	0	9	3	260.100	315.150	292.100	316.350	none	0.500	0.500	0.500	0	11	93.900	340.725
112	0	9	4	315.150	369.950	292.100	316.350	none	0.500	0.500	0.500	0	11	93.900	340.725
112	0	9	5	369.950	424.750	292.100	316.350	none	0.500	none	0.500	0	11	93.900	340.725
112	0	9	6	424.750	479.550	292.100	316.350	none	0.500	none	0.500	0	11	93.900	340.725
112	0	10	0	57.850	143.750	316.350	340.600	none	0.500	0.500	0.500	0	11	93.900	340.725
112	0	10	1	143.750	205.300	316.350	340.600	none	0.500	none	0.500	0	11	93.900	340.725
112	0	10	2	205.300	260.100	316.350	340.600	none	0.500	none	0.500	0	11	93.900	340.725
112	0	10	3	260.100	315.150	316.350	340.600	none	0.500	0.500	0.500	0	11	93.900	340.725
112	0	10	4	315.150	369.950	316.350	340.600	none	0.500	0.500	0.500	0	11	93.900	340.725
112	0	10	5	369.950	424.750	316.350	340.600	none	0.500	none	0.500	0	11	93.900	340.725
112	0	10	6	424.750	479.550	316.350	340.600	none	0.500	none	0.500	0	11	93.900	340.725
114	0	0	0	57.850	143.750	94.150	149.600	0.500	none	0.500	0.500	0	11	93.900	340.725
114	0	0	1	143.750	205.300	94.150	149.600	0.500	0.500	none	0.500	0	11	93.900	340.725
114	0	0	2	205.300	260.100	94.150	149.600	0.500	0.500	none	none	0	11	93.900	340.725
114	0	0	3	260.100	315.150	94.150	149.600	0.500	0.500	0.500	0.500	0	11	93.900	340.725
114	0	0	4	315.150	369.950	94.150	149.600	0.500	0.500	0.500	none	0	11	93.900	340.725
114	0	0	5	369.950	424.750	94.150	149.600	0.500	0.500	0.500	none	0	11	93.900	340.725
114	0	0	6	424.750	479.550	94.150	149.600	0.500	0.500	0.500	none	0	11	93.900	340.725
114	0	0	7	479.550	534.350	94.150	149.600	0.500	0.500	0.500	none	0	11	93.900	340.725
114	0	0	8	534.350	589.300	94.150	149.600	0.500	0.500	0.500	none	0	11	93.900	340.725
114	0	0	9	589.300	644.100	94.150	149.600	0.500	0.500	0.500	0.500	0	11	93.900	340.725
114	0	0	10	644.100	699.950	94.150	149.600	0.500	0.500	0.500	0.500	0	11	93.900	340.725
114	0	0	11	699.950	734.650	94.150	149.600	0.500	none	none	0.500	0	11	93.900	340.725
114	0	1	0	57.850	143.750	149.600	200.350	0.500	0.500	0.500	0.500	0	11	93.900	340.725
114	0	1	1	143.750	205.300	149.600	166.600	none	0.500	none	0.500	0	11	93.900	340.725
114	0	1	2	205.300	260.100	149.600	166.600	none	0.500	none	0.500	0	11	93.900	340.725
114	0	1	3	260.100	315.150	149.600	166.600	none	0.500	0.500	0.500	0	11	93.900	340.725
114	0	1	4	315.150	369.950	149.600	166.600	none	0.500	0.500	0.500	0	11	93.900	340.725
114	0	1	5	369.950	424.750	149.600	166.600	none	0.500	none	0.500	0	11	93.900	340.725
114	0	1	6	424.750	479.550	149.600	166.600	none	0.500	none	0.500	0	11	93.900	340.725
114	0	1	7	479.550	534.350	149.600	166.600	none	0.500	0.500	0.500	0	11	93.900	340.725
114	0	1	8	534.350	589.300	149.600	166.600	none	0.500	none	0.500	0	11	93.900	340.725
114	0	1	9	589.300	644.100	149.600	166.600	0.500	0.500	none	0.500	0	11	93.900	340.725
114	0	1	10	644.100	699.950	149.600	166.600	0.500	0.500	0.500	0.500	0	11	93.900	340.725
114	0	1	11	699.950	734.650	149.600	166.600	0.500	none	none	0.500	0	11	93.900	340.725
114	0	2	1	143.750	205.300	166.600	183.600	none	0.500	none	0.500	0	11	93.900	340.725
114	0	2	2	205.300	260.100	166.600	183.600	none	0.500	none	0.500	0	11	93.900	340.725
114	0	2	3	260.100	315.150	166.600	183.600	none	0.500	0.500	0.500	0	11	93.900	340.725
114	0	2	4	315.150	369.950	166.600	183.600	none	0.500	0.500	0.500	0	11	93.900	340.725
114	0	2	5	369.950	424.750	166.600	183.600	none	0.500	none	0.500	0	11	93.900	340.725
114	0	2	6	424.750	479.550	166.600	183.600	none	0.500	none	0.500	0	11	93.900	340.725
114	0	2	7	479.550	534.350	166.600	183.600	none	0.500	0.500	0.500	0	11	93.900	340.725
114	0	2	8	534.350	589.300	166.600	183.600	none	0.500	none	0.500	0	11	93.900	340.725
114	0	2	9	589.300	644.100	166.600	183.600	0.500	0.500	none	0.500	0	11	93.900	340.725
114	0	2	10	644.100	699.950	166.600	183.600	0.500	0.500	0.500	0.500	0	11	93.900	340.725
114	0	2	11	699.950	734.650	166.600	183.600	none	none	none	0.500	0	11	93.900	340.725
114	0	3	1	143.750	205.300	183.600	200.350	none	0.500	none	0.500	0	11	93.900	340.725
114	0	3	2	205.300	260.100	183.600	200.350	none	0.500	none	0.500	0	11	93.900	340.725
114	0	3	3	260.100	315.150	183.600	200.350	none	0.500	0.500	0.500	0	11	93.900	340.725
114	0	3	4	315.150	369.950	183.600	200.350	none	0.500	0.500	0.500	0	11	93.900	340.725
114	0	3	5	369.950	424.750	183.600	200.350	none	0.500	none	0.500	0	11	93.900	340.725
114	0	3	6	424.750	479.550	183.600	200.350	none	0.500	none	0.500	0	11	93.900	340.725
114	0	3	7	479.550	534.350	183.600	200.350	none	0.500	0.500	0.500	0	11	93.900	340.725
114	0	3	8	534.350	589.300	183.600	200.350	none	0.500	none	0.500	0	11	93.900	340.725
114	0	3	9	589.300	734.650	183.600	340.600	none	0.500	none	0.500	0	11	93.900	340.725
114	0	4	0	57.850	143.750	200.350	233.850	none	0.500	0.500	0.500	0	11	93.900	340.725
114	0	4	1	143.750	205.300	200.350	217.100	none	0.500	none	0.500	0	11	93.900	340.725
114	0	4	2	205.300	260.100	200.350	217.100	none	0.500	none	0.500	0	11	93.900	340.725
114	0	4	3	260.100	315.150	200.350	217.100	none	0.500	0.500	0.500	0	11	93.900	340.725
114	0	4	4	315.150	369.950	200.350	217.100	none	0.500	0.500	0.500	0	11	93.900	340.725
114	0	4	5	369.950	424.750	200.350	217.100	none	0.500	none	0.500	0	11	93.900	340.725
114	0	4	6	424.750	479.550	200.350	217.100	none	0.500	none	0.500	0	11	93.900	340.725
114	0	4	7	479.550	534.350	200.350	217.100	none	0.500	0.500	0.500	0	11	93.900	340.725
114	0	4	8	534.350	589.300	200.350	217.100	none	0.500	none	0.500	0	11	93.900	340.725
114	0	5	1	143.750	205.300	217.100	233.850	none	0.500	none	0.500	0	11	93.900	340.725
114	0	5	2	205.300	260.100	217.100	233.850	none	0.500	none	0.500	0	11	93.900	340.725
114	0	5	3	260.100	315.150	217.100	233.850	none	0.500	0.500	0.500	0	11	93.900	340.725
114	0	5	4	315.150	369.950	217.100	233.850	none	0.500	0.500	0.500	0	11	93.900	340.725
114	0	5	5	369.950	424.750	217.100	233.850	none	0.500	none	0.500	0	11	93.900	340.725
114	0	5	6	424.750	479.550	217.100	233.850	none	0.500	none	0.500	0	11	93.900	340.725
114	0	5	7	479.550	534.350	217.100	233.850	none	0.500	0.500	0.500	0	11	93.900	340.725
114	0	5	8	534.350	589.300	217.100	233.850	none	0.500	none	0.500	0	11	93.900	340.725
114	0	6	0	57.850	143.750	233.850	267.600	none	0.500	0.500	0.500	0	11	93.900	340.725
114	0	6	1	143.750	205.300	233.850	250.600	none	0.500	none	0.500	0	11	93.900	340.725
114	0	6	2	205.300	260.100	233.850	250.600	none	0.500	none	0.500	0	11	93.900	340.725
114	0	6	3	260.100	315.150	233.850	250.600	none	0.500	0.500	0.500	0	11	93.900	340.725
114	0	6	4	315.150	369.950	233.850	250.600	none	0.500	0.500	0.500	0	11	93.900	340.725
114	0	6	5	369.950	424.750	233.850	250.600	none	0.500	none	0.500	0	11	93.900	340.725
114	0	6	6	424.750	479.550	233.850	250.600	none	0.500	none	0.500	0	11	93.900	340.725
114	0	6	7	479.550	534.350	233.850	250.600	none	0.500	0.500	0.500	0	11	93.900	340.725
114	0	6	8	534.350	589.300	233.850	250.600	none	0.500	none	0.500	0	11	93.900	340.725
114	0	7	1	143.750	205.300	250.600	267.600	none	0.500	none	0.500	0	11	93.900	340.725
114	0	7	2	205.300	260.100	250.600	267.600	none	0.500	none	0.500	0	11	93.900	340.725
114	0	7	3	260.100	315.150	250.600	267.600	none	0.500	0.500	0.500	0	11	93.900	340.725
114	0	7	4	315.150	369.950	250.600	267.600	none	0.500	0.500	0.500	0	11	93.900	340.725
114	0	7	5	369.950	424.750	250.600	267.600	none	0.500	none	0.500	0	11	93.900	340.725
114	0	7	6	424.750	479.550	250.600	267.600	none	0.500	none	0.500	0	11	93.900	340.725
114	0	7	7	479.550	534.350	250.600	267.600	0.500	0.500	0.500	0.500	0	11	93.900	340.725
114	0	7	8	534.350	589.300	250.600	267.600	0.500	0.500	none	0.500	0	11	93.900	340.725
114	0	8	0	57.850	143.750	267.600	292.100	none	0.500	0.500	0.500	0	11	93.900	340.725
114	0	8	1	143.750	205.300	267.600	292.100	none	0.500	none	0.500	0	11	93.900	340.725
114	0	8	2	205.300	260.100	267.600	292.100	none	0.500	none	0.500	0	11	93.900	340.725
114	0	8	3	260.100	315.150	267.600	292.100	none	0.500	0.500	0.500	0	11	93.900	340.725
114	0	8	4	315.150	369.950	267.600	292.100	none	0.500	0.500	0.500	0	11	93.900	340.725
114	0	8	5	369.950	424.750	267.600	292.100	none	0.500	none	0.500	0	11	93.900	340.725
114	0	8	6	424.750	479.550	267.600	292.100	none	0.500	none	0.500	0	11	93.900	340.725
114	0	8	7	479.550	589.300	267.600	340.600	0.500	0.500	0.500	none	0	11	93.900	340.725
114	0	9	0	57.850	143.750	292.100	316.350	none	0.500	0.500	0.500	0	11	93.900	340.725
114	0	9	1	143.750	205.300	292.100	316.350	none	0.500	none	0.500	0	11	93.900	340.725
114	0	9	2	205.300	260.100	292.100	316.350	none	0.500	none	0.500	0	11	93.900	340.725
114	0	9	3	260.100	315.150	292.100	316.350	none	0.500	0.500	0.500	0	11	93.900	340.725
114	0	9	4	315.150	369.950	292.100	316.350	none	0.500	0.500	0.500	0	11	93.900	340.725
114	0	9	5	369.950	424.750	292.100	316.350	none	0.500	none	0.500	0	11	93.900	340.725
114	0	9	6	424.750	479.550	292.100	316.350	none	0.500	none	0.500	0	11	93.900	340.725
114	0	10	0	57.850	143.750	316.350	340.600	none	0.500	0.500	0.500	0	11	93.900	340.725
114	0	10	1	143.750	205.300	316.350	340.600	none	0.500	none	0.500	0	11	93.900	340.725
114	0	10	2	205.300	260.100	316.350	340.600	none	0.500	none	0.500	0	11	93.900	340.725
114	0	10	3	260.100	315.150	316.350	340.600	none	0.500	0.500	0.500	0	11	93.900	340.725
114	0	10	4	315.150	369.950	316.350	340.600	none	0.500	0.500	0.500	0	11	93.900	340.725
114	0	10	5	369.950	424.750	316.350	340.600	none	0.500	none	0.500	0	11	93.900	340.725
114	0	10	6	424.750	479.550	316.350	340.600	none	0.500	none	0.500	0	11	93.900	340.725
116	0	0	0	57.850	153.350	94.150	149.600	0.500	none	0.500	0.500	0	11	93.900	342.350
116	0	0	1	153.350	214.900	94.150	149.600	0.500	0.500	none	0.500	0	11	93.900	342.350
116	0	0	2	214.900	282.550	94.150	149.600	0.500	0.500	none	0.500	0	11	93.900	342.350
116	0	0	3	282.550	350.200	94.150	149.600	0.500	0.500	none	0.500	0	11	93.900	342.350
116	0	0	4	350.200	417.850	94.150	149.600	0.500	0.500	0.500	0.500	0	11	93.900	342.350
116	0	0	5	417.850	485.500	94.150	149.600	0.500	0.500	none	0.500	0	11	93.900	342.350
116	0	0	6	485.500	553.400	94.150	149.600	0.500	0.500	none	0.500	0	11	93.900	342.350
116	0	0	7	553.400	621.050	94.150	149.600	0.500	0.500	none	0.500	0	11	93.900	342.350
116	0	0	8	621.050	688.700	94.150	149.600	0.500	0.500	0.500	0.500	0	11	93.900	342.350
116	0	0	9	688.700	734.650	94.150	149.600	0.500	0.500	none	0.500	0	11	93.900	342.350
116	0	1	0	57.850	153.350	149.600	200.600	0.500	0.500	0.500	0.500	0	11	93.900	342.350
116	0	1	1	153.350	214.900	149.600	166.600	none	0.500	none	0.500	0	11	93.900	342.350
116	0	1	2	214.900	282.550	149.600	166.600	none	0.500	none	0.500	0	11	93.900	342.350
116	0	1	3	282.550	350.200	149.600	166.600	0.500	0.500	none	0.500	0	11	93.900	342.350
116	0	1	4	350.200	417.850	149.600	166.600	none	0.500	0.500	0.500	0	11	93.900	342.350
116	0	1	5	417.850	485.500	149.600	166.600	none	0.500	none	0.500	0	11	93.900	342.350
116	0	1	6	485.500	553.400	149.600	166.600	none	0.500	none	0.500	0	11	93.900	342.350
116	0	1	7	553.400	621.050	149.600	166.600	0.500	0.500	none	0.500	0	11	93.900	342.350
116	0	1	8	621.050	688.700	149.600	166.600	0.500	0.500	0.500	0.500	0	11	93.900	342.350
116	0	1	9	688.700	734.650	149.600	166.600	none	none	none	0.500	0	11	93.900	342.350
116	0	2	1	153.350	214.900	166.600	183.600	none	0.500	none	0.500	0	11	93.900	342.350
116	0	2	2	214.900	282.550	166.600	183.600	none	0.500	none	0.500	0	11	93.900	342.350
116	0	2	3	282.550	350.200	166.600	183.600	0.500	0.500	none	0.500	0	11	93.900	342.350
116	0	2	4	350.200	417.850	166.600	183.600	none	0.500	0.500	0.500	0	11	93.900	342.350
116	0	2	5	417.850	485.500	166.600	183.600	none	0.500	none	0.500	0	11	93.900	342.350
116	0	2	6	485.500	553.400	166.600	183.600	none	0.500	none	0.500	0	11	93.900	342.350
116	0	2	7	553.400	621.050	166.600	183.600	0.500	0.500	none	0.500	0	11	93.900	342.350
116	0	2	8	621.050	688.700	166.600	183.600	0.500	0.500	0.500	0.500	0	11	93.900	342.350
116	0	2	9	688.700	734.650	166.600	183.600	none	none	none	0.500	0	11	93.900	342.350
116	0	3	1	153.350	214.900	183.600	200.600	none	0.500	none	0.500	0	11	93.900	342.350
116	0	3	2	214.900	282.550	183.600	200.600	none	0.500	none	0.500	0	11	93.900	342.350
116	0	3	3	282.550	350.200	183.600	200.600	0.500	0.500	none	0.500	0	11	93.900	342.350
116	0	3	4	350.200	417.850	183.600	200.600	none	0.500	0.500	0.500	0	11	93.900	342.350
116	0	3	5	417.850	485.500	183.600	200.600	none	0.500	none	0.500	0	11	93.900	342.350
116	0	3	6	485.500	553.400	183.600	200.600	none	0.500	none	0.500	0	11	93.900	342.350
116	0	3	7	553.400	734.650	183.600	342.100	none	0.500	none	0.500	0	11	93.900	342.350
116	0	4	0	57.850	153.350	200.600	234.600	none	0.500	0.500	0.500	0	11	93.900	342.350
116	0	4	1	153.350	214.900	200.600	217.600	none	0.500	none	0.500	0	11	93.900	342.350
116	0	4	2	214.900	282.550	200.600	217.600	none	0.500	none	0.500	0	11	93.900	342.350
116	0	4	3	282.550	350.200	200.600	217.600	0.500	0.500	none	0.500	0	11	93.900	342.350
116	0	4	4	350.200	417.850	200.600	217.600	none	0.500	0.500	0.500	0	11	93.900	342.350
116	0	4	5	417.850	485.500	200.600	217.600	none	0.500	none	0.500	0	11	93.900	342.350
116	0	4	6	485.500	553.400	200.600	217.600	none	0.500	none	0.500	0	11	93.900	342.350
116	0	5	1	153.350	214.900	217.600	234.600	none	0.500	none	0.500	0	11	93.900	342.350
116	0	5	2	214.900	282.550	217.600	234.600	none	0.500	none	0.500	0	11	93.900	342.350
116	0	5	3	282.550	350.200	217.600	234.600	0.500	0.500	none	0.500	0	11	93.900	342.350
116	0	5	4	350.200	417.850	217.600	234.600	none	0.500	0.500	0.500	0	11	93.900	342.350
116	0	5	5	417.850	485.500	217.600	234.600	none	0.500	none	0.500	0	11	93.900	342.350
116	0	5	6	485.500	553.400	217.600	234.600	none	0.500	none	0.500	0	11	93.900	342.350
116	0	6	0	57.850	153.350	234.600	268.600	none	0.500	0.500	0.500	0	11	93.900	342.350
116	0	6	1	153.350	214.900	234.600	251.600	none	0.500	none	0.500	0	11	93.900	342.350
116	0	6	2	214.900	282.550	234.600	251.600	none	0.500	none	0.500	0	11	93.900	342.350
116	0	6	3	282.550	350.200	234.600	251.600	0.500	0.500	none	0.500	0	11	93.900	342.350
116	0	6	4	350.200	417.850	234.600	251.600	none	0.500	0.500	0.500	0	11	93.900	342.350
116	0	6	5	417.850	485.500	234.600	251.600	none	0.500	none	0.500	0	11	93.900	342.350
116	0	6	6	485.500	553.400	234.600	251.600	none	0.500	none	0.500	0	11	93.900	342.350
116	0	7	1	153.350	214.900	251.600	268.600	none	0.500	none	0.500	0	11	93.900	342.350
116	0	7	2	214.900	282.550	251.600	268.600	none	0.500	none	0.500	0	11	93.900	342.350
116	0	7	3	282.550	350.200	251.600	268.600	0.500	0.500	none	0.500	0	11	93.900	342.350
116	0	7	4	350.200	417.850	251.600	268.600	none	0.500	0.500	0.500	0	11	93.900	342.350
116	0	7	5	417.850	485.500	251.600	268.600	none	0.500	none	0.500	0	11	93.900	342.350
116	0	7	6	485.500	553.400	251.600	268.600	none	0.500	none	0.500	0	11	93.900	342.350
116	0	8	0	57.850	153.350	268.600	293.100	none	0.500	0.500	0.500	0	11	93.900	342.350
116	0	8	1	153.350	214.900	268.600	293.100	none	0.500	none	0.500	0	11	93.900	342.350
116	0	8	2	214.900	282.550	268.600	293.100	none	0.500	none	0.500	0	11	93.900	342.350
116	0	8	3	282.550	350.200	268.600	293.100	0.500	0.500	none	0.500	0	11	93.900	342.350
116	0	8	4	350.200	417.850	268.600	293.100	none	0.500	0.500	0.500	0	11	93.900	342.350
116	0	8	5	417.850	553.400	268.600	293.100	0.500	none	none	none	0	11	93.900	342.350
116	0	9	0	57.850	153.350	293.100	317.600	0.500	0.500	0.500	0.500	0	11	93.900	342.350
116	0	9	1	153.350	214.900	293.100	317.600	0.500	0.500	none	0.500	0	11	93.900	342.350
116	0	9	2	214.900	282.550	293.100	317.600	0.500	0.500	none	0.500	0	11	93.900	342.350
116	0	9	3	282.550	350.200	293.100	317.600	0.500	0.500	none	0.500	0	11	93.900	342.350
116	0	9	4	350.200	417.850	293.100	317.600	0.500	0.500	0.500	0.500	0	11	93.900	342.350
116	0	9	5	417.850	485.500	293.100	317.600	none	none	none	none	0	11	93.900	342.350
116	0	9	6	485.500	553.400	293.100	317.600	none	none	none	none	0	11	93.900	342.350
116	0	10	0	57.850	153.350	317.600	342.100	0.500	0.500	0.500	0.500	0	11	93.900	342.350
116	0	10	1	153.350	214.900	317.600	342.100	0.500	0.500	none	0.500	0	11	93.900	342.350
116	0	10	2	214.900	282.550	317.600	342.100	0.500	0.500	none	0.500	0	11	93.900	342.350
116	0	10	3	282.550	350.200	317.600	342.100	0.500	0.500	none	0.500	0	11	93.900	342.350
116	0	10	4	350.200	417.850	317.600	342.100	0.500	0.500	0.500	0.500	0	11	93.900	342.350
116	0	10	5	417.850	553.400	317.600	342.100	none	0.500	none	none	0	11	93.900	342.350
118	0	0	0	57.850	143.750	94.150	149.600	0.500	none	0.500	0.500	0	11	93.900	340.725
118	0	0	1	143.750	205.300	94.150	149.600	0.500	0.500	none	0.500	0	11	93.900	340.725
118	0	0	2	205.300	260.100	94.150	149.600	0.500	0.500	none	none	0	11	93.900	340.725
118	0	0	3	260.100	315.150	94.150	149.600	0.500	0.500	0.500	0.500	0	11	93.900	340.725
118	0	0	4	315.150	369.950	94.150	149.600	0.500	0.500	0.500	none	0	11	93.900	340.725
118	0	0	5	369.950	424.750	94.150	149.600	0.500	0.500	0.500	none	0	11	93.900	340.725
118	0	0	6	424.750	479.550	94.150	149.600	0.500	0.500	0.500	none	0	11	93.900	340.725
118	0	0	7	479.550	534.350	94.150	149.600	0.500	0.500	0.500	none	0	11	93.900	340.725
118	0	0	8	534.350	589.300	94.150	149.600	0.500	0.500	0.500	none	0	11	93.900	340.725
118	0	0	9	589.300	644.100	94.150	149.600	0.500	0.500	0.500	0.500	0	11	93.900	340.725
118	0	0	10	644.100	699.950	94.150	149.600	0.500	0.500	0.500	0.500	0	11	93.900	340.725
118	0	0	11	699.950	734.650	94.150	149.600	0.500	none	none	0.500	0	11	93.900	340.725
118	0	1	0	57.850	143.750	149.600	200.350	0.500	0.500	0.500	0.500	0	11	93.900	340.725
118	0	1	1	143.750	205.300	149.600	166.600	none	0.500	none	0.500	0	11	93.900	340.725
118	0	1	2	205.300	260.100	149.600	166.600	none	0.500	none	0.500	0	11	93.900	340.725
118	0	1	3	260.100	315.150	149.600	166.600	none	0.500	0.500	0.500	0	11	93.900	340.725
118	0	1	4	315.150	369.950	149.600	166.600	none	0.500	0.500	0.500	0	11	93.900	340.725
118	0	1	5	369.950	424.750	149.600	166.600	none	0.500	none	0.500	0	11	93.900	340.725
118	0	1	6	424.750	479.550	149.600	166.600	none	0.500	none	0.500	0	11	93.900	340.725
118	0	1	7	479.550	534.350	149.600	166.600	none	0.500	0.500	0.500	0	11	93.900	340.725
118	0	1	8	534.350	589.300	149.600	166.600	none	0.500	none	0.500	0	11	93.900	340.725
118	0	1	9	589.300	644.100	149.600	166.600	0.500	0.500	none	0.500	0	11	93.900	340.725
118	0	1	10	644.100	699.950	149.600	166.600	0.500	0.500	0.500	0.500	0	11	93.900	340.725
118	0	1	11	699.950	734.650	149.600	166.600	0.500	none	none	0.500	0	11	93.900	340.725
118	0	2	1	143.750	205.300	166.600	183.600	none	0.500	none	0.500	0	11	93.900	340.725
118	0	2	2	205.300	260.100	166.600	183.600	none	0.500	none	0.500	0	11	93.900	340.725
118	0	2	3	260.100	315.150	166.600	183.600	none	0.500	0.500	0.500	0	11	93.900	340.725
118	0	2	4	315.150	369.950	166.600	183.600	none	0.500	0.500	0.500	0	11	93.900	340.725
118	0	2	5	369.950	424.750	166.600	183.600	none	0.500	none	0.500	0	11	93.900	340.725
118	0	2	6	424.750	479.550	166.600	183.600	none	0.500	none	0.500	0	11	93.900	340.725
118	0	2	7	479.550	534.350	166.600	183.600	none	0.500	0.500	0.500	0	11	93.900	340.725
118	0	2	8	534.350	589.300	166.600	183.600	none	0.500	none	0.500	0	11	93.900	340.725
118	0	2	9	589.300	644.100	166.600	183.600	0.500	0.500	none	0.500	0	11	93.900	340.725
118	0	2	10	644.100	699.950	166.600	183.600	0.500	0.500	0.500	0.500	0	11	93.900	340.725
118	0	2	11	699.950	734.650	166.600	183.600	none	none	none	0.500	0	11	93.900	340.725
118	0	3	1	143.750	205.300	183.600	200.350	none	0.500	none	0.500	0	11	93.900	340.725
118	0	3	2	205.300	260.100	183.600	200.350	none	0.500	none	0.500	0	11	93.900	340.725
118	0	3	3	260.100	315.150	183.600	200.350	none	0.500	0.500	0.500	0	11	93.900	340.725
118	0	3	4	315.150	369.950	183.600	200.350	none	0.500	0.500	0.500	0	11	93.900	340.725
118	0	3	5	369.950	424.750	183.600	200.350	none	0.500	none	0.500	0	11	93.900	340.725
118	0	3	6	424.750	479.550	183.600	200.350	none	0.500	none	0.500	0	11	93.900	340.725
118	0	3	7	479.550	534.350	183.600	200.350	none	0.500	0.500	0.500	0	11	93.900	340.725
118	0	3	8	534.350	589.300	183.600	200.350	none	0.500	none	0.500	0	11	93.900	340.725
118	0	3	9	589.300	734.650	183.600	340.600	none	0.500	none	0.500	0	11	93.900	340.725
118	0	4	0	57.850	143.750	200.350	233.850	none	0.500	0.500	0.500	0	11	93.900	340.725
118	0	4	1	143.750	205.300	200.350	217.100	none	0.500	none	0.500	0	11	93.900	340.725
118	0	4	2	205.300	260.100	200.350	217.100	none	0.500	none	0.500	0	11	93.900	340.725
118	0	4	3	260.100	315.150	200.350	217.100	none	0.500	0.500	0.500	0	11	93.900	340.725
118	0	4	4	315.150	369.950	200.350	217.100	none	0.500	0.500	0.500	0	11	93.900	340.725
118	0	4	5	369.950	424.750	200.350	217.100	none	0.500	none	0.500	0	11	93.900	340.725
118	0	4	6	424.750	479.550	200.350	217.100	none	0.500	none	0.500	0	11	93.900	340.725
118	0	4	7	479.550	534.350	200.350	217.100	none	0.500	0.500	0.500	0	11	93.900	340.725
118	0	4	8	534.350	589.300	200.350	217.100	none	0.500	none	0.500	0	11	93.900	340.725
118	0	5	1	143.750	205.300	217.100	233.850	none	0.500	none	0.500	0	11	93.900	340.725
118	0	5	2	205.300	260.100	217.100	233.850	none	0.500	none	0.500	0	11	93.900	340.725
118	0	5	3	260.100	315.150	217.100	233.850	none	0.500	0.500	0.500	0	11	93.900	340.725
118	0	5	4	315.150	369.950	217.100	233.850	none	0.500	0.500	0.500	0	11	93.900	340.725
118	0	5	5	369.950	424.750	217.100	233.850	none	0.500	none	0.500	0	11	93.900	340.725
118	0	5	6	424.750	479.550	217.100	233.850	none	0.500	none	0.500	0	11	93.900	340.725
118	0	5	7	479.550	534.350	217.100	233.850	none	0.500	0.500	0.500	0	11	93.900	340.725
118	0	5	8	534.350	589.300	217.100	233.850	none	0.500	none	0.500	0	11	93.900	340.725
118	0	6	0	57.850	143.750	233.850	267.600	none	0.500	0.500	0.500	0	11	93.900	340.725
118	0	6	1	143.750	205.300	233.850	250.600	none	0.500	none	0.500	0	11	93.900	340.725
118	0	6	2	205.300	260.100	233.850	250.600	none	0.500	none	0.500	0	11	93.900	340.725
118	0	6	3	260.100	315.150	233.850	250.600	none	0.500	0.500	0.500	0	11	93.900	340.725
118	0	6	4	315.150	369.950	233.850	250.600	none	0.500	0.500	0.500	0	11	93.900	340.725
118	0	6	5	369.950	424.750	233.850	250.600	none	0.500	none	0.500	0	11	93.900	340.725
118	0	6	6	424.750	479.550	233.850	250.600	none	0.500	none	0.500	0	11	93.900	340.725
118	0	6	7	479.550	534.350	233.850	250.600	none	0.500	0.500	0.500	0	11	93.900	340.725
118	0	6	8	534.350	589.300	233.850	250.600	none	0.500	none	0.500	0	11	93.900	340.725
118	0	7	1	143.750	205.300	250.600	267.600	none	0.500	none	0.500	0	11	93.900	340.725
118	0	7	2	205.300	260.100	250.600	267.600	none	0.500	none	0.500	0	11	93.900	340.725
118	0	7	3	260.100	315.150	250.600	267.600	none	0.500	0.500	0.500	0	11	93.900	340.725
118	0	7	4	315.150	369.950	250.600	267.600	none	0.500	0.500	0.500	0	11	93.900	340.725
118	0	7	5	369.950	424.750	250.600	267.600	none	0.500	none	0.500	0	11	93.900	340.725
118	0	7	6	424.750	479.550	250.600	267.600	none	0.500	none	0.500	0	11	93.900	340.725
118	0	7	7	479.550	534.350	250.600	267.600	0.500	0.500	0.500	0.500	0	11	93.900	340.725
118	0	7	8	534.350	589.300	250.600	267.600	0.500	0.500	none	0.500	0	11	93.900	340.725
118	0	8	0	57.850	143.750	267.600	292.100	none	0.500	0.500	0.500	0	11	93.900	340.725
118	0	8	1	143.750	205.300	267.600	292.100	none	0.500	none	0.500	0	11	93.900	340.725
118	0	8	2	205.300	260.100	267.600	292.100	none	0.500	none	0.500	0	11	93.900	340.725
118	0	8	3	260.100	315.150	267.600	292.100	none	0.500	0.500	0.500	0	11	93.900	340.725
118	0	8	4	315.150	369.950	267.600	292.100	none	0.500	0.500	0.500	0	11	93.900	340.725
118	0	8	5	369.950	424.750	267.600	292.100	none	0.500	none	0.500	0	11	93.900	340.725
118	0	8	6	424.750	479.550	267.600	292.100	none	0.500	none	0.500	0	11	93.900	340.725
118	0	8	7	479.550	589.300	267.600	340.600	0.500	0.500	0.500	none	0	11	93.900	340.725
118	0	9	0	57.850	143.750	292.100	316.350	none	0.500	0.500	0.500	0	11	93.900	340.725
118	0	9	1	143.750	205.300	292.100	316.350	none	0.500	none	0.500	0	11	93.900	340.725
118	0	9	2	205.300	260.100	292.100	316.350	none	0.500	none	0.500	0	11	93.900	340.725
118	0	9	3	260.100	315.150	292.100	316.350	none	0.500	0.500	0.500	0	11	93.900	340.725
118	0	9	4	315.150	369.950	292.100	316.350	none	0.500	0.500	0.500	0	11	93.900	340.725
118	0	9	5	369.950	424.750	292.100	316.350	none	0.500	none	0.500	0	11	93.900	340.725
118	0	9	6	424.750	479.550	292.100	316.350	none	0.500	none	0.500	0	11	93.900	340.725
118	0	10	0	57.850	143.750	316.350	340.600	none	0.500	0.500	0.500	0	11	93.900	340.725
118	0	10	1	143.750	205.300	316.350	340.600	none	0.500	none	0.500	0	11	93.900	340.725
118	0	10	2	205.300	260.100	316.350	340.600	none	0.500	none	0.500	0	11	93.900	340.725
118	0	10	3	260.100	315.150	316.350	340.600	none	0.500	0.500	0.500	0	11	93.900	340.725
118	0	10	4	315.150	369.950	316.350	340.600	none	0.500	0.500	0.500	0	11	93.900	340.725
118	0	10	5	369.950	424.750	316.350	340.600	none	0.500	none	0.500	0	11	93.900	340.725
118	0	10	6	424.750	479.550	316.350	340.600	none	0.500	none	0.500	0	11	93.900	340.725
120	0	0	0	57.850	143.750	94.150	149.600	0.500	none	0.500	0.500	0	11	93.900	340.725
120	0	0	1	143.750	205.300	94.150	149.600	0.500	0.500	none	0.500	0	11	93.900	340.725
120	0	0	2	205.300	260.100	94.150	149.600	0.500	0.500	none	none	0	11	93.900	340.725
120	0	0	3	260.100	315.150	94.150	149.600	0.500	0.500	0.500	0.500	0	11	93.900	340.725
120	0	0	4	315.150	369.950	94.150	149.600	0.500	0.500	0.500	none	0	11	93.900	340.725
120	0	0	5	369.950	424.750	94.150	149.600	0.500	0.500	0.500	none	0	11	93.900	340.725
120	0	0	6	424.750	479.550	94.150	149.600	0.500	0.500	0.500	none	0	11	93.900	340.725
120	0	0	7	479.550	534.350	94.150	149.600	0.500	0.500	0.500	none	0	11	93.900	340.725
120	0	0	8	534.350	589.300	94.150	149.600	0.500	0.500	0.500	none	0	11	93.900	340.725
120	0	0	9	589.300	644.100	94.150	149.600	0.500	0.500	0.500	0.500	0	11	93.900	340.725
120	0	0	10	644.100	699.950	94.150	149.600	0.500	0.500	0.500	0.500	0	11	93.900	340.725
120	0	0	11	699.950	734.650	94.150	149.600	0.500	none	none	0.500	0	11	93.900	340.725
120	0	1	0	57.850	143.750	149.600	200.350	0.500	0.500	0.500	0.500	0	11	93.900	340.725
120	0	1	1	143.750	205.300	149.600	166.600	none	0.500	none	0.500	0	11	93.900	340.725
120	0	1	2	205.300	260.100	149.600	166.600	none	0.500	none	0.500	0	11	93.900	340.725
120	0	1	3	260.100	315.150	149.600	166.600	none	0.500	0.500	0.500	0	11	93.900	340.725
120	0	1	4	315.150	369.950	149.600	166.600	none	0.500	0.500	0.500	0	11	93.900	340.725
120	0	1	5	369.950	424.750	149.600	166.600	none	0.500	none	0.500	0	11	93.900	340.725
120	0	1	6	424.750	479.550	149.600	166.600	none	0.500	none	0.500	0	11	93.900	340.725
120	0	1	7	479.550	534.350	149.600	166.600	none	0.500	0.500	0.500	0	11	93.900	340.725
120	0	1	8	534.350	589.300	149.600	166.600	none	0.500	none	0.500	0	11	93.900	340.725
120	0	1	9	589.300	644.100	149.600	166.600	0.500	0.500	none	0.500	0	11	93.900	340.725
120	0	1	10	644.100	699.950	149.600	166.600	0.500	0.500	0.500	0.500	0	11	93.900	340.725
120	0	1	11	699.950	734.650	149.600	166.600	0.500	none	none	0.500	0	11	93.900	340.725
120	0	2	1	143.750	205.300	166.600	183.600	none	0.500	none	0.500	0	11	93.900	340.725
120	0	2	2	205.300	260.100	166.600	183.600	none	0.500	none	0.500	0	11	93.900	340.725
120	0	2	3	260.100	315.150	166.600	183.600	none	0.500	0.500	0.500	0	11	93.900	340.725
120	0	2	4	315.150	369.950	166.600	183.600	none	0.500	0.500	0.500	0	11	93.900	340.725
120	0	2	5	369.950	424.750	166.600	183.600	none	0.500	none	0.500	0	11	93.900	340.725
120	0	2	6	424.750	479.550	166.600	183.600	none	0.500	none	0.500	0	11	93.900	340.725
120	0	2	7	479.550	534.350	166.600	183.600	none	0.500	0.500	0.500	0	11	93.900	340.725
120	0	2	8	534.350	589.300	166.600	183.600	none	0.500	none	0.500	0	11	93.900	340.725
120	0	2	9	589.300	644.100	166.600	183.600	0.500	0.500	none	0.500	0	11	93.900	340.725
120	0	2	10	644.100	699.950	166.600	183.600	0.500	0.500	0.500	0.500	0	11	93.900	340.725
120	0	2	11	699.950	734.650	166.600	183.600	none	none	none	0.500	0	11	93.900	340.725
120	0	3	1	143.750	205.300	183.600	200.350	none	0.500	none	0.500	0	11	93.900	340.725
120	0	3	2	205.300	260.100	183.600	200.350	none	0.500	none	0.500	0	11	93.900	340.725
120	0	3	3	260.100	315.150	183.600	200.350	none	0.500	0.500	0.500	0	11	93.900	340.725
120	0	3	4	315.150	369.950	183.600	200.350	none	0.500	0.500	0.500	0	11	93.900	340.725
120	0	3	5	369.950	424.750	183.600	200.350	none	0.500	none	0.500	0	11	93.900	340.725
120	0	3	6	424.750	479.550	183.600	200.350	none	0.500	none	0.500	0	11	93.900	340.725
120	0	3	7	479.550	534.350	183.600	200.350	none	0.500	0.500	0.500	0	11	93.900	340.725
120	0	3	8	534.350	589.300	183.600	200.350	none	0.500	none	0.500	0	11	93.900	340.725
120	0	3	9	589.300	734.650	183.600	340.600	none	0.500	none	0.500	0	11	93.900	340.725
120	0	4	0	57.850	143.750	200.350	233.850	none	0.500	0.500	0.500	0	11	93.900	340.725
120	0	4	1	143.750	205.300	200.350	217.100	none	0.500	none	0.500	0	11	93.900	340.725
120	0	4	2	205.300	260.100	200.350	217.100	none	0.500	none	0.500	0	11	93.900	340.725
120	0	4	3	260.100	315.150	200.350	217.100	none	0.500	0.500	0.500	0	11	93.900	340.725
120	0	4	4	315.150	369.950	200.350	217.100	none	0.500	0.500	0.500	0	11	93.900	340.725
120	0	4	5	369.950	424.750	200.350	217.100	none	0.500	none	0.500	0	11	93.900	340.725
120	0	4	6	424.750	479.550	200.350	217.100	none	0.500	none	0.500	0	11	93.900	340.725
120	0	4	7	479.550	534.350	200.350	217.100	none	0.500	0.500	0.500	0	11	93.900	340.725
120	0	4	8	534.350	589.300	200.350	217.100	none	0.500	none	0.500	0	11	93.900	340.725
120	0	5	1	143.750	205.300	217.100	233.850	none	0.500	none	0.500	0	11	93.900	340.725
120	0	5	2	205.300	260.100	217.100	233.850	none	0.500	none	0.500	0	11	93.900	340.725
120	0	5	3	260.100	315.150	217.100	233.850	none	0.500	0.500	0.500	0	11	93.900	340.725
120	0	5	4	315.150	369.950	217.100	233.850	none	0.500	0.500	0.500	0	11	93.900	340.725
120	0	5	5	369.950	424.750	217.100	233.850	none	0.500	none	0.500	0	11	93.900	340.725
120	0	5	6	424.750	479.550	217.100	233.850	none	0.500	none	0.500	0	11	93.900	340.725
120	0	5	7	479.550	534.350	217.100	233.850	none	0.500	0.500	0.500	0	11	93.900	340.725
120	0	5	8	534.350	589.300	217.100	233.850	none	0.500	none	0.500	0	11	93.900	340.725
120	0	6	0	57.850	143.750	233.850	267.600	none	0.500	0.500	0.500	0	11	93.900	340.725
120	0	6	1	143.750	205.300	233.850	250.600	none	0.500	none	0.500	0	11	93.900	340.725
120	0	6	2	205.300	260.100	233.850	250.600	none	0.500	none	0.500	0	11	93.900	340.725
120	0	6	3	260.100	315.150	233.850	250.600	none	0.500	0.500	0.500	0	11	93.900	340.725
120	0	6	4	315.150	369.950	233.850	250.600	none	0.500	0.500	0.500	0	11	93.900	340.725
120	0	6	5	369.950	424.750	233.850	250.600	none	0.500	none	0.500	0	11	93.900	340.725
120	0	6	6	424.750	479.550	233.850	250.600	none	0.500	none	0.500	0	11	93.900	340.725
120	0	6	7	479.550	534.350	233.850	250.600	none	0.500	0.500	0.500	0	11	93.900	340.725
120	0	6	8	534.350	589.300	233.850	250.600	none	0.500	none	0.500	0	11	93.900	340.725
120	0	7	1	143.750	205.300	250.600	267.600	none	0.500	none	0.500	0	11	93.900	340.725
120	0	7	2	205.300	260.100	250.600	267.600	none	0.500	none	0.500	0	11	93.900	340.725
120	0	7	3	260.100	315.150	250.600	267.600	none	0.500	0.500	0.500	0	11	93.900	340.725
120	0	7	4	315.150	369.950	250.600	267.600	none	0.500	0.500	0.500	0	11	93.900	340.725
120	0	7	5	369.950	424.750	250.600	267.600	none	0.500	none	0.500	0	11	93.900	340.725
120	0	7	6	424.750	479.550	250.600	267.600	none	0.500	none	0.500	0	11	93.900	340.725
120	0	7	7	479.550	534.350	250.600	267.600	0.500	0.500	0.500	0.500	0	11	93.900	340.725
120	0	7	8	534.350	589.300	250.600	267.600	0.500	0.500	none	0.500	0	11	93.900	340.725
120	0	8	0	57.850	143.750	267.600	292.100	none	0.500	0.500	0.500	0	11	93.900	340.725
120	0	8	1	143.750	205.300	267.600	292.100	none	0.500	none	0.500	0	11	93.900	340.725
120	0	8	2	205.300	260.100	267.600	292.100	none	0.500	none	0.500	0	11	93.900	340.725
120	0	8	3	260.100	315.150	267.600	292.100	none	0.500	0.500	0.500	0	11	93.900	340.725
120	0	8	4	315.150	369.950	267.600	292.100	none	0.500	0.500	0.500	0	11	93.900	340.725
120	0	8	5	369.950	424.750	267.600	292.100	none	0.500	none	0.500	0	11	93.900	340.725
120	0	8	6	424.750	479.550	267.600	292.100	none	0.500	none	0.500	0	11	93.900	340.725
120	0	8	7	479.550	589.300	267.600	340.600	0.500	0.500	0.500	none	0	11	93.900	340.725
120	0	9	0	57.850	143.750	292.100	316.350	none	0.500	0.500	0.500	0	11	93.900	340.725
120	0	9	1	143.750	205.300	292.100	316.350	none	0.500	none	0.500	0	11	93.900	340.725
120	0	9	2	205.300	260.100	292.100	316.350	none	0.500	none	0.500	0	11	93.900	340.725
120	0	9	3	260.100	315.150	292.100	316.350	none	0.500	0.500	0.500	0	11	93.900	340.725
120	0	9	4	315.150	369.950	292.100	316.350	none	0.500	0.500	0.500	0	11	93.900	340.725
120	0	9	5	369.950	424.750	292.100	316.350	none	0.500	none	0.500	0	11	93.900	340.725
120	0	9	6	424.750	479.550	292.100	316.350	none	0.500	none	0.500	0	11	93.900	340.725
120	0	10	0	57.850	143.750	316.350	340.600	none	0.500	0.500	0.500	0	11	93.900	340.725
120	0	10	1	143.750	205.300	316.350	340.600	none	0.500	none	0.500	0	11	93.900	340.725
120	0	10	2	205.300	260.100	316.350	340.600	none	0.500	none	0.500	0	11	93.900	340.725
120	0	10	3	260.100	315.150	316.350	340.600	none	0.500	0.500	0.500	0	11	93.900	340.725
120	0	10	4	315.150	369.950	316.350	340.600	none	0.500	0.500	0.500	0	11	93.900	340.725
120	0	10	5	369.950	424.750	316.350	340.600	none	0.500	none	0.500	0	11	93.900	340.725
120	0	10	6	424.750	479.550	316.350	340.600	none	0.500	none	0.500	0	11	93.900	340.725
123	0	0	0	57.850	143.750	94.150	149.600	0.500	none	0.500	0.500	0	7	93.900	258.600
123	0	0	1	143.750	205.300	94.150	149.600	0.500	0.500	none	0.500	0	7	93.900	258.600
123	0	0	2	205.300	260.100	94.150	149.600	0.500	0.500	none	none	0	7	93.900	258.600
123	0	0	3	260.100	315.150	94.150	149.600	0.500	0.500	0.500	0.500	0	7	93.900	258.600
123	0	0	4	315.150	369.950	94.150	149.600	0.500	0.500	0.500	none	0	7	93.900	258.600
123	0	0	5	369.950	424.750	94.150	149.600	0.500	0.500	0.500	none	0	7	93.900	258.600
123	0	0	6	424.750	479.550	94.150	149.600	0.500	0.500	0.500	none	0	7	93.900	258.600
123	0	0	7	479.550	534.350	94.150	149.600	0.500	0.500	0.500	none	0	7	93.900	258.600
123	0	0	8	534.350	589.300	94.150	149.600	0.500	0.500	0.500	none	0	7	93.900	258.600
123	0	0	9	589.300	644.100	94.150	149.600	0.500	0.500	0.500	0.500	0	7	93.900	258.600
123	0	0	10	644.100	699.950	94.150	149.600	0.500	0.500	0.500	0.500	0	7	93.900	258.600
123	0	0	11	699.950	734.650	94.150	149.600	0.500	none	none	0.500	0	7	93.900	258.600
123	0	1	0	57.850	143.750	149.600	200.350	0.500	0.500	0.500	0.500	0	7	93.900	258.600
123	0	1	1	143.750	205.300	149.600	166.600	none	0.500	none	0.500	0	7	93.900	258.600
123	0	1	2	205.300	260.100	149.600	166.600	none	0.500	none	0.500	0	7	93.900	258.600
123	0	1	3	260.100	315.150	149.600	166.600	none	0.500	0.500	0.500	0	7	93.900	258.600
123	0	1	4	315.150	369.950	149.600	166.600	none	0.500	0.500	0.500	0	7	93.900	258.600
123	0	1	5	369.950	424.750	149.600	166.600	none	0.500	none	0.500	0	7	93.900	258.600
123	0	1	6	424.750	479.550	149.600	166.600	none	0.500	none	0.500	0	7	93.900	258.600
123	0	1	7	479.550	534.350	149.600	166.600	none	0.500	0.500	0.500	0	7	93.900	258.600
123	0	1	8	534.350	589.300	149.600	166.600	none	0.500	none	0.500	0	7	93.900	258.600
123	0	1	9	589.300	644.100	149.600	166.600	0.500	0.500	none	0.500	0	7	93.900	258.600
123	0	1	10	644.100	699.950	149.600	166.600	0.500	0.500	0.500	0.500	0	7	93.900	258.600
123	0	1	11	699.950	734.650	149.600	166.600	0.500	none	none	0.500	0	7	93.900	258.600
123	0	2	1	143.750	205.300	166.600	183.600	none	0.500	none	0.500	0	7	93.900	258.600
123	0	2	2	205.300	260.100	166.600	183.600	none	0.500	none	0.500	0	7	93.900	258.600
123	0	2	3	260.100	315.150	166.600	183.600	none	0.500	0.500	0.500	0	7	93.900	258.600
123	0	2	4	315.150	369.950	166.600	183.600	none	0.500	0.500	0.500	0	7	93.900	258.600
123	0	2	5	369.950	424.750	166.600	183.600	none	0.500	none	0.500	0	7	93.900	258.600
123	0	2	6	424.750	479.550	166.600	183.600	none	0.500	none	0.500	0	7	93.900	258.600
123	0	2	7	479.550	534.350	166.600	183.600	none	0.500	0.500	0.500	0	7	93.900	258.600
123	0	2	8	534.350	589.300	166.600	183.600	none	0.500	none	0.500	0	7	93.900	258.600
123	0	2	9	589.300	644.100	166.600	183.600	0.500	0.500	none	0.500	0	7	93.900	258.600
123	0	2	10	644.100	699.950	166.600	183.600	0.500	0.500	0.500	0.500	0	7	93.900	258.600
123	0	2	11	699.950	734.650	166.600	183.600	none	none	none	0.500	0	7	93.900	258.600
123	0	3	1	143.750	205.300	183.600	200.350	none	0.500	none	0.500	0	7	93.900	258.600
123	0	3	2	205.300	260.100	183.600	200.350	none	0.500	none	0.500	0	7	93.900	258.600
123	0	3	3	260.100	315.150	183.600	200.350	none	0.500	0.500	0.500	0	7	93.900	258.600
123	0	3	4	315.150	369.950	183.600	200.350	none	0.500	0.500	0.500	0	7	93.900	258.600
123	0	3	5	369.950	424.750	183.600	200.350	none	0.500	none	0.500	0	7	93.900	258.600
123	0	3	6	424.750	479.550	183.600	200.350	none	0.500	none	0.500	0	7	93.900	258.600
123	0	3	7	479.550	534.350	183.600	200.350	none	0.500	0.500	0.500	0	7	93.900	258.600
123	0	3	8	534.350	589.300	183.600	200.350	none	0.500	none	0.500	0	7	93.900	258.600
123	0	3	9	589.300	734.650	183.600	258.350	none	0.500	none	0.500	0	7	93.900	258.600
123	0	4	0	57.850	143.750	200.350	233.850	none	0.500	0.500	0.500	0	7	93.900	258.600
123	0	4	1	143.750	205.300	200.350	217.100	none	0.500	none	0.500	0	7	93.900	258.600
123	0	4	2	205.300	260.100	200.350	217.100	none	0.500	none	0.500	0	7	93.900	258.600
123	0	4	3	260.100	315.150	200.350	217.100	none	0.500	0.500	0.500	0	7	93.900	258.600
123	0	4	4	315.150	369.950	200.350	217.100	none	0.500	0.500	0.500	0	7	93.900	258.600
123	0	4	5	369.950	424.750	200.350	217.100	none	0.500	none	0.500	0	7	93.900	258.600
123	0	4	6	424.750	479.550	200.350	217.100	none	0.500	none	0.500	0	7	93.900	258.600
123	0	4	7	479.550	534.350	200.350	217.100	none	0.500	0.500	0.500	0	7	93.900	258.600
123	0	4	8	534.350	589.300	200.350	217.100	none	0.500	none	0.500	0	7	93.900	258.600
123	0	5	1	143.750	205.300	217.100	233.850	none	0.500	none	0.500	0	7	93.900	258.600
123	0	5	2	205.300	260.100	217.100	233.850	none	0.500	none	0.500	0	7	93.900	258.600
123	0	5	3	260.100	315.150	217.100	233.850	none	0.500	0.500	0.500	0	7	93.900	258.600
123	0	5	4	315.150	369.950	217.100	233.850	none	0.500	0.500	0.500	0	7	93.900	258.600
123	0	5	5	369.950	424.750	217.100	233.850	none	0.500	none	0.500	0	7	93.900	258.600
123	0	5	6	424.750	479.550	217.100	233.850	none	0.500	none	0.500	0	7	93.900	258.600
123	0	5	7	479.550	534.350	217.100	233.850	none	0.500	0.500	0.500	0	7	93.900	258.600
123	0	5	8	534.350	589.300	217.100	233.850	none	0.500	none	0.500	0	7	93.900	258.600
123	0	6	0	57.850	143.750	233.850	258.350	none	0.500	0.500	0.500	0	7	93.900	258.600
123	0	6	1	143.750	205.300	233.850	258.350	none	0.500	none	0.500	0	7	93.900	258.600
123	0	6	2	205.300	260.100	233.850	258.350	none	0.500	none	0.500	0	7	93.900	258.600
123	0	6	3	260.100	315.150	233.850	258.350	none	0.500	0.500	0.500	0	7	93.900	258.600
123	0	6	4	315.150	369.950	233.850	258.350	none	0.500	0.500	0.500	0	7	93.900	258.600
123	0	6	5	369.950	424.750	233.850	258.350	none	0.500	none	0.500	0	7	93.900	258.600
123	0	6	6	424.750	479.550	233.850	258.350	none	0.500	none	0.500	0	7	93.900	258.600
123	0	6	7	479.550	589.300	233.850	258.350	0.500	0.500	0.500	none	0	7	93.900	258.600
124	0	0	0	57.850	143.750	94.150	149.600	0.500	none	0.500	0.500	0	7	93.900	258.600
124	0	0	1	143.750	205.300	94.150	149.600	0.500	0.500	none	0.500	0	7	93.900	258.600
124	0	0	2	205.300	260.100	94.150	149.600	0.500	0.500	none	none	0	7	93.900	258.600
124	0	0	3	260.100	315.150	94.150	149.600	0.500	0.500	0.500	0.500	0	7	93.900	258.600
124	0	0	4	315.150	369.950	94.150	149.600	0.500	0.500	0.500	none	0	7	93.900	258.600
124	0	0	5	369.950	424.750	94.150	149.600	0.500	0.500	0.500	none	0	7	93.900	258.600
124	0	0	6	424.750	479.550	94.150	149.600	0.500	0.500	0.500	none	0	7	93.900	258.600
124	0	0	7	479.550	534.350	94.150	149.600	0.500	0.500	0.500	none	0	7	93.900	258.600
124	0	0	8	534.350	589.300	94.150	149.600	0.500	0.500	0.500	none	0	7	93.900	258.600
124	0	0	9	589.300	644.100	94.150	149.600	0.500	0.500	0.500	0.500	0	7	93.900	258.600
124	0	0	10	644.100	699.950	94.150	149.600	0.500	0.500	0.500	0.500	0	7	93.900	258.600
124	0	0	11	699.950	734.650	94.150	149.600	0.500	none	none	0.500	0	7	93.900	258.600
124	0	1	0	57.850	143.750	149.600	200.350	0.500	0.500	0.500	0.500	0	7	93.900	258.600
124	0	1	1	143.750	205.300	149.600	166.600	none	0.500	none	0.500	0	7	93.900	258.600
124	0	1	2	205.300	260.100	149.600	166.600	none	0.500	none	0.500	0	7	93.900	258.600
124	0	1	3	260.100	315.150	149.600	166.600	none	0.500	0.500	0.500	0	7	93.900	258.600
124	0	1	4	315.150	369.950	149.600	166.600	none	0.500	0.500	0.500	0	7	93.900	258.600
124	0	1	5	369.950	424.750	149.600	166.600	none	0.500	none	0.500	0	7	93.900	258.600
124	0	1	6	424.750	479.550	149.600	166.600	none	0.500	none	0.500	0	7	93.900	258.600
124	0	1	7	479.550	534.350	149.600	166.600	none	0.500	0.500	0.500	0	7	93.900	258.600
124	0	1	8	534.350	589.300	149.600	166.600	none	0.500	none	0.500	0	7	93.900	258.600
124	0	1	9	589.300	644.100	149.600	166.600	0.500	0.500	none	0.500	0	7	93.900	258.600
124	0	1	10	644.100	699.950	149.600	166.600	0.500	0.500	0.500	0.500	0	7	93.900	258.600
124	0	1	11	699.950	734.650	149.600	166.600	0.500	none	none	0.500	0	7	93.900	258.600
124	0	2	1	143.750	205.300	166.600	183.600	none	0.500	none	0.500	0	7	93.900	258.600
124	0	2	2	205.300	260.100	166.600	183.600	none	0.500	none	0.500	0	7	93.900	258.600
124	0	2	3	260.100	315.150	166.600	183.600	none	0.500	0.500	0.500	0	7	93.900	258.600
124	0	2	4	315.150	369.950	166.600	183.600	none	0.500	0.500	0.500	0	7	93.900	258.600
124	0	2	5	369.950	424.750	166.600	183.600	none	0.500	none	0.500	0	7	93.900	258.600
124	0	2	6	424.750	479.550	166.600	183.600	none	0.500	none	0.500	0	7	93.900	258.600
124	0	2	7	479.550	534.350	166.600	183.600	none	0.500	0.500	0.500	0	7	93.900	258.600
124	0	2	8	534.350	589.300	166.600	183.600	none	0.500	none	0.500	0	7	93.900	258.600
124	0	2	9	589.300	644.100	166.600	183.600	0.500	0.500	none	0.500	0	7	93.900	258.600
124	0	2	10	644.100	699.950	166.600	183.600	0.500	0.500	0.500	0.500	0	7	93.900	258.600
124	0	2	11	699.950	734.650	166.600	183.600	none	none	none	0.500	0	7	93.900	258.600
124	0	3	1	143.750	205.300	183.600	200.350	none	0.500	none	0.500	0	7	93.900	258.600
124	0	3	2	205.300	260.100	183.600	200.350	none	0.500	none	0.500	0	7	93.900	258.600
124	0	3	3	260.100	315.150	183.600	200.350	none	0.500	0.500	0.500	0	7	93.900	258.600
124	0	3	4	315.150	369.950	183.600	200.350	none	0.500	0.500	0.500	0	7	93.900	258.600
124	0	3	5	369.950	424.750	183.600	200.350	none	0.500	none	0.500	0	7	93.900	258.600
124	0	3	6	424.750	479.550	183.600	200.350	none	0.500	none	0.500	0	7	93.900	258.600
124	0	3	7	479.550	534.350	183.600	200.350	none	0.500	0.500	0.500	0	7	93.900	258.600
124	0	3	8	534.350	589.300	183.600	200.350	none	0.500	none	0.500	0	7	93.900	258.600
124	0	3	9	589.300	734.650	183.600	258.350	none	0.500	none	0.500	0	7	93.900	258.600
124	0	4	0	57.850	143.750	200.350	233.850	none	0.500	0.500	0.500	0	7	93.900	258.600
124	0	4	1	143.750	205.300	200.350	217.100	none	0.500	none	0.500	0	7	93.900	258.600
124	0	4	2	205.300	260.100	200.350	217.100	none	0.500	none	0.500	0	7	93.900	258.600
124	0	4	3	260.100	315.150	200.350	217.100	none	0.500	0.500	0.500	0	7	93.900	258.600
124	0	4	4	315.150	369.950	200.350	217.100	none	0.500	0.500	0.500	0	7	93.900	258.600
124	0	4	5	369.950	424.750	200.350	217.100	none	0.500	none	0.500	0	7	93.900	258.600
124	0	4	6	424.750	479.550	200.350	217.100	none	0.500	none	0.500	0	7	93.900	258.600
124	0	4	7	479.550	534.350	200.350	217.100	none	0.500	0.500	0.500	0	7	93.900	258.600
124	0	4	8	534.350	589.300	200.350	217.100	none	0.500	none	0.500	0	7	93.900	258.600
124	0	5	1	143.750	205.300	217.100	233.850	none	0.500	none	0.500	0	7	93.900	258.600
124	0	5	2	205.300	260.100	217.100	233.850	none	0.500	none	0.500	0	7	93.900	258.600
124	0	5	3	260.100	315.150	217.100	233.850	none	0.500	0.500	0.500	0	7	93.900	258.600
124	0	5	4	315.150	369.950	217.100	233.850	none	0.500	0.500	0.500	0	7	93.900	258.600
124	0	5	5	369.950	424.750	217.100	233.850	none	0.500	none	0.500	0	7	93.900	258.600
124	0	5	6	424.750	479.550	217.100	233.850	none	0.500	none	0.500	0	7	93.900	258.600
124	0	5	7	479.550	534.350	217.100	233.850	none	0.500	0.500	0.500	0	7	93.900	258.600
124	0	5	8	534.350	589.300	217.100	233.850	none	0.500	none	0.500	0	7	93.900	258.600
124	0	6	0	57.850	143.750	233.850	258.350	none	0.500	0.500	0.500	0	7	93.900	258.600
124	0	6	1	143.750	205.300	233.850	258.350	none	0.500	none	0.500	0	7	93.900	258.600
124	0	6	2	205.300	260.100	233.850	258.350	none	0.500	none	0.500	0	7	93.900	258.600
124	0	6	3	260.100	315.150	233.850	258.350	none	0.500	0.500	0.500	0	7	93.900	258.600
124	0	6	4	315.150	369.950	233.850	258.350	none	0.500	0.500	0.500	0	7	93.900	258.600
124	0	6	5	369.950	424.750	233.850	258.350	none	0.500	none	0.500	0	7	93.900	258.600
124	0	6	6	424.750	479.550	233.850	258.350	none	0.500	none	0.500	0	7	93.900	258.600
124	0	6	7	479.550	589.300	233.850	258.350	0.500	0.500	0.500	none	0	7	93.900	258.600
125	0	0	0	57.850	143.750	94.150	149.600	0.500	none	0.500	0.500	0	8	93.900	283.100
125	0	0	1	143.750	205.300	94.150	149.600	0.500	0.500	none	0.500	0	8	93.900	283.100
125	0	0	2	205.300	260.100	94.150	149.600	0.500	0.500	none	none	0	8	93.900	283.100
125	0	0	3	260.100	315.150	94.150	149.600	0.500	0.500	0.500	0.500	0	8	93.900	283.100
125	0	0	4	315.150	369.950	94.150	149.600	0.500	0.500	0.500	none	0	8	93.900	283.100
125	0	0	5	369.950	424.750	94.150	149.600	0.500	0.500	0.500	none	0	8	93.900	283.100
125	0	0	6	424.750	479.550	94.150	149.600	0.500	0.500	0.500	none	0	8	93.900	283.100
125	0	0	7	479.550	534.350	94.150	149.600	0.500	0.500	0.500	none	0	8	93.900	283.100
125	0	0	8	534.350	589.300	94.150	149.600	0.500	0.500	0.500	none	0	8	93.900	283.100
125	0	0	9	589.300	644.100	94.150	149.600	0.500	0.500	0.500	0.500	0	8	93.900	283.100
125	0	0	10	644.100	699.950	94.150	149.600	0.500	0.500	0.500	0.500	0	8	93.900	283.100
125	0	0	11	699.950	734.650	94.150	149.600	0.500	none	none	0.500	0	8	93.900	283.100
125	0	1	0	57.850	143.750	149.600	200.350	0.500	0.500	0.500	0.500	0	8	93.900	283.100
125	0	1	1	143.750	205.300	149.600	166.600	none	0.500	none	0.500	0	8	93.900	283.100
125	0	1	2	205.300	260.100	149.600	166.600	none	0.500	none	0.500	0	8	93.900	283.100
125	0	1	3	260.100	315.150	149.600	166.600	none	0.500	0.500	0.500	0	8	93.900	283.100
125	0	1	4	315.150	369.950	149.600	166.600	none	0.500	0.500	0.500	0	8	93.900	283.100
125	0	1	5	369.950	424.750	149.600	166.600	none	0.500	none	0.500	0	8	93.900	283.100
125	0	1	6	424.750	479.550	149.600	166.600	none	0.500	none	0.500	0	8	93.900	283.100
125	0	1	7	479.550	534.350	149.600	166.600	none	0.500	0.500	0.500	0	8	93.900	283.100
125	0	1	8	534.350	589.300	149.600	166.600	none	0.500	none	0.500	0	8	93.900	283.100
125	0	1	9	589.300	644.100	149.600	166.600	0.500	0.500	none	0.500	0	8	93.900	283.100
125	0	1	10	644.100	699.950	149.600	166.600	0.500	0.500	0.500	0.500	0	8	93.900	283.100
125	0	1	11	699.950	734.650	149.600	166.600	0.500	none	none	0.500	0	8	93.900	283.100
125	0	2	1	143.750	205.300	166.600	183.600	none	0.500	none	0.500	0	8	93.900	283.100
125	0	2	2	205.300	260.100	166.600	183.600	none	0.500	none	0.500	0	8	93.900	283.100
125	0	2	3	260.100	315.150	166.600	183.600	none	0.500	0.500	0.500	0	8	93.900	283.100
125	0	2	4	315.150	369.950	166.600	183.600	none	0.500	0.500	0.500	0	8	93.900	283.100
125	0	2	5	369.950	424.750	166.600	183.600	none	0.500	none	0.500	0	8	93.900	283.100
125	0	2	6	424.750	479.550	166.600	183.600	none	0.500	none	0.500	0	8	93.900	283.100
125	0	2	7	479.550	534.350	166.600	183.600	none	0.500	0.500	0.500	0	8	93.900	283.100
125	0	2	8	534.350	589.300	166.600	183.600	none	0.500	none	0.500	0	8	93.900	283.100
125	0	2	9	589.300	644.100	166.600	183.600	0.500	0.500	none	0.500	0	8	93.900	283.100
125	0	2	10	644.100	699.950	166.600	183.600	0.500	0.500	0.500	0.500	0	8	93.900	283.100
125	0	2	11	699.950	734.650	166.600	183.600	none	none	none	0.500	0	8	93.900	283.100
125	0	3	1	143.750	205.300	183.600	200.350	none	0.500	none	0.500	0	8	93.900	283.100
125	0	3	2	205.300	260.100	183.600	200.350	none	0.500	none	0.500	0	8	93.900	283.100
125	0	3	3	260.100	315.150	183.600	200.350	none	0.500	0.500	0.500	0	8	93.900	283.100
125	0	3	4	315.150	369.950	183.600	200.350	none	0.500	0.500	0.500	0	8	93.900	283.100
125	0	3	5	369.950	424.750	183.600	200.350	none	0.500	none	0.500	0	8	93.900	283.100
125	0	3	6	424.750	479.550	183.600	200.350	none	0.500	none	0.500	0	8	93.900	283.100
125	0	3	7	479.550	534.350	183.600	200.350	none	0.500	0.500	0.500	0	8	93.900	283.100
125	0	3	8	534.350	589.300	183.600	200.350	none	0.500	none	0.500	0	8	93.900	283.100
125	0	3	9	589.300	734.650	183.600	282.850	none	0.500	none	0.500	0	8	93.900	283.100
125	0	4	0	57.850	143.750	200.350	233.850	none	0.500	0.500	0.500	0	8	93.900	283.100
125	0	4	1	143.750	205.300	200.350	217.100	none	0.500	none	0.500	0	8	93.900	283.100
125	0	4	2	205.300	260.100	200.350	217.100	none	0.500	none	0.500	0	8	93.900	283.100
125	0	4	3	260.100	315.150	200.350	217.100	none	0.500	0.500	0.500	0	8	93.900	283.100
125	0	4	4	315.150	369.950	200.350	217.100	none	0.500	0.500	0.500	0	8	93.900	283.100
125	0	4	5	369.950	424.750	200.350	217.100	none	0.500	none	0.500	0	8	93.900	283.100
125	0	4	6	424.750	479.550	200.350	217.100	none	0.500	none	0.500	0	8	93.900	283.100
125	0	4	7	479.550	534.350	200.350	217.100	none	0.500	0.500	0.500	0	8	93.900	283.100
125	0	4	8	534.350	589.300	200.350	217.100	none	0.500	none	0.500	0	8	93.900	283.100
125	0	5	1	143.750	205.300	217.100	233.850	none	0.500	none	0.500	0	8	93.900	283.100
125	0	5	2	205.300	260.100	217.100	233.850	none	0.500	none	0.500	0	8	93.900	283.100
125	0	5	3	260.100	315.150	217.100	233.850	none	0.500	0.500	0.500	0	8	93.900	283.100
125	0	5	4	315.150	369.950	217.100	233.850	none	0.500	0.500	0.500	0	8	93.900	283.100
125	0	5	5	369.950	424.750	217.100	233.850	none	0.500	none	0.500	0	8	93.900	283.100
125	0	5	6	424.750	479.550	217.100	233.850	none	0.500	none	0.500	0	8	93.900	283.100
125	0	5	7	479.550	534.350	217.100	233.850	none	0.500	0.500	0.500	0	8	93.900	283.100
125	0	5	8	534.350	589.300	217.100	233.850	none	0.500	none	0.500	0	8	93.900	283.100
125	0	6	0	57.850	143.750	233.850	258.350	0.500	0.500	0.500	0.500	0	8	93.900	283.100
125	0	6	1	143.750	205.300	233.850	258.350	0.500	0.500	none	0.500	0	8	93.900	283.100
125	0	6	2	205.300	260.100	233.850	258.350	0.500	0.500	none	0.500	0	8	93.900	283.100
125	0	6	3	260.100	315.150	233.850	258.350	0.500	0.500	0.500	0.500	0	8	93.900	283.100
125	0	6	4	315.150	369.950	233.850	258.350	0.500	0.500	0.500	0.500	0	8	93.900	283.100
125	0	6	5	369.950	424.750	233.850	258.350	0.500	0.500	none	0.500	0	8	93.900	283.100
125	0	6	6	424.750	479.550	233.850	258.350	0.500	0.500	none	0.500	0	8	93.900	283.100
125	0	6	7	479.550	589.300	233.850	282.850	0.500	0.500	0.500	none	0	8	93.900	283.100
125	0	7	0	57.850	143.750	258.350	282.850	0.500	0.500	0.500	0.500	0	8	93.900	283.100
125	0	7	1	143.750	205.300	258.350	282.850	0.500	0.500	none	0.500	0	8	93.900	283.100
125	0	7	2	205.300	260.100	258.350	282.850	0.500	0.500	none	0.500	0	8	93.900	283.100
125	0	7	3	260.100	315.150	258.350	282.850	0.500	0.500	0.500	0.500	0	8	93.900	283.100
125	0	7	4	315.150	369.950	258.350	282.850	0.500	0.500	0.500	0.500	0	8	93.900	283.100
125	0	7	5	369.950	424.750	258.350	282.850	0.500	0.500	none	0.500	0	8	93.900	283.100
125	0	7	6	424.750	479.550	258.350	282.850	0.500	0.500	none	0.500	0	8	93.900	283.100
127	0	0	0	57.850	143.700	75.000	130.450	0.500	none	0.500	0.500	0	11	74.750	316.475
127	0	0	1	143.700	205.250	75.000	130.450	0.500	0.500	none	0.500	0	11	74.750	316.475
127	0	0	2	205.250	260.050	75.000	130.450	0.500	0.500	none	none	0	11	74.750	316.475
127	0	0	3	260.050	315.100	75.000	130.450	0.500	0.500	0.500	0.500	0	11	74.750	316.475
127	0	0	4	315.100	369.900	75.000	130.450	0.500	0.500	0.500	none	0	11	74.750	316.475
127	0	0	5	369.900	424.700	75.000	130.450	0.500	0.500	0.500	none	0	11	74.750	316.475
127	0	0	6	424.700	479.500	75.000	130.450	0.500	0.500	0.500	none	0	11	74.750	316.475
127	0	0	7	479.500	534.300	75.000	130.450	0.500	0.500	0.500	none	0	11	74.750	316.475
127	0	0	8	534.300	589.250	75.000	130.450	0.500	0.500	0.500	none	0	11	74.750	316.475
127	0	0	9	589.250	644.050	75.000	130.450	0.500	0.500	0.500	0.500	0	11	74.750	316.475
127	0	0	10	644.050	699.800	75.000	130.450	0.500	0.500	0.500	0.500	0	11	74.750	316.475
127	0	0	11	699.800	734.650	75.000	130.450	0.500	none	none	0.500	0	11	74.750	316.475
127	0	1	0	57.850	143.700	130.450	181.200	0.500	0.500	0.500	0.500	0	11	74.750	316.475
127	0	1	1	143.700	205.250	130.450	147.450	none	0.500	none	0.500	0	11	74.750	316.475
127	0	1	2	205.250	260.050	130.450	147.450	none	0.500	none	0.500	0	11	74.750	316.475
127	0	1	3	260.050	315.100	130.450	147.450	none	0.500	0.500	0.500	0	11	74.750	316.475
127	0	1	4	315.100	369.900	130.450	147.450	none	0.500	0.500	0.500	0	11	74.750	316.475
127	0	1	5	369.900	424.700	130.450	147.450	none	0.500	none	0.500	0	11	74.750	316.475
127	0	1	6	424.700	479.500	130.450	147.450	none	0.500	none	0.500	0	11	74.750	316.475
127	0	1	7	479.500	534.300	130.450	147.450	none	0.500	0.500	0.500	0	11	74.750	316.475
127	0	1	8	534.300	589.250	130.450	147.450	none	0.500	none	0.500	0	11	74.750	316.475
127	0	1	9	589.250	644.050	130.450	147.450	0.500	0.500	none	0.500	0	11	74.750	316.475
127	0	1	10	644.050	699.800	130.450	147.450	0.500	0.500	0.500	0.500	0	11	74.750	316.475
127	0	1	11	699.800	734.650	130.450	147.450	0.500	none	none	0.500	0	11	74.750	316.475
127	0	2	1	143.700	205.250	147.450	164.450	none	0.500	none	0.500	0	11	74.750	316.475
127	0	2	2	205.250	260.050	147.450	164.450	none	0.500	none	0.500	0	11	74.750	316.475
127	0	2	3	260.050	315.100	147.450	164.450	none	0.500	0.500	0.500	0	11	74.750	316.475
127	0	2	4	315.100	369.900	147.450	164.450	none	0.500	0.500	0.500	0	11	74.750	316.475
127	0	2	5	369.900	424.700	147.450	164.450	none	0.500	none	0.500	0	11	74.750	316.475
127	0	2	6	424.700	479.500	147.450	164.450	none	0.500	none	0.500	0	11	74.750	316.475
127	0	2	7	479.500	534.300	147.450	164.450	none	0.500	0.500	0.500	0	11	74.750	316.475
127	0	2	8	534.300	589.250	147.450	164.450	none	0.500	none	0.500	0	11	74.750	316.475
127	0	2	9	589.250	644.050	147.450	164.450	0.500	0.500	none	0.500	0	11	74.750	316.475
127	0	2	10	644.050	699.800	147.450	164.450	0.500	0.500	0.500	0.500	0	11	74.750	316.475
127	0	2	11	699.800	734.650	147.450	164.450	none	none	none	0.500	0	11	74.750	316.475
127	0	3	1	143.700	205.250	164.450	181.200	none	0.500	none	0.500	0	11	74.750	316.475
127	0	3	2	205.250	260.050	164.450	181.200	none	0.500	none	0.500	0	11	74.750	316.475
127	0	3	3	260.050	315.100	164.450	181.200	none	0.500	0.500	0.500	0	11	74.750	316.475
127	0	3	4	315.100	369.900	164.450	181.200	none	0.500	0.500	0.500	0	11	74.750	316.475
127	0	3	5	369.900	424.700	164.450	181.200	none	0.500	none	0.500	0	11	74.750	316.475
127	0	3	6	424.700	479.500	164.450	181.200	none	0.500	none	0.500	0	11	74.750	316.475
127	0	3	7	479.500	534.300	164.450	181.200	none	0.500	0.500	0.500	0	11	74.750	316.475
127	0	3	8	534.300	589.250	164.450	181.200	none	0.500	none	0.500	0	11	74.750	316.475
127	0	3	9	589.250	734.650	164.450	316.350	none	0.500	none	0.500	0	11	74.750	316.475
127	0	4	0	57.850	143.700	181.200	214.700	none	0.500	0.500	0.500	0	11	74.750	316.475
127	0	4	1	143.700	205.250	181.200	197.950	none	0.500	none	0.500	0	11	74.750	316.475
127	0	4	2	205.250	260.050	181.200	197.950	none	0.500	none	0.500	0	11	74.750	316.475
127	0	4	3	260.050	315.100	181.200	197.950	none	0.500	0.500	0.500	0	11	74.750	316.475
127	0	4	4	315.100	369.900	181.200	197.950	none	0.500	0.500	0.500	0	11	74.750	316.475
127	0	4	5	369.900	424.700	181.200	197.950	none	0.500	none	0.500	0	11	74.750	316.475
127	0	4	6	424.700	479.500	181.200	197.950	none	0.500	none	0.500	0	11	74.750	316.475
127	0	4	7	479.500	534.300	181.200	197.950	none	0.500	0.500	0.500	0	11	74.750	316.475
127	0	4	8	534.300	589.250	181.200	197.950	none	0.500	none	0.500	0	11	74.750	316.475
127	0	5	1	143.700	205.250	197.950	214.700	none	0.500	none	0.500	0	11	74.750	316.475
127	0	5	2	205.250	260.050	197.950	214.700	none	0.500	none	0.500	0	11	74.750	316.475
127	0	5	3	260.050	315.100	197.950	214.700	none	0.500	0.500	0.500	0	11	74.750	316.475
127	0	5	4	315.100	369.900	197.950	214.700	none	0.500	0.500	0.500	0	11	74.750	316.475
127	0	5	5	369.900	424.700	197.950	214.700	none	0.500	none	0.500	0	11	74.750	316.475
127	0	5	6	424.700	479.500	197.950	214.700	none	0.500	none	0.500	0	11	74.750	316.475
127	0	5	7	479.500	534.300	197.950	214.700	none	0.500	0.500	0.500	0	11	74.750	316.475
127	0	5	8	534.300	589.250	197.950	214.700	none	0.500	none	0.500	0	11	74.750	316.475
127	0	6	0	57.850	143.700	214.700	248.450	none	0.500	0.500	0.500	0	11	74.750	316.475
127	0	6	1	143.700	205.250	214.700	231.450	none	0.500	none	0.500	0	11	74.750	316.475
127	0	6	2	205.250	260.050	214.700	231.450	none	0.500	none	0.500	0	11	74.750	316.475
127	0	6	3	260.050	315.100	214.700	231.450	none	0.500	0.500	0.500	0	11	74.750	316.475
127	0	6	4	315.100	369.900	214.700	231.450	none	0.500	0.500	0.500	0	11	74.750	316.475
127	0	6	5	369.900	424.700	214.700	231.450	none	0.500	none	0.500	0	11	74.750	316.475
127	0	6	6	424.700	479.500	214.700	231.450	none	0.500	none	0.500	0	11	74.750	316.475
127	0	6	7	479.500	534.300	214.700	231.450	none	0.500	0.500	0.500	0	11	74.750	316.475
127	0	6	8	534.300	589.250	214.700	231.450	none	0.500	none	0.500	0	11	74.750	316.475
127	0	7	1	143.700	205.250	231.450	248.450	none	0.500	none	0.500	0	11	74.750	316.475
127	0	7	2	205.250	260.050	231.450	248.450	none	0.500	none	0.500	0	11	74.750	316.475
127	0	7	3	260.050	315.100	231.450	248.450	none	0.500	0.500	0.500	0	11	74.750	316.475
127	0	7	4	315.100	369.900	231.450	248.450	none	0.500	0.500	0.500	0	11	74.750	316.475
127	0	7	5	369.900	424.700	231.450	248.450	none	0.500	none	0.500	0	11	74.750	316.475
127	0	7	6	424.700	479.500	231.450	248.450	none	0.500	none	0.500	0	11	74.750	316.475
127	0	7	7	479.500	534.300	231.450	248.450	0.500	0.500	0.500	0.500	0	11	74.750	316.475
127	0	7	8	534.300	589.250	231.450	248.450	0.500	0.500	none	0.500	0	11	74.750	316.475
127	0	8	0	57.850	143.700	248.450	271.250	none	0.500	0.500	0.500	0	11	74.750	316.475
127	0	8	1	143.700	205.250	248.450	271.250	none	0.500	none	0.500	0	11	74.750	316.475
127	0	8	2	205.250	260.050	248.450	271.250	none	0.500	none	0.500	0	11	74.750	316.475
127	0	8	3	260.050	315.100	248.450	271.250	none	0.500	0.500	0.500	0	11	74.750	316.475
127	0	8	4	315.100	369.900	248.450	271.250	none	0.500	0.500	0.500	0	11	74.750	316.475
127	0	8	5	369.900	424.700	248.450	271.250	none	0.500	none	0.500	0	11	74.750	316.475
127	0	8	6	424.700	479.500	248.450	271.250	none	0.500	none	0.500	0	11	74.750	316.475
127	0	8	7	479.500	589.250	248.450	316.350	0.500	0.500	0.500	none	0	11	74.750	316.475
127	0	9	0	57.850	143.700	271.250	293.800	none	0.500	0.500	0.500	0	11	74.750	316.475
127	0	9	1	143.700	205.250	271.250	293.800	none	0.500	none	0.500	0	11	74.750	316.475
127	0	9	2	205.250	260.050	271.250	293.800	none	0.500	none	0.500	0	11	74.750	316.475
127	0	9	3	260.050	315.100	271.250	293.800	none	0.500	0.500	0.500	0	11	74.750	316.475
127	0	9	4	315.100	369.900	271.250	293.800	none	0.500	0.500	0.500	0	11	74.750	316.475
127	0	9	5	369.900	424.700	271.250	293.800	none	0.500	none	0.500	0	11	74.750	316.475
127	0	9	6	424.700	479.500	271.250	293.800	none	0.500	none	0.500	0	11	74.750	316.475
127	0	10	0	57.850	143.700	293.800	316.350	none	0.500	0.500	0.500	0	11	74.750	316.475
127	0	10	1	143.700	205.250	293.800	316.350	none	0.500	none	0.500	0	11	74.750	316.475
127	0	10	2	205.250	260.050	293.800	316.350	none	0.500	none	0.500	0	11	74.750	316.475
127	0	10	3	260.050	315.100	293.800	316.350	none	0.500	0.500	0.500	0	11	74.750	316.475
127	0	10	4	315.100	369.900	293.800	316.350	none	0.500	0.500	0.500	0	11	74.750	316.475
127	0	10	5	369.900	424.700	293.800	316.350	none	0.500	none	0.500	0	11	74.750	316.475
127	0	10	6	424.700	479.500	293.800	316.350	none	0.500	none	0.500	0	11	74.750	316.475
128	0	0	0	57.850	143.750	94.150	149.600	0.500	none	0.500	0.500	0	11	93.900	340.725
128	0	0	1	143.750	205.300	94.150	149.600	0.500	0.500	none	0.500	0	11	93.900	340.725
128	0	0	2	205.300	260.100	94.150	149.600	0.500	0.500	none	none	0	11	93.900	340.725
128	0	0	3	260.100	315.150	94.150	149.600	0.500	0.500	0.500	0.500	0	11	93.900	340.725
128	0	0	4	315.150	369.950	94.150	149.600	0.500	0.500	0.500	none	0	11	93.900	340.725
128	0	0	5	369.950	424.750	94.150	149.600	0.500	0.500	0.500	none	0	11	93.900	340.725
128	0	0	6	424.750	479.550	94.150	149.600	0.500	0.500	0.500	none	0	11	93.900	340.725
128	0	0	7	479.550	534.350	94.150	149.600	0.500	0.500	0.500	none	0	11	93.900	340.725
128	0	0	8	534.350	589.300	94.150	149.600	0.500	0.500	0.500	none	0	11	93.900	340.725
128	0	0	9	589.300	644.100	94.150	149.600	0.500	0.500	0.500	0.500	0	11	93.900	340.725
128	0	0	10	644.100	699.950	94.150	149.600	0.500	0.500	0.500	0.500	0	11	93.900	340.725
128	0	0	11	699.950	734.650	94.150	149.600	0.500	none	none	0.500	0	11	93.900	340.725
128	0	1	0	57.850	143.750	149.600	200.350	0.500	0.500	0.500	0.500	0	11	93.900	340.725
128	0	1	1	143.750	205.300	149.600	166.600	none	0.500	none	0.500	0	11	93.900	340.725
128	0	1	2	205.300	260.100	149.600	166.600	none	0.500	none	0.500	0	11	93.900	340.725
128	0	1	3	260.100	315.150	149.600	166.600	none	0.500	0.500	0.500	0	11	93.900	340.725
128	0	1	4	315.150	369.950	149.600	166.600	none	0.500	0.500	0.500	0	11	93.900	340.725
128	0	1	5	369.950	424.750	149.600	166.600	none	0.500	none	0.500	0	11	93.900	340.725
128	0	1	6	424.750	479.550	149.600	166.600	none	0.500	none	0.500	0	11	93.900	340.725
128	0	1	7	479.550	534.350	149.600	166.600	none	0.500	0.500	0.500	0	11	93.900	340.725
128	0	1	8	534.350	589.300	149.600	166.600	none	0.500	none	0.500	0	11	93.900	340.725
128	0	1	9	589.300	644.100	149.600	166.600	0.500	0.500	none	0.500	0	11	93.900	340.725
128	0	1	10	644.100	699.950	149.600	166.600	0.500	0.500	0.500	0.500	0	11	93.900	340.725
128	0	1	11	699.950	734.650	149.600	166.600	0.500	none	none	0.500	0	11	93.900	340.725
128	0	2	1	143.750	205.300	166.600	183.600	none	0.500	none	0.500	0	11	93.900	340.725
128	0	2	2	205.300	260.100	166.600	183.600	none	0.500	none	0.500	0	11	93.900	340.725
128	0	2	3	260.100	315.150	166.600	183.600	none	0.500	0.500	0.500	0	11	93.900	340.725
128	0	2	4	315.150	369.950	166.600	183.600	none	0.500	0.500	0.500	0	11	93.900	340.725
128	0	2	5	369.950	424.750	166.600	183.600	none	0.500	none	0.500	0	11	93.900	340.725
128	0	2	6	424.750	479.550	166.600	183.600	none	0.500	none	0.500	0	11	93.900	340.725
128	0	2	7	479.550	534.350	166.600	183.600	none	0.500	0.500	0.500	0	11	93.900	340.725
128	0	2	8	534.350	589.300	166.600	183.600	none	0.500	none	0.500	0	11	93.900	340.725
128	0	2	9	589.300	644.100	166.600	183.600	0.500	0.500	none	0.500	0	11	93.900	340.725
128	0	2	10	644.100	699.950	166.600	183.600	0.500	0.500	0.500	0.500	0	11	93.900	340.725
128	0	2	11	699.950	734.650	166.600	183.600	none	none	none	0.500	0	11	93.900	340.725
128	0	3	1	143.750	205.300	183.600	200.350	none	0.500	none	0.500	0	11	93.900	340.725
128	0	3	2	205.300	260.100	183.600	200.350	none	0.500	none	0.500	0	11	93.900	340.725
128	0	3	3	260.100	315.150	183.600	200.350	none	0.500	0.500	0.500	0	11	93.900	340.725
128	0	3	4	315.150	369.950	183.600	200.350	none	0.500	0.500	0.500	0	11	93.900	340.725
128	0	3	5	369.950	424.750	183.600	200.350	none	0.500	none	0.500	0	11	93.900	340.725
128	0	3	6	424.750	479.550	183.600	200.350	none	0.500	none	0.500	0	11	93.900	340.725
128	0	3	7	479.550	534.350	183.600	200.350	none	0.500	0.500	0.500	0	11	93.900	340.725
128	0	3	8	534.350	589.300	183.600	200.350	none	0.500	none	0.500	0	11	93.900	340.725
128	0	3	9	589.300	734.650	183.600	340.600	none	0.500	none	0.500	0	11	93.900	340.725
128	0	4	0	57.850	143.750	200.350	233.850	none	0.500	0.500	0.500	0	11	93.900	340.725
128	0	4	1	143.750	205.300	200.350	217.100	none	0.500	none	0.500	0	11	93.900	340.725
128	0	4	2	205.300	260.100	200.350	217.100	none	0.500	none	0.500	0	11	93.900	340.725
128	0	4	3	260.100	315.150	200.350	217.100	none	0.500	0.500	0.500	0	11	93.900	340.725
128	0	4	4	315.150	369.950	200.350	217.100	none	0.500	0.500	0.500	0	11	93.900	340.725
128	0	4	5	369.950	424.750	200.350	217.100	none	0.500	none	0.500	0	11	93.900	340.725
128	0	4	6	424.750	479.550	200.350	217.100	none	0.500	none	0.500	0	11	93.900	340.725
128	0	4	7	479.550	534.350	200.350	217.100	none	0.500	0.500	0.500	0	11	93.900	340.725
128	0	4	8	534.350	589.300	200.350	217.100	none	0.500	none	0.500	0	11	93.900	340.725
128	0	5	1	143.750	205.300	217.100	233.850	none	0.500	none	0.500	0	11	93.900	340.725
128	0	5	2	205.300	260.100	217.100	233.850	none	0.500	none	0.500	0	11	93.900	340.725
128	0	5	3	260.100	315.150	217.100	233.850	none	0.500	0.500	0.500	0	11	93.900	340.725
128	0	5	4	315.150	369.950	217.100	233.850	none	0.500	0.500	0.500	0	11	93.900	340.725
128	0	5	5	369.950	424.750	217.100	233.850	none	0.500	none	0.500	0	11	93.900	340.725
128	0	5	6	424.750	479.550	217.100	233.850	none	0.500	none	0.500	0	11	93.900	340.725
128	0	5	7	479.550	534.350	217.100	233.850	none	0.500	0.500	0.500	0	11	93.900	340.725
128	0	5	8	534.350	589.300	217.100	233.850	none	0.500	none	0.500	0	11	93.900	340.725
128	0	6	0	57.850	143.750	233.850	267.600	none	0.500	0.500	0.500	0	11	93.900	340.725
128	0	6	1	143.750	205.300	233.850	250.600	none	0.500	none	0.500	0	11	93.900	340.725
128	0	6	2	205.300	260.100	233.850	250.600	none	0.500	none	0.500	0	11	93.900	340.725
128	0	6	3	260.100	315.150	233.850	250.600	none	0.500	0.500	0.500	0	11	93.900	340.725
128	0	6	4	315.150	369.950	233.850	250.600	none	0.500	0.500	0.500	0	11	93.900	340.725
128	0	6	5	369.950	424.750	233.850	250.600	none	0.500	none	0.500	0	11	93.900	340.725
128	0	6	6	424.750	479.550	233.850	250.600	none	0.500	none	0.500	0	11	93.900	340.725
128	0	6	7	479.550	534.350	233.850	250.600	none	0.500	0.500	0.500	0	11	93.900	340.725
128	0	6	8	534.350	589.300	233.850	250.600	none	0.500	none	0.500	0	11	93.900	340.725
128	0	7	1	143.750	205.300	250.600	267.600	none	0.500	none	0.500	0	11	93.900	340.725
128	0	7	2	205.300	260.100	250.600	267.600	none	0.500	none	0.500	0	11	93.900	340.725
128	0	7	3	260.100	315.150	250.600	267.600	none	0.500	0.500	0.500	0	11	93.900	340.725
128	0	7	4	315.150	369.950	250.600	267.600	none	0.500	0.500	0.500	0	11	93.900	340.725
128	0	7	5	369.950	424.750	250.600	267.600	none	0.500	none	0.500	0	11	93.900	340.725
128	0	7	6	424.750	479.550	250.600	267.600	none	0.500	none	0.500	0	11	93.900	340.725
128	0	7	7	479.550	534.350	250.600	267.600	0.500	0.500	0.500	0.500	0	11	93.900	340.725
128	0	7	8	534.350	589.300	250.600	267.600	0.500	0.500	none	0.500	0	11	93.900	340.725
128	0	8	0	57.850	143.750	267.600	292.100	none	0.500	0.500	0.500	0	11	93.900	340.725
128	0	8	1	143.750	205.300	267.600	292.100	none	0.500	none	0.500	0	11	93.900	340.725
128	0	8	2	205.300	260.100	267.600	292.100	none	0.500	none	0.500	0	11	93.900	340.725
128	0	8	3	260.100	315.150	267.600	292.100	none	0.500	0.500	0.500	0	11	93.900	340.725
128	0	8	4	315.150	369.950	267.600	292.100	none	0.500	0.500	0.500	0	11	93.900	340.725
128	0	8	5	369.950	424.750	267.600	292.100	none	0.500	none	0.500	0	11	93.900	340.725
128	0	8	6	424.750	479.550	267.600	292.100	none	0.500	none	0.500	0	11	93.900	340.725
128	0	8	7	479.550	589.300	267.600	340.600	0.500	0.500	0.500	none	0	11	93.900	340.725
128	0	9	0	57.850	143.750	292.100	316.350	none	0.500	0.500	0.500	0	11	93.900	340.725
128	0	9	1	143.750	205.300	292.100	316.350	none	0.500	none	0.500	0	11	93.900	340.725
128	0	9	2	205.300	260.100	292.100	316.350	none	0.500	none	0.500	0	11	93.900	340.725
128	0	9	3	260.100	315.150	292.100	316.350	none	0.500	0.500	0.500	0	11	93.900	340.725
128	0	9	4	315.150	369.950	292.100	316.350	none	0.500	0.500	0.500	0	11	93.900	340.725
128	0	9	5	369.950	424.750	292.100	316.350	none	0.500	none	0.500	0	11	93.900	340.725
128	0	9	6	424.750	479.550	292.100	316.350	none	0.500	none	0.500	0	11	93.900	340.725
128	0	10	0	57.850	143.750	316.350	340.600	none	0.500	0.500	0.500	0	11	93.900	340.725
128	0	10	1	143.750	205.300	316.350	340.600	none	0.500	none	0.500	0	11	93.900	340.725
128	0	10	2	205.300	260.100	316.350	340.600	none	0.500	none	0.500	0	11	93.900	340.725
128	0	10	3	260.100	315.150	316.350	340.600	none	0.500	0.500	0.500	0	11	93.900	340.725
128	0	10	4	315.150	369.950	316.350	340.600	none	0.500	0.500	0.500	0	11	93.900	340.725
128	0	10	5	369.950	424.750	316.350	340.600	none	0.500	none	0.500	0	11	93.900	340.725
128	0	10	6	424.750	479.550	316.350	340.600	none	0.500	none	0.500	0	11	93.900	340.725
129	0	0	0	57.850	143.750	94.150	149.600	0.500	none	0.500	0.500	0	11	93.900	340.725
129	0	0	1	143.750	205.300	94.150	149.600	0.500	0.500	none	0.500	0	11	93.900	340.725
129	0	0	2	205.300	260.050	94.150	149.600	0.500	0.500	none	none	0	11	93.900	340.725
129	0	0	3	260.050	315.050	94.150	149.600	0.500	0.500	0.500	0.500	0	11	93.900	340.725
129	0	0	4	315.050	369.850	94.150	149.600	0.500	0.500	0.500	none	0	11	93.900	340.725
129	0	0	5	369.850	424.650	94.150	149.600	0.500	0.500	0.500	none	0	11	93.900	340.725
129	0	0	6	424.650	479.450	94.150	149.600	0.500	0.500	0.500	none	0	11	93.900	340.725
129	0	0	7	479.450	534.250	94.150	149.600	0.500	0.500	0.500	none	0	11	93.900	340.725
129	0	0	8	534.250	589.150	94.150	149.600	0.500	0.500	0.500	none	0	11	93.900	340.725
129	0	0	9	589.150	643.950	94.150	149.600	0.500	0.500	0.500	0.500	0	11	93.900	340.725
129	0	0	10	643.950	699.550	94.150	149.600	0.500	0.500	0.500	0.500	0	11	93.900	340.725
129	0	0	11	699.550	734.650	94.150	149.600	0.500	none	none	0.500	0	11	93.900	340.725
129	0	1	0	57.850	143.750	149.600	200.350	0.500	0.500	0.500	0.500	0	11	93.900	340.725
129	0	1	1	143.750	205.300	149.600	166.600	none	0.500	none	0.500	0	11	93.900	340.725
129	0	1	2	205.300	260.050	149.600	166.600	none	0.500	none	0.500	0	11	93.900	340.725
129	0	1	3	260.050	315.050	149.600	166.600	none	0.500	0.500	0.500	0	11	93.900	340.725
129	0	1	4	315.050	369.850	149.600	166.600	none	0.500	0.500	0.500	0	11	93.900	340.725
129	0	1	5	369.850	424.650	149.600	166.600	none	0.500	none	0.500	0	11	93.900	340.725
129	0	1	6	424.650	479.450	149.600	166.600	none	0.500	none	0.500	0	11	93.900	340.725
129	0	1	7	479.450	534.250	149.600	166.600	none	0.500	0.500	0.500	0	11	93.900	340.725
129	0	1	8	534.250	589.150	149.600	166.600	none	0.500	none	0.500	0	11	93.900	340.725
129	0	1	9	589.150	643.950	149.600	166.600	0.500	0.500	none	0.500	0	11	93.900	340.725
129	0	1	10	643.950	699.550	149.600	166.600	0.500	0.500	0.500	0.500	0	11	93.900	340.725
129	0	1	11	699.550	734.650	149.600	166.600	0.500	none	none	0.500	0	11	93.900	340.725
129	0	2	1	143.750	205.300	166.600	183.600	none	0.500	none	0.500	0	11	93.900	340.725
129	0	2	2	205.300	260.050	166.600	183.600	none	0.500	none	0.500	0	11	93.900	340.725
129	0	2	3	260.050	315.050	166.600	183.600	none	0.500	0.500	0.500	0	11	93.900	340.725
129	0	2	4	315.050	369.850	166.600	183.600	none	0.500	0.500	0.500	0	11	93.900	340.725
129	0	2	5	369.850	424.650	166.600	183.600	none	0.500	none	0.500	0	11	93.900	340.725
129	0	2	6	424.650	479.450	166.600	183.600	none	0.500	none	0.500	0	11	93.900	340.725
129	0	2	7	479.450	534.250	166.600	183.600	none	0.500	0.500	0.500	0	11	93.900	340.725
129	0	2	8	534.250	589.150	166.600	183.600	none	0.500	none	0.500	0	11	93.900	340.725
129	0	2	9	589.150	643.950	166.600	183.600	0.500	0.500	none	0.500	0	11	93.900	340.725
129	0	2	10	643.950	699.550	166.600	183.600	0.500	0.500	0.500	0.500	0	11	93.900	340.725
129	0	2	11	699.550	734.650	166.600	183.600	none	none	none	0.500	0	11	93.900	340.725
129	0	3	1	143.750	205.300	183.600	200.350	none	0.500	none	0.500	0	11	93.900	340.725
129	0	3	2	205.300	260.050	183.600	200.350	none	0.500	none	0.500	0	11	93.900	340.725
129	0	3	3	260.050	315.050	183.600	200.350	none	0.500	0.500	0.500	0	11	93.900	340.725
129	0	3	4	315.050	369.850	183.600	200.350	none	0.500	0.500	0.500	0	11	93.900	340.725
129	0	3	5	369.850	424.650	183.600	200.350	none	0.500	none	0.500	0	11	93.900	340.725
129	0	3	6	424.650	479.450	183.600	200.350	none	0.500	none	0.500	0	11	93.900	340.725
129	0	3	7	479.450	534.250	183.600	200.350	none	0.500	0.500	0.500	0	11	93.900	340.725
129	0	3	8	534.250	589.150	183.600	200.350	none	0.500	none	0.500	0	11	93.900	340.725
129	0	3	9	589.150	734.650	183.600	340.600	none	0.500	none	0.500	0	11	93.900	340.725
129	0	4	0	57.850	143.750	200.350	233.850	none	0.500	0.500	0.500	0	11	93.900	340.725
129	0	4	1	143.750	205.300	200.350	217.100	none	0.500	none	0.500	0	11	93.900	340.725
129	0	4	2	205.300	260.050	200.350	217.100	none	0.500	none	0.500	0	11	93.900	340.725
129	0	4	3	260.050	315.050	200.350	217.100	none	0.500	0.500	0.500	0	11	93.900	340.725
129	0	4	4	315.050	369.850	200.350	217.100	none	0.500	0.500	0.500	0	11	93.900	340.725
129	0	4	5	369.850	424.650	200.350	217.100	none	0.500	none	0.500	0	11	93.900	340.725
129	0	4	6	424.650	479.450	200.350	217.100	none	0.500	none	0.500	0	11	93.900	340.725
129	0	4	7	479.450	534.250	200.350	217.100	none	0.500	0.500	0.500	0	11	93.900	340.725
129	0	4	8	534.250	589.150	200.350	217.100	none	0.500	none	0.500	0	11	93.900	340.725
129	0	5	1	143.750	205.300	217.100	233.850	none	0.500	none	0.500	0	11	93.900	340.725
129	0	5	2	205.300	260.050	217.100	233.850	none	0.500	none	0.500	0	11	93.900	340.725
129	0	5	3	260.050	315.050	217.100	233.850	none	0.500	0.500	0.500	0	11	93.900	340.725
129	0	5	4	315.050	369.850	217.100	233.850	none	0.500	0.500	0.500	0	11	93.900	340.725
129	0	5	5	369.850	424.650	217.100	233.850	none	0.500	none	0.500	0	11	93.900	340.725
129	0	5	6	424.650	479.450	217.100	233.850	none	0.500	none	0.500	0	11	93.900	340.725
129	0	5	7	479.450	534.250	217.100	233.850	none	0.500	0.500	0.500	0	11	93.900	340.725
129	0	5	8	534.250	589.150	217.100	233.850	none	0.500	none	0.500	0	11	93.900	340.725
129	0	6	0	57.850	143.750	233.850	267.600	none	0.500	0.500	0.500	0	11	93.900	340.725
129	0	6	1	143.750	205.300	233.850	250.600	none	0.500	none	0.500	0	11	93.900	340.725
129	0	6	2	205.300	260.050	233.850	250.600	none	0.500	none	0.500	0	11	93.900	340.725
129	0	6	3	260.050	315.050	233.850	250.600	none	0.500	0.500	0.500	0	11	93.900	340.725
129	0	6	4	315.050	369.850	233.850	250.600	none	0.500	0.500	0.500	0	11	93.900	340.725
129	0	6	5	369.850	424.650	233.850	250.600	none	0.500	none	0.500	0	11	93.900	340.725
129	0	6	6	424.650	479.450	233.850	250.600	none	0.500	none	0.500	0	11	93.900	340.725
129	0	6	7	479.450	534.250	233.850	250.600	none	0.500	0.500	0.500	0	11	93.900	340.725
129	0	6	8	534.250	589.150	233.850	250.600	none	0.500	none	0.500	0	11	93.900	340.725
129	0	7	1	143.750	205.300	250.600	267.600	none	0.500	none	0.500	0	11	93.900	340.725
129	0	7	2	205.300	260.050	250.600	267.600	none	0.500	none	0.500	0	11	93.900	340.725
129	0	7	3	260.050	315.050	250.600	267.600	none	0.500	0.500	0.500	0	11	93.900	340.725
129	0	7	4	315.050	369.850	250.600	267.600	none	0.500	0.500	0.500	0	11	93.900	340.725
129	0	7	5	369.850	424.650	250.600	267.600	none	0.500	none	0.500	0	11	93.900	340.725
129	0	7	6	424.650	479.450	250.600	267.600	none	0.500	none	0.500	0	11	93.900	340.725
129	0	7	7	479.450	534.250	250.600	267.600	0.500	0.500	0.500	0.500	0	11	93.900	340.725
129	0	7	8	534.250	589.150	250.600	267.600	0.500	0.500	none	0.500	0	11	93.900	340.725
129	0	8	0	57.850	143.750	267.600	292.100	none	0.500	0.500	0.500	0	11	93.900	340.725
129	0	8	1	143.750	205.300	267.600	292.100	none	0.500	none	0.500	0	11	93.900	340.725
129	0	8	2	205.300	260.050	267.600	292.100	none	0.500	none	0.500	0	11	93.900	340.725
129	0	8	3	260.050	315.050	267.600	292.100	none	0.500	0.500	0.500	0	11	93.900	340.725
129	0	8	4	315.050	369.850	267.600	292.100	none	0.500	0.500	0.500	0	11	93.900	340.725
129	0	8	5	369.850	424.650	267.600	292.100	none	0.500	none	0.500	0	11	93.900	340.725
129	0	8	6	424.650	479.450	267.600	292.100	none	0.500	none	0.500	0	11	93.900	340.725
129	0	8	7	479.450	589.150	267.600	340.600	0.500	0.500	0.500	none	0	11	93.900	340.725
129	0	9	0	57.850	143.750	292.100	316.350	none	0.500	0.500	0.500	0	11	93.900	340.725
129	0	9	1	143.750	205.300	292.100	316.350	none	0.500	none	0.500	0	11	93.900	340.725
129	0	9	2	205.300	260.050	292.100	316.350	none	0.500	none	0.500	0	11	93.900	340.725
129	0	9	3	260.050	315.050	292.100	316.350	none	0.500	0.500	0.500	0	11	93.900	340.725
129	0	9	4	315.050	369.850	292.100	316.350	none	0.500	0.500	0.500	0	11	93.900	340.725
129	0	9	5	369.850	424.650	292.100	316.350	none	0.500	none	0.500	0	11	93.900	340.725
129	0	9	6	424.650	479.450	292.100	316.350	none	0.500	none	0.500	0	11	93.900	340.725
129	0	10	0	57.850	143.750	316.350	340.600	none	0.500	0.500	0.500	0	11	93.900	340.725
129	0	10	1	143.750	205.300	316.350	340.600	none	0.500	none	0.500	0	11	93.900	340.725
129	0	10	2	205.300	260.050	316.350	340.600	none	0.500	none	0.500	0	11	93.900	340.725
129	0	10	3	260.050	315.050	316.350	340.600	none	0.500	0.500	0.500	0	11	93.900	340.725
129	0	10	4	315.050	369.850	316.350	340.600	none	0.500	0.500	0.500	0	11	93.900	340.725
129	0	10	5	369.850	424.650	316.350	340.600	none	0.500	none	0.500	0	11	93.900	340.725
129	0	10	6	424.650	479.450	316.350	340.600	none	0.500	none	0.500	0	11	93.900	340.725
130	0	0	0	57.850	143.750	94.150	149.600	0.500	none	0.500	0.500	0	11	93.900	340.725
130	0	0	1	143.750	205.300	94.150	149.600	0.500	0.500	none	0.500	0	11	93.900	340.725
130	0	0	2	205.300	260.100	94.150	149.600	0.500	0.500	none	none	0	11	93.900	340.725
130	0	0	3	260.100	315.150	94.150	149.600	0.500	0.500	0.500	0.500	0	11	93.900	340.725
130	0	0	4	315.150	369.950	94.150	149.600	0.500	0.500	0.500	none	0	11	93.900	340.725
130	0	0	5	369.950	424.750	94.150	149.600	0.500	0.500	0.500	none	0	11	93.900	340.725
130	0	0	6	424.750	479.550	94.150	149.600	0.500	0.500	0.500	none	0	11	93.900	340.725
130	0	0	7	479.550	534.350	94.150	149.600	0.500	0.500	0.500	none	0	11	93.900	340.725
130	0	0	8	534.350	589.300	94.150	149.600	0.500	0.500	0.500	none	0	11	93.900	340.725
130	0	0	9	589.300	644.100	94.150	149.600	0.500	0.500	0.500	0.500	0	11	93.900	340.725
130	0	0	10	644.100	699.950	94.150	149.600	0.500	0.500	0.500	0.500	0	11	93.900	340.725
130	0	0	11	699.950	734.650	94.150	149.600	0.500	none	none	0.500	0	11	93.900	340.725
130	0	1	0	57.850	143.750	149.600	200.350	0.500	0.500	0.500	0.500	0	11	93.900	340.725
130	0	1	1	143.750	205.300	149.600	166.600	none	0.500	none	0.500	0	11	93.900	340.725
130	0	1	2	205.300	260.100	149.600	166.600	none	0.500	none	0.500	0	11	93.900	340.725
130	0	1	3	260.100	315.150	149.600	166.600	none	0.500	0.500	0.500	0	11	93.900	340.725
130	0	1	4	315.150	369.950	149.600	166.600	none	0.500	0.500	0.500	0	11	93.900	340.725
130	0	1	5	369.950	424.750	149.600	166.600	none	0.500	none	0.500	0	11	93.900	340.725
130	0	1	6	424.750	479.550	149.600	166.600	none	0.500	none	0.500	0	11	93.900	340.725
130	0	1	7	479.550	534.350	149.600	166.600	none	0.500	0.500	0.500	0	11	93.900	340.725
130	0	1	8	534.350	589.300	149.600	166.600	none	0.500	none	0.500	0	11	93.900	340.725
130	0	1	9	589.300	644.100	149.600	166.600	0.500	0.500	none	0.500	0	11	93.900	340.725
130	0	1	10	644.100	699.950	149.600	166.600	0.500	0.500	0.500	0.500	0	11	93.900	340.725
130	0	1	11	699.950	734.650	149.600	166.600	0.500	none	none	0.500	0	11	93.900	340.725
130	0	2	1	143.750	205.300	166.600	183.600	none	0.500	none	0.500	0	11	93.900	340.725
130	0	2	2	205.300	260.100	166.600	183.600	none	0.500	none	0.500	0	11	93.900	340.725
130	0	2	3	260.100	315.150	166.600	183.600	none	0.500	0.500	0.500	0	11	93.900	340.725
130	0	2	4	315.150	369.950	166.600	183.600	none	0.500	0.500	0.500	0	11	93.900	340.725
130	0	2	5	369.950	424.750	166.600	183.600	none	0.500	none	0.500	0	11	93.900	340.725
130	0	2	6	424.750	479.550	166.600	183.600	none	0.500	none	0.500	0	11	93.900	340.725
130	0	2	7	479.550	534.350	166.600	183.600	none	0.500	0.500	0.500	0	11	93.900	340.725
130	0	2	8	534.350	589.300	166.600	183.600	none	0.500	none	0.500	0	11	93.900	340.725
130	0	2	9	589.300	644.100	166.600	183.600	0.500	0.500	none	0.500	0	11	93.900	340.725
130	0	2	10	644.100	699.950	166.600	183.600	0.500	0.500	0.500	0.500	0	11	93.900	340.725
130	0	2	11	699.950	734.650	166.600	183.600	none	none	none	0.500	0	11	93.900	340.725
130	0	3	1	143.750	205.300	183.600	200.350	none	0.500	none	0.500	0	11	93.900	340.725
130	0	3	2	205.300	260.100	183.600	200.350	none	0.500	none	0.500	0	11	93.900	340.725
130	0	3	3	260.100	315.150	183.600	200.350	none	0.500	0.500	0.500	0	11	93.900	340.725
130	0	3	4	315.150	369.950	183.600	200.350	none	0.500	0.500	0.500	0	11	93.900	340.725
130	0	3	5	369.950	424.750	183.600	200.350	none	0.500	none	0.500	0	11	93.900	340.725
130	0	3	6	424.750	479.550	183.600	200.350	none	0.500	none	0.500	0	11	93.900	340.725
130	0	3	7	479.550	534.350	183.600	200.350	none	0.500	0.500	0.500	0	11	93.900	340.725
130	0	3	8	534.350	589.300	183.600	200.350	none	0.500	none	0.500	0	11	93.900	340.725
130	0	3	9	589.300	734.650	183.600	340.600	none	0.500	none	0.500	0	11	93.900	340.725
130	0	4	0	57.850	143.750	200.350	233.850	none	0.500	0.500	0.500	0	11	93.900	340.725
130	0	4	1	143.750	205.300	200.350	217.100	none	0.500	none	0.500	0	11	93.900	340.725
130	0	4	2	205.300	260.100	200.350	217.100	none	0.500	none	0.500	0	11	93.900	340.725
130	0	4	3	260.100	315.150	200.350	217.100	none	0.500	0.500	0.500	0	11	93.900	340.725
130	0	4	4	315.150	369.950	200.350	217.100	none	0.500	0.500	0.500	0	11	93.900	340.725
130	0	4	5	369.950	424.750	200.350	217.100	none	0.500	none	0.500	0	11	93.900	340.725
130	0	4	6	424.750	479.550	200.350	217.100	none	0.500	none	0.500	0	11	93.900	340.725
130	0	4	7	479.550	534.350	200.350	217.100	none	0.500	0.500	0.500	0	11	93.900	340.725
130	0	4	8	534.350	589.300	200.350	217.100	none	0.500	none	0.500	0	11	93.900	340.725
130	0	5	1	143.750	205.300	217.100	233.850	none	0.500	none	0.500	0	11	93.900	340.725
130	0	5	2	205.300	260.100	217.100	233.850	none	0.500	none	0.500	0	11	93.900	340.725
130	0	5	3	260.100	315.150	217.100	233.850	none	0.500	0.500	0.500	0	11	93.900	340.725
130	0	5	4	315.150	369.950	217.100	233.850	none	0.500	0.500	0.500	0	11	93.900	340.725
130	0	5	5	369.950	424.750	217.100	233.850	none	0.500	none	0.500	0	11	93.900	340.725
130	0	5	6	424.750	479.550	217.100	233.850	none	0.500	none	0.500	0	11	93.900	340.725
130	0	5	7	479.550	534.350	217.100	233.850	none	0.500	0.500	0.500	0	11	93.900	340.725
130	0	5	8	534.350	589.300	217.100	233.850	none	0.500	none	0.500	0	11	93.900	340.725
130	0	6	0	57.850	143.750	233.850	267.600	none	0.500	0.500	0.500	0	11	93.900	340.725
130	0	6	1	143.750	205.300	233.850	250.600	none	0.500	none	0.500	0	11	93.900	340.725
130	0	6	2	205.300	260.100	233.850	250.600	none	0.500	none	0.500	0	11	93.900	340.725
130	0	6	3	260.100	315.150	233.850	250.600	none	0.500	0.500	0.500	0	11	93.900	340.725
130	0	6	4	315.150	369.950	233.850	250.600	none	0.500	0.500	0.500	0	11	93.900	340.725
130	0	6	5	369.950	424.750	233.850	250.600	none	0.500	none	0.500	0	11	93.900	340.725
130	0	6	6	424.750	479.550	233.850	250.600	none	0.500	none	0.500	0	11	93.900	340.725
130	0	6	7	479.550	534.350	233.850	250.600	none	0.500	0.500	0.500	0	11	93.900	340.725
130	0	6	8	534.350	589.300	233.850	250.600	none	0.500	none	0.500	0	11	93.900	340.725
130	0	7	1	143.750	205.300	250.600	267.600	none	0.500	none	0.500	0	11	93.900	340.725
130	0	7	2	205.300	260.100	250.600	267.600	none	0.500	none	0.500	0	11	93.900	340.725
130	0	7	3	260.100	315.150	250.600	267.600	none	0.500	0.500	0.500	0	11	93.900	340.725
130	0	7	4	315.150	369.950	250.600	267.600	none	0.500	0.500	0.500	0	11	93.900	340.725
130	0	7	5	369.950	424.750	250.600	267.600	none	0.500	none	0.500	0	11	93.900	340.725
130	0	7	6	424.750	479.550	250.600	267.600	none	0.500	none	0.500	0	11	93.900	340.725
130	0	7	7	479.550	534.350	250.600	267.600	0.500	0.500	0.500	0.500	0	11	93.900	340.725
130	0	7	8	534.350	589.300	250.600	267.600	0.500	0.500	none	0.500	0	11	93.900	340.725
130	0	8	0	57.850	143.750	267.600	292.100	none	0.500	0.500	0.500	0	11	93.900	340.725
130	0	8	1	143.750	205.300	267.600	292.100	none	0.500	none	0.500	0	11	93.900	340.725
130	0	8	2	205.300	260.100	267.600	292.100	none	0.500	none	0.500	0	11	93.900	340.725
130	0	8	3	260.100	315.150	267.600	292.100	none	0.500	0.500	0.500	0	11	93.900	340.725
130	0	8	4	315.150	369.950	267.600	292.100	none	0.500	0.500	0.500	0	11	93.900	340.725
130	0	8	5	369.950	424.750	267.600	292.100	none	0.500	none	0.500	0	11	93.900	340.725
130	0	8	6	424.750	479.550	267.600	292.100	none	0.500	none	0.500	0	11	93.900	340.725
130	0	8	7	479.550	589.300	267.600	340.600	0.500	0.500	0.500	none	0	11	93.900	340.725
130	0	9	0	57.850	143.750	292.100	316.350	none	0.500	0.500	0.500	0	11	93.900	340.725
130	0	9	1	143.750	205.300	292.100	316.350	none	0.500	none	0.500	0	11	93.900	340.725
130	0	9	2	205.300	260.100	292.100	316.350	none	0.500	none	0.500	0	11	93.900	340.725
130	0	9	3	260.100	315.150	292.100	316.350	none	0.500	0.500	0.500	0	11	93.900	340.725
130	0	9	4	315.150	369.950	292.100	316.350	none	0.500	0.500	0.500	0	11	93.900	340.725
130	0	9	5	369.950	424.750	292.100	316.350	none	0.500	none	0.500	0	11	93.900	340.725
130	0	9	6	424.750	479.550	292.100	316.350	none	0.500	none	0.500	0	11	93.900	340.725
130	0	10	0	57.850	143.750	316.350	340.600	none	0.500	0.500	0.500	0	11	93.900	340.725
130	0	10	1	143.750	205.300	316.350	340.600	none	0.500	none	0.500	0	11	93.900	340.725
130	0	10	2	205.300	260.100	316.350	340.600	none	0.500	none	0.500	0	11	93.900	340.725
130	0	10	3	260.100	315.150	316.350	340.600	none	0.500	0.500	0.500	0	11	93.900	340.725
130	0	10	4	315.150	369.950	316.350	340.600	none	0.500	0.500	0.500	0	11	93.900	340.725
130	0	10	5	369.950	424.750	316.350	340.600	none	0.500	none	0.500	0	11	93.900	340.725
130	0	10	6	424.750	479.550	316.350	340.600	none	0.500	none	0.500	0	11	93.900	340.725
131	0	0	0	57.850	143.750	94.150	149.600	0.500	none	0.500	0.500	0	11	93.900	340.725
131	0	0	1	143.750	205.300	94.150	149.600	0.500	0.500	none	0.500	0	11	93.900	340.725
131	0	0	2	205.300	260.100	94.150	149.600	0.500	0.500	none	none	0	11	93.900	340.725
131	0	0	3	260.100	315.150	94.150	149.600	0.500	0.500	0.500	0.500	0	11	93.900	340.725
131	0	0	4	315.150	369.950	94.150	149.600	0.500	0.500	0.500	none	0	11	93.900	340.725
131	0	0	5	369.950	424.750	94.150	149.600	0.500	0.500	0.500	none	0	11	93.900	340.725
131	0	0	6	424.750	479.550	94.150	149.600	0.500	0.500	0.500	none	0	11	93.900	340.725
131	0	0	7	479.550	534.350	94.150	149.600	0.500	0.500	0.500	none	0	11	93.900	340.725
131	0	0	8	534.350	589.300	94.150	149.600	0.500	0.500	0.500	none	0	11	93.900	340.725
131	0	0	9	589.300	644.100	94.150	149.600	0.500	0.500	0.500	0.500	0	11	93.900	340.725
131	0	0	10	644.100	699.950	94.150	149.600	0.500	0.500	0.500	0.500	0	11	93.900	340.725
131	0	0	11	699.950	734.650	94.150	149.600	0.500	none	none	0.500	0	11	93.900	340.725
131	0	1	0	57.850	143.750	149.600	200.350	0.500	0.500	0.500	0.500	0	11	93.900	340.725
131	0	1	1	143.750	205.300	149.600	166.600	none	0.500	none	0.500	0	11	93.900	340.725
131	0	1	2	205.300	260.100	149.600	166.600	none	0.500	none	0.500	0	11	93.900	340.725
131	0	1	3	260.100	315.150	149.600	166.600	none	0.500	0.500	0.500	0	11	93.900	340.725
131	0	1	4	315.150	369.950	149.600	166.600	none	0.500	0.500	0.500	0	11	93.900	340.725
131	0	1	5	369.950	424.750	149.600	166.600	none	0.500	none	0.500	0	11	93.900	340.725
131	0	1	6	424.750	479.550	149.600	166.600	none	0.500	none	0.500	0	11	93.900	340.725
131	0	1	7	479.550	534.350	149.600	166.600	none	0.500	0.500	0.500	0	11	93.900	340.725
131	0	1	8	534.350	589.300	149.600	166.600	none	0.500	none	0.500	0	11	93.900	340.725
131	0	1	9	589.300	644.100	149.600	166.600	0.500	0.500	none	0.500	0	11	93.900	340.725
131	0	1	10	644.100	699.950	149.600	166.600	0.500	0.500	0.500	0.500	0	11	93.900	340.725
131	0	1	11	699.950	734.650	149.600	166.600	0.500	none	none	0.500	0	11	93.900	340.725
131	0	2	1	143.750	205.300	166.600	183.600	none	0.500	none	0.500	0	11	93.900	340.725
131	0	2	2	205.300	260.100	166.600	183.600	none	0.500	none	0.500	0	11	93.900	340.725
131	0	2	3	260.100	315.150	166.600	183.600	none	0.500	0.500	0.500	0	11	93.900	340.725
131	0	2	4	315.150	369.950	166.600	183.600	none	0.500	0.500	0.500	0	11	93.900	340.725
131	0	2	5	369.950	424.750	166.600	183.600	none	0.500	none	0.500	0	11	93.900	340.725
131	0	2	6	424.750	479.550	166.600	183.600	none	0.500	none	0.500	0	11	93.900	340.725
131	0	2	7	479.550	534.350	166.600	183.600	none	0.500	0.500	0.500	0	11	93.900	340.725
131	0	2	8	534.350	589.300	166.600	183.600	none	0.500	none	0.500	0	11	93.900	340.725
131	0	2	9	589.300	644.100	166.600	183.600	0.500	0.500	none	0.500	0	11	93.900	340.725
131	0	2	10	644.100	699.950	166.600	183.600	0.500	0.500	0.500	0.500	0	11	93.900	340.725
131	0	2	11	699.950	734.650	166.600	183.600	none	none	none	0.500	0	11	93.900	340.725
131	0	3	1	143.750	205.300	183.600	200.350	none	0.500	none	0.500	0	11	93.900	340.725
131	0	3	2	205.300	260.100	183.600	200.350	none	0.500	none	0.500	0	11	93.900	340.725
131	0	3	3	260.100	315.150	183.600	200.350	none	0.500	0.500	0.500	0	11	93.900	340.725
131	0	3	4	315.150	369.950	183.600	200.350	none	0.500	0.500	0.500	0	11	93.900	340.725
131	0	3	5	369.950	424.750	183.600	200.350	none	0.500	none	0.500	0	11	93.900	340.725
131	0	3	6	424.750	479.550	183.600	200.350	none	0.500	none	0.500	0	11	93.900	340.725
131	0	3	7	479.550	534.350	183.600	200.350	none	0.500	0.500	0.500	0	11	93.900	340.725
131	0	3	8	534.350	589.300	183.600	200.350	none	0.500	none	0.500	0	11	93.900	340.725
131	0	3	9	589.300	734.650	183.600	340.600	none	0.500	none	0.500	0	11	93.900	340.725
131	0	4	0	57.850	143.750	200.350	233.850	none	0.500	0.500	0.500	0	11	93.900	340.725
131	0	4	1	143.750	205.300	200.350	217.100	none	0.500	none	0.500	0	11	93.900	340.725
131	0	4	2	205.300	260.100	200.350	217.100	none	0.500	none	0.500	0	11	93.900	340.725
131	0	4	3	260.100	315.150	200.350	217.100	none	0.500	0.500	0.500	0	11	93.900	340.725
131	0	4	4	315.150	369.950	200.350	217.100	none	0.500	0.500	0.500	0	11	93.900	340.725
131	0	4	5	369.950	424.750	200.350	217.100	none	0.500	none	0.500	0	11	93.900	340.725
131	0	4	6	424.750	479.550	200.350	217.100	none	0.500	none	0.500	0	11	93.900	340.725
131	0	4	7	479.550	534.350	200.350	217.100	none	0.500	0.500	0.500	0	11	93.900	340.725
131	0	4	8	534.350	589.300	200.350	217.100	none	0.500	none	0.500	0	11	93.900	340.725
131	0	5	1	143.750	205.300	217.100	233.850	none	0.500	none	0.500	0	11	93.900	340.725
131	0	5	2	205.300	260.100	217.100	233.850	none	0.500	none	0.500	0	11	93.900	340.725
131	0	5	3	260.100	315.150	217.100	233.850	none	0.500	0.500	0.500	0	11	93.900	340.725
131	0	5	4	315.150	369.950	217.100	233.850	none	0.500	0.500	0.500	0	11	93.900	340.725
131	0	5	5	369.950	424.750	217.100	233.850	none	0.500	none	0.500	0	11	93.900	340.725
131	0	5	6	424.750	479.550	217.100	233.850	none	0.500	none	0.500	0	11	93.900	340.725
131	0	5	7	479.550	534.350	217.100	233.850	none	0.500	0.500	0.500	0	11	93.900	340.725
131	0	5	8	534.350	589.300	217.100	233.850	none	0.500	none	0.500	0	11	93.900	340.725
131	0	6	0	57.850	143.750	233.850	267.600	none	0.500	0.500	0.500	0	11	93.900	340.725
131	0	6	1	143.750	205.300	233.850	250.600	none	0.500	none	0.500	0	11	93.900	340.725
131	0	6	2	205.300	260.100	233.850	250.600	none	0.500	none	0.500	0	11	93.900	340.725
131	0	6	3	260.100	315.150	233.850	250.600	none	0.500	0.500	0.500	0	11	93.900	340.725
131	0	6	4	315.150	369.950	233.850	250.600	none	0.500	0.500	0.500	0	11	93.900	340.725
131	0	6	5	369.950	424.750	233.850	250.600	none	0.500	none	0.500	0	11	93.900	340.725
131	0	6	6	424.750	479.550	233.850	250.600	none	0.500	none	0.500	0	11	93.900	340.725
131	0	6	7	479.550	534.350	233.850	250.600	none	0.500	0.500	0.500	0	11	93.900	340.725
131	0	6	8	534.350	589.300	233.850	250.600	none	0.500	none	0.500	0	11	93.900	340.725
131	0	7	1	143.750	205.300	250.600	267.600	none	0.500	none	0.500	0	11	93.900	340.725
131	0	7	2	205.300	260.100	250.600	267.600	none	0.500	none	0.500	0	11	93.900	340.725
131	0	7	3	260.100	315.150	250.600	267.600	none	0.500	0.500	0.500	0	11	93.900	340.725
131	0	7	4	315.150	369.950	250.600	267.600	none	0.500	0.500	0.500	0	11	93.900	340.725
131	0	7	5	369.950	424.750	250.600	267.600	none	0.500	none	0.500	0	11	93.900	340.725
131	0	7	6	424.750	479.550	250.600	267.600	none	0.500	none	0.500	0	11	93.900	340.725
131	0	7	7	479.550	534.350	250.600	267.600	0.500	0.500	0.500	0.500	0	11	93.900	340.725
131	0	7	8	534.350	589.300	250.600	267.600	0.500	0.500	none	0.500	0	11	93.900	340.725
131	0	8	0	57.850	143.750	267.600	292.100	none	0.500	0.500	0.500	0	11	93.900	340.725
131	0	8	1	143.750	205.300	267.600	292.100	none	0.500	none	0.500	0	11	93.900	340.725
131	0	8	2	205.300	260.100	267.600	292.100	none	0.500	none	0.500	0	11	93.900	340.725
131	0	8	3	260.100	315.150	267.600	292.100	none	0.500	0.500	0.500	0	11	93.900	340.725
131	0	8	4	315.150	369.950	267.600	292.100	none	0.500	0.500	0.500	0	11	93.900	340.725
131	0	8	5	369.950	424.750	267.600	292.100	none	0.500	none	0.500	0	11	93.900	340.725
131	0	8	6	424.750	479.550	267.600	292.100	none	0.500	none	0.500	0	11	93.900	340.725
131	0	8	7	479.550	589.300	267.600	340.600	0.500	0.500	0.500	none	0	11	93.900	340.725
131	0	9	0	57.850	143.750	292.100	316.350	none	0.500	0.500	0.500	0	11	93.900	340.725
131	0	9	1	143.750	205.300	292.100	316.350	none	0.500	none	0.500	0	11	93.900	340.725
131	0	9	2	205.300	260.100	292.100	316.350	none	0.500	none	0.500	0	11	93.900	340.725
131	0	9	3	260.100	315.150	292.100	316.350	none	0.500	0.500	0.500	0	11	93.900	340.725
131	0	9	4	315.150	369.950	292.100	316.350	none	0.500	0.500	0.500	0	11	93.900	340.725
131	0	9	5	369.950	424.750	292.100	316.350	none	0.500	none	0.500	0	11	93.900	340.725
131	0	9	6	424.750	479.550	292.100	316.350	none	0.500	none	0.500	0	11	93.900	340.725
131	0	10	0	57.850	143.750	316.350	340.600	none	0.500	0.500	0.500	0	11	93.900	340.725
131	0	10	1	143.750	205.300	316.350	340.600	none	0.500	none	0.500	0	11	93.900	340.725
131	0	10	2	205.300	260.100	316.350	340.600	none	0.500	none	0.500	0	11	93.900	340.725
131	0	10	3	260.100	315.150	316.350	340.600	none	0.500	0.500	0.500	0	11	93.900	340.725
131	0	10	4	315.150	369.950	316.350	340.600	none	0.500	0.500	0.500	0	11	93.900	340.725
131	0	10	5	369.950	424.750	316.350	340.600	none	0.500	none	0.500	0	11	93.900	340.725
131	0	10	6	424.750	479.550	316.350	340.600	none	0.500	none	0.500	0	11	93.900	340.725
132	0	0	0	57.850	143.750	94.150	149.600	0.500	none	0.500	0.500	0	10	93.900	316.475
132	0	0	1	143.750	205.300	94.150	149.600	0.500	0.500	none	0.500	0	10	93.900	316.475
132	0	0	2	205.300	260.050	94.150	149.600	0.500	0.500	none	none	0	10	93.900	316.475
132	0	0	3	260.050	315.050	94.150	149.600	0.500	0.500	0.500	0.500	0	10	93.900	316.475
132	0	0	4	315.050	369.850	94.150	149.600	0.500	0.500	0.500	none	0	10	93.900	316.475
132	0	0	5	369.850	424.650	94.150	149.600	0.500	0.500	0.500	none	0	10	93.900	316.475
132	0	0	6	424.650	479.450	94.150	149.600	0.500	0.500	0.500	none	0	10	93.900	316.475
132	0	0	7	479.450	534.250	94.150	149.600	0.500	0.500	0.500	none	0	10	93.900	316.475
132	0	0	8	534.250	589.150	94.150	149.600	0.500	0.500	0.500	none	0	10	93.900	316.475
132	0	0	9	589.150	643.950	94.150	149.600	0.500	0.500	0.500	0.500	0	10	93.900	316.475
132	0	0	10	643.950	699.550	94.150	149.600	0.500	0.500	0.500	0.500	0	10	93.900	316.475
132	0	0	11	699.550	734.650	94.150	149.600	0.500	none	none	0.500	0	10	93.900	316.475
132	0	1	0	57.850	143.750	149.600	200.350	0.500	0.500	0.500	0.500	0	10	93.900	316.475
132	0	1	1	143.750	205.300	149.600	166.600	none	0.500	none	0.500	0	10	93.900	316.475
132	0	1	2	205.300	260.050	149.600	166.600	none	0.500	none	0.500	0	10	93.900	316.475
132	0	1	3	260.050	315.050	149.600	166.600	none	0.500	0.500	0.500	0	10	93.900	316.475
132	0	1	4	315.050	369.850	149.600	166.600	none	0.500	0.500	0.500	0	10	93.900	316.475
132	0	1	5	369.850	424.650	149.600	166.600	none	0.500	none	0.500	0	10	93.900	316.475
132	0	1	6	424.650	479.450	149.600	166.600	none	0.500	none	0.500	0	10	93.900	316.475
132	0	1	7	479.450	534.250	149.600	166.600	none	0.500	0.500	0.500	0	10	93.900	316.475
132	0	1	8	534.250	589.150	149.600	166.600	none	0.500	none	0.500	0	10	93.900	316.475
132	0	1	9	589.150	643.950	149.600	166.600	0.500	0.500	none	0.500	0	10	93.900	316.475
132	0	1	10	643.950	699.550	149.600	166.600	0.500	0.500	0.500	0.500	0	10	93.900	316.475
132	0	1	11	699.550	734.650	149.600	166.600	0.500	none	none	0.500	0	10	93.900	316.475
132	0	2	1	143.750	205.300	166.600	183.600	none	0.500	none	0.500	0	10	93.900	316.475
132	0	2	2	205.300	260.050	166.600	183.600	none	0.500	none	0.500	0	10	93.900	316.475
132	0	2	3	260.050	315.050	166.600	183.600	none	0.500	0.500	0.500	0	10	93.900	316.475
132	0	2	4	315.050	369.850	166.600	183.600	none	0.500	0.500	0.500	0	10	93.900	316.475
132	0	2	5	369.850	424.650	166.600	183.600	none	0.500	none	0.500	0	10	93.900	316.475
132	0	2	6	424.650	479.450	166.600	183.600	none	0.500	none	0.500	0	10	93.900	316.475
132	0	2	7	479.450	534.250	166.600	183.600	none	0.500	0.500	0.500	0	10	93.900	316.475
132	0	2	8	534.250	589.150	166.600	183.600	none	0.500	none	0.500	0	10	93.900	316.475
132	0	2	9	589.150	643.950	166.600	183.600	0.500	0.500	none	0.500	0	10	93.900	316.475
132	0	2	10	643.950	699.550	166.600	183.600	0.500	0.500	0.500	0.500	0	10	93.900	316.475
132	0	2	11	699.550	734.650	166.600	183.600	none	none	none	0.500	0	10	93.900	316.475
132	0	3	1	143.750	205.300	183.600	200.350	none	0.500	none	0.500	0	10	93.900	316.475
132	0	3	2	205.300	260.050	183.600	200.350	none	0.500	none	0.500	0	10	93.900	316.475
132	0	3	3	260.050	315.050	183.600	200.350	none	0.500	0.500	0.500	0	10	93.900	316.475
132	0	3	4	315.050	369.850	183.600	200.350	none	0.500	0.500	0.500	0	10	93.900	316.475
132	0	3	5	369.850	424.650	183.600	200.350	none	0.500	none	0.500	0	10	93.900	316.475
132	0	3	6	424.650	479.450	183.600	200.350	none	0.500	none	0.500	0	10	93.900	316.475
132	0	3	7	479.450	534.250	183.600	200.350	none	0.500	0.500	0.500	0	10	93.900	316.475
132	0	3	8	534.250	589.150	183.600	200.350	none	0.500	none	0.500	0	10	93.900	316.475
132	0	3	9	589.150	734.650	183.600	316.350	none	0.500	none	0.500	0	10	93.900	316.475
132	0	4	0	57.850	143.750	200.350	233.850	none	0.500	0.500	0.500	0	10	93.900	316.475
132	0	4	1	143.750	205.300	200.350	217.100	none	0.500	none	0.500	0	10	93.900	316.475
132	0	4	2	205.300	260.050	200.350	217.100	none	0.500	none	0.500	0	10	93.900	316.475
132	0	4	3	260.050	315.050	200.350	217.100	none	0.500	0.500	0.500	0	10	93.900	316.475
132	0	4	4	315.050	369.850	200.350	217.100	none	0.500	0.500	0.500	0	10	93.900	316.475
132	0	4	5	369.850	424.650	200.350	217.100	none	0.500	none	0.500	0	10	93.900	316.475
132	0	4	6	424.650	479.450	200.350	217.100	none	0.500	none	0.500	0	10	93.900	316.475
132	0	4	7	479.450	534.250	200.350	217.100	none	0.500	0.500	0.500	0	10	93.900	316.475
132	0	4	8	534.250	589.150	200.350	217.100	none	0.500	none	0.500	0	10	93.900	316.475
132	0	5	1	143.750	205.300	217.100	233.850	none	0.500	none	0.500	0	10	93.900	316.475
132	0	5	2	205.300	260.050	217.100	233.850	none	0.500	none	0.500	0	10	93.900	316.475
132	0	5	3	260.050	315.050	217.100	233.850	none	0.500	0.500	0.500	0	10	93.900	316.475
132	0	5	4	315.050	369.850	217.100	233.850	none	0.500	0.500	0.500	0	10	93.900	316.475
132	0	5	5	369.850	424.650	217.100	233.850	none	0.500	none	0.500	0	10	93.900	316.475
132	0	5	6	424.650	479.450	217.100	233.850	none	0.500	none	0.500	0	10	93.900	316.475
132	0	5	7	479.450	534.250	217.100	233.850	none	0.500	0.500	0.500	0	10	93.900	316.475
132	0	5	8	534.250	589.150	217.100	233.850	none	0.500	none	0.500	0	10	93.900	316.475
132	0	6	0	57.850	143.750	233.850	267.600	none	0.500	0.500	0.500	0	10	93.900	316.475
132	0	6	1	143.750	205.300	233.850	250.600	none	0.500	none	0.500	0	10	93.900	316.475
132	0	6	2	205.300	260.050	233.850	250.600	none	0.500	none	0.500	0	10	93.900	316.475
132	0	6	3	260.050	315.050	233.850	250.600	none	0.500	0.500	0.500	0	10	93.900	316.475
132	0	6	4	315.050	369.850	233.850	250.600	none	0.500	0.500	0.500	0	10	93.900	316.475
132	0	6	5	369.850	424.650	233.850	250.600	none	0.500	none	0.500	0	10	93.900	316.475
132	0	6	6	424.650	479.450	233.850	250.600	none	0.500	none	0.500	0	10	93.900	316.475
132	0	6	7	479.450	534.250	233.850	250.600	none	0.500	0.500	0.500	0	10	93.900	316.475
132	0	6	8	534.250	589.150	233.850	250.600	none	0.500	none	0.500	0	10	93.900	316.475
132	0	7	1	143.750	205.300	250.600	267.600	none	0.500	none	0.500	0	10	93.900	316.475
132	0	7	2	205.300	260.050	250.600	267.600	none	0.500	none	0.500	0	10	93.900	316.475
132	0	7	3	260.050	315.050	250.600	267.600	none	0.500	0.500	0.500	0	10	93.900	316.475
132	0	7	4	315.050	369.850	250.600	267.600	none	0.500	0.500	0.500	0	10	93.900	316.475
132	0	7	5	369.850	424.650	250.600	267.600	none	0.500	none	0.500	0	10	93.900	316.475
132	0	7	6	424.650	479.450	250.600	267.600	none	0.500	none	0.500	0	10	93.900	316.475
132	0	7	7	479.450	534.250	250.600	267.600	0.500	0.500	0.500	0.500	0	10	93.900	316.475
132	0	7	8	534.250	589.150	250.600	267.600	0.500	0.500	none	0.500	0	10	93.900	316.475
132	0	8	0	57.850	143.750	267.600	292.100	none	0.500	0.500	0.500	0	10	93.900	316.475
132	0	8	1	143.750	205.300	267.600	292.100	none	0.500	none	0.500	0	10	93.900	316.475
132	0	8	2	205.300	260.050	267.600	292.100	none	0.500	none	0.500	0	10	93.900	316.475
132	0	8	3	260.050	315.050	267.600	292.100	none	0.500	0.500	0.500	0	10	93.900	316.475
132	0	8	4	315.050	369.850	267.600	292.100	none	0.500	0.500	0.500	0	10	93.900	316.475
132	0	8	5	369.850	424.650	267.600	292.100	none	0.500	none	0.500	0	10	93.900	316.475
132	0	8	6	424.650	479.450	267.600	292.100	none	0.500	none	0.500	0	10	93.900	316.475
132	0	8	7	479.450	589.150	267.600	316.350	0.500	0.500	0.500	none	0	10	93.900	316.475
132	0	9	0	57.850	143.750	292.100	316.350	none	0.500	0.500	0.500	0	10	93.900	316.475
132	0	9	1	143.750	205.300	292.100	316.350	none	0.500	none	0.500	0	10	93.900	316.475
132	0	9	2	205.300	260.050	292.100	316.350	none	0.500	none	0.500	0	10	93.900	316.475
132	0	9	3	260.050	315.050	292.100	316.350	none	0.500	0.500	0.500	0	10	93.900	316.475
132	0	9	4	315.050	369.850	292.100	316.350	none	0.500	0.500	0.500	0	10	93.900	316.475
132	0	9	5	369.850	424.650	292.100	316.350	none	0.500	none	0.500	0	10	93.900	316.475
132	0	9	6	424.650	479.450	292.100	316.350	none	0.500	none	0.500	0	10	93.900	316.475
133	0	0	0	57.850	143.750	94.150	149.600	0.500	none	0.500	0.500	0	11	93.900	340.725
133	0	0	1	143.750	205.300	94.150	149.600	0.500	0.500	none	0.500	0	11	93.900	340.725
133	0	0	2	205.300	260.100	94.150	149.600	0.500	0.500	none	none	0	11	93.900	340.725
133	0	0	3	260.100	315.150	94.150	149.600	0.500	0.500	0.500	0.500	0	11	93.900	340.725
133	0	0	4	315.150	369.950	94.150	149.600	0.500	0.500	0.500	none	0	11	93.900	340.725
133	0	0	5	369.950	424.750	94.150	149.600	0.500	0.500	0.500	none	0	11	93.900	340.725
133	0	0	6	424.750	479.550	94.150	149.600	0.500	0.500	0.500	none	0	11	93.900	340.725
133	0	0	7	479.550	534.350	94.150	149.600	0.500	0.500	0.500	none	0	11	93.900	340.725
133	0	0	8	534.350	589.300	94.150	149.600	0.500	0.500	0.500	none	0	11	93.900	340.725
133	0	0	9	589.300	644.100	94.150	149.600	0.500	0.500	0.500	0.500	0	11	93.900	340.725
133	0	0	10	644.100	699.950	94.150	149.600	0.500	0.500	0.500	0.500	0	11	93.900	340.725
133	0	0	11	699.950	734.650	94.150	149.600	0.500	none	none	0.500	0	11	93.900	340.725
133	0	1	0	57.850	143.750	149.600	200.350	0.500	0.500	0.500	0.500	0	11	93.900	340.725
133	0	1	1	143.750	205.300	149.600	166.600	none	0.500	none	0.500	0	11	93.900	340.725
133	0	1	2	205.300	260.100	149.600	166.600	none	0.500	none	0.500	0	11	93.900	340.725
133	0	1	3	260.100	315.150	149.600	166.600	none	0.500	0.500	0.500	0	11	93.900	340.725
133	0	1	4	315.150	369.950	149.600	166.600	none	0.500	0.500	0.500	0	11	93.900	340.725
133	0	1	5	369.950	424.750	149.600	166.600	none	0.500	none	0.500	0	11	93.900	340.725
133	0	1	6	424.750	479.550	149.600	166.600	none	0.500	none	0.500	0	11	93.900	340.725
133	0	1	7	479.550	534.350	149.600	166.600	none	0.500	0.500	0.500	0	11	93.900	340.725
133	0	1	8	534.350	589.300	149.600	166.600	none	0.500	none	0.500	0	11	93.900	340.725
133	0	1	9	589.300	644.100	149.600	166.600	0.500	0.500	none	0.500	0	11	93.900	340.725
133	0	1	10	644.100	699.950	149.600	166.600	0.500	0.500	0.500	0.500	0	11	93.900	340.725
133	0	1	11	699.950	734.650	149.600	166.600	0.500	none	none	0.500	0	11	93.900	340.725
133	0	2	1	143.750	205.300	166.600	183.600	none	0.500	none	0.500	0	11	93.900	340.725
133	0	2	2	205.300	260.100	166.600	183.600	none	0.500	none	0.500	0	11	93.900	340.725
133	0	2	3	260.100	315.150	166.600	183.600	none	0.500	0.500	0.500	0	11	93.900	340.725
133	0	2	4	315.150	369.950	166.600	183.600	none	0.500	0.500	0.500	0	11	93.900	340.725
133	0	2	5	369.950	424.750	166.600	183.600	none	0.500	none	0.500	0	11	93.900	340.725
133	0	2	6	424.750	479.550	166.600	183.600	none	0.500	none	0.500	0	11	93.900	340.725
133	0	2	7	479.550	534.350	166.600	183.600	none	0.500	0.500	0.500	0	11	93.900	340.725
133	0	2	8	534.350	589.300	166.600	183.600	none	0.500	none	0.500	0	11	93.900	340.725
133	0	2	9	589.300	644.100	166.600	183.600	0.500	0.500	none	0.500	0	11	93.900	340.725
133	0	2	10	644.100	699.950	166.600	183.600	0.500	0.500	0.500	0.500	0	11	93.900	340.725
133	0	2	11	699.950	734.650	166.600	183.600	none	none	none	0.500	0	11	93.900	340.725
133	0	3	1	143.750	205.300	183.600	200.350	none	0.500	none	0.500	0	11	93.900	340.725
133	0	3	2	205.300	260.100	183.600	200.350	none	0.500	none	0.500	0	11	93.900	340.725
133	0	3	3	260.100	315.150	183.600	200.350	none	0.500	0.500	0.500	0	11	93.900	340.725
133	0	3	4	315.150	369.950	183.600	200.350	none	0.500	0.500	0.500	0	11	93.900	340.725
133	0	3	5	369.950	424.750	183.600	200.350	none	0.500	none	0.500	0	11	93.900	340.725
133	0	3	6	424.750	479.550	183.600	200.350	none	0.500	none	0.500	0	11	93.900	340.725
133	0	3	7	479.550	534.350	183.600	200.350	none	0.500	0.500	0.500	0	11	93.900	340.725
133	0	3	8	534.350	589.300	183.600	200.350	none	0.500	none	0.500	0	11	93.900	340.725
133	0	3	9	589.300	734.650	183.600	340.600	none	0.500	none	0.500	0	11	93.900	340.725
133	0	4	0	57.850	143.750	200.350	233.850	none	0.500	0.500	0.500	0	11	93.900	340.725
133	0	4	1	143.750	205.300	200.350	217.100	none	0.500	none	0.500	0	11	93.900	340.725
133	0	4	2	205.300	260.100	200.350	217.100	none	0.500	none	0.500	0	11	93.900	340.725
133	0	4	3	260.100	315.150	200.350	217.100	none	0.500	0.500	0.500	0	11	93.900	340.725
133	0	4	4	315.150	369.950	200.350	217.100	none	0.500	0.500	0.500	0	11	93.900	340.725
133	0	4	5	369.950	424.750	200.350	217.100	none	0.500	none	0.500	0	11	93.900	340.725
133	0	4	6	424.750	479.550	200.350	217.100	none	0.500	none	0.500	0	11	93.900	340.725
133	0	4	7	479.550	534.350	200.350	217.100	none	0.500	0.500	0.500	0	11	93.900	340.725
133	0	4	8	534.350	589.300	200.350	217.100	none	0.500	none	0.500	0	11	93.900	340.725
133	0	5	1	143.750	205.300	217.100	233.850	none	0.500	none	0.500	0	11	93.900	340.725
133	0	5	2	205.300	260.100	217.100	233.850	none	0.500	none	0.500	0	11	93.900	340.725
133	0	5	3	260.100	315.150	217.100	233.850	none	0.500	0.500	0.500	0	11	93.900	340.725
133	0	5	4	315.150	369.950	217.100	233.850	none	0.500	0.500	0.500	0	11	93.900	340.725
133	0	5	5	369.950	424.750	217.100	233.850	none	0.500	none	0.500	0	11	93.900	340.725
133	0	5	6	424.750	479.550	217.100	233.850	none	0.500	none	0.500	0	11	93.900	340.725
133	0	5	7	479.550	534.350	217.100	233.850	none	0.500	0.500	0.500	0	11	93.900	340.725
133	0	5	8	534.350	589.300	217.100	233.850	none	0.500	none	0.500	0	11	93.900	340.725
133	0	6	0	57.850	143.750	233.850	267.600	none	0.500	0.500	0.500	0	11	93.900	340.725
133	0	6	1	143.750	205.300	233.850	250.600	none	0.500	none	0.500	0	11	93.900	340.725
133	0	6	2	205.300	260.100	233.850	250.600	none	0.500	none	0.500	0	11	93.900	340.725
133	0	6	3	260.100	315.150	233.850	250.600	none	0.500	0.500	0.500	0	11	93.900	340.725
133	0	6	4	315.150	369.950	233.850	250.600	none	0.500	0.500	0.500	0	11	93.900	340.725
133	0	6	5	369.950	424.750	233.850	250.600	none	0.500	none	0.500	0	11	93.900	340.725
133	0	6	6	424.750	479.550	233.850	250.600	none	0.500	none	0.500	0	11	93.900	340.725
133	0	6	7	479.550	534.350	233.850	250.600	none	0.500	0.500	0.500	0	11	93.900	340.725
133	0	6	8	534.350	589.300	233.850	250.600	none	0.500	none	0.500	0	11	93.900	340.725
133	0	7	1	143.750	205.300	250.600	267.600	none	0.500	none	0.500	0	11	93.900	340.725
133	0	7	2	205.300	260.100	250.600	267.600	none	0.500	none	0.500	0	11	93.900	340.725
133	0	7	3	260.100	315.150	250.600	267.600	none	0.500	0.500	0.500	0	11	93.900	340.725
133	0	7	4	315.150	369.950	250.600	267.600	none	0.500	0.500	0.500	0	11	93.900	340.725
133	0	7	5	369.950	424.750	250.600	267.600	none	0.500	none	0.500	0	11	93.900	340.725
133	0	7	6	424.750	479.550	250.600	267.600	none	0.500	none	0.500	0	11	93.900	340.725
133	0	7	7	479.550	534.350	250.600	267.600	0.500	0.500	0.500	0.500	0	11	93.900	340.725
133	0	7	8	534.350	589.300	250.600	267.600	0.500	0.500	none	0.500	0	11	93.900	340.725
133	0	8	0	57.850	143.750	267.600	292.100	none	0.500	0.500	0.500	0	11	93.900	340.725
133	0	8	1	143.750	205.300	267.600	292.100	none	0.500	none	0.500	0	11	93.900	340.725
133	0	8	2	205.300	260.100	267.600	292.100	none	0.500	none	0.500	0	11	93.900	340.725
133	0	8	3	260.100	315.150	267.600	292.100	none	0.500	0.500	0.500	0	11	93.900	340.725
133	0	8	4	315.150	369.950	267.600	292.100	none	0.500	0.500	0.500	0	11	93.900	340.725
133	0	8	5	369.950	424.750	267.600	292.100	none	0.500	none	0.500	0	11	93.900	340.725
133	0	8	6	424.750	479.550	267.600	292.100	none	0.500	none	0.500	0	11	93.900	340.725
133	0	8	7	479.550	589.300	267.600	340.600	0.500	0.500	0.500	none	0	11	93.900	340.725
133	0	9	0	57.850	143.750	292.100	316.350	none	0.500	0.500	0.500	0	11	93.900	340.725
133	0	9	1	143.750	205.300	292.100	316.350	none	0.500	none	0.500	0	11	93.900	340.725
133	0	9	2	205.300	260.100	292.100	316.350	none	0.500	none	0.500	0	11	93.900	340.725
133	0	9	3	260.100	315.150	292.100	316.350	none	0.500	0.500	0.500	0	11	93.900	340.725
133	0	9	4	315.150	369.950	292.100	316.350	none	0.500	0.500	0.500	0	11	93.900	340.725
133	0	9	5	369.950	424.750	292.100	316.350	none	0.500	none	0.500	0	11	93.900	340.725
133	0	9	6	424.750	479.550	292.100	316.350	none	0.500	none	0.500	0	11	93.900	340.725
133	0	10	0	57.850	143.750	316.350	340.600	none	0.500	0.500	0.500	0	11	93.900	340.725
133	0	10	1	143.750	205.300	316.350	340.600	none	0.500	none	0.500	0	11	93.900	340.725
133	0	10	2	205.300	260.100	316.350	340.600	none	0.500	none	0.500	0	11	93.900	340.725
133	0	10	3	260.100	315.150	316.350	340.600	none	0.500	0.500	0.500	0	11	93.900	340.725
133	0	10	4	315.150	369.950	316.350	340.600	none	0.500	0.500	0.500	0	11	93.900	340.725
133	0	10	5	369.950	424.750	316.350	340.600	none	0.500	none	0.500	0	11	93.900	340.725
133	0	10	6	424.750	479.550	316.350	340.600	none	0.500	none	0.500	0	11	93.900	340.725
134	0	0	0	57.850	143.750	94.150	149.600	0.500	none	0.500	0.500	0	11	93.900	340.725
134	0	0	1	143.750	205.300	94.150	149.600	0.500	0.500	none	0.500	0	11	93.900	340.725
134	0	0	2	205.300	260.100	94.150	149.600	0.500	0.500	none	none	0	11	93.900	340.725
134	0	0	3	260.100	315.150	94.150	149.600	0.500	0.500	0.500	0.500	0	11	93.900	340.725
134	0	0	4	315.150	369.950	94.150	149.600	0.500	0.500	0.500	none	0	11	93.900	340.725
134	0	0	5	369.950	424.750	94.150	149.600	0.500	0.500	0.500	none	0	11	93.900	340.725
134	0	0	6	424.750	479.550	94.150	149.600	0.500	0.500	0.500	none	0	11	93.900	340.725
134	0	0	7	479.550	534.350	94.150	149.600	0.500	0.500	0.500	none	0	11	93.900	340.725
134	0	0	8	534.350	589.300	94.150	149.600	0.500	0.500	0.500	none	0	11	93.900	340.725
134	0	0	9	589.300	644.100	94.150	149.600	0.500	0.500	0.500	0.500	0	11	93.900	340.725
134	0	0	10	644.100	699.950	94.150	149.600	0.500	0.500	0.500	0.500	0	11	93.900	340.725
134	0	0	11	699.950	734.650	94.150	149.600	0.500	none	none	0.500	0	11	93.900	340.725
134	0	1	0	57.850	143.750	149.600	200.350	0.500	0.500	0.500	0.500	0	11	93.900	340.725
134	0	1	1	143.750	205.300	149.600	166.600	none	0.500	none	0.500	0	11	93.900	340.725
134	0	1	2	205.300	260.100	149.600	166.600	none	0.500	none	0.500	0	11	93.900	340.725
134	0	1	3	260.100	315.150	149.600	166.600	none	0.500	0.500	0.500	0	11	93.900	340.725
134	0	1	4	315.150	369.950	149.600	166.600	none	0.500	0.500	0.500	0	11	93.900	340.725
134	0	1	5	369.950	424.750	149.600	166.600	none	0.500	none	0.500	0	11	93.900	340.725
134	0	1	6	424.750	479.550	149.600	166.600	none	0.500	none	0.500	0	11	93.900	340.725
134	0	1	7	479.550	534.350	149.600	166.600	none	0.500	0.500	0.500	0	11	93.900	340.725
134	0	1	8	534.350	589.300	149.600	166.600	none	0.500	none	0.500	0	11	93.900	340.725
134	0	1	9	589.300	644.100	149.600	166.600	0.500	0.500	none	0.500	0	11	93.900	340.725
134	0	1	10	644.100	699.950	149.600	166.600	0.500	0.500	0.500	0.500	0	11	93.900	340.725
134	0	1	11	699.950	734.650	149.600	166.600	0.500	none	none	0.500	0	11	93.900	340.725
134	0	2	1	143.750	205.300	166.600	183.600	none	0.500	none	0.500	0	11	93.900	340.725
134	0	2	2	205.300	260.100	166.600	183.600	none	0.500	none	0.500	0	11	93.900	340.725
134	0	2	3	260.100	315.150	166.600	183.600	none	0.500	0.500	0.500	0	11	93.900	340.725
134	0	2	4	315.150	369.950	166.600	183.600	none	0.500	0.500	0.500	0	11	93.900	340.725
134	0	2	5	369.950	424.750	166.600	183.600	none	0.500	none	0.500	0	11	93.900	340.725
134	0	2	6	424.750	479.550	166.600	183.600	none	0.500	none	0.500	0	11	93.900	340.725
134	0	2	7	479.550	534.350	166.600	183.600	none	0.500	0.500	0.500	0	11	93.900	340.725
134	0	2	8	534.350	589.300	166.600	183.600	none	0.500	none	0.500	0	11	93.900	340.725
134	0	2	9	589.300	644.100	166.600	183.600	0.500	0.500	none	0.500	0	11	93.900	340.725
134	0	2	10	644.100	699.950	166.600	183.600	0.500	0.500	0.500	0.500	0	11	93.900	340.725
134	0	2	11	699.950	734.650	166.600	183.600	none	none	none	0.500	0	11	93.900	340.725
134	0	3	1	143.750	205.300	183.600	200.350	none	0.500	none	0.500	0	11	93.900	340.725
134	0	3	2	205.300	260.100	183.600	200.350	none	0.500	none	0.500	0	11	93.900	340.725
134	0	3	3	260.100	315.150	183.600	200.350	none	0.500	0.500	0.500	0	11	93.900	340.725
134	0	3	4	315.150	369.950	183.600	200.350	none	0.500	0.500	0.500	0	11	93.900	340.725
134	0	3	5	369.950	424.750	183.600	200.350	none	0.500	none	0.500	0	11	93.900	340.725
134	0	3	6	424.750	479.550	183.600	200.350	none	0.500	none	0.500	0	11	93.900	340.725
134	0	3	7	479.550	534.350	183.600	200.350	none	0.500	0.500	0.500	0	11	93.900	340.725
134	0	3	8	534.350	589.300	183.600	200.350	none	0.500	none	0.500	0	11	93.900	340.725
134	0	3	9	589.300	734.650	183.600	340.600	none	0.500	none	0.500	0	11	93.900	340.725
134	0	4	0	57.850	143.750	200.350	233.850	none	0.500	0.500	0.500	0	11	93.900	340.725
134	0	4	1	143.750	205.300	200.350	217.100	none	0.500	none	0.500	0	11	93.900	340.725
134	0	4	2	205.300	260.100	200.350	217.100	none	0.500	none	0.500	0	11	93.900	340.725
134	0	4	3	260.100	315.150	200.350	217.100	none	0.500	0.500	0.500	0	11	93.900	340.725
134	0	4	4	315.150	369.950	200.350	217.100	none	0.500	0.500	0.500	0	11	93.900	340.725
134	0	4	5	369.950	424.750	200.350	217.100	none	0.500	none	0.500	0	11	93.900	340.725
134	0	4	6	424.750	479.550	200.350	217.100	none	0.500	none	0.500	0	11	93.900	340.725
134	0	4	7	479.550	534.350	200.350	217.100	none	0.500	0.500	0.500	0	11	93.900	340.725
134	0	4	8	534.350	589.300	200.350	217.100	none	0.500	none	0.500	0	11	93.900	340.725
134	0	5	1	143.750	205.300	217.100	233.850	none	0.500	none	0.500	0	11	93.900	340.725
134	0	5	2	205.300	260.100	217.100	233.850	none	0.500	none	0.500	0	11	93.900	340.725
134	0	5	3	260.100	315.150	217.100	233.850	none	0.500	0.500	0.500	0	11	93.900	340.725
134	0	5	4	315.150	369.950	217.100	233.850	none	0.500	0.500	0.500	0	11	93.900	340.725
134	0	5	5	369.950	424.750	217.100	233.850	none	0.500	none	0.500	0	11	93.900	340.725
134	0	5	6	424.750	479.550	217.100	233.850	none	0.500	none	0.500	0	11	93.900	340.725
134	0	5	7	479.550	534.350	217.100	233.850	none	0.500	0.500	0.500	0	11	93.900	340.725
134	0	5	8	534.350	589.300	217.100	233.850	none	0.500	none	0.500	0	11	93.900	340.725
134	0	6	0	57.850	143.750	233.850	267.600	none	0.500	0.500	0.500	0	11	93.900	340.725
134	0	6	1	143.750	205.300	233.850	250.600	none	0.500	none	0.500	0	11	93.900	340.725
134	0	6	2	205.300	260.100	233.850	250.600	none	0.500	none	0.500	0	11	93.900	340.725
134	0	6	3	260.100	315.150	233.850	250.600	none	0.500	0.500	0.500	0	11	93.900	340.725
134	0	6	4	315.150	369.950	233.850	250.600	none	0.500	0.500	0.500	0	11	93.900	340.725
134	0	6	5	369.950	424.750	233.850	250.600	none	0.500	none	0.500	0	11	93.900	340.725
134	0	6	6	424.750	479.550	233.850	250.600	none	0.500	none	0.500	0	11	93.900	340.725
134	0	6	7	479.550	534.350	233.850	250.600	none	0.500	0.500	0.500	0	11	93.900	340.725
134	0	6	8	534.350	589.300	233.850	250.600	none	0.500	none	0.500	0	11	93.900	340.725
134	0	7	1	143.750	205.300	250.600	267.600	none	0.500	none	0.500	0	11	93.900	340.725
134	0	7	2	205.300	260.100	250.600	267.600	none	0.500	none	0.500	0	11	93.900	340.725
134	0	7	3	260.100	315.150	250.600	267.600	none	0.500	0.500	0.500	0	11	93.900	340.725
134	0	7	4	315.150	369.950	250.600	267.600	none	0.500	0.500	0.500	0	11	93.900	340.725
134	0	7	5	369.950	424.750	250.600	267.600	none	0.500	none	0.500	0	11	93.900	340.725
134	0	7	6	424.750	479.550	250.600	267.600	none	0.500	none	0.500	0	11	93.900	340.725
134	0	7	7	479.550	534.350	250.600	267.600	0.500	0.500	0.500	0.500	0	11	93.900	340.725
134	0	7	8	534.350	589.300	250.600	267.600	0.500	0.500	none	0.500	0	11	93.900	340.725
134	0	8	0	57.850	143.750	267.600	292.100	none	0.500	0.500	0.500	0	11	93.900	340.725
134	0	8	1	143.750	205.300	267.600	292.100	none	0.500	none	0.500	0	11	93.900	340.725
134	0	8	2	205.300	260.100	267.600	292.100	none	0.500	none	0.500	0	11	93.900	340.725
134	0	8	3	260.100	315.150	267.600	292.100	none	0.500	0.500	0.500	0	11	93.900	340.725
134	0	8	4	315.150	369.950	267.600	292.100	none	0.500	0.500	0.500	0	11	93.900	340.725
134	0	8	5	369.950	424.750	267.600	292.100	none	0.500	none	0.500	0	11	93.900	340.725
134	0	8	6	424.750	479.550	267.600	292.100	none	0.500	none	0.500	0	11	93.900	340.725
134	0	8	7	479.550	589.300	267.600	340.600	0.500	0.500	0.500	none	0	11	93.900	340.725
134	0	9	0	57.850	143.750	292.100	316.350	none	0.500	0.500	0.500	0	11	93.900	340.725
134	0	9	1	143.750	205.300	292.100	316.350	none	0.500	none	0.500	0	11	93.900	340.725
134	0	9	2	205.300	260.100	292.100	316.350	none	0.500	none	0.500	0	11	93.900	340.725
134	0	9	3	260.100	315.150	292.100	316.350	none	0.500	0.500	0.500	0	11	93.900	340.725
134	0	9	4	315.150	369.950	292.100	316.350	none	0.500	0.500	0.500	0	11	93.900	340.725
134	0	9	5	369.950	424.750	292.100	316.350	none	0.500	none	0.500	0	11	93.900	340.725
134	0	9	6	424.750	479.550	292.100	316.350	none	0.500	none	0.500	0	11	93.900	340.725
134	0	10	0	57.850	143.750	316.350	340.600	none	0.500	0.500	0.500	0	11	93.900	340.725
134	0	10	1	143.750	205.300	316.350	340.600	none	0.500	none	0.500	0	11	93.900	340.725
134	0	10	2	205.300	260.100	316.350	340.600	none	0.500	none	0.500	0	11	93.900	340.725
134	0	10	3	260.100	315.150	316.350	340.600	none	0.500	0.500	0.500	0	11	93.900	340.725
134	0	10	4	315.150	369.950	316.350	340.600	none	0.500	0.500	0.500	0	11	93.900	340.725
134	0	10	5	369.950	424.750	316.350	340.600	none	0.500	none	0.500	0	11	93.900	340.725
134	0	10	6	424.750	479.550	316.350	340.600	none	0.500	none	0.500	0	11	93.900	340.725
135	0	0	0	57.850	143.750	94.150	149.600	0.500	none	0.500	0.500	0	11	93.900	340.725
135	0	0	1	143.750	205.300	94.150	149.600	0.500	0.500	none	0.500	0	11	93.900	340.725
135	0	0	2	205.300	260.100	94.150	149.600	0.500	0.500	none	none	0	11	93.900	340.725
135	0	0	3	260.100	315.150	94.150	149.600	0.500	0.500	0.500	0.500	0	11	93.900	340.725
135	0	0	4	315.150	369.950	94.150	149.600	0.500	0.500	0.500	none	0	11	93.900	340.725
135	0	0	5	369.950	424.750	94.150	149.600	0.500	0.500	0.500	none	0	11	93.900	340.725
135	0	0	6	424.750	479.550	94.150	149.600	0.500	0.500	0.500	none	0	11	93.900	340.725
135	0	0	7	479.550	534.350	94.150	149.600	0.500	0.500	0.500	none	0	11	93.900	340.725
135	0	0	8	534.350	589.300	94.150	149.600	0.500	0.500	0.500	none	0	11	93.900	340.725
135	0	0	9	589.300	644.100	94.150	149.600	0.500	0.500	0.500	0.500	0	11	93.900	340.725
135	0	0	10	644.100	699.950	94.150	149.600	0.500	0.500	0.500	0.500	0	11	93.900	340.725
135	0	0	11	699.950	734.650	94.150	149.600	0.500	none	none	0.500	0	11	93.900	340.725
135	0	1	0	57.850	143.750	149.600	200.350	0.500	0.500	0.500	0.500	0	11	93.900	340.725
135	0	1	1	143.750	205.300	149.600	166.600	none	0.500	none	0.500	0	11	93.900	340.725
135	0	1	2	205.300	260.100	149.600	166.600	none	0.500	none	0.500	0	11	93.900	340.725
135	0	1	3	260.100	315.150	149.600	166.600	none	0.500	0.500	0.500	0	11	93.900	340.725
135	0	1	4	315.150	369.950	149.600	166.600	none	0.500	0.500	0.500	0	11	93.900	340.725
135	0	1	5	369.950	424.750	149.600	166.600	none	0.500	none	0.500	0	11	93.900	340.725
135	0	1	6	424.750	479.550	149.600	166.600	none	0.500	none	0.500	0	11	93.900	340.725
135	0	1	7	479.550	534.350	149.600	166.600	none	0.500	0.500	0.500	0	11	93.900	340.725
135	0	1	8	534.350	589.300	149.600	166.600	none	0.500	none	0.500	0	11	93.900	340.725
135	0	1	9	589.300	644.100	149.600	166.600	0.500	0.500	none	0.500	0	11	93.900	340.725
135	0	1	10	644.100	699.950	149.600	166.600	0.500	0.500	0.500	0.500	0	11	93.900	340.725
135	0	1	11	699.950	734.650	149.600	166.600	0.500	none	none	0.500	0	11	93.900	340.725
135	0	2	1	143.750	205.300	166.600	183.600	none	0.500	none	0.500	0	11	93.900	340.725
135	0	2	2	205.300	260.100	166.600	183.600	none	0.500	none	0.500	0	11	93.900	340.725
135	0	2	3	260.100	315.150	166.600	183.600	none	0.500	0.500	0.500	0	11	93.900	340.725
135	0	2	4	315.150	369.950	166.600	183.600	none	0.500	0.500	0.500	0	11	93.900	340.725
135	0	2	5	369.950	424.750	166.600	183.600	none	0.500	none	0.500	0	11	93.900	340.725
135	0	2	6	424.750	479.550	166.600	183.600	none	0.500	none	0.500	0	11	93.900	340.725
135	0	2	7	479.550	534.350	166.600	183.600	none	0.500	0.500	0.500	0	11	93.900	340.725
135	0	2	8	534.350	589.300	166.600	183.600	none	0.500	none	0.500	0	11	93.900	340.725
135	0	2	9	589.300	644.100	166.600	183.600	0.500	0.500	none	0.500	0	11	93.900	340.725
135	0	2	10	644.100	699.950	166.600	183.600	0.500	0.500	0.500	0.500	0	11	93.900	340.725
135	0	2	11	699.950	734.650	166.600	183.600	none	none	none	0.500	0	11	93.900	340.725
135	0	3	1	143.750	205.300	183.600	200.350	none	0.500	none	0.500	0	11	93.900	340.725
135	0	3	2	205.300	260.100	183.600	200.350	none	0.500	none	0.500	0	11	93.900	340.725
135	0	3	3	260.100	315.150	183.600	200.350	none	0.500	0.500	0.500	0	11	93.900	340.725
135	0	3	4	315.150	369.950	183.600	200.350	none	0.500	0.500	0.500	0	11	93.900	340.725
135	0	3	5	369.950	424.750	183.600	200.350	none	0.500	none	0.500	0	11	93.900	340.725
135	0	3	6	424.750	479.550	183.600	200.350	none	0.500	none	0.500	0	11	93.900	340.725
135	0	3	7	479.550	534.350	183.600	200.350	none	0.500	0.500	0.500	0	11	93.900	340.725
135	0	3	8	534.350	589.300	183.600	200.350	none	0.500	none	0.500	0	11	93.900	340.725
135	0	3	9	589.300	734.650	183.600	340.600	none	0.500	none	0.500	0	11	93.900	340.725
135	0	4	0	57.850	143.750	200.350	233.850	none	0.500	0.500	0.500	0	11	93.900	340.725
135	0	4	1	143.750	205.300	200.350	217.100	none	0.500	none	0.500	0	11	93.900	340.725
135	0	4	2	205.300	260.100	200.350	217.100	none	0.500	none	0.500	0	11	93.900	340.725
135	0	4	3	260.100	315.150	200.350	217.100	none	0.500	0.500	0.500	0	11	93.900	340.725
135	0	4	4	315.150	369.950	200.350	217.100	none	0.500	0.500	0.500	0	11	93.900	340.725
135	0	4	5	369.950	424.750	200.350	217.100	none	0.500	none	0.500	0	11	93.900	340.725
135	0	4	6	424.750	479.550	200.350	217.100	none	0.500	none	0.500	0	11	93.900	340.725
135	0	4	7	479.550	534.350	200.350	217.100	none	0.500	0.500	0.500	0	11	93.900	340.725
135	0	4	8	534.350	589.300	200.350	217.100	none	0.500	none	0.500	0	11	93.900	340.725
135	0	5	1	143.750	205.300	217.100	233.850	none	0.500	none	0.500	0	11	93.900	340.725
135	0	5	2	205.300	260.100	217.100	233.850	none	0.500	none	0.500	0	11	93.900	340.725
135	0	5	3	260.100	315.150	217.100	233.850	none	0.500	0.500	0.500	0	11	93.900	340.725
135	0	5	4	315.150	369.950	217.100	233.850	none	0.500	0.500	0.500	0	11	93.900	340.725
135	0	5	5	369.950	424.750	217.100	233.850	none	0.500	none	0.500	0	11	93.900	340.725
135	0	5	6	424.750	479.550	217.100	233.850	none	0.500	none	0.500	0	11	93.900	340.725
135	0	5	7	479.550	534.350	217.100	233.850	none	0.500	0.500	0.500	0	11	93.900	340.725
135	0	5	8	534.350	589.300	217.100	233.850	none	0.500	none	0.500	0	11	93.900	340.725
135	0	6	0	57.850	143.750	233.850	267.600	none	0.500	0.500	0.500	0	11	93.900	340.725
135	0	6	1	143.750	205.300	233.850	250.600	none	0.500	none	0.500	0	11	93.900	340.725
135	0	6	2	205.300	260.100	233.850	250.600	none	0.500	none	0.500	0	11	93.900	340.725
135	0	6	3	260.100	315.150	233.850	250.600	none	0.500	0.500	0.500	0	11	93.900	340.725
135	0	6	4	315.150	369.950	233.850	250.600	none	0.500	0.500	0.500	0	11	93.900	340.725
135	0	6	5	369.950	424.750	233.850	250.600	none	0.500	none	0.500	0	11	93.900	340.725
135	0	6	6	424.750	479.550	233.850	250.600	none	0.500	none	0.500	0	11	93.900	340.725
135	0	6	7	479.550	534.350	233.850	250.600	none	0.500	0.500	0.500	0	11	93.900	340.725
135	0	6	8	534.350	589.300	233.850	250.600	none	0.500	none	0.500	0	11	93.900	340.725
135	0	7	1	143.750	205.300	250.600	267.600	none	0.500	none	0.500	0	11	93.900	340.725
135	0	7	2	205.300	260.100	250.600	267.600	none	0.500	none	0.500	0	11	93.900	340.725
135	0	7	3	260.100	315.150	250.600	267.600	none	0.500	0.500	0.500	0	11	93.900	340.725
135	0	7	4	315.150	369.950	250.600	267.600	none	0.500	0.500	0.500	0	11	93.900	340.725
135	0	7	5	369.950	424.750	250.600	267.600	none	0.500	none	0.500	0	11	93.900	340.725
135	0	7	6	424.750	479.550	250.600	267.600	none	0.500	none	0.500	0	11	93.900	340.725
135	0	7	7	479.550	534.350	250.600	267.600	0.500	0.500	0.500	0.500	0	11	93.900	340.725
135	0	7	8	534.350	589.300	250.600	267.600	0.500	0.500	none	0.500	0	11	93.900	340.725
135	0	8	0	57.850	143.750	267.600	292.100	none	0.500	0.500	0.500	0	11	93.900	340.725
135	0	8	1	143.750	205.300	267.600	292.100	none	0.500	none	0.500	0	11	93.900	340.725
135	0	8	2	205.300	260.100	267.600	292.100	none	0.500	none	0.500	0	11	93.900	340.725
135	0	8	3	260.100	315.150	267.600	292.100	none	0.500	0.500	0.500	0	11	93.900	340.725
135	0	8	4	315.150	369.950	267.600	292.100	none	0.500	0.500	0.500	0	11	93.900	340.725
135	0	8	5	369.950	424.750	267.600	292.100	none	0.500	none	0.500	0	11	93.900	340.725
135	0	8	6	424.750	479.550	267.600	292.100	none	0.500	none	0.500	0	11	93.900	340.725
135	0	8	7	479.550	589.300	267.600	340.600	0.500	0.500	0.500	none	0	11	93.900	340.725
135	0	9	0	57.850	143.750	292.100	316.350	none	0.500	0.500	0.500	0	11	93.900	340.725
135	0	9	1	143.750	205.300	292.100	316.350	none	0.500	none	0.500	0	11	93.900	340.725
135	0	9	2	205.300	260.100	292.100	316.350	none	0.500	none	0.500	0	11	93.900	340.725
135	0	9	3	260.100	315.150	292.100	316.350	none	0.500	0.500	0.500	0	11	93.900	340.725
135	0	9	4	315.150	369.950	292.100	316.350	none	0.500	0.500	0.500	0	11	93.900	340.725
135	0	9	5	369.950	424.750	292.100	316.350	none	0.500	none	0.500	0	11	93.900	340.725
135	0	9	6	424.750	479.550	292.100	316.350	none	0.500	none	0.500	0	11	93.900	340.725
135	0	10	0	57.850	143.750	316.350	340.600	none	0.500	0.500	0.500	0	11	93.900	340.725
135	0	10	1	143.750	205.300	316.350	340.600	none	0.500	none	0.500	0	11	93.900	340.725
135	0	10	2	205.300	260.100	316.350	340.600	none	0.500	none	0.500	0	11	93.900	340.725
135	0	10	3	260.100	315.150	316.350	340.600	none	0.500	0.500	0.500	0	11	93.900	340.725
135	0	10	4	315.150	369.950	316.350	340.600	none	0.500	0.500	0.500	0	11	93.900	340.725
135	0	10	5	369.950	424.750	316.350	340.600	none	0.500	none	0.500	0	11	93.900	340.725
135	0	10	6	424.750	479.550	316.350	340.600	none	0.500	none	0.500	0	11	93.900	340.725
136	0	0	0	57.850	143.750	94.150	149.600	0.500	none	0.500	0.500	0	11	93.900	340.725
136	0	0	1	143.750	205.300	94.150	149.600	0.500	0.500	none	0.500	0	11	93.900	340.725
136	0	0	2	205.300	260.100	94.150	149.600	0.500	0.500	none	none	0	11	93.900	340.725
136	0	0	3	260.100	315.150	94.150	149.600	0.500	0.500	0.500	0.500	0	11	93.900	340.725
136	0	0	4	315.150	369.950	94.150	149.600	0.500	0.500	0.500	none	0	11	93.900	340.725
136	0	0	5	369.950	424.750	94.150	149.600	0.500	0.500	0.500	none	0	11	93.900	340.725
136	0	0	6	424.750	479.550	94.150	149.600	0.500	0.500	0.500	none	0	11	93.900	340.725
136	0	0	7	479.550	534.350	94.150	149.600	0.500	0.500	0.500	none	0	11	93.900	340.725
136	0	0	8	534.350	589.300	94.150	149.600	0.500	0.500	0.500	none	0	11	93.900	340.725
136	0	0	9	589.300	644.100	94.150	149.600	0.500	0.500	0.500	0.500	0	11	93.900	340.725
136	0	0	10	644.100	699.950	94.150	149.600	0.500	0.500	0.500	0.500	0	11	93.900	340.725
136	0	0	11	699.950	734.650	94.150	149.600	0.500	none	none	0.500	0	11	93.900	340.725
136	0	1	0	57.850	143.750	149.600	200.350	0.500	0.500	0.500	0.500	0	11	93.900	340.725
136	0	1	1	143.750	205.300	149.600	166.600	none	0.500	none	0.500	0	11	93.900	340.725
136	0	1	2	205.300	260.100	149.600	166.600	none	0.500	none	0.500	0	11	93.900	340.725
136	0	1	3	260.100	315.150	149.600	166.600	none	0.500	0.500	0.500	0	11	93.900	340.725
136	0	1	4	315.150	369.950	149.600	166.600	none	0.500	0.500	0.500	0	11	93.900	340.725
136	0	1	5	369.950	424.750	149.600	166.600	none	0.500	none	0.500	0	11	93.900	340.725
136	0	1	6	424.750	479.550	149.600	166.600	none	0.500	none	0.500	0	11	93.900	340.725
136	0	1	7	479.550	534.350	149.600	166.600	none	0.500	0.500	0.500	0	11	93.900	340.725
136	0	1	8	534.350	589.300	149.600	166.600	none	0.500	none	0.500	0	11	93.900	340.725
136	0	1	9	589.300	644.100	149.600	166.600	0.500	0.500	none	0.500	0	11	93.900	340.725
136	0	1	10	644.100	699.950	149.600	166.600	0.500	0.500	0.500	0.500	0	11	93.900	340.725
136	0	1	11	699.950	734.650	149.600	166.600	0.500	none	none	0.500	0	11	93.900	340.725
136	0	2	1	143.750	205.300	166.600	183.600	none	0.500	none	0.500	0	11	93.900	340.725
136	0	2	2	205.300	260.100	166.600	183.600	none	0.500	none	0.500	0	11	93.900	340.725
136	0	2	3	260.100	315.150	166.600	183.600	none	0.500	0.500	0.500	0	11	93.900	340.725
136	0	2	4	315.150	369.950	166.600	183.600	none	0.500	0.500	0.500	0	11	93.900	340.725
136	0	2	5	369.950	424.750	166.600	183.600	none	0.500	none	0.500	0	11	93.900	340.725
136	0	2	6	424.750	479.550	166.600	183.600	none	0.500	none	0.500	0	11	93.900	340.725
136	0	2	7	479.550	534.350	166.600	183.600	none	0.500	0.500	0.500	0	11	93.900	340.725
136	0	2	8	534.350	589.300	166.600	183.600	none	0.500	none	0.500	0	11	93.900	340.725
136	0	2	9	589.300	644.100	166.600	183.600	0.500	0.500	none	0.500	0	11	93.900	340.725
136	0	2	10	644.100	699.950	166.600	183.600	0.500	0.500	0.500	0.500	0	11	93.900	340.725
136	0	2	11	699.950	734.650	166.600	183.600	none	none	none	0.500	0	11	93.900	340.725
136	0	3	1	143.750	205.300	183.600	200.350	none	0.500	none	0.500	0	11	93.900	340.725
136	0	3	2	205.300	260.100	183.600	200.350	none	0.500	none	0.500	0	11	93.900	340.725
136	0	3	3	260.100	315.150	183.600	200.350	none	0.500	0.500	0.500	0	11	93.900	340.725
136	0	3	4	315.150	369.950	183.600	200.350	none	0.500	0.500	0.500	0	11	93.900	340.725
136	0	3	5	369.950	424.750	183.600	200.350	none	0.500	none	0.500	0	11	93.900	340.725
136	0	3	6	424.750	479.550	183.600	200.350	none	0.500	none	0.500	0	11	93.900	340.725
136	0	3	7	479.550	534.350	183.600	200.350	none	0.500	0.500	0.500	0	11	93.900	340.725
136	0	3	8	534.350	589.300	183.600	200.350	none	0.500	none	0.500	0	11	93.900	340.725
136	0	3	9	589.300	734.650	183.600	340.600	none	0.500	none	0.500	0	11	93.900	340.725
136	0	4	0	57.850	143.750	200.350	233.850	none	0.500	0.500	0.500	0	11	93.900	340.725
136	0	4	1	143.750	205.300	200.350	217.100	none	0.500	none	0.500	0	11	93.900	340.725
136	0	4	2	205.300	260.100	200.350	217.100	none	0.500	none	0.500	0	11	93.900	340.725
136	0	4	3	260.100	315.150	200.350	217.100	none	0.500	0.500	0.500	0	11	93.900	340.725
136	0	4	4	315.150	369.950	200.350	217.100	none	0.500	0.500	0.500	0	11	93.900	340.725
136	0	4	5	369.950	424.750	200.350	217.100	none	0.500	none	0.500	0	11	93.900	340.725
136	0	4	6	424.750	479.550	200.350	217.100	none	0.500	none	0.500	0	11	93.900	340.725
136	0	4	7	479.550	534.350	200.350	217.100	none	0.500	0.500	0.500	0	11	93.900	340.725
136	0	4	8	534.350	589.300	200.350	217.100	none	0.500	none	0.500	0	11	93.900	340.725
136	0	5	1	143.750	205.300	217.100	233.850	none	0.500	none	0.500	0	11	93.900	340.725
136	0	5	2	205.300	260.100	217.100	233.850	none	0.500	none	0.500	0	11	93.900	340.725
136	0	5	3	260.100	315.150	217.100	233.850	none	0.500	0.500	0.500	0	11	93.900	340.725
136	0	5	4	315.150	369.950	217.100	233.850	none	0.500	0.500	0.500	0	11	93.900	340.725
136	0	5	5	369.950	424.750	217.100	233.850	none	0.500	none	0.500	0	11	93.900	340.725
136	0	5	6	424.750	479.550	217.100	233.850	none	0.500	none	0.500	0	11	93.900	340.725
136	0	5	7	479.550	534.350	217.100	233.850	none	0.500	0.500	0.500	0	11	93.900	340.725
136	0	5	8	534.350	589.300	217.100	233.850	none	0.500	none	0.500	0	11	93.900	340.725
136	0	6	0	57.850	143.750	233.850	267.600	none	0.500	0.500	0.500	0	11	93.900	340.725
136	0	6	1	143.750	205.300	233.850	250.600	none	0.500	none	0.500	0	11	93.900	340.725
136	0	6	2	205.300	260.100	233.850	250.600	none	0.500	none	0.500	0	11	93.900	340.725
136	0	6	3	260.100	315.150	233.850	250.600	none	0.500	0.500	0.500	0	11	93.900	340.725
136	0	6	4	315.150	369.950	233.850	250.600	none	0.500	0.500	0.500	0	11	93.900	340.725
136	0	6	5	369.950	424.750	233.850	250.600	none	0.500	none	0.500	0	11	93.900	340.725
136	0	6	6	424.750	479.550	233.850	250.600	none	0.500	none	0.500	0	11	93.900	340.725
136	0	6	7	479.550	534.350	233.850	250.600	none	0.500	0.500	0.500	0	11	93.900	340.725
136	0	6	8	534.350	589.300	233.850	250.600	none	0.500	none	0.500	0	11	93.900	340.725
136	0	7	1	143.750	205.300	250.600	267.600	none	0.500	none	0.500	0	11	93.900	340.725
136	0	7	2	205.300	260.100	250.600	267.600	none	0.500	none	0.500	0	11	93.900	340.725
136	0	7	3	260.100	315.150	250.600	267.600	none	0.500	0.500	0.500	0	11	93.900	340.725
136	0	7	4	315.150	369.950	250.600	267.600	none	0.500	0.500	0.500	0	11	93.900	340.725
136	0	7	5	369.950	424.750	250.600	267.600	none	0.500	none	0.500	0	11	93.900	340.725
136	0	7	6	424.750	479.550	250.600	267.600	none	0.500	none	0.500	0	11	93.900	340.725
136	0	7	7	479.550	534.350	250.600	267.600	0.500	0.500	0.500	0.500	0	11	93.900	340.725
136	0	7	8	534.350	589.300	250.600	267.600	0.500	0.500	none	0.500	0	11	93.900	340.725
136	0	8	0	57.850	143.750	267.600	292.100	none	0.500	0.500	0.500	0	11	93.900	340.725
136	0	8	1	143.750	205.300	267.600	292.100	none	0.500	none	0.500	0	11	93.900	340.725
136	0	8	2	205.300	260.100	267.600	292.100	none	0.500	none	0.500	0	11	93.900	340.725
136	0	8	3	260.100	315.150	267.600	292.100	none	0.500	0.500	0.500	0	11	93.900	340.725
136	0	8	4	315.150	369.950	267.600	292.100	none	0.500	0.500	0.500	0	11	93.900	340.725
136	0	8	5	369.950	424.750	267.600	292.100	none	0.500	none	0.500	0	11	93.900	340.725
136	0	8	6	424.750	479.550	267.600	292.100	none	0.500	none	0.500	0	11	93.900	340.725
136	0	8	7	479.550	589.300	267.600	340.600	0.500	0.500	0.500	none	0	11	93.900	340.725
136	0	9	0	57.850	143.750	292.100	316.350	none	0.500	0.500	0.500	0	11	93.900	340.725
136	0	9	1	143.750	205.300	292.100	316.350	none	0.500	none	0.500	0	11	93.900	340.725
136	0	9	2	205.300	260.100	292.100	316.350	none	0.500	none	0.500	0	11	93.900	340.725
136	0	9	3	260.100	315.150	292.100	316.350	none	0.500	0.500	0.500	0	11	93.900	340.725
136	0	9	4	315.150	369.950	292.100	316.350	none	0.500	0.500	0.500	0	11	93.900	340.725
136	0	9	5	369.950	424.750	292.100	316.350	none	0.500	none	0.500	0	11	93.900	340.725
136	0	9	6	424.750	479.550	292.100	316.350	none	0.500	none	0.500	0	11	93.900	340.725
136	0	10	0	57.850	143.750	316.350	340.600	none	0.500	0.500	0.500	0	11	93.900	340.725
136	0	10	1	143.750	205.300	316.350	340.600	none	0.500	none	0.500	0	11	93.900	340.725
136	0	10	2	205.300	260.100	316.350	340.600	none	0.500	none	0.500	0	11	93.900	340.725
136	0	10	3	260.100	315.150	316.350	340.600	none	0.500	0.500	0.500	0	11	93.900	340.725
136	0	10	4	315.150	369.950	316.350	340.600	none	0.500	0.500	0.500	0	11	93.900	340.725
136	0	10	5	369.950	424.750	316.350	340.600	none	0.500	none	0.500	0	11	93.900	340.725
136	0	10	6	424.750	479.550	316.350	340.600	none	0.500	none	0.500	0	11	93.900	340.725
137	0	0	0	57.850	143.750	94.150	149.600	0.500	none	0.500	0.500	0	11	93.900	340.725
137	0	0	1	143.750	205.300	94.150	149.600	0.500	0.500	none	0.500	0	11	93.900	340.725
137	0	0	2	205.300	260.100	94.150	149.600	0.500	0.500	none	none	0	11	93.900	340.725
137	0	0	3	260.100	315.150	94.150	149.600	0.500	0.500	0.500	0.500	0	11	93.900	340.725
137	0	0	4	315.150	369.950	94.150	149.600	0.500	0.500	0.500	none	0	11	93.900	340.725
137	0	0	5	369.950	424.750	94.150	149.600	0.500	0.500	0.500	none	0	11	93.900	340.725
137	0	0	6	424.750	479.550	94.150	149.600	0.500	0.500	0.500	none	0	11	93.900	340.725
137	0	0	7	479.550	534.350	94.150	149.600	0.500	0.500	0.500	none	0	11	93.900	340.725
137	0	0	8	534.350	589.300	94.150	149.600	0.500	0.500	0.500	none	0	11	93.900	340.725
137	0	0	9	589.300	644.100	94.150	149.600	0.500	0.500	0.500	0.500	0	11	93.900	340.725
137	0	0	10	644.100	699.950	94.150	149.600	0.500	0.500	0.500	0.500	0	11	93.900	340.725
137	0	0	11	699.950	734.650	94.150	149.600	0.500	none	none	0.500	0	11	93.900	340.725
137	0	1	0	57.850	143.750	149.600	200.350	0.500	0.500	0.500	0.500	0	11	93.900	340.725
137	0	1	1	143.750	205.300	149.600	166.600	none	0.500	none	0.500	0	11	93.900	340.725
137	0	1	2	205.300	260.100	149.600	166.600	none	0.500	none	0.500	0	11	93.900	340.725
137	0	1	3	260.100	315.150	149.600	166.600	none	0.500	0.500	0.500	0	11	93.900	340.725
137	0	1	4	315.150	369.950	149.600	166.600	none	0.500	0.500	0.500	0	11	93.900	340.725
137	0	1	5	369.950	424.750	149.600	166.600	none	0.500	none	0.500	0	11	93.900	340.725
137	0	1	6	424.750	479.550	149.600	166.600	none	0.500	none	0.500	0	11	93.900	340.725
137	0	1	7	479.550	534.350	149.600	166.600	none	0.500	0.500	0.500	0	11	93.900	340.725
137	0	1	8	534.350	589.300	149.600	166.600	none	0.500	none	0.500	0	11	93.900	340.725
137	0	1	9	589.300	644.100	149.600	166.600	0.500	0.500	none	0.500	0	11	93.900	340.725
137	0	1	10	644.100	699.950	149.600	166.600	0.500	0.500	0.500	0.500	0	11	93.900	340.725
137	0	1	11	699.950	734.650	149.600	166.600	0.500	none	none	0.500	0	11	93.900	340.725
137	0	2	1	143.750	205.300	166.600	183.600	none	0.500	none	0.500	0	11	93.900	340.725
137	0	2	2	205.300	260.100	166.600	183.600	none	0.500	none	0.500	0	11	93.900	340.725
137	0	2	3	260.100	315.150	166.600	183.600	none	0.500	0.500	0.500	0	11	93.900	340.725
137	0	2	4	315.150	369.950	166.600	183.600	none	0.500	0.500	0.500	0	11	93.900	340.725
137	0	2	5	369.950	424.750	166.600	183.600	none	0.500	none	0.500	0	11	93.900	340.725
137	0	2	6	424.750	479.550	166.600	183.600	none	0.500	none	0.500	0	11	93.900	340.725
137	0	2	7	479.550	534.350	166.600	183.600	none	0.500	0.500	0.500	0	11	93.900	340.725
137	0	2	8	534.350	589.300	166.600	183.600	none	0.500	none	0.500	0	11	93.900	340.725
137	0	2	9	589.300	644.100	166.600	183.600	0.500	0.500	none	0.500	0	11	93.900	340.725
137	0	2	10	644.100	699.950	166.600	183.600	0.500	0.500	0.500	0.500	0	11	93.900	340.725
137	0	2	11	699.950	734.650	166.600	183.600	none	none	none	0.500	0	11	93.900	340.725
137	0	3	1	143.750	205.300	183.600	200.350	none	0.500	none	0.500	0	11	93.900	340.725
137	0	3	2	205.300	260.100	183.600	200.350	none	0.500	none	0.500	0	11	93.900	340.725
137	0	3	3	260.100	315.150	183.600	200.350	none	0.500	0.500	0.500	0	11	93.900	340.725
137	0	3	4	315.150	369.950	183.600	200.350	none	0.500	0.500	0.500	0	11	93.900	340.725
137	0	3	5	369.950	424.750	183.600	200.350	none	0.500	none	0.500	0	11	93.900	340.725
137	0	3	6	424.750	479.550	183.600	200.350	none	0.500	none	0.500	0	11	93.900	340.725
137	0	3	7	479.550	534.350	183.600	200.350	none	0.500	0.500	0.500	0	11	93.900	340.725
137	0	3	8	534.350	589.300	183.600	200.350	none	0.500	none	0.500	0	11	93.900	340.725
137	0	3	9	589.300	734.650	183.600	340.600	none	0.500	none	0.500	0	11	93.900	340.725
137	0	4	0	57.850	143.750	200.350	233.850	none	0.500	0.500	0.500	0	11	93.900	340.725
137	0	4	1	143.750	205.300	200.350	217.100	none	0.500	none	0.500	0	11	93.900	340.725
137	0	4	2	205.300	260.100	200.350	217.100	none	0.500	none	0.500	0	11	93.900	340.725
137	0	4	3	260.100	315.150	200.350	217.100	none	0.500	0.500	0.500	0	11	93.900	340.725
137	0	4	4	315.150	369.950	200.350	217.100	none	0.500	0.500	0.500	0	11	93.900	340.725
137	0	4	5	369.950	424.750	200.350	217.100	none	0.500	none	0.500	0	11	93.900	340.725
137	0	4	6	424.750	479.550	200.350	217.100	none	0.500	none	0.500	0	11	93.900	340.725
137	0	4	7	479.550	534.350	200.350	217.100	none	0.500	0.500	0.500	0	11	93.900	340.725
137	0	4	8	534.350	589.300	200.350	217.100	none	0.500	none	0.500	0	11	93.900	340.725
137	0	5	1	143.750	205.300	217.100	233.850	none	0.500	none	0.500	0	11	93.900	340.725
137	0	5	2	205.300	260.100	217.100	233.850	none	0.500	none	0.500	0	11	93.900	340.725
137	0	5	3	260.100	315.150	217.100	233.850	none	0.500	0.500	0.500	0	11	93.900	340.725
137	0	5	4	315.150	369.950	217.100	233.850	none	0.500	0.500	0.500	0	11	93.900	340.725
137	0	5	5	369.950	424.750	217.100	233.850	none	0.500	none	0.500	0	11	93.900	340.725
137	0	5	6	424.750	479.550	217.100	233.850	none	0.500	none	0.500	0	11	93.900	340.725
137	0	5	7	479.550	534.350	217.100	233.850	none	0.500	0.500	0.500	0	11	93.900	340.725
137	0	5	8	534.350	589.300	217.100	233.850	none	0.500	none	0.500	0	11	93.900	340.725
137	0	6	0	57.850	143.750	233.850	267.600	none	0.500	0.500	0.500	0	11	93.900	340.725
137	0	6	1	143.750	205.300	233.850	250.600	none	0.500	none	0.500	0	11	93.900	340.725
137	0	6	2	205.300	260.100	233.850	250.600	none	0.500	none	0.500	0	11	93.900	340.725
137	0	6	3	260.100	315.150	233.850	250.600	none	0.500	0.500	0.500	0	11	93.900	340.725
137	0	6	4	315.150	369.950	233.850	250.600	none	0.500	0.500	0.500	0	11	93.900	340.725
137	0	6	5	369.950	424.750	233.850	250.600	none	0.500	none	0.500	0	11	93.900	340.725
137	0	6	6	424.750	479.550	233.850	250.600	none	0.500	none	0.500	0	11	93.900	340.725
137	0	6	7	479.550	534.350	233.850	250.600	none	0.500	0.500	0.500	0	11	93.900	340.725
137	0	6	8	534.350	589.300	233.850	250.600	none	0.500	none	0.500	0	11	93.900	340.725
137	0	7	1	143.750	205.300	250.600	267.600	none	0.500	none	0.500	0	11	93.900	340.725
137	0	7	2	205.300	260.100	250.600	267.600	none	0.500	none	0.500	0	11	93.900	340.725
137	0	7	3	260.100	315.150	250.600	267.600	none	0.500	0.500	0.500	0	11	93.900	340.725
137	0	7	4	315.150	369.950	250.600	267.600	none	0.500	0.500	0.500	0	11	93.900	340.725
137	0	7	5	369.950	424.750	250.600	267.600	none	0.500	none	0.500	0	11	93.900	340.725
137	0	7	6	424.750	479.550	250.600	267.600	none	0.500	none	0.500	0	11	93.900	340.725
137	0	7	7	479.550	534.350	250.600	267.600	0.500	0.500	0.500	0.500	0	11	93.900	340.725
137	0	7	8	534.350	589.300	250.600	267.600	0.500	0.500	none	0.500	0	11	93.900	340.725
137	0	8	0	57.850	143.750	267.600	292.100	none	0.500	0.500	0.500	0	11	93.900	340.725
137	0	8	1	143.750	205.300	267.600	292.100	none	0.500	none	0.500	0	11	93.900	340.725
137	0	8	2	205.300	260.100	267.600	292.100	none	0.500	none	0.500	0	11	93.900	340.725
137	0	8	3	260.100	315.150	267.600	292.100	none	0.500	0.500	0.500	0	11	93.900	340.725
137	0	8	4	315.150	369.950	267.600	292.100	none	0.500	0.500	0.500	0	11	93.900	340.725
137	0	8	5	369.950	424.750	267.600	292.100	none	0.500	none	0.500	0	11	93.900	340.725
137	0	8	6	424.750	479.550	267.600	292.100	none	0.500	none	0.500	0	11	93.900	340.725
137	0	8	7	479.550	589.300	267.600	340.600	0.500	0.500	0.500	none	0	11	93.900	340.725
137	0	9	0	57.850	143.750	292.100	316.350	none	0.500	0.500	0.500	0	11	93.900	340.725
137	0	9	1	143.750	205.300	292.100	316.350	none	0.500	none	0.500	0	11	93.900	340.725
137	0	9	2	205.300	260.100	292.100	316.350	none	0.500	none	0.500	0	11	93.900	340.725
137	0	9	3	260.100	315.150	292.100	316.350	none	0.500	0.500	0.500	0	11	93.900	340.725
137	0	9	4	315.150	369.950	292.100	316.350	none	0.500	0.500	0.500	0	11	93.900	340.725
137	0	9	5	369.950	424.750	292.100	316.350	none	0.500	none	0.500	0	11	93.900	340.725
137	0	9	6	424.750	479.550	292.100	316.350	none	0.500	none	0.500	0	11	93.900	340.725
137	0	10	0	57.850	143.750	316.350	340.600	none	0.500	0.500	0.500	0	11	93.900	340.725
137	0	10	1	143.750	205.300	316.350	340.600	none	0.500	none	0.500	0	11	93.900	340.725
137	0	10	2	205.300	260.100	316.350	340.600	none	0.500	none	0.500	0	11	93.900	340.725
137	0	10	3	260.100	315.150	316.350	340.600	none	0.500	0.500	0.500	0	11	93.900	340.725
137	0	10	4	315.150	369.950	316.350	340.600	none	0.500	0.500	0.500	0	11	93.900	340.725
137	0	10	5	369.950	424.750	316.350	340.600	none	0.500	none	0.500	0	11	93.900	340.725
137	0	10	6	424.750	479.550	316.350	340.600	none	0.500	none	0.500	0	11	93.900	340.725
138	0	0	0	57.850	143.750	94.150	149.600	0.500	none	0.500	0.500	0	11	93.900	340.725
138	0	0	1	143.750	205.300	94.150	149.600	0.500	0.500	none	0.500	0	11	93.900	340.725
138	0	0	2	205.300	260.100	94.150	149.600	0.500	0.500	none	none	0	11	93.900	340.725
138	0	0	3	260.100	315.150	94.150	149.600	0.500	0.500	0.500	0.500	0	11	93.900	340.725
138	0	0	4	315.150	369.950	94.150	149.600	0.500	0.500	0.500	none	0	11	93.900	340.725
138	0	0	5	369.950	424.750	94.150	149.600	0.500	0.500	0.500	none	0	11	93.900	340.725
138	0	0	6	424.750	479.550	94.150	149.600	0.500	0.500	0.500	none	0	11	93.900	340.725
138	0	0	7	479.550	534.350	94.150	149.600	0.500	0.500	0.500	none	0	11	93.900	340.725
138	0	0	8	534.350	589.300	94.150	149.600	0.500	0.500	0.500	none	0	11	93.900	340.725
138	0	0	9	589.300	644.100	94.150	149.600	0.500	0.500	0.500	0.500	0	11	93.900	340.725
138	0	0	10	644.100	699.950	94.150	149.600	0.500	0.500	0.500	0.500	0	11	93.900	340.725
138	0	0	11	699.950	734.650	94.150	149.600	0.500	none	none	0.500	0	11	93.900	340.725
138	0	1	0	57.850	143.750	149.600	200.350	0.500	0.500	0.500	0.500	0	11	93.900	340.725
138	0	1	1	143.750	205.300	149.600	166.600	none	0.500	none	0.500	0	11	93.900	340.725
138	0	1	2	205.300	260.100	149.600	166.600	none	0.500	none	0.500	0	11	93.900	340.725
138	0	1	3	260.100	315.150	149.600	166.600	none	0.500	0.500	0.500	0	11	93.900	340.725
138	0	1	4	315.150	369.950	149.600	166.600	none	0.500	0.500	0.500	0	11	93.900	340.725
138	0	1	5	369.950	424.750	149.600	166.600	none	0.500	none	0.500	0	11	93.900	340.725
138	0	1	6	424.750	479.550	149.600	166.600	none	0.500	none	0.500	0	11	93.900	340.725
138	0	1	7	479.550	534.350	149.600	166.600	none	0.500	0.500	0.500	0	11	93.900	340.725
138	0	1	8	534.350	589.300	149.600	166.600	none	0.500	none	0.500	0	11	93.900	340.725
138	0	1	9	589.300	644.100	149.600	166.600	0.500	0.500	none	0.500	0	11	93.900	340.725
138	0	1	10	644.100	699.950	149.600	166.600	0.500	0.500	0.500	0.500	0	11	93.900	340.725
138	0	1	11	699.950	734.650	149.600	166.600	0.500	none	none	0.500	0	11	93.900	340.725
138	0	2	1	143.750	205.300	166.600	183.600	none	0.500	none	0.500	0	11	93.900	340.725
138	0	2	2	205.300	260.100	166.600	183.600	none	0.500	none	0.500	0	11	93.900	340.725
138	0	2	3	260.100	315.150	166.600	183.600	none	0.500	0.500	0.500	0	11	93.900	340.725
138	0	2	4	315.150	369.950	166.600	183.600	none	0.500	0.500	0.500	0	11	93.900	340.725
138	0	2	5	369.950	424.750	166.600	183.600	none	0.500	none	0.500	0	11	93.900	340.725
138	0	2	6	424.750	479.550	166.600	183.600	none	0.500	none	0.500	0	11	93.900	340.725
138	0	2	7	479.550	534.350	166.600	183.600	none	0.500	0.500	0.500	0	11	93.900	340.725
138	0	2	8	534.350	589.300	166.600	183.600	none	0.500	none	0.500	0	11	93.900	340.725
138	0	2	9	589.300	644.100	166.600	183.600	0.500	0.500	none	0.500	0	11	93.900	340.725
138	0	2	10	644.100	699.950	166.600	183.600	0.500	0.500	0.500	0.500	0	11	93.900	340.725
138	0	2	11	699.950	734.650	166.600	183.600	none	none	none	0.500	0	11	93.900	340.725
138	0	3	1	143.750	205.300	183.600	200.350	none	0.500	none	0.500	0	11	93.900	340.725
138	0	3	2	205.300	260.100	183.600	200.350	none	0.500	none	0.500	0	11	93.900	340.725
138	0	3	3	260.100	315.150	183.600	200.350	none	0.500	0.500	0.500	0	11	93.900	340.725
138	0	3	4	315.150	369.950	183.600	200.350	none	0.500	0.500	0.500	0	11	93.900	340.725
138	0	3	5	369.950	424.750	183.600	200.350	none	0.500	none	0.500	0	11	93.900	340.725
138	0	3	6	424.750	479.550	183.600	200.350	none	0.500	none	0.500	0	11	93.900	340.725
138	0	3	7	479.550	534.350	183.600	200.350	none	0.500	0.500	0.500	0	11	93.900	340.725
138	0	3	8	534.350	589.300	183.600	200.350	none	0.500	none	0.500	0	11	93.900	340.725
138	0	3	9	589.300	734.650	183.600	340.600	none	0.500	none	0.500	0	11	93.900	340.725
138	0	4	0	57.850	143.750	200.350	233.850	none	0.500	0.500	0.500	0	11	93.900	340.725
138	0	4	1	143.750	205.300	200.350	217.100	none	0.500	none	0.500	0	11	93.900	340.725
138	0	4	2	205.300	260.100	200.350	217.100	none	0.500	none	0.500	0	11	93.900	340.725
138	0	4	3	260.100	315.150	200.350	217.100	none	0.500	0.500	0.500	0	11	93.900	340.725
138	0	4	4	315.150	369.950	200.350	217.100	none	0.500	0.500	0.500	0	11	93.900	340.725
138	0	4	5	369.950	424.750	200.350	217.100	none	0.500	none	0.500	0	11	93.900	340.725
138	0	4	6	424.750	479.550	200.350	217.100	none	0.500	none	0.500	0	11	93.900	340.725
138	0	4	7	479.550	534.350	200.350	217.100	none	0.500	0.500	0.500	0	11	93.900	340.725
138	0	4	8	534.350	589.300	200.350	217.100	none	0.500	none	0.500	0	11	93.900	340.725
138	0	5	1	143.750	205.300	217.100	233.850	none	0.500	none	0.500	0	11	93.900	340.725
138	0	5	2	205.300	260.100	217.100	233.850	none	0.500	none	0.500	0	11	93.900	340.725
138	0	5	3	260.100	315.150	217.100	233.850	none	0.500	0.500	0.500	0	11	93.900	340.725
138	0	5	4	315.150	369.950	217.100	233.850	none	0.500	0.500	0.500	0	11	93.900	340.725
138	0	5	5	369.950	424.750	217.100	233.850	none	0.500	none	0.500	0	11	93.900	340.725
138	0	5	6	424.750	479.550	217.100	233.850	none	0.500	none	0.500	0	11	93.900	340.725
138	0	5	7	479.550	534.350	217.100	233.850	none	0.500	0.500	0.500	0	11	93.900	340.725
138	0	5	8	534.350	589.300	217.100	233.850	none	0.500	none	0.500	0	11	93.900	340.725
138	0	6	0	57.850	143.750	233.850	267.600	none	0.500	0.500	0.500	0	11	93.900	340.725
138	0	6	1	143.750	205.300	233.850	250.600	none	0.500	none	0.500	0	11	93.900	340.725
138	0	6	2	205.300	260.100	233.850	250.600	none	0.500	none	0.500	0	11	93.900	340.725
138	0	6	3	260.100	315.150	233.850	250.600	none	0.500	0.500	0.500	0	11	93.900	340.725
138	0	6	4	315.150	369.950	233.850	250.600	none	0.500	0.500	0.500	0	11	93.900	340.725
138	0	6	5	369.950	424.750	233.850	250.600	none	0.500	none	0.500	0	11	93.900	340.725
138	0	6	6	424.750	479.550	233.850	250.600	none	0.500	none	0.500	0	11	93.900	340.725
138	0	6	7	479.550	534.350	233.850	250.600	none	0.500	0.500	0.500	0	11	93.900	340.725
138	0	6	8	534.350	589.300	233.850	250.600	none	0.500	none	0.500	0	11	93.900	340.725
138	0	7	1	143.750	205.300	250.600	267.600	none	0.500	none	0.500	0	11	93.900	340.725
138	0	7	2	205.300	260.100	250.600	267.600	none	0.500	none	0.500	0	11	93.900	340.725
138	0	7	3	260.100	315.150	250.600	267.600	none	0.500	0.500	0.500	0	11	93.900	340.725
138	0	7	4	315.150	369.950	250.600	267.600	none	0.500	0.500	0.500	0	11	93.900	340.725
138	0	7	5	369.950	424.750	250.600	267.600	none	0.500	none	0.500	0	11	93.900	340.725
138	0	7	6	424.750	479.550	250.600	267.600	none	0.500	none	0.500	0	11	93.900	340.725
138	0	7	7	479.550	534.350	250.600	267.600	0.500	0.500	0.500	0.500	0	11	93.900	340.725
138	0	7	8	534.350	589.300	250.600	267.600	0.500	0.500	none	0.500	0	11	93.900	340.725
138	0	8	0	57.850	143.750	267.600	292.100	none	0.500	0.500	0.500	0	11	93.900	340.725
138	0	8	1	143.750	205.300	267.600	292.100	none	0.500	none	0.500	0	11	93.900	340.725
138	0	8	2	205.300	260.100	267.600	292.100	none	0.500	none	0.500	0	11	93.900	340.725
138	0	8	3	260.100	315.150	267.600	292.100	none	0.500	0.500	0.500	0	11	93.900	340.725
138	0	8	4	315.150	369.950	267.600	292.100	none	0.500	0.500	0.500	0	11	93.900	340.725
138	0	8	5	369.950	424.750	267.600	292.100	none	0.500	none	0.500	0	11	93.900	340.725
138	0	8	6	424.750	479.550	267.600	292.100	none	0.500	none	0.500	0	11	93.900	340.725
138	0	8	7	479.550	589.300	267.600	340.600	0.500	0.500	0.500	none	0	11	93.900	340.725
138	0	9	0	57.850	143.750	292.100	316.350	none	0.500	0.500	0.500	0	11	93.900	340.725
138	0	9	1	143.750	205.300	292.100	316.350	none	0.500	none	0.500	0	11	93.900	340.725
138	0	9	2	205.300	260.100	292.100	316.350	none	0.500	none	0.500	0	11	93.900	340.725
138	0	9	3	260.100	315.150	292.100	316.350	none	0.500	0.500	0.500	0	11	93.900	340.725
138	0	9	4	315.150	369.950	292.100	316.350	none	0.500	0.500	0.500	0	11	93.900	340.725
138	0	9	5	369.950	424.750	292.100	316.350	none	0.500	none	0.500	0	11	93.900	340.725
138	0	9	6	424.750	479.550	292.100	316.350	none	0.500	none	0.500	0	11	93.900	340.725
138	0	10	0	57.850	143.750	316.350	340.600	none	0.500	0.500	0.500	0	11	93.900	340.725
138	0	10	1	143.750	205.300	316.350	340.600	none	0.500	none	0.500	0	11	93.900	340.725
138	0	10	2	205.300	260.100	316.350	340.600	none	0.500	none	0.500	0	11	93.900	340.725
138	0	10	3	260.100	315.150	316.350	340.600	none	0.500	0.500	0.500	0	11	93.900	340.725
138	0	10	4	315.150	369.950	316.350	340.600	none	0.500	0.500	0.500	0	11	93.900	340.725
138	0	10	5	369.950	424.750	316.350	340.600	none	0.500	none	0.500	0	11	93.900	340.725
138	0	10	6	424.750	479.550	316.350	340.600	none	0.500	none	0.500	0	11	93.900	340.725
139	0	0	0	57.850	143.750	94.150	149.600	0.500	none	0.500	0.500	0	11	93.900	340.725
139	0	0	1	143.750	205.300	94.150	149.600	0.500	0.500	none	0.500	0	11	93.900	340.725
139	0	0	2	205.300	260.100	94.150	149.600	0.500	0.500	none	none	0	11	93.900	340.725
139	0	0	3	260.100	315.150	94.150	149.600	0.500	0.500	0.500	0.500	0	11	93.900	340.725
139	0	0	4	315.150	369.950	94.150	149.600	0.500	0.500	0.500	none	0	11	93.900	340.725
139	0	0	5	369.950	424.750	94.150	149.600	0.500	0.500	0.500	none	0	11	93.900	340.725
139	0	0	6	424.750	479.550	94.150	149.600	0.500	0.500	0.500	none	0	11	93.900	340.725
139	0	0	7	479.550	534.350	94.150	149.600	0.500	0.500	0.500	none	0	11	93.900	340.725
139	0	0	8	534.350	589.300	94.150	149.600	0.500	0.500	0.500	none	0	11	93.900	340.725
139	0	0	9	589.300	644.100	94.150	149.600	0.500	0.500	0.500	0.500	0	11	93.900	340.725
139	0	0	10	644.100	699.950	94.150	149.600	0.500	0.500	0.500	0.500	0	11	93.900	340.725
139	0	0	11	699.950	734.650	94.150	149.600	0.500	none	none	0.500	0	11	93.900	340.725
139	0	1	0	57.850	143.750	149.600	200.350	0.500	0.500	0.500	0.500	0	11	93.900	340.725
139	0	1	1	143.750	205.300	149.600	166.600	none	0.500	none	0.500	0	11	93.900	340.725
139	0	1	2	205.300	260.100	149.600	166.600	none	0.500	none	0.500	0	11	93.900	340.725
139	0	1	3	260.100	315.150	149.600	166.600	none	0.500	0.500	0.500	0	11	93.900	340.725
139	0	1	4	315.150	369.950	149.600	166.600	none	0.500	0.500	0.500	0	11	93.900	340.725
139	0	1	5	369.950	424.750	149.600	166.600	none	0.500	none	0.500	0	11	93.900	340.725
139	0	1	6	424.750	479.550	149.600	166.600	none	0.500	none	0.500	0	11	93.900	340.725
139	0	1	7	479.550	534.350	149.600	166.600	none	0.500	0.500	0.500	0	11	93.900	340.725
139	0	1	8	534.350	589.300	149.600	166.600	none	0.500	none	0.500	0	11	93.900	340.725
139	0	1	9	589.300	644.100	149.600	166.600	0.500	0.500	none	0.500	0	11	93.900	340.725
139	0	1	10	644.100	699.950	149.600	166.600	0.500	0.500	0.500	0.500	0	11	93.900	340.725
139	0	1	11	699.950	734.650	149.600	166.600	0.500	none	none	0.500	0	11	93.900	340.725
139	0	2	1	143.750	205.300	166.600	183.600	none	0.500	none	0.500	0	11	93.900	340.725
139	0	2	2	205.300	260.100	166.600	183.600	none	0.500	none	0.500	0	11	93.900	340.725
139	0	2	3	260.100	315.150	166.600	183.600	none	0.500	0.500	0.500	0	11	93.900	340.725
139	0	2	4	315.150	369.950	166.600	183.600	none	0.500	0.500	0.500	0	11	93.900	340.725
139	0	2	5	369.950	424.750	166.600	183.600	none	0.500	none	0.500	0	11	93.900	340.725
139	0	2	6	424.750	479.550	166.600	183.600	none	0.500	none	0.500	0	11	93.900	340.725
139	0	2	7	479.550	534.350	166.600	183.600	none	0.500	0.500	0.500	0	11	93.900	340.725
139	0	2	8	534.350	589.300	166.600	183.600	none	0.500	none	0.500	0	11	93.900	340.725
139	0	2	9	589.300	644.100	166.600	183.600	0.500	0.500	none	0.500	0	11	93.900	340.725
139	0	2	10	644.100	699.950	166.600	183.600	0.500	0.500	0.500	0.500	0	11	93.900	340.725
139	0	2	11	699.950	734.650	166.600	183.600	none	none	none	0.500	0	11	93.900	340.725
139	0	3	1	143.750	205.300	183.600	200.350	none	0.500	none	0.500	0	11	93.900	340.725
139	0	3	2	205.300	260.100	183.600	200.350	none	0.500	none	0.500	0	11	93.900	340.725
139	0	3	3	260.100	315.150	183.600	200.350	none	0.500	0.500	0.500	0	11	93.900	340.725
139	0	3	4	315.150	369.950	183.600	200.350	none	0.500	0.500	0.500	0	11	93.900	340.725
139	0	3	5	369.950	424.750	183.600	200.350	none	0.500	none	0.500	0	11	93.900	340.725
139	0	3	6	424.750	479.550	183.600	200.350	none	0.500	none	0.500	0	11	93.900	340.725
139	0	3	7	479.550	534.350	183.600	200.350	none	0.500	0.500	0.500	0	11	93.900	340.725
139	0	3	8	534.350	589.300	183.600	200.350	none	0.500	none	0.500	0	11	93.900	340.725
139	0	3	9	589.300	734.650	183.600	340.600	none	0.500	none	0.500	0	11	93.900	340.725
139	0	4	0	57.850	143.750	200.350	233.850	none	0.500	0.500	0.500	0	11	93.900	340.725
139	0	4	1	143.750	205.300	200.350	217.100	none	0.500	none	0.500	0	11	93.900	340.725
139	0	4	2	205.300	260.100	200.350	217.100	none	0.500	none	0.500	0	11	93.900	340.725
139	0	4	3	260.100	315.150	200.350	217.100	none	0.500	0.500	0.500	0	11	93.900	340.725
139	0	4	4	315.150	369.950	200.350	217.100	none	0.500	0.500	0.500	0	11	93.900	340.725
139	0	4	5	369.950	424.750	200.350	217.100	none	0.500	none	0.500	0	11	93.900	340.725
139	0	4	6	424.750	479.550	200.350	217.100	none	0.500	none	0.500	0	11	93.900	340.725
139	0	4	7	479.550	534.350	200.350	217.100	none	0.500	0.500	0.500	0	11	93.900	340.725
139	0	4	8	534.350	589.300	200.350	217.100	none	0.500	none	0.500	0	11	93.900	340.725
139	0	5	1	143.750	205.300	217.100	233.850	none	0.500	none	0.500	0	11	93.900	340.725
139	0	5	2	205.300	260.100	217.100	233.850	none	0.500	none	0.500	0	11	93.900	340.725
139	0	5	3	260.100	315.150	217.100	233.850	none	0.500	0.500	0.500	0	11	93.900	340.725
139	0	5	4	315.150	369.950	217.100	233.850	none	0.500	0.500	0.500	0	11	93.900	340.725
139	0	5	5	369.950	424.750	217.100	233.850	none	0.500	none	0.500	0	11	93.900	340.725
139	0	5	6	424.750	479.550	217.100	233.850	none	0.500	none	0.500	0	11	93.900	340.725
139	0	5	7	479.550	534.350	217.100	233.850	none	0.500	0.500	0.500	0	11	93.900	340.725
139	0	5	8	534.350	589.300	217.100	233.850	none	0.500	none	0.500	0	11	93.900	340.725
139	0	6	0	57.850	143.750	233.850	267.600	none	0.500	0.500	0.500	0	11	93.900	340.725
139	0	6	1	143.750	205.300	233.850	250.600	none	0.500	none	0.500	0	11	93.900	340.725
139	0	6	2	205.300	260.100	233.850	250.600	none	0.500	none	0.500	0	11	93.900	340.725
139	0	6	3	260.100	315.150	233.850	250.600	none	0.500	0.500	0.500	0	11	93.900	340.725
139	0	6	4	315.150	369.950	233.850	250.600	none	0.500	0.500	0.500	0	11	93.900	340.725
139	0	6	5	369.950	424.750	233.850	250.600	none	0.500	none	0.500	0	11	93.900	340.725
139	0	6	6	424.750	479.550	233.850	250.600	none	0.500	none	0.500	0	11	93.900	340.725
139	0	6	7	479.550	534.350	233.850	250.600	none	0.500	0.500	0.500	0	11	93.900	340.725
139	0	6	8	534.350	589.300	233.850	250.600	none	0.500	none	0.500	0	11	93.900	340.725
139	0	7	1	143.750	205.300	250.600	267.600	none	0.500	none	0.500	0	11	93.900	340.725
139	0	7	2	205.300	260.100	250.600	267.600	none	0.500	none	0.500	0	11	93.900	340.725
139	0	7	3	260.100	315.150	250.600	267.600	none	0.500	0.500	0.500	0	11	93.900	340.725
139	0	7	4	315.150	369.950	250.600	267.600	none	0.500	0.500	0.500	0	11	93.900	340.725
139	0	7	5	369.950	424.750	250.600	267.600	none	0.500	none	0.500	0	11	93.900	340.725
139	0	7	6	424.750	479.550	250.600	267.600	none	0.500	none	0.500	0	11	93.900	340.725
139	0	7	7	479.550	534.350	250.600	267.600	0.500	0.500	0.500	0.500	0	11	93.900	340.725
139	0	7	8	534.350	589.300	250.600	267.600	0.500	0.500	none	0.500	0	11	93.900	340.725
139	0	8	0	57.850	143.750	267.600	292.100	none	0.500	0.500	0.500	0	11	93.900	340.725
139	0	8	1	143.750	205.300	267.600	292.100	none	0.500	none	0.500	0	11	93.900	340.725
139	0	8	2	205.300	260.100	267.600	292.100	none	0.500	none	0.500	0	11	93.900	340.725
139	0	8	3	260.100	315.150	267.600	292.100	none	0.500	0.500	0.500	0	11	93.900	340.725
139	0	8	4	315.150	369.950	267.600	292.100	none	0.500	0.500	0.500	0	11	93.900	340.725
139	0	8	5	369.950	424.750	267.600	292.100	none	0.500	none	0.500	0	11	93.900	340.725
139	0	8	6	424.750	479.550	267.600	292.100	none	0.500	none	0.500	0	11	93.900	340.725
139	0	8	7	479.550	589.300	267.600	340.600	0.500	0.500	0.500	none	0	11	93.900	340.725
139	0	9	0	57.850	143.750	292.100	316.350	none	0.500	0.500	0.500	0	11	93.900	340.725
139	0	9	1	143.750	205.300	292.100	316.350	none	0.500	none	0.500	0	11	93.900	340.725
139	0	9	2	205.300	260.100	292.100	316.350	none	0.500	none	0.500	0	11	93.900	340.725
139	0	9	3	260.100	315.150	292.100	316.350	none	0.500	0.500	0.500	0	11	93.900	340.725
139	0	9	4	315.150	369.950	292.100	316.350	none	0.500	0.500	0.500	0	11	93.900	340.725
139	0	9	5	369.950	424.750	292.100	316.350	none	0.500	none	0.500	0	11	93.900	340.725
139	0	9	6	424.750	479.550	292.100	316.350	none	0.500	none	0.500	0	11	93.900	340.725
139	0	10	0	57.850	143.750	316.350	340.600	none	0.500	0.500	0.500	0	11	93.900	340.725
139	0	10	1	143.750	205.300	316.350	340.600	none	0.500	none	0.500	0	11	93.900	340.725
139	0	10	2	205.300	260.100	316.350	340.600	none	0.500	none	0.500	0	11	93.900	340.725
139	0	10	3	260.100	315.150	316.350	340.600	none	0.500	0.500	0.500	0	11	93.900	340.725
139	0	10	4	315.150	369.950	316.350	340.600	none	0.500	0.500	0.500	0	11	93.900	340.725
139	0	10	5	369.950	424.750	316.350	340.600	none	0.500	none	0.500	0	11	93.900	340.725
139	0	10	6	424.750	479.550	316.350	340.600	none	0.500	none	0.500	0	11	93.900	340.725
140	0	0	0	57.850	143.750	94.150	149.600	0.500	none	0.500	0.500	0	11	93.900	340.725
140	0	0	1	143.750	205.300	94.150	149.600	0.500	0.500	none	0.500	0	11	93.900	340.725
140	0	0	2	205.300	260.100	94.150	149.600	0.500	0.500	none	none	0	11	93.900	340.725
140	0	0	3	260.100	315.150	94.150	149.600	0.500	0.500	0.500	0.500	0	11	93.900	340.725
140	0	0	4	315.150	369.950	94.150	149.600	0.500	0.500	0.500	none	0	11	93.900	340.725
140	0	0	5	369.950	424.750	94.150	149.600	0.500	0.500	0.500	none	0	11	93.900	340.725
140	0	0	6	424.750	479.550	94.150	149.600	0.500	0.500	0.500	none	0	11	93.900	340.725
140	0	0	7	479.550	534.350	94.150	149.600	0.500	0.500	0.500	none	0	11	93.900	340.725
140	0	0	8	534.350	589.300	94.150	149.600	0.500	0.500	0.500	none	0	11	93.900	340.725
140	0	0	9	589.300	644.100	94.150	149.600	0.500	0.500	0.500	0.500	0	11	93.900	340.725
140	0	0	10	644.100	699.950	94.150	149.600	0.500	0.500	0.500	0.500	0	11	93.900	340.725
140	0	0	11	699.950	734.650	94.150	149.600	0.500	none	none	0.500	0	11	93.900	340.725
140	0	1	0	57.850	143.750	149.600	200.350	0.500	0.500	0.500	0.500	0	11	93.900	340.725
140	0	1	1	143.750	205.300	149.600	166.600	none	0.500	none	0.500	0	11	93.900	340.725
140	0	1	2	205.300	260.100	149.600	166.600	none	0.500	none	0.500	0	11	93.900	340.725
140	0	1	3	260.100	315.150	149.600	166.600	none	0.500	0.500	0.500	0	11	93.900	340.725
140	0	1	4	315.150	369.950	149.600	166.600	none	0.500	0.500	0.500	0	11	93.900	340.725
140	0	1	5	369.950	424.750	149.600	166.600	none	0.500	none	0.500	0	11	93.900	340.725
140	0	1	6	424.750	479.550	149.600	166.600	none	0.500	none	0.500	0	11	93.900	340.725
140	0	1	7	479.550	534.350	149.600	166.600	none	0.500	0.500	0.500	0	11	93.900	340.725
140	0	1	8	534.350	589.300	149.600	166.600	none	0.500	none	0.500	0	11	93.900	340.725
140	0	1	9	589.300	644.100	149.600	166.600	0.500	0.500	none	0.500	0	11	93.900	340.725
140	0	1	10	644.100	699.950	149.600	166.600	0.500	0.500	0.500	0.500	0	11	93.900	340.725
140	0	1	11	699.950	734.650	149.600	166.600	0.500	none	none	0.500	0	11	93.900	340.725
140	0	2	1	143.750	205.300	166.600	183.600	none	0.500	none	0.500	0	11	93.900	340.725
140	0	2	2	205.300	260.100	166.600	183.600	none	0.500	none	0.500	0	11	93.900	340.725
140	0	2	3	260.100	315.150	166.600	183.600	none	0.500	0.500	0.500	0	11	93.900	340.725
140	0	2	4	315.150	369.950	166.600	183.600	none	0.500	0.500	0.500	0	11	93.900	340.725
140	0	2	5	369.950	424.750	166.600	183.600	none	0.500	none	0.500	0	11	93.900	340.725
140	0	2	6	424.750	479.550	166.600	183.600	none	0.500	none	0.500	0	11	93.900	340.725
140	0	2	7	479.550	534.350	166.600	183.600	none	0.500	0.500	0.500	0	11	93.900	340.725
140	0	2	8	534.350	589.300	166.600	183.600	none	0.500	none	0.500	0	11	93.900	340.725
140	0	2	9	589.300	644.100	166.600	183.600	0.500	0.500	none	0.500	0	11	93.900	340.725
140	0	2	10	644.100	699.950	166.600	183.600	0.500	0.500	0.500	0.500	0	11	93.900	340.725
140	0	2	11	699.950	734.650	166.600	183.600	none	none	none	0.500	0	11	93.900	340.725
140	0	3	1	143.750	205.300	183.600	200.350	none	0.500	none	0.500	0	11	93.900	340.725
140	0	3	2	205.300	260.100	183.600	200.350	none	0.500	none	0.500	0	11	93.900	340.725
140	0	3	3	260.100	315.150	183.600	200.350	none	0.500	0.500	0.500	0	11	93.900	340.725
140	0	3	4	315.150	369.950	183.600	200.350	none	0.500	0.500	0.500	0	11	93.900	340.725
140	0	3	5	369.950	424.750	183.600	200.350	none	0.500	none	0.500	0	11	93.900	340.725
140	0	3	6	424.750	479.550	183.600	200.350	none	0.500	none	0.500	0	11	93.900	340.725
140	0	3	7	479.550	534.350	183.600	200.350	none	0.500	0.500	0.500	0	11	93.900	340.725
140	0	3	8	534.350	589.300	183.600	200.350	none	0.500	none	0.500	0	11	93.900	340.725
140	0	3	9	589.300	734.650	183.600	340.600	none	0.500	none	0.500	0	11	93.900	340.725
140	0	4	0	57.850	143.750	200.350	233.850	none	0.500	0.500	0.500	0	11	93.900	340.725
140	0	4	1	143.750	205.300	200.350	217.100	none	0.500	none	0.500	0	11	93.900	340.725
140	0	4	2	205.300	260.100	200.350	217.100	none	0.500	none	0.500	0	11	93.900	340.725
140	0	4	3	260.100	315.150	200.350	217.100	none	0.500	0.500	0.500	0	11	93.900	340.725
140	0	4	4	315.150	369.950	200.350	217.100	none	0.500	0.500	0.500	0	11	93.900	340.725
140	0	4	5	369.950	424.750	200.350	217.100	none	0.500	none	0.500	0	11	93.900	340.725
140	0	4	6	424.750	479.550	200.350	217.100	none	0.500	none	0.500	0	11	93.900	340.725
140	0	4	7	479.550	534.350	200.350	217.100	none	0.500	0.500	0.500	0	11	93.900	340.725
140	0	4	8	534.350	589.300	200.350	217.100	none	0.500	none	0.500	0	11	93.900	340.725
140	0	5	1	143.750	205.300	217.100	233.850	none	0.500	none	0.500	0	11	93.900	340.725
140	0	5	2	205.300	260.100	217.100	233.850	none	0.500	none	0.500	0	11	93.900	340.725
140	0	5	3	260.100	315.150	217.100	233.850	none	0.500	0.500	0.500	0	11	93.900	340.725
140	0	5	4	315.150	369.950	217.100	233.850	none	0.500	0.500	0.500	0	11	93.900	340.725
140	0	5	5	369.950	424.750	217.100	233.850	none	0.500	none	0.500	0	11	93.900	340.725
140	0	5	6	424.750	479.550	217.100	233.850	none	0.500	none	0.500	0	11	93.900	340.725
140	0	5	7	479.550	534.350	217.100	233.850	none	0.500	0.500	0.500	0	11	93.900	340.725
140	0	5	8	534.350	589.300	217.100	233.850	none	0.500	none	0.500	0	11	93.900	340.725
140	0	6	0	57.850	143.750	233.850	267.600	none	0.500	0.500	0.500	0	11	93.900	340.725
140	0	6	1	143.750	205.300	233.850	250.600	none	0.500	none	0.500	0	11	93.900	340.725
140	0	6	2	205.300	260.100	233.850	250.600	none	0.500	none	0.500	0	11	93.900	340.725
140	0	6	3	260.100	315.150	233.850	250.600	none	0.500	0.500	0.500	0	11	93.900	340.725
140	0	6	4	315.150	369.950	233.850	250.600	none	0.500	0.500	0.500	0	11	93.900	340.725
140	0	6	5	369.950	424.750	233.850	250.600	none	0.500	none	0.500	0	11	93.900	340.725
140	0	6	6	424.750	479.550	233.850	250.600	none	0.500	none	0.500	0	11	93.900	340.725
140	0	6	7	479.550	534.350	233.850	250.600	none	0.500	0.500	0.500	0	11	93.900	340.725
140	0	6	8	534.350	589.300	233.850	250.600	none	0.500	none	0.500	0	11	93.900	340.725
140	0	7	1	143.750	205.300	250.600	267.600	none	0.500	none	0.500	0	11	93.900	340.725
140	0	7	2	205.300	260.100	250.600	267.600	none	0.500	none	0.500	0	11	93.900	340.725
140	0	7	3	260.100	315.150	250.600	267.600	none	0.500	0.500	0.500	0	11	93.900	340.725
140	0	7	4	315.150	369.950	250.600	267.600	none	0.500	0.500	0.500	0	11	93.900	340.725
140	0	7	5	369.950	424.750	250.600	267.600	none	0.500	none	0.500	0	11	93.900	340.725
140	0	7	6	424.750	479.550	250.600	267.600	none	0.500	none	0.500	0	11	93.900	340.725
140	0	7	7	479.550	534.350	250.600	267.600	0.500	0.500	0.500	0.500	0	11	93.900	340.725
140	0	7	8	534.350	589.300	250.600	267.600	0.500	0.500	none	0.500	0	11	93.900	340.725
140	0	8	0	57.850	143.750	267.600	292.100	none	0.500	0.500	0.500	0	11	93.900	340.725
140	0	8	1	143.750	205.300	267.600	292.100	none	0.500	none	0.500	0	11	93.900	340.725
140	0	8	2	205.300	260.100	267.600	292.100	none	0.500	none	0.500	0	11	93.900	340.725
140	0	8	3	260.100	315.150	267.600	292.100	none	0.500	0.500	0.500	0	11	93.900	340.725
140	0	8	4	315.150	369.950	267.600	292.100	none	0.500	0.500	0.500	0	11	93.900	340.725
140	0	8	5	369.950	424.750	267.600	292.100	none	0.500	none	0.500	0	11	93.900	340.725
140	0	8	6	424.750	479.550	267.600	292.100	none	0.500	none	0.500	0	11	93.900	340.725
140	0	8	7	479.550	589.300	267.600	340.600	0.500	0.500	0.500	none	0	11	93.900	340.725
140	0	9	0	57.850	143.750	292.100	316.350	none	0.500	0.500	0.500	0	11	93.900	340.725
140	0	9	1	143.750	205.300	292.100	316.350	none	0.500	none	0.500	0	11	93.900	340.725
140	0	9	2	205.300	260.100	292.100	316.350	none	0.500	none	0.500	0	11	93.900	340.725
140	0	9	3	260.100	315.150	292.100	316.350	none	0.500	0.500	0.500	0	11	93.900	340.725
140	0	9	4	315.150	369.950	292.100	316.350	none	0.500	0.500	0.500	0	11	93.900	340.725
140	0	9	5	369.950	424.750	292.100	316.350	none	0.500	none	0.500	0	11	93.900	340.725
140	0	9	6	424.750	479.550	292.100	316.350	none	0.500	none	0.500	0	11	93.900	340.725
140	0	10	0	57.850	143.750	316.350	340.600	none	0.500	0.500	0.500	0	11	93.900	340.725
140	0	10	1	143.750	205.300	316.350	340.600	none	0.500	none	0.500	0	11	93.900	340.725
140	0	10	2	205.300	260.100	316.350	340.600	none	0.500	none	0.500	0	11	93.900	340.725
140	0	10	3	260.100	315.150	316.350	340.600	none	0.500	0.500	0.500	0	11	93.900	340.725
140	0	10	4	315.150	369.950	316.350	340.600	none	0.500	0.500	0.500	0	11	93.900	340.725
140	0	10	5	369.950	424.750	316.350	340.600	none	0.500	none	0.500	0	11	93.900	340.725
140	0	10	6	424.750	479.550	316.350	340.600	none	0.500	none	0.500	0	11	93.900	340.725
141	0	0	0	57.850	143.750	94.150	149.600	0.500	none	0.500	0.500	0	11	93.900	340.725
141	0	0	1	143.750	205.300	94.150	149.600	0.500	0.500	none	0.500	0	11	93.900	340.725
141	0	0	2	205.300	260.100	94.150	149.600	0.500	0.500	none	none	0	11	93.900	340.725
141	0	0	3	260.100	315.150	94.150	149.600	0.500	0.500	0.500	0.500	0	11	93.900	340.725
141	0	0	4	315.150	369.950	94.150	149.600	0.500	0.500	0.500	none	0	11	93.900	340.725
141	0	0	5	369.950	424.750	94.150	149.600	0.500	0.500	0.500	none	0	11	93.900	340.725
141	0	0	6	424.750	479.550	94.150	149.600	0.500	0.500	0.500	none	0	11	93.900	340.725
141	0	0	7	479.550	534.350	94.150	149.600	0.500	0.500	0.500	none	0	11	93.900	340.725
141	0	0	8	534.350	589.300	94.150	149.600	0.500	0.500	0.500	none	0	11	93.900	340.725
141	0	0	9	589.300	644.100	94.150	149.600	0.500	0.500	0.500	0.500	0	11	93.900	340.725
141	0	0	10	644.100	699.950	94.150	149.600	0.500	0.500	0.500	0.500	0	11	93.900	340.725
141	0	0	11	699.950	734.650	94.150	149.600	0.500	none	none	0.500	0	11	93.900	340.725
141	0	1	0	57.850	143.750	149.600	200.350	0.500	0.500	0.500	0.500	0	11	93.900	340.725
141	0	1	1	143.750	205.300	149.600	166.600	none	0.500	none	0.500	0	11	93.900	340.725
141	0	1	2	205.300	260.100	149.600	166.600	none	0.500	none	0.500	0	11	93.900	340.725
141	0	1	3	260.100	315.150	149.600	166.600	none	0.500	0.500	0.500	0	11	93.900	340.725
141	0	1	4	315.150	369.950	149.600	166.600	none	0.500	0.500	0.500	0	11	93.900	340.725
141	0	1	5	369.950	424.750	149.600	166.600	none	0.500	none	0.500	0	11	93.900	340.725
141	0	1	6	424.750	479.550	149.600	166.600	none	0.500	none	0.500	0	11	93.900	340.725
141	0	1	7	479.550	534.350	149.600	166.600	none	0.500	0.500	0.500	0	11	93.900	340.725
141	0	1	8	534.350	589.300	149.600	166.600	none	0.500	none	0.500	0	11	93.900	340.725
141	0	1	9	589.300	644.100	149.600	166.600	0.500	0.500	none	0.500	0	11	93.900	340.725
141	0	1	10	644.100	699.950	149.600	166.600	0.500	0.500	0.500	0.500	0	11	93.900	340.725
141	0	1	11	699.950	734.650	149.600	166.600	0.500	none	none	0.500	0	11	93.900	340.725
141	0	2	1	143.750	205.300	166.600	183.600	none	0.500	none	0.500	0	11	93.900	340.725
141	0	2	2	205.300	260.100	166.600	183.600	none	0.500	none	0.500	0	11	93.900	340.725
141	0	2	3	260.100	315.150	166.600	183.600	none	0.500	0.500	0.500	0	11	93.900	340.725
141	0	2	4	315.150	369.950	166.600	183.600	none	0.500	0.500	0.500	0	11	93.900	340.725
141	0	2	5	369.950	424.750	166.600	183.600	none	0.500	none	0.500	0	11	93.900	340.725
141	0	2	6	424.750	479.550	166.600	183.600	none	0.500	none	0.500	0	11	93.900	340.725
141	0	2	7	479.550	534.350	166.600	183.600	none	0.500	0.500	0.500	0	11	93.900	340.725
141	0	2	8	534.350	589.300	166.600	183.600	none	0.500	none	0.500	0	11	93.900	340.725
141	0	2	9	589.300	644.100	166.600	183.600	0.500	0.500	none	0.500	0	11	93.900	340.725
141	0	2	10	644.100	699.950	166.600	183.600	0.500	0.500	0.500	0.500	0	11	93.900	340.725
141	0	2	11	699.950	734.650	166.600	183.600	none	none	none	0.500	0	11	93.900	340.725
141	0	3	1	143.750	205.300	183.600	200.350	none	0.500	none	0.500	0	11	93.900	340.725
141	0	3	2	205.300	260.100	183.600	200.350	none	0.500	none	0.500	0	11	93.900	340.725
141	0	3	3	260.100	315.150	183.600	200.350	none	0.500	0.500	0.500	0	11	93.900	340.725
141	0	3	4	315.150	369.950	183.600	200.350	none	0.500	0.500	0.500	0	11	93.900	340.725
141	0	3	5	369.950	424.750	183.600	200.350	none	0.500	none	0.500	0	11	93.900	340.725
141	0	3	6	424.750	479.550	183.600	200.350	none	0.500	none	0.500	0	11	93.900	340.725
141	0	3	7	479.550	534.350	183.600	200.350	none	0.500	0.500	0.500	0	11	93.900	340.725
141	0	3	8	534.350	589.300	183.600	200.350	none	0.500	none	0.500	0	11	93.900	340.725
141	0	3	9	589.300	734.650	183.600	340.600	none	0.500	none	0.500	0	11	93.900	340.725
141	0	4	0	57.850	143.750	200.350	233.850	none	0.500	0.500	0.500	0	11	93.900	340.725
141	0	4	1	143.750	205.300	200.350	217.100	none	0.500	none	0.500	0	11	93.900	340.725
141	0	4	2	205.300	260.100	200.350	217.100	none	0.500	none	0.500	0	11	93.900	340.725
141	0	4	3	260.100	315.150	200.350	217.100	none	0.500	0.500	0.500	0	11	93.900	340.725
141	0	4	4	315.150	369.950	200.350	217.100	none	0.500	0.500	0.500	0	11	93.900	340.725
141	0	4	5	369.950	424.750	200.350	217.100	none	0.500	none	0.500	0	11	93.900	340.725
141	0	4	6	424.750	479.550	200.350	217.100	none	0.500	none	0.500	0	11	93.900	340.725
141	0	4	7	479.550	534.350	200.350	217.100	none	0.500	0.500	0.500	0	11	93.900	340.725
141	0	4	8	534.350	589.300	200.350	217.100	none	0.500	none	0.500	0	11	93.900	340.725
141	0	5	1	143.750	205.300	217.100	233.850	none	0.500	none	0.500	0	11	93.900	340.725
141	0	5	2	205.300	260.100	217.100	233.850	none	0.500	none	0.500	0	11	93.900	340.725
141	0	5	3	260.100	315.150	217.100	233.850	none	0.500	0.500	0.500	0	11	93.900	340.725
141	0	5	4	315.150	369.950	217.100	233.850	none	0.500	0.500	0.500	0	11	93.900	340.725
141	0	5	5	369.950	424.750	217.100	233.850	none	0.500	none	0.500	0	11	93.900	340.725
141	0	5	6	424.750	479.550	217.100	233.850	none	0.500	none	0.500	0	11	93.900	340.725
141	0	5	7	479.550	534.350	217.100	233.850	none	0.500	0.500	0.500	0	11	93.900	340.725
141	0	5	8	534.350	589.300	217.100	233.850	none	0.500	none	0.500	0	11	93.900	340.725
141	0	6	0	57.850	143.750	233.850	267.600	none	0.500	0.500	0.500	0	11	93.900	340.725
141	0	6	1	143.750	205.300	233.850	250.600	none	0.500	none	0.500	0	11	93.900	340.725
141	0	6	2	205.300	260.100	233.850	250.600	none	0.500	none	0.500	0	11	93.900	340.725
141	0	6	3	260.100	315.150	233.850	250.600	none	0.500	0.500	0.500	0	11	93.900	340.725
141	0	6	4	315.150	369.950	233.850	250.600	none	0.500	0.500	0.500	0	11	93.900	340.725
141	0	6	5	369.950	424.750	233.850	250.600	none	0.500	none	0.500	0	11	93.900	340.725
141	0	6	6	424.750	479.550	233.850	250.600	none	0.500	none	0.500	0	11	93.900	340.725
141	0	6	7	479.550	534.350	233.850	250.600	none	0.500	0.500	0.500	0	11	93.900	340.725
141	0	6	8	534.350	589.300	233.850	250.600	none	0.500	none	0.500	0	11	93.900	340.725
141	0	7	1	143.750	205.300	250.600	267.600	none	0.500	none	0.500	0	11	93.900	340.725
141	0	7	2	205.300	260.100	250.600	267.600	none	0.500	none	0.500	0	11	93.900	340.725
141	0	7	3	260.100	315.150	250.600	267.600	none	0.500	0.500	0.500	0	11	93.900	340.725
141	0	7	4	315.150	369.950	250.600	267.600	none	0.500	0.500	0.500	0	11	93.900	340.725
141	0	7	5	369.950	424.750	250.600	267.600	none	0.500	none	0.500	0	11	93.900	340.725
141	0	7	6	424.750	479.550	250.600	267.600	none	0.500	none	0.500	0	11	93.900	340.725
141	0	7	7	479.550	534.350	250.600	267.600	0.500	0.500	0.500	0.500	0	11	93.900	340.725
141	0	7	8	534.350	589.300	250.600	267.600	0.500	0.500	none	0.500	0	11	93.900	340.725
141	0	8	0	57.850	143.750	267.600	292.100	none	0.500	0.500	0.500	0	11	93.900	340.725
141	0	8	1	143.750	205.300	267.600	292.100	none	0.500	none	0.500	0	11	93.900	340.725
141	0	8	2	205.300	260.100	267.600	292.100	none	0.500	none	0.500	0	11	93.900	340.725
141	0	8	3	260.100	315.150	267.600	292.100	none	0.500	0.500	0.500	0	11	93.900	340.725
141	0	8	4	315.150	369.950	267.600	292.100	none	0.500	0.500	0.500	0	11	93.900	340.725
141	0	8	5	369.950	424.750	267.600	292.100	none	0.500	none	0.500	0	11	93.900	340.725
141	0	8	6	424.750	479.550	267.600	292.100	none	0.500	none	0.500	0	11	93.900	340.725
141	0	8	7	479.550	589.300	267.600	340.600	0.500	0.500	0.500	none	0	11	93.900	340.725
141	0	9	0	57.850	143.750	292.100	316.350	none	0.500	0.500	0.500	0	11	93.900	340.725
141	0	9	1	143.750	205.300	292.100	316.350	none	0.500	none	0.500	0	11	93.900	340.725
141	0	9	2	205.300	260.100	292.100	316.350	none	0.500	none	0.500	0	11	93.900	340.725
141	0	9	3	260.100	315.150	292.100	316.350	none	0.500	0.500	0.500	0	11	93.900	340.725
141	0	9	4	315.150	369.950	292.100	316.350	none	0.500	0.500	0.500	0	11	93.900	340.725
141	0	9	5	369.950	424.750	292.100	316.350	none	0.500	none	0.500	0	11	93.900	340.725
141	0	9	6	424.750	479.550	292.100	316.350	none	0.500	none	0.500	0	11	93.900	340.725
141	0	10	0	57.850	143.750	316.350	340.600	none	0.500	0.500	0.500	0	11	93.900	340.725
141	0	10	1	143.750	205.300	316.350	340.600	none	0.500	none	0.500	0	11	93.900	340.725
141	0	10	2	205.300	260.100	316.350	340.600	none	0.500	none	0.500	0	11	93.900	340.725
141	0	10	3	260.100	315.150	316.350	340.600	none	0.500	0.500	0.500	0	11	93.900	340.725
141	0	10	4	315.150	369.950	316.350	340.600	none	0.500	0.500	0.500	0	11	93.900	340.725
141	0	10	5	369.950	424.750	316.350	340.600	none	0.500	none	0.500	0	11	93.900	340.725
141	0	10	6	424.750	479.550	316.350	340.600	none	0.500	none	0.500	0	11	93.900	340.725
142	0	0	0	57.850	143.750	94.150	149.600	0.500	none	0.500	0.500	0	11	93.900	340.725
142	0	0	1	143.750	205.300	94.150	149.600	0.500	0.500	none	0.500	0	11	93.900	340.725
142	0	0	2	205.300	260.100	94.150	149.600	0.500	0.500	none	none	0	11	93.900	340.725
142	0	0	3	260.100	315.150	94.150	149.600	0.500	0.500	0.500	0.500	0	11	93.900	340.725
142	0	0	4	315.150	369.950	94.150	149.600	0.500	0.500	0.500	none	0	11	93.900	340.725
142	0	0	5	369.950	424.750	94.150	149.600	0.500	0.500	0.500	none	0	11	93.900	340.725
142	0	0	6	424.750	479.550	94.150	149.600	0.500	0.500	0.500	none	0	11	93.900	340.725
142	0	0	7	479.550	534.350	94.150	149.600	0.500	0.500	0.500	none	0	11	93.900	340.725
142	0	0	8	534.350	589.300	94.150	149.600	0.500	0.500	0.500	none	0	11	93.900	340.725
142	0	0	9	589.300	644.100	94.150	149.600	0.500	0.500	0.500	0.500	0	11	93.900	340.725
142	0	0	10	644.100	699.950	94.150	149.600	0.500	0.500	0.500	0.500	0	11	93.900	340.725
142	0	0	11	699.950	734.650	94.150	149.600	0.500	none	none	0.500	0	11	93.900	340.725
142	0	1	0	57.850	143.750	149.600	200.350	0.500	0.500	0.500	0.500	0	11	93.900	340.725
142	0	1	1	143.750	205.300	149.600	166.600	none	0.500	none	0.500	0	11	93.900	340.725
142	0	1	2	205.300	260.100	149.600	166.600	none	0.500	none	0.500	0	11	93.900	340.725
142	0	1	3	260.100	315.150	149.600	166.600	none	0.500	0.500	0.500	0	11	93.900	340.725
142	0	1	4	315.150	369.950	149.600	166.600	none	0.500	0.500	0.500	0	11	93.900	340.725
142	0	1	5	369.950	424.750	149.600	166.600	none	0.500	none	0.500	0	11	93.900	340.725
142	0	1	6	424.750	479.550	149.600	166.600	none	0.500	none	0.500	0	11	93.900	340.725
142	0	1	7	479.550	534.350	149.600	166.600	none	0.500	0.500	0.500	0	11	93.900	340.725
142	0	1	8	534.350	589.300	149.600	166.600	none	0.500	none	0.500	0	11	93.900	340.725
142	0	1	9	589.300	644.100	149.600	166.600	0.500	0.500	none	0.500	0	11	93.900	340.725
142	0	1	10	644.100	699.950	149.600	166.600	0.500	0.500	0.500	0.500	0	11	93.900	340.725
142	0	1	11	699.950	734.650	149.600	166.600	0.500	none	none	0.500	0	11	93.900	340.725
142	0	2	1	143.750	205.300	166.600	183.600	none	0.500	none	0.500	0	11	93.900	340.725
142	0	2	2	205.300	260.100	166.600	183.600	none	0.500	none	0.500	0	11	93.900	340.725
142	0	2	3	260.100	315.150	166.600	183.600	none	0.500	0.500	0.500	0	11	93.900	340.725
142	0	2	4	315.150	369.950	166.600	183.600	none	0.500	0.500	0.500	0	11	93.900	340.725
142	0	2	5	369.950	424.750	166.600	183.600	none	0.500	none	0.500	0	11	93.900	340.725
142	0	2	6	424.750	479.550	166.600	183.600	none	0.500	none	0.500	0	11	93.900	340.725
142	0	2	7	479.550	534.350	166.600	183.600	none	0.500	0.500	0.500	0	11	93.900	340.725
142	0	2	8	534.350	589.300	166.600	183.600	none	0.500	none	0.500	0	11	93.900	340.725
142	0	2	9	589.300	644.100	166.600	183.600	0.500	0.500	none	0.500	0	11	93.900	340.725
142	0	2	10	644.100	699.950	166.600	183.600	0.500	0.500	0.500	0.500	0	11	93.900	340.725
142	0	2	11	699.950	734.650	166.600	183.600	none	none	none	0.500	0	11	93.900	340.725
142	0	3	1	143.750	205.300	183.600	200.350	none	0.500	none	0.500	0	11	93.900	340.725
142	0	3	2	205.300	260.100	183.600	200.350	none	0.500	none	0.500	0	11	93.900	340.725
142	0	3	3	260.100	315.150	183.600	200.350	none	0.500	0.500	0.500	0	11	93.900	340.725
142	0	3	4	315.150	369.950	183.600	200.350	none	0.500	0.500	0.500	0	11	93.900	340.725
142	0	3	5	369.950	424.750	183.600	200.350	none	0.500	none	0.500	0	11	93.900	340.725
142	0	3	6	424.750	479.550	183.600	200.350	none	0.500	none	0.500	0	11	93.900	340.725
142	0	3	7	479.550	534.350	183.600	200.350	none	0.500	0.500	0.500	0	11	93.900	340.725
142	0	3	8	534.350	589.300	183.600	200.350	none	0.500	none	0.500	0	11	93.900	340.725
142	0	3	9	589.300	734.650	183.600	340.600	none	0.500	none	0.500	0	11	93.900	340.725
142	0	4	0	57.850	143.750	200.350	233.850	none	0.500	0.500	0.500	0	11	93.900	340.725
142	0	4	1	143.750	205.300	200.350	217.100	none	0.500	none	0.500	0	11	93.900	340.725
142	0	4	2	205.300	260.100	200.350	217.100	none	0.500	none	0.500	0	11	93.900	340.725
142	0	4	3	260.100	315.150	200.350	217.100	none	0.500	0.500	0.500	0	11	93.900	340.725
142	0	4	4	315.150	369.950	200.350	217.100	none	0.500	0.500	0.500	0	11	93.900	340.725
142	0	4	5	369.950	424.750	200.350	217.100	none	0.500	none	0.500	0	11	93.900	340.725
142	0	4	6	424.750	479.550	200.350	217.100	none	0.500	none	0.500	0	11	93.900	340.725
142	0	4	7	479.550	534.350	200.350	217.100	none	0.500	0.500	0.500	0	11	93.900	340.725
142	0	4	8	534.350	589.300	200.350	217.100	none	0.500	none	0.500	0	11	93.900	340.725
142	0	5	1	143.750	205.300	217.100	233.850	none	0.500	none	0.500	0	11	93.900	340.725
142	0	5	2	205.300	260.100	217.100	233.850	none	0.500	none	0.500	0	11	93.900	340.725
142	0	5	3	260.100	315.150	217.100	233.850	none	0.500	0.500	0.500	0	11	93.900	340.725
142	0	5	4	315.150	369.950	217.100	233.850	none	0.500	0.500	0.500	0	11	93.900	340.725
142	0	5	5	369.950	424.750	217.100	233.850	none	0.500	none	0.500	0	11	93.900	340.725
142	0	5	6	424.750	479.550	217.100	233.850	none	0.500	none	0.500	0	11	93.900	340.725
142	0	5	7	479.550	534.350	217.100	233.850	none	0.500	0.500	0.500	0	11	93.900	340.725
142	0	5	8	534.350	589.300	217.100	233.850	none	0.500	none	0.500	0	11	93.900	340.725
142	0	6	0	57.850	143.750	233.850	267.600	none	0.500	0.500	0.500	0	11	93.900	340.725
142	0	6	1	143.750	205.300	233.850	250.600	none	0.500	none	0.500	0	11	93.900	340.725
142	0	6	2	205.300	260.100	233.850	250.600	none	0.500	none	0.500	0	11	93.900	340.725
142	0	6	3	260.100	315.150	233.850	250.600	none	0.500	0.500	0.500	0	11	93.900	340.725
142	0	6	4	315.150	369.950	233.850	250.600	none	0.500	0.500	0.500	0	11	93.900	340.725
142	0	6	5	369.950	424.750	233.850	250.600	none	0.500	none	0.500	0	11	93.900	340.725
142	0	6	6	424.750	479.550	233.850	250.600	none	0.500	none	0.500	0	11	93.900	340.725
142	0	6	7	479.550	534.350	233.850	250.600	none	0.500	0.500	0.500	0	11	93.900	340.725
142	0	6	8	534.350	589.300	233.850	250.600	none	0.500	none	0.500	0	11	93.900	340.725
142	0	7	1	143.750	205.300	250.600	267.600	none	0.500	none	0.500	0	11	93.900	340.725
142	0	7	2	205.300	260.100	250.600	267.600	none	0.500	none	0.500	0	11	93.900	340.725
142	0	7	3	260.100	315.150	250.600	267.600	none	0.500	0.500	0.500	0	11	93.900	340.725
142	0	7	4	315.150	369.950	250.600	267.600	none	0.500	0.500	0.500	0	11	93.900	340.725
142	0	7	5	369.950	424.750	250.600	267.600	none	0.500	none	0.500	0	11	93.900	340.725
142	0	7	6	424.750	479.550	250.600	267.600	none	0.500	none	0.500	0	11	93.900	340.725
142	0	7	7	479.550	534.350	250.600	267.600	0.500	0.500	0.500	0.500	0	11	93.900	340.725
142	0	7	8	534.350	589.300	250.600	267.600	0.500	0.500	none	0.500	0	11	93.900	340.725
142	0	8	0	57.850	143.750	267.600	292.100	none	0.500	0.500	0.500	0	11	93.900	340.725
142	0	8	1	143.750	205.300	267.600	292.100	none	0.500	none	0.500	0	11	93.900	340.725
142	0	8	2	205.300	260.100	267.600	292.100	none	0.500	none	0.500	0	11	93.900	340.725
142	0	8	3	260.100	315.150	267.600	292.100	none	0.500	0.500	0.500	0	11	93.900	340.725
142	0	8	4	315.150	369.950	267.600	292.100	none	0.500	0.500	0.500	0	11	93.900	340.725
142	0	8	5	369.950	424.750	267.600	292.100	none	0.500	none	0.500	0	11	93.900	340.725
142	0	8	6	424.750	479.550	267.600	292.100	none	0.500	none	0.500	0	11	93.900	340.725
142	0	8	7	479.550	589.300	267.600	340.600	0.500	0.500	0.500	none	0	11	93.900	340.725
142	0	9	0	57.850	143.750	292.100	316.350	none	0.500	0.500	0.500	0	11	93.900	340.725
142	0	9	1	143.750	205.300	292.100	316.350	none	0.500	none	0.500	0	11	93.900	340.725
142	0	9	2	205.300	260.100	292.100	316.350	none	0.500	none	0.500	0	11	93.900	340.725
142	0	9	3	260.100	315.150	292.100	316.350	none	0.500	0.500	0.500	0	11	93.900	340.725
142	0	9	4	315.150	369.950	292.100	316.350	none	0.500	0.500	0.500	0	11	93.900	340.725
142	0	9	5	369.950	424.750	292.100	316.350	none	0.500	none	0.500	0	11	93.900	340.725
142	0	9	6	424.750	479.550	292.100	316.350	none	0.500	none	0.500	0	11	93.900	340.725
142	0	10	0	57.850	143.750	316.350	340.600	none	0.500	0.500	0.500	0	11	93.900	340.725
142	0	10	1	143.750	205.300	316.350	340.600	none	0.500	none	0.500	0	11	93.900	340.725
142	0	10	2	205.300	260.100	316.350	340.600	none	0.500	none	0.500	0	11	93.900	340.725
142	0	10	3	260.100	315.150	316.350	340.600	none	0.500	0.500	0.500	0	11	93.900	340.725
142	0	10	4	315.150	369.950	316.350	340.600	none	0.500	0.500	0.500	0	11	93.900	340.725
142	0	10	5	369.950	424.750	316.350	340.600	none	0.500	none	0.500	0	11	93.900	340.725
142	0	10	6	424.750	479.550	316.350	340.600	none	0.500	none	0.500	0	11	93.900	340.725
143	0	0	0	57.850	143.750	94.150	149.600	0.500	none	0.500	0.500	0	11	93.900	340.725
143	0	0	1	143.750	205.300	94.150	149.600	0.500	0.500	none	0.500	0	11	93.900	340.725
143	0	0	2	205.300	260.100	94.150	149.600	0.500	0.500	none	none	0	11	93.900	340.725
143	0	0	3	260.100	315.150	94.150	149.600	0.500	0.500	0.500	0.500	0	11	93.900	340.725
143	0	0	4	315.150	369.950	94.150	149.600	0.500	0.500	0.500	none	0	11	93.900	340.725
143	0	0	5	369.950	424.750	94.150	149.600	0.500	0.500	0.500	none	0	11	93.900	340.725
143	0	0	6	424.750	479.550	94.150	149.600	0.500	0.500	0.500	none	0	11	93.900	340.725
143	0	0	7	479.550	534.350	94.150	149.600	0.500	0.500	0.500	none	0	11	93.900	340.725
143	0	0	8	534.350	589.300	94.150	149.600	0.500	0.500	0.500	none	0	11	93.900	340.725
143	0	0	9	589.300	644.100	94.150	149.600	0.500	0.500	0.500	0.500	0	11	93.900	340.725
143	0	0	10	644.100	699.950	94.150	149.600	0.500	0.500	0.500	0.500	0	11	93.900	340.725
143	0	0	11	699.950	734.650	94.150	149.600	0.500	none	none	0.500	0	11	93.900	340.725
143	0	1	0	57.850	143.750	149.600	200.350	0.500	0.500	0.500	0.500	0	11	93.900	340.725
143	0	1	1	143.750	205.300	149.600	166.600	none	0.500	none	0.500	0	11	93.900	340.725
143	0	1	2	205.300	260.100	149.600	166.600	none	0.500	none	0.500	0	11	93.900	340.725
143	0	1	3	260.100	315.150	149.600	166.600	none	0.500	0.500	0.500	0	11	93.900	340.725
143	0	1	4	315.150	369.950	149.600	166.600	none	0.500	0.500	0.500	0	11	93.900	340.725
143	0	1	5	369.950	424.750	149.600	166.600	none	0.500	none	0.500	0	11	93.900	340.725
143	0	1	6	424.750	479.550	149.600	166.600	none	0.500	none	0.500	0	11	93.900	340.725
143	0	1	7	479.550	534.350	149.600	166.600	none	0.500	0.500	0.500	0	11	93.900	340.725
143	0	1	8	534.350	589.300	149.600	166.600	none	0.500	none	0.500	0	11	93.900	340.725
143	0	1	9	589.300	644.100	149.600	166.600	0.500	0.500	none	0.500	0	11	93.900	340.725
143	0	1	10	644.100	699.950	149.600	166.600	0.500	0.500	0.500	0.500	0	11	93.900	340.725
143	0	1	11	699.950	734.650	149.600	166.600	0.500	none	none	0.500	0	11	93.900	340.725
143	0	2	1	143.750	205.300	166.600	183.600	none	0.500	none	0.500	0	11	93.900	340.725
143	0	2	2	205.300	260.100	166.600	183.600	none	0.500	none	0.500	0	11	93.900	340.725
143	0	2	3	260.100	315.150	166.600	183.600	none	0.500	0.500	0.500	0	11	93.900	340.725
143	0	2	4	315.150	369.950	166.600	183.600	none	0.500	0.500	0.500	0	11	93.900	340.725
143	0	2	5	369.950	424.750	166.600	183.600	none	0.500	none	0.500	0	11	93.900	340.725
143	0	2	6	424.750	479.550	166.600	183.600	none	0.500	none	0.500	0	11	93.900	340.725
143	0	2	7	479.550	534.350	166.600	183.600	none	0.500	0.500	0.500	0	11	93.900	340.725
143	0	2	8	534.350	589.300	166.600	183.600	none	0.500	none	0.500	0	11	93.900	340.725
143	0	2	9	589.300	644.100	166.600	183.600	0.500	0.500	none	0.500	0	11	93.900	340.725
143	0	2	10	644.100	699.950	166.600	183.600	0.500	0.500	0.500	0.500	0	11	93.900	340.725
143	0	2	11	699.950	734.650	166.600	183.600	none	none	none	0.500	0	11	93.900	340.725
143	0	3	1	143.750	205.300	183.600	200.350	none	0.500	none	0.500	0	11	93.900	340.725
143	0	3	2	205.300	260.100	183.600	200.350	none	0.500	none	0.500	0	11	93.900	340.725
143	0	3	3	260.100	315.150	183.600	200.350	none	0.500	0.500	0.500	0	11	93.900	340.725
143	0	3	4	315.150	369.950	183.600	200.350	none	0.500	0.500	0.500	0	11	93.900	340.725
143	0	3	5	369.950	424.750	183.600	200.350	none	0.500	none	0.500	0	11	93.900	340.725
143	0	3	6	424.750	479.550	183.600	200.350	none	0.500	none	0.500	0	11	93.900	340.725
143	0	3	7	479.550	534.350	183.600	200.350	none	0.500	0.500	0.500	0	11	93.900	340.725
143	0	3	8	534.350	589.300	183.600	200.350	none	0.500	none	0.500	0	11	93.900	340.725
143	0	3	9	589.300	734.650	183.600	340.600	none	0.500	none	0.500	0	11	93.900	340.725
143	0	4	0	57.850	143.750	200.350	233.850	none	0.500	0.500	0.500	0	11	93.900	340.725
143	0	4	1	143.750	205.300	200.350	217.100	none	0.500	none	0.500	0	11	93.900	340.725
143	0	4	2	205.300	260.100	200.350	217.100	none	0.500	none	0.500	0	11	93.900	340.725
143	0	4	3	260.100	315.150	200.350	217.100	none	0.500	0.500	0.500	0	11	93.900	340.725
143	0	4	4	315.150	369.950	200.350	217.100	none	0.500	0.500	0.500	0	11	93.900	340.725
143	0	4	5	369.950	424.750	200.350	217.100	none	0.500	none	0.500	0	11	93.900	340.725
143	0	4	6	424.750	479.550	200.350	217.100	none	0.500	none	0.500	0	11	93.900	340.725
143	0	4	7	479.550	534.350	200.350	217.100	none	0.500	0.500	0.500	0	11	93.900	340.725
143	0	4	8	534.350	589.300	200.350	217.100	none	0.500	none	0.500	0	11	93.900	340.725
143	0	5	1	143.750	205.300	217.100	233.850	none	0.500	none	0.500	0	11	93.900	340.725
143	0	5	2	205.300	260.100	217.100	233.850	none	0.500	none	0.500	0	11	93.900	340.725
143	0	5	3	260.100	315.150	217.100	233.850	none	0.500	0.500	0.500	0	11	93.900	340.725
143	0	5	4	315.150	369.950	217.100	233.850	none	0.500	0.500	0.500	0	11	93.900	340.725
143	0	5	5	369.950	424.750	217.100	233.850	none	0.500	none	0.500	0	11	93.900	340.725
143	0	5	6	424.750	479.550	217.100	233.850	none	0.500	none	0.500	0	11	93.900	340.725
143	0	5	7	479.550	534.350	217.100	233.850	none	0.500	0.500	0.500	0	11	93.900	340.725
143	0	5	8	534.350	589.300	217.100	233.850	none	0.500	none	0.500	0	11	93.900	340.725
143	0	6	0	57.850	143.750	233.850	267.600	none	0.500	0.500	0.500	0	11	93.900	340.725
143	0	6	1	143.750	205.300	233.850	250.600	none	0.500	none	0.500	0	11	93.900	340.725
143	0	6	2	205.300	260.100	233.850	250.600	none	0.500	none	0.500	0	11	93.900	340.725
143	0	6	3	260.100	315.150	233.850	250.600	none	0.500	0.500	0.500	0	11	93.900	340.725
143	0	6	4	315.150	369.950	233.850	250.600	none	0.500	0.500	0.500	0	11	93.900	340.725
143	0	6	5	369.950	424.750	233.850	250.600	none	0.500	none	0.500	0	11	93.900	340.725
143	0	6	6	424.750	479.550	233.850	250.600	none	0.500	none	0.500	0	11	93.900	340.725
143	0	6	7	479.550	534.350	233.850	250.600	none	0.500	0.500	0.500	0	11	93.900	340.725
143	0	6	8	534.350	589.300	233.850	250.600	none	0.500	none	0.500	0	11	93.900	340.725
143	0	7	1	143.750	205.300	250.600	267.600	none	0.500	none	0.500	0	11	93.900	340.725
143	0	7	2	205.300	260.100	250.600	267.600	none	0.500	none	0.500	0	11	93.900	340.725
143	0	7	3	260.100	315.150	250.600	267.600	none	0.500	0.500	0.500	0	11	93.900	340.725
143	0	7	4	315.150	369.950	250.600	267.600	none	0.500	0.500	0.500	0	11	93.900	340.725
143	0	7	5	369.950	424.750	250.600	267.600	none	0.500	none	0.500	0	11	93.900	340.725
143	0	7	6	424.750	479.550	250.600	267.600	none	0.500	none	0.500	0	11	93.900	340.725
143	0	7	7	479.550	534.350	250.600	267.600	0.500	0.500	0.500	0.500	0	11	93.900	340.725
143	0	7	8	534.350	589.300	250.600	267.600	0.500	0.500	none	0.500	0	11	93.900	340.725
143	0	8	0	57.850	143.750	267.600	292.100	none	0.500	0.500	0.500	0	11	93.900	340.725
143	0	8	1	143.750	205.300	267.600	292.100	none	0.500	none	0.500	0	11	93.900	340.725
143	0	8	2	205.300	260.100	267.600	292.100	none	0.500	none	0.500	0	11	93.900	340.725
143	0	8	3	260.100	315.150	267.600	292.100	none	0.500	0.500	0.500	0	11	93.900	340.725
143	0	8	4	315.150	369.950	267.600	292.100	none	0.500	0.500	0.500	0	11	93.900	340.725
143	0	8	5	369.950	424.750	267.600	292.100	none	0.500	none	0.500	0	11	93.900	340.725
143	0	8	6	424.750	479.550	267.600	292.100	none	0.500	none	0.500	0	11	93.900	340.725
143	0	8	7	479.550	589.300	267.600	340.600	0.500	0.500	0.500	none	0	11	93.900	340.725
143	0	9	0	57.850	143.750	292.100	316.350	none	0.500	0.500	0.500	0	11	93.900	340.725
143	0	9	1	143.750	205.300	292.100	316.350	none	0.500	none	0.500	0	11	93.900	340.725
143	0	9	2	205.300	260.100	292.100	316.350	none	0.500	none	0.500	0	11	93.900	340.725
143	0	9	3	260.100	315.150	292.100	316.350	none	0.500	0.500	0.500	0	11	93.900	340.725
143	0	9	4	315.150	369.950	292.100	316.350	none	0.500	0.500	0.500	0	11	93.900	340.725
143	0	9	5	369.950	424.750	292.100	316.350	none	0.500	none	0.500	0	11	93.900	340.725
143	0	9	6	424.750	479.550	292.100	316.350	none	0.500	none	0.500	0	11	93.900	340.725
143	0	10	0	57.850	143.750	316.350	340.600	none	0.500	0.500	0.500	0	11	93.900	340.725
143	0	10	1	143.750	205.300	316.350	340.600	none	0.500	none	0.500	0	11	93.900	340.725
143	0	10	2	205.300	260.100	316.350	340.600	none	0.500	none	0.500	0	11	93.900	340.725
143	0	10	3	260.100	315.150	316.350	340.600	none	0.500	0.500	0.500	0	11	93.900	340.725
143	0	10	4	315.150	369.950	316.350	340.600	none	0.500	0.500	0.500	0	11	93.900	340.725
143	0	10	5	369.950	424.750	316.350	340.600	none	0.500	none	0.500	0	11	93.900	340.725
143	0	10	6	424.750	479.550	316.350	340.600	none	0.500	none	0.500	0	11	93.900	340.725
144	0	0	0	57.850	143.750	94.150	149.600	0.500	none	0.500	0.500	0	11	93.900	340.725
144	0	0	1	143.750	205.300	94.150	149.600	0.500	0.500	none	0.500	0	11	93.900	340.725
144	0	0	2	205.300	260.100	94.150	149.600	0.500	0.500	none	none	0	11	93.900	340.725
144	0	0	3	260.100	315.150	94.150	149.600	0.500	0.500	0.500	0.500	0	11	93.900	340.725
144	0	0	4	315.150	369.950	94.150	149.600	0.500	0.500	0.500	none	0	11	93.900	340.725
144	0	0	5	369.950	424.750	94.150	149.600	0.500	0.500	0.500	none	0	11	93.900	340.725
144	0	0	6	424.750	479.550	94.150	149.600	0.500	0.500	0.500	none	0	11	93.900	340.725
144	0	0	7	479.550	534.350	94.150	149.600	0.500	0.500	0.500	none	0	11	93.900	340.725
144	0	0	8	534.350	589.300	94.150	149.600	0.500	0.500	0.500	none	0	11	93.900	340.725
144	0	0	9	589.300	644.100	94.150	149.600	0.500	0.500	0.500	0.500	0	11	93.900	340.725
144	0	0	10	644.100	699.950	94.150	149.600	0.500	0.500	0.500	0.500	0	11	93.900	340.725
144	0	0	11	699.950	734.650	94.150	149.600	0.500	none	none	0.500	0	11	93.900	340.725
144	0	1	0	57.850	143.750	149.600	200.350	0.500	0.500	0.500	0.500	0	11	93.900	340.725
144	0	1	1	143.750	205.300	149.600	166.600	none	0.500	none	0.500	0	11	93.900	340.725
144	0	1	2	205.300	260.100	149.600	166.600	none	0.500	none	0.500	0	11	93.900	340.725
144	0	1	3	260.100	315.150	149.600	166.600	none	0.500	0.500	0.500	0	11	93.900	340.725
144	0	1	4	315.150	369.950	149.600	166.600	none	0.500	0.500	0.500	0	11	93.900	340.725
144	0	1	5	369.950	424.750	149.600	166.600	none	0.500	none	0.500	0	11	93.900	340.725
144	0	1	6	424.750	479.550	149.600	166.600	none	0.500	none	0.500	0	11	93.900	340.725
144	0	1	7	479.550	534.350	149.600	166.600	none	0.500	0.500	0.500	0	11	93.900	340.725
144	0	1	8	534.350	589.300	149.600	166.600	none	0.500	none	0.500	0	11	93.900	340.725
144	0	1	9	589.300	644.100	149.600	166.600	0.500	0.500	none	0.500	0	11	93.900	340.725
144	0	1	10	644.100	699.950	149.600	166.600	0.500	0.500	0.500	0.500	0	11	93.900	340.725
144	0	1	11	699.950	734.650	149.600	166.600	0.500	none	none	0.500	0	11	93.900	340.725
144	0	2	1	143.750	205.300	166.600	183.600	none	0.500	none	0.500	0	11	93.900	340.725
144	0	2	2	205.300	260.100	166.600	183.600	none	0.500	none	0.500	0	11	93.900	340.725
144	0	2	3	260.100	315.150	166.600	183.600	none	0.500	0.500	0.500	0	11	93.900	340.725
144	0	2	4	315.150	369.950	166.600	183.600	none	0.500	0.500	0.500	0	11	93.900	340.725
144	0	2	5	369.950	424.750	166.600	183.600	none	0.500	none	0.500	0	11	93.900	340.725
144	0	2	6	424.750	479.550	166.600	183.600	none	0.500	none	0.500	0	11	93.900	340.725
144	0	2	7	479.550	534.350	166.600	183.600	none	0.500	0.500	0.500	0	11	93.900	340.725
144	0	2	8	534.350	589.300	166.600	183.600	none	0.500	none	0.500	0	11	93.900	340.725
144	0	2	9	589.300	644.100	166.600	183.600	0.500	0.500	none	0.500	0	11	93.900	340.725
144	0	2	10	644.100	699.950	166.600	183.600	0.500	0.500	0.500	0.500	0	11	93.900	340.725
144	0	2	11	699.950	734.650	166.600	183.600	none	none	none	0.500	0	11	93.900	340.725
144	0	3	1	143.750	205.300	183.600	200.350	none	0.500	none	0.500	0	11	93.900	340.725
144	0	3	2	205.300	260.100	183.600	200.350	none	0.500	none	0.500	0	11	93.900	340.725
144	0	3	3	260.100	315.150	183.600	200.350	none	0.500	0.500	0.500	0	11	93.900	340.725
144	0	3	4	315.150	369.950	183.600	200.350	none	0.500	0.500	0.500	0	11	93.900	340.725
144	0	3	5	369.950	424.750	183.600	200.350	none	0.500	none	0.500	0	11	93.900	340.725
144	0	3	6	424.750	479.550	183.600	200.350	none	0.500	none	0.500	0	11	93.900	340.725
144	0	3	7	479.550	534.350	183.600	200.350	none	0.500	0.500	0.500	0	11	93.900	340.725
144	0	3	8	534.350	589.300	183.600	200.350	none	0.500	none	0.500	0	11	93.900	340.725
144	0	3	9	589.300	734.650	183.600	340.600	none	0.500	none	0.500	0	11	93.900	340.725
144	0	4	0	57.850	143.750	200.350	233.850	none	0.500	0.500	0.500	0	11	93.900	340.725
144	0	4	1	143.750	205.300	200.350	217.100	none	0.500	none	0.500	0	11	93.900	340.725
144	0	4	2	205.300	260.100	200.350	217.100	none	0.500	none	0.500	0	11	93.900	340.725
144	0	4	3	260.100	315.150	200.350	217.100	none	0.500	0.500	0.500	0	11	93.900	340.725
144	0	4	4	315.150	369.950	200.350	217.100	none	0.500	0.500	0.500	0	11	93.900	340.725
144	0	4	5	369.950	424.750	200.350	217.100	none	0.500	none	0.500	0	11	93.900	340.725
144	0	4	6	424.750	479.550	200.350	217.100	none	0.500	none	0.500	0	11	93.900	340.725
144	0	4	7	479.550	534.350	200.350	217.100	none	0.500	0.500	0.500	0	11	93.900	340.725
144	0	4	8	534.350	589.300	200.350	217.100	none	0.500	none	0.500	0	11	93.900	340.725
144	0	5	1	143.750	205.300	217.100	233.850	none	0.500	none	0.500	0	11	93.900	340.725
144	0	5	2	205.300	260.100	217.100	233.850	none	0.500	none	0.500	0	11	93.900	340.725
144	0	5	3	260.100	315.150	217.100	233.850	none	0.500	0.500	0.500	0	11	93.900	340.725
144	0	5	4	315.150	369.950	217.100	233.850	none	0.500	0.500	0.500	0	11	93.900	340.725
144	0	5	5	369.950	424.750	217.100	233.850	none	0.500	none	0.500	0	11	93.900	340.725
144	0	5	6	424.750	479.550	217.100	233.850	none	0.500	none	0.500	0	11	93.900	340.725
144	0	5	7	479.550	534.350	217.100	233.850	none	0.500	0.500	0.500	0	11	93.900	340.725
144	0	5	8	534.350	589.300	217.100	233.850	none	0.500	none	0.500	0	11	93.900	340.725
144	0	6	0	57.850	143.750	233.850	267.600	none	0.500	0.500	0.500	0	11	93.900	340.725
144	0	6	1	143.750	205.300	233.850	250.600	none	0.500	none	0.500	0	11	93.900	340.725
144	0	6	2	205.300	260.100	233.850	250.600	none	0.500	none	0.500	0	11	93.900	340.725
144	0	6	3	260.100	315.150	233.850	250.600	none	0.500	0.500	0.500	0	11	93.900	340.725
144	0	6	4	315.150	369.950	233.850	250.600	none	0.500	0.500	0.500	0	11	93.900	340.725
144	0	6	5	369.950	424.750	233.850	250.600	none	0.500	none	0.500	0	11	93.900	340.725
144	0	6	6	424.750	479.550	233.850	250.600	none	0.500	none	0.500	0	11	93.900	340.725
144	0	6	7	479.550	534.350	233.850	250.600	none	0.500	0.500	0.500	0	11	93.900	340.725
144	0	6	8	534.350	589.300	233.850	250.600	none	0.500	none	0.500	0	11	93.900	340.725
144	0	7	1	143.750	205.300	250.600	267.600	none	0.500	none	0.500	0	11	93.900	340.725
144	0	7	2	205.300	260.100	250.600	267.600	none	0.500	none	0.500	0	11	93.900	340.725
144	0	7	3	260.100	315.150	250.600	267.600	none	0.500	0.500	0.500	0	11	93.900	340.725
144	0	7	4	315.150	369.950	250.600	267.600	none	0.500	0.500	0.500	0	11	93.900	340.725
144	0	7	5	369.950	424.750	250.600	267.600	none	0.500	none	0.500	0	11	93.900	340.725
144	0	7	6	424.750	479.550	250.600	267.600	none	0.500	none	0.500	0	11	93.900	340.725
144	0	7	7	479.550	534.350	250.600	267.600	0.500	0.500	0.500	0.500	0	11	93.900	340.725
144	0	7	8	534.350	589.300	250.600	267.600	0.500	0.500	none	0.500	0	11	93.900	340.725
144	0	8	0	57.850	143.750	267.600	292.100	none	0.500	0.500	0.500	0	11	93.900	340.725
144	0	8	1	143.750	205.300	267.600	292.100	none	0.500	none	0.500	0	11	93.900	340.725
144	0	8	2	205.300	260.100	267.600	292.100	none	0.500	none	0.500	0	11	93.900	340.725
144	0	8	3	260.100	315.150	267.600	292.100	none	0.500	0.500	0.500	0	11	93.900	340.725
144	0	8	4	315.150	369.950	267.600	292.100	none	0.500	0.500	0.500	0	11	93.900	340.725
144	0	8	5	369.950	424.750	267.600	292.100	none	0.500	none	0.500	0	11	93.900	340.725
144	0	8	6	424.750	479.550	267.600	292.100	none	0.500	none	0.500	0	11	93.900	340.725
144	0	8	7	479.550	589.300	267.600	340.600	0.500	0.500	0.500	none	0	11	93.900	340.725
144	0	9	0	57.850	143.750	292.100	316.350	none	0.500	0.500	0.500	0	11	93.900	340.725
144	0	9	1	143.750	205.300	292.100	316.350	none	0.500	none	0.500	0	11	93.900	340.725
144	0	9	2	205.300	260.100	292.100	316.350	none	0.500	none	0.500	0	11	93.900	340.725
144	0	9	3	260.100	315.150	292.100	316.350	none	0.500	0.500	0.500	0	11	93.900	340.725
144	0	9	4	315.150	369.950	292.100	316.350	none	0.500	0.500	0.500	0	11	93.900	340.725
144	0	9	5	369.950	424.750	292.100	316.350	none	0.500	none	0.500	0	11	93.900	340.725
144	0	9	6	424.750	479.550	292.100	316.350	none	0.500	none	0.500	0	11	93.900	340.725
144	0	10	0	57.850	143.750	316.350	340.600	none	0.500	0.500	0.500	0	11	93.900	340.725
144	0	10	1	143.750	205.300	316.350	340.600	none	0.500	none	0.500	0	11	93.900	340.725
144	0	10	2	205.300	260.100	316.350	340.600	none	0.500	none	0.500	0	11	93.900	340.725
144	0	10	3	260.100	315.150	316.350	340.600	none	0.500	0.500	0.500	0	11	93.900	340.725
144	0	10	4	315.150	369.950	316.350	340.600	none	0.500	0.500	0.500	0	11	93.900	340.725
144	0	10	5	369.950	424.750	316.350	340.600	none	0.500	none	0.500	0	11	93.900	340.725
144	0	10	6	424.750	479.550	316.350	340.600	none	0.500	none	0.500	0	11	93.900	340.725
145	0	0	0	57.850	143.750	94.150	149.600	0.500	none	0.500	0.500	0	11	93.900	340.725
145	0	0	1	143.750	205.300	94.150	149.600	0.500	0.500	none	0.500	0	11	93.900	340.725
145	0	0	2	205.300	260.100	94.150	149.600	0.500	0.500	none	none	0	11	93.900	340.725
145	0	0	3	260.100	315.150	94.150	149.600	0.500	0.500	0.500	0.500	0	11	93.900	340.725
145	0	0	4	315.150	369.950	94.150	149.600	0.500	0.500	0.500	none	0	11	93.900	340.725
145	0	0	5	369.950	424.750	94.150	149.600	0.500	0.500	0.500	none	0	11	93.900	340.725
145	0	0	6	424.750	479.550	94.150	149.600	0.500	0.500	0.500	none	0	11	93.900	340.725
145	0	0	7	479.550	534.350	94.150	149.600	0.500	0.500	0.500	none	0	11	93.900	340.725
145	0	0	8	534.350	589.300	94.150	149.600	0.500	0.500	0.500	none	0	11	93.900	340.725
145	0	0	9	589.300	644.100	94.150	149.600	0.500	0.500	0.500	0.500	0	11	93.900	340.725
145	0	0	10	644.100	699.950	94.150	149.600	0.500	0.500	0.500	0.500	0	11	93.900	340.725
145	0	0	11	699.950	734.650	94.150	149.600	0.500	none	none	0.500	0	11	93.900	340.725
145	0	1	0	57.850	143.750	149.600	200.350	0.500	0.500	0.500	0.500	0	11	93.900	340.725
145	0	1	1	143.750	205.300	149.600	166.600	none	0.500	none	0.500	0	11	93.900	340.725
145	0	1	2	205.300	260.100	149.600	166.600	none	0.500	none	0.500	0	11	93.900	340.725
145	0	1	3	260.100	315.150	149.600	166.600	none	0.500	0.500	0.500	0	11	93.900	340.725
145	0	1	4	315.150	369.950	149.600	166.600	none	0.500	0.500	0.500	0	11	93.900	340.725
145	0	1	5	369.950	424.750	149.600	166.600	none	0.500	none	0.500	0	11	93.900	340.725
145	0	1	6	424.750	479.550	149.600	166.600	none	0.500	none	0.500	0	11	93.900	340.725
145	0	1	7	479.550	534.350	149.600	166.600	none	0.500	0.500	0.500	0	11	93.900	340.725
145	0	1	8	534.350	589.300	149.600	166.600	none	0.500	none	0.500	0	11	93.900	340.725
145	0	1	9	589.300	644.100	149.600	166.600	0.500	0.500	none	0.500	0	11	93.900	340.725
145	0	1	10	644.100	699.950	149.600	166.600	0.500	0.500	0.500	0.500	0	11	93.900	340.725
145	0	1	11	699.950	734.650	149.600	166.600	0.500	none	none	0.500	0	11	93.900	340.725
145	0	2	1	143.750	205.300	166.600	183.600	none	0.500	none	0.500	0	11	93.900	340.725
145	0	2	2	205.300	260.100	166.600	183.600	none	0.500	none	0.500	0	11	93.900	340.725
145	0	2	3	260.100	315.150	166.600	183.600	none	0.500	0.500	0.500	0	11	93.900	340.725
145	0	2	4	315.150	369.950	166.600	183.600	none	0.500	0.500	0.500	0	11	93.900	340.725
145	0	2	5	369.950	424.750	166.600	183.600	none	0.500	none	0.500	0	11	93.900	340.725
145	0	2	6	424.750	479.550	166.600	183.600	none	0.500	none	0.500	0	11	93.900	340.725
145	0	2	7	479.550	534.350	166.600	183.600	none	0.500	0.500	0.500	0	11	93.900	340.725
145	0	2	8	534.350	589.300	166.600	183.600	none	0.500	none	0.500	0	11	93.900	340.725
145	0	2	9	589.300	644.100	166.600	183.600	0.500	0.500	none	0.500	0	11	93.900	340.725
145	0	2	10	644.100	699.950	166.600	183.600	0.500	0.500	0.500	0.500	0	11	93.900	340.725
145	0	2	11	699.950	734.650	166.600	183.600	none	none	none	0.500	0	11	93.900	340.725
145	0	3	1	143.750	205.300	183.600	200.350	none	0.500	none	0.500	0	11	93.900	340.725
145	0	3	2	205.300	260.100	183.600	200.350	none	0.500	none	0.500	0	11	93.900	340.725
145	0	3	3	260.100	315.150	183.600	200.350	none	0.500	0.500	0.500	0	11	93.900	340.725
145	0	3	4	315.150	369.950	183.600	200.350	none	0.500	0.500	0.500	0	11	93.900	340.725
145	0	3	5	369.950	424.750	183.600	200.350	none	0.500	none	0.500	0	11	93.900	340.725
145	0	3	6	424.750	479.550	183.600	200.350	none	0.500	none	0.500	0	11	93.900	340.725
145	0	3	7	479.550	534.350	183.600	200.350	none	0.500	0.500	0.500	0	11	93.900	340.725
145	0	3	8	534.350	589.300	183.600	200.350	none	0.500	none	0.500	0	11	93.900	340.725
145	0	3	9	589.300	734.650	183.600	340.600	none	0.500	none	0.500	0	11	93.900	340.725
145	0	4	0	57.850	143.750	200.350	233.850	none	0.500	0.500	0.500	0	11	93.900	340.725
145	0	4	1	143.750	205.300	200.350	217.100	none	0.500	none	0.500	0	11	93.900	340.725
145	0	4	2	205.300	260.100	200.350	217.100	none	0.500	none	0.500	0	11	93.900	340.725
145	0	4	3	260.100	315.150	200.350	217.100	none	0.500	0.500	0.500	0	11	93.900	340.725
145	0	4	4	315.150	369.950	200.350	217.100	none	0.500	0.500	0.500	0	11	93.900	340.725
145	0	4	5	369.950	424.750	200.350	217.100	none	0.500	none	0.500	0	11	93.900	340.725
145	0	4	6	424.750	479.550	200.350	217.100	none	0.500	none	0.500	0	11	93.900	340.725
145	0	4	7	479.550	534.350	200.350	217.100	none	0.500	0.500	0.500	0	11	93.900	340.725
145	0	4	8	534.350	589.300	200.350	217.100	none	0.500	none	0.500	0	11	93.900	340.725
145	0	5	1	143.750	205.300	217.100	233.850	none	0.500	none	0.500	0	11	93.900	340.725
145	0	5	2	205.300	260.100	217.100	233.850	none	0.500	none	0.500	0	11	93.900	340.725
145	0	5	3	260.100	315.150	217.100	233.850	none	0.500	0.500	0.500	0	11	93.900	340.725
145	0	5	4	315.150	369.950	217.100	233.850	none	0.500	0.500	0.500	0	11	93.900	340.725
145	0	5	5	369.950	424.750	217.100	233.850	none	0.500	none	0.500	0	11	93.900	340.725
145	0	5	6	424.750	479.550	217.100	233.850	none	0.500	none	0.500	0	11	93.900	340.725
145	0	5	7	479.550	534.350	217.100	233.850	none	0.500	0.500	0.500	0	11	93.900	340.725
145	0	5	8	534.350	589.300	217.100	233.850	none	0.500	none	0.500	0	11	93.900	340.725
145	0	6	0	57.850	143.750	233.850	267.600	none	0.500	0.500	0.500	0	11	93.900	340.725
145	0	6	1	143.750	205.300	233.850	250.600	none	0.500	none	0.500	0	11	93.900	340.725
145	0	6	2	205.300	260.100	233.850	250.600	none	0.500	none	0.500	0	11	93.900	340.725
145	0	6	3	260.100	315.150	233.850	250.600	none	0.500	0.500	0.500	0	11	93.900	340.725
145	0	6	4	315.150	369.950	233.850	250.600	none	0.500	0.500	0.500	0	11	93.900	340.725
145	0	6	5	369.950	424.750	233.850	250.600	none	0.500	none	0.500	0	11	93.900	340.725
145	0	6	6	424.750	479.550	233.850	250.600	none	0.500	none	0.500	0	11	93.900	340.725
145	0	6	7	479.550	534.350	233.850	250.600	none	0.500	0.500	0.500	0	11	93.900	340.725
145	0	6	8	534.350	589.300	233.850	250.600	none	0.500	none	0.500	0	11	93.900	340.725
145	0	7	1	143.750	205.300	250.600	267.600	none	0.500	none	0.500	0	11	93.900	340.725
145	0	7	2	205.300	260.100	250.600	267.600	none	0.500	none	0.500	0	11	93.900	340.725
145	0	7	3	260.100	315.150	250.600	267.600	none	0.500	0.500	0.500	0	11	93.900	340.725
145	0	7	4	315.150	369.950	250.600	267.600	none	0.500	0.500	0.500	0	11	93.900	340.725
145	0	7	5	369.950	424.750	250.600	267.600	none	0.500	none	0.500	0	11	93.900	340.725
145	0	7	6	424.750	479.550	250.600	267.600	none	0.500	none	0.500	0	11	93.900	340.725
145	0	7	7	479.550	534.350	250.600	267.600	0.500	0.500	0.500	0.500	0	11	93.900	340.725
145	0	7	8	534.350	589.300	250.600	267.600	0.500	0.500	none	0.500	0	11	93.900	340.725
145	0	8	0	57.850	143.750	267.600	292.100	none	0.500	0.500	0.500	0	11	93.900	340.725
145	0	8	1	143.750	205.300	267.600	292.100	none	0.500	none	0.500	0	11	93.900	340.725
145	0	8	2	205.300	260.100	267.600	292.100	none	0.500	none	0.500	0	11	93.900	340.725
145	0	8	3	260.100	315.150	267.600	292.100	none	0.500	0.500	0.500	0	11	93.900	340.725
145	0	8	4	315.150	369.950	267.600	292.100	none	0.500	0.500	0.500	0	11	93.900	340.725
145	0	8	5	369.950	424.750	267.600	292.100	none	0.500	none	0.500	0	11	93.900	340.725
145	0	8	6	424.750	479.550	267.600	292.100	none	0.500	none	0.500	0	11	93.900	340.725
145	0	8	7	479.550	589.300	267.600	340.600	0.500	0.500	0.500	none	0	11	93.900	340.725
145	0	9	0	57.850	143.750	292.100	316.350	none	0.500	0.500	0.500	0	11	93.900	340.725
145	0	9	1	143.750	205.300	292.100	316.350	none	0.500	none	0.500	0	11	93.900	340.725
145	0	9	2	205.300	260.100	292.100	316.350	none	0.500	none	0.500	0	11	93.900	340.725
145	0	9	3	260.100	315.150	292.100	316.350	none	0.500	0.500	0.500	0	11	93.900	340.725
145	0	9	4	315.150	369.950	292.100	316.350	none	0.500	0.500	0.500	0	11	93.900	340.725
145	0	9	5	369.950	424.750	292.100	316.350	none	0.500	none	0.500	0	11	93.900	340.725
145	0	9	6	424.750	479.550	292.100	316.350	none	0.500	none	0.500	0	11	93.900	340.725
145	0	10	0	57.850	143.750	316.350	340.600	none	0.500	0.500	0.500	0	11	93.900	340.725
145	0	10	1	143.750	205.300	316.350	340.600	none	0.500	none	0.500	0	11	93.900	340.725
145	0	10	2	205.300	260.100	316.350	340.600	none	0.500	none	0.500	0	11	93.900	340.725
145	0	10	3	260.100	315.150	316.350	340.600	none	0.500	0.500	0.500	0	11	93.900	340.725
145	0	10	4	315.150	369.950	316.350	340.600	none	0.500	0.500	0.500	0	11	93.900	340.725
145	0	10	5	369.950	424.750	316.350	340.600	none	0.500	none	0.500	0	11	93.900	340.725
145	0	10	6	424.750	479.550	316.350	340.600	none	0.500	none	0.500	0	11	93.900	340.725
146	0	0	0	57.850	143.750	94.150	149.600	0.500	none	0.500	0.500	0	11	93.900	340.725
146	0	0	1	143.750	205.300	94.150	149.600	0.500	0.500	none	0.500	0	11	93.900	340.725
146	0	0	2	205.300	260.100	94.150	149.600	0.500	0.500	none	none	0	11	93.900	340.725
146	0	0	3	260.100	315.150	94.150	149.600	0.500	0.500	0.500	0.500	0	11	93.900	340.725
146	0	0	4	315.150	369.950	94.150	149.600	0.500	0.500	0.500	none	0	11	93.900	340.725
146	0	0	5	369.950	424.750	94.150	149.600	0.500	0.500	0.500	none	0	11	93.900	340.725
146	0	0	6	424.750	479.550	94.150	149.600	0.500	0.500	0.500	none	0	11	93.900	340.725
146	0	0	7	479.550	534.350	94.150	149.600	0.500	0.500	0.500	none	0	11	93.900	340.725
146	0	0	8	534.350	589.300	94.150	149.600	0.500	0.500	0.500	none	0	11	93.900	340.725
146	0	0	9	589.300	644.100	94.150	149.600	0.500	0.500	0.500	0.500	0	11	93.900	340.725
146	0	0	10	644.100	699.950	94.150	149.600	0.500	0.500	0.500	0.500	0	11	93.900	340.725
146	0	0	11	699.950	734.650	94.150	149.600	0.500	none	none	0.500	0	11	93.900	340.725
146	0	1	0	57.850	143.750	149.600	200.350	0.500	0.500	0.500	0.500	0	11	93.900	340.725
146	0	1	1	143.750	205.300	149.600	166.600	none	0.500	none	0.500	0	11	93.900	340.725
146	0	1	2	205.300	260.100	149.600	166.600	none	0.500	none	0.500	0	11	93.900	340.725
146	0	1	3	260.100	315.150	149.600	166.600	none	0.500	0.500	0.500	0	11	93.900	340.725
146	0	1	4	315.150	369.950	149.600	166.600	none	0.500	0.500	0.500	0	11	93.900	340.725
146	0	1	5	369.950	424.750	149.600	166.600	none	0.500	none	0.500	0	11	93.900	340.725
146	0	1	6	424.750	479.550	149.600	166.600	none	0.500	none	0.500	0	11	93.900	340.725
146	0	1	7	479.550	534.350	149.600	166.600	none	0.500	0.500	0.500	0	11	93.900	340.725
146	0	1	8	534.350	589.300	149.600	166.600	none	0.500	none	0.500	0	11	93.900	340.725
146	0	1	9	589.300	644.100	149.600	166.600	0.500	0.500	none	0.500	0	11	93.900	340.725
146	0	1	10	644.100	699.950	149.600	166.600	0.500	0.500	0.500	0.500	0	11	93.900	340.725
146	0	1	11	699.950	734.650	149.600	166.600	0.500	none	none	0.500	0	11	93.900	340.725
146	0	2	1	143.750	205.300	166.600	183.600	none	0.500	none	0.500	0	11	93.900	340.725
146	0	2	2	205.300	260.100	166.600	183.600	none	0.500	none	0.500	0	11	93.900	340.725
146	0	2	3	260.100	315.150	166.600	183.600	none	0.500	0.500	0.500	0	11	93.900	340.725
146	0	2	4	315.150	369.950	166.600	183.600	none	0.500	0.500	0.500	0	11	93.900	340.725
146	0	2	5	369.950	424.750	166.600	183.600	none	0.500	none	0.500	0	11	93.900	340.725
146	0	2	6	424.750	479.550	166.600	183.600	none	0.500	none	0.500	0	11	93.900	340.725
146	0	2	7	479.550	534.350	166.600	183.600	none	0.500	0.500	0.500	0	11	93.900	340.725
146	0	2	8	534.350	589.300	166.600	183.600	none	0.500	none	0.500	0	11	93.900	340.725
146	0	2	9	589.300	644.100	166.600	183.600	0.500	0.500	none	0.500	0	11	93.900	340.725
146	0	2	10	644.100	699.950	166.600	183.600	0.500	0.500	0.500	0.500	0	11	93.900	340.725
146	0	2	11	699.950	734.650	166.600	183.600	none	none	none	0.500	0	11	93.900	340.725
146	0	3	1	143.750	205.300	183.600	200.350	none	0.500	none	0.500	0	11	93.900	340.725
146	0	3	2	205.300	260.100	183.600	200.350	none	0.500	none	0.500	0	11	93.900	340.725
146	0	3	3	260.100	315.150	183.600	200.350	none	0.500	0.500	0.500	0	11	93.900	340.725
146	0	3	4	315.150	369.950	183.600	200.350	none	0.500	0.500	0.500	0	11	93.900	340.725
146	0	3	5	369.950	424.750	183.600	200.350	none	0.500	none	0.500	0	11	93.900	340.725
146	0	3	6	424.750	479.550	183.600	200.350	none	0.500	none	0.500	0	11	93.900	340.725
146	0	3	7	479.550	534.350	183.600	200.350	none	0.500	0.500	0.500	0	11	93.900	340.725
146	0	3	8	534.350	589.300	183.600	200.350	none	0.500	none	0.500	0	11	93.900	340.725
146	0	3	9	589.300	734.650	183.600	340.600	none	0.500	none	0.500	0	11	93.900	340.725
146	0	4	0	57.850	143.750	200.350	233.850	none	0.500	0.500	0.500	0	11	93.900	340.725
146	0	4	1	143.750	205.300	200.350	217.100	none	0.500	none	0.500	0	11	93.900	340.725
146	0	4	2	205.300	260.100	200.350	217.100	none	0.500	none	0.500	0	11	93.900	340.725
146	0	4	3	260.100	315.150	200.350	217.100	none	0.500	0.500	0.500	0	11	93.900	340.725
146	0	4	4	315.150	369.950	200.350	217.100	none	0.500	0.500	0.500	0	11	93.900	340.725
146	0	4	5	369.950	424.750	200.350	217.100	none	0.500	none	0.500	0	11	93.900	340.725
146	0	4	6	424.750	479.550	200.350	217.100	none	0.500	none	0.500	0	11	93.900	340.725
146	0	4	7	479.550	534.350	200.350	217.100	none	0.500	0.500	0.500	0	11	93.900	340.725
146	0	4	8	534.350	589.300	200.350	217.100	none	0.500	none	0.500	0	11	93.900	340.725
146	0	5	1	143.750	205.300	217.100	233.850	none	0.500	none	0.500	0	11	93.900	340.725
146	0	5	2	205.300	260.100	217.100	233.850	none	0.500	none	0.500	0	11	93.900	340.725
146	0	5	3	260.100	315.150	217.100	233.850	none	0.500	0.500	0.500	0	11	93.900	340.725
146	0	5	4	315.150	369.950	217.100	233.850	none	0.500	0.500	0.500	0	11	93.900	340.725
146	0	5	5	369.950	424.750	217.100	233.850	none	0.500	none	0.500	0	11	93.900	340.725
146	0	5	6	424.750	479.550	217.100	233.850	none	0.500	none	0.500	0	11	93.900	340.725
146	0	5	7	479.550	534.350	217.100	233.850	none	0.500	0.500	0.500	0	11	93.900	340.725
146	0	5	8	534.350	589.300	217.100	233.850	none	0.500	none	0.500	0	11	93.900	340.725
146	0	6	0	57.850	143.750	233.850	267.600	none	0.500	0.500	0.500	0	11	93.900	340.725
146	0	6	1	143.750	205.300	233.850	250.600	none	0.500	none	0.500	0	11	93.900	340.725
146	0	6	2	205.300	260.100	233.850	250.600	none	0.500	none	0.500	0	11	93.900	340.725
146	0	6	3	260.100	315.150	233.850	250.600	none	0.500	0.500	0.500	0	11	93.900	340.725
146	0	6	4	315.150	369.950	233.850	250.600	none	0.500	0.500	0.500	0	11	93.900	340.725
146	0	6	5	369.950	424.750	233.850	250.600	none	0.500	none	0.500	0	11	93.900	340.725
146	0	6	6	424.750	479.550	233.850	250.600	none	0.500	none	0.500	0	11	93.900	340.725
146	0	6	7	479.550	534.350	233.850	250.600	none	0.500	0.500	0.500	0	11	93.900	340.725
146	0	6	8	534.350	589.300	233.850	250.600	none	0.500	none	0.500	0	11	93.900	340.725
146	0	7	1	143.750	205.300	250.600	267.600	none	0.500	none	0.500	0	11	93.900	340.725
146	0	7	2	205.300	260.100	250.600	267.600	none	0.500	none	0.500	0	11	93.900	340.725
146	0	7	3	260.100	315.150	250.600	267.600	none	0.500	0.500	0.500	0	11	93.900	340.725
146	0	7	4	315.150	369.950	250.600	267.600	none	0.500	0.500	0.500	0	11	93.900	340.725
146	0	7	5	369.950	424.750	250.600	267.600	none	0.500	none	0.500	0	11	93.900	340.725
146	0	7	6	424.750	479.550	250.600	267.600	none	0.500	none	0.500	0	11	93.900	340.725
146	0	7	7	479.550	534.350	250.600	267.600	0.500	0.500	0.500	0.500	0	11	93.900	340.725
146	0	7	8	534.350	589.300	250.600	267.600	0.500	0.500	none	0.500	0	11	93.900	340.725
146	0	8	0	57.850	143.750	267.600	292.100	none	0.500	0.500	0.500	0	11	93.900	340.725
146	0	8	1	143.750	205.300	267.600	292.100	none	0.500	none	0.500	0	11	93.900	340.725
146	0	8	2	205.300	260.100	267.600	292.100	none	0.500	none	0.500	0	11	93.900	340.725
146	0	8	3	260.100	315.150	267.600	292.100	none	0.500	0.500	0.500	0	11	93.900	340.725
146	0	8	4	315.150	369.950	267.600	292.100	none	0.500	0.500	0.500	0	11	93.900	340.725
146	0	8	5	369.950	424.750	267.600	292.100	none	0.500	none	0.500	0	11	93.900	340.725
146	0	8	6	424.750	479.550	267.600	292.100	none	0.500	none	0.500	0	11	93.900	340.725
146	0	8	7	479.550	589.300	267.600	340.600	0.500	0.500	0.500	none	0	11	93.900	340.725
146	0	9	0	57.850	143.750	292.100	316.350	none	0.500	0.500	0.500	0	11	93.900	340.725
146	0	9	1	143.750	205.300	292.100	316.350	none	0.500	none	0.500	0	11	93.900	340.725
146	0	9	2	205.300	260.100	292.100	316.350	none	0.500	none	0.500	0	11	93.900	340.725
146	0	9	3	260.100	315.150	292.100	316.350	none	0.500	0.500	0.500	0	11	93.900	340.725
146	0	9	4	315.150	369.950	292.100	316.350	none	0.500	0.500	0.500	0	11	93.900	340.725
146	0	9	5	369.950	424.750	292.100	316.350	none	0.500	none	0.500	0	11	93.900	340.725
146	0	9	6	424.750	479.550	292.100	316.350	none	0.500	none	0.500	0	11	93.900	340.725
146	0	10	0	57.850	143.750	316.350	340.600	none	0.500	0.500	0.500	0	11	93.900	340.725
146	0	10	1	143.750	205.300	316.350	340.600	none	0.500	none	0.500	0	11	93.900	340.725
146	0	10	2	205.300	260.100	316.350	340.600	none	0.500	none	0.500	0	11	93.900	340.725
146	0	10	3	260.100	315.150	316.350	340.600	none	0.500	0.500	0.500	0	11	93.900	340.725
146	0	10	4	315.150	369.950	316.350	340.600	none	0.500	0.500	0.500	0	11	93.900	340.725
146	0	10	5	369.950	424.750	316.350	340.600	none	0.500	none	0.500	0	11	93.900	340.725
146	0	10	6	424.750	479.550	316.350	340.600	none	0.500	none	0.500	0	11	93.900	340.725
147	0	0	0	57.850	143.750	94.150	149.600	0.500	none	0.500	0.500	0	11	93.900	340.725
147	0	0	1	143.750	205.300	94.150	149.600	0.500	0.500	none	0.500	0	11	93.900	340.725
147	0	0	2	205.300	260.050	94.150	149.600	0.500	0.500	none	none	0	11	93.900	340.725
147	0	0	3	260.050	315.050	94.150	149.600	0.500	0.500	0.500	0.500	0	11	93.900	340.725
147	0	0	4	315.050	369.850	94.150	149.600	0.500	0.500	0.500	none	0	11	93.900	340.725
147	0	0	5	369.850	424.650	94.150	149.600	0.500	0.500	0.500	none	0	11	93.900	340.725
147	0	0	6	424.650	479.450	94.150	149.600	0.500	0.500	0.500	none	0	11	93.900	340.725
147	0	0	7	479.450	534.250	94.150	149.600	0.500	0.500	0.500	none	0	11	93.900	340.725
147	0	0	8	534.250	589.150	94.150	149.600	0.500	0.500	0.500	none	0	11	93.900	340.725
147	0	0	9	589.150	643.950	94.150	149.600	0.500	0.500	0.500	0.500	0	11	93.900	340.725
147	0	0	10	643.950	699.550	94.150	149.600	0.500	0.500	0.500	0.500	0	11	93.900	340.725
147	0	0	11	699.550	734.650	94.150	149.600	0.500	none	none	0.500	0	11	93.900	340.725
147	0	1	0	57.850	143.750	149.600	200.350	0.500	0.500	0.500	0.500	0	11	93.900	340.725
147	0	1	1	143.750	205.300	149.600	166.600	none	0.500	none	0.500	0	11	93.900	340.725
147	0	1	2	205.300	260.050	149.600	166.600	none	0.500	none	0.500	0	11	93.900	340.725
147	0	1	3	260.050	315.050	149.600	166.600	none	0.500	0.500	0.500	0	11	93.900	340.725
147	0	1	4	315.050	369.850	149.600	166.600	none	0.500	0.500	0.500	0	11	93.900	340.725
147	0	1	5	369.850	424.650	149.600	166.600	none	0.500	none	0.500	0	11	93.900	340.725
147	0	1	6	424.650	479.450	149.600	166.600	none	0.500	none	0.500	0	11	93.900	340.725
147	0	1	7	479.450	534.250	149.600	166.600	none	0.500	0.500	0.500	0	11	93.900	340.725
147	0	1	8	534.250	589.150	149.600	166.600	none	0.500	none	0.500	0	11	93.900	340.725
147	0	1	9	589.150	643.950	149.600	166.600	0.500	0.500	none	0.500	0	11	93.900	340.725
147	0	1	10	643.950	699.550	149.600	166.600	0.500	0.500	0.500	0.500	0	11	93.900	340.725
147	0	1	11	699.550	734.650	149.600	166.600	0.500	none	none	0.500	0	11	93.900	340.725
147	0	2	1	143.750	205.300	166.600	183.600	none	0.500	none	0.500	0	11	93.900	340.725
147	0	2	2	205.300	260.050	166.600	183.600	none	0.500	none	0.500	0	11	93.900	340.725
147	0	2	3	260.050	315.050	166.600	183.600	none	0.500	0.500	0.500	0	11	93.900	340.725
147	0	2	4	315.050	369.850	166.600	183.600	none	0.500	0.500	0.500	0	11	93.900	340.725
147	0	2	5	369.850	424.650	166.600	183.600	none	0.500	none	0.500	0	11	93.900	340.725
147	0	2	6	424.650	479.450	166.600	183.600	none	0.500	none	0.500	0	11	93.900	340.725
147	0	2	7	479.450	534.250	166.600	183.600	none	0.500	0.500	0.500	0	11	93.900	340.725
147	0	2	8	534.250	589.150	166.600	183.600	none	0.500	none	0.500	0	11	93.900	340.725
147	0	2	9	589.150	643.950	166.600	183.600	0.500	0.500	none	0.500	0	11	93.900	340.725
147	0	2	10	643.950	699.550	166.600	183.600	0.500	0.500	0.500	0.500	0	11	93.900	340.725
147	0	2	11	699.550	734.650	166.600	183.600	none	none	none	0.500	0	11	93.900	340.725
147	0	3	1	143.750	205.300	183.600	200.350	none	0.500	none	0.500	0	11	93.900	340.725
147	0	3	2	205.300	260.050	183.600	200.350	none	0.500	none	0.500	0	11	93.900	340.725
147	0	3	3	260.050	315.050	183.600	200.350	none	0.500	0.500	0.500	0	11	93.900	340.725
147	0	3	4	315.050	369.850	183.600	200.350	none	0.500	0.500	0.500	0	11	93.900	340.725
147	0	3	5	369.850	424.650	183.600	200.350	none	0.500	none	0.500	0	11	93.900	340.725
147	0	3	6	424.650	479.450	183.600	200.350	none	0.500	none	0.500	0	11	93.900	340.725
147	0	3	7	479.450	534.250	183.600	200.350	none	0.500	0.500	0.500	0	11	93.900	340.725
147	0	3	8	534.250	589.150	183.600	200.350	none	0.500	none	0.500	0	11	93.900	340.725
147	0	3	9	589.150	734.650	183.600	340.600	none	0.500	none	0.500	0	11	93.900	340.725
147	0	4	0	57.850	143.750	200.350	233.850	none	0.500	0.500	0.500	0	11	93.900	340.725
147	0	4	1	143.750	205.300	200.350	217.100	none	0.500	none	0.500	0	11	93.900	340.725
147	0	4	2	205.300	260.050	200.350	217.100	none	0.500	none	0.500	0	11	93.900	340.725
147	0	4	3	260.050	315.050	200.350	217.100	none	0.500	0.500	0.500	0	11	93.900	340.725
147	0	4	4	315.050	369.850	200.350	217.100	none	0.500	0.500	0.500	0	11	93.900	340.725
147	0	4	5	369.850	424.650	200.350	217.100	none	0.500	none	0.500	0	11	93.900	340.725
147	0	4	6	424.650	479.450	200.350	217.100	none	0.500	none	0.500	0	11	93.900	340.725
147	0	4	7	479.450	534.250	200.350	217.100	none	0.500	0.500	0.500	0	11	93.900	340.725
147	0	4	8	534.250	589.150	200.350	217.100	none	0.500	none	0.500	0	11	93.900	340.725
147	0	5	1	143.750	205.300	217.100	233.850	none	0.500	none	0.500	0	11	93.900	340.725
147	0	5	2	205.300	260.050	217.100	233.850	none	0.500	none	0.500	0	11	93.900	340.725
147	0	5	3	260.050	315.050	217.100	233.850	none	0.500	0.500	0.500	0	11	93.900	340.725
147	0	5	4	315.050	369.850	217.100	233.850	none	0.500	0.500	0.500	0	11	93.900	340.725
147	0	5	5	369.850	424.650	217.100	233.850	none	0.500	none	0.500	0	11	93.900	340.725
147	0	5	6	424.650	479.450	217.100	233.850	none	0.500	none	0.500	0	11	93.900	340.725
147	0	5	7	479.450	534.250	217.100	233.850	none	0.500	0.500	0.500	0	11	93.900	340.725
147	0	5	8	534.250	589.150	217.100	233.850	none	0.500	none	0.500	0	11	93.900	340.725
147	0	6	0	57.850	143.750	233.850	267.600	none	0.500	0.500	0.500	0	11	93.900	340.725
147	0	6	1	143.750	205.300	233.850	250.600	none	0.500	none	0.500	0	11	93.900	340.725
147	0	6	2	205.300	260.050	233.850	250.600	none	0.500	none	0.500	0	11	93.900	340.725
147	0	6	3	260.050	315.050	233.850	250.600	none	0.500	0.500	0.500	0	11	93.900	340.725
147	0	6	4	315.050	369.850	233.850	250.600	none	0.500	0.500	0.500	0	11	93.900	340.725
147	0	6	5	369.850	424.650	233.850	250.600	none	0.500	none	0.500	0	11	93.900	340.725
147	0	6	6	424.650	479.450	233.850	250.600	none	0.500	none	0.500	0	11	93.900	340.725
147	0	6	7	479.450	534.250	233.850	250.600	none	0.500	0.500	0.500	0	11	93.900	340.725
147	0	6	8	534.250	589.150	233.850	250.600	none	0.500	none	0.500	0	11	93.900	340.725
147	0	7	1	143.750	205.300	250.600	267.600	none	0.500	none	0.500	0	11	93.900	340.725
147	0	7	2	205.300	260.050	250.600	267.600	none	0.500	none	0.500	0	11	93.900	340.725
147	0	7	3	260.050	315.050	250.600	267.600	none	0.500	0.500	0.500	0	11	93.900	340.725
147	0	7	4	315.050	369.850	250.600	267.600	none	0.500	0.500	0.500	0	11	93.900	340.725
147	0	7	5	369.850	424.650	250.600	267.600	none	0.500	none	0.500	0	11	93.900	340.725
147	0	7	6	424.650	479.450	250.600	267.600	none	0.500	none	0.500	0	11	93.900	340.725
147	0	7	7	479.450	534.250	250.600	267.600	0.500	0.500	0.500	0.500	0	11	93.900	340.725
147	0	7	8	534.250	589.150	250.600	267.600	0.500	0.500	none	0.500	0	11	93.900	340.725
147	0	8	0	57.850	143.750	267.600	292.100	none	0.500	0.500	0.500	0	11	93.900	340.725
147	0	8	1	143.750	205.300	267.600	292.100	none	0.500	none	0.500	0	11	93.900	340.725
147	0	8	2	205.300	260.050	267.600	292.100	none	0.500	none	0.500	0	11	93.900	340.725
147	0	8	3	260.050	315.050	267.600	292.100	none	0.500	0.500	0.500	0	11	93.900	340.725
147	0	8	4	315.050	369.850	267.600	292.100	none	0.500	0.500	0.500	0	11	93.900	340.725
147	0	8	5	369.850	424.650	267.600	292.100	none	0.500	none	0.500	0	11	93.900	340.725
147	0	8	6	424.650	479.450	267.600	292.100	none	0.500	none	0.500	0	11	93.900	340.725
147	0	8	7	479.450	589.150	267.600	340.600	0.500	0.500	0.500	none	0	11	93.900	340.725
147	0	9	0	57.850	143.750	292.100	316.350	none	0.500	0.500	0.500	0	11	93.900	340.725
147	0	9	1	143.750	205.300	292.100	316.350	none	0.500	none	0.500	0	11	93.900	340.725
147	0	9	2	205.300	260.050	292.100	316.350	none	0.500	none	0.500	0	11	93.900	340.725
147	0	9	3	260.050	315.050	292.100	316.350	none	0.500	0.500	0.500	0	11	93.900	340.725
147	0	9	4	315.050	369.850	292.100	316.350	none	0.500	0.500	0.500	0	11	93.900	340.725
147	0	9	5	369.850	424.650	292.100	316.350	none	0.500	none	0.500	0	11	93.900	340.725
147	0	9	6	424.650	479.450	292.100	316.350	none	0.500	none	0.500	0	11	93.900	340.725
147	0	10	0	57.850	143.750	316.350	340.600	none	0.500	0.500	0.500	0	11	93.900	340.725
147	0	10	1	143.750	205.300	316.350	340.600	none	0.500	none	0.500	0	11	93.900	340.725
147	0	10	2	205.300	260.050	316.350	340.600	none	0.500	none	0.500	0	11	93.900	340.725
147	0	10	3	260.050	315.050	316.350	340.600	none	0.500	0.500	0.500	0	11	93.900	340.725
147	0	10	4	315.050	369.850	316.350	340.600	none	0.500	0.500	0.500	0	11	93.900	340.725
147	0	10	5	369.850	424.650	316.350	340.600	none	0.500	none	0.500	0	11	93.900	340.725
147	0	10	6	424.650	479.450	316.350	340.600	none	0.500	none	0.500	0	11	93.900	340.725
148	0	0	0	57.850	143.750	94.150	149.600	0.500	none	0.500	0.500	0	11	93.900	340.725
148	0	0	1	143.750	205.300	94.150	149.600	0.500	0.500	none	0.500	0	11	93.900	340.725
148	0	0	2	205.300	260.100	94.150	149.600	0.500	0.500	none	none	0	11	93.900	340.725
148	0	0	3	260.100	315.150	94.150	149.600	0.500	0.500	0.500	0.500	0	11	93.900	340.725
148	0	0	4	315.150	369.950	94.150	149.600	0.500	0.500	0.500	none	0	11	93.900	340.725
148	0	0	5	369.950	424.750	94.150	149.600	0.500	0.500	0.500	none	0	11	93.900	340.725
148	0	0	6	424.750	479.550	94.150	149.600	0.500	0.500	0.500	none	0	11	93.900	340.725
148	0	0	7	479.550	534.350	94.150	149.600	0.500	0.500	0.500	none	0	11	93.900	340.725
148	0	0	8	534.350	589.300	94.150	149.600	0.500	0.500	0.500	none	0	11	93.900	340.725
148	0	0	9	589.300	644.100	94.150	149.600	0.500	0.500	0.500	0.500	0	11	93.900	340.725
148	0	0	10	644.100	699.950	94.150	149.600	0.500	0.500	0.500	0.500	0	11	93.900	340.725
148	0	0	11	699.950	734.650	94.150	149.600	0.500	none	none	0.500	0	11	93.900	340.725
148	0	1	0	57.850	143.750	149.600	200.350	0.500	0.500	0.500	0.500	0	11	93.900	340.725
148	0	1	1	143.750	205.300	149.600	166.600	none	0.500	none	0.500	0	11	93.900	340.725
148	0	1	2	205.300	260.100	149.600	166.600	none	0.500	none	0.500	0	11	93.900	340.725
148	0	1	3	260.100	315.150	149.600	166.600	none	0.500	0.500	0.500	0	11	93.900	340.725
148	0	1	4	315.150	369.950	149.600	166.600	none	0.500	0.500	0.500	0	11	93.900	340.725
148	0	1	5	369.950	424.750	149.600	166.600	none	0.500	none	0.500	0	11	93.900	340.725
148	0	1	6	424.750	479.550	149.600	166.600	none	0.500	none	0.500	0	11	93.900	340.725
148	0	1	7	479.550	534.350	149.600	166.600	none	0.500	0.500	0.500	0	11	93.900	340.725
148	0	1	8	534.350	589.300	149.600	166.600	none	0.500	none	0.500	0	11	93.900	340.725
148	0	1	9	589.300	644.100	149.600	166.600	0.500	0.500	none	0.500	0	11	93.900	340.725
148	0	1	10	644.100	699.950	149.600	166.600	0.500	0.500	0.500	0.500	0	11	93.900	340.725
148	0	1	11	699.950	734.650	149.600	166.600	0.500	none	none	0.500	0	11	93.900	340.725
148	0	2	1	143.750	205.300	166.600	183.600	none	0.500	none	0.500	0	11	93.900	340.725
148	0	2	2	205.300	260.100	166.600	183.600	none	0.500	none	0.500	0	11	93.900	340.725
148	0	2	3	260.100	315.150	166.600	183.600	none	0.500	0.500	0.500	0	11	93.900	340.725
148	0	2	4	315.150	369.950	166.600	183.600	none	0.500	0.500	0.500	0	11	93.900	340.725
148	0	2	5	369.950	424.750	166.600	183.600	none	0.500	none	0.500	0	11	93.900	340.725
148	0	2	6	424.750	479.550	166.600	183.600	none	0.500	none	0.500	0	11	93.900	340.725
148	0	2	7	479.550	534.350	166.600	183.600	none	0.500	0.500	0.500	0	11	93.900	340.725
148	0	2	8	534.350	589.300	166.600	183.600	none	0.500	none	0.500	0	11	93.900	340.725
148	0	2	9	589.300	644.100	166.600	183.600	0.500	0.500	none	0.500	0	11	93.900	340.725
148	0	2	10	644.100	699.950	166.600	183.600	0.500	0.500	0.500	0.500	0	11	93.900	340.725
148	0	2	11	699.950	734.650	166.600	183.600	none	none	none	0.500	0	11	93.900	340.725
148	0	3	1	143.750	205.300	183.600	200.350	none	0.500	none	0.500	0	11	93.900	340.725
148	0	3	2	205.300	260.100	183.600	200.350	none	0.500	none	0.500	0	11	93.900	340.725
148	0	3	3	260.100	315.150	183.600	200.350	none	0.500	0.500	0.500	0	11	93.900	340.725
148	0	3	4	315.150	369.950	183.600	200.350	none	0.500	0.500	0.500	0	11	93.900	340.725
148	0	3	5	369.950	424.750	183.600	200.350	none	0.500	none	0.500	0	11	93.900	340.725
148	0	3	6	424.750	479.550	183.600	200.350	none	0.500	none	0.500	0	11	93.900	340.725
148	0	3	7	479.550	534.350	183.600	200.350	none	0.500	0.500	0.500	0	11	93.900	340.725
148	0	3	8	534.350	589.300	183.600	200.350	none	0.500	none	0.500	0	11	93.900	340.725
148	0	3	9	589.300	734.650	183.600	340.600	none	0.500	none	0.500	0	11	93.900	340.725
148	0	4	0	57.850	143.750	200.350	233.850	none	0.500	0.500	0.500	0	11	93.900	340.725
148	0	4	1	143.750	205.300	200.350	217.100	none	0.500	none	0.500	0	11	93.900	340.725
148	0	4	2	205.300	260.100	200.350	217.100	none	0.500	none	0.500	0	11	93.900	340.725
148	0	4	3	260.100	315.150	200.350	217.100	none	0.500	0.500	0.500	0	11	93.900	340.725
148	0	4	4	315.150	369.950	200.350	217.100	none	0.500	0.500	0.500	0	11	93.900	340.725
148	0	4	5	369.950	424.750	200.350	217.100	none	0.500	none	0.500	0	11	93.900	340.725
148	0	4	6	424.750	479.550	200.350	217.100	none	0.500	none	0.500	0	11	93.900	340.725
148	0	4	7	479.550	534.350	200.350	217.100	none	0.500	0.500	0.500	0	11	93.900	340.725
148	0	4	8	534.350	589.300	200.350	217.100	none	0.500	none	0.500	0	11	93.900	340.725
148	0	5	1	143.750	205.300	217.100	233.850	none	0.500	none	0.500	0	11	93.900	340.725
148	0	5	2	205.300	260.100	217.100	233.850	none	0.500	none	0.500	0	11	93.900	340.725
148	0	5	3	260.100	315.150	217.100	233.850	none	0.500	0.500	0.500	0	11	93.900	340.725
148	0	5	4	315.150	369.950	217.100	233.850	none	0.500	0.500	0.500	0	11	93.900	340.725
148	0	5	5	369.950	424.750	217.100	233.850	none	0.500	none	0.500	0	11	93.900	340.725
148	0	5	6	424.750	479.550	217.100	233.850	none	0.500	none	0.500	0	11	93.900	340.725
148	0	5	7	479.550	534.350	217.100	233.850	none	0.500	0.500	0.500	0	11	93.900	340.725
148	0	5	8	534.350	589.300	217.100	233.850	none	0.500	none	0.500	0	11	93.900	340.725
148	0	6	0	57.850	143.750	233.850	267.600	none	0.500	0.500	0.500	0	11	93.900	340.725
148	0	6	1	143.750	205.300	233.850	250.600	none	0.500	none	0.500	0	11	93.900	340.725
148	0	6	2	205.300	260.100	233.850	250.600	none	0.500	none	0.500	0	11	93.900	340.725
148	0	6	3	260.100	315.150	233.850	250.600	none	0.500	0.500	0.500	0	11	93.900	340.725
148	0	6	4	315.150	369.950	233.850	250.600	none	0.500	0.500	0.500	0	11	93.900	340.725
148	0	6	5	369.950	424.750	233.850	250.600	none	0.500	none	0.500	0	11	93.900	340.725
148	0	6	6	424.750	479.550	233.850	250.600	none	0.500	none	0.500	0	11	93.900	340.725
148	0	6	7	479.550	534.350	233.850	250.600	none	0.500	0.500	0.500	0	11	93.900	340.725
148	0	6	8	534.350	589.300	233.850	250.600	none	0.500	none	0.500	0	11	93.900	340.725
148	0	7	1	143.750	205.300	250.600	267.600	none	0.500	none	0.500	0	11	93.900	340.725
148	0	7	2	205.300	260.100	250.600	267.600	none	0.500	none	0.500	0	11	93.900	340.725
148	0	7	3	260.100	315.150	250.600	267.600	none	0.500	0.500	0.500	0	11	93.900	340.725
148	0	7	4	315.150	369.950	250.600	267.600	none	0.500	0.500	0.500	0	11	93.900	340.725
148	0	7	5	369.950	424.750	250.600	267.600	none	0.500	none	0.500	0	11	93.900	340.725
148	0	7	6	424.750	479.550	250.600	267.600	none	0.500	none	0.500	0	11	93.900	340.725
148	0	7	7	479.550	534.350	250.600	267.600	0.500	0.500	0.500	0.500	0	11	93.900	340.725
148	0	7	8	534.350	589.300	250.600	267.600	0.500	0.500	none	0.500	0	11	93.900	340.725
148	0	8	0	57.850	143.750	267.600	292.100	none	0.500	0.500	0.500	0	11	93.900	340.725
148	0	8	1	143.750	205.300	267.600	292.100	none	0.500	none	0.500	0	11	93.900	340.725
148	0	8	2	205.300	260.100	267.600	292.100	none	0.500	none	0.500	0	11	93.900	340.725
148	0	8	3	260.100	315.150	267.600	292.100	none	0.500	0.500	0.500	0	11	93.900	340.725
148	0	8	4	315.150	369.950	267.600	292.100	none	0.500	0.500	0.500	0	11	93.900	340.725
148	0	8	5	369.950	424.750	267.600	292.100	none	0.500	none	0.500	0	11	93.900	340.725
148	0	8	6	424.750	479.550	267.600	292.100	none	0.500	none	0.500	0	11	93.900	340.725
148	0	8	7	479.550	589.300	267.600	340.600	0.500	0.500	0.500	none	0	11	93.900	340.725
148	0	9	0	57.850	143.750	292.100	316.350	none	0.500	0.500	0.500	0	11	93.900	340.725
148	0	9	1	143.750	205.300	292.100	316.350	none	0.500	none	0.500	0	11	93.900	340.725
148	0	9	2	205.300	260.100	292.100	316.350	none	0.500	none	0.500	0	11	93.900	340.725
148	0	9	3	260.100	315.150	292.100	316.350	none	0.500	0.500	0.500	0	11	93.900	340.725
148	0	9	4	315.150	369.950	292.100	316.350	none	0.500	0.500	0.500	0	11	93.900	340.725
148	0	9	5	369.950	424.750	292.100	316.350	none	0.500	none	0.500	0	11	93.900	340.725
148	0	9	6	424.750	479.550	292.100	316.350	none	0.500	none	0.500	0	11	93.900	340.725
148	0	10	0	57.850	143.750	316.350	340.600	none	0.500	0.500	0.500	0	11	93.900	340.725
148	0	10	1	143.750	205.300	316.350	340.600	none	0.500	none	0.500	0	11	93.900	340.725
148	0	10	2	205.300	260.100	316.350	340.600	none	0.500	none	0.500	0	11	93.900	340.725
148	0	10	3	260.100	315.150	316.350	340.600	none	0.500	0.500	0.500	0	11	93.900	340.725
148	0	10	4	315.150	369.950	316.350	340.600	none	0.500	0.500	0.500	0	11	93.900	340.725
148	0	10	5	369.950	424.750	316.350	340.600	none	0.500	none	0.500	0	11	93.900	340.725
148	0	10	6	424.750	479.550	316.350	340.600	none	0.500	none	0.500	0	11	93.900	340.725
149	0	0	0	57.850	143.750	94.150	149.600	0.500	none	0.500	0.500	0	11	93.900	340.725
149	0	0	1	143.750	205.300	94.150	149.600	0.500	0.500	none	0.500	0	11	93.900	340.725
149	0	0	2	205.300	260.100	94.150	149.600	0.500	0.500	none	none	0	11	93.900	340.725
149	0	0	3	260.100	315.150	94.150	149.600	0.500	0.500	0.500	0.500	0	11	93.900	340.725
149	0	0	4	315.150	369.950	94.150	149.600	0.500	0.500	0.500	none	0	11	93.900	340.725
149	0	0	5	369.950	424.750	94.150	149.600	0.500	0.500	0.500	none	0	11	93.900	340.725
149	0	0	6	424.750	479.550	94.150	149.600	0.500	0.500	0.500	none	0	11	93.900	340.725
149	0	0	7	479.550	534.350	94.150	149.600	0.500	0.500	0.500	none	0	11	93.900	340.725
149	0	0	8	534.350	589.300	94.150	149.600	0.500	0.500	0.500	none	0	11	93.900	340.725
149	0	0	9	589.300	644.100	94.150	149.600	0.500	0.500	0.500	0.500	0	11	93.900	340.725
149	0	0	10	644.100	699.950	94.150	149.600	0.500	0.500	0.500	0.500	0	11	93.900	340.725
149	0	0	11	699.950	734.650	94.150	149.600	0.500	none	none	0.500	0	11	93.900	340.725
149	0	1	0	57.850	143.750	149.600	200.350	0.500	0.500	0.500	0.500	0	11	93.900	340.725
149	0	1	1	143.750	205.300	149.600	166.600	none	0.500	none	0.500	0	11	93.900	340.725
149	0	1	2	205.300	260.100	149.600	166.600	none	0.500	none	0.500	0	11	93.900	340.725
149	0	1	3	260.100	315.150	149.600	166.600	none	0.500	0.500	0.500	0	11	93.900	340.725
149	0	1	4	315.150	369.950	149.600	166.600	none	0.500	0.500	0.500	0	11	93.900	340.725
149	0	1	5	369.950	424.750	149.600	166.600	none	0.500	none	0.500	0	11	93.900	340.725
149	0	1	6	424.750	479.550	149.600	166.600	none	0.500	none	0.500	0	11	93.900	340.725
149	0	1	7	479.550	534.350	149.600	166.600	none	0.500	0.500	0.500	0	11	93.900	340.725
149	0	1	8	534.350	589.300	149.600	166.600	none	0.500	none	0.500	0	11	93.900	340.725
149	0	1	9	589.300	644.100	149.600	166.600	0.500	0.500	none	0.500	0	11	93.900	340.725
149	0	1	10	644.100	699.950	149.600	166.600	0.500	0.500	0.500	0.500	0	11	93.900	340.725
149	0	1	11	699.950	734.650	149.600	166.600	0.500	none	none	0.500	0	11	93.900	340.725
149	0	2	1	143.750	205.300	166.600	183.600	none	0.500	none	0.500	0	11	93.900	340.725
149	0	2	2	205.300	260.100	166.600	183.600	none	0.500	none	0.500	0	11	93.900	340.725
149	0	2	3	260.100	315.150	166.600	183.600	none	0.500	0.500	0.500	0	11	93.900	340.725
149	0	2	4	315.150	369.950	166.600	183.600	none	0.500	0.500	0.500	0	11	93.900	340.725
149	0	2	5	369.950	424.750	166.600	183.600	none	0.500	none	0.500	0	11	93.900	340.725
149	0	2	6	424.750	479.550	166.600	183.600	none	0.500	none	0.500	0	11	93.900	340.725
149	0	2	7	479.550	534.350	166.600	183.600	none	0.500	0.500	0.500	0	11	93.900	340.725
149	0	2	8	534.350	589.300	166.600	183.600	none	0.500	none	0.500	0	11	93.900	340.725
149	0	2	9	589.300	644.100	166.600	183.600	0.500	0.500	none	0.500	0	11	93.900	340.725
149	0	2	10	644.100	699.950	166.600	183.600	0.500	0.500	0.500	0.500	0	11	93.900	340.725
149	0	2	11	699.950	734.650	166.600	183.600	none	none	none	0.500	0	11	93.900	340.725
149	0	3	1	143.750	205.300	183.600	200.350	none	0.500	none	0.500	0	11	93.900	340.725
149	0	3	2	205.300	260.100	183.600	200.350	none	0.500	none	0.500	0	11	93.900	340.725
149	0	3	3	260.100	315.150	183.600	200.350	none	0.500	0.500	0.500	0	11	93.900	340.725
149	0	3	4	315.150	369.950	183.600	200.350	none	0.500	0.500	0.500	0	11	93.900	340.725
149	0	3	5	369.950	424.750	183.600	200.350	none	0.500	none	0.500	0	11	93.900	340.725
149	0	3	6	424.750	479.550	183.600	200.350	none	0.500	none	0.500	0	11	93.900	340.725
149	0	3	7	479.550	534.350	183.600	200.350	none	0.500	0.500	0.500	0	11	93.900	340.725
149	0	3	8	534.350	589.300	183.600	200.350	none	0.500	none	0.500	0	11	93.900	340.725
149	0	3	9	589.300	734.650	183.600	340.600	none	0.500	none	0.500	0	11	93.900	340.725
149	0	4	0	57.850	143.750	200.350	233.850	none	0.500	0.500	0.500	0	11	93.900	340.725
149	0	4	1	143.750	205.300	200.350	217.100	none	0.500	none	0.500	0	11	93.900	340.725
149	0	4	2	205.300	260.100	200.350	217.100	none	0.500	none	0.500	0	11	93.900	340.725
149	0	4	3	260.100	315.150	200.350	217.100	none	0.500	0.500	0.500	0	11	93.900	340.725
149	0	4	4	315.150	369.950	200.350	217.100	none	0.500	0.500	0.500	0	11	93.900	340.725
149	0	4	5	369.950	424.750	200.350	217.100	none	0.500	none	0.500	0	11	93.900	340.725
149	0	4	6	424.750	479.550	200.350	217.100	none	0.500	none	0.500	0	11	93.900	340.725
149	0	4	7	479.550	534.350	200.350	217.100	none	0.500	0.500	0.500	0	11	93.900	340.725
149	0	4	8	534.350	589.300	200.350	217.100	none	0.500	none	0.500	0	11	93.900	340.725
149	0	5	1	143.750	205.300	217.100	233.850	none	0.500	none	0.500	0	11	93.900	340.725
149	0	5	2	205.300	260.100	217.100	233.850	none	0.500	none	0.500	0	11	93.900	340.725
149	0	5	3	260.100	315.150	217.100	233.850	none	0.500	0.500	0.500	0	11	93.900	340.725
149	0	5	4	315.150	369.950	217.100	233.850	none	0.500	0.500	0.500	0	11	93.900	340.725
149	0	5	5	369.950	424.750	217.100	233.850	none	0.500	none	0.500	0	11	93.900	340.725
149	0	5	6	424.750	479.550	217.100	233.850	none	0.500	none	0.500	0	11	93.900	340.725
149	0	5	7	479.550	534.350	217.100	233.850	none	0.500	0.500	0.500	0	11	93.900	340.725
149	0	5	8	534.350	589.300	217.100	233.850	none	0.500	none	0.500	0	11	93.900	340.725
149	0	6	0	57.850	143.750	233.850	267.600	none	0.500	0.500	0.500	0	11	93.900	340.725
149	0	6	1	143.750	205.300	233.850	250.600	none	0.500	none	0.500	0	11	93.900	340.725
149	0	6	2	205.300	260.100	233.850	250.600	none	0.500	none	0.500	0	11	93.900	340.725
149	0	6	3	260.100	315.150	233.850	250.600	none	0.500	0.500	0.500	0	11	93.900	340.725
149	0	6	4	315.150	369.950	233.850	250.600	none	0.500	0.500	0.500	0	11	93.900	340.725
149	0	6	5	369.950	424.750	233.850	250.600	none	0.500	none	0.500	0	11	93.900	340.725
149	0	6	6	424.750	479.550	233.850	250.600	none	0.500	none	0.500	0	11	93.900	340.725
149	0	6	7	479.550	534.350	233.850	250.600	none	0.500	0.500	0.500	0	11	93.900	340.725
149	0	6	8	534.350	589.300	233.850	250.600	none	0.500	none	0.500	0	11	93.900	340.725
149	0	7	1	143.750	205.300	250.600	267.600	none	0.500	none	0.500	0	11	93.900	340.725
149	0	7	2	205.300	260.100	250.600	267.600	none	0.500	none	0.500	0	11	93.900	340.725
149	0	7	3	260.100	315.150	250.600	267.600	none	0.500	0.500	0.500	0	11	93.900	340.725
149	0	7	4	315.150	369.950	250.600	267.600	none	0.500	0.500	0.500	0	11	93.900	340.725
149	0	7	5	369.950	424.750	250.600	267.600	none	0.500	none	0.500	0	11	93.900	340.725
149	0	7	6	424.750	479.550	250.600	267.600	none	0.500	none	0.500	0	11	93.900	340.725
149	0	7	7	479.550	534.350	250.600	267.600	0.500	0.500	0.500	0.500	0	11	93.900	340.725
149	0	7	8	534.350	589.300	250.600	267.600	0.500	0.500	none	0.500	0	11	93.900	340.725
149	0	8	0	57.850	143.750	267.600	292.100	none	0.500	0.500	0.500	0	11	93.900	340.725
149	0	8	1	143.750	205.300	267.600	292.100	none	0.500	none	0.500	0	11	93.900	340.725
149	0	8	2	205.300	260.100	267.600	292.100	none	0.500	none	0.500	0	11	93.900	340.725
149	0	8	3	260.100	315.150	267.600	292.100	none	0.500	0.500	0.500	0	11	93.900	340.725
149	0	8	4	315.150	369.950	267.600	292.100	none	0.500	0.500	0.500	0	11	93.900	340.725
149	0	8	5	369.950	424.750	267.600	292.100	none	0.500	none	0.500	0	11	93.900	340.725
149	0	8	6	424.750	479.550	267.600	292.100	none	0.500	none	0.500	0	11	93.900	340.725
149	0	8	7	479.550	589.300	267.600	340.600	0.500	0.500	0.500	none	0	11	93.900	340.725
149	0	9	0	57.850	143.750	292.100	316.350	none	0.500	0.500	0.500	0	11	93.900	340.725
149	0	9	1	143.750	205.300	292.100	316.350	none	0.500	none	0.500	0	11	93.900	340.725
149	0	9	2	205.300	260.100	292.100	316.350	none	0.500	none	0.500	0	11	93.900	340.725
149	0	9	3	260.100	315.150	292.100	316.350	none	0.500	0.500	0.500	0	11	93.900	340.725
149	0	9	4	315.150	369.950	292.100	316.350	none	0.500	0.500	0.500	0	11	93.900	340.725
149	0	9	5	369.950	424.750	292.100	316.350	none	0.500	none	0.500	0	11	93.900	340.725
149	0	9	6	424.750	479.550	292.100	316.350	none	0.500	none	0.500	0	11	93.900	340.725
149	0	10	0	57.850	143.750	316.350	340.600	none	0.500	0.500	0.500	0	11	93.900	340.725
149	0	10	1	143.750	205.300	316.350	340.600	none	0.500	none	0.500	0	11	93.900	340.725
149	0	10	2	205.300	260.100	316.350	340.600	none	0.500	none	0.500	0	11	93.900	340.725
149	0	10	3	260.100	315.150	316.350	340.600	none	0.500	0.500	0.500	0	11	93.900	340.725
149	0	10	4	315.150	369.950	316.350	340.600	none	0.500	0.500	0.500	0	11	93.900	340.725
149	0	10	5	369.950	424.750	316.350	340.600	none	0.500	none	0.500	0	11	93.900	340.725
149	0	10	6	424.750	479.550	316.350	340.600	none	0.500	none	0.500	0	11	93.900	340.725
150	0	0	0	57.850	143.750	94.150	149.600	0.500	none	0.500	0.500	0	11	93.900	340.725
150	0	0	1	143.750	205.300	94.150	149.600	0.500	0.500	none	0.500	0	11	93.900	340.725
150	0	0	2	205.300	260.100	94.150	149.600	0.500	0.500	none	none	0	11	93.900	340.725
150	0	0	3	260.100	315.150	94.150	149.600	0.500	0.500	0.500	0.500	0	11	93.900	340.725
150	0	0	4	315.150	369.950	94.150	149.600	0.500	0.500	0.500	none	0	11	93.900	340.725
150	0	0	5	369.950	424.750	94.150	149.600	0.500	0.500	0.500	none	0	11	93.900	340.725
150	0	0	6	424.750	479.550	94.150	149.600	0.500	0.500	0.500	none	0	11	93.900	340.725
150	0	0	7	479.550	534.350	94.150	149.600	0.500	0.500	0.500	none	0	11	93.900	340.725
150	0	0	8	534.350	589.300	94.150	149.600	0.500	0.500	0.500	none	0	11	93.900	340.725
150	0	0	9	589.300	644.100	94.150	149.600	0.500	0.500	0.500	0.500	0	11	93.900	340.725
150	0	0	10	644.100	699.950	94.150	149.600	0.500	0.500	0.500	0.500	0	11	93.900	340.725
150	0	0	11	699.950	734.650	94.150	149.600	0.500	none	none	0.500	0	11	93.900	340.725
150	0	1	0	57.850	143.750	149.600	200.350	0.500	0.500	0.500	0.500	0	11	93.900	340.725
150	0	1	1	143.750	205.300	149.600	166.600	none	0.500	none	0.500	0	11	93.900	340.725
150	0	1	2	205.300	260.100	149.600	166.600	none	0.500	none	0.500	0	11	93.900	340.725
150	0	1	3	260.100	315.150	149.600	166.600	none	0.500	0.500	0.500	0	11	93.900	340.725
150	0	1	4	315.150	369.950	149.600	166.600	none	0.500	0.500	0.500	0	11	93.900	340.725
150	0	1	5	369.950	424.750	149.600	166.600	none	0.500	none	0.500	0	11	93.900	340.725
150	0	1	6	424.750	479.550	149.600	166.600	none	0.500	none	0.500	0	11	93.900	340.725
150	0	1	7	479.550	534.350	149.600	166.600	none	0.500	0.500	0.500	0	11	93.900	340.725
150	0	1	8	534.350	589.300	149.600	166.600	none	0.500	none	0.500	0	11	93.900	340.725
150	0	1	9	589.300	644.100	149.600	166.600	0.500	0.500	none	0.500	0	11	93.900	340.725
150	0	1	10	644.100	699.950	149.600	166.600	0.500	0.500	0.500	0.500	0	11	93.900	340.725
150	0	1	11	699.950	734.650	149.600	166.600	0.500	none	none	0.500	0	11	93.900	340.725
150	0	2	1	143.750	205.300	166.600	183.600	none	0.500	none	0.500	0	11	93.900	340.725
150	0	2	2	205.300	260.100	166.600	183.600	none	0.500	none	0.500	0	11	93.900	340.725
150	0	2	3	260.100	315.150	166.600	183.600	none	0.500	0.500	0.500	0	11	93.900	340.725
150	0	2	4	315.150	369.950	166.600	183.600	none	0.500	0.500	0.500	0	11	93.900	340.725
150	0	2	5	369.950	424.750	166.600	183.600	none	0.500	none	0.500	0	11	93.900	340.725
150	0	2	6	424.750	479.550	166.600	183.600	none	0.500	none	0.500	0	11	93.900	340.725
150	0	2	7	479.550	534.350	166.600	183.600	none	0.500	0.500	0.500	0	11	93.900	340.725
150	0	2	8	534.350	589.300	166.600	183.600	none	0.500	none	0.500	0	11	93.900	340.725
150	0	2	9	589.300	644.100	166.600	183.600	0.500	0.500	none	0.500	0	11	93.900	340.725
150	0	2	10	644.100	699.950	166.600	183.600	0.500	0.500	0.500	0.500	0	11	93.900	340.725
150	0	2	11	699.950	734.650	166.600	183.600	none	none	none	0.500	0	11	93.900	340.725
150	0	3	1	143.750	205.300	183.600	200.350	none	0.500	none	0.500	0	11	93.900	340.725
150	0	3	2	205.300	260.100	183.600	200.350	none	0.500	none	0.500	0	11	93.900	340.725
150	0	3	3	260.100	315.150	183.600	200.350	none	0.500	0.500	0.500	0	11	93.900	340.725
150	0	3	4	315.150	369.950	183.600	200.350	none	0.500	0.500	0.500	0	11	93.900	340.725
150	0	3	5	369.950	424.750	183.600	200.350	none	0.500	none	0.500	0	11	93.900	340.725
150	0	3	6	424.750	479.550	183.600	200.350	none	0.500	none	0.500	0	11	93.900	340.725
150	0	3	7	479.550	534.350	183.600	200.350	none	0.500	0.500	0.500	0	11	93.900	340.725
150	0	3	8	534.350	589.300	183.600	200.350	none	0.500	none	0.500	0	11	93.900	340.725
150	0	3	9	589.300	734.650	183.600	340.600	none	0.500	none	0.500	0	11	93.900	340.725
150	0	4	0	57.850	143.750	200.350	233.850	none	0.500	0.500	0.500	0	11	93.900	340.725
150	0	4	1	143.750	205.300	200.350	217.100	none	0.500	none	0.500	0	11	93.900	340.725
150	0	4	2	205.300	260.100	200.350	217.100	none	0.500	none	0.500	0	11	93.900	340.725
150	0	4	3	260.100	315.150	200.350	217.100	none	0.500	0.500	0.500	0	11	93.900	340.725
150	0	4	4	315.150	369.950	200.350	217.100	none	0.500	0.500	0.500	0	11	93.900	340.725
150	0	4	5	369.950	424.750	200.350	217.100	none	0.500	none	0.500	0	11	93.900	340.725
150	0	4	6	424.750	479.550	200.350	217.100	none	0.500	none	0.500	0	11	93.900	340.725
150	0	4	7	479.550	534.350	200.350	217.100	none	0.500	0.500	0.500	0	11	93.900	340.725
150	0	4	8	534.350	589.300	200.350	217.100	none	0.500	none	0.500	0	11	93.900	340.725
150	0	5	1	143.750	205.300	217.100	233.850	none	0.500	none	0.500	0	11	93.900	340.725
150	0	5	2	205.300	260.100	217.100	233.850	none	0.500	none	0.500	0	11	93.900	340.725
150	0	5	3	260.100	315.150	217.100	233.850	none	0.500	0.500	0.500	0	11	93.900	340.725
150	0	5	4	315.150	369.950	217.100	233.850	none	0.500	0.500	0.500	0	11	93.900	340.725
150	0	5	5	369.950	424.750	217.100	233.850	none	0.500	none	0.500	0	11	93.900	340.725
150	0	5	6	424.750	479.550	217.100	233.850	none	0.500	none	0.500	0	11	93.900	340.725
150	0	5	7	479.550	534.350	217.100	233.850	none	0.500	0.500	0.500	0	11	93.900	340.725
150	0	5	8	534.350	589.300	217.100	233.850	none	0.500	none	0.500	0	11	93.900	340.725
150	0	6	0	57.850	143.750	233.850	267.600	none	0.500	0.500	0.500	0	11	93.900	340.725
150	0	6	1	143.750	205.300	233.850	250.600	none	0.500	none	0.500	0	11	93.900	340.725
150	0	6	2	205.300	260.100	233.850	250.600	none	0.500	none	0.500	0	11	93.900	340.725
150	0	6	3	260.100	315.150	233.850	250.600	none	0.500	0.500	0.500	0	11	93.900	340.725
150	0	6	4	315.150	369.950	233.850	250.600	none	0.500	0.500	0.500	0	11	93.900	340.725
150	0	6	5	369.950	424.750	233.850	250.600	none	0.500	none	0.500	0	11	93.900	340.725
150	0	6	6	424.750	479.550	233.850	250.600	none	0.500	none	0.500	0	11	93.900	340.725
150	0	6	7	479.550	534.350	233.850	250.600	none	0.500	0.500	0.500	0	11	93.900	340.725
150	0	6	8	534.350	589.300	233.850	250.600	none	0.500	none	0.500	0	11	93.900	340.725
150	0	7	1	143.750	205.300	250.600	267.600	none	0.500	none	0.500	0	11	93.900	340.725
150	0	7	2	205.300	260.100	250.600	267.600	none	0.500	none	0.500	0	11	93.900	340.725
150	0	7	3	260.100	315.150	250.600	267.600	none	0.500	0.500	0.500	0	11	93.900	340.725
150	0	7	4	315.150	369.950	250.600	267.600	none	0.500	0.500	0.500	0	11	93.900	340.725
150	0	7	5	369.950	424.750	250.600	267.600	none	0.500	none	0.500	0	11	93.900	340.725
150	0	7	6	424.750	479.550	250.600	267.600	none	0.500	none	0.500	0	11	93.900	340.725
150	0	7	7	479.550	534.350	250.600	267.600	0.500	0.500	0.500	0.500	0	11	93.900	340.725
150	0	7	8	534.350	589.300	250.600	267.600	0.500	0.500	none	0.500	0	11	93.900	340.725
150	0	8	0	57.850	143.750	267.600	292.100	none	0.500	0.500	0.500	0	11	93.900	340.725
150	0	8	1	143.750	205.300	267.600	292.100	none	0.500	none	0.500	0	11	93.900	340.725
150	0	8	2	205.300	260.100	267.600	292.100	none	0.500	none	0.500	0	11	93.900	340.725
150	0	8	3	260.100	315.150	267.600	292.100	none	0.500	0.500	0.500	0	11	93.900	340.725
150	0	8	4	315.150	369.950	267.600	292.100	none	0.500	0.500	0.500	0	11	93.900	340.725
150	0	8	5	369.950	424.750	267.600	292.100	none	0.500	none	0.500	0	11	93.900	340.725
150	0	8	6	424.750	479.550	267.600	292.100	none	0.500	none	0.500	0	11	93.900	340.725
150	0	8	7	479.550	589.300	267.600	340.600	0.500	0.500	0.500	none	0	11	93.900	340.725
150	0	9	0	57.850	143.750	292.100	316.350	none	0.500	0.500	0.500	0	11	93.900	340.725
150	0	9	1	143.750	205.300	292.100	316.350	none	0.500	none	0.500	0	11	93.900	340.725
150	0	9	2	205.300	260.100	292.100	316.350	none	0.500	none	0.500	0	11	93.900	340.725
150	0	9	3	260.100	315.150	292.100	316.350	none	0.500	0.500	0.500	0	11	93.900	340.725
150	0	9	4	315.150	369.950	292.100	316.350	none	0.500	0.500	0.500	0	11	93.900	340.725
150	0	9	5	369.950	424.750	292.100	316.350	none	0.500	none	0.500	0	11	93.900	340.725
150	0	9	6	424.750	479.550	292.100	316.350	none	0.500	none	0.500	0	11	93.900	340.725
150	0	10	0	57.850	143.750	316.350	340.600	none	0.500	0.500	0.500	0	11	93.900	340.725
150	0	10	1	143.750	205.300	316.350	340.600	none	0.500	none	0.500	0	11	93.900	340.725
150	0	10	2	205.300	260.100	316.350	340.600	none	0.500	none	0.500	0	11	93.900	340.725
150	0	10	3	260.100	315.150	316.350	340.600	none	0.500	0.500	0.500	0	11	93.900	340.725
150	0	10	4	315.150	369.950	316.350	340.600	none	0.500	0.500	0.500	0	11	93.900	340.725
150	0	10	5	369.950	424.750	316.350	340.600	none	0.500	none	0.500	0	11	93.900	340.725
150	0	10	6	424.750	479.550	316.350	340.600	none	0.500	none	0.500	0	11	93.900	340.725
151	0	0	0	57.850	143.750	94.150	149.600	0.500	none	0.500	0.500	0	11	93.900	340.725
151	0	0	1	143.750	205.300	94.150	149.600	0.500	0.500	none	0.500	0	11	93.900	340.725
151	0	0	2	205.300	260.100	94.150	149.600	0.500	0.500	none	none	0	11	93.900	340.725
151	0	0	3	260.100	315.150	94.150	149.600	0.500	0.500	0.500	0.500	0	11	93.900	340.725
151	0	0	4	315.150	369.950	94.150	149.600	0.500	0.500	0.500	none	0	11	93.900	340.725
151	0	0	5	369.950	424.750	94.150	149.600	0.500	0.500	0.500	none	0	11	93.900	340.725
151	0	0	6	424.750	479.550	94.150	149.600	0.500	0.500	0.500	none	0	11	93.900	340.725
151	0	0	7	479.550	534.350	94.150	149.600	0.500	0.500	0.500	none	0	11	93.900	340.725
151	0	0	8	534.350	589.300	94.150	149.600	0.500	0.500	0.500	none	0	11	93.900	340.725
151	0	0	9	589.300	644.100	94.150	149.600	0.500	0.500	0.500	0.500	0	11	93.900	340.725
151	0	0	10	644.100	699.950	94.150	149.600	0.500	0.500	0.500	0.500	0	11	93.900	340.725
151	0	0	11	699.950	734.650	94.150	149.600	0.500	none	none	0.500	0	11	93.900	340.725
151	0	1	0	57.850	143.750	149.600	200.350	0.500	0.500	0.500	0.500	0	11	93.900	340.725
151	0	1	1	143.750	205.300	149.600	166.600	none	0.500	none	0.500	0	11	93.900	340.725
151	0	1	2	205.300	260.100	149.600	166.600	none	0.500	none	0.500	0	11	93.900	340.725
151	0	1	3	260.100	315.150	149.600	166.600	none	0.500	0.500	0.500	0	11	93.900	340.725
151	0	1	4	315.150	369.950	149.600	166.600	none	0.500	0.500	0.500	0	11	93.900	340.725
151	0	1	5	369.950	424.750	149.600	166.600	none	0.500	none	0.500	0	11	93.900	340.725
151	0	1	6	424.750	479.550	149.600	166.600	none	0.500	none	0.500	0	11	93.900	340.725
151	0	1	7	479.550	534.350	149.600	166.600	none	0.500	0.500	0.500	0	11	93.900	340.725
151	0	1	8	534.350	589.300	149.600	166.600	none	0.500	none	0.500	0	11	93.900	340.725
151	0	1	9	589.300	644.100	149.600	166.600	0.500	0.500	none	0.500	0	11	93.900	340.725
151	0	1	10	644.100	699.950	149.600	166.600	0.500	0.500	0.500	0.500	0	11	93.900	340.725
151	0	1	11	699.950	734.650	149.600	166.600	0.500	none	none	0.500	0	11	93.900	340.725
151	0	2	1	143.750	205.300	166.600	183.600	none	0.500	none	0.500	0	11	93.900	340.725
151	0	2	2	205.300	260.100	166.600	183.600	none	0.500	none	0.500	0	11	93.900	340.725
151	0	2	3	260.100	315.150	166.600	183.600	none	0.500	0.500	0.500	0	11	93.900	340.725
151	0	2	4	315.150	369.950	166.600	183.600	none	0.500	0.500	0.500	0	11	93.900	340.725
151	0	2	5	369.950	424.750	166.600	183.600	none	0.500	none	0.500	0	11	93.900	340.725
151	0	2	6	424.750	479.550	166.600	183.600	none	0.500	none	0.500	0	11	93.900	340.725
151	0	2	7	479.550	534.350	166.600	183.600	none	0.500	0.500	0.500	0	11	93.900	340.725
151	0	2	8	534.350	589.300	166.600	183.600	none	0.500	none	0.500	0	11	93.900	340.725
151	0	2	9	589.300	644.100	166.600	183.600	0.500	0.500	none	0.500	0	11	93.900	340.725
151	0	2	10	644.100	699.950	166.600	183.600	0.500	0.500	0.500	0.500	0	11	93.900	340.725
151	0	2	11	699.950	734.650	166.600	183.600	none	none	none	0.500	0	11	93.900	340.725
151	0	3	1	143.750	205.300	183.600	200.350	none	0.500	none	0.500	0	11	93.900	340.725
151	0	3	2	205.300	260.100	183.600	200.350	none	0.500	none	0.500	0	11	93.900	340.725
151	0	3	3	260.100	315.150	183.600	200.350	none	0.500	0.500	0.500	0	11	93.900	340.725
151	0	3	4	315.150	369.950	183.600	200.350	none	0.500	0.500	0.500	0	11	93.900	340.725
151	0	3	5	369.950	424.750	183.600	200.350	none	0.500	none	0.500	0	11	93.900	340.725
151	0	3	6	424.750	479.550	183.600	200.350	none	0.500	none	0.500	0	11	93.900	340.725
151	0	3	7	479.550	534.350	183.600	200.350	none	0.500	0.500	0.500	0	11	93.900	340.725
151	0	3	8	534.350	589.300	183.600	200.350	none	0.500	none	0.500	0	11	93.900	340.725
151	0	3	9	589.300	734.650	183.600	340.600	none	0.500	none	0.500	0	11	93.900	340.725
151	0	4	0	57.850	143.750	200.350	233.850	none	0.500	0.500	0.500	0	11	93.900	340.725
151	0	4	1	143.750	205.300	200.350	217.100	none	0.500	none	0.500	0	11	93.900	340.725
151	0	4	2	205.300	260.100	200.350	217.100	none	0.500	none	0.500	0	11	93.900	340.725
151	0	4	3	260.100	315.150	200.350	217.100	none	0.500	0.500	0.500	0	11	93.900	340.725
151	0	4	4	315.150	369.950	200.350	217.100	none	0.500	0.500	0.500	0	11	93.900	340.725
151	0	4	5	369.950	424.750	200.350	217.100	none	0.500	none	0.500	0	11	93.900	340.725
151	0	4	6	424.750	479.550	200.350	217.100	none	0.500	none	0.500	0	11	93.900	340.725
151	0	4	7	479.550	534.350	200.350	217.100	none	0.500	0.500	0.500	0	11	93.900	340.725
151	0	4	8	534.350	589.300	200.350	217.100	none	0.500	none	0.500	0	11	93.900	340.725
151	0	5	1	143.750	205.300	217.100	233.850	none	0.500	none	0.500	0	11	93.900	340.725
151	0	5	2	205.300	260.100	217.100	233.850	none	0.500	none	0.500	0	11	93.900	340.725
151	0	5	3	260.100	315.150	217.100	233.850	none	0.500	0.500	0.500	0	11	93.900	340.725
151	0	5	4	315.150	369.950	217.100	233.850	none	0.500	0.500	0.500	0	11	93.900	340.725
151	0	5	5	369.950	424.750	217.100	233.850	none	0.500	none	0.500	0	11	93.900	340.725
151	0	5	6	424.750	479.550	217.100	233.850	none	0.500	none	0.500	0	11	93.900	340.725
151	0	5	7	479.550	534.350	217.100	233.850	none	0.500	0.500	0.500	0	11	93.900	340.725
151	0	5	8	534.350	589.300	217.100	233.850	none	0.500	none	0.500	0	11	93.900	340.725
151	0	6	0	57.850	143.750	233.850	267.600	none	0.500	0.500	0.500	0	11	93.900	340.725
151	0	6	1	143.750	205.300	233.850	250.600	none	0.500	none	0.500	0	11	93.900	340.725
151	0	6	2	205.300	260.100	233.850	250.600	none	0.500	none	0.500	0	11	93.900	340.725
151	0	6	3	260.100	315.150	233.850	250.600	none	0.500	0.500	0.500	0	11	93.900	340.725
151	0	6	4	315.150	369.950	233.850	250.600	none	0.500	0.500	0.500	0	11	93.900	340.725
151	0	6	5	369.950	424.750	233.850	250.600	none	0.500	none	0.500	0	11	93.900	340.725
151	0	6	6	424.750	479.550	233.850	250.600	none	0.500	none	0.500	0	11	93.900	340.725
151	0	6	7	479.550	534.350	233.850	250.600	none	0.500	0.500	0.500	0	11	93.900	340.725
151	0	6	8	534.350	589.300	233.850	250.600	none	0.500	none	0.500	0	11	93.900	340.725
151	0	7	1	143.750	205.300	250.600	267.600	none	0.500	none	0.500	0	11	93.900	340.725
151	0	7	2	205.300	260.100	250.600	267.600	none	0.500	none	0.500	0	11	93.900	340.725
151	0	7	3	260.100	315.150	250.600	267.600	none	0.500	0.500	0.500	0	11	93.900	340.725
151	0	7	4	315.150	369.950	250.600	267.600	none	0.500	0.500	0.500	0	11	93.900	340.725
151	0	7	5	369.950	424.750	250.600	267.600	none	0.500	none	0.500	0	11	93.900	340.725
151	0	7	6	424.750	479.550	250.600	267.600	none	0.500	none	0.500	0	11	93.900	340.725
151	0	7	7	479.550	534.350	250.600	267.600	0.500	0.500	0.500	0.500	0	11	93.900	340.725
151	0	7	8	534.350	589.300	250.600	267.600	0.500	0.500	none	0.500	0	11	93.900	340.725
151	0	8	0	57.850	143.750	267.600	292.100	none	0.500	0.500	0.500	0	11	93.900	340.725
151	0	8	1	143.750	205.300	267.600	292.100	none	0.500	none	0.500	0	11	93.900	340.725
151	0	8	2	205.300	260.100	267.600	292.100	none	0.500	none	0.500	0	11	93.900	340.725
151	0	8	3	260.100	315.150	267.600	292.100	none	0.500	0.500	0.500	0	11	93.900	340.725
151	0	8	4	315.150	369.950	267.600	292.100	none	0.500	0.500	0.500	0	11	93.900	340.725
151	0	8	5	369.950	424.750	267.600	292.100	none	0.500	none	0.500	0	11	93.900	340.725
151	0	8	6	424.750	479.550	267.600	292.100	none	0.500	none	0.500	0	11	93.900	340.725
151	0	8	7	479.550	589.300	267.600	340.600	0.500	0.500	0.500	none	0	11	93.900	340.725
151	0	9	0	57.850	143.750	292.100	316.350	none	0.500	0.500	0.500	0	11	93.900	340.725
151	0	9	1	143.750	205.300	292.100	316.350	none	0.500	none	0.500	0	11	93.900	340.725
151	0	9	2	205.300	260.100	292.100	316.350	none	0.500	none	0.500	0	11	93.900	340.725
151	0	9	3	260.100	315.150	292.100	316.350	none	0.500	0.500	0.500	0	11	93.900	340.725
151	0	9	4	315.150	369.950	292.100	316.350	none	0.500	0.500	0.500	0	11	93.900	340.725
151	0	9	5	369.950	424.750	292.100	316.350	none	0.500	none	0.500	0	11	93.900	340.725
151	0	9	6	424.750	479.550	292.100	316.350	none	0.500	none	0.500	0	11	93.900	340.725
151	0	10	0	57.850	143.750	316.350	340.600	none	0.500	0.500	0.500	0	11	93.900	340.725
151	0	10	1	143.750	205.300	316.350	340.600	none	0.500	none	0.500	0	11	93.900	340.725
151	0	10	2	205.300	260.100	316.350	340.600	none	0.500	none	0.500	0	11	93.900	340.725
151	0	10	3	260.100	315.150	316.350	340.600	none	0.500	0.500	0.500	0	11	93.900	340.725
151	0	10	4	315.150	369.950	316.350	340.600	none	0.500	0.500	0.500	0	11	93.900	340.725
151	0	10	5	369.950	424.750	316.350	340.600	none	0.500	none	0.500	0	11	93.900	340.725
151	0	10	6	424.750	479.550	316.350	340.600	none	0.500	none	0.500	0	11	93.900	340.725
152	0	0	0	57.850	143.750	91.850	147.300	0.500	none	0.500	0.500	0	11	91.600	338.425
152	0	0	1	143.750	205.300	91.850	147.300	0.500	0.500	none	0.500	0	11	91.600	338.425
152	0	0	2	205.300	260.100	91.850	147.300	0.500	0.500	none	none	0	11	91.600	338.425
152	0	0	3	260.100	315.150	91.850	147.300	0.500	0.500	0.500	0.500	0	11	91.600	338.425
152	0	0	4	315.150	369.950	91.850	147.300	0.500	0.500	0.500	none	0	11	91.600	338.425
152	0	0	5	369.950	424.750	91.850	147.300	0.500	0.500	0.500	none	0	11	91.600	338.425
152	0	0	6	424.750	479.550	91.850	147.300	0.500	0.500	0.500	none	0	11	91.600	338.425
152	0	0	7	479.550	534.350	91.850	147.300	0.500	0.500	0.500	none	0	11	91.600	338.425
152	0	0	8	534.350	589.300	91.850	147.300	0.500	0.500	0.500	none	0	11	91.600	338.425
152	0	0	9	589.300	644.100	91.850	147.300	0.500	0.500	0.500	0.500	0	11	91.600	338.425
152	0	0	10	644.100	699.950	91.850	147.300	0.500	0.500	0.500	0.500	0	11	91.600	338.425
152	0	0	11	699.950	734.650	91.850	147.300	0.500	none	none	0.500	0	11	91.600	338.425
152	0	1	0	57.850	143.750	147.300	198.050	0.500	0.500	0.500	0.500	0	11	91.600	338.425
152	0	1	1	143.750	205.300	147.300	164.300	none	0.500	none	0.500	0	11	91.600	338.425
152	0	1	2	205.300	260.100	147.300	164.300	none	0.500	none	0.500	0	11	91.600	338.425
152	0	1	3	260.100	315.150	147.300	164.300	none	0.500	0.500	0.500	0	11	91.600	338.425
152	0	1	4	315.150	369.950	147.300	164.300	none	0.500	0.500	0.500	0	11	91.600	338.425
152	0	1	5	369.950	424.750	147.300	164.300	none	0.500	none	0.500	0	11	91.600	338.425
152	0	1	6	424.750	479.550	147.300	164.300	none	0.500	none	0.500	0	11	91.600	338.425
152	0	1	7	479.550	534.350	147.300	164.300	none	0.500	0.500	0.500	0	11	91.600	338.425
152	0	1	8	534.350	589.300	147.300	164.300	none	0.500	none	0.500	0	11	91.600	338.425
152	0	1	9	589.300	644.100	147.300	164.300	0.500	0.500	none	0.500	0	11	91.600	338.425
152	0	1	10	644.100	699.950	147.300	164.300	0.500	0.500	0.500	0.500	0	11	91.600	338.425
152	0	1	11	699.950	734.650	147.300	164.300	0.500	none	none	0.500	0	11	91.600	338.425
152	0	2	1	143.750	205.300	164.300	181.300	none	0.500	none	0.500	0	11	91.600	338.425
152	0	2	2	205.300	260.100	164.300	181.300	none	0.500	none	0.500	0	11	91.600	338.425
152	0	2	3	260.100	315.150	164.300	181.300	none	0.500	0.500	0.500	0	11	91.600	338.425
152	0	2	4	315.150	369.950	164.300	181.300	none	0.500	0.500	0.500	0	11	91.600	338.425
152	0	2	5	369.950	424.750	164.300	181.300	none	0.500	none	0.500	0	11	91.600	338.425
152	0	2	6	424.750	479.550	164.300	181.300	none	0.500	none	0.500	0	11	91.600	338.425
152	0	2	7	479.550	534.350	164.300	181.300	none	0.500	0.500	0.500	0	11	91.600	338.425
152	0	2	8	534.350	589.300	164.300	181.300	none	0.500	none	0.500	0	11	91.600	338.425
152	0	2	9	589.300	644.100	164.300	181.300	0.500	0.500	none	0.500	0	11	91.600	338.425
152	0	2	10	644.100	699.950	164.300	181.300	0.500	0.500	0.500	0.500	0	11	91.600	338.425
152	0	2	11	699.950	734.650	164.300	181.300	none	none	none	0.500	0	11	91.600	338.425
152	0	3	1	143.750	205.300	181.300	198.050	none	0.500	none	0.500	0	11	91.600	338.425
152	0	3	2	205.300	260.100	181.300	198.050	none	0.500	none	0.500	0	11	91.600	338.425
152	0	3	3	260.100	315.150	181.300	198.050	none	0.500	0.500	0.500	0	11	91.600	338.425
152	0	3	4	315.150	369.950	181.300	198.050	none	0.500	0.500	0.500	0	11	91.600	338.425
152	0	3	5	369.950	424.750	181.300	198.050	none	0.500	none	0.500	0	11	91.600	338.425
152	0	3	6	424.750	479.550	181.300	198.050	none	0.500	none	0.500	0	11	91.600	338.425
152	0	3	7	479.550	534.350	181.300	198.050	none	0.500	0.500	0.500	0	11	91.600	338.425
152	0	3	8	534.350	589.300	181.300	198.050	none	0.500	none	0.500	0	11	91.600	338.425
152	0	3	9	589.300	734.650	181.300	338.300	none	0.500	none	0.500	0	11	91.600	338.425
152	0	4	0	57.850	143.750	198.050	231.550	none	0.500	0.500	0.500	0	11	91.600	338.425
152	0	4	1	143.750	205.300	198.050	214.800	none	0.500	none	0.500	0	11	91.600	338.425
152	0	4	2	205.300	260.100	198.050	214.800	none	0.500	none	0.500	0	11	91.600	338.425
152	0	4	3	260.100	315.150	198.050	214.800	none	0.500	0.500	0.500	0	11	91.600	338.425
152	0	4	4	315.150	369.950	198.050	214.800	none	0.500	0.500	0.500	0	11	91.600	338.425
152	0	4	5	369.950	424.750	198.050	214.800	none	0.500	none	0.500	0	11	91.600	338.425
152	0	4	6	424.750	479.550	198.050	214.800	none	0.500	none	0.500	0	11	91.600	338.425
152	0	4	7	479.550	534.350	198.050	214.800	none	0.500	0.500	0.500	0	11	91.600	338.425
152	0	4	8	534.350	589.300	198.050	214.800	none	0.500	none	0.500	0	11	91.600	338.425
152	0	5	1	143.750	205.300	214.800	231.550	none	0.500	none	0.500	0	11	91.600	338.425
152	0	5	2	205.300	260.100	214.800	231.550	none	0.500	none	0.500	0	11	91.600	338.425
152	0	5	3	260.100	315.150	214.800	231.550	none	0.500	0.500	0.500	0	11	91.600	338.425
152	0	5	4	315.150	369.950	214.800	231.550	none	0.500	0.500	0.500	0	11	91.600	338.425
152	0	5	5	369.950	424.750	214.800	231.550	none	0.500	none	0.500	0	11	91.600	338.425
152	0	5	6	424.750	479.550	214.800	231.550	none	0.500	none	0.500	0	11	91.600	338.425
152	0	5	7	479.550	534.350	214.800	231.550	none	0.500	0.500	0.500	0	11	91.600	338.425
152	0	5	8	534.350	589.300	214.800	231.550	none	0.500	none	0.500	0	11	91.600	338.425
152	0	6	0	57.850	143.750	231.550	265.300	none	0.500	0.500	0.500	0	11	91.600	338.425
152	0	6	1	143.750	205.300	231.550	248.300	none	0.500	none	0.500	0	11	91.600	338.425
152	0	6	2	205.300	260.100	231.550	248.300	none	0.500	none	0.500	0	11	91.600	338.425
152	0	6	3	260.100	315.150	231.550	248.300	none	0.500	0.500	0.500	0	11	91.600	338.425
152	0	6	4	315.150	369.950	231.550	248.300	none	0.500	0.500	0.500	0	11	91.600	338.425
152	0	6	5	369.950	424.750	231.550	248.300	none	0.500	none	0.500	0	11	91.600	338.425
152	0	6	6	424.750	479.550	231.550	248.300	none	0.500	none	0.500	0	11	91.600	338.425
152	0	6	7	479.550	534.350	231.550	248.300	none	0.500	0.500	0.500	0	11	91.600	338.425
152	0	6	8	534.350	589.300	231.550	248.300	none	0.500	none	0.500	0	11	91.600	338.425
152	0	7	1	143.750	205.300	248.300	265.300	none	0.500	none	0.500	0	11	91.600	338.425
152	0	7	2	205.300	260.100	248.300	265.300	none	0.500	none	0.500	0	11	91.600	338.425
152	0	7	3	260.100	315.150	248.300	265.300	none	0.500	0.500	0.500	0	11	91.600	338.425
152	0	7	4	315.150	369.950	248.300	265.300	none	0.500	0.500	0.500	0	11	91.600	338.425
152	0	7	5	369.950	424.750	248.300	265.300	none	0.500	none	0.500	0	11	91.600	338.425
152	0	7	6	424.750	479.550	248.300	265.300	none	0.500	none	0.500	0	11	91.600	338.425
152	0	7	7	479.550	534.350	248.300	265.300	0.500	0.500	0.500	0.500	0	11	91.600	338.425
152	0	7	8	534.350	589.300	248.300	265.300	0.500	0.500	none	0.500	0	11	91.600	338.425
152	0	8	0	57.850	143.750	265.300	289.800	none	0.500	0.500	0.500	0	11	91.600	338.425
152	0	8	1	143.750	205.300	265.300	289.800	none	0.500	none	0.500	0	11	91.600	338.425
152	0	8	2	205.300	260.100	265.300	289.800	none	0.500	none	0.500	0	11	91.600	338.425
152	0	8	3	260.100	315.150	265.300	289.800	none	0.500	0.500	0.500	0	11	91.600	338.425
152	0	8	4	315.150	369.950	265.300	289.800	none	0.500	0.500	0.500	0	11	91.600	338.425
152	0	8	5	369.950	424.750	265.300	289.800	none	0.500	none	0.500	0	11	91.600	338.425
152	0	8	6	424.750	479.550	265.300	289.800	none	0.500	none	0.500	0	11	91.600	338.425
152	0	8	7	479.550	589.300	265.300	338.300	0.500	0.500	0.500	none	0	11	91.600	338.425
152	0	9	0	57.850	143.750	289.800	314.050	none	0.500	0.500	0.500	0	11	91.600	338.425
152	0	9	1	143.750	205.300	289.800	314.050	none	0.500	none	0.500	0	11	91.600	338.425
152	0	9	2	205.300	260.100	289.800	314.050	none	0.500	none	0.500	0	11	91.600	338.425
152	0	9	3	260.100	315.150	289.800	314.050	none	0.500	0.500	0.500	0	11	91.600	338.425
152	0	9	4	315.150	369.950	289.800	314.050	none	0.500	0.500	0.500	0	11	91.600	338.425
152	0	9	5	369.950	424.750	289.800	314.050	none	0.500	none	0.500	0	11	91.600	338.425
152	0	9	6	424.750	479.550	289.800	314.050	none	0.500	none	0.500	0	11	91.600	338.425
152	0	10	0	57.850	143.750	314.050	338.300	none	0.500	0.500	0.500	0	11	91.600	338.425
152	0	10	1	143.750	205.300	314.050	338.300	none	0.500	none	0.500	0	11	91.600	338.425
152	0	10	2	205.300	260.100	314.050	338.300	none	0.500	none	0.500	0	11	91.600	338.425
152	0	10	3	260.100	315.150	314.050	338.300	none	0.500	0.500	0.500	0	11	91.600	338.425
152	0	10	4	315.150	369.950	314.050	338.300	none	0.500	0.500	0.500	0	11	91.600	338.425
152	0	10	5	369.950	424.750	314.050	338.300	none	0.500	none	0.500	0	11	91.600	338.425
152	0	10	6	424.750	479.550	314.050	338.300	none	0.500	none	0.500	0	11	91.600	338.425
153	0	0	0	57.850	143.750	94.150	149.600	0.500	none	0.500	0.500	0	11	93.900	340.725
153	0	0	1	143.750	205.300	94.150	149.600	0.500	0.500	none	0.500	0	11	93.900	340.725
153	0	0	2	205.300	260.100	94.150	149.600	0.500	0.500	none	none	0	11	93.900	340.725
153	0	0	3	260.100	315.150	94.150	149.600	0.500	0.500	0.500	0.500	0	11	93.900	340.725
153	0	0	4	315.150	369.950	94.150	149.600	0.500	0.500	0.500	none	0	11	93.900	340.725
153	0	0	5	369.950	424.750	94.150	149.600	0.500	0.500	0.500	none	0	11	93.900	340.725
153	0	0	6	424.750	479.550	94.150	149.600	0.500	0.500	0.500	none	0	11	93.900	340.725
153	0	0	7	479.550	534.350	94.150	149.600	0.500	0.500	0.500	none	0	11	93.900	340.725
153	0	0	8	534.350	589.300	94.150	149.600	0.500	0.500	0.500	none	0	11	93.900	340.725
153	0	0	9	589.300	644.100	94.150	149.600	0.500	0.500	0.500	0.500	0	11	93.900	340.725
153	0	0	10	644.100	699.950	94.150	149.600	0.500	0.500	0.500	0.500	0	11	93.900	340.725
153	0	0	11	699.950	734.650	94.150	149.600	0.500	none	none	0.500	0	11	93.900	340.725
153	0	1	0	57.850	143.750	149.600	200.350	0.500	0.500	0.500	0.500	0	11	93.900	340.725
153	0	1	1	143.750	205.300	149.600	166.600	none	0.500	none	0.500	0	11	93.900	340.725
153	0	1	2	205.300	260.100	149.600	166.600	none	0.500	none	0.500	0	11	93.900	340.725
153	0	1	3	260.100	315.150	149.600	166.600	none	0.500	0.500	0.500	0	11	93.900	340.725
153	0	1	4	315.150	369.950	149.600	166.600	none	0.500	0.500	0.500	0	11	93.900	340.725
153	0	1	5	369.950	424.750	149.600	166.600	none	0.500	none	0.500	0	11	93.900	340.725
153	0	1	6	424.750	479.550	149.600	166.600	none	0.500	none	0.500	0	11	93.900	340.725
153	0	1	7	479.550	534.350	149.600	166.600	none	0.500	0.500	0.500	0	11	93.900	340.725
153	0	1	8	534.350	589.300	149.600	166.600	none	0.500	none	0.500	0	11	93.900	340.725
153	0	1	9	589.300	644.100	149.600	166.600	0.500	0.500	none	0.500	0	11	93.900	340.725
153	0	1	10	644.100	699.950	149.600	166.600	0.500	0.500	0.500	0.500	0	11	93.900	340.725
153	0	1	11	699.950	734.650	149.600	166.600	0.500	none	none	0.500	0	11	93.900	340.725
153	0	2	1	143.750	205.300	166.600	183.600	none	0.500	none	0.500	0	11	93.900	340.725
153	0	2	2	205.300	260.100	166.600	183.600	none	0.500	none	0.500	0	11	93.900	340.725
153	0	2	3	260.100	315.150	166.600	183.600	none	0.500	0.500	0.500	0	11	93.900	340.725
153	0	2	4	315.150	369.950	166.600	183.600	none	0.500	0.500	0.500	0	11	93.900	340.725
153	0	2	5	369.950	424.750	166.600	183.600	none	0.500	none	0.500	0	11	93.900	340.725
153	0	2	6	424.750	479.550	166.600	183.600	none	0.500	none	0.500	0	11	93.900	340.725
153	0	2	7	479.550	534.350	166.600	183.600	none	0.500	0.500	0.500	0	11	93.900	340.725
153	0	2	8	534.350	589.300	166.600	183.600	none	0.500	none	0.500	0	11	93.900	340.725
153	0	2	9	589.300	644.100	166.600	183.600	0.500	0.500	none	0.500	0	11	93.900	340.725
153	0	2	10	644.100	699.950	166.600	183.600	0.500	0.500	0.500	0.500	0	11	93.900	340.725
153	0	2	11	699.950	734.650	166.600	183.600	none	none	none	0.500	0	11	93.900	340.725
153	0	3	1	143.750	205.300	183.600	200.350	none	0.500	none	0.500	0	11	93.900	340.725
153	0	3	2	205.300	260.100	183.600	200.350	none	0.500	none	0.500	0	11	93.900	340.725
153	0	3	3	260.100	315.150	183.600	200.350	none	0.500	0.500	0.500	0	11	93.900	340.725
153	0	3	4	315.150	369.950	183.600	200.350	none	0.500	0.500	0.500	0	11	93.900	340.725
153	0	3	5	369.950	424.750	183.600	200.350	none	0.500	none	0.500	0	11	93.900	340.725
153	0	3	6	424.750	479.550	183.600	200.350	none	0.500	none	0.500	0	11	93.900	340.725
153	0	3	7	479.550	534.350	183.600	200.350	none	0.500	0.500	0.500	0	11	93.900	340.725
153	0	3	8	534.350	589.300	183.600	200.350	none	0.500	none	0.500	0	11	93.900	340.725
153	0	3	9	589.300	734.650	183.600	340.600	none	0.500	none	0.500	0	11	93.900	340.725
153	0	4	0	57.850	143.750	200.350	233.850	none	0.500	0.500	0.500	0	11	93.900	340.725
153	0	4	1	143.750	205.300	200.350	217.100	none	0.500	none	0.500	0	11	93.900	340.725
153	0	4	2	205.300	260.100	200.350	217.100	none	0.500	none	0.500	0	11	93.900	340.725
153	0	4	3	260.100	315.150	200.350	217.100	none	0.500	0.500	0.500	0	11	93.900	340.725
153	0	4	4	315.150	369.950	200.350	217.100	none	0.500	0.500	0.500	0	11	93.900	340.725
153	0	4	5	369.950	424.750	200.350	217.100	none	0.500	none	0.500	0	11	93.900	340.725
153	0	4	6	424.750	479.550	200.350	217.100	none	0.500	none	0.500	0	11	93.900	340.725
153	0	4	7	479.550	534.350	200.350	217.100	none	0.500	0.500	0.500	0	11	93.900	340.725
153	0	4	8	534.350	589.300	200.350	217.100	none	0.500	none	0.500	0	11	93.900	340.725
153	0	5	1	143.750	205.300	217.100	233.850	none	0.500	none	0.500	0	11	93.900	340.725
153	0	5	2	205.300	260.100	217.100	233.850	none	0.500	none	0.500	0	11	93.900	340.725
153	0	5	3	260.100	315.150	217.100	233.850	none	0.500	0.500	0.500	0	11	93.900	340.725
153	0	5	4	315.150	369.950	217.100	233.850	none	0.500	0.500	0.500	0	11	93.900	340.725
153	0	5	5	369.950	424.750	217.100	233.850	none	0.500	none	0.500	0	11	93.900	340.725
153	0	5	6	424.750	479.550	217.100	233.850	none	0.500	none	0.500	0	11	93.900	340.725
153	0	5	7	479.550	534.350	217.100	233.850	none	0.500	0.500	0.500	0	11	93.900	340.725
153	0	5	8	534.350	589.300	217.100	233.850	none	0.500	none	0.500	0	11	93.900	340.725
153	0	6	0	57.850	143.750	233.850	267.600	none	0.500	0.500	0.500	0	11	93.900	340.725
153	0	6	1	143.750	205.300	233.850	250.600	none	0.500	none	0.500	0	11	93.900	340.725
153	0	6	2	205.300	260.100	233.850	250.600	none	0.500	none	0.500	0	11	93.900	340.725
153	0	6	3	260.100	315.150	233.850	250.600	none	0.500	0.500	0.500	0	11	93.900	340.725
153	0	6	4	315.150	369.950	233.850	250.600	none	0.500	0.500	0.500	0	11	93.900	340.725
153	0	6	5	369.950	424.750	233.850	250.600	none	0.500	none	0.500	0	11	93.900	340.725
153	0	6	6	424.750	479.550	233.850	250.600	none	0.500	none	0.500	0	11	93.900	340.725
153	0	6	7	479.550	534.350	233.850	250.600	none	0.500	0.500	0.500	0	11	93.900	340.725
153	0	6	8	534.350	589.300	233.850	250.600	none	0.500	none	0.500	0	11	93.900	340.725
153	0	7	1	143.750	205.300	250.600	267.600	none	0.500	none	0.500	0	11	93.900	340.725
153	0	7	2	205.300	260.100	250.600	267.600	none	0.500	none	0.500	0	11	93.900	340.725
153	0	7	3	260.100	315.150	250.600	267.600	none	0.500	0.500	0.500	0	11	93.900	340.725
153	0	7	4	315.150	369.950	250.600	267.600	none	0.500	0.500	0.500	0	11	93.900	340.725
153	0	7	5	369.950	424.750	250.600	267.600	none	0.500	none	0.500	0	11	93.900	340.725
153	0	7	6	424.750	479.550	250.600	267.600	none	0.500	none	0.500	0	11	93.900	340.725
153	0	7	7	479.550	534.350	250.600	267.600	0.500	0.500	0.500	0.500	0	11	93.900	340.725
153	0	7	8	534.350	589.300	250.600	267.600	0.500	0.500	none	0.500	0	11	93.900	340.725
153	0	8	0	57.850	143.750	267.600	292.100	none	0.500	0.500	0.500	0	11	93.900	340.725
153	0	8	1	143.750	205.300	267.600	292.100	none	0.500	none	0.500	0	11	93.900	340.725
153	0	8	2	205.300	260.100	267.600	292.100	none	0.500	none	0.500	0	11	93.900	340.725
153	0	8	3	260.100	315.150	267.600	292.100	none	0.500	0.500	0.500	0	11	93.900	340.725
153	0	8	4	315.150	369.950	267.600	292.100	none	0.500	0.500	0.500	0	11	93.900	340.725
153	0	8	5	369.950	424.750	267.600	292.100	none	0.500	none	0.500	0	11	93.900	340.725
153	0	8	6	424.750	479.550	267.600	292.100	none	0.500	none	0.500	0	11	93.900	340.725
153	0	8	7	479.550	589.300	267.600	340.600	0.500	0.500	0.500	none	0	11	93.900	340.725
153	0	9	0	57.850	143.750	292.100	316.350	none	0.500	0.500	0.500	0	11	93.900	340.725
153	0	9	1	143.750	205.300	292.100	316.350	none	0.500	none	0.500	0	11	93.900	340.725
153	0	9	2	205.300	260.100	292.100	316.350	none	0.500	none	0.500	0	11	93.900	340.725
153	0	9	3	260.100	315.150	292.100	316.350	none	0.500	0.500	0.500	0	11	93.900	340.725
153	0	9	4	315.150	369.950	292.100	316.350	none	0.500	0.500	0.500	0	11	93.900	340.725
153	0	9	5	369.950	424.750	292.100	316.350	none	0.500	none	0.500	0	11	93.900	340.725
153	0	9	6	424.750	479.550	292.100	316.350	none	0.500	none	0.500	0	11	93.900	340.725
153	0	10	0	57.850	143.750	316.350	340.600	none	0.500	0.500	0.500	0	11	93.900	340.725
153	0	10	1	143.750	205.300	316.350	340.600	none	0.500	none	0.500	0	11	93.900	340.725
153	0	10	2	205.300	260.100	316.350	340.600	none	0.500	none	0.500	0	11	93.900	340.725
153	0	10	3	260.100	315.150	316.350	340.600	none	0.500	0.500	0.500	0	11	93.900	340.725
153	0	10	4	315.150	369.950	316.350	340.600	none	0.500	0.500	0.500	0	11	93.900	340.725
153	0	10	5	369.950	424.750	316.350	340.600	none	0.500	none	0.500	0	11	93.900	340.725
153	0	10	6	424.750	479.550	316.350	340.600	none	0.500	none	0.500	0	11	93.900	340.725
154	0	0	0	57.850	143.750	94.150	149.600	0.500	none	0.500	0.500	0	11	93.900	340.725
154	0	0	1	143.750	205.300	94.150	149.600	0.500	0.500	none	0.500	0	11	93.900	340.725
154	0	0	2	205.300	260.100	94.150	149.600	0.500	0.500	none	none	0	11	93.900	340.725
154	0	0	3	260.100	315.150	94.150	149.600	0.500	0.500	0.500	0.500	0	11	93.900	340.725
154	0	0	4	315.150	369.950	94.150	149.600	0.500	0.500	0.500	none	0	11	93.900	340.725
154	0	0	5	369.950	424.750	94.150	149.600	0.500	0.500	0.500	none	0	11	93.900	340.725
154	0	0	6	424.750	479.550	94.150	149.600	0.500	0.500	0.500	none	0	11	93.900	340.725
154	0	0	7	479.550	534.350	94.150	149.600	0.500	0.500	0.500	none	0	11	93.900	340.725
154	0	0	8	534.350	589.300	94.150	149.600	0.500	0.500	0.500	none	0	11	93.900	340.725
154	0	0	9	589.300	644.100	94.150	149.600	0.500	0.500	0.500	0.500	0	11	93.900	340.725
154	0	0	10	644.100	699.950	94.150	149.600	0.500	0.500	0.500	0.500	0	11	93.900	340.725
154	0	0	11	699.950	734.650	94.150	149.600	0.500	none	none	0.500	0	11	93.900	340.725
154	0	1	0	57.850	143.750	149.600	200.350	0.500	0.500	0.500	0.500	0	11	93.900	340.725
154	0	1	1	143.750	205.300	149.600	166.600	none	0.500	none	0.500	0	11	93.900	340.725
154	0	1	2	205.300	260.100	149.600	166.600	none	0.500	none	0.500	0	11	93.900	340.725
154	0	1	3	260.100	315.150	149.600	166.600	none	0.500	0.500	0.500	0	11	93.900	340.725
154	0	1	4	315.150	369.950	149.600	166.600	none	0.500	0.500	0.500	0	11	93.900	340.725
154	0	1	5	369.950	424.750	149.600	166.600	none	0.500	none	0.500	0	11	93.900	340.725
154	0	1	6	424.750	479.550	149.600	166.600	none	0.500	none	0.500	0	11	93.900	340.725
154	0	1	7	479.550	534.350	149.600	166.600	none	0.500	0.500	0.500	0	11	93.900	340.725
154	0	1	8	534.350	589.300	149.600	166.600	none	0.500	none	0.500	0	11	93.900	340.725
154	0	1	9	589.300	644.100	149.600	166.600	0.500	0.500	none	0.500	0	11	93.900	340.725
154	0	1	10	644.100	699.950	149.600	166.600	0.500	0.500	0.500	0.500	0	11	93.900	340.725
154	0	1	11	699.950	734.650	149.600	166.600	0.500	none	none	0.500	0	11	93.900	340.725
154	0	2	1	143.750	205.300	166.600	183.600	none	0.500	none	0.500	0	11	93.900	340.725
154	0	2	2	205.300	260.100	166.600	183.600	none	0.500	none	0.500	0	11	93.900	340.725
154	0	2	3	260.100	315.150	166.600	183.600	none	0.500	0.500	0.500	0	11	93.900	340.725
154	0	2	4	315.150	369.950	166.600	183.600	none	0.500	0.500	0.500	0	11	93.900	340.725
154	0	2	5	369.950	424.750	166.600	183.600	none	0.500	none	0.500	0	11	93.900	340.725
154	0	2	6	424.750	479.550	166.600	183.600	none	0.500	none	0.500	0	11	93.900	340.725
154	0	2	7	479.550	534.350	166.600	183.600	none	0.500	0.500	0.500	0	11	93.900	340.725
154	0	2	8	534.350	589.300	166.600	183.600	none	0.500	none	0.500	0	11	93.900	340.725
154	0	2	9	589.300	644.100	166.600	183.600	0.500	0.500	none	0.500	0	11	93.900	340.725
154	0	2	10	644.100	699.950	166.600	183.600	0.500	0.500	0.500	0.500	0	11	93.900	340.725
154	0	2	11	699.950	734.650	166.600	183.600	none	none	none	0.500	0	11	93.900	340.725
154	0	3	1	143.750	205.300	183.600	200.350	none	0.500	none	0.500	0	11	93.900	340.725
154	0	3	2	205.300	260.100	183.600	200.350	none	0.500	none	0.500	0	11	93.900	340.725
154	0	3	3	260.100	315.150	183.600	200.350	none	0.500	0.500	0.500	0	11	93.900	340.725
154	0	3	4	315.150	369.950	183.600	200.350	none	0.500	0.500	0.500	0	11	93.900	340.725
154	0	3	5	369.950	424.750	183.600	200.350	none	0.500	none	0.500	0	11	93.900	340.725
154	0	3	6	424.750	479.550	183.600	200.350	none	0.500	none	0.500	0	11	93.900	340.725
154	0	3	7	479.550	534.350	183.600	200.350	none	0.500	0.500	0.500	0	11	93.900	340.725
154	0	3	8	534.350	589.300	183.600	200.350	none	0.500	none	0.500	0	11	93.900	340.725
154	0	3	9	589.300	734.650	183.600	340.600	none	0.500	none	0.500	0	11	93.900	340.725
154	0	4	0	57.850	143.750	200.350	233.850	none	0.500	0.500	0.500	0	11	93.900	340.725
154	0	4	1	143.750	205.300	200.350	217.100	none	0.500	none	0.500	0	11	93.900	340.725
154	0	4	2	205.300	260.100	200.350	217.100	none	0.500	none	0.500	0	11	93.900	340.725
154	0	4	3	260.100	315.150	200.350	217.100	none	0.500	0.500	0.500	0	11	93.900	340.725
154	0	4	4	315.150	369.950	200.350	217.100	none	0.500	0.500	0.500	0	11	93.900	340.725
154	0	4	5	369.950	424.750	200.350	217.100	none	0.500	none	0.500	0	11	93.900	340.725
154	0	4	6	424.750	479.550	200.350	217.100	none	0.500	none	0.500	0	11	93.900	340.725
154	0	4	7	479.550	534.350	200.350	217.100	none	0.500	0.500	0.500	0	11	93.900	340.725
154	0	4	8	534.350	589.300	200.350	217.100	none	0.500	none	0.500	0	11	93.900	340.725
154	0	5	1	143.750	205.300	217.100	233.850	none	0.500	none	0.500	0	11	93.900	340.725
154	0	5	2	205.300	260.100	217.100	233.850	none	0.500	none	0.500	0	11	93.900	340.725
154	0	5	3	260.100	315.150	217.100	233.850	none	0.500	0.500	0.500	0	11	93.900	340.725
154	0	5	4	315.150	369.950	217.100	233.850	none	0.500	0.500	0.500	0	11	93.900	340.725
154	0	5	5	369.950	424.750	217.100	233.850	none	0.500	none	0.500	0	11	93.900	340.725
154	0	5	6	424.750	479.550	217.100	233.850	none	0.500	none	0.500	0	11	93.900	340.725
154	0	5	7	479.550	534.350	217.100	233.850	none	0.500	0.500	0.500	0	11	93.900	340.725
154	0	5	8	534.350	589.300	217.100	233.850	none	0.500	none	0.500	0	11	93.900	340.725
154	0	6	0	57.850	143.750	233.850	267.600	none	0.500	0.500	0.500	0	11	93.900	340.725
154	0	6	1	143.750	205.300	233.850	250.600	none	0.500	none	0.500	0	11	93.900	340.725
154	0	6	2	205.300	260.100	233.850	250.600	none	0.500	none	0.500	0	11	93.900	340.725
154	0	6	3	260.100	315.150	233.850	250.600	none	0.500	0.500	0.500	0	11	93.900	340.725
154	0	6	4	315.150	369.950	233.850	250.600	none	0.500	0.500	0.500	0	11	93.900	340.725
154	0	6	5	369.950	424.750	233.850	250.600	none	0.500	none	0.500	0	11	93.900	340.725
154	0	6	6	424.750	479.550	233.850	250.600	none	0.500	none	0.500	0	11	93.900	340.725
154	0	6	7	479.550	534.350	233.850	250.600	none	0.500	0.500	0.500	0	11	93.900	340.725
154	0	6	8	534.350	589.300	233.850	250.600	none	0.500	none	0.500	0	11	93.900	340.725
154	0	7	1	143.750	205.300	250.600	267.600	none	0.500	none	0.500	0	11	93.900	340.725
154	0	7	2	205.300	260.100	250.600	267.600	none	0.500	none	0.500	0	11	93.900	340.725
154	0	7	3	260.100	315.150	250.600	267.600	none	0.500	0.500	0.500	0	11	93.900	340.725
154	0	7	4	315.150	369.950	250.600	267.600	none	0.500	0.500	0.500	0	11	93.900	340.725
154	0	7	5	369.950	424.750	250.600	267.600	none	0.500	none	0.500	0	11	93.900	340.725
154	0	7	6	424.750	479.550	250.600	267.600	none	0.500	none	0.500	0	11	93.900	340.725
154	0	7	7	479.550	534.350	250.600	267.600	0.500	0.500	0.500	0.500	0	11	93.900	340.725
154	0	7	8	534.350	589.300	250.600	267.600	0.500	0.500	none	0.500	0	11	93.900	340.725
154	0	8	0	57.850	143.750	267.600	292.100	none	0.500	0.500	0.500	0	11	93.900	340.725
154	0	8	1	143.750	205.300	267.600	292.100	none	0.500	none	0.500	0	11	93.900	340.725
154	0	8	2	205.300	260.100	267.600	292.100	none	0.500	none	0.500	0	11	93.900	340.725
154	0	8	3	260.100	315.150	267.600	292.100	none	0.500	0.500	0.500	0	11	93.900	340.725
154	0	8	4	315.150	369.950	267.600	292.100	none	0.500	0.500	0.500	0	11	93.900	340.725
154	0	8	5	369.950	424.750	267.600	292.100	none	0.500	none	0.500	0	11	93.900	340.725
154	0	8	6	424.750	479.550	267.600	292.100	none	0.500	none	0.500	0	11	93.900	340.725
154	0	8	7	479.550	589.300	267.600	340.600	0.500	0.500	0.500	none	0	11	93.900	340.725
154	0	9	0	57.850	143.750	292.100	316.350	none	0.500	0.500	0.500	0	11	93.900	340.725
154	0	9	1	143.750	205.300	292.100	316.350	none	0.500	none	0.500	0	11	93.900	340.725
154	0	9	2	205.300	260.100	292.100	316.350	none	0.500	none	0.500	0	11	93.900	340.725
154	0	9	3	260.100	315.150	292.100	316.350	none	0.500	0.500	0.500	0	11	93.900	340.725
154	0	9	4	315.150	369.950	292.100	316.350	none	0.500	0.500	0.500	0	11	93.900	340.725
154	0	9	5	369.950	424.750	292.100	316.350	none	0.500	none	0.500	0	11	93.900	340.725
154	0	9	6	424.750	479.550	292.100	316.350	none	0.500	none	0.500	0	11	93.900	340.725
154	0	10	0	57.850	143.750	316.350	340.600	none	0.500	0.500	0.500	0	11	93.900	340.725
154	0	10	1	143.750	205.300	316.350	340.600	none	0.500	none	0.500	0	11	93.900	340.725
154	0	10	2	205.300	260.100	316.350	340.600	none	0.500	none	0.500	0	11	93.900	340.725
154	0	10	3	260.100	315.150	316.350	340.600	none	0.500	0.500	0.500	0	11	93.900	340.725
154	0	10	4	315.150	369.950	316.350	340.600	none	0.500	0.500	0.500	0	11	93.900	340.725
154	0	10	5	369.950	424.750	316.350	340.600	none	0.500	none	0.500	0	11	93.900	340.725
154	0	10	6	424.750	479.550	316.350	340.600	none	0.500	none	0.500	0	11	93.900	340.725
155	0	0	0	57.850	143.750	94.150	149.600	0.500	none	0.500	0.500	0	11	93.900	340.725
155	0	0	1	143.750	205.300	94.150	149.600	0.500	0.500	none	0.500	0	11	93.900	340.725
155	0	0	2	205.300	260.050	94.150	149.600	0.500	0.500	none	none	0	11	93.900	340.725
155	0	0	3	260.050	315.050	94.150	149.600	0.500	0.500	0.500	0.500	0	11	93.900	340.725
155	0	0	4	315.050	369.850	94.150	149.600	0.500	0.500	0.500	none	0	11	93.900	340.725
155	0	0	5	369.850	424.650	94.150	149.600	0.500	0.500	0.500	none	0	11	93.900	340.725
155	0	0	6	424.650	479.450	94.150	149.600	0.500	0.500	0.500	none	0	11	93.900	340.725
155	0	0	7	479.450	534.250	94.150	149.600	0.500	0.500	0.500	none	0	11	93.900	340.725
155	0	0	8	534.250	589.150	94.150	149.600	0.500	0.500	0.500	none	0	11	93.900	340.725
155	0	0	9	589.150	643.950	94.150	149.600	0.500	0.500	0.500	0.500	0	11	93.900	340.725
155	0	0	10	643.950	699.550	94.150	149.600	0.500	0.500	0.500	0.500	0	11	93.900	340.725
155	0	0	11	699.550	734.650	94.150	149.600	0.500	none	none	0.500	0	11	93.900	340.725
155	0	1	0	57.850	143.750	149.600	200.350	0.500	0.500	0.500	0.500	0	11	93.900	340.725
155	0	1	1	143.750	205.300	149.600	166.600	none	0.500	none	0.500	0	11	93.900	340.725
155	0	1	2	205.300	260.050	149.600	166.600	none	0.500	none	0.500	0	11	93.900	340.725
155	0	1	3	260.050	315.050	149.600	166.600	none	0.500	0.500	0.500	0	11	93.900	340.725
155	0	1	4	315.050	369.850	149.600	166.600	none	0.500	0.500	0.500	0	11	93.900	340.725
155	0	1	5	369.850	424.650	149.600	166.600	none	0.500	none	0.500	0	11	93.900	340.725
155	0	1	6	424.650	479.450	149.600	166.600	none	0.500	none	0.500	0	11	93.900	340.725
155	0	1	7	479.450	534.250	149.600	166.600	none	0.500	0.500	0.500	0	11	93.900	340.725
155	0	1	8	534.250	589.150	149.600	166.600	none	0.500	none	0.500	0	11	93.900	340.725
155	0	1	9	589.150	643.950	149.600	166.600	0.500	0.500	none	0.500	0	11	93.900	340.725
155	0	1	10	643.950	699.550	149.600	166.600	0.500	0.500	0.500	0.500	0	11	93.900	340.725
155	0	1	11	699.550	734.650	149.600	166.600	0.500	none	none	0.500	0	11	93.900	340.725
155	0	2	1	143.750	205.300	166.600	183.600	none	0.500	none	0.500	0	11	93.900	340.725
155	0	2	2	205.300	260.050	166.600	183.600	none	0.500	none	0.500	0	11	93.900	340.725
155	0	2	3	260.050	315.050	166.600	183.600	none	0.500	0.500	0.500	0	11	93.900	340.725
155	0	2	4	315.050	369.850	166.600	183.600	none	0.500	0.500	0.500	0	11	93.900	340.725
155	0	2	5	369.850	424.650	166.600	183.600	none	0.500	none	0.500	0	11	93.900	340.725
155	0	2	6	424.650	479.450	166.600	183.600	none	0.500	none	0.500	0	11	93.900	340.725
155	0	2	7	479.450	534.250	166.600	183.600	none	0.500	0.500	0.500	0	11	93.900	340.725
155	0	2	8	534.250	589.150	166.600	183.600	none	0.500	none	0.500	0	11	93.900	340.725
155	0	2	9	589.150	643.950	166.600	183.600	0.500	0.500	none	0.500	0	11	93.900	340.725
155	0	2	10	643.950	699.550	166.600	183.600	0.500	0.500	0.500	0.500	0	11	93.900	340.725
155	0	2	11	699.550	734.650	166.600	183.600	none	none	none	0.500	0	11	93.900	340.725
155	0	3	1	143.750	205.300	183.600	200.350	none	0.500	none	0.500	0	11	93.900	340.725
155	0	3	2	205.300	260.050	183.600	200.350	none	0.500	none	0.500	0	11	93.900	340.725
155	0	3	3	260.050	315.050	183.600	200.350	none	0.500	0.500	0.500	0	11	93.900	340.725
155	0	3	4	315.050	369.850	183.600	200.350	none	0.500	0.500	0.500	0	11	93.900	340.725
155	0	3	5	369.850	424.650	183.600	200.350	none	0.500	none	0.500	0	11	93.900	340.725
155	0	3	6	424.650	479.450	183.600	200.350	none	0.500	none	0.500	0	11	93.900	340.725
155	0	3	7	479.450	534.250	183.600	200.350	none	0.500	0.500	0.500	0	11	93.900	340.725
155	0	3	8	534.250	589.150	183.600	200.350	none	0.500	none	0.500	0	11	93.900	340.725
155	0	3	9	589.150	734.650	183.600	340.600	none	0.500	none	0.500	0	11	93.900	340.725
155	0	4	0	57.850	143.750	200.350	233.850	none	0.500	0.500	0.500	0	11	93.900	340.725
155	0	4	1	143.750	205.300	200.350	217.100	none	0.500	none	0.500	0	11	93.900	340.725
155	0	4	2	205.300	260.050	200.350	217.100	none	0.500	none	0.500	0	11	93.900	340.725
155	0	4	3	260.050	315.050	200.350	217.100	none	0.500	0.500	0.500	0	11	93.900	340.725
155	0	4	4	315.050	369.850	200.350	217.100	none	0.500	0.500	0.500	0	11	93.900	340.725
155	0	4	5	369.850	424.650	200.350	217.100	none	0.500	none	0.500	0	11	93.900	340.725
155	0	4	6	424.650	479.450	200.350	217.100	none	0.500	none	0.500	0	11	93.900	340.725
155	0	4	7	479.450	534.250	200.350	217.100	none	0.500	0.500	0.500	0	11	93.900	340.725
155	0	4	8	534.250	589.150	200.350	217.100	none	0.500	none	0.500	0	11	93.900	340.725
155	0	5	1	143.750	205.300	217.100	233.850	none	0.500	none	0.500	0	11	93.900	340.725
155	0	5	2	205.300	260.050	217.100	233.850	none	0.500	none	0.500	0	11	93.900	340.725
155	0	5	3	260.050	315.050	217.100	233.850	none	0.500	0.500	0.500	0	11	93.900	340.725
155	0	5	4	315.050	369.850	217.100	233.850	none	0.500	0.500	0.500	0	11	93.900	340.725
155	0	5	5	369.850	424.650	217.100	233.850	none	0.500	none	0.500	0	11	93.900	340.725
155	0	5	6	424.650	479.450	217.100	233.850	none	0.500	none	0.500	0	11	93.900	340.725
155	0	5	7	479.450	534.250	217.100	233.850	none	0.500	0.500	0.500	0	11	93.900	340.725
155	0	5	8	534.250	589.150	217.100	233.850	none	0.500	none	0.500	0	11	93.900	340.725
155	0	6	0	57.850	143.750	233.850	267.600	none	0.500	0.500	0.500	0	11	93.900	340.725
155	0	6	1	143.750	205.300	233.850	250.600	none	0.500	none	0.500	0	11	93.900	340.725
155	0	6	2	205.300	260.050	233.850	250.600	none	0.500	none	0.500	0	11	93.900	340.725
155	0	6	3	260.050	315.050	233.850	250.600	none	0.500	0.500	0.500	0	11	93.900	340.725
155	0	6	4	315.050	369.850	233.850	250.600	none	0.500	0.500	0.500	0	11	93.900	340.725
155	0	6	5	369.850	424.650	233.850	250.600	none	0.500	none	0.500	0	11	93.900	340.725
155	0	6	6	424.650	479.450	233.850	250.600	none	0.500	none	0.500	0	11	93.900	340.725
155	0	6	7	479.450	534.250	233.850	250.600	none	0.500	0.500	0.500	0	11	93.900	340.725
155	0	6	8	534.250	589.150	233.850	250.600	none	0.500	none	0.500	0	11	93.900	340.725
155	0	7	1	143.750	205.300	250.600	267.600	none	0.500	none	0.500	0	11	93.900	340.725
155	0	7	2	205.300	260.050	250.600	267.600	none	0.500	none	0.500	0	11	93.900	340.725
155	0	7	3	260.050	315.050	250.600	267.600	none	0.500	0.500	0.500	0	11	93.900	340.725
155	0	7	4	315.050	369.850	250.600	267.600	none	0.500	0.500	0.500	0	11	93.900	340.725
155	0	7	5	369.850	424.650	250.600	267.600	none	0.500	none	0.500	0	11	93.900	340.725
155	0	7	6	424.650	479.450	250.600	267.600	none	0.500	none	0.500	0	11	93.900	340.725
155	0	7	7	479.450	534.250	250.600	267.600	0.500	0.500	0.500	0.500	0	11	93.900	340.725
155	0	7	8	534.250	589.150	250.600	267.600	0.500	0.500	none	0.500	0	11	93.900	340.725
155	0	8	0	57.850	143.750	267.600	292.100	none	0.500	0.500	0.500	0	11	93.900	340.725
155	0	8	1	143.750	205.300	267.600	292.100	none	0.500	none	0.500	0	11	93.900	340.725
155	0	8	2	205.300	260.050	267.600	292.100	none	0.500	none	0.500	0	11	93.900	340.725
155	0	8	3	260.050	315.050	267.600	292.100	none	0.500	0.500	0.500	0	11	93.900	340.725
155	0	8	4	315.050	369.850	267.600	292.100	none	0.500	0.500	0.500	0	11	93.900	340.725
155	0	8	5	369.850	424.650	267.600	292.100	none	0.500	none	0.500	0	11	93.900	340.725
155	0	8	6	424.650	479.450	267.600	292.100	none	0.500	none	0.500	0	11	93.900	340.725
155	0	8	7	479.450	589.150	267.600	340.600	0.500	0.500	0.500	none	0	11	93.900	340.725
155	0	9	0	57.850	143.750	292.100	316.350	none	0.500	0.500	0.500	0	11	93.900	340.725
155	0	9	1	143.750	205.300	292.100	316.350	none	0.500	none	0.500	0	11	93.900	340.725
155	0	9	2	205.300	260.050	292.100	316.350	none	0.500	none	0.500	0	11	93.900	340.725
155	0	9	3	260.050	315.050	292.100	316.350	none	0.500	0.500	0.500	0	11	93.900	340.725
155	0	9	4	315.050	369.850	292.100	316.350	none	0.500	0.500	0.500	0	11	93.900	340.725
155	0	9	5	369.850	424.650	292.100	316.350	none	0.500	none	0.500	0	11	93.900	340.725
155	0	9	6	424.650	479.450	292.100	316.350	none	0.500	none	0.500	0	11	93.900	340.725
155	0	10	0	57.850	143.750	316.350	340.600	none	0.500	0.500	0.500	0	11	93.900	340.725
155	0	10	1	143.750	205.300	316.350	340.600	none	0.500	none	0.500	0	11	93.900	340.725
155	0	10	2	205.300	260.050	316.350	340.600	none	0.500	none	0.500	0	11	93.900	340.725
155	0	10	3	260.050	315.050	316.350	340.600	none	0.500	0.500	0.500	0	11	93.900	340.725
155	0	10	4	315.050	369.850	316.350	340.600	none	0.500	0.500	0.500	0	11	93.900	340.725
155	0	10	5	369.850	424.650	316.350	340.600	none	0.500	none	0.500	0	11	93.900	340.725
155	0	10	6	424.650	479.450	316.350	340.600	none	0.500	none	0.500	0	11	93.900	340.725
156	0	0	0	57.850	143.750	94.150	149.600	0.500	none	0.500	0.500	0	11	93.900	340.725
156	0	0	1	143.750	205.300	94.150	149.600	0.500	0.500	none	0.500	0	11	93.900	340.725
156	0	0	2	205.300	260.100	94.150	149.600	0.500	0.500	none	none	0	11	93.900	340.725
156	0	0	3	260.100	315.150	94.150	149.600	0.500	0.500	0.500	0.500	0	11	93.900	340.725
156	0	0	4	315.150	369.950	94.150	149.600	0.500	0.500	0.500	none	0	11	93.900	340.725
156	0	0	5	369.950	424.750	94.150	149.600	0.500	0.500	0.500	none	0	11	93.900	340.725
156	0	0	6	424.750	479.550	94.150	149.600	0.500	0.500	0.500	none	0	11	93.900	340.725
156	0	0	7	479.550	534.350	94.150	149.600	0.500	0.500	0.500	none	0	11	93.900	340.725
156	0	0	8	534.350	589.300	94.150	149.600	0.500	0.500	0.500	none	0	11	93.900	340.725
156	0	0	9	589.300	644.100	94.150	149.600	0.500	0.500	0.500	0.500	0	11	93.900	340.725
156	0	0	10	644.100	699.950	94.150	149.600	0.500	0.500	0.500	0.500	0	11	93.900	340.725
156	0	0	11	699.950	734.650	94.150	149.600	0.500	none	none	0.500	0	11	93.900	340.725
156	0	1	0	57.850	143.750	149.600	200.350	0.500	0.500	0.500	0.500	0	11	93.900	340.725
156	0	1	1	143.750	205.300	149.600	166.600	none	0.500	none	0.500	0	11	93.900	340.725
156	0	1	2	205.300	260.100	149.600	166.600	none	0.500	none	0.500	0	11	93.900	340.725
156	0	1	3	260.100	315.150	149.600	166.600	none	0.500	0.500	0.500	0	11	93.900	340.725
156	0	1	4	315.150	369.950	149.600	166.600	none	0.500	0.500	0.500	0	11	93.900	340.725
156	0	1	5	369.950	424.750	149.600	166.600	none	0.500	none	0.500	0	11	93.900	340.725
156	0	1	6	424.750	479.550	149.600	166.600	none	0.500	none	0.500	0	11	93.900	340.725
156	0	1	7	479.550	534.350	149.600	166.600	none	0.500	0.500	0.500	0	11	93.900	340.725
156	0	1	8	534.350	589.300	149.600	166.600	none	0.500	none	0.500	0	11	93.900	340.725
156	0	1	9	589.300	644.100	149.600	166.600	0.500	0.500	none	0.500	0	11	93.900	340.725
156	0	1	10	644.100	699.950	149.600	166.600	0.500	0.500	0.500	0.500	0	11	93.900	340.725
156	0	1	11	699.950	734.650	149.600	166.600	0.500	none	none	0.500	0	11	93.900	340.725
156	0	2	1	143.750	205.300	166.600	183.600	none	0.500	none	0.500	0	11	93.900	340.725
156	0	2	2	205.300	260.100	166.600	183.600	none	0.500	none	0.500	0	11	93.900	340.725
156	0	2	3	260.100	315.150	166.600	183.600	none	0.500	0.500	0.500	0	11	93.900	340.725
156	0	2	4	315.150	369.950	166.600	183.600	none	0.500	0.500	0.500	0	11	93.900	340.725
156	0	2	5	369.950	424.750	166.600	183.600	none	0.500	none	0.500	0	11	93.900	340.725
156	0	2	6	424.750	479.550	166.600	183.600	none	0.500	none	0.500	0	11	93.900	340.725
156	0	2	7	479.550	534.350	166.600	183.600	none	0.500	0.500	0.500	0	11	93.900	340.725
156	0	2	8	534.350	589.300	166.600	183.600	none	0.500	none	0.500	0	11	93.900	340.725
156	0	2	9	589.300	644.100	166.600	183.600	0.500	0.500	none	0.500	0	11	93.900	340.725
156	0	2	10	644.100	699.950	166.600	183.600	0.500	0.500	0.500	0.500	0	11	93.900	340.725
156	0	2	11	699.950	734.650	166.600	183.600	none	none	none	0.500	0	11	93.900	340.725
156	0	3	1	143.750	205.300	183.600	200.350	none	0.500	none	0.500	0	11	93.900	340.725
156	0	3	2	205.300	260.100	183.600	200.350	none	0.500	none	0.500	0	11	93.900	340.725
156	0	3	3	260.100	315.150	183.600	200.350	none	0.500	0.500	0.500	0	11	93.900	340.725
156	0	3	4	315.150	369.950	183.600	200.350	none	0.500	0.500	0.500	0	11	93.900	340.725
156	0	3	5	369.950	424.750	183.600	200.350	none	0.500	none	0.500	0	11	93.900	340.725
156	0	3	6	424.750	479.550	183.600	200.350	none	0.500	none	0.500	0	11	93.900	340.725
156	0	3	7	479.550	534.350	183.600	200.350	none	0.500	0.500	0.500	0	11	93.900	340.725
156	0	3	8	534.350	589.300	183.600	200.350	none	0.500	none	0.500	0	11	93.900	340.725
156	0	3	9	589.300	734.650	183.600	340.600	none	0.500	none	0.500	0	11	93.900	340.725
156	0	4	0	57.850	143.750	200.350	233.850	none	0.500	0.500	0.500	0	11	93.900	340.725
156	0	4	1	143.750	205.300	200.350	217.100	none	0.500	none	0.500	0	11	93.900	340.725
156	0	4	2	205.300	260.100	200.350	217.100	none	0.500	none	0.500	0	11	93.900	340.725
156	0	4	3	260.100	315.150	200.350	217.100	none	0.500	0.500	0.500	0	11	93.900	340.725
156	0	4	4	315.150	369.950	200.350	217.100	none	0.500	0.500	0.500	0	11	93.900	340.725
156	0	4	5	369.950	424.750	200.350	217.100	none	0.500	none	0.500	0	11	93.900	340.725
156	0	4	6	424.750	479.550	200.350	217.100	none	0.500	none	0.500	0	11	93.900	340.725
156	0	4	7	479.550	534.350	200.350	217.100	none	0.500	0.500	0.500	0	11	93.900	340.725
156	0	4	8	534.350	589.300	200.350	217.100	none	0.500	none	0.500	0	11	93.900	340.725
156	0	5	1	143.750	205.300	217.100	233.850	none	0.500	none	0.500	0	11	93.900	340.725
156	0	5	2	205.300	260.100	217.100	233.850	none	0.500	none	0.500	0	11	93.900	340.725
156	0	5	3	260.100	315.150	217.100	233.850	none	0.500	0.500	0.500	0	11	93.900	340.725
156	0	5	4	315.150	369.950	217.100	233.850	none	0.500	0.500	0.500	0	11	93.900	340.725
156	0	5	5	369.950	424.750	217.100	233.850	none	0.500	none	0.500	0	11	93.900	340.725
156	0	5	6	424.750	479.550	217.100	233.850	none	0.500	none	0.500	0	11	93.900	340.725
156	0	5	7	479.550	534.350	217.100	233.850	none	0.500	0.500	0.500	0	11	93.900	340.725
156	0	5	8	534.350	589.300	217.100	233.850	none	0.500	none	0.500	0	11	93.900	340.725
156	0	6	0	57.850	143.750	233.850	267.600	none	0.500	0.500	0.500	0	11	93.900	340.725
156	0	6	1	143.750	205.300	233.850	250.600	none	0.500	none	0.500	0	11	93.900	340.725
156	0	6	2	205.300	260.100	233.850	250.600	none	0.500	none	0.500	0	11	93.900	340.725
156	0	6	3	260.100	315.150	233.850	250.600	none	0.500	0.500	0.500	0	11	93.900	340.725
156	0	6	4	315.150	369.950	233.850	250.600	none	0.500	0.500	0.500	0	11	93.900	340.725
156	0	6	5	369.950	424.750	233.850	250.600	none	0.500	none	0.500	0	11	93.900	340.725
156	0	6	6	424.750	479.550	233.850	250.600	none	0.500	none	0.500	0	11	93.900	340.725
156	0	6	7	479.550	534.350	233.850	250.600	none	0.500	0.500	0.500	0	11	93.900	340.725
156	0	6	8	534.350	589.300	233.850	250.600	none	0.500	none	0.500	0	11	93.900	340.725
156	0	7	1	143.750	205.300	250.600	267.600	none	0.500	none	0.500	0	11	93.900	340.725
156	0	7	2	205.300	260.100	250.600	267.600	none	0.500	none	0.500	0	11	93.900	340.725
156	0	7	3	260.100	315.150	250.600	267.600	none	0.500	0.500	0.500	0	11	93.900	340.725
156	0	7	4	315.150	369.950	250.600	267.600	none	0.500	0.500	0.500	0	11	93.900	340.725
156	0	7	5	369.950	424.750	250.600	267.600	none	0.500	none	0.500	0	11	93.900	340.725
156	0	7	6	424.750	479.550	250.600	267.600	none	0.500	none	0.500	0	11	93.900	340.725
156	0	7	7	479.550	534.350	250.600	267.600	0.500	0.500	0.500	0.500	0	11	93.900	340.725
156	0	7	8	534.350	589.300	250.600	267.600	0.500	0.500	none	0.500	0	11	93.900	340.725
156	0	8	0	57.850	143.750	267.600	292.100	none	0.500	0.500	0.500	0	11	93.900	340.725
156	0	8	1	143.750	205.300	267.600	292.100	none	0.500	none	0.500	0	11	93.900	340.725
156	0	8	2	205.300	260.100	267.600	292.100	none	0.500	none	0.500	0	11	93.900	340.725
156	0	8	3	260.100	315.150	267.600	292.100	none	0.500	0.500	0.500	0	11	93.900	340.725
156	0	8	4	315.150	369.950	267.600	292.100	none	0.500	0.500	0.500	0	11	93.900	340.725
156	0	8	5	369.950	424.750	267.600	292.100	none	0.500	none	0.500	0	11	93.900	340.725
156	0	8	6	424.750	479.550	267.600	292.100	none	0.500	none	0.500	0	11	93.900	340.725
156	0	8	7	479.550	589.300	267.600	340.600	0.500	0.500	0.500	none	0	11	93.900	340.725
156	0	9	0	57.850	143.750	292.100	316.350	none	0.500	0.500	0.500	0	11	93.900	340.725
156	0	9	1	143.750	205.300	292.100	316.350	none	0.500	none	0.500	0	11	93.900	340.725
156	0	9	2	205.300	260.100	292.100	316.350	none	0.500	none	0.500	0	11	93.900	340.725
156	0	9	3	260.100	315.150	292.100	316.350	none	0.500	0.500	0.500	0	11	93.900	340.725
156	0	9	4	315.150	369.950	292.100	316.350	none	0.500	0.500	0.500	0	11	93.900	340.725
156	0	9	5	369.950	424.750	292.100	316.350	none	0.500	none	0.500	0	11	93.900	340.725
156	0	9	6	424.750	479.550	292.100	316.350	none	0.500	none	0.500	0	11	93.900	340.725
156	0	10	0	57.850	143.750	316.350	340.600	none	0.500	0.500	0.500	0	11	93.900	340.725
156	0	10	1	143.750	205.300	316.350	340.600	none	0.500	none	0.500	0	11	93.900	340.725
156	0	10	2	205.300	260.100	316.350	340.600	none	0.500	none	0.500	0	11	93.900	340.725
156	0	10	3	260.100	315.150	316.350	340.600	none	0.500	0.500	0.500	0	11	93.900	340.725
156	0	10	4	315.150	369.950	316.350	340.600	none	0.500	0.500	0.500	0	11	93.900	340.725
156	0	10	5	369.950	424.750	316.350	340.600	none	0.500	none	0.500	0	11	93.900	340.725
156	0	10	6	424.750	479.550	316.350	340.600	none	0.500	none	0.500	0	11	93.900	340.725
157	0	0	0	57.850	143.750	94.150	149.600	0.500	none	0.500	0.500	0	11	93.900	340.725
157	0	0	1	143.750	205.300	94.150	149.600	0.500	0.500	none	0.500	0	11	93.900	340.725
157	0	0	2	205.300	260.050	94.150	149.600	0.500	0.500	none	none	0	11	93.900	340.725
157	0	0	3	260.050	315.050	94.150	149.600	0.500	0.500	0.500	0.500	0	11	93.900	340.725
157	0	0	4	315.050	369.850	94.150	149.600	0.500	0.500	0.500	none	0	11	93.900	340.725
157	0	0	5	369.850	424.650	94.150	149.600	0.500	0.500	0.500	none	0	11	93.900	340.725
157	0	0	6	424.650	479.450	94.150	149.600	0.500	0.500	0.500	none	0	11	93.900	340.725
157	0	0	7	479.450	534.250	94.150	149.600	0.500	0.500	0.500	none	0	11	93.900	340.725
157	0	0	8	534.250	589.150	94.150	149.600	0.500	0.500	0.500	none	0	11	93.900	340.725
157	0	0	9	589.150	643.950	94.150	149.600	0.500	0.500	0.500	0.500	0	11	93.900	340.725
157	0	0	10	643.950	699.550	94.150	149.600	0.500	0.500	0.500	0.500	0	11	93.900	340.725
157	0	0	11	699.550	734.650	94.150	149.600	0.500	none	none	0.500	0	11	93.900	340.725
157	0	1	0	57.850	143.750	149.600	200.350	0.500	0.500	0.500	0.500	0	11	93.900	340.725
157	0	1	1	143.750	205.300	149.600	166.600	none	0.500	none	0.500	0	11	93.900	340.725
157	0	1	2	205.300	260.050	149.600	166.600	none	0.500	none	0.500	0	11	93.900	340.725
157	0	1	3	260.050	315.050	149.600	166.600	none	0.500	0.500	0.500	0	11	93.900	340.725
157	0	1	4	315.050	369.850	149.600	166.600	none	0.500	0.500	0.500	0	11	93.900	340.725
157	0	1	5	369.850	424.650	149.600	166.600	none	0.500	none	0.500	0	11	93.900	340.725
157	0	1	6	424.650	479.450	149.600	166.600	none	0.500	none	0.500	0	11	93.900	340.725
157	0	1	7	479.450	534.250	149.600	166.600	none	0.500	0.500	0.500	0	11	93.900	340.725
157	0	1	8	534.250	589.150	149.600	166.600	none	0.500	none	0.500	0	11	93.900	340.725
157	0	1	9	589.150	643.950	149.600	166.600	0.500	0.500	none	0.500	0	11	93.900	340.725
157	0	1	10	643.950	699.550	149.600	166.600	0.500	0.500	0.500	0.500	0	11	93.900	340.725
157	0	1	11	699.550	734.650	149.600	166.600	0.500	none	none	0.500	0	11	93.900	340.725
157	0	2	1	143.750	205.300	166.600	183.600	none	0.500	none	0.500	0	11	93.900	340.725
157	0	2	2	205.300	260.050	166.600	183.600	none	0.500	none	0.500	0	11	93.900	340.725
157	0	2	3	260.050	315.050	166.600	183.600	none	0.500	0.500	0.500	0	11	93.900	340.725
157	0	2	4	315.050	369.850	166.600	183.600	none	0.500	0.500	0.500	0	11	93.900	340.725
157	0	2	5	369.850	424.650	166.600	183.600	none	0.500	none	0.500	0	11	93.900	340.725
157	0	2	6	424.650	479.450	166.600	183.600	none	0.500	none	0.500	0	11	93.900	340.725
157	0	2	7	479.450	534.250	166.600	183.600	none	0.500	0.500	0.500	0	11	93.900	340.725
157	0	2	8	534.250	589.150	166.600	183.600	none	0.500	none	0.500	0	11	93.900	340.725
157	0	2	9	589.150	643.950	166.600	183.600	0.500	0.500	none	0.500	0	11	93.900	340.725
157	0	2	10	643.950	699.550	166.600	183.600	0.500	0.500	0.500	0.500	0	11	93.900	340.725
157	0	2	11	699.550	734.650	166.600	183.600	none	none	none	0.500	0	11	93.900	340.725
157	0	3	1	143.750	205.300	183.600	200.350	none	0.500	none	0.500	0	11	93.900	340.725
157	0	3	2	205.300	260.050	183.600	200.350	none	0.500	none	0.500	0	11	93.900	340.725
157	0	3	3	260.050	315.050	183.600	200.350	none	0.500	0.500	0.500	0	11	93.900	340.725
157	0	3	4	315.050	369.850	183.600	200.350	none	0.500	0.500	0.500	0	11	93.900	340.725
157	0	3	5	369.850	424.650	183.600	200.350	none	0.500	none	0.500	0	11	93.900	340.725
157	0	3	6	424.650	479.450	183.600	200.350	none	0.500	none	0.500	0	11	93.900	340.725
157	0	3	7	479.450	534.250	183.600	200.350	none	0.500	0.500	0.500	0	11	93.900	340.725
157	0	3	8	534.250	589.150	183.600	200.350	none	0.500	none	0.500	0	11	93.900	340.725
157	0	3	9	589.150	734.650	183.600	340.600	none	0.500	none	0.500	0	11	93.900	340.725
157	0	4	0	57.850	143.750	200.350	233.850	none	0.500	0.500	0.500	0	11	93.900	340.725
157	0	4	1	143.750	205.300	200.350	217.100	none	0.500	none	0.500	0	11	93.900	340.725
157	0	4	2	205.300	260.050	200.350	217.100	none	0.500	none	0.500	0	11	93.900	340.725
157	0	4	3	260.050	315.050	200.350	217.100	none	0.500	0.500	0.500	0	11	93.900	340.725
157	0	4	4	315.050	369.850	200.350	217.100	none	0.500	0.500	0.500	0	11	93.900	340.725
157	0	4	5	369.850	424.650	200.350	217.100	none	0.500	none	0.500	0	11	93.900	340.725
157	0	4	6	424.650	479.450	200.350	217.100	none	0.500	none	0.500	0	11	93.900	340.725
157	0	4	7	479.450	534.250	200.350	217.100	none	0.500	0.500	0.500	0	11	93.900	340.725
157	0	4	8	534.250	589.150	200.350	217.100	none	0.500	none	0.500	0	11	93.900	340.725
157	0	5	1	143.750	205.300	217.100	233.850	none	0.500	none	0.500	0	11	93.900	340.725
157	0	5	2	205.300	260.050	217.100	233.850	none	0.500	none	0.500	0	11	93.900	340.725
157	0	5	3	260.050	315.050	217.100	233.850	none	0.500	0.500	0.500	0	11	93.900	340.725
157	0	5	4	315.050	369.850	217.100	233.850	none	0.500	0.500	0.500	0	11	93.900	340.725
157	0	5	5	369.850	424.650	217.100	233.850	none	0.500	none	0.500	0	11	93.900	340.725
157	0	5	6	424.650	479.450	217.100	233.850	none	0.500	none	0.500	0	11	93.900	340.725
157	0	5	7	479.450	534.250	217.100	233.850	none	0.500	0.500	0.500	0	11	93.900	340.725
157	0	5	8	534.250	589.150	217.100	233.850	none	0.500	none	0.500	0	11	93.900	340.725
157	0	6	0	57.850	143.750	233.850	267.600	none	0.500	0.500	0.500	0	11	93.900	340.725
157	0	6	1	143.750	205.300	233.850	250.600	none	0.500	none	0.500	0	11	93.900	340.725
157	0	6	2	205.300	260.050	233.850	250.600	none	0.500	none	0.500	0	11	93.900	340.725
157	0	6	3	260.050	315.050	233.850	250.600	none	0.500	0.500	0.500	0	11	93.900	340.725
157	0	6	4	315.050	369.850	233.850	250.600	none	0.500	0.500	0.500	0	11	93.900	340.725
157	0	6	5	369.850	424.650	233.850	250.600	none	0.500	none	0.500	0	11	93.900	340.725
157	0	6	6	424.650	479.450	233.850	250.600	none	0.500	none	0.500	0	11	93.900	340.725
157	0	6	7	479.450	534.250	233.850	250.600	none	0.500	0.500	0.500	0	11	93.900	340.725
157	0	6	8	534.250	589.150	233.850	250.600	none	0.500	none	0.500	0	11	93.900	340.725
157	0	7	1	143.750	205.300	250.600	267.600	none	0.500	none	0.500	0	11	93.900	340.725
157	0	7	2	205.300	260.050	250.600	267.600	none	0.500	none	0.500	0	11	93.900	340.725
157	0	7	3	260.050	315.050	250.600	267.600	none	0.500	0.500	0.500	0	11	93.900	340.725
157	0	7	4	315.050	369.850	250.600	267.600	none	0.500	0.500	0.500	0	11	93.900	340.725
157	0	7	5	369.850	424.650	250.600	267.600	none	0.500	none	0.500	0	11	93.900	340.725
157	0	7	6	424.650	479.450	250.600	267.600	none	0.500	none	0.500	0	11	93.900	340.725
157	0	7	7	479.450	534.250	250.600	267.600	0.500	0.500	0.500	0.500	0	11	93.900	340.725
157	0	7	8	534.250	589.150	250.600	267.600	0.500	0.500	none	0.500	0	11	93.900	340.725
157	0	8	0	57.850	143.750	267.600	292.100	none	0.500	0.500	0.500	0	11	93.900	340.725
157	0	8	1	143.750	205.300	267.600	292.100	none	0.500	none	0.500	0	11	93.900	340.725
157	0	8	2	205.300	260.050	267.600	292.100	none	0.500	none	0.500	0	11	93.900	340.725
157	0	8	3	260.050	315.050	267.600	292.100	none	0.500	0.500	0.500	0	11	93.900	340.725
157	0	8	4	315.050	369.850	267.600	292.100	none	0.500	0.500	0.500	0	11	93.900	340.725
157	0	8	5	369.850	424.650	267.600	292.100	none	0.500	none	0.500	0	11	93.900	340.725
157	0	8	6	424.650	479.450	267.600	292.100	none	0.500	none	0.500	0	11	93.900	340.725
157	0	8	7	479.450	589.150	267.600	340.600	0.500	0.500	0.500	none	0	11	93.900	340.725
157	0	9	0	57.850	143.750	292.100	316.350	none	0.500	0.500	0.500	0	11	93.900	340.725
157	0	9	1	143.750	205.300	292.100	316.350	none	0.500	none	0.500	0	11	93.900	340.725
157	0	9	2	205.300	260.050	292.100	316.350	none	0.500	none	0.500	0	11	93.900	340.725
157	0	9	3	260.050	315.050	292.100	316.350	none	0.500	0.500	0.500	0	11	93.900	340.725
157	0	9	4	315.050	369.850	292.100	316.350	none	0.500	0.500	0.500	0	11	93.900	340.725
157	0	9	5	369.850	424.650	292.100	316.350	none	0.500	none	0.500	0	11	93.900	340.725
157	0	9	6	424.650	479.450	292.100	316.350	none	0.500	none	0.500	0	11	93.900	340.725
157	0	10	0	57.850	143.750	316.350	340.600	none	0.500	0.500	0.500	0	11	93.900	340.725
157	0	10	1	143.750	205.300	316.350	340.600	none	0.500	none	0.500	0	11	93.900	340.725
157	0	10	2	205.300	260.050	316.350	340.600	none	0.500	none	0.500	0	11	93.900	340.725
157	0	10	3	260.050	315.050	316.350	340.600	none	0.500	0.500	0.500	0	11	93.900	340.725
157	0	10	4	315.050	369.850	316.350	340.600	none	0.500	0.500	0.500	0	11	93.900	340.725
157	0	10	5	369.850	424.650	316.350	340.600	none	0.500	none	0.500	0	11	93.900	340.725
157	0	10	6	424.650	479.450	316.350	340.600	none	0.500	none	0.500	0	11	93.900	340.725
159	0	0	0	57.600	249.550	79.125	136.625	0.750	0.750	0.750	0.750	0	9	78.750	396.850
159	0	0	1	249.550	554.400	79.125	100.725	0.750	0.750	0.750	0.750	0	9	78.750	396.850
159	0	1	1	249.550	325.850	100.725	136.625	0.750	0.750	0.750	0.750	0	9	78.750	396.850
159	0	1	2	325.850	403.600	100.725	136.625	0.750	0.750	0.750	0.750	0	9	78.750	396.850
159	0	1	3	403.600	481.350	100.725	136.625	0.750	0.750	0.750	0.750	0	9	78.750	396.850
159	0	1	4	481.350	554.400	100.725	136.625	0.750	0.750	0.750	0.750	0	9	78.750	396.850
159	0	2	0	57.600	249.550	136.625	171.575	0.750	0.750	0.750	0.750	0	9	78.750	396.850
159	0	2	1	249.550	325.850	136.625	171.575	0.750	0.750	0.750	0.750	0	9	78.750	396.850
159	0	2	2	325.850	403.600	136.625	171.575	0.750	0.750	0.750	0.750	0	9	78.750	396.850
159	0	2	3	403.600	481.350	136.625	171.575	0.750	0.750	0.750	0.750	0	9	78.750	396.850
159	0	2	4	481.350	554.400	136.625	396.475	0.750	0.750	0.750	0.750	0	9	78.750	396.850
159	0	3	0	57.600	249.550	171.575	206.925	0.750	0.750	0.750	0.750	0	9	78.750	396.850
159	0	3	1	249.550	325.850	171.575	206.925	0.750	0.750	0.750	0.750	0	9	78.750	396.850
159	0	3	2	325.850	403.600	171.575	206.925	0.750	0.750	0.750	0.750	0	9	78.750	396.850
159	0	3	3	403.600	481.350	171.575	206.925	0.750	0.750	0.750	0.750	0	9	78.750	396.850
159	0	4	0	57.600	249.550	206.925	250.175	0.750	0.750	0.750	0.750	0	9	78.750	396.850
159	0	4	1	249.550	325.850	206.925	250.175	0.750	0.750	0.750	0.750	0	9	78.750	396.850
159	0	4	2	325.850	403.600	206.925	250.175	0.750	0.750	0.750	0.750	0	9	78.750	396.850
159	0	4	3	403.600	481.350	206.925	250.175	0.750	0.750	0.750	0.750	0	9	78.750	396.850
159	0	5	0	57.600	249.550	250.175	291.225	0.750	0.750	0.750	0.750	0	9	78.750	396.850
159	0	5	1	249.550	325.850	250.175	291.225	0.750	0.750	0.750	0.750	0	9	78.750	396.850
159	0	5	2	325.850	481.350	250.175	291.225	0.750	0.750	0.750	none	0	9	78.750	396.850
159	0	6	0	57.600	249.550	291.225	325.325	0.750	0.750	0.750	0.750	0	9	78.750	396.850
159	0	6	1	249.550	325.850	291.225	325.325	0.750	0.750	0.750	0.750	0	9	78.750	396.850
159	0	6	2	325.850	403.600	291.225	325.325	0.750	0.750	0.750	0.750	0	9	78.750	396.850
159	0	6	3	403.600	481.350	291.225	325.325	0.750	0.750	0.750	0.500	0	9	78.750	396.850
159	0	7	0	57.600	249.550	325.325	360.625	0.750	0.750	0.750	0.750	0	9	78.750	396.850
159	0	7	1	249.550	325.850	325.325	360.625	0.750	0.750	0.750	0.750	0	9	78.750	396.850
159	0	7	2	325.850	481.350	325.325	360.625	0.750	0.750	0.750	none	0	9	78.750	396.850
159	0	8	0	57.600	249.550	360.625	396.475	0.750	0.750	0.750	0.750	0	9	78.750	396.850
159	0	8	1	249.550	325.850	360.625	396.475	0.750	0.750	0.750	0.750	0	9	78.750	396.850
159	0	8	2	325.850	403.600	360.625	396.475	0.750	0.750	0.750	0.750	0	9	78.750	396.850
159	0	8	3	403.600	481.350	360.625	396.475	0.750	0.750	0.750	0.500	0	9	78.750	396.850
160	0	0	0	60.100	236.850	92.275	143.275	0.750	0.750	0.750	0.750	0	15	91.900	634.550
160	0	0	1	236.850	551.900	92.275	109.275	0.750	0.750	0.750	0.750	0	15	91.900	634.550
160	0	1	1	236.850	298.500	109.275	143.275	0.750	0.750	0.750	0.750	0	15	91.900	634.550
160	0	1	2	298.500	363.100	109.275	143.275	0.750	0.750	0.750	0.750	0	15	91.900	634.550
160	0	1	3	363.100	430.150	109.275	143.275	0.750	0.750	0.750	0.750	0	15	91.900	634.550
160	0	1	4	430.150	492.300	109.275	143.275	0.750	0.750	0.750	0.750	0	15	91.900	634.550
160	0	1	5	492.300	551.900	109.275	143.275	0.750	0.750	0.750	0.750	0	15	91.900	634.550
160	0	2	0	60.100	236.850	143.275	178.025	0.750	0.750	0.750	0.750	0	15	91.900	634.550
160	0	2	1	236.850	298.500	143.275	178.025	0.750	0.750	0.750	0.750	0	15	91.900	634.550
160	0	2	2	298.500	363.100	143.275	178.025	0.750	0.750	0.750	0.750	0	15	91.900	634.550
160	0	2	3	363.100	430.150	143.275	178.025	0.750	0.750	0.750	0.750	0	15	91.900	634.550
160	0	2	4	430.150	492.300	143.275	178.025	0.750	0.750	0.750	0.750	0	15	91.900	634.550
160	0	2	5	492.300	551.900	143.275	178.025	0.750	0.750	0.750	0.750	0	15	91.900	634.550
160	0	3	0	60.100	236.850	178.025	212.775	0.750	0.750	0.750	0.750	0	15	91.900	634.550
160	0	3	1	236.850	298.500	178.025	212.775	0.750	0.750	0.750	0.750	0	15	91.900	634.550
160	0	3	2	298.500	363.100	178.025	212.775	0.750	0.750	0.750	0.750	0	15	91.900	634.550
160	0	3	3	363.100	430.150	178.025	212.775	0.500	0.500	0.750	0.750	0	15	91.900	634.550
160	0	3	4	430.150	492.300	178.025	212.775	0.750	0.750	0.750	0.750	0	15	91.900	634.550
160	0	3	5	492.300	551.900	178.025	212.775	0.750	none	0.750	0.750	0	15	91.900	634.550
160	0	4	0	60.100	236.850	212.775	253.775	0.750	0.750	0.750	0.750	0	15	91.900	634.550
160	0	4	1	236.850	298.500	212.775	253.775	0.750	0.750	0.750	0.750	0	15	91.900	634.550
160	0	4	2	298.500	363.100	212.775	253.775	0.750	0.750	0.750	0.750	0	15	91.900	634.550
160	0	4	3	363.100	430.150	212.775	253.775	0.750	0.750	0.750	0.750	0	15	91.900	634.550
160	0	4	4	430.150	551.900	212.775	448.075	none	0.750	0.750	0.500	0	15	91.900	634.550
160	0	5	0	60.100	236.850	253.775	288.525	0.750	0.750	0.750	0.750	0	15	91.900	634.550
160	0	5	1	236.850	298.500	253.775	288.525	0.750	0.750	0.750	0.750	0	15	91.900	634.550
160	0	5	2	298.500	430.150	253.775	288.525	0.750	0.750	0.750	none	0	15	91.900	634.550
160	0	6	0	60.100	236.850	288.525	323.275	0.750	0.750	0.750	0.750	0	15	91.900	634.550
160	0	6	1	236.850	298.500	288.525	323.275	0.750	0.750	0.750	0.750	0	15	91.900	634.550
160	0	6	2	298.500	363.100	288.525	323.275	0.750	0.750	0.750	0.750	0	15	91.900	634.550
160	0	6	3	363.100	430.150	288.525	323.275	0.750	0.750	0.750	0.750	0	15	91.900	634.550
160	0	7	0	60.100	236.850	323.275	358.025	0.750	0.750	0.750	0.750	0	15	91.900	634.550
160	0	7	1	236.850	298.500	323.275	358.025	0.750	0.750	0.750	0.750	0	15	91.900	634.550
160	0	7	2	298.500	430.150	323.275	358.025	0.750	none	0.750	none	0	15	91.900	634.550
160	0	8	0	60.100	236.850	358.025	408.225	0.750	0.750	0.750	0.750	0	15	91.900	634.550
160	0	8	1	236.850	298.500	358.025	408.225	0.750	0.750	0.750	0.750	0	15	91.900	634.550
160	0	8	2	298.500	363.100	358.025	408.225	0.750	0.750	0.750	0.750	0	15	91.900	634.550
160	0	8	3	363.100	430.150	358.025	408.225	none	none	0.750	none	0	15	91.900	634.550
160	0	9	0	60.100	236.850	408.225	448.075	0.750	0.750	0.750	0.750	0	15	91.900	634.550
160	0	9	1	236.850	298.500	408.225	448.075	0.750	0.750	0.750	0.750	0	15	91.900	634.550
160	0	9	2	298.500	430.150	408.225	448.075	none	0.750	0.750	none	0	15	91.900	634.550
160	0	10	0	60.100	236.850	448.075	482.675	none	0.750	0.750	0.750	0	15	91.900	634.550
160	0	10	1	236.850	298.500	448.075	482.675	none	0.750	0.750	0.750	0	15	91.900	634.550
160	0	10	2	298.500	363.100	448.075	482.675	0.750	0.750	0.750	0.500	0	15	91.900	634.550
160	0	10	3	363.100	430.150	448.075	482.675	0.750	0.500	0.500	0.500	0	15	91.900	634.550
160	0	10	4	430.150	492.300	448.075	482.675	0.750	0.750	0.500	0.750	0	15	91.900	634.550
160	0	10	5	492.300	551.900	448.075	482.675	0.750	0.750	0.750	0.750	0	15	91.900	634.550
160	0	11	0	60.100	236.850	482.675	517.425	0.750	0.750	0.750	0.750	0	15	91.900	634.550
160	0	11	1	236.850	298.500	482.675	517.425	0.750	0.750	0.750	0.750	0	15	91.900	634.550
160	0	11	2	298.500	363.100	482.675	517.425	0.750	0.750	0.750	0.750	0	15	91.900	634.550
160	0	11	3	363.100	430.150	482.675	517.425	0.500	0.750	0.750	0.750	0	15	91.900	634.550
160	0	11	4	430.150	492.300	482.675	517.425	0.750	0.750	0.750	0.750	0	15	91.900	634.550
160	0	11	5	492.300	551.900	482.675	517.425	0.750	none	0.750	0.750	0	15	91.900	634.550
160	0	12	0	60.100	236.850	517.425	558.425	0.750	0.750	0.750	0.750	0	15	91.900	634.550
160	0	12	1	236.850	298.500	517.425	558.425	0.750	0.750	0.750	0.750	0	15	91.900	634.550
160	0	12	2	298.500	363.100	517.425	558.425	0.750	0.750	0.750	0.750	0	15	91.900	634.550
160	0	12	3	363.100	430.150	517.425	558.425	0.750	0.750	0.750	0.750	0	15	91.900	634.550
160	0	12	4	430.150	492.300	517.425	558.425	none	none	0.750	none	0	15	91.900	634.550
160	0	12	5	492.300	551.900	517.425	558.425	none	none	none	0.750	0	15	91.900	634.550
160	0	13	0	60.100	236.850	558.425	599.425	0.750	0.750	0.750	0.750	0	15	91.900	634.550
160	0	13	1	236.850	298.500	558.425	599.425	0.750	0.750	0.750	0.750	0	15	91.900	634.550
160	0	13	2	298.500	551.900	558.425	634.175	none	0.750	0.750	0.750	0	15	91.900	634.550
160	0	14	0	60.100	236.850	599.425	634.175	0.750	0.750	0.750	0.750	0	15	91.900	634.550
160	0	14	1	236.850	298.500	599.425	634.175	0.750	0.750	0.750	0.750	0	15	91.900	634.550
162	0	0	0	57.600	233.650	94.275	150.825	0.750	0.750	0.750	0.750	0	15	93.900	642.250
162	0	0	1	233.650	554.400	94.275	111.275	0.750	0.750	0.750	0.750	0	15	93.900	642.250
162	0	1	1	233.650	294.150	111.275	150.825	0.750	0.750	0.750	0.750	0	15	93.900	642.250
162	0	1	2	294.150	357.100	111.275	150.825	0.750	0.750	0.750	0.750	0	15	93.900	642.250
162	0	1	3	357.100	426.100	111.275	150.825	0.750	0.750	0.750	0.750	0	15	93.900	642.250
162	0	1	4	426.100	491.250	111.275	150.825	0.750	0.750	0.750	0.750	0	15	93.900	642.250
162	0	1	5	491.250	554.400	111.275	150.825	0.750	0.750	0.750	0.750	0	15	93.900	642.250
162	0	2	0	57.600	233.650	150.825	185.575	0.750	0.750	0.750	0.750	0	15	93.900	642.250
162	0	2	1	233.650	294.150	150.825	185.575	0.750	0.750	0.750	0.750	0	15	93.900	642.250
162	0	2	2	294.150	357.100	150.825	185.575	0.750	0.750	0.750	0.750	0	15	93.900	642.250
162	0	2	3	357.100	426.100	150.825	185.575	0.750	0.750	0.750	0.750	0	15	93.900	642.250
162	0	2	4	426.100	491.250	150.825	185.575	0.750	0.750	0.750	0.750	0	15	93.900	642.250
162	0	2	5	491.250	554.400	150.825	185.575	0.750	0.750	0.750	0.750	0	15	93.900	642.250
162	0	3	0	57.600	233.650	185.575	220.325	0.750	0.750	0.750	0.750	0	15	93.900	642.250
162	0	3	1	233.650	294.150	185.575	220.325	0.750	0.750	0.750	0.750	0	15	93.900	642.250
162	0	3	2	294.150	357.100	185.575	220.325	0.750	0.750	0.750	0.750	0	15	93.900	642.250
162	0	3	3	357.100	426.100	185.575	220.325	0.500	0.500	0.750	0.750	0	15	93.900	642.250
162	0	3	4	426.100	491.250	185.575	220.325	0.750	0.750	0.750	0.750	0	15	93.900	642.250
162	0	3	5	491.250	554.400	185.575	220.325	0.750	none	0.750	0.750	0	15	93.900	642.250
162	0	4	0	57.600	233.650	220.325	261.325	0.750	0.750	0.750	0.750	0	15	93.900	642.250
162	0	4	1	233.650	294.150	220.325	261.325	0.750	0.750	0.750	0.750	0	15	93.900	642.250
162	0	4	2	294.150	357.100	220.325	261.325	0.750	0.750	0.750	0.750	0	15	93.900	642.250
162	0	4	3	357.100	426.100	220.325	261.325	0.750	0.750	0.750	0.750	0	15	93.900	642.250
162	0	4	4	426.100	554.400	220.325	455.625	none	none	0.750	0.750	0	15	93.900	642.250
162	0	5	0	57.600	233.650	261.325	296.075	0.750	0.750	0.750	0.750	0	15	93.900	642.250
162	0	5	1	233.650	294.150	261.325	296.075	0.750	0.750	0.750	0.750	0	15	93.900	642.250
162	0	5	2	294.150	426.100	261.325	296.075	0.750	0.750	0.750	none	0	15	93.900	642.250
162	0	6	0	57.600	233.650	296.075	330.825	0.750	0.750	0.750	0.750	0	15	93.900	642.250
162	0	6	1	233.650	294.150	296.075	330.825	0.750	0.750	0.750	0.750	0	15	93.900	642.250
162	0	6	2	294.150	357.100	296.075	330.825	0.750	0.750	0.750	0.750	0	15	93.900	642.250
162	0	6	3	357.100	426.100	296.075	330.825	0.750	0.750	0.750	0.750	0	15	93.900	642.250
162	0	7	0	57.600	233.650	330.825	365.575	0.750	0.750	0.750	0.750	0	15	93.900	642.250
162	0	7	1	233.650	294.150	330.825	365.575	0.750	0.750	0.750	0.750	0	15	93.900	642.250
162	0	7	2	294.150	357.100	330.825	365.575	0.750	0.750	0.750	none	0	15	93.900	642.250
162	0	7	3	357.100	426.100	330.825	455.625	0.750	none	none	none	0	15	93.900	642.250
162	0	8	0	57.600	233.650	365.575	415.775	0.750	0.750	0.750	0.750	0	15	93.900	642.250
162	0	8	1	233.650	294.150	365.575	415.775	0.750	0.750	0.750	0.750	0	15	93.900	642.250
162	0	8	2	294.150	357.100	365.575	415.775	0.750	0.750	0.750	0.750	0	15	93.900	642.250
162	0	9	0	57.600	233.650	415.775	455.625	0.750	0.750	0.750	0.750	0	15	93.900	642.250
162	0	9	1	233.650	294.150	415.775	455.625	0.750	0.750	0.750	0.750	0	15	93.900	642.250
162	0	9	2	294.150	357.100	415.775	455.625	0.750	0.750	0.750	none	0	15	93.900	642.250
162	0	10	0	57.600	233.650	455.625	490.375	0.750	0.750	0.750	0.750	0	15	93.900	642.250
162	0	10	1	233.650	294.150	455.625	490.375	0.750	0.750	0.750	0.750	0	15	93.900	642.250
162	0	10	2	294.150	357.100	455.625	490.375	0.750	0.750	0.750	0.750	0	15	93.900	642.250
162	0	10	3	357.100	426.100	455.625	490.375	0.750	0.750	0.750	0.750	0	15	93.900	642.250
162	0	10	4	426.100	491.250	455.625	490.375	0.750	0.750	0.750	0.750	0	15	93.900	642.250
162	0	10	5	491.250	554.400	455.625	490.375	none	none	0.750	0.750	0	15	93.900	642.250
162	0	11	0	57.600	233.650	490.375	525.125	0.750	0.750	0.750	0.750	0	15	93.900	642.250
162	0	11	1	233.650	294.150	490.375	525.125	0.750	0.750	0.750	0.750	0	15	93.900	642.250
162	0	11	2	294.150	357.100	490.375	525.125	0.750	0.750	0.750	0.750	0	15	93.900	642.250
162	0	11	3	357.100	426.100	490.375	525.125	0.750	0.750	0.750	0.750	0	15	93.900	642.250
162	0	11	4	426.100	491.250	490.375	525.125	none	0.750	0.750	0.750	0	15	93.900	642.250
162	0	11	5	491.250	554.400	490.375	525.125	none	none	0.750	0.750	0	15	93.900	642.250
162	0	12	0	57.600	233.650	525.125	566.125	0.750	0.750	0.750	0.750	0	15	93.900	642.250
162	0	12	1	233.650	294.150	525.125	566.125	0.750	0.750	0.750	0.750	0	15	93.900	642.250
162	0	12	2	294.150	357.100	525.125	566.125	0.750	0.750	0.750	0.750	0	15	93.900	642.250
162	0	12	3	357.100	426.100	525.125	566.125	0.750	0.750	0.750	0.750	0	15	93.900	642.250
162	0	12	4	426.100	491.250	525.125	566.125	none	none	0.750	none	0	15	93.900	642.250
162	0	12	5	491.250	554.400	525.125	566.125	none	none	none	0.750	0	15	93.900	642.250
162	0	13	0	57.600	233.650	566.125	607.125	0.750	0.750	0.750	0.750	0	15	93.900	642.250
162	0	13	1	233.650	294.150	566.125	607.125	0.750	0.750	0.750	0.750	0	15	93.900	642.250
162	0	13	2	294.150	554.400	566.125	641.875	none	0.750	0.750	0.750	0	15	93.900	642.250
162	0	14	0	57.600	233.650	607.125	641.875	0.750	0.750	0.750	0.750	0	15	93.900	642.250
162	0	14	1	233.650	294.150	607.125	641.875	0.750	0.750	0.750	0.750	0	15	93.900	642.250
167	0	0	0	57.800	244.700	78.950	95.450	0.500	0.500	0.500	0.500	0	31	78.700	700.450
167	0	0	1	244.700	360.750	78.950	95.450	0.500	0.500	0.500	0.500	0	31	78.700	700.450
167	0	0	2	360.750	554.700	78.950	95.450	0.500	0.500	0.500	0.500	0	31	78.700	700.450
167	0	1	0	57.800	244.700	95.450	115.400	0.500	0.500	0.500	0.500	0	31	78.700	700.450
167	0	1	1	244.700	360.750	95.450	115.400	0.500	0.500	0.500	0.500	0	31	78.700	700.450
167	0	1	2	360.750	554.700	95.450	115.400	0.500	0.500	0.500	0.500	0	31	78.700	700.450
167	0	2	0	57.800	244.700	115.400	135.350	0.500	0.500	0.500	0.500	0	31	78.700	700.450
167	0	2	1	244.700	360.750	115.400	135.350	0.500	0.500	0.500	0.500	0	31	78.700	700.450
167	0	2	2	360.750	554.700	115.400	135.350	0.500	0.500	0.500	0.500	0	31	78.700	700.450
167	0	3	0	57.800	244.700	135.350	155.300	0.500	0.500	0.500	0.500	0	31	78.700	700.450
167	0	3	1	244.700	360.750	135.350	155.300	0.500	0.500	0.500	0.500	0	31	78.700	700.450
167	0	3	2	360.750	554.700	135.350	155.300	0.500	0.500	0.500	0.500	0	31	78.700	700.450
167	0	4	0	57.800	244.700	155.300	175.250	0.500	0.500	0.500	0.500	0	31	78.700	700.450
167	0	4	1	244.700	360.750	155.300	175.250	0.500	0.500	0.500	0.500	0	31	78.700	700.450
167	0	4	2	360.750	554.700	155.300	175.250	0.500	0.500	0.500	0.500	0	31	78.700	700.450
167	0	5	0	57.800	244.700	175.250	195.200	0.500	0.500	0.500	0.500	0	31	78.700	700.450
167	0	5	1	244.700	360.750	175.250	195.200	0.500	0.500	0.500	0.500	0	31	78.700	700.450
167	0	5	2	360.750	554.700	175.250	195.200	0.500	0.500	0.500	0.500	0	31	78.700	700.450
167	0	6	0	57.800	244.700	195.200	215.150	0.500	0.500	0.500	0.500	0	31	78.700	700.450
167	0	6	1	244.700	360.750	195.200	215.150	0.500	0.500	0.500	0.500	0	31	78.700	700.450
167	0	6	2	360.750	554.700	195.200	215.150	0.500	0.500	0.500	0.500	0	31	78.700	700.450
167	0	7	0	57.800	244.700	215.150	235.100	0.500	0.500	0.500	0.500	0	31	78.700	700.450
167	0	7	1	244.700	360.750	215.150	235.100	0.500	0.500	0.500	0.500	0	31	78.700	700.450
167	0	7	2	360.750	554.700	215.150	235.100	0.500	0.500	0.500	0.500	0	31	78.700	700.450
167	0	8	0	57.800	244.700	235.100	255.050	0.500	0.500	0.500	0.500	0	31	78.700	700.450
167	0	8	1	244.700	360.750	235.100	255.050	0.500	0.500	0.500	0.500	0	31	78.700	700.450
167	0	8	2	360.750	554.700	235.100	255.050	0.500	0.500	0.500	0.500	0	31	78.700	700.450
167	0	9	0	57.800	244.700	255.050	275.000	0.500	0.500	0.500	0.500	0	31	78.700	700.450
167	0	9	1	244.700	360.750	255.050	275.000	0.500	0.500	0.500	0.500	0	31	78.700	700.450
167	0	9	2	360.750	554.700	255.050	275.000	0.500	0.500	0.500	0.500	0	31	78.700	700.450
167	0	10	0	57.800	244.700	275.000	294.950	0.500	0.500	0.500	0.500	0	31	78.700	700.450
167	0	10	1	244.700	360.750	275.000	294.950	0.500	0.500	0.500	0.500	0	31	78.700	700.450
167	0	10	2	360.750	554.700	275.000	294.950	0.500	0.500	0.500	0.500	0	31	78.700	700.450
167	0	11	0	57.800	244.700	294.950	316.150	0.500	0.500	0.500	0.500	0	31	78.700	700.450
167	0	11	1	244.700	360.750	294.950	316.150	0.500	0.500	0.500	0.500	0	31	78.700	700.450
167	0	11	2	360.750	554.700	294.950	316.150	0.500	0.500	0.500	0.500	0	31	78.700	700.450
167	0	12	0	57.800	244.700	316.150	337.350	0.500	0.500	0.500	0.500	0	31	78.700	700.450
167	0	12	1	244.700	360.750	316.150	337.350	0.500	0.500	0.500	0.500	0	31	78.700	700.450
167	0	12	2	360.750	554.700	316.150	337.350	0.500	0.500	0.500	0.500	0	31	78.700	700.450
167	0	13	0	57.800	244.700	337.350	358.550	0.500	0.500	0.500	0.500	0	31	78.700	700.450
167	0	13	1	244.700	360.750	337.350	358.550	0.500	0.500	0.500	0.500	0	31	78.700	700.450
167	0	13	2	360.750	554.700	337.350	358.550	0.500	0.500	0.500	0.500	0	31	78.700	700.450
167	0	14	0	57.800	244.700	358.550	378.500	0.500	0.500	0.500	0.500	0	31	78.700	700.450
167	0	14	1	244.700	360.750	358.550	378.500	0.500	0.500	0.500	0.500	0	31	78.700	700.450
167	0	14	2	360.750	554.700	358.550	378.500	0.500	0.500	0.500	0.500	0	31	78.700	700.450
167	0	15	0	57.800	244.700	378.500	398.450	0.500	0.500	0.500	0.500	0	31	78.700	700.450
167	0	15	1	244.700	360.750	378.500	398.450	0.500	0.500	0.500	0.500	0	31	78.700	700.450
167	0	15	2	360.750	554.700	378.500	398.450	0.500	0.500	0.500	0.500	0	31	78.700	700.450
167	0	16	0	57.800	244.700	398.450	418.400	0.500	0.500	0.500	0.500	0	31	78.700	700.450
167	0	16	1	244.700	360.750	398.450	418.400	0.500	0.500	0.500	0.500	0	31	78.700	700.450
167	0	16	2	360.750	554.700	398.450	418.400	0.500	0.500	0.500	0.500	0	31	78.700	700.450
167	0	17	0	57.800	244.700	418.400	438.350	0.500	0.500	0.500	0.500	0	31	78.700	700.450
167	0	17	1	244.700	360.750	418.400	438.350	0.500	0.500	0.500	0.500	0	31	78.700	700.450
167	0	17	2	360.750	554.700	418.400	438.350	0.500	0.500	0.500	0.500	0	31	78.700	700.450
167	0	18	0	57.800	244.700	438.350	458.300	0.500	0.500	0.500	0.500	0	31	78.700	700.450
167	0	18	1	244.700	360.750	438.350	458.300	0.500	0.500	0.500	0.500	0	31	78.700	700.450
167	0	18	2	360.750	554.700	438.350	458.300	0.500	0.500	0.500	0.500	0	31	78.700	700.450
167	0	19	0	57.800	244.700	458.300	478.250	0.500	0.500	0.500	0.500	0	31	78.700	700.450
167	0	19	1	244.700	360.750	458.300	478.250	0.500	0.500	0.500	0.500	0	31	78.700	700.450
167	0	19	2	360.750	554.700	458.300	478.250	0.500	0.500	0.500	0.500	0	31	78.700	700.450
167	0	20	0	57.800	244.700	478.250	498.200	0.500	0.500	0.500	0.500	0	31	78.700	700.450
167	0	20	1	244.700	360.750	478.250	498.200	0.500	0.500	0.500	0.500	0	31	78.700	700.450
167	0	20	2	360.750	554.700	478.250	498.200	0.500	0.500	0.500	0.500	0	31	78.700	700.450
167	0	21	0	57.800	244.700	498.200	518.150	0.500	0.500	0.500	0.500	0	31	78.700	700.450
167	0	21	1	244.700	360.750	498.200	518.150	0.500	0.500	0.500	0.500	0	31	78.700	700.450
167	0	21	2	360.750	554.700	498.200	518.150	0.500	0.500	0.500	0.500	0	31	78.700	700.450
167	0	22	0	57.800	244.700	518.150	538.100	0.500	0.500	0.500	0.500	0	31	78.700	700.450
167	0	22	1	244.700	360.750	518.150	538.100	0.500	0.500	0.500	0.500	0	31	78.700	700.450
167	0	22	2	360.750	554.700	518.150	538.100	0.500	0.500	0.500	0.500	0	31	78.700	700.450
167	0	23	0	57.800	244.700	538.100	558.050	0.500	0.500	0.500	0.500	0	31	78.700	700.450
167	0	23	1	244.700	360.750	538.100	558.050	0.500	0.500	0.500	0.500	0	31	78.700	700.450
167	0	23	2	360.750	554.700	538.100	558.050	0.500	0.500	0.500	0.500	0	31	78.700	700.450
167	0	24	0	57.800	244.700	558.050	578.000	0.500	0.500	0.500	0.500	0	31	78.700	700.450
167	0	24	1	244.700	360.750	558.050	578.000	0.500	0.500	0.500	0.500	0	31	78.700	700.450
167	0	24	2	360.750	554.700	558.050	578.000	0.500	0.500	0.500	0.500	0	31	78.700	700.450
167	0	25	0	57.800	244.700	578.000	597.950	0.500	0.500	0.500	0.500	0	31	78.700	700.450
167	0	25	1	244.700	360.750	578.000	597.950	0.500	0.500	0.500	0.500	0	31	78.700	700.450
167	0	25	2	360.750	554.700	578.000	597.950	0.500	0.500	0.500	0.500	0	31	78.700	700.450
167	0	26	0	57.800	244.700	597.950	617.900	0.500	0.500	0.500	0.500	0	31	78.700	700.450
167	0	26	1	244.700	360.750	597.950	617.900	0.500	0.500	0.500	0.500	0	31	78.700	700.450
167	0	26	2	360.750	554.700	597.950	617.900	0.500	0.500	0.500	0.500	0	31	78.700	700.450
167	0	27	0	57.800	244.700	617.900	637.850	0.500	0.500	0.500	0.500	0	31	78.700	700.450
167	0	27	1	244.700	360.750	617.900	637.850	0.500	0.500	0.500	0.500	0	31	78.700	700.450
167	0	27	2	360.750	554.700	617.900	637.850	0.500	0.500	0.500	0.500	0	31	78.700	700.450
167	0	28	0	57.800	244.700	637.850	659.050	0.500	0.500	0.500	0.500	0	31	78.700	700.450
167	0	28	1	244.700	360.750	637.850	659.050	0.500	0.500	0.500	0.500	0	31	78.700	700.450
167	0	28	2	360.750	554.700	637.850	659.050	0.500	0.500	0.500	0.500	0	31	78.700	700.450
167	0	29	0	57.800	244.700	659.050	679.000	0.500	0.500	0.500	0.500	0	31	78.700	700.450
167	0	29	1	244.700	360.750	659.050	679.000	0.500	0.500	0.500	0.500	0	31	78.700	700.450
167	0	29	2	360.750	554.700	659.050	679.000	0.500	0.500	0.500	0.500	0	31	78.700	700.450
167	0	30	0	57.800	244.700	679.000	700.200	0.500	0.500	0.500	0.500	0	31	78.700	700.450
167	0	30	1	244.700	360.750	679.000	700.200	0.500	0.500	0.500	0.500	0	31	78.700	700.450
167	0	30	2	360.750	554.700	679.000	700.200	0.500	0.500	0.500	0.500	0	31	78.700	700.450
