doc	status	sha256	bytes
(5000021142)-(subc0226)-criminology-subject-collection-list__xlsx.pdf	ok	054e96ffe4f76d646d7e68b55cb41720d0cc78e543b8d21a735db384e81b2028	44546
001_1-2-3_Horizontal_Hierarchy_39795b4d__pptx.pdf	ok	72f60bb4911518f24a9809562faa73aea4b6b7360274dbc11adbbf8c29c80aed	63826
001_Contextures_chart_sample_b089bc34__xlsx.pdf	ok	23941533c749ff1522947fb8090ed81c8f165e1609f809f5bcf11aa7aebcf586	109000
001_Free_Genogram_Diagram_Template_Blue_and_Gray_Theme_7c9e01a7__docx.pdf	ok	1aa0dbcd72810607a24a46a61b20b3b74fb06c8952abc097138df10ee51411bb	22222
001_advanced_excel_bar__xlsx.pdf	ok	3704c6f49799e5e3e0b30001086461f7b85a163088b579a7382687fadfcfabec	42520
001_advanced_powerpoint_bar__pptx.pdf	ok	9211a232eb3eb305afc7e9cea5bf7a1d58d1af6491fcb9b3dd0b65d1ffbc0a93	45360
001_advanced_word_chart_report__docx.pdf	ok	831f9c980cd069e0395c230c4663b42dd9b5cdf257baf7be6e71ec9f8a200ca7	66390
002_10-Point_Dual_Hub_Comparison_4ee242c9__pptx.pdf	ok	7c142344fd5a6c242180aa71ea1d162a51a36fb575b37364fae50ec84af69c26	105484
002_Contextures_chart_sample_f605e7bc__xlsx.pdf	ok	e1fa4ef7aa80d97c5092c877998e31e6c10836efefde767bfb72a71fe61b639d	77539
002_Free_Genogram_Diagram_Template_Customizable_Format_2219584b__docx.pdf	ok	4950e53d8122d47ccb99481a583cdf68b85b177bcde8e1812303c403a033e88d	25965
002_advanced_excel_line__xlsx.pdf	ok	29f6f139bfd86a67514be053b4e47f40049ff85768e525fbc6444c7137b3250e	49638
002_advanced_powerpoint_column__pptx.pdf	ok	fe8dddced2bdcb789a746c2ba8d71f273dbb7edf0250dbc08062fa06f1499105	44311
002_advanced_word_chart_report__docx.pdf	ok	e10f5eeca53b3e67b7b6119e259498d73524df59db00be7893c50a9739a68dfa	60856
003_2-Circle_Venn_Diagram_7ab74e5c__pptx.pdf	ok	fdf28019612e0dbada44f0602ce0ccdfe8a34fdd06e1333e62f3be2435562497	90244
003_Contextures_chart_sample_9bda2719__xlsm.pdf	ok	a2176d502cd70ad367cfb70fc25024957c87a9bd112ffdbb1758c7d40e0c7c21	76793
003_Free_Genogram_Diagram_Template_Easy_Format_60eb6e42__docx.pdf	ok	8e6b510d01acf44ed1a0c9d9653d743c497c4a2938a7ff5f1fe5915014b1971e	17392
003__doc.pdf	ok	1d85e1e9c473e0529275124cb4c572358aac19c1a83aa253d6effd94d32ab620	138637
003_advanced_excel_pie__xlsx.pdf	ok	773db4a19d6f03101d89801e959cb5bbe3ad95231c2b736de4c1cded8ea67ddd	39072
003_advanced_powerpoint_line__pptx.pdf	ok	b02558e6f6124dd4ae9f36d7ab8385a18b7a33da05c2d5bd38610f08998272e4	46163
003_advanced_word_chart_report__docx.pdf	ok	23c16831351d0c3173b903b65e9e9f9fad4e2e71b8e198c080ddc58f46beb824	57226
004_2-Stage_Vertical_Funnel_Diagram_for_PowerPoint_593f4c80__pptx.pdf	ok	6ae7022230b79bb8eb47077484b727d1a4d4051c17a3ee23863f5e4d2b5c4948	37644
004_Contextures_chart_sample_de7c0671__xlsx.pdf	ok	368e2958ef10ee3c4e7e343acd33ad73413b9277c7e603623ba7873ddcc74af3	34253
004_Free_Genogram_Diagram_Template_Editable_Format_b82b6152__docx.pdf	ok	426b54d7fa3d63ef367cea458d9589f43bf0ef5da1b9f4be0b4c7009867dba86	25826
004_advanced_excel_doughnut__xlsx.pdf	ok	ac44d960f771b5d20d4454ea8a9d51c06b5129867022e300b2de14e7435ba5d3	38297
004_advanced_powerpoint_pie__pptx.pdf	ok	5dce7b87d3ae9f440a09146c90095fc24b5d3119d99df5d1a14aa6cb64e34177	44252
004_advanced_word_chart_report__docx.pdf	ok	760e85e637f257f5e2bcc59db9ac95e7af1b62e6e33542dd3ebb2c7acc4f5d5f	58717
00514292__xlsx.pdf	ok	764939614f9df3d2515981dd13b5ca5ed3ffe3d9af933a5146c03a567907c7a1	61026
005_2-Step_Funnel_On_left_With_Text_767f0490__pptx.pdf	ok	58aecabefc30babc22b68514c6d4051c6a994a47682f755c082b35aba05cd03e	34152
005_Contextures_chart_sample_6e279b08__xlsx.pdf	ok	eba57d088726f0cd5a61c16adb9c5aea3550fa3ba083f0819f634d1c57a873be	42143
005_Free_Genogram_Diagram_Template_Excellent_layout_f5f185d0__docx.pdf	ok	91cb94a9833dfa69fc1332a6f9cf7a6f49068b93c039d94d315e85d73f7d41e5	11648
005_advanced_excel_area__xlsx.pdf	ok	4f6a8f09e67763e750ff17c4b88e127b501cfc6dc4341b4a845a42dc81f667cd	39951
005_advanced_powerpoint_doughnut__pptx.pdf	ok	91d74efd599ac288c3a34921235e3e269e1eb3de0c4e7f05215eb610a30d18b9	44840
005_advanced_word_chart_report__docx.pdf	ok	84f2a6a51681c8bd611e2b56030ddd8816c17db7a9861377a5f4016f2ad07133	63820
006_2-Way_Horizontal_Hierarchy_for_PowerPoint_and_Google_Slides_7c1e5084__pptx.pdf	ok	46556c08aff84fbaef615f35d0d8465d4a218104e56a8848d16457b54a73371b	76191
006_Contextures_chart_sample_afa23b53__xlsx.pdf	ok	1b906e207fed4a76e06aa46fffa03b6fc0b3ef556e51791d2b00671d7badb6fe	71256
006_Free_Genogram_Diagram_Template_Fillable_Format_7ca08541__docx.pdf	ok	35cd8c5095a9164a8914a2046ab341779e1b65c07bb42c1786fb631147a095e4	27622
006_advanced_excel_scatter__xlsx.pdf	ok	123a47d3556336350316d2658a89d9bc29a63344eba80c8b26ff2cd4655de5be	42281
006_advanced_powerpoint_area__pptx.pdf	ok	295a1865f83ef5bd0d71a51f6f3dd14f22f98444406fec98b94383beede74ba5	44567
006_advanced_word_chart_report__docx.pdf	ok	5f20fe30d186fd97e9bf2a0268fe690ea00f4e792408b2278062a9ffd5b8bede	61068
007_3_Circles_Diagram_for_PowerPoint_dac9f170__pptx.pdf	ok	70e40313a791593170402befeb19075f8a2bad18a052ce7c82e5a3179db5280a	69880
007_Contextures_chart_sample_667d8e47__xlsm.pdf	ok	b3d0dfd8b348d7678e0ffd2fa512cbb0962deaaab43b5f667d2e3782320d5c02	86324
007_Free_Genogram_Diagram_Template_Green_and_Purple_Theme_8d2ba829__docx.pdf	ok	98f6c6ad77fe880881c29cc0021ffd9bd8e389fd4b11b9a23d7c05c80179aa40	23023
007_advanced_excel_bubble__xlsx.pdf	ok	fb533f5d0421765b3338c906fa1737084d9e788a7805f4c33e75817ce8bb4c0f	40133
007_advanced_powerpoint_scatter__pptx.pdf	ok	411c78a84e7ad74202324d74f678925f2b2aa37fa740d9cdc30a76dbf2393215	35465
007_advanced_word_chart_report__docx.pdf	ok	c47b163b10b02b461bf2e62798aa8542ac0dc7a1568b91affb2ab064914534e3	67788
008_3-Circle_Venn_Diagram_024a12c5__pptx.pdf	ok	9468df4adf965ede0c1907312130695e3ffcdeb847a034e3ed80e9276fea081c	96036
008_Contextures_chart_sample_7ea7a1d7__xlsx.pdf	ok	43a22045564cba60737b6a213985b30a0a1b4ba40a336360c2fb264351a5ae9b	43895
008_Free_Genogram_Diagram_Template_Green_and_Yellow_Theme_9017c1a8__docx.pdf	ok	57cb303df9e0cb3ac19a5189af51d51affec5bda079dea8d3386d1dd07fe7a73	37057
008_advanced_excel_radar__xlsx.pdf	ok	2ea7ad57179c03eccc1d71c510bc2e6f9930df406ee7663c6c9c63f8bde4f618	38741
008_advanced_powerpoint_bubble__pptx.pdf	ok	f8ecca0b482fbd36877e87d252f7b36518999cd79173cfd6b2d5ab0998326a5f	35620
008_advanced_word_chart_report__docx.pdf	ok	b35e51b7b572c09dace89916f24737fa2bc6cfd1e8b4c4e3b15d6c849bce765b	59963
009_3-Circle_Venn_PowerPoint_Diagram_2e59baa9__pptx.pdf	ok	2500912c7818212c3e92fe338dfdd82c098942ef6a65a7563310a5e387dda599	72592
009_Contextures_chart_sample_adcb3f6c__xlsx.pdf	ok	2ba798543d75c4407cc501110c24aa7474815f63f72527e4a78e33b0d42d9e49	101151
009_Free_Genogram_Diagram_Template_Handy_Format_4bb900f0__docx.pdf	ok	aa4c0f171bba5c811cc319b99bef5451d44200160385524bc5d2974d7c0fdd9f	23712
009_advanced_excel_bar__xlsx.pdf	ok	bb4346c130568ad301dbbf7851bedcf9f68928274353437af0380a009ff4de5a	42132
009_advanced_powerpoint_bar__pptx.pdf	ok	78ab8f3da32645ba1e36275658dcd22b5c215fdd05b8be0a0e3ece3d7c586d54	44718
009_advanced_word_chart_report__docx.pdf	ok	ffe8ca564b38598b2aae34d0d67e5014d1d524ce26e361dc4ae58080c496d35e	58312
010605Vul__ppt.pdf	ok	fbf9265b5774631abf0ba16b5316b35b231a1dc6195b8fcc0ba26771dd765786	143124
010_3-Group_Hierarchy_for_PowerPoint_and_Google_Slides_20476ce0__pptx.pdf	ok	6b73dc8a7625f18734c86d95e8dad65d26dd12bed609f5619515a83a03aa45e7	86733
010_Contextures_chart_sample_e6ea06a3__xlsx.pdf	ok	000cdc0a533eb0d1e11e4c097087e096000fb3fc68b306f6627245f0ff66248d	91220
010_Free_Genogram_Diagram_Template_Yellow_Theme_6ee4f818__docx.pdf	ok	d1c5ba9f50cc9c8af6dc0600c504c59d27a6ad671574cf18fe2e7393675fe1ac	30735
010_advanced_excel_line__xlsx.pdf	ok	93f25eb7750d6f371ea8c9ce405ba94094515625a133799048b9fab8b7b492d7	49903
010_advanced_powerpoint_column__pptx.pdf	ok	d94750fc737c7670d375ff9d277d33be31c008c4ca633ffd14ea1c727f074954	44072
010_advanced_word_chart_report__docx.pdf	ok	af368b0dc384cfa4ee8ba5792c22b45f8e36276d22a8ca1a97fbbb635cf8f32c	60249
011_3-Stage_Vertical_Funnel_Diagram_for_PowerPoint_10ce23dd__pptx.pdf	ok	3c1575701d1e7d3e57d98f8659d94fc855815aaf6f12c08a92e4a49aaaef8e15	38562
011_Contextures_chart_sample_599b4392__xls.pdf	ok	4e2cc875419284159f6866b6ff61e368e04b4065a597e25977a9bdf6aee56244	62607
011_Project_Timeline_Template_Beautiful_Theme_2336e680__docx.pdf	ok	07a69001ca903aa0c010993275ceaeafee6cd85302b02f6ce4094c1d62a1b190	77056
011_advanced_excel_pie__xlsx.pdf	ok	ad5fa6ec4b7f1766426d208c365b923a2628f17cc17c8def3a0b1eb127264da0	40070
011_advanced_powerpoint_line__pptx.pdf	ok	753ebfa23cbed4aa0d91d3e1ebe60f06224b7ff8763b1def11467ac18aca1241	46042
011_advanced_word_chart_report__docx.pdf	ok	d70fcca3dc9797906d62765fa6bce9cc561f0429e9fcf4e537f3fc7bfe847bc5	63211
012_3-Step_Hexagons_Puzzle_Diagram_for_PowerPoint_982482b5__pptx.pdf	ok	c01eeee94931f4ad42be92747d14108e4cceb991e465c509eb3a114d53cd94a6	84564
012_Contextures_chart_sample_9900da76__xlsx.pdf	ok	dfa6a24064532050c4ad6960b7d9f121cc8d8d6977b7fcd769d082d50cedb3a2	51358
012_Project_Timeline_Template_Black_and_Brown_Theme_35c76550__docx.pdf	ok	f30b5c407e430411886e7611561b07789841c18c83d9286fa79f36e8f3c9543d	26817
012_advanced_excel_doughnut__xlsx.pdf	ok	cc429ec85f3288d61bb7e585b06ec5f058bf17f5d674dfc1b6ca4029780b9e5b	39837
012_advanced_powerpoint_pie__pptx.pdf	ok	600af4ad68cc717a9b2a36c3059fe6f0271b8a1a2b672be921e33ec10c89eee0	44541
012_advanced_word_chart_report__docx.pdf	ok	47526320da43f014ee981df10e82e6f3c43d488d106cc5403412ed72aefefda9	64065
013_3-Step_Segmented_Cycle_Process_5232f82d__pptx.pdf	ok	6addc22293b8060b243ccccc5a15ff9296bd27040a7d8371044aa853e22c6845	90840
013_Contextures_chart_sample_21b98e22__xlsx.pdf	ok	3d3ce9cddb3c13d43dd3728892c59758ed89fbd05923a1a03a2113a3f03bb46e	56014
013_Project_Timeline_Template_Blue_Background_4ea3475e__docx.pdf	ok	c7f6417c2e3921d64e03ad557e41dcbda1668ab3f0edf8569e29297153f213af	95061
013_advanced_excel_area__xlsx.pdf	ok	db22b9390bddfea6ac6bdda07947722d76e23b0298a66f7b999af317cc7d4d3d	39238
013_advanced_powerpoint_doughnut__pptx.pdf	ok	d12a4f4fe85283075184275a28d4aa1ebf3e7058e37f33ec16cacb24e0b3088d	44377
013_advanced_word_chart_report__docx.pdf	ok	b3d2e4e24b494cc38ee9c0bcfa87859da0955ae0aaea419553f66ea256a0cbb1	65094
014_3D_Radial_Block_List_for_PowerPoint_and_Google_Slides_0773075e__pptx.pdf	ok	6073ba4d3af8a8fce54699fd42b951747d4fe6038708ec46eae4c6c8d126821a	91587
014_Contextures_chart_sample_991ecfc5__xls.pdf	ok	d3b3a720542f5da42832ace2712327ea53e0ba363e2860f3b6d460a8f341980d	54681
014_Project_Timeline_Template_Blue_and_Green_Theme_a8311fa1__docx.pdf	ok	34e738df30180b8568eb312b6d97d0abae7ba5651bfe94a0b7ebabc52bf9571f	43915
014_advanced_excel_scatter__xlsx.pdf	ok	fe9deb6960e81b627e8e3126fe67433e73522ec1b95a78f1d5cec3b239bdae51	44204
014_advanced_powerpoint_area__pptx.pdf	ok	953551abb3c9537b57600efd9eacc1cd5b90ef5cac79285bc74ef1edfcafb994	44783
014_advanced_word_chart_report__docx.pdf	ok	7c9ed60720174518c289d193e55e111b9cbfce3a54367d701dc11b0ccf38aaa7	60255
015_4-Option_Color_Wheel_Diagram_df7e4b8f__pptx.pdf	ok	9265f1789e248b51f7dc169cb09b9791bfba56a0406bf91ed8d7c9d62b20223b	91215
015_Free_Gantt_Chart_Template_for_Excel_414e86bf__xlsx.pdf	ok	00fba1841bc2ecbc891c0017c0bab3553babe4b48a74c9e48d33355fc41bc2eb	156758
015_Project_Timeline_Template_Colored_Background_6434b0e8__docx.pdf	ok	6afab08ac9b1dddb7e4d6c3752870145bebad1667b77498304401a6ad23899e6	42176
015_advanced_excel_bubble__xlsx.pdf	ok	8025f7dd9a328db252cb672639be599acf157452c7234f5d4e9c17ca63cadc4c	40724
015_advanced_powerpoint_scatter__pptx.pdf	ok	9138f878c299a9f32d4e7e0ed38ea87fd58f961dcd13d4cb7e416a3742a87685	36144
015_advanced_word_chart_report__docx.pdf	ok	7219d76584f067b6c1e5cef1bf680b6de97b60514b6f91611bfbc54ab1cb18b2	56484
016_4-Position_Org_Chart_1d3640b6__pptx.pdf	ok	ee3985f03a315fdd61730bc7e184a4ff00edb25ec5ad9ebdb9d20cbc68f3a873	65736
016_Free_Organizational_Chart_Template_-_Company_Organization_Chart_db913144__xlsx.pdf	ok	8942c2d3745fc45350860e07bfffe6e9b05e9f2eb6a69fd0f49b7556d2158d07	59396
016_Project_Timeline_Template_Complete_Guide_7d36d09c__docx.pdf	ok	2492f3dca465e398d6a24048b220720c3091af82f0a09c09d1cd281b4e632ecf	34995
016_advanced_excel_radar__xlsx.pdf	ok	f520acecbff036edf56a74a7663c373d2ff116dc5338bcc579079583025ab76c	39832
016_advanced_powerpoint_bubble__pptx.pdf	ok	28109d269774a5a25222fc9784e61a457ae100cf7505b73250738ca5d9259d5f	36185
016_advanced_word_chart_report__docx.pdf	ok	cde903655e7b2d5bf943f344257c6fc0f390ae390e9c29c9c48689063f60ff1d	60135
017_4-Stage_Vertical_Funnel_Diagram_for_PowerPoint_61e7bde5__pptx.pdf	ok	7e7d377e1a00a58f123811db299c1c5f43bfa956e3fcfe6da8a458150a1894eb	39273
017_Project_Timeline_Template_Customizable_Format_5d5ca2e8__docx.pdf	ok	97edfc23ebd81d9eb7248c51af9f88c85b378bcdfba23bf7cc778c47c7baf8b9	34971
017_Timeline_Templates_for_Excel_b88faee6__xlsx.pdf	ok	5c0b9a9379c5df752c8b8fe28b2ccc87acfba413cbd0f7284214c3d7ebafa2be	103585
017_advanced_excel_bar__xlsx.pdf	ok	3dfbf6a1cf95dd31170a3f96110be69923b01fe00f5ae0280c4e36b35d961409	44036
017_advanced_powerpoint_bar__pptx.pdf	ok	4b9f9135da87a7f2e2434e8c5020a71c44ee0f1a41a0ddc7203c598dcf9029a1	45011
017_advanced_word_chart_report__docx.pdf	ok	f025a3194a64dca74fba05235373d45c718fe7b1fb24d4b832e808e70d11a10d	65821
018_4-Step_Hexagons_Puzzle_Diagram_for_PowerPoint_19957cce__pptx.pdf	ok	dfb4156c8bf959264512242384fb2c912892da0a7172ed933da5804f67d3dc41	89370
018_Project_Timeline_Template_Editable_Format_e1cf1df5__docx.pdf	ok	26851e0b2a8c67a882d057825b6131c16ab5a31de1eaded113f16738421d47fe	27190
018_Weight_Loss_Chart_-_Free_Printable_Weight_Loss_Charts_and_Weight_Log_3337bd0a__xlsx.pdf	ok	4d806ed581ffe9975c85b24c1a57be069294ba247013df1d8f993461b62b50a7	85444
018_advanced_excel_line__xlsx.pdf	ok	f4803b29011303e54f9e4718bb3604d51adfd6d8c40b26c48be4ac1a17ffb173	49572
018_advanced_powerpoint_column__pptx.pdf	ok	c8aee2d34507eb7d33cc325736cc85e45939168d3a9b42165d09412f368eb5c7	45015
018_advanced_word_chart_report__docx.pdf	ok	13c9b979ae077316e14bdaf7b0b0f3ceebb3a54620a1a4de280bbb47cc5e3754	62478
019_4-Step_Segmented_Cycle_Process_2ff93c19__pptx.pdf	ok	30e9910e3b0bca85c0df684873a45b381e1d9dbda29534ab34093ea81c72c50e	92390
019_Free_Blood_Sugar_Chart_for_Excel_-_Track_Your_Blood_Sugar_Level_36f4a782__xlsx.pdf	ok	1fa267f4aeffbc4dac3f04714853ebd264164ca03c06c9c09f8b22b67351f01f	127361
019_Project_Timeline_Template_Excellent_Layout_4ee62967__docx.pdf	ok	e23a05d396d4188d9b20833433c663c8d5b3641804e0a7ada5163eba4926bc78	28673
019_advanced_excel_pie__xlsx.pdf	ok	cecdaa96cc4fe3a06e44621438a827630d73d64dc281afd4127d4fd34f6cfef2	40606
019_advanced_powerpoint_line__pptx.pdf	ok	3804a08f4915d9ccb14226f7ea4264df3cbe8edf8ee033dec17470172dc96af7	45546
019_advanced_word_chart_report__docx.pdf	ok	d41790a09babef5ee79d1ad5c279652ff74420af38614ed9ff9d7c233fd04c5f	69247
020_5-Option_Color_Wheel_Diagram_104ea3b0__pptx.pdf	ok	f9d8df4f34d16cdec247c62d7b8fdfa2c1892a4dcf2722379a287bdef60fa31e	92526
020_Free_Blood_Pressure_Chart_and_Printable_Blood_Pressure_Log_8f8dcc39__xlsx.pdf	ok	1f70ee03cf32c6ddfd574516dd2a4e6198c5206b630936ffbbe185870dbc2a62	56554
020_Project_Timeline_Template_Modern_Theme_0c215d87__docx.pdf	ok	0f9874c72159b3a79f1a12e89f3a32c1656cb2225a9143c76aebb48c77f7c810	28504
020_advanced_excel_doughnut__xlsx.pdf	ok	a93541619d24c366a794ba15871bde93328a4f0a4c67f6d448beeb742431f9d9	39108
020_advanced_powerpoint_pie__pptx.pdf	ok	6e093c844cb1022b8845824b8b852d5fc168ec58adc53ef19a67b10b9cb1b8ac	44823
020_advanced_word_chart_report__docx.pdf	ok	71ac205e72575d11327ae07030e7765c154e88ba04ec7cf97d2c5259ffbcd46d	58701
021_5-Position_Org_Chart_cb042559__pptx.pdf	ok	dcc754f0c366f205d90a3a43bdd6840f5c28156a7585f9304b17a014fb9f25e2	66508
021_Control_Chart_Template_-_Create_Control_Charts_in_Excel_fd3b1a5d__xlsx.pdf	ok	5f363798091fc0af3913aef8ac57aa4a8d49be2d56f0ec2bddd102e5631da8ad	77204
021_Unit_Circle_Chart_3D_Pie_Chart_404247ab__docx.pdf	ok	1ed47f85244673e8ba67c09a0f553e79f83eb454735cb15845244e02a68b3d2d	28825
021_advanced_excel_area__xlsx.pdf	ok	640ad0e0d759caa585c33e16c35e186fa1f64036dcf5bf899bb386783e211add	39499
021_advanced_powerpoint_doughnut__pptx.pdf	ok	88343e37201bdd2dbf7113e28a6e08e11118ec6f3553c5aeeec4be18fde97a5d	44283
021_advanced_word_chart_report__docx.pdf	ok	005be6129564da04ef6defb867b5a271a1d5ffa259c4138852ea08df6ff8f5b1	57308
022_5-Step_Hexagons_Puzzle_Diagram_for_PowerPoint_eda9895e__pptx.pdf	ok	ff9b81f866500706509a94bbbcb9b5e220800ec458c3b62159ad1d207a1af616	89977
022_Pareto_Chart_Template_-_Pareto_Analysis_in_Excel_with_Pareto_Diagram_82b5a874__xlsx.pdf	ok	9431ec3ea4ae9fd916e053049e146f8afc1c4f01c0a97f55c6b475c035a05d37	47858
022_Unit_Circle_Chart_Circle_A_and_B_19dbf275__docx.pdf	ok	9be54972f8310f6570ab4c4041cc62a638c998c97de0ca22949953054ef91f6a	35862
022_advanced_excel_scatter__xlsx.pdf	ok	99bdef95bb80b8e7215edf8bd38bb71e0711eb04d99eefadd890a49c31e2f67a	42551
022_advanced_powerpoint_area__pptx.pdf	ok	f281f7684d8ff6e744568b9a8a651582946489ab35de89fb7aebfd07c8600095	43807
022_advanced_word_chart_report__docx.pdf	ok	38d2d8f133f7c584a74214a5f3080492351c8b16a2168ca893b047bd4ed8f4a3	59259
023_5-Step_Progress_Cards_91d5ff57__pptx.pdf	ok	b4963b6545393bcdd0a1fd007b4c29da3bc82b8368db826245986eb0f68d79b1	92222
023_Unit_Circle_Chart_Circular_Percentage_790f7b75__docx.pdf	ok	43970b4e29c85fe58a5f47c9a53a56b2829ba435cc64d2bfe94c4f754e3d2e65	29489
023_Waterfall_Chart_Template_for_Excel_349f7689__xlsx.pdf	ok	38ad738e33fd8bdf61c8f6f9e5fa548336f0e1840f89fae6d2fdc1dfe95bc57f	74916
023_advanced_excel_bubble__xlsx.pdf	ok	759c1966107e9934a3405e9e32aba64237554f07ccf2605d63c24dc8edadb539	42067
023_advanced_powerpoint_scatter__pptx.pdf	ok	f8aca5f077fb745864cce5befd868170e3face9b2ddc00394c1614865374b177	36727
023_advanced_word_chart_report__docx.pdf	ok	79f9ae7c29a08e2a572d96e5c2282f546c5247c8b9b2396c87057f8334708a7b	63556
024_5-Step_Segmented_Cycle_Process_c8ca37ef__pptx.pdf	ok	2eebe92b1535a7dc361b2a592a580089d8b97947d4b7d527723e3cf686008aad	94913
024_Free_Kids_Chore_Chart_Template_ad74bb34__xlsx.pdf	ok	b0e7feba0e8b01ba624923b3ec254a3faca23a3d7aa78c318e04024638a47448	77740
024_Unit_Circle_Chart_Colorful_Circles_7c92601e__docx.pdf	ok	1ab102de5b31a8f92b430a202b0a7d7fa6469f178cff24699fabcb25011844ce	24297
024_advanced_excel_radar__xlsx.pdf	ok	9f03b3f0113dfe33af8169d83c09c3218d1cf8e65e25eff4bc4a57e804fd322c	40087
024_advanced_powerpoint_bubble__pptx.pdf	ok	8651d1b391d1ada267e36a866eb2ecf5240b798d7356f51d18cc540e8ae45f3a	36297
024_advanced_word_chart_report__docx.pdf	ok	6ac830e018c794dd9400bf0266e2fa841852de205f501a82c6ac3dd6b9bfceea	63594
025_6-Option_Color_Wheel_Diagram_27e1c74d__pptx.pdf	ok	49770bd96293a55a0cf173185104f09143256135f70eec7358fa3faf6ff752b2	93893
025_Printable_Reward_Charts_for_Kids_-_Reward_Chart_Template_aabacd93__xlsx.pdf	ok	41852a61e18d0a80b31bcc29f2474eff61ac147b4a149423d01550ad8dcc25f2	125700
025_Unit_Circle_Chart_Cos_and_Sin_Model_1ed01892__docx.pdf	ok	06a227d4ba57788ef02859988d7d38afcfa3b0de1e4ffdaa96a29b237a654866	28680
025_advanced_excel_bar__xlsx.pdf	ok	f73e80eba1326c13e3582c58b1dfd4609e39ae3e22941bb22e4f5d2dd22415da	39245
025_advanced_powerpoint_bar__pptx.pdf	ok	c1c621fb99e9fd969dc3dc66964e4580c026c2ae6906e4474d921aec05244260	44322
025_advanced_word_chart_report__docx.pdf	ok	6092b3ca5a01981d807f6cfc6762db58c4f11d6abe4ed4f4e9c9aaa661261097	63871
026_6-Part_Hexagon_Radial_Diagram_b8ca3f40__pptx.pdf	ok	f2483514f8d08527e929db7c4553ed49257011cd87fb26953a3f932c5de3a1a6	116240
026_Monthly_cash_flow_statement_Use_this_template_8aaebea1__xlsx.pdf	ok	d579f6ca649ee0a53bd71926b172082d559123958017505976f486dce3a5ec78	76584
026_Unit_Circle_Chart_Four_Quadrants_09bf3ed1__docx.pdf	ok	c23bdd3181fcf78685904430d8819d3860ac366bb8a1b2827756992f02076edd	36982
026_advanced_excel_line__xlsx.pdf	ok	c848cc273e07014b400dbc5e4f07d46a7b1fa67dcc67607d2f2050da3a3d97fb	50355
026_advanced_powerpoint_column__pptx.pdf	ok	85784c1973bdd65673338ab86db7a1d62fb760459e51738c75f390aa1c8ac371	44919
026_advanced_word_chart_report__docx.pdf	ok	72c4152e102b6c82050052aa8dd4b5178d12405f5fc2a5f5fc4d7eff3a05284e	59651
027_6-Point_Dual_Hub_Comparison_13f9af30__pptx.pdf	ok	1972e2742de5d805b806e974829c85543f90ebcd3d67e3731aefa8a97106afa0	100201
027_Simple_personal_cash_flow_statement_675c6584__xlsx.pdf	ok	4fef247403ab6af241c8ddae7ef072c92e95194d28c08272d5f4b977a17395ea	83605
027_Unit_Circle_Chart_Graphical_Chart_5462a579__docx.pdf	ok	d54f8ab897605f4aac86136354b3ea78abe98de1aa1130e6447a453f4aee970b	34675
027_advanced_excel_pie__xlsx.pdf	ok	2b16a7eee3f92f5cd6ef7ccffd17e417bb429686f0ad38c8b5e35a6222f83aa3	38231
027_advanced_powerpoint_line__pptx.pdf	ok	16d7e36faff31fef138bf3d6e6399a9a41921d0e3afb81b9e950f2c6034e9a61	45398
027_advanced_word_chart_report__docx.pdf	ok	764afaf0e46027b006b96c965401b6646b09a070bdb81d31cdb626257fe78a9c	56182
028_8-Point_Dual_Hub_Comparison_d6c5dde5__pptx.pdf	ok	f46a595641e08bd0be1c7d230daed860ff7dcf6884ef94ba47637636b8b5719d	104736
028_Budget_summary_report_4aeefd13__xlsx.pdf	ok	c5df2505c242e69613596a1d624d46334d64941c2a4a904bb6a869e91720a508	75513
028_Unit_Circle_Chart_Optimized_Graph_83d9c756__docx.pdf	ok	95408b1e57361ac27951c271ab9a2e0a2be72606c8725873711646c1a96c06a2	33323
028_advanced_excel_doughnut__xlsx.pdf	ok	ad2a7c9d0ef13d20d8e49a520091aec8ecc1476d989984b5c66edf52ec9ce495	38134
028_advanced_powerpoint_pie__pptx.pdf	ok	34a38e00069d61edf138300d2fea0b803ec525cdd6ca5a970ba10cbcabeed294	44415
028_advanced_word_chart_report__docx.pdf	ok	5305ca8aeff7d6fdadbd1607e5a75d3dcb29dc31ac21c002a14d6315988c1a60	58459
029_8-Step_Neumorphic_Cycle_Diagram_b9b75044__pptx.pdf	ok	6bf15726592032bbc0134eb05192b6cd245b6335b6ec01a8c6d1c8e0c7a1b524	100009
029_Annual_budget_Use_this_template_30324a97__xlsx.pdf	ok	1988a8617e09e5ecffcb5820ec78e36bb137d1d5faf4ae70d865d2eac91c29f8	45380
029_Unit_Circle_Chart_Pie_Theme_8a922142__docx.pdf	ok	dc1c1f7c5bb53dd8bfa70da5679741a740584b6df8c5868dc1b58c1d5b65d937	28401
029_advanced_excel_area__xlsx.pdf	ok	53accaf8a0708d7a5d59c15fed62dcbcb6bfd5b553237d30dda2538bf83f7128	39923
029_advanced_powerpoint_doughnut__pptx.pdf	ok	fd52dea81615d9af4b7f419d22a8d84d7bbf9d6e5a9887863386e8bc22bed57e	44363
029_advanced_word_chart_report__docx.pdf	ok	78e585e94125699adda7fc78a1d010f09e997b870552931d6edddf211e318b02	63567
02_REDAC_New ATM briefing _March 2017v2__pptx.pdf	ok	593638bdf08699abd91f9b861ab0887b0db0b2722cabb7f06230fc5127216334	639612
02_mcar_part-2_and_IS_v2.10__docx.pdf	ok	6b755ae2e08af99aae853566af7c6a38c406c47a921171f3e0712b93ad452b48	562836
030_Abstract_Petal_Diagram_71aa5e3a__pptx.pdf	ok	21be82194a42059eab263b8e5fd2864452f63bb167b208d89446b2021306e2b1	93992
030_Basic_balance_sheet_Use_this_template_10ed9144__xlsx.pdf	ok	aa8163fab2d26712b7fc4f8299d0e4a4d16123423fa27569e800da4e5f47e865	51703
030_Unit_Circle_Chart_Points_System_23b5ef07__docx.pdf	ok	c2c1012697097555b9e4e7ee16195d5e69e45805615768dad49ebbd0a0934151	30032
030_advanced_excel_scatter__xlsx.pdf	ok	28e28ddfa87fd2eb0b276ac02a7e7a128f8c5ddc18b38811598a9befa70b2be5	41939
030_advanced_powerpoint_area__pptx.pdf	ok	045ad6f922b0678395af4a1c63a8f90399160e2460ac160ec0242046af864970	44159
030_advanced_word_chart_report__docx.pdf	ok	3a0fc36d04cd6914e245b42c8a01e1e3b1724ccfb8c8b88f7970ff2946f9f624	62172
031_Alarm_Clock_Pie-Chart_for_PowerPoint_and_Google_Slides_0b185a05__pptx.pdf	ok	906b490a768741e4533cc3dc629cef41f214e19dc6b3a723ec430c3fead5b101	65230
031_Business_expense_budget_f3a46278__xlsx.pdf	ok	a12be24ba1da4839e52363dd57d0429f2493fa6239a833c93572438b423ef18d	60435
031_Venn_Diagram_Template_Blue_Theme_a9e417b8__docx.pdf	ok	5af0aaf0e02c2621dd13048ede30c4ec33d6d52562a1be7e4101b25ba70d7664	23235
031_advanced_excel_bubble__xlsx.pdf	ok	b8fd4b4958be6688d8a969c72ade0b3f22462f46226988077b966131c796e76a	40331
031_advanced_powerpoint_scatter__pptx.pdf	ok	bd0fd801fe9a8f1cc13b34d9d09c9e38faa1336955b5a8862d3c46d2e8c0354a	35803
031_advanced_word_chart_report__docx.pdf	ok	3598fb5bd3f287957daedd0683f08b8f91d1120329b2fd066d271ce5f173e72e	68155
032_BCG_Growth-Share_Matrix_560d0485__pptx.pdf	ok	6f87b4acd928c4c4ca0061107ed03e429a01e3b4220d64fcbaca3d989ee1209d	101306
032_Business_expenses_budget_d377eaab__xlsx.pdf	ok	bc7f62a9d8bc719aba02241a376b79520e739daf0cca7b48d219ed905254bd4d	116970
032_Venn_Diagram_Template_Brown_Theme_d5b549f0__docx.pdf	ok	cf59be3a042ef8a4eb481f96b60d65f9366458261fc1f876e1500dc58c2ff76e	13180
032_advanced_excel_radar__xlsx.pdf	ok	6897f327b770b162f0a47e482a8364cf561b5c2a4952cde0cb563136e47240d5	39178
032_advanced_powerpoint_bubble__pptx.pdf	ok	566b3041c720f05e516e0add4f1805eec292545724c83e76f54c84648ed1291c	36511
032_advanced_word_chart_report__docx.pdf	ok	97dabd0de73f5e4e745cb0596ccd0812412e67606bbd294a23d51ed6e81c2f7a	58656
0335fab9-79f0-4944-b92c-f223837ca2d8__ppt.pdf	ok	22f3233bb97308889002018e68261dc47c70a5f58af6cd29f5cc8655add8bea4	587482
033_Battery_Percentage_Chart_c99c24b5__pptx.pdf	ok	1e5709ae02913af845487debbf770f3e73d39ac1a56517949c9643669ec4ef36	88920
033_Event_planning_tracker_Use_this_template_f29a848e__xlsx.pdf	ok	328382d644e65c974e7bcd230f341e133ca2be2ef92754cb55b41c0042be2025	58684
033_Venn_Diagram_Template_Colored_Theme_2aea6697__docx.pdf	ok	4d8983cf5de28ff830fd1de37b801a7f3cf230252e98bb259997521a9b2fc9bc	13217
033_advanced_excel_bar__xlsx.pdf	ok	10d9884d7be5299519ac3f9c451d3b85d3a39b89b4edd3a2da20928fa86b305c	39646
033_advanced_powerpoint_bar__pptx.pdf	ok	6be575cc108ad4e17731faab3d743c85a781e4061ee30338b8aa00034bb24991	43884
033_advanced_word_chart_report__docx.pdf	ok	450fd6d82c466cdcf652777f17afec73a6cad6ec2fddc268be3c409b759b7f3b	57192
034_Central_Idea_Hub_Diagram_8258e6ad__pptx.pdf	ok	62e66f0669c243e4cc7bf6b528bc24481000348af7b9e993ca914111d212380b	129736
034_Personal_net_worth_calculator_f7b8fb57__xlsx.pdf	ok	1ebb0a988b5e3aaf3fa6ea0243edf6159f264b432b3f9fdfffe7dc5456fc6310	37620
034_Venn_Diagram_Template_Customizable_Format_d14642b7__docx.pdf	ok	cea1ab5f4afe21b67fdfe53ce4fb4dd010088c13f84641f35b8fe0e430aa847a	13517
034_advanced_excel_line__xlsx.pdf	ok	7aa43c4b5010b3b04f2a461a3626af947f92feb66016b1a36c4db758b7d828a2	48853
035_Chemistry_Column_PowerPoint_Chart_45bf8a76__pptx.pdf	ok	ca6dca09d9bb42418a55946630f8d03bd5a68cd8abecac58a438b5eb5726fa41	67580
035_Project_plan_for_law_firms_aa2d4462__xlsx.pdf	ok	b26da4012151ea81520aa3b24080a8dd9dd54ef31cff2e27d6cdda1c82a1ade1	79957
035_Venn_Diagram_Template_Editable_Format_966dff5f__docx.pdf	ok	eb84ed7ec2fedb36862109803f8c8531e462e810e688acf97b4aa4d8054d864a	24840
036_Chevron_Process_Cards_3c8f0ea1__pptx.pdf	ok	4ef2156731020efb6ccc4ff4c4ac84f5cda2288d1806e59af3b0841cc8f7e54a	113617
036_Simple_to-do_list_Use_this_template_ba44373b__xlsx.pdf	ok	4fa7906a7524fcd1997cadd1f2ddcd6569d058eb87b33686afd62cbb75cb4008	20309
036_Venn_Diagram_Template_Fillable_Layout_3ffbba36__docx.pdf	ok	5ca9e4aa09617486d2c0007af1c5addd741042110796550bef9ab27e00a0676e	21302
037_Circle_Matrix_Framework_44bc5218__pptx.pdf	ok	617a2feacb78697dc10ccd89839774310c9a134e5adcb238aa5ca89f6ee29382	90905
037_Personal_money_tracker_a57957bb__xlsx.pdf	ok	57ccaedea6776a53c3ee9de9d657397e8bbad44b92c37959f1b4e2654c9fef7b	71301
037_Venn_Diagram_Template_Four_Circle_764829a0__docx.pdf	ok	f4a774b2392df8e3c37c81e4f93b6194e2d937a0a97fda5417a3eabe4809114c	12400
038_Baby_growth_chart_bb9cd672__xlsx.pdf	ok	0c7c99dad6033342413dd243bc2ff287f8c5d4a3136e121d8743ed8a0b39532a	45865
038_Competitive_Advantage_Card_for_PowerPoint_and_Google_Slides_373720f6__pptx.pdf	ok	da735f510d5a1c2299157500c1fed58824b943beb254eaaf74cd9b014896c7b2	83091
038_Venn_Diagram_Template_Off_White_and_Blue_Theme_9dff385e__docx.pdf	ok	1333e01f1ed6835a6d52ab3fd0e8cd411839329cb8fc2e79fbe6ca9314a726d8	25614
039_Baby_growth_tracker_e295ae56__xlsx.pdf	ok	b638c7f0eddc1575bf570552fcbd1788f7657e39a3786269ce1e164df36f0891	52730
039_Consumer_Decision_Journey_for_PowerPoint_319207e1__pptx.pdf	ok	5e9db0c82c45a4c3602da4a689685bc8e1c75094bd00120f8414f68f4fe1db41	56262
039_Venn_Diagram_Template_Simple_Format_6f82661d__docx.pdf	ok	b76562787b17c94d677c4e9de568b57e6aa3878622e0dbb2e341126f2cebb5fa	23881
03_Technical_Report_(progress)_template__docx.pdf	ok	36c63bbe06882756ae097d7a0654ec9fb8d309946adfbe0163b22d52a0c82f3c	224872
040_Blood_pressure_tracker_872b6833__xlsx.pdf	ok	a53431e7705c03b6b12167a1ce97f7c0cec40a6a4374c464fac8ff69896a3af0	31840
040_Crab_Diagram_for_PowerPoint_and_Google_Slides_13d38ff3__pptx.pdf	ok	aad5fabc3f42c6180c948856d9a2004a679b91981b6e2237a6361afd13598428	85083
040_Venn_Diagram_Template_Three_Circle_80f32f5e__docx.pdf	ok	e8859b0f7fdec0f9a28df8aae946424624ab66b5ff51eb64b4df662e93c0fb2f	23074
041_Business_budget_ef942467__xlsx.pdf	ok	fc20e55df0f38c44d0a4eefc150b416f09d5a80c5b999ba285c83b00c3f4e986	38819
041_Crosswise_Quadrant_Diagram_ea8bdf52__pptx.pdf	ok	bc1e95c63b4aa98c40d645c93100a1b4168e777ee8a6440a6d00f607ab321888	91893
041_Visual_Product_Roadmap_Template_Blank_Format_63a3e010__docx.pdf	ok	7431f5233ca4afea8e1354dfacc57d68954e2fe8ac45c1dfab3906f8882a2c68	32982
042_Business_monthly_budget_4e4d092f__xlsx.pdf	ok	c94e7b94774473efcbdec97bfe1acf7cce1c415e7db269fbafa972d028f1f044	37171
042_Diamond_Hub_Infographic_a60cfaa1__pptx.pdf	ok	1d66375c1e26b6946bedc59443e9768cb64025c01c853aa050ef62ea11b50520	103660
042_Visual_Product_Roadmap_Template_Colored_Background_89385cfb__docx.pdf	ok	671e4615776272f5c02556ff2eb893ec063bbe84bdb46f3a2283ccb9ed58bcd1	43423
043_Buy_a_car_vs._rideshare_ff07c7e6__xlsx.pdf	ok	b91614d4223d8b0f0c3de631645e694cb316a36667651d8dc772beb1a8644bf1	36115
043_Dual_Horizontal_Hierarchy_for_PowerPoint_and_Google_Slides_5074b09e__pptx.pdf	ok	82d3970e0c9b7e08c8a393ecc4a7d7f1ddf623b7e24ecd6696ed63940bcb1c94	82072
043_Visual_Product_Roadmap_Template_Customizable_Format_ee0fe5b1__docx.pdf	ok	f6e31c1864edb62a9026c8cf2993d37c96b2356b8bce42f77e6a2ba3dbea69d0	40358
044_Cash_flow_forecast_Use_this_template_b8fa1f35__xlsx.pdf	ok	ea772b3f67f5a109bbe3ae90dbbf6261b277d8f03d57640d196a712b099658ad	30617
044_Dual_Mind_Spark_Chart_for_PowerPoint_a83f890a__pptx.pdf	ok	0ee9d31674ac448a0fc4f29998b7d2c235b28eb33fcda7051edf432bb4eb5d20	66259
044_Visual_Product_Roadmap_Template_Editable_Format_c232a2c0__docx.pdf	ok	c4af71acd5673b662987eb78fbfdec349fcb09b5784ad3a9e22dd411b393fe1c	31969
045_Check_register_with_chart_4becb8a0__xlsx.pdf	ok	6246502613e39db5673719fd60e9ea575cabb228154c8cb719dd67f51ffeca1a	317007
045_Dual-Segment_Quadrant_14a57221__pptx.pdf	ok	66cd82f3de3be81f84e3e25a648ad3452d4064d8a486a131a6b1c36eb34a2c29	91843
045_Visual_Product_Roadmap_Template_Excellent_Format_e364063c__docx.pdf	ok	c23d09a9f180e25f934cffafae9a7f945a4ab8dd52f4c1d76f59e9ec365d36bb	40464
046_Cost_analysis_with_Pareto_chart_7db5ef69__xlsx.pdf	ok	40f7d9474b3d336a2cc7dc6956627ea3eb57c6edd1e1d54ac5f439cbb0cb620f	42979
046_Eight-Point_Strategic_Compass_35ee62de__pptx.pdf	ok	9234db85c00971adb8acc44483322b8f66420fa98fd0a0c7ccf8dd071a380b6e	100444
046_Visual_Product_Roadmap_Template_Fillable_Format_582acab0__docx.pdf	ok	98015374d8b89a42041d75ba6462c06522d243f7f082f7073a91172b22af20c1	29741
047_Date_tracker_Gantt_chart_bf34f3a8__xlsx.pdf	ok	f7d85b4a982d234708130dec1757b56d6175f0ee70a16a2b5dcf5bfe59938aed	56439
047_Female_Radar_Brain_for_PowerPoint_and_Google_Slides_c2a541f6__pptx.pdf	ok	67bc03411d9db31fd0363659d43f4b6d2318a15250adfee7086f9dc2cd57d854	96900
047_Visual_Product_Roadmap_Template_Professional_Layout_2ff4499e__docx.pdf	ok	a29dbff37d9c7398f571fc94056f66c035ef3ba242196ded1e672dfe0929cb60	36516
048_Expense_trends_budget_18d1e8ba__xlsx.pdf	ok	ac171b59e07c7dea7afb79d7cda093dc67cd48cbf45bd3e843d79574d96af227	62922
048_Five-Arrows_Converging_Cycle_bb192e27__pptx.pdf	ok	6897cdc61cf3e34dec79775054f1f1a657a16d5e123a5001ffbe95362b819775	92521
048_Visual_Product_Roadmap_Template_Quality_Layout_f38f7aee__docx.pdf	ok	0bfc209ecda916daba060f92003c4604d2a5a1e7f0fdfd26e9094a62cf9be04a	48941
049_Expenses_calculator_c351f3d0__xlsx.pdf	ok	0935bd7135118ad7fbac8111f5ce17c222f32c844c917c82875affce15a20fd3	61352
049_Five-Block_Hub_Spoke_42ee8593__pptx.pdf	ok	5aca24a158bd6d7909d71ed51152cb794ed541598f8cf78087d7d9940a450acf	100474
049_Visual_Product_Roadmap_Template_Simple_Format_4af26e4f__docx.pdf	ok	bfae1842c08489ecaa3a1d1b3f0ba142c6ff0e5ac1c51f17e7d5d59eddebd3e0	31770
050_Financial_vision_d44241e1__xlsx.pdf	ok	a7642c41bf62f36de81952902ae6ac86248e138895c5874af83dbfa67ab8af25	27874
050_Five-Point_Radial_Hub_00793e08__pptx.pdf	ok	8ba5255a5d5a4b268d6147206e61c8d70310f4ee85817496773e8f48f5ad53e7	121072
050_Visual_Product_Roadmap_Template_Yellow_and_Blue_Theme_49b50744__docx.pdf	ok	149d33f0d28f04be5159db20e029183897608e68edd8affef77f929eb238fc54	66326
051_Five-Stage_Zigzag_Timeline_2bd39be9__pptx.pdf	ok	e461fed4c0effc2ac65796e19fbe6a6d855e73394612b8223422518313208a40	104095
051_Manufacturer_defect_analysis_53db27ea__xlsx.pdf	ok	5d8d04ee1ba29b1c4e0dc763f45ab29de384d0f6d549975eb62985d3f8b3309a	28042
051_Organogram_Template_Basic_Theme_e6464d06__docx.pdf	ok	49cc301123933152f841eae4a4b237f75d1d6dca40a5f1ca1caf07eb38ee2454	16292
052_Flame_Percentage_Chart_d27d49c4__pptx.pdf	ok	e0224790244c1e03fe7a655822b8e7e659b02edd2494e55245ba43928f6931dd	89168
052_Manufacturing_output_chart_88570318__xlsx.pdf	ok	7388d6b3dcd575326680bcc0f34e7e816fe1e9e74c6203c94593c309cd89dcf3	17504
052_Organogram_Template_Colorful_Flow_Chart_cba9fbfe__docx.pdf	ok	b455e15e78c954ebb3664ac3cc96a061242d20fe345b9c85d6f548219db80be9	13274
053_Flow_Wave_Process_9c0082f4__pptx.pdf	ok	26d7bc4177da29d9b8e54255d25dd774b58857ba170f33a0c03060bd74ac48ec	107560
053_Organogram_Template_Creative_Theme_21657a3d__docx.pdf	ok	b33e74f30879b0e2492dc4843ab8f4fa263291733a96ff62eb4f0235a977406e	11857
053_Personal_asset_inventory_5446d84b__xlsx.pdf	ok	d0a8e319f4dc40c6badb1a7edb6c8269028c2a72fd62d54ae4de9eb04685a354	30597
054_Flowchart_Board_Game_for_PowerPoint_and_Google_Slides_1b047962__pptx.pdf	ok	0037fd5d0296fffef5f8d1c5dc2d12249510d912791c2e83213db0c34875d080	68485
054_Organogram_Template_Grey_Vertical_Theme_b2dbd9a8__docx.pdf	ok	22e3d46116ce7797cf8070b4ba0348c32dd7bccb4211bf0e8776bc08f26140e5	11882
054_Problem_analysis_with_Pareto_chart_11058329__xlsx.pdf	ok	907aef15a6eeab4f306a5ade7d578aefe82ed56683c266c3ef6495ac495ec564	22995
055_Four_Pillar_Hierarchy_for_PowerPoint_and_Google_Slides_6b42ed18__pptx.pdf	ok	af65851c163e2ed7129f5b3519223f26ee0009692dfd3d349c03df3e3a8ad964	65732
055_Organogram_Template_Horizontal_Structure_28a7e725__docx.pdf	ok	b149684642b9776f37c643f598eaf100e53f3fc57f248a832a410c879f485f84	19608
055_Project_timeline_with_milestones_Use_this_template_546cecc0__xlsx.pdf	ok	4d3c4033ec333d9637afff80a12a5978601b5addc97d1a4eef7516eaf2175a43	38144
056_Four-Block_Hub_Spoke_134b89d1__pptx.pdf	ok	7c00a86c7d85122f5298be9f8ae0bd1295c3bbdb5f1e1d0694c9b3f27c97d1b3	99365
056_Organogram_Template_Square_Theme_38f373d4__docx.pdf	ok	232cbed4dc98fd4094b21972efe28644ad14c97488ae9fab7582f3774916ba44	13167
056_Quarterly_sale_report_baa6bb0d__xlsx.pdf	ok	56a06d1b2dd20b7d1142af26ccdeb9d2d7fde37c3404679b913c42208dc0b342	59289
057_Four-Branch_Diagram_for_PowerPoint_and_Google_Slides_ddf5d27c__pptx.pdf	ok	d90f67e833b61457a6a269051cc2e947d6509fde5b1711a2f28da46ec553a8c5	60475
057_Organogram_Template_Vertical_Colorful_Theme_724b143c__docx.pdf	ok	ae219381a94ae606793e581047d198c5c3450bdfc4cd5e1997f806d885214acf	21315
057_Simple_balance_sheet_Use_this_template_e2d4cbb2__xlsx.pdf	ok	6e1eeae01798b011a5194a2adff9d4922d37d7a661eabb53497d7edede0cf861	36178
058_Four-Direction_Divergence_Diagram_for_PowerPoint_and_Google_Slides_9838e28d__pptx.pdf	ok	c42fed28286270d736ecba9a8a56ccdc9344d9d93889da783b62ccc2e8683f14	63759
058_Organogram_Template_With_Picture_Theme_44b79368__docx.pdf	ok	9dba261c7e121da5d01e453292728cb35b778d904ef174fb083d3b1172fa3e5b	16759
058_Social_media_engagement_data_cfa1cb18__xlsx.pdf	ok	3a53b7ab3c45c9c93f287600547246034c8a3f72aadcc3229881d674f45425b3	17455
059_Disease_Concept_Map_Template_4acf63f2__docx.pdf	ok	7f6745bcba5861df48079b1190e7ba069ebcd5a4f3c315caefea225ddee0a8ec	52405
059_Four-Part_Concept_Puzzle_30cea7e5__pptx.pdf	ok	614606b4d999ac0d927d316adbf93f4abcc0ad38ed223bd26cfbeff87dc0a560	157724
059_Milestone_and_task_project_timeline_Use_this_template_24f1e8f1__xlsx.pdf	ok	92ea1b2d99055542495244322b2a5f866571ab4f4075656725f2b31032a75eb6	57863
060_Four-Part_Radial_Core_Diagram_40d6614e__pptx.pdf	ok	f40b0bbc3af70c90cb8a19984d12d81c7ea2d7aa833378d26e26fe30d064e09c	135135
060_Human_Body_Concept_Map_Template_ac872cfb__docx.pdf	ok	bf506d0722ea247969f64f5a9b684fc2e64354138875716cd1935fca34243a1b	24060
060_Monthly_company_budget_47b2a99a__xlsx.pdf	ok	98df679da030c5fb3f6b61612cc6c3b4ed38c7b69f5bf41e41659176239eba2c	33542
061_Four-Stage_Serpentine_Chart_05699efe__pptx.pdf	ok	f679b13785bd2c0295e5269761ad3c99e6d2d9f1dde71a25626006bb937804e3	89880
061_Nursing_Concept_Map_Template_fb9816f0__docx.pdf	ok	5ac7141d441d3e2dd21985ffabf5f76f8f4f65b6c9cc3a4bdf41ca48a00bf1e4	26292
061_Regional_sales_chart_cb9eb690__xlsx.pdf	ok	c1127ff8412845d8b797522e87be0763bf9aacd5d541396d87e0c6b96b9ded6f	23875
062_Four-Step_Growth_Staircase_8a3ef338__pptx.pdf	ok	e8a37ec5e30b7f61ee067033d0e5e1d861f3290726333b7ae229b7b2ae080ece	104292
062_Run_chart_cb7476ea__xlsx.pdf	ok	5c0ae14fe741b47e389c89c974313dbf06d3a3f6c5d4cd6f7ba7ebd4dedf7339	51448
062_Vocabulary_Concept_Map_Template_2f7c1c09__docx.pdf	ok	7b121c4e15abde5d41d4fd8964ef98e31592bb8ac26d17a9769de43ca2a71f20	106214
063_Foot_Reflexology_Chart_Complete_Guide_cf5ed992__docx.pdf	ok	fdc9b102eb8ba41412305dd8e0c769c9318420b478904ab92384cb55e5f8e6d8	324664
063_Four-Step_Infinity_Loop_3480185b__pptx.pdf	ok	cae028d665769f5e47a6c4d69997df429541a9a500026639dd728ad9505801b0	101563
063_Sales_pipeline_aec57013__xlsx.pdf	ok	ada80c3ed8788e72026369e853c548eede52e90119e4bdfa2fed15c9c51e236e	29543
064_Foot_Reflexology_Chart_Customizable_Format_79b7db06__docx.pdf	ok	593d2687d8f8b429a9bed60d0ebeff1e044ec5383a8392554030ebee14ce560b	37005
064_Four-Step_Success_Cycle_30c0a917__pptx.pdf	ok	260b355bd67ac4b8ee36f846057fa3f7a0af3da29c26ee920bb0b86eb140f1a9	108950
064_Small_business_cash_flow_Use_this_template_0a640756__xlsx.pdf	ok	8b755de8ae7ac9b46543fc46414f6e974cdc07e64961e2572a062c7d7040d592	67291
065_Fourfold_Ribbon_Rings_for_PowerPoint_and_Google_Slides_39687419__pptx.pdf	ok	56a66ec6594be765738f34e639191f86f72a61b58b3cb7426ea74273eb5f6678	80286
065_Weight_loss_tracker_ff1c89af__xlsx.pdf	ok	ce5fa70319ab81c7a64c8b7082b445cb55e5cf3d09e390187796145fc583ff72	33642
065_Work_Breakdown_Structure_Template_Blue_Theme_2b207f62__docx.pdf	ok	dedbffae44dcaf50b4e962952f3d6477f67f38ab7323829df646b96ccfca63a0	21273
066_Agile_Gantt_chart_08f9de45__xlsx.pdf	ok	1a1ceeab5a892da3091dff8d0d061222fb57304922016e9c86221ddc9f28c4d9	62269
066_Free_PowerPoint_Layered_Funnel_Process_c0b380ec__pptx.pdf	ok	7fd38746424afddd9ebf51d52d25454d34fc41830426675ba45838b0c9d12506	76984
066_Work_Breakdown_Structure_Template_Colored_Background_c27ff248__docx.pdf	ok	66edb4f5cfc17871e4fafcf192f4d27f79d56d9e344baa299db384984483cfc0	17672
067_Basic_invoice_Use_this_template_1d35c3e9__xlsx.pdf	ok	57bac48548678e86f7249f7917be33b46c95d86b6373371966f4abd4d6ba61ce	34733
067_Free_PowerPoint_Layered_Funnel_Process_4_Stages_4deb9647__pptx.pdf	ok	e60c701607e2e434e2df87d9bbb84097e9e017a3a029bd548a38b0b8676ea422	63796
067_Work_Breakdown_Structure_Template_Gray_Theme_89f8be8b__docx.pdf	ok	5b6bda26582eba51e3f970dd6e8f323d826ec146bc856450b3517ad100152eac	17459
068_Blue_inventory_list_Use_this_template_f9908489__xlsx.pdf	ok	e3614d60b9b3d1da2a5801ed3cde17a12dd841d530752f23c625512372e020aa	30047
068_Funnel_Diagram_for_PowerPoint_with_2_Steps_437e4ba7__pptx.pdf	ok	6e7518340ac2cde700769becf65140982cca027f0b520ee196700c7037af923e	31919
068_Work_Breakdown_Structure_Template_Green_Theme_63e69ed8__docx.pdf	ok	a37209ccdbfb33d274463938e552e908706d139693eed1325c81f21b552c624c	28153
069_Blue_modern_balance_sheet_Use_this_template_6b4d70d3__xlsx.pdf	ok	32b5c1d2db5eb8e2530906281895e516992a71305ebf330395343fa00c3de969	29524
069_Funnel_Diagram_for_PowerPoint_with_3_Steps_f96396fc__pptx.pdf	ok	eff309c09cc58c59c3580b9ef2a1cbffc7de4497d85b1dc29004d8daf97606a1	32396
069_Work_Breakdown_Structure_Template_Professional_Format_1e02dce1__docx.pdf	ok	4b0c374bc4ed75236cc8a5c119bb12596e81e41afb95f0fac15f174bf0972e4f	19504
07-04__doc.pdf	ok	b4be8b970acd8c3768085795b4bf9e1a6c534ceb97a413fe53e5b439a2671d67	69528
070_Equipment_inventory_list_Use_this_template_fd524c8a__xlsx.pdf	ok	efbcbea3620955d8323503d9ddc13f5aba4fb0d43e734d7cb46625c36643a623	52421
070_Funnel_Diagram_for_PowerPoint_with_4_Steps_975f1642__pptx.pdf	ok	4dc3bbb526d1df5899c94d52cc679f88d2dbc4591cab94a6d57df1fc82843b9f	32828
070_Storyboard_Template_Blank_Format_fc41673a__docx.pdf	ok	623948af57a296dad8ffdad7b4704078cccf310e2834e8770ff8ddb4c394dc69	233946
071_Four-week_project_timeline_Use_this_template_4f05db49__xlsx.pdf	ok	b1e0b7b6ced4feb3e7865d5808d767a6801cb515f9146547793a2a4375eb01fa	56912
071_Funnel_Diagram_for_PowerPoint_with_5_Steps_5ceacdec__pptx.pdf	ok	d8665e6ffca48a6960c88fca5b0aff26c297f393aeb277b62776575eaa9594c6	33592
071_Storyboard_Template_Cartoon_Theme_ae113de2__docx.pdf	ok	b52102ef6dd0adfdbefe0b1a3eacca0fb64ee74e53832906bdb1c9497ae4d51b	307158
072_Gantt_project_planner_dde00e33__xlsx.pdf	ok	d0b3de9c8434f197ef053fe471ab1b1f5c386a1777597734f4b212cf65f13fbc	51208
072_Gear_Pie_Chart_for_PowerPoint_and_Google_Slides_d464d3a0__pptx.pdf	ok	765a450c8fd48e5319856765e64971462f03096d30d4abe7bcb7e794a1a66962	72161
072_Storyboard_Template_Colored_Theme_28524a15__docx.pdf	ok	04b441eb2ed96dd2df1a10a705d8c5b5b82ad9fb16c576797350346f34d1c2d1	228197
073_Graph_paper_6e1a30eb__xlsx.pdf	ok	3d2bc920530b12025c39887b179e18bec0bcbe53da26de1bad4cf28fd0e56843	24948
073_Halo_Radial_for_PowerPoint_and_Google_Slides_4bd0918b__pptx.pdf	ok	2bb30e9b55e84bf37c78df2c8e6b23437b5622f240c4a6d3e68126ad55244e3f	109592
073_Storyboard_Template_Easy_to_Use_44ce05fc__docx.pdf	ok	498ee45cb4f3903e82068072711a25b6eb7a539098db04558c81ae06465c5519	237512
074_Hashtag_Matrix_246eb8d9__pptx.pdf	ok	132dbf1c8c498f7f78235b88047a0b4b5b25cf80289b173b441a998c49cc9fd7	89836
074_Idea_planner_bacaa123__xlsx.pdf	ok	334793e056e2e507d670231c4953f0bc8e015433db8ca413f4cf5dc7f8efb707	27274
074_Storyboard_Template_Editable_Design_132436d1__docx.pdf	ok	9945ff99680846f8337f67ff935abaeb415178a62a66d622818be56b48b2f49c	28552
075_Heart_Arc_Radial_for_PowerPoint_and_Google_Slides_a27a3021__pptx.pdf	ok	e058e25d39a7b200077ca22a096abf6bdd439199b932976c6797eb3162b6359c	90529
075_Idea_planner_tasks_f44ebd73__xlsx.pdf	ok	f0b5fd72308be9132fc5639545ef16fdd7c99fe786556e26eee88268bc922d2b	31103
075_Storyboard_Template_Fillable_Format_7fa01641__docx.pdf	ok	7a09a98c6d745202e6fa13f0b401be86e68b3b8a04cc3d3f385663a4ec8fa79e	256371
076_Hexadonut_Charts_for_PowerPoint_and_Google_Slides_2b879835__pptx.pdf	ok	9aa0f1cf4562dfbfd87e167232c41add9d141298c0f3bd3d2a44597c68f71143	61356
076_Inventory_list_accessibility_guide_Use_this_template_f43dab19__xlsx.pdf	ok	3cd1d8bd389ebb4b842c43a7b848cbdff26608baf6dbb3cd9c7a7c1dc877b06f	305005
076_Storyboard_Template_Gray_Theme_1e5fd5e5__docx.pdf	ok	744d923e81f10ad7fc85b7d674892aa60da7233c18959c2043ffe4085f55ee73	215996
077_Horizontal_Org_Chart_for_PowerPoint_and_Google_Slides_8cf07020__pptx.pdf	ok	21ba4b91c0fd306b86593fb2291651dc8c7a0d38ad31f474589a3e11ada652d6	80077
077_Inventory_list_with_highlighting_Use_this_template_36d8d57a__xlsx.pdf	ok	0eb9f1401e2249019da8d028540e65de133b9563a6d936ef9d641c2ad68ab37d	24337
077_Storyboard_Template_Pink_and_Blue_Theme_805e82ab__docx.pdf	ok	fdbf3005e524610a23421d602b0d42b313926dd7cd24f24b6ea0244b3578fbbe	70926
078_Horizontal_Pyramid_Org_Chart_for_PowerPoint_and_Google_Slides_70ea115a__pptx.pdf	ok	0657a9b36f3eac01753434fe608e86aef474822714d1865c33c127faa539b9fe	75072
078_Modern_inventory_list_Use_this_template_41abd5bf__xlsx.pdf	ok	8a2648b546cd142d0ec811cfdb57aeca976684f0d7dcbdaa7001266fa33a052c	19308
078_Storyboard_Template_Pink_and_Gray_Theme_ea89553f__docx.pdf	ok	7013d21e5a4d8c98fa18bcc31f2b6f867812acc199e436471062cf044238d93d	2106350
079_Horizontal_Relationships_for_PowerPoint_and_Google_Slides_a3d35f63__pptx.pdf	ok	2b2acc49a7f8cf8af70311ae0985f7582be2b3800a751014abb0882ff42574cb	74176
079_Org_charts_visual_248d1dcf__xlsx.pdf	ok	ee9adabf2c947886fd7373ff1253f15ca10a689f521b71bca5eb96c1da91625b	44178
079_Storyboard_Template_Simple_Format_81653703__docx.pdf	ok	53cb4c957bc4d6442e47641300bb1e7cdefd9213b126b2b138a468a161a4247d	269414
080214-Intl-pol-frameworks-and-their-implications-for-Africa-ISS-workshop__ppt.pdf	ok	314eebcac71afca21c770c45a6e637ac8c425ba68268a209b34fbcc0e2fa5942	818406
080_Infographic_Cycle_Venn_Diagram_for_PowerPoint_2e3cdb7f__pptx.pdf	ok	82596640efe5115b766acf00af720a30cc827184135db537aa3584a82c236b4f	67295
080_Printable_Graph_Paper_Template_Black_Theme_6b066be1__docx.pdf	ok	e7e0fa98f8cf2e31db83129f2deb4317bf786dce3fcd21e71ecc1788560ca6f3	11500
080_Profit_and_loss_income_statement_3566dae9__xlsx.pdf	ok	d1559fc62fd5c74dba85057b39e18ed8956c4a93dc974bb1ca079ea2878fd6fe	45999
081_Infographic_Funnel_w_3_Stages_for_PowerPoint_28e26b31__pptx.pdf	ok	ad6471796ecac49893c4fa549e53d37c37ea8a95bbe9121bae0f9c51dff2d06d	90202
081_Printable_Graph_Paper_Template_Blue_Theme_629316cb__docx.pdf	ok	38a93e83c9c8cc93fd1852cb86803b2a7b9da7e8a3e867a7a4831aa46e95f091	22952
081_Project_performance_report_Use_this_template_be2468b3__xlsx.pdf	ok	471ec8b1c09a5895a506fe381362a435216b85d7882ab4969191697f32c9606c	48314
082_Infographic_Funnel_with_4_Stages_for_PowerPoint_72d4f125__pptx.pdf	ok	63a5a6adf23116d47781f78cd1eeb9148faf977067cb53afd4141aca1175043d	99486
082_Printable_Graph_Paper_Template_Colored_Background_9092cf9b__docx.pdf	ok	d37b4b8d08da8a36367f90b1eedf2080670e2726a52099c9d56ce3eff38cdb57	19481
082_Project_to_do_list_28f80082__xlsx.pdf	ok	980cb206d7e9297be1fc81d01ec328e92b6c15c3c4c7fe28d66c9353fcabec23	31327
083_Infographic_Hexagon_Cluster_for_PowerPoint_and_Google_Slides_ef811a12__pptx.pdf	ok	83ec3c2849d0ca12b4c38e4f9f96a27ce126187ed4170395fa54c50ad85037d7	94980
083_Printable_Graph_Paper_Template_Customizable_Format_55ff93a3__docx.pdf	ok	924370f71b117f49ab88f7b328686420e06bd785f649836dcadb714c95336e91	10324
083_Project_tracker_Use_this_template_b38d057c__xlsx.pdf	ok	4b4bf90f84bd82c7ccbcb5b71a7af9b30b0745a0df73262b160001368e5be648	23494
084_Infographic_Hierarchy_Tree_for_PowerPoint_fda8141c__pptx.pdf	ok	4978a9be98d2322cfd81192a78a7f1cc8efdc6ae15b8e0df9e6e5967f89a8bb0	77414
084_Printable_Graph_Paper_Template_Editable_Layout_d66c6820__docx.pdf	ok	86eee610397c096d9417d1d86df3f3ec38f1520b41f98a777d0d2ccf299478d6	19924
084_Service_invoice_Use_this_template_c92b43dc__xlsx.pdf	ok	12ee59cbf0f226abeacde4bb2c0f804d013278b56232f597f45e86a88ec642a1	44230
085_Infographic_Org_Chart_for_PowerPoint_5_Blocks_3870252f__pptx.pdf	ok	0318319453d0ea868501c1a7603c7bf99ba64e59deec19a72ec435babccefab3	93332
085_Printable_Graph_Paper_Template_Excellent_Format_4bcae89a__docx.pdf	ok	1dda48001bc75bbdf3b5bd90c6c15e95095b124092956560f3bd6d6d7c9d6797	12334
085_Simple_Gantt_chart_d65b8377__xlsx.pdf	ok	03a05d7a820dbad66dfb7095196100cbb6d0f5f126fdd55abfed8d643eb2ab39	71307
086_Infographic_Org_Chart_for_PowerPoint_6_Blocks_f9086d83__pptx.pdf	ok	1c7b9c9b52b578f98d806b21e1a95ba4eed8589e8f717245c04315351e5fbfb5	96226
086_Printable_Graph_Paper_Template_Gray_Theme_7300e5d7__docx.pdf	ok	431585d2f8802bcf78af77b0cb89fec2f1bac412f76fd3f74f0d231bb8bdf242	15377
086_Simple_grey_invoice_Use_this_template_063b3773__xlsx.pdf	ok	98e31a59382a975646a98d7d0eb4cef4aefcf6e9f60cd18cb22adc7e2a1c6db9	57483
087_Infographic_Organization_Chart_for_PowerPoint_and_Google_Slides_2d951912__pptx.pdf	ok	99a470d99c154b9ff61ce6752f293298ac8d52325183b6f1604a6c8d0a18bfd6	82001
087_Printable_Graph_Paper_Template_Green_Theme_0c14ea04__docx.pdf	ok	aa1f843ff52e2fa70ed6ebbb48a31a705624902abeb6653ac8d139c11796c929	24274
087_Simple_personal_budget_3cf9b1af__xlsx.pdf	ok	b852643e1c10cb6e4c4857522d4761892691419ad920a1f7013083d8fdd4ed9d	32281
088_Infographic_Quadrant_Pie_Chart_7b1e8abd__pptx.pdf	ok	bf6146235efd34352ae2f0bd9bad52c5a218b2c722a09a46205484664d657492	93298
088_Printable_Graph_Paper_Template_Quality_layout_33051f6e__docx.pdf	ok	a60cb8e5dfb38cae36ebec5bd0a4ae5f5753aeba29c8e4e0004df18f2eb4d3a9	9833
088_To-do_list_with_progress_tracker_Use_this_template_8c438912__xlsx.pdf	ok	fd92f59ab4665d73c0b40a0ad8c02a03c97afe628da34c0093171fec7fc44e47	21394
089_Infographic_Radial_Matrix_for_PowerPoint_and_Google_Slides_eb0550f2__pptx.pdf	ok	ea3673966f138132e86f9584550a2221ec6b51bb7a8bb9f1c687ef3232e62e62	92434
089_Printable_Graph_Paper_Template_Simlpe_Format_3aff1c88__docx.pdf	ok	3cc24a83170f23486f2ea46ec033aae72714f37b794ce395cf0f908c25d47dc1	10566
089_Vintage_inventory_list_Use_this_template_f616cac0__xlsx.pdf	ok	d533b16a15495b056169502889a6b3ea8e8a5cb609678173aae15e451b94bacd	25721
090_Business_Case_Template_Blue_Theme_108ff0f1__docx.pdf	ok	9c155624cbf032581b43b5715e1baf08450428c8085f8e927c8ef46b290c062d	120321
090_Infographic_Radial_for_PowerPoint_and_Google_Slides_16a69891__pptx.pdf	ok	82b9defdea599a5d5812aeb189c343de876122ef1495c92d750773e0cc6299d2	88132
090_Weekly_time_sheet_Use_this_template_0499cc43__xlsx.pdf	ok	7b0d7d1eef38670a2f0a331651e48a368b3d881a87088768aa8dd8cb6706fc6e	29059
091_Business_Case_Template_Complete_Guide_cb91a140__docx.pdf	ok	1f684948855ef20c0e8265a2303df5ce96ddae6605b00b197eb0272902771944	122799
091_Infographic_Radial_for_PowerPoint_and_Google_Slides_c6909fa6__pptx.pdf	ok	389f503b83a29386a3c105ea7c5dd905c8abad1a288e1e782371d9cfeb2eba3a	68680
091_Volunteer_Sign_Up_Sheet_Template_Colored_Background_2cb58d01__xlsx.pdf	ok	d8b451a4c12a42205548dabf86f9b2e564977b2546bcbcbbb8d471937e9c7fee	25674
092_Business_Case_Template_Convenient_Format_00786cce__docx.pdf	ok	2f75269b61726044ff06c99d68cc26e5d5124727c3eccdfc6c7d458e172c598e	47751
092_Infographic_Tree_Diagram_for_PowerPoint_and_Google_Slides_d721fa00__pptx.pdf	ok	343d3e064cd4e6336e30595e9fa3d6c9cdda72c1d0dc6c2d6623a3c128c27e1e	79422
092_Volunteer_Sign_Up_Sheet_Template_Complete_Guide_31fe4d22__xlsx.pdf	ok	468e33164c32a54a8a8003f730bb39ede4127927c10be5d2b0d3dd2090a42704	26464
093_Business_Case_Template_Customizable_Layout_510c25e7__docx.pdf	ok	03cac1c69c4de9c69c391093ef5c87d45bd9dec2363ce6e968c165e195de3ffd	23344
093_Insightful_Zoom_Chart_22b5464e__pptx.pdf	ok	36376629f76e86ae633eb382e9f4913c1b3b0d26ee2bd5af17c8883619289c46	89374
093_Volunteer_Sign_Up_Sheet_Template_Customizable_Format_3a4d6b58__xlsx.pdf	ok	359fb8a58ed753de2d5834dd89d4ed43c74f7bbd27c860510e92b8e63411e6b3	16181
094_Business_Case_Template_Decent_Layout_e7722f2b__docx.pdf	ok	9cc3a62dcb3dbff66a9db2950e9bb85db5297d914955f6a84165fc50ae20a5a6	23587
094_Intersecting_Teardrops_for_PowerPoint_and_Google_Slides_ff43aedb__pptx.pdf	ok	201ff8eb14b794e3e68b0b5563ac7619eb95b8c90dbd956440d4ad8c06a04fc5	79548
094_Volunteer_Sign_Up_Sheet_Template_Editable_Format_6711b281__xlsx.pdf	ok	82c01e632a04f321f7baa8771b2fb3d7595816212c95c36d43dc3791ecd6aa84	228452
095_Business_Case_Template_Easy_Format_61de7128__docx.pdf	ok	ef12092a28cffa83782b9793390c94e64c554b4cde974aad2e4af3e5c5d41530	40198
095_Interwoven_Bars_e5aa46c2__pptx.pdf	ok	e167dbee9a1e570a347ce744496291ae8c9cdfbb394dc55d44d8c7fab00b626e	91799
095_Volunteer_Sign_Up_Sheet_Template_Fillable_Format_b3330009__xlsx.pdf	ok	242eec53bc2c0c22209636d86ad23c003caf1d3f6398a6d07f88ed5a470da537	27296
096_Business_Case_Template_Editable_Layout_41fe0bc0__docx.pdf	ok	a887289d3928d321a72d67a88549ddb19612bc81d369e9784c1130e995162000	201641
096_Lab_Flask_Charts_for_PowerPoint_and_Google_Slides_91e3cbb5__pptx.pdf	ok	9fa100ecedbbec2488bffcb49e492d97721c7111d9f6b084a7a3290099d172d6	60214
096_Volunteer_Sign_Up_Sheet_Template_Green_Theme_b4f1809d__xlsx.pdf	ok	0d5c41e2a09df56ba96a6f16de94ceeecf64c4b6cf6a0dcae2977228de071472	19287
097_Business_Case_Template_Elegant_Layout_3ba9cbf2__docx.pdf	ok	284613c920987b1cc5b37b0bafc45bb415f66bb1bbc535995a1a6d5e801c0279	35418
097_Labeled_Organization_Chart_for_PowerPoint_and_Google_Slides_f24fa592__pptx.pdf	ok	cbf5b854f4f347d3867ec7e989d0c15f62f87073b5de365ff2ac13a0bf6e6238	86433
097_Volunteer_Sign_Up_Sheet_Template_Professional_Format_075d06ed__xlsx.pdf	ok	0a9c8cf1f333fe24aafa9609890e0eddaa369a36ba2c627b0460a0c925dec6d6	232154
098_Business_Case_Template_Fillable_Layout_d0c5410e__docx.pdf	ok	9b857593de725e4e5f14f73cdde24544aca246ddeda1516f99760b0f6164ad3a	88082
098_Leaning_Cards_Process_dadb3738__pptx.pdf	ok	4ab6174efda8a221e55aba4fbcee7b8553602bc4aaf59256a8474902cddcb5a8	109536
098_Volunteer_Sign_Up_Sheet_Template_Simple_Layout_080a06a1__xlsx.pdf	ok	620c8c8da138229e2bef25674efc97a790593a8acb0dbeca0564bceccd2c6a35	31897
099_Business_Case_Template_Gray_Theme_ac3edbf4__docx.pdf	ok	842b00bd2387ce73032528b848612bc6559eca455f54b54dd5cf69dfe7866d33	18243
099_Light_Bulb_SWOT_for_PowerPoint_and_Google_Slides_554a1e33__pptx.pdf	ok	53d96057e33e4947f7f5d82295d37659bc569cfac2e2ec2f5b24daa301545184	68055
099_Volunteer_Sign_Up_Sheet_Template_Stylish_Format_c0cc35a6__xlsx.pdf	ok	6f862a57af8d4d087b342752fc582f5063e98925347d780147436bb48ab33640	26481
09__docx.pdf	ok	a2a620c3734758456940a37297ac2229e24ebcb87c324cb578db2b129089304a	117459
0c662f5c948a7d81d32ffd833c5cc59421a5f522__docx.pdf	ok	c75647af5a8919f3be96334b046863ead29c65202e3c96e7f07a51d691487787	68866
1-secretariat__ppt.pdf	ok	694a3b33b506e85e53acc25df2e4373c42f9ecf76f2e6f8dcfac44d9b691c509	359002
10. Drawings, circuit diagrams and schematics__pptx.pdf	ok	044dc48a3f929d5344cf5b4f87acfb870e25a5fde608de720ade723206227a31	584708
100_Business_Case_Template_Modern_Format_ff9e7282__docx.pdf	ok	40f5028007b593c306e965cdecd33e718325d3110b11ce408dbafd3b5cf41545	44912
100_Lime_and_Lemon_Data-Driven_Chart_for_PowerPoint_d7bb4a44__pptx.pdf	ok	2a6955588c9dfc30e20c9d66a175d722f93f1b62fdc74f9d35b75e94fffafd90	87622
100_Volunteer_Sign_Up_Sheet_Template_Tabular_Format_0975f34e__xlsx.pdf	ok	dd773541157a249f8a22ba92cd03cd224b4c9745503dfd1ef5ff428982f884bc	60622
10795__doc.pdf	ok	c9684798eb1685dee66a4d2ec02d7b1b85b7e16fd87b4771f8252b3d578cef87	53811
111006 COMSTAC STOWG Aero spaceports IFG__pptx.pdf	ok	68a0e8a61dd9bcc68b3256c95c1543b5ce7eb7316288eb5d8d5c12346dd3b93a	52733
114339-PROP-P127508-PUBLIC-PPCRNARCPPforPublication__xlsx.pdf	ok	c1c22d49f3fde1ee181f0647f6f3a48d60fbf04d9803d4a630823f31c842ba9d	91637
1200-Assigning-Club-officers__pptx.pdf	ok	5da79f9b99d97e99d225e9ea3b7be928487f48e68d1d51c2a5b9294ace76fef1	1877035
120509coss__doc.pdf	ok	f51fc838cce27ad70efa4d7570abe3a5f110dfb762b5e1c1ae973bd94def5a9b	236612
1228841571067_2009_TPPT_13__2007_TPPT_102__R-108535759__doc.pdf	ok	9f742677651ab5294baa3b10ee1090f8c633688c517efd24bd24217aeccbedf4	279733
1244277 1 Comment__doc.pdf	ok	073be0a2bcbfb5e96f7b78f50c3b02d89c9f1287e6bff360c9bc9b82fc353057	69547
1245685 1 Comment__doc.pdf	ok	d4f6eaa0f2c31683dafb6e8a1876189412e13bd7a219e1bb204eb90656e3df7d	78150
1257259179492_2007_TPPT_102_Supporting_Doc_2-434003080__doc.pdf	ok	117dffaf617ddd7b7db89987a78899a4729f6df4c7d36e5f1c7924a9417caf50	286141
135__doc.pdf	ok	5a703dd8b1739f7cf69f2cb8819969b132f2446a526173ecac95a6f146ba36b1	126956
1447__doc.pdf	ok	80f2dccc8cf18424d64d9574314ffaa9b82609923dd65cef437995e1c97f913e	66358
150-5370-10H__docx.pdf	ok	87282966b79c8e7d5a248142242a4c0a360f3007ce3bc7213bed1ebd87960c86	2026080
150_5300_13_chg10__doc.pdf	ok	c7d47ad2f32c118fda142e632a1c2bd2fa54ab7f9d78f7847989470ce97db25b	1399331
150_5300_13_chg12__doc.pdf	ok	99b389f490ccd22f2861b50ffc96005c78cae43318b13d0fbdb198ce369db4b6	1641495
150_5300_13_chg8__doc.pdf	ok	fc5a158e02d86595f7f7624daba654aebd169f4d63ede3c468486b40560edccd	567880
150_5335_5a__doc.pdf	ok	db68031599076b8a3cfc90a592381b2046a15f28868fbb69bb9bebb4275ab633	419021
1528039320__docx.pdf	ok	eee07897e0601581427317da8434ae1887a35d4f3da3f3ccd48d19edb27d5c57	53063
1528364855__doc.pdf	ok	39440c76aaaef572d87ff2fbb1f22ac2a3d4afac6a1f067a233b5d2b59f19e57	93128
16 - UTM - (NASA)__pptx.pdf	ok	a77fe2d7f4bfacafb8c2c03e0b4bbdd3d9523536e43c2e95f57914e9c3372b02	9274030
1603642410-MoM-CASCOM-06-2020-draft04__docx.pdf	ok	3165b4174ae0c7997360beaaf0ad4e119c362648b19a5984dceb2b99cc92477a	171792
16424782563923__xlsx.pdf	ok	1120d3570e25b3162168228093e3b09009f452db008853a7d2c2524b3fa47f37	31273
171128IPAP__pptx.pdf	ok	ec08d02881728e1808b06151c02057f4dfb2bb78974c0b3a93e5eb538d5d612f	1599114
18-02RD301_ILS_components_Master_9-13-18__xls.pdf	ok	51d2d2d6c3d1acd6a3cd7de923c8d7191c2f5fe0cd4494823c6dbd8439ef4e1b	371798
19-06 Assistive Technology TAB Final - 508__docx.pdf	ok	1513ad2a815ebe97423a7037746ba928347fbab2986cb1ef370d6f63c25de060	204941
191216_Lesefassung_Nachtflugregelung__docx.pdf	ok	d71ae7b8a9b78115898e78651241fa4009ff1da1d020a7028aa9b0baa29fbe45	57175
195584360__docx.pdf	ok	8e0f33cb98a14a8a12a2d31d27d3bac3cffaabdaea793cb81fa488f696493944	154282
1_Country-Updates_DRC_English__pptx.pdf	ok	5f174733b8aa6cbe4e0911206017152648ba55243faa7620adcc302e5fc3c32b	754941
1_tpr_template__from_fy14___docx.pdf	ok	bdbf7979e7dfd93da2de35a2eec30d7dadcb175baa66e5736d89f950157a8410	191649
20110608_psp__docx.pdf	ok	cef664cafffd9e6819f2465896749102fa758dd1176370fed6c7b648f20637ae	374179
2012-GA-Survey-Chapter-5-Tables-16Dec2013-V2__xls.pdf	ok	264bf6264742e44d994e7b7cd36bb570d8ff70d477d7884be5c2c15e08c25a96	49785
2012-GA-Survey-Chapter-6-Tables-16Dec2013-V2__xls.pdf	ok	640fd09dfacb2aa940265bbae43cfdf5e6bc096523d394b0a5ba39eec7dc73c2	52255
2013-op12-Annex III - Curriculum Vitae__doc.pdf	ok	59d33381f470894edf92e2503df5c7bc2fb580e4dbf256868324de07bcf6746f	131747
2013_11__doc.pdf	ok	1ccf3dcc2b527d86d23e861dff53ef6658dbcf8ba1ee5d834f266586bf76cc69	212752
2014BSA_Sunday_Killion__pptx.pdf	ok	d88aad67bc46183a946e40f60c7f55c98549f4651140db14f310120902312704	1217449
2015-19 top 25 Arms producing companies data - to upload on website - FINAL_edit__xlsx.pdf	ok	0c17db79fb4eb312c0b5ba98ef1af6919b0b2723615ac63289d0a812b042b584	86973
2015-April-SWIM_Users_Forum-Q&A__docx.pdf	ok	da1a64f9fa238b7669cae526450ce44f52b80657ced3a4a7968baae47ac05210	66047
2015-Civil-Rights-Website-training__ppt.pdf	ok	2e4c9b22742764e8930519920479cbe6f7458d26bf6886e41400adb399392327	503734
2017-04-27-Lease-Transition-Records-Checklist-FINAL-1__xlsx.pdf	ok	2a347be35186dadc3a20c2fef5cb9d37ded4de618772768944a19b3c55e6aebb	59449
2020-01-29-Lease-Transition-Records-Checklist-FINAL-1__xlsx.pdf	ok	2acc3016a00e5f92169c943569a488606c6aac9158d2bcb35343b972cd8a828a	59399
2023-qhp-form-and-rate-combined-checklist-final__xlsx.pdf	ok	63b7532bebc386efac6704ba967c60e1bee7b2e7b013b1903c73dd784f680490	190054
2024-12_Comlux_opens_Maintenance_and_Service_Center_in_Dubai__docx.pdf	ok	655bc3c02b6b9c27dfdd6d44760e58d6439b99079374e0ef6378838d26bbabea	93850
2024-2nd-quarter-case-summaries__doc.pdf	ok	650e6768a970352968a5bf02c0e9a96b901d2b86caa1e972d0e236b3a03b85f0	104958
2025_Active_Civil_Airmen_Statistics_FINAL__xlsx.pdf	ok	b93bb8927d61cd3c1d33fabf9f1d2725a5e43df41b26e827dbb0bc0abf3298c6	215768
23-session-2-pptx__pptx.pdf	ok	17da48381ced62689ba2ac367e1c8235351ba66a7f774e59ba8a0adc75e53f3e	1158553
231164_SystemDesignDocument__docx.pdf	ok	a848c99cc35c76f10c13b28e0f460c7484b915bcb3b2d24394812d39525d8709	161785
237287_0486190101_0486190101_geolink2neu__doc.pdf	ok	0eb7ec4b41b461fd13dbf6a669b2ed8e49704f8e544a8edc0ac48f72b7af4829	70521
24-25_FAA_Holdover_Tables__docx.pdf	ok	c4c7e4bd7b8286aa3f4cd92d7e4227f754ad8ce776afc3c386071591be79178b	662813
2ca950374241722b8ea7c132dfce63ae__doc.pdf	ok	ce85f85fe3be348a71ce63604970e98c70f538fb5b091f6fb0ca93de65711a34	81528
30-04-2021 merged NDoH and NICD_Presentation HBV BD meeting 05May2021_1__pptx.pdf	ok	279b08611492be6bca4a197228cac2f29a197d33147e6c3bd55bdb8db57976bb	1149990
300502-Mecenat-Airbus-Simusante_CHU-Amiens-Picardie__doc.pdf	ok	93555dedf1574a08b0d8fe6914fd68e6b1e8c5c4633117cec4abc98380384a05	431108
316r_a_e__doc.pdf	ok	15577725e16af170e7922c6439f1653f5b0ae33f5312d16f0ab9b9eb2910b71d	97674
316r_a_f__doc.pdf	ok	33600cd172a7d27fdf65c2fc3cc05fd5c2ad967458ca49f53049ef4f9b67f84c	100016
33004__docx.pdf	ok	999cb23dd9ec4819ae201fe5745e2df2e4d705a7ab310a10764396b8c139c1e7	1136007
3492__pptx.pdf	ok	fc2625e552007112828caa421b18af6d9ace40fcb23006e8c25cf2c77d49b3d2	867299
3495__pptx.pdf	ok	f3a1ae4db1b99a853a93191fd291c81548db7000f6ad7abab902aadf42a92753	2016375
361400CSLegislation1RF01PUBLIC1__doc.pdf	ok	6180fd28e33872bbcfc6a6783290430f1b5a7526f02e71d9b5d40294e89d5cce	174151
4-12-Kings-Attachment-13-Application-Architecture-Security-Requirements__xls.pdf	ok	ff4cf743d210cee37fed488dc418289f53f257c6cee50a40d314abf68ebc124b	45948
429_BLISc 2019 IInd Sem.  PAPER-7 UNIT 3__pptx.pdf	ok	2ebbdd8b89d152dee768ef027730b65032ab681f5826d90138672b39cc6a1841	168735
4400-91_Proposal_To_Lease_Space_10-2024__docx.pdf	ok	20aae22d069218c2256dca7d3beb28934437cfbbef527d0bfe641fff9cef514a	168828
461249__docx.pdf	ok	a553874039de031359314da66128a4f8315712be122bbf82196040dda31512e0	77887
5709.16 ch.40_mgfinal__docx.pdf	ok	3b1d72182804d98e8c39d26cd154d7573b32e23d0f346212ec4eb896c3f68c54	155809
5b_upasana_dasgupta_-_liability_and_registration__pptx.pdf	ok	254553d19c1e496e29d16544fc78a1db600891005f9606723295a35535ae2fbe	92156
62599_FRANCE-BRAZIL- Air France Flight 447 crash__docx.pdf	ok	23a7aa16bf029d8fffbdafbaf05d1a93327afdddf8f691e5dc2401c6268dce22	82629
644730BRI0mna000BOX361539B00public0__doc.pdf	ok	a6729e38d9bfa02103b7d0c84f1b3d5d741da7464babf2fccbe58bad3ec6b087	213772
6880ac7361ca1b99a9230811_ST Capability List Rev.16 - Web__xlsx.pdf	ok	f6a0f625a52e1b64ba7cb36cef2fe2fe80ff4226ca42bf975f32eb3fc46c036d	497930
6f9e605c-fded-11e3-bd0e-00144feab7de__xls.pdf	ok	430fd12f73986625f5f24b629878fc5e5a3b05873167f7459d800596c64565c2	147382
7-Zulkefli_Part147n66_IKMAS__pptx.pdf	ok	aa016f9b6e2994bab6d9b68a59d095a7df9159d446f396a8112ad5b21e6abc0e	1076552
7-memento-2015-transports-aeriens-b__xls.pdf	ok	340f3a36e38aaf15c4ab0a5cf8d57f645de591c7137c4df628458c751f87157e	569503
71393_pp7__ppt.pdf	ok	aaa501f1e79e82ff2d16b631d63eac493d841148ce1de18ecc78dde7943c3b03	272200
762__doc.pdf	ok	338daefbe40881e460d213222c7cb1a0ba1bc4f62f754991fd2061934c3bcdf7	265981
8.16_AOD_FINAL_Provider_Training_Presentation_9_2009__ppt.pdf	ok	9cdb5237008e57e39fe5930c56982b357067cefa20d056464b290b17541c2363	955464
8_P-Pavese_AIRBUS-ATB-journee-CRATB__pptx.pdf	ok	d6713b71f5192cc1a211c3e050ba9416cd4402e1ef278437246467031ef9018d	892377
96-3-clement-data__doc.pdf	ok	914936f35e9e619e505960841b8ba9567d1f1ff2c7eeb378ece3382f779f3ea1	66700
97936__pptx.pdf	ok	5d0f944a10df82730a71f0100ceecc3d3479955804bbd38d4e5010b36c0667a8	438492
A1. EASA Form 2__docx.pdf	ok	776554b14e1b2ead4eae5090edd3dafb8eb324cdc2b71263cbe9c4ce4a53f70c	134356
A320SimNotes__doc.pdf	ok	e1cf6a312346041dc74d3b249963914148743cdc3dbbeafbf92bd407e01697b6	218610
A380MaenPressRel__doc.pdf	ok	766a4574c140de2b084beb23e7dff4c8bcc22e0a37bd75253db7e9e5259444f7	89011
AAC-AD-No-2021-01-Boeing-737-8-and-737-9-MAX__doc.pdf	ok	43d2303b399de0eec088293ee21718d623cfa50973cda027f4b89a82148ce129	134036
AATF-Fact-Sheet-2025__pptx.pdf	ok	f39951ee6508f3538e62f7bf89fc7bd7daa89392b56214dea55cb3d9b3050b61	1339540
ABCD-FE-01-00 Flight Envelope - v1 08.03.16__docx.pdf	ok	666b5fd2f229c0274a6fb310e9c5fa5903f9a39b59bfe63c5f617736c7a3b0dd	500242
ABCD-SDE-23-00 - Avionic System Description - 17.02.16 - v1__docx.pdf	ok	8b9a45abd10aa2b0085ce3f72dda9ebe2844c6dd2f796026c6ef7d07d29ed56e	1480724
ABCD-WB-08-00 Weight and Balance Report - v1 08.03.16__docx.pdf	ok	17c397dfa1627e0b98d010429941fb71b28bed2a99e61c9eac85a65732105973	576104
AC-150-5370-10G-updated-201604__docx.pdf	ok	9ecac0ea2481b847f4e7bd0d238980dc6ffe01e97d53f875794650eedae0ff6c	2020152
ACRONYM__xls.pdf	ok	acf0fb005fd90b3b80a69d5b09b3d8616abef27758a78c9c23737455a0c09d1f	129251
AFCforPtF-Digital-Certificate-Publication-Report__xlsx.pdf	ok	ecad1ed0041332868cbbbca2552a4d6fc1bcd2ac46c7e96010a6b5f344e51ec0	374009
AFS-050-004-F2_0i__docx.pdf	ok	9c45592cd7325f17eeda9e1fb4017195915dc4ead37d4532eb0cfce586a01abf	292421
AFS-400_Contacts__xlsx.pdf	ok	1a80cce9dddc26fb822907ebbcbbc2a2084403b2ad73d58adee349373fb45827	88921
AIM_OPR_LIST__xls.pdf	ok	4dd0eea97c55b8b2c7783680bc13c4906ecc69d9c7da971cc7f779c27ba324f3	308080
AIRBUS_station_evaluation_checklist_v2__xlsx.pdf	ok	ad57ace839aabf94782611c05c736f8a46ccff555d38651708652bc59b572dae	72507
AMOC-Digital-Certificate-Publication-Report__xlsx.pdf	ok	d85ee5621d6d3d485e6dd099b35132fd8b653395f2d98c7e9646adf3acc54210	345449
ANG C-1 ATC-TO Core Program - HF REDAC briefing September 7 2016__pptx.pdf	ok	801f9a679c2ca9aad078ed34447b5a0994193e363a66479caf606ccc36b838e9	1482334
AUWG min 4-3-24 final__docx.pdf	ok	f74b2963b9b5c43064e7ee1f33323559dd9a6d92fde406222670ee1bd5fb92e9	37669
AW-104D-RVSM-Aircraft-Approval-Checklist.pdf__docx.pdf	ok	e95af0de1b7751def7d90a22ba377b1ef7703a4c0a869782e96426ed34eb3692	154741
AWR OPS-AOC 044 Statement of Compliance RVSM  Rev 04 01 Feb 2024__docx.pdf	ok	1adc3c21d26ae899555f8dc3747511716246f8b2f1fdeb32219a3f53bb2ce120	256759
A_320__doc.pdf	ok	0bf32919444c96439d2cfe3d268f7081dc2d1ad7525c93cdeb5bcb4098dbff15	308396
Aerospace_Journey_of_Flight_Chapter_BCB1637572DA6__ppt.pdf	ok	ae0b5e7f81489290b92b2dedcac506c46ba45b0327c95ab4a7c78bb0df3790ac	1815472
Agile_Arc_SysDes__docx.pdf	ok	7b8bb7cc46766016354e64f651710b5eca887ec349d4b68b88fffa634e0f3bda	528469
Air_Boss_Master_List__xlsx.pdf	ok	bde64a9d959b65df9eeb285a4f461c761523b9467a1ac965242a52d65e46a121	36076
AirbusCallouts__doc.pdf	ok	59d38832cf2a88460b86e06b677c18a4d443cc9a28345137c5fff54f6bfe26d5	145078
Aircraft_Database__xlsx.pdf	ok	711f6b43e1eb442b4fa27c888c02b10f0851445ff9d76ab4f0d52391807ccb14	319650
Airplanes-MTOW__xls.pdf	ok	95047f8713e4a8a7f871bb9671703ca53d6c4d36730c91abb986b40015dcb8d9	25352
Airport Planning 09112013__ppt.pdf	ok	99de06080f32c4ff2af3a58125e380797611cbf2e54bbf5a6c0e200a90f371bc	1876245
Allegiant_Company_Profile_with_History__docx.pdf	ok	3942070401f6b7bc87b155d6798c9ebff1a59cfc1ffeb06e2ac53ba760a5a2fa	92475
Annex-10-to-the-Aircraft-Maintenance-Specialist-Certification-Rule-GCAA__docx.pdf	ok	ee57fab1188c06cb0b2bbb91e03d0ecd297e50fb4a4f8871d62091658a566491	404783
Application_Compliance_Checklist_5_Apr_2021__xlsx.pdf	ok	25da0407188ff9b1ebc3a3b328bcc6d4dc6740a3c1f561a7e9d4663634e7246a	245562
Application_for_authorisation_as_crowdfunding_service_provider__xlsx.pdf	ok	14cb3ae17725d34a12634665ac9159c68c44fd99d6ebddeaad94efb43fe783d9	93020
Architecture__ppt.pdf	ok	3b1d66413d3fc116705a07cfb33d9ea6998240a9b992fbca817319b579637d37	6758871
Aviation_Abbreviations__xlsx.pdf	ok	f1efec3e535e3f2579e3ae875cce854c21ee889779c83d11396792a874a95287	205903
B11. TE.CAO.00129  Experience  logbook__docx.pdf	ok	98edbb105cc87b90f58dedc9c4140f3acb7a72c5a1c02cec86fda5d4822aedfb	142099
B2B-Center-Readiness-and-Student-Retention__pptx.pdf	ok	408b79511e7535fba4798cac39afe7c0f5262ea4a3347f17c4790358a0f85a6d	1376621
BHCA Part II webinar #2 - 10.2020__pptx.pdf	ok	54c4cad92b6cf1da27f27c41f1b22ceba803dcf56f1c5e60ec596557de4a3240	671662
BID_ACKNOWLEDGEMENT_FORM_FOR_A320__docx.pdf	ok	5e525c8de1c305f0a573a51c6c8d533dc8f4492378f71867937800f12371784a	45886
BMFE-06-03 (Gerflor) Smoke Density and Toxicity__pptx.pdf	ok	0694808a141389f5d4943c8c062b8c57db78e7170f0e729ec090d0f8dc69dfb0	88106
BUS-Chapter 05__ppt.pdf	ok	84b5b97066ede665ce3729f7bb3ac5e8d827d400ef71ae1d77ef7c8bddb39ddf	577467
Background_Declaration_Template__xls.pdf	ok	49215e3deb1e408c1c270e12324886254c7655d4cca041079d05df492275ff07	64842
BasicMed_AME_Presentation__pptx.pdf	ok	6ae06182466475064916cf5d898bbccf06e435957d5cdd3f1ee7d992cab0b8da	2715240
Boeing 737 Max - Group 5__pptx.pdf	ok	9c54e408fc90fee5fb0e26aaf3926367157d5972acea6bd53f04e48f57df218f	278710
Bull01-06-Reserve Training Standards__doc.pdf	ok	0cf0ab6fd18f7d7e3afdf34a1ddea30f778ea410cf2ee900d56802a8d25bd408	48744
Bulletin-37-Appendix-2-immediate-detriment-data-request__xlsx.pdf	ok	6290f817d15ecfaa72a0a586d57acb2b4e2aa6025729d7eba6d99f1d312bc03b	47253
CIS_Debian_Linux_8_Benchmark_v1.0.0__xls.pdf	ok	0d7601f0aac286b82f1f6d4d4968712d6a55c446968625a125a86838ab043ee7	141477
CMTA_Airport_Transportation__docx.pdf	ok	d670f7156a167c5c309958323e1a0c0649486576f16afb74cd86b0f1f28868f7	39599
COMSTAC_11_5_2021am_2__pptx.pdf	ok	73a6d308ffb8b000068c4b91cf420ab5a510c66c0cf60e313a5f06c8b2a4f496	1018604
CP-ETSO template_v2020__doc.pdf	ok	c3f066face452aea64bbfbf3f9be1ee4e07d0f1e3e43516df1546bc347304fe8	62426
CRIF - SpÃ©cification technique - Socle applicatif__docx.pdf	ok	32fb5db7da6feeb05dce3ec9d3d20f248168fae88d118aec5e5c6dbb839fb909	435785
CSA_CCM_v1.2__xls.pdf	ok	b947d15304c0de595972891a6cc37365a98e4fb246789fb4b9cbf14829904956	149142
CSCRS_Technical-Report-Documentation-Page-with-instructions__docx.pdf	ok	db9275f027fee42971193c2f28993165cb231a025a09056f5be35ce84363ead3	61714
CSJU List of Recipients of funds 2013-2020__xlsx.pdf	ok	5080558567bade8b6f74e0e49b34bd2951a176b2270026f685157afe04a511c7	668549
Capability_List_9-14-2022_Dallas_Combined-Aircraft_Manuf_unsorted__xlsx.pdf	ok	da3bf506e5df453b8ba3a22af9e19127692adb9604f5dfc7dee834dd70b79804	204020
Case-Study-Heathrow-Airport__docx.pdf	ok	10ca258a7c406bdee24c06b82403c8054d9b24c1fee4bd30349dafeb2902b192	181014
Checklist for TC STC ETSO data packages to FAA_TIP rev 5__docx.pdf	ok	1a805ec906be4eacda196f55d5eb4487dfdfb7f5d8ea79ab441cb2047aa7eded	91303
Chicago.List.2025__xlsx.pdf	ok	9035d4900735129f6f85e7d4f312529a5aecca46cbd70fd1972be5d7f145e94c	40190
Company-profile-2022-EN__docx.pdf	ok	a00a825d5db227878063c55afc01255997350e8d129e95ed43e6615cacbdf8db	99758
Company_Seniority_Date_Calculator__xlsx.pdf	ok	162f76877500d98c85963adbfc5adc1b7b511feb69cdc3c0fed6fa375f371c44	107814
Computer and Software Services_50 State Comparison__xlsx.pdf	ok	b0c7f7c1ff2c9b1dab1c1abade21e0c35a2321dedad0886bacc944b736d23c5d	92954
Contract_Check_Pilot_Sample_LOA__docx.pdf	ok	7bc7bd2c7d7f0912dfcfb35ec43d17e66583829bf345c322b383e609146ed685	98621
Copy of EASA-IFP-WEBLISTNOODATA-ListsofBASAapprovals(WEB)_ListofValidUSBASAorganisations_2023-01-13-04-33-14__xlsx.pdf	ok	5fd39afc7c3bf9c9792e7024b15d10d0500558e27e5be7520bf98213b9886785	287145
Copy of Full deck with references Promotion of Outside Interests at Work final(1)__pptx.pdf	ok	050142941524d5a824e06d1f6aab4b0c9582944d67cb9104261c2bc3d7a30cff	1014897
County ACHS Presentaion Webinar 8-16-16 Peg__pptx.pdf	ok	6e1faa42c757617d892fcc948defd3ba09d9d5546b26f46075eedac99f41a3bb	1173881
Course Selection 2025-26 Current Grade 09__pptx.pdf	ok	bc428ef29d4c90baf2151529dc31661b8f96ee87d16edbd1b426c31acd1c763a	578499
Curriculum-Schematic-E22-11052025__pptx.pdf	ok	950600a849da9e61036daf61053817f0c06f6f55b3c5fcf2efd03bfed75dc871	103348
DEP2008-1900__doc.pdf	ok	743ed781cb9a18e9fe443402fede62f9c5e7b9d143766377c755f3c29d1e1d2f	88211
DOA_Template_Form_Type_Certification_Programme__docx.pdf	ok	4d1088fb1b94d8d08651c18499e4d3d38e476f69b495672729daba41405b272f	593756
DOE Interactive Exercise Presentation draft rev 2__pptx.pdf	ok	b575d801518fbbb98b1997a6b7e6536bb1051d9658b3269d69666b556c5ec58f	190519
DOE-C2M2-V1.1-to-DOE-C2M2-V2.1 (1.1.0)__xlsx.pdf	ok	9e5306e0da495093287b86d81904404b2076a06c1cd64d7b4098b7177535d94b	177533
DRX-Ascend System Course Description__docx.pdf	ok	193bb8ef00039f8de29b8525d7b02e549a4b98224b7cf1f6bb00f94029485f37	51217
Data-Architecture-Tool-Fit-Assessment-Template__xlsx.pdf	ok	251da872365b4453c22ee385f06a33adc08f28ca8d18a67645cc27014e519a83	278371
Definitions commodity chains__pptx.pdf	ok	69e87db83d3b8d8617e4f96443697aa11fdeb34e5aee3ba6f57da16dd2f95282	37956
Demick_JetBlue__pptx.pdf	ok	3cad51a189dcd001134a5d59904cedb2d8cb28324004b77e62f44df5f7a52fcb	1343899
DoIRD Meeting 16JAN14 v1-1__pptx.pdf	ok	0bbe373b71fb3ac9abfa2e16b4a623ebb66e7f2e280de2f74c9e0787af88e235	1242612
DynamicBubbleChart__xlsx.pdf	ok	a1f7e3fb66865b63c11db5d14a5a31dc102f9fd526f6cd8bc88fbccd926c8f3e	55763
EASA-IFP-145Scope(WEB)_ALL_ValidF145SOA_2022-12-16-04-31-58_0__xlsx.pdf	ok	b73d2382cb9f4f31cf621e48ba75a64ec3668f6e67c1a819df74b95e56ff42c9	303327
EASA-IFP-147Scope_WEB__ALL_Valid147SoA_2024-11-28-11-16-31__xlsx.pdf	ok	609980a998b03f8516941d8d53e7ef11a6356162875806add0f4c7f0d8d0d0b7	247092
EASA-IFP-WEBLISTNOODATA-ListsofBASAapprovals_WEB__ListofValidBASAorganisations_2025-01-20-08-56-36__xlsx.pdf	ok	9661a96416fca79734e027a938c720feaa61fa0c40c3e497dd810b86e39a04c8	300965
EASA-IFP-WEBLISTNOODATA-ListsofForeignapprovals(WEB)_NewChart_2022-08-05-03-31-32__xlsx.pdf	ok	6c2a9240ae0d029c76ac090f50b29436f91e6d1559eda7fc372164213819296e	72543
EASA_PRODUCT_LIST_-_ALL__xlsx.pdf	ok	b7c259b17f0ad93cd6fab483424b2369e419908dd559e213f8dac69d07f834e6	814095
ECA Sinters__xls.pdf	ok	4d3e1ba519c84ab5a3a01d031900d62ebb2cf1ea63d6bea0ca7a05d32878cacf	545520
ECSS-E-ST-50-16C-Annex-A(30September2021)__docx.pdf	ok	fa2bdeaf9087eeb845a8db43ca27f525f09c37ceb8fc3e737a33af5304910234	62627
EG1_dsrc tech__ppt.pdf	ok	7a65c726adf37e467459a58dbc98c4fbd7a5a91fb2b53c58d860867ebf7fc5a8	584067
EHEST-Pre-departure-checklist-Rev.-1-06-12-2016__xls.pdf	ok	676bc7a5c1f8f6dd929ee3223ab33a48cd11d37e80a2326150b0745f41fc6839	233539
EHEST-SMS-Safety-Management-Manual-V2__docx.pdf	ok	cebf4ec9f7b60bf6cbd39d3a879d24c6591447e5c8d3e22db1d1af21710d7fdd	626974
ESPN-R - MCF - Manual - Ed1.0 - For Publication__docx.pdf	ok	96f605b3f881b0575dfc316ed4feed626d99d690d56d76cac39217698d95c1e8	304118
ESPN-R - MCF - RA - Ed1__docx.pdf	ok	ab903fbe434e4ee89e514eacdf24b24fdc5cc0e839d5f7181e42535a755dd5d0	371206
EU_145s_with_TCCA_approval_-_31.01.2025__xlsx.pdf	ok	156178ac480e0276521c3b8cc0b0d71af6f5c1c4fb63a001330ce953d8dae2c2	46799
Employment-Based_I-485__ppt.pdf	ok	2a7a203131d8fa75f1ba42a520b2583801d14f153e1d3dc36959e2c39bde4865	158217
Ensemble-pour-l-amelioration-de-la-securite-de-lac-AIRBUS__pptx.pdf	ok	97b0ba9cf02783567f19fd0751904f7d2d2db5f84d092bbd7d27337e7f3b3038	334855
Estero Rotary Awards__xlsx.pdf	ok	a17201916f974f36fc7f0cff396dfc60bfaa16d13cb79af4ae9f5ddbb3f1486e	28547
ExampleWhiteListData__xlsx.pdf	ok	70618fb4b24613499b7adfd88d6380d3d91fe3fdbc9bb7d671a9e85ebac0ad6e	29415
FAA 2025-26 Holdover Tables__docx.pdf	ok	df6a7f26cf025786bcc124729692e0e794570bbea59fdf394c22349c6a776ff5	743505
FAA-2013-0422-0009_attachment_1__doc.pdf	ok	5dc39541101d86f65d053c09257a241d9c6adec85e43d700ddf3dcaf043b9ee1	37867
FAA-2017-0628-0002_attachment_1__docx.pdf	ok	5626e3f84a05dc01d363ce23fcc3aad0541ee2b04dff8241647a0931182f2ce2	100283
FAA-2019-0995-0002_attachment_2__xlsx.pdf	ok	8f4402ccf3f3a74b8a4a7832e2a9b6e6ebfde51b29b4dc149059126893d68e52	243529
FAA-High-Level-Org-Chart__docx.pdf	ok	d187aab2316e0bbe7aa2b2af9746f1a83962bba97dbceaab943508e21cf7eb74	48066
FAAAIandtheArtandScienceofV&Vfinal__pptx.pdf	ok	f6338f82a0a7f0d895720f7645a6a6245a17f4bd09a4d5d211966e9d7523b489	7173429
FAA_Form_337__ppt.pdf	ok	5a0ea9207fa563789da7d7c56f4e1ade045ac05af359cc938e93683546afbfc7	611854
FG-AI4NDM-TR-skeleton_template__docx.pdf	ok	e34b760873c774dff47232b231378d3ef5bfc8314f925628231043816348c807	153603
FIT26-Presentation-Airservices-Update__pptx.pdf	ok	315464af9d1627c46b93b0835445ffe70818f3afc3153f238cc04a3a3eeb79da	1558987
FIT26-Presentation-PR-Briefing-Debrief-Airbus__pptx.pdf	ok	d6d187d1aa45f3eb1b79dc3baba1aa6f57b30e43ced3d1aaa8a9acf194a19800	590848
FMMO_NMPF_37C__xlsx.pdf	ok	0a914d039717858d51f01ddbe8be70e79196068d49a69a65e5b7e898d1375f51	32988
FMRBullletinB-28__doc.pdf	ok	95b3c6d40a32508adfd3018eefbbad75f97da6710694e850bad01cf0f180d173	45795
FO.FCTOA.00010 Application for a Part-ORA ATO Approval__docx.pdf	ok	7e03566e458758f09bea10c4dbb37df4da3b1b9ca3e1a3020bcf5321e4b6ddb6	124655
FO.FCTOA_.000129 Application for activities related to FSTD__docx.pdf	ok	fdd57b41cff238cc5dd35fcab3835c437cda8d0bee91ab081ef2d6cd6978d8a1	146279
FRE-03_mcar_part-3_and_IS_v2.9__docx.pdf	ok	b64dbdb982739a68810bdf48307f738d8b7ea7ce2be7ce7faaaf0588037299d8	417081
FY2018_Q4_UAS_Sightings__xlsx.pdf	ok	3c8d8764d9cd29624468e416f13b3a0419c4c6d982fad45122a73f8121f1f79e	384409
FY2021-AIP-grants__xlsx.pdf	ok	273590266aa91a5e7e903ad20eaaa307e48a7bae4c6976c8535a352e1e64d7d1	781444
FY2023-AIP-grants__xlsx.pdf	ok	1253a6aa0b0e170c57dde0fe26f16327e29f2a041256de43222fb3b6fed99075	476534
FlightLaws__doc.pdf	ok	708ff090b771921c24cfb10c4a29ae38fa9de8614089f9f1a6999c2193aa2a5c	58198
Foreign_SA-CAT-I_and_CAT-II-III_Pub_0__xlsx.pdf	ok	f96cd41b8150fb25c7ca9728ecc0952dc32fc561da67cdcf5c890ac259e09d2d	71668
Form-SM-76A-_-CAR-OPS-2A-Instruments-and-Equipment-Compliance-Statement-_-11__docx.pdf	ok	98fbcd14b38d21d0bf620206fb8ee57465650df002d72849dc95f5f05cac690d	279974
Framing Europe__ppt.pdf	ok	cab224878b7beb3054a37dbe3a2c5982d4bb7e281f664dad20ee084eeb28fc85	96408
Fundamentals_Module_1_basics__ppt.pdf	ok	d197a81f9de4f301bfc891d0c084b537ab109c94cf5ab1269412f1cf60487255	2749107
G-InvoicingKeithJarboe__pptx.pdf	ok	8ed1ad3d40b10a36908156d7cd21f4f83f226d2369b150202b64cc5aa6aab833	872611
GLACIERBG.ETT__doc.pdf	ok	63b275f739396f8f8f578aef45ba98fc400bfc7fbf3894cb48be993fd09a069e	36176
Geo_Abschlussarbeiten__xlsx.pdf	ok	5e8ee7f95764e6983c3b2b08b5b9bda66d1cce2301f0fbbdaed37db12bd126ff	38155
Global_Market_Forecast_2016-2035_Airbus_Data_Set__xlsx.pdf	ok	daddb6ce954ca05cac51b1c1546dc7979469abb4b0759c92d68d2ec4f2e1f9f5	1226959
HC-Bulletin-template__docx.pdf	ok	9f2d70651f0454276863e772743d7849c1e6ef6e2b89b6ddb01ba2d14d7f0eb4	366290
HENTZEN_COMPOSITE_MATERIALS_IN_THE_AEROSPACE_INDUSTRY__pptx.pdf	ok	79db50a813f7d27ec86b37b907f0fc7d81f6346e94868d1b0e1f56ae0473ec95	6434670
Hazard Analysis Template__xls.pdf	ok	dbf0c9b9734e32cdec49e1597973e8c64f9da1a1e19eeaba4ca1de9168a1340c	71040
How-to-Write-an-Architecture-Document-for-a-Technology-Service__docx.pdf	ok	99fa84bce4efb6f63932827092eac8d66d9a5ec95312bd96321ced8311a67507	31561
II.1.2_Hypoxia__doc.pdf	ok	7dc4d34b32ed51095f44386e372988902504ecffc99802f2dbfb4f5e2d3d684c	58739
INDEX_Digital_Transformation_Toolkits__xls.pdf	ok	b7b898d7b8ae6776e713d4e5cc6bfd4de9f77231d2a4948ec544b188efb1fc81	382683
ITE106-Chapter 4__ppt.pdf	ok	45782af4c02167f5e24d949710de25d05057fd0fe638212957e323f1d4de2e17	270503
Inducement-to-Insurance-Business__ppt.pdf	ok	f63dd7e3126d7dbc2ec8a6a3e5499f5f4326bcf46fc394406adab95e0bacd6d1	94329
Infotabelle_WLAN im Flugzeug__xlsx.pdf	ok	a0f6b710ffb82943302eb9b8e256946b31fbd3d221b73a1dc0194e10c0cf8f41	196720
Intersil_Italy_CAN_Bus_Transceiver_Presentation_Final__pptx.pdf	ok	913481a307a12c822401633326692673520e7443bd160ac425b6d0c6aef0b83d	1160246
Interview-mit-Manfred1-Müller__docx.pdf	ok	a096eaabfca9b00273d9936aabda5a6eca0a6b63a31bb8ab195b67521fb2ad7f	41956
Item 6b - UNSD - Dissemination through APIs__pptx.pdf	ok	ed180f2ff6afb27c58253a8c7b2209ea1fd74e553a6d78a1935cb6f2fc3fb368	326036
JEMIT_Template__docx.pdf	ok	0c00ac6d7ba56c1484c06839ba2500bd2ba917a53fec065315224f216bb070ef	330676
JesuitAssocOfStudentPersonnel__ppt.pdf	ok	c5f57e2742ff8ba853697e96bc88967ab0953fc1e68c88713852562b3cfdfc9a	699918
John_Broggio__RSS_Campion_event_John_Broggio__pptx.pdf	ok	ac48b68abd25770a41dc59f993326f22940317c2cfa70b7081d6ea9e30be02c1	1166276
Keywords_Mapping_Graphs_and_Charts__xlsx.pdf	ok	f4d1a6da605efd70b8614c17ce21c375dbe843aeb1bf2aa11627bbedd5501b8e	129614
LENTOBUSSIAIKATAULU.-31.10.-31.12.2022__doc.pdf	ok	804b064db920f7e2a2fe4c185d167c43de3d11fa551ed8bbe7cc0a655a79a1ca	42245
LHD-230-application-for-the-approval-of-an-aircraftr__doc.pdf	ok	098cfa594018710e5115732af346175857f9324a57d3cc1b5982f1275eb21725	96351
Laser Report 2024 FOIA __Oct (1)__xlsx.pdf	ok	fc90bb8767fa4e8b18e53876e43c79194064c4408a91162bfacdf3b33d9148f1	1097063
Leadership Information Article__docx.pdf	ok	51e1172de91be0b159c07376cc6aac4c70d642e427d3289d1dc645c1c82f86db	122845
Lepore__ppt.pdf	ok	a5475b45c1cbed8de85945d8415c76778cebe897fc9c98e31f228b890291f226	1807294
Lessons-Learned-Bulletin-Dorset-version-to-IIRG-V5__docx.pdf	ok	2a78a942bab9a44aeaf6192fcfcbb9ab1007607e5f09478947de2959f82f64a0	84760
License App Instructions 2-22__docx.pdf	ok	bd07bb8acaa9de411acfc821bb3124f4e334f0514a1818ba6ae6a1a7eb38d317	67391
List of EQS securities_0__xls.pdf	ok	ca51449dd1db126a0c846efffd1b25f96559bcf9c4590bacb14a5a90089c8df2	305705
List-of-Members-August-2017__xlsx.pdf	ok	de9a623f171b9992d1fa5b781c02f0c7087ec28f90a04553660f7db124cf2f2b	58058
Liste-Zertifizierung-ChemKlimaschutzV-RPT__xls.pdf	ok	cb0979778ef0a789b45e50ba91d1703acb5d0c7eb4ba49bba767bb25d9245987	51214
Liturgical-Commission-2025-Convention-Presentation__pptx.pdf	ok	5eca9ffd02b3ece33ee2753127adc0219b70e0be8a747c03f25132acb11165be	88531
MajCh-Digital-Certificate-Publication-Report__xlsx.pdf	ok	5ee2cecc11da4983126750162137b3606819f75b12f0f9c2951be536cd8d9c01	883245
May 25 bulletin focus on carers in the workplace__docx.pdf	ok	3bdb9d82b23dff352173f9b10250b9958e4b6d548f92d14b05ce9fc6617ea992	624302
MinCh-Digital-Certificate-Publication-Report__xlsx.pdf	ok	833c36d29eeae7d95c0ea9b537c8a1b8765fa3e2e4efffa1aba282028026ff42	769949
N2_E_Maestroni_Swarm_COP__pptx.pdf	ok	2268f3fbfadf314306aafd1eb57c4f0d0da43c661156d52916dde3d7925d2746	2927936
NAARMO_Mexico_RVSM_Approvals__xlsx.pdf	ok	a648961dfe03a210f08e4c5a73367ab2b3532ca0e05f751178e5d00ff430c1fd	111517
NAS-Infrastructure-Roadmaps-HSI__pptx.pdf	ok	89121d960bb673ef41392d4749a51d0e30e44720a995105d5928772e778a1cf3	471613
NAS-Infrastructure-Roadmaps-Weather__pptx.pdf	ok	6c998f8e9dde5bbb9c75910b98ebf6d1aa5fffcf1ac3518aa34b1f7b3deb320e	458708
NAS-Infrastructure-Roadmaps-v16.0__pptx.pdf	ok	6176ac8ff696049a0f545298bbe1c909da91ba00d2ff27e55ab4b2fc22cf511b	931775
NCW-2024-Guide-__pptx.pdf	ok	7b0b9d0038499a928b51d478c940292a2467c4365ba2a4903759020679f96f41	993337
NPA_21_21_Sentenced_Comments__xls.pdf	ok	a96b3d3e0aaaa728cd4b74ec056132c89f04277853a5dc3bfd9b90e716a7e6aa	50997
NPIAS_2007_App_A__xls.pdf	ok	b5b36dbf9c1e84983c19f1746940c7c930b7e18e435b012562f9ee727be15cfa	596183
NPIAS_App_A__xls.pdf	ok	be505d2183254e7c09da9b32d43b85136202c6ff84f97549c5a357088ae7c64c	654328
NWD-GLA-Community-Outreach-Day-Oct-2025__pptx.pdf	ok	467d22190beef856b4b7eeda49ad75c787796b70547f11403866c21d9cf04bd2	1534582
National-Finalists-2024-1__xlsx.pdf	ok	03cd0931d6819260919051a6fe12361e2e89e6bb709f69f5c8fdb5a4c56a9a65	110178
National-Reports__xlsx.pdf	ok	af41f3e574ded9c2801cb0d9949c008f65e0d6ad96466bca6203b1a223ad990c	44514
NorwegianXPensionXFundXanalysisXexportsXandXLAWS-1__xls.pdf	ok	7d56407bc675e6507fe69a5fee5c3c4873d8f811418e686d32c0494da62f2b51	54233
ODs-February-2022-Airbus-Commercial-Aircraft__xlsx.pdf	ok	3b29cfa14f8a6d24b78887ee241e4b70a2129f687dfb316c7d5cd16eb19e43b4	839046
OM template for non-complex NCC operators_August 2016__docx.pdf	ok	cb1696dbffb3539c11cae12a1d33ec27c1c8b38d868c655f389ea1ec7ec4aca7	808227
OnTrac_StarCertificationProgram-3Day__pptx.pdf	ok	756b242d8bb17288ac19d2f9d13f6d1927ecd0dd4e87b7cece7025290001b281	1261940
P1636e__xls.pdf	ok	1f5d78a230e733e2898b27acf6367d28c7d0421c00af6bf652f13f4cdfe14be7	39325
P200904290238_0238_51880__doc.pdf	ok	57138b48d0aac00fb0b3d57186ca4be8c7608b2cfe4f837ea86b27df62dc3fd3	71809
PAL Block Intro 2023__pptx.pdf	ok	fda239aedeb495c9908b0136c09c81d1b4ad83e78f05dd3336ae0304f72594ba	330108
PAT-047 - Architecture and Detailed Design Assessment__docx.pdf	ok	ef14904e880a99e0d8f0d40337ebca8941f58c2b29b6c9618ce6a0ff17f607fc	78659
PA_Delaware__xls.pdf	ok	8aff0d4f353d268fed0290c813e4bd8607a361e409baa00f17e04a016a80909a	926278
PBN Matrix NAAs (V01)__xlsx.pdf	ok	f3ce8586fb7c9af9c28ba9605202c78e9e3f35bea3543a7dd65284d7cb9c20d8	127374
PC1000__xls.pdf	ok	fcb80b37250f8c31d02cc06d59973d9a4b1bf0128e421de961c9221577d41519	290196
PES-Technical-Report-Template_Jan_2019__docx.pdf	ok	a5c633a40a532a08b7db1bfe4675acca621f6c08361f20f98b997fe26ad091d7	831005
PI-doc.-no.-2E-Technical-Review-Report__docx.pdf	ok	138d410e72d9cb646e8062a956b5cb146622f26771fccfa038324eaa56a874b1	624771
PK_FlugzeugeStricken__doc.pdf	ok	bf3afed2d0843c9d36823020c9ca42223741f9dee7ccd3494a8de6eb612853b6	187860
PM-apeech-Handover-of-New-Airbus-Aircraft-for-Fiji-Airways-Dec.-15th__docx.pdf	ok	3b9309c71d64b243044d6fb60d98a426b0a83c2bc852d3252437e8397ad55cea	81933
PRM_training__pptx.pdf	ok	46f21c9552e41c92e3bd6d3afdea470b84f4de28dd87a598287504165d8b8dce	19234941
PUR-0012-UTAS-GRAMS-SPA-Template-1-25-2024__doc.pdf	ok	b5451f805b218a3295baad87898d0b11d03c016ae15524a8f57fb16387606dec	139328
Part_129_Operators__xlsx.pdf	ok	e14b0c6e959a3e38415b03ec703d09d6c9608b5d2f3914b07b88192621715180	61813
Part_375_Operators__xlsx.pdf	ok	92aa5d8f84fbf9f1c8ef077d314657f6aa87a32c40c5e7808593b47d8bca166d	59663
Patent Index 2024 - Top 100 applicants 2024__xlsx.pdf	ok	7a217dc75e0662aaac1b0409c64e172d75e7cf8a8b492c518e483c84e241d2ac	31289
Performance__xlsx.pdf	ok	3c82bb5b39c44d43b215be728102364bdfcd27c4fd1d1dfa6e22900bba3564c0	73167
Praktikastellen_-_chinesischsprachiger_Kulturraum__xls.pdf	ok	0e25f4052cb44f46de62ed991e2470b7c89e87820b583975a3ed307bc0f4a36a	69532
Pre-Application_Letter_of_Intent_Example__docx.pdf	ok	1d89a4f30b9e2638e6e8dfa72334c0bd9d2ff6bffd67bb2f66876338de47b60b	33380
Presentation - Identify Components of the Airport (1)__pptx.pdf	ok	2c2204bcfc1cee2acbf51931cf8a1e4524886f473f20278d93bec72e8cdfff64	10075332
Press release_EUREKA labels ITEA 3 Cluster__docx.pdf	ok	2ff3498464e7503bb8e93d814de7ec04d98f0e7a00e73c7accf58c7ec5086b51	95443
Published_Issuances_2024__xlsx.pdf	ok	7c580634a92183b62d0ec1c81e8517a78ed3d60f7dd7fc88b790ab7858636f50	51300
RCO_VOR_Master_List_082824__xlsx.pdf	ok	49bf3b9275db145bad023c8203451d4babbd812fc051c9f9023a5277015a009b	147180
REDAC Briefing_SSIT_CARA_08132014.ppt__pptx.pdf	ok	a517a7eb9b12f35875e65396a155a9e0cc4ea336746f18bfcbd3990b83cddb1e	1274529
REDAC HF briefing Sep 2016_LARD_ATC_TO_FE_v2__pptx.pdf	ok	328e34694416ac78edd2d4d9baddd6e913ee005945b1a0e3f32827fd1e9fc354	1534807
REDAC briefing March12-13-2014jemvbFINAL.ppt__pptx.pdf	ok	80d2ce63fa4a8d49d337d1d6a4701388c489f81cece17e0b1d84354f4402df61	2313866
REDAC_SCHEDULE_RPD_135__xls.pdf	ok	d21aa381ae2e3ab6b48d72a8984e51bd706bb653ffe9e3301a5b2a481a49bf69	37662
REDAC_SCHEDULE_RPD_137__xls.pdf	ok	a9f8982ace786ffa937c87c46ddf94869d52997e794205619c99026f1523e9c6	48064
RESPA_-_Section_8_Webinar__ppt.pdf	ok	74951b4b0782b9f93bc44715c592cafe02c106fd593cf1782e7b8b37b5027d7e	281524
RMI_Document_Repository_Public-Reprts_GettingOffOil__doc.pdf	ok	128150b8ddb2a1ef81aff401eeaf5461d1eda0ae71da4cfd3ff76944cd6e3a2b	133706
RMP 2011-2014 and Inventory__xls.pdf	ok	6d5a23ad963e079ed6f570265b6fe8979d960d03a255507a70754fae8eb27b88	237162
RNW167A-150428__doc.pdf	ok	11e2af7434d4e640a8baa5b4fb860638c185b437a71afb3390e2ef3a02247dcb	85208
ROK-PI Climate Bulletin - Edition 2017-06__pptx.pdf	ok	1725f325f3a66d2bc82bf794473f1369259d022c562b6635093c60cf48da797d	1389837
RPA P4 - Advanced Material__pptx.pdf	ok	052b2db777c1b96c9148440c7a32ec58cba6307e8b591f0f46d5b27d7eff04fe	13242786
RPA-Budgets-FY-17-19-20__xls.pdf	ok	84d25a354fbcd74e22fc0c26a9eb98ceef30a13e976f5cdbaad34a7e6f09f658	48170
RPD 155 REDAC SCHEDULE 2014-04-02__xls.pdf	ok	e65d506877c0c4573d14f572eba91450d35a6c022549318f629bd239652e068b	40912
RRM-training-syllabus-Chapter-3-Teamwork-TC-Towing-Incident-Analysis-Dec-2009__ppt.pdf	ok	96c526d129fa74932b7cf8ec7c13e88cb8d0610f8243ffc6307bcd43156c8be7	1871421
RVSM_Non_approved_list_2025_84c0b3f4ac__xlsx.pdf	ok	c7391be3cdf3ff3b03e2503c2d0bcb8a4cddcf1be579ccdb1bc6ffa590dd3adf	37699
Ramp Up Campaign - French__pptx.pdf	ok	802ae31320c0ef92adf15c0a9214012797fa637ed9fe213acbbee205af71c973	4969140
RegChangeReport__xlsx.pdf	ok	5a8f75c9797a059feb4186f044da7a2b9b8057ae9b853426bd68900886e4b054	94405
Regulations Governing the Status, Basic Rights and Duties of Officials other than Secretariat Officials, and Experts on Mission__docx.pdf	ok	d4d5fd0e37f5ef172b53be2ad9d115d69d9e2016e3c28b8fd05a307a784e4966	153443
Reid__doc.pdf	ok	266d7837e05b16680ce32488cb3bbc36599e24c6297469e979083056344623ce	154460
Reporting_responsibilities_matrix__pptx.pdf	ok	9b7751e491b59dcf4038688966a0c08601bd2a239fe0b0d462102ee733f0ef1a	1133766
RobertQ_Service__doc.pdf	ok	3a6065c85998b1f3f7bf62229ad5a7df62f15bbaeddb88a03161e5d6e1a77beb	64113
SDL_FSDO_Part91_LOA_Checklist__docx.pdf	ok	546fcf837a5d37dab7bab01ecf1081e1030da39a90bc8f3359484cb9d42bf75a	50974
SFSP_2013-02_Bulletin__doc.pdf	ok	9d503d56cc69cfb891df99f01e49323b4f698ae8994f405d06737417a8043ba8	221134
SIL_TDB605__xls.pdf	ok	2d08b740c57a3d031c1c4cd0e13a5b64e7743f6ff05924cbf3ec1e1952a1aef1	171279
SIL_TDB609__xls.pdf	ok	86b9d0f562fcb4f9d1d0fca677f7921663e3b2708851592f088a355a0bdb7ec5	181480
SIL_TDB648__xlsx.pdf	ok	5b8471508aae6c3b9d50de70bc1a6320348f32347c2de834a16ffadaf972b6cf	3423757
SLSA_Directory_031423__xlsx.pdf	ok	7be074aaee4042457fc5c8b40a662180fba870e51444b3dd4c9b9d3dfffae8d2	91021
SPA-02_mcar_part-2_and_IS_v2.9__docx.pdf	ok	17ecf938ef23f9a189218df459852a268a427d90b442f3fa36293d7cb3b20d20	571903
SPA-06_mcar_part-6_and_IS_v2.9__docx.pdf	ok	6b3ce493ebb84e01ff0905754c52c115f435ac442a0e786f4b768017aaa2abf7	263643
SPA-11_mcar_part-11_v2.9__docx.pdf	ok	ee02cea0f8f392e727170cc592c76cf56b5d216dc93cf97b722753446bc7f056	130054
SRDMG(16)024_60 GHz onboard airplanes__pptx.pdf	ok	b16550c8db5de70353d4a7c4201fb4479a97d129b278beb6bf14cb0f7a551ac4	1587310
SSRO_Quarterly_Statistical_Bulletin_Q3201617_DATA__xlsx.pdf	ok	519dc7a13e4c85a97f687f51ce3547ea1651a0a87a7279a2b4d990a077e9febe	89086
STC_WebList__xlsx.pdf	ok	6c9cdbe81873e94a4ff4fee89834e830d50c5b501c825cd6a2fad57df970c340	11046599
SWDD-template__docx.pdf	ok	8e0e91f37470e579eaa811d6fb7b968e63a38230914d49072e68b79c95907433	99225
Sample_PAO-PSO_91-113_Letter__docx.pdf	ok	8b766270ada60b9bd238045a07ab503c31947549ed968eaef43fbc4106de0f96	39716
Sample_SQMS_Program__docx.pdf	ok	4ecc4d2c6a84993649a45b046b167491685b1089fa2b5aeb520be380325fddc5	214845
Sean Monogue__pptx.pdf	ok	62dbc4c2c211b26a133aeaebb0c84e7200019671c5c3fcf08213c42e0ea5e280	1274087
SectorAdvisoryGroupandStrategyBoards__xls.pdf	ok	3b96bae7b6b179271bb7180925a9f351c6e9027479f8df1b2ddbbc9dac9fa99d	55131
Sector_Skills_Insights_Advanced_Manufacturing_summary_slide_pack__pptx.pdf	ok	2d8a6e7e5c10f724e54e291aa8e1db97fadff1632c4f5cb83f55d3ce20c7e557	743523
Service-Bulletin-SDFNR5-April-25-2023-FNR-TRANSMISSION-LUBRICATION__docx.pdf	ok	3d00a6b99b5fcc432dcecc1a2be579f07cf968b1a9e64ec4c2557fccd8c929eb	40628
Session 21- The option to expand & abandon__pptx.pdf	ok	5b93c436066ddf683ebaf8919afbdfe4a6e343e1dbe8ca07adaec7d30e4bdb36	205804
Session-1-Presentation-Reporting-Forms-Form-12-final__pptx.pdf	ok	89992c9864b4ea5d66ec8b3ac949020d40620165dd167f335db5b94f8bb0059e	1105814
Snowbirds_High_Show__pptx.pdf	ok	893051334bc079852fce90a74ea3573660af04d2ada1da364754d77bf9b7a713	8490067
Software Architecture Document Template__docx.pdf	ok	19afb430d146c83b148c53b7e2b0de160ce8b656c1bec3c1b169e0b94190ed62	74226
Sol PJ14-03-04 Solution Contextual__docx.pdf	ok	4ba37ec059a295b935859c50dfcbe38e0524b108d3935392023e687d00e941fa	160566
Special-Procedures_2025-07-10__xls.pdf	ok	9dc6e5cced9d8e1c4ba5ee08c004e1ffbdc8d92eddc910b554d0bdf5d031ff6d	174119
Stakeholders-v08052017 - v5__pptx.pdf	ok	a262ebdc7433ec7773aaebeef1541288b5936884ce3cee2b2a618f688934e576	1448049
State-Medicaid-Payment-Policies-for-Medicare-Cost-Sharing__xlsx.pdf	ok	eed6c79feb2c77603da795a8082e147d16669b1ac629747de9797d73bb5c37b0	225686
Statement of Work presentation__pptx.pdf	ok	08f3e68287d16e0cc6407a16ca5281fde2302b8156e671b6bc9902c0f2501b63	40472
Structural Testing__pptx.pdf	ok	8334d4256c743b51507399affb0d4fd9b6cf0bfe3d26efd28aa138425fb2b857	1242794
Sylva%20introduction%20session__pptx.pdf	ok	9441d4aec51d46b99acdab72733b4368ce6cfaa8a1c8c2214bb7f288b42cecf3	1535012
T0A0D0000090006XLSE__xls.pdf	ok	0793fbaa72378f577b17939d8bbc6410590c9759037603360eadd6ff127c5c90	322849
TDA_Smoke-Detectors__xlsx.pdf	ok	676c79b5f5eaa025d062706c632370e657c66e06bba5865d83ae72cab63d1f1e	158774
TE.CAO.00125 Foreign Part 145 approvals - OJT Logbook__docx.pdf	ok	3a45a75db9447b3cb0d97223d40dd9b30668ae806dea408ccb9af42121834efe	171718
TICAPCapability_Final__xls.pdf	ok	5691648071ccb1aa74cb11913545dbb82e663bd925bdd4156ffcfd2c78c6f43c	256856
TK-Syllabus-Comparison-Document-v2__xlsx.pdf	ok	ad77717ce4bedf53fe45c422dd62cc7d6aba1349ea6d155dde209add7de29ac2	3068935
TOGAF9-Tool-ConfReqts-CSQ__xls.pdf	ok	44d699fa6720426d78e667a1941997c9d90cc559476143a16492d86eba665a58	180259
Tax factsheet 2022 (1)__pptx.pdf	ok	adb5e6b1f8473fd111c394d1c9ce93220f8ff9f586b39f3f4562a739c7dbf38d	673167
Technical Report and Technical Update Guidelines__docx.pdf	ok	9700bca630aab782f6602238596e84b69123fc1bc5a87d7ac578dfa81f2884fc	80680
Technical_Issue_Report_Form__docx.pdf	ok	47edc41467303af463c02125e42a0ca740991c8d8ba09d4d19fba6bb1ca825b6	67077
Technical_Report_Elements[1]__pptx.pdf	ok	486077697ce1dd27f38b215c13ba24436ff4c9bdb3f8e28ae67f07d61226bd56	1986841
Temp16__doc.pdf	ok	dec3adbe6618d45b7e1951888c8727c2f33e469c13da98a3eb786f2d25d483c7	46045
Template Pilot Logbook JAR-FCL V3.0__xls.pdf	ok	5dfe83bbd9268e95b658f8c3d0a6ea14fa948f90ed333c9f246c1173c4822ecd	126649
Thailand17__ppt.pdf	ok	2f4eaee590c444ddcc2641674c06f38b95c87e7c356fd6f2454df5b3048b92a8	1278486
Theft-Restitution-Letter-Vancouver-ASC-2005__doc.pdf	ok	ed750041b48372a10554c087419ae588ddfedfdb62e9a3427905b224be6ae4b5	108077
Travel-Cost-Estimate-Calculator__xlsx.pdf	ok	86dc238d500d9fabb5612fd67b92ea152eb9be5fdf141fdc18d69a49bc73f9ed	92765
Trust Fund Excise Taxes Structure__pptx.pdf	ok	2a0cfd5d6c83b54a054142f997f46aba7762b13b9182addf994424306663a780	64871
UAE Type Accepted Aircraft Models__xlsx.pdf	ok	0e622b9db717f153aad7c4c37f9edd34049103bbb018aedfb2f5d6bede6ecd9f	41805
UAS-SGI_waiver_approval_request_form__docx.pdf	ok	4a69a9b89cfb2307e65a8c05529d58464e419788114d9c01937cad4dec339938	245437
UASEventsNov2014-Aug2015__xls.pdf	ok	36722a715b5f96b83f69f5048c2e459646eac32367bc9187d0cb1896768c404b	518362
UG.CAO.00006 Foreign Part 145 approvals - User Guide for Applicants & Approval Holders__docx.pdf	ok	c3900f781ee56a370d7e91fdc9363bfca5602b5128fbf370bd7adc3f3bd8f3ac	219068
UG.CAO.00133 Foreign Part 145 approvals - Language__docx.pdf	ok	871305d1bbfc15eb9ac9eb2980478fc677ff25ca33f58fed8a00028f0eaddb21	155881
Upload__hvv_Linie_150_2023__xlsx.pdf	ok	e6411c1ba014d263c4d1aa8f5d07b016f7457a28b886462b5f82cf10a247e20f	19447
VOR Candidate Discontinuance List 2026-01-08__xlsx.pdf	ok	8ccd41a041d2223674209d1bfa2d2c4dc35f806a7790cd88cf26c5dd3bc0ce74	47108
W3_Case_Study_of_a_Tsunami_Warning_Simulation_Exercise_Ed__ppt.pdf	ok	2d47d0acc1e40a855973aac4c8e1058f96135e3747463e8072fffcbbc11f7ae4	1486220
WC_Update-Aug03__ppt.pdf	ok	13fc03522fe97709af599df26d411b289b3c02c64fdb5cf1920ed7354381b01d	60291
WEBSITE-RESOURCE-LIST-by-CATEGORY-4-6-18-341pm__xlsx.pdf	ok	04f3256913c68b13d266976ca94a166834976a87723ee051bdf0c860e146580d	39189
WG7_NCWF_Skills_Table__xls.pdf	ok	b1bec0df1aee19247cc0f9bd2c2f88bc3c0b37e5b30a64f99bfa085efd8a915a	91125
Wales_Office_Quarter_4_Ministerial_Transparency_Return__doc.pdf	ok	fd5f581189077c971000dd4d0dbe58a3af36ac529f1aa9067ff2eec1ef2aeecd	69758
WiGr_2021W_1_Angebot-Nachfrage-Elastizität-211017-171222__pptx.pdf	ok	ea2fe48ad47bb64008f2ea3c17d9f302300cc127e9c7bd6c1426c3a3ddc9fae9	1495772
Wildlife for REDAC September 11__pptx.pdf	ok	63bd39a83c6e2d749844316f68bdfead3da6ca0878c2abd2817ca4779c308685	15508993
WordArt_Shapes_Arrows_Catalog1__docx.pdf	ok	f4bb7c560092d42f240b386d2baad662bdbf654ed9b506cde8ef9579e7f4298d	226574
Writing a technical report (SCE subject guide)__docx.pdf	ok	76a2d7facd1b24957ca29cc20e91987d3cadbd07768436362e4b25bbe59c180e	83852
ZenithAviation_AuctionList__xls.pdf	ok	125c8c8da503e5df3ce163fed2e35bb028141c85e4c3f76bea360499d9d8abb3	87828
[Christophe]NLP_reseau_inge_stat__pptx.pdf	ok	8da9a57a40915eab1b7d616d3ada01d32163d0aa9c6ba07702d7cc6a8922a4db	616747
_1___Opatrny_Ales_United_Kingdom_business_opportunities_final__pptx.pdf	ok	3da094136e6a2ff5b9b76053260648f6355b7ceb45634674fe32f9eb58c0962c	1545237
absrc-pac-01-info-note-en__doc.pdf	ok	431acce25f840fe26d4ec1e649b27282cb2ae35fdd6deee4bd894912a4d8aa42	375845
activespecs__xls.pdf	ok	cf3d39ced3218ff7d9544fc9bf7c5f7419d62da29f6d0860c847c6d03195cef1	354971
advert-for-draft-decision-airbus-epr-bm3965ia-v006__doc.pdf	ok	298120bfa52522d98fffa2a415048aa3f7a9979359f33e1acf697382a8e65cb2	40676
afn-afn-20250801-fy25-jan25-mar25__xlsx.pdf	ok	4d05a7250089ea61895fb581e8538d8b36dc8d8cfe9c3e2b03974f1c69052f34	512446
airbus-pdf-information-package_v1-4__docx.pdf	ok	7069f7f29581a313432be839190948f0d0a61244283c13920a13cc2fbcdd9318	265493
airbus-powerpoint-presentation-2019-20-without-video_diy_2019-20__pptx.pdf	ok	e2dd2e4d29e7d32074406e585c82abf9d13f6340dbc84a1a7bda950cd24ab57a	496106
aircraft_analysis-2018-06__xlsx.pdf	ok	251496e47a357cf7a61613b7418433e45aa70bf47c3b3264e3dba4e1f0e21d9d	99422
aircraft_analysis_2016-04-27__xls.pdf	ok	0b976954c8543294c3437289ef53dcb3dcb2382ee5197c0dde1efe592e120d86	111254
airports_6__xlsx.pdf	ok	83f651c0f98ca85ef7643a9c6caa4a810e91c5fd184ab8be31f9e6f4ccdc2a31	116138
alle einzeln__xlsx.pdf	ok	b785f5d0c98f1948b39bdeaea069ae21cacdc3963bf5bf7885fb92eb0f09e259	551440
ans_mappings_of_eccairs_terms__xlsx.pdf	ok	89ad6e8453420d8ba5da325be3e34ae6746cdbc4bfb99cbb78633cb29b49ff7e	317398
approvals-and-standardisation-organisation-approvals-docs-part-145-annex-B-B11.-TE.CAO.00129-Foreign-Part-145-approvals---Experience--logbook__docx.pdf	ok	7e11902a2252b9d3b1d712f7093fce7cdd618e5eb49eb05b9a90f6bda7f1f53e	115853
apron-area__xls.pdf	ok	b29625780b8ac0248b3381eb8bdc387861568ab480c2f665e87f8080503264fc	51596
architecture6__ppt.pdf	ok	d28ad2be1f94b9150af3beb605f624231e63bfeb9f88ba6252d4ed6b4727ee5e	333583
arp-sop-300-Exhibit-A-Table-Templates__xlsx.pdf	ok	be9a56f322abd5bb160ec195fc5bfe8d9c6d0ffafabcfb477bd74906f7e6306f	74466
atspp_pay_tables__xlsx.pdf	ok	e3e97ab9641fedfec1476e89b26f34285cb0d71f254b37e4fd1ad217eca97bdd	322973
attendance-updates-for-governors__pptx.pdf	ok	b172324b8628b6aaefba8cbf7a7235389d51dd3edcd9ebdb3560f1fc66ad49e3	289627
b050-19__docx.pdf	ok	205f64757f29e68c77f3590d19b7ddba325f97516e937fff56543856c44a5ead	121795
b053-19__docx.pdf	ok	1a797d2bf8b85bafe1bd8769d7b808173642da215760c51d7ab867f3a10b8065	109268
bar_chart__pptx.pdf	ok	455f63335c252eefdc64411243b5389b6a8475338caa76f4a2e1918c6c45bc75	26742
berlin__ppt.pdf	ok	2c6a8b96e7ebd97b6447f3e894a1747aa945e08b2565a341e9a2a645e1207ef6	288702
bitesize-writing-a-report__pptx.pdf	ok	b32f14e0bc64501427874dfba832b8346205df4036a3124b2d28b46c925a1858	954496
bulletin__docx.pdf	ok	1e0df4ba7aa6e3e55d9aa58a19ab7182b391ab2858140ceec6de4f43602e9e21	109625
c_291533__pptx.pdf	ok	c55d312dfd2d823201a9ae039067798477ddba59010ff50b432aea819e0abe01	824906
cacs-206-1751218225__docx.pdf	ok	0d7d501fa6468b1cacba7ca1822b001f4f618fa53272c80b53af372684616a39	41727
capa-liste-nse-1__xls.pdf	ok	558a0f53766407f8be0032b32d8a02cbe7cc03564bb198ea18ec8061f0bca5c1	272751
certification-flight-standards-doc-oeb-supporting-documents-tgl-TGL26-section-5-REV10__doc.pdf	ok	7bb2a9ca9d039be1a1a6ceebb50a50f560471f796c2901258fde408d60068fd5	65849
certification-type-certificates-docs-tcdns-databases-MAdB-Light-Prop-14-28112013__xlsx.pdf	ok	8891b978368897431a585c774bffa19ab60d08d3fbd0bf1de22b6392c2d6a4cf	277244
certification-type-certificates-docs-tcdns-databases-MAdB-Rotorcraft-14-28112013__xlsx.pdf	ok	d90543668a552823a66eb9472c92ecb58dda874c29bd2a8b36d958b589b57921	183816
chapter 12__doc.pdf	ok	3a3a48203c73fe5f750288ba868de7dcbb95281301ad0753dde0a2e34092b978	114135
chapter_4_0__pptx.pdf	ok	856d05dc3974bcc830cc13f755e4c0358e783b16d252d7d055031795f91e2c7e	1301037
clustered-column-result__docx.pdf	ok	85fd6a98299ef557e6085652eb9972eb3e4c36c325ef5f2d7baec1a003cd0bf5	27694
clustered-column-template__docx.pdf	ok	ad6af303e63a92962dd3caee5792b32699320125cd9c020caeb0818a49a7823c	24132
combo_bar_line_chart__pptx.pdf	ok	20ba71c3d184c0e5c62d79c5997e90747c1bc4cd727225668df15e2882358945	26414
commander-authorisation-tasks-spreadsheet-october-2025__xlsx.pdf	ok	85aacc8aaf32b8ec17d6ede81eca2b5886fe99f06e5270e2018d31cba828968c	134496
concepts-surrounding-cloud-computing-carolyn-kranz-and-rich-prem-gb-seattle-2011__ppt.pdf	ok	44821c2787a82080ca6e111e89d3870bf5cabedc59aa894f65eef374e6b45af0	374540
congregationalhistories_ky_2023__doc.pdf	ok	a37ff7405aac1e077f47adab1984d83103bf15985fa9d7aaa926651b90004751	92894
cy01_state__xls.pdf	ok	6549b1c303bc7d48874f9a0b82707f54c3f473f3224d098ce44b2a596b367898	307021
cy06_primary_np_comm__xls.pdf	ok	0dec0c3115e88db719395676b958ed85df13a17756d3adb1121258e58a37db78	106502
cy10_primary_enplanements__xls.pdf	ok	2e3ce0ae53fbc9a1c667a77be81dd007e5fd1e5af07e0b90d6c860cd31688fa0	91785
data_20121018181533__xls.pdf	ok	e6680e36c94edf478ae666b583c819c87bf78141baa41ebd0c2bb69a3277bb14	113916
dhs-293364__pptx.pdf	ok	2c72030e0c98e5ed69e9e8b4551c9b9ca35c7d333c7deaf5477df91d905536ed	185425
diapo_6_fees_vous_etes_poctdoct_exterieur_a_luniv_v2_0_1__pptx.pdf	ok	3a480876746f4f7ea29d5ec224ab9b8b9b20d4e50ce49958aeac5b58ba9dad8e	132566
disclosures_ecm__xls.pdf	ok	928e3fce38efcd6995b5d1b28442998d081e3a94e4bb0c20c6c4a9aa94576ddd	65613
docs-quality-MA.IMS.00001-Integrated-Management-System-manual__docx.pdf	ok	dd8a945c2ec2c70eb774d60ee71afb8a2883fb9337625c439074687d3dedb843	1774479
draft-variation-notice-airbus-bm3965ia-v006-vs-comments__docx.pdf	ok	0d9ac94455806b8105255bb45f3a0143fbf2dcb9abe6f98eeade22db6f669c6a	98215
dragon-175066A__xlsx.pdf	ok	29727fa59d9357ca5c365698b789b82722c9df3241afd5df06205876c30544c5	141533
dragon1-enterprise-architecture-document-example-v0.1d__docx.pdf	ok	c491f8a9678195d6e290fc867184c9ee4b94ff5a4aa52bb400426496fc4a0c1d	716172
e-pass-contact-details-template__xlsx.pdf	ok	b1eef04d821a8dce491ec9ae05077b1015e6bbfbf531b40f5b78bc807bc9bf8d	11445
eTAR_External_Web_tool_Tip_Sheet_mh__docx.pdf	ok	2984376339fa482362eb8e50776b4e7699e2ff26c8e85968f2025804cc583b9f	119313
easa-form-1__docx.pdf	ok	170bc456eabda30a2e80a89fb825b538655f5aff37bb06059ae7b5a9efca1687	45519
easa-regulations-update-20__docx.pdf	ok	4fb3613fd29c3a0e2ec76860422f95b532ec23323cd36941d2fd102e8944f78f	481554
ecopy of 2016 statistical bulletin_public finance statistics_final__xlsx.pdf	ok	01293e7f1570cba647d5bea5beb4841f4ea2e0ff300b7a2710080e61191ff2be	156746
edb-emissions-databank v27-NewFormat (web)__xlsx.pdf	ok	0ab9bd78583dcdb2431f4aac5eea1a1678b4374dca00a89d99556d99937b2211	795707
einvoice-summary-worksheet__xlsx.pdf	ok	7509437d4b46771f40aac34969d8dc4371743f9e53994e6981a42f04e272863d	35838
environment-edb-docs-edb-emissions-databank__xls.pdf	ok	cfc93b3c0edcc23070864707b94aa673d146487d00b5b0f5965db88ad33a5ace	868453
essd-16-3433-2024-t02__xlsx.pdf	ok	786cff05ccda1712d5c8257b3a811c08d786d70d2a9cd41ec813a6e4fe533f9c	24033
esurf-12-135-2024-t01__xlsx.pdf	ok	20f9888b9f3c47d0756a1f12fbaed6f6b442770f457a1f6a2c33f4515d1958fb	15906
ev122_jj-liew-tort-of-bribery-webinar__pptx.pdf	ok	d0a28716b98aa3b65a15caf50ce60f9ab6e6453bf7dfd8628c94f3544d616faf	96047
exhibit-06---technical-architecture-template__docx.pdf	ok	0cc90b3ea663aa616812f207150ed867ea9137a8a44b2660717c6dd7eaeb5e07	171669
f111__doc.pdf	ok	e209fc3b4640568e764078a6a156d76c96efed820ac27bb1176fec4529cef837	106931
f2_registro_de_aprovacao_com_pbcs_EN__docx.pdf	ok	c06c6055df69675d19cb79d50eb585298bce498354ec8d16636ab6f2d943c781	158935
f445896eb008d14c1746fc37d412dc22__docx.pdf	ok	364e4ce0c63997715cccb953874c420b63d33a9ef49669adc03a519fb5f4d75f	92292
final-technical-report-template__docx.pdf	ok	c440d5f7998bb7f7c9ca8cb1398d5eb627e024bf667a1cfd722c990ccd2d6da6	83290
fishbone-diagram-template-ppt-1__pptx.pdf	ok	066adcec9b475bc4a03a2ed48368edc87b4c1c8bebba5842904278225426ead7	33501
fleetfastfacts16nov2023__docx.pdf	ok	c3170e1ea2b9250ba3fbb480528fb3fa35db15d2110205364792f375f451251c	849738
flightstandards-doc-Cross-reference-table_version02__xlsx.pdf	ok	31bff959a495137c2b08fd2a93e3ffbdf592c2d56fe7fa2cd1a2c98bea67f99f	752692
flying-by-numbers-presentation__pptx.pdf	ok	6d94ceb09339c499b74a7c4ff93354e71b8ee7f1b08e7f8b519c531f87a1b551	648241
flying-log-passenger-23rd-september-2014__xls.pdf	ok	26ee155a46fc075f90d6944edcfea17c020ed3e4dca679ee152315a168d391ed	59105
fm-provider-service-measures__xlsx.pdf	ok	13b44c45b0d1bb613d9d83b87ce74d2055f9c80e847ace6b38106e37bb8cf28f	829701
foca_form_1__doc.pdf	ok	fccc2032eb5e0059a4570be5c33873d87be3780970b378333c4bb61d932f247f	43647
form_1123_application_form_rvsm_spa__docx.pdf	ok	70e9e98c785caa59602078e8792cf18125f02621f1ad03fdfba277c0f6cc5734	90534
fse_identification_form__xlsx.pdf	ok	7d794ff022301ec409b3082a13261087eb6a1366c525f8be9608d3e3102443f3	83347
fy20-may20-sep20__xlsx.pdf	ok	a4f493b62e61851087fb0d21761b8d7ec064d93b4e1abaa8af81e76ddd5d1a89	419286
fy2010-aip-grants__xls.pdf	ok	41ec0d0267121f74561dd34a8e49c6073c7d607f8820213f74ad7af73e894040	646024
fy2011-aip-grants__xls.pdf	ok	91dd7a40e5d94310ca4d88cc5c127c417d1dac3b0ea468cce9946416fef40004	575012
gfopportunitiesforlinkagespres_2010_en__ppt.pdf	ok	174a930fae7691c3066f478e03ca69e9eb7bbe7aa78b8bd16747e941676497f7	184635
ghgp-supply-chain-initiative_20100323_wri__pptx.pdf	ok	50114122fa68d38c19bd6f51e7acb415f193a205d7f47045f686297952df23a4	293935
gillikin_online_user_mtg_2010__ppt.pdf	ok	c2ccd7db80fb44c969b39e2e9fa7f308dd3564ef6b4ec876962bf15c50a0b607	1349150
gpp-pr-top-7-office-markets-4q-2023__docx.pdf	ok	972f8fb5d3b94bb0d3220cdaa4cc151f02fde6c79eb37698985c221613ec7c36	470485
grants-2005__xls.pdf	ok	5041a8b228e297fa08ea78543631e82edeb001b8f2a8d798996d4b98e46906f5	535036
hdss-bulletin-index-2019-2022__xlsx.pdf	ok	19de377cd5670197ac1ab302c828b0cb020e89b01018132f4c121ce007836a74	69399
hdss-bulletin-issue-285-25-june-2025__docx.pdf	ok	87b026c4f418603b9db9d38a46a474dbd261248ab61a75bd47d0aadb8392a09c	315680
healthcare-reform-nsa-consumer-bulletin__docx.pdf	ok	96df8f4e64c93ca7a6dcd0554540ecb3092b2bcd6e35bf6c0f4dfa7dd60ff891	59677
healthcare-reform-nsa-provider-bulletin__docx.pdf	ok	0f91adf49d924d7085aa54d06d0dd1ecb133cc21384830d69b1ee86d6d87cd20	98173
hofman__ppt.pdf	ok	2501b70d960da7c2d88f63ebfcd89fa8a6da8f4b96eafb3cb79a5cb521d1569f	99502
iaeg_work_group_leader_updates__pptx.pdf	ok	918e4335294d5a69feac3999f572fd2f1703f1575fb43b6527edb5305e008fc4	94459
iep-amount-frequency-for-webinar__ppt.pdf	ok	ed246fcd91108d85965125443e8f217b0fd5846e39d88604057efcd120e1579e	796890
info-bulletin-601__doc.pdf	ok	e681883991d7fdf7f960fad87e1b4540c58321206b7287b713956ce043cacde0	508638
introduction_to_bea_tuxedo__ppt.pdf	ok	cc7a92873a71f6419320c3cfd3b57728113584e01395f744ee159c5b67fcd70d	224568
iris07.12.12__pptx.pdf	ok	7e1e9109635efa071f6cfd6de2f1d386c3e72939c3579b497c56317dbb68ae58	1561254
item_3-environmental_process_briefing__pptx.pdf	ok	7abae1a559403e1c9169f3f0023ff4b10812bda2ab1a916ab27664a683d1917e	849763
jobs-bulletin-51-22-december-2025__xlsx.pdf	ok	4b631a6a92d2335b6db948649e62c7ff02ee9711c69c9ed41a7c6a1eb0d8762a	59654
johnson_hall_service_log.pdf__docx.pdf	ok	8f3a5548c5c1804de7cd00ffbaf989aaaa64c38f752c89eec869a35057fb818b	78925
joint_user_outcomes_michael_fullerton_29.06.12__ppt.pdf	ok	17c0016ed08b1e39484c0764514b161c5bd45bcd6e784821e2f39bd03fad8d89	493640
june_2025_published__xlsx.pdf	ok	c1e6368631d4b4f6e02270c702dfa9b0f9684ebb7acb1896d67f53587fe23f4f	88542
laufende-nip-vorhaben-hyland__xls.pdf	ok	07d778e30b894b11b57bb50f6ffd5f6f0259840bb09f0019f076bfcfd53f4284	92145
line_chart__pptx.pdf	ok	3de9cbeb0641ca7f3f3268f960de89202762960f4b8df2f482c680e384ee982d	25971
links-2026__xlsx.pdf	ok	3f6210f8c627d4c96b8b1e22703b734cf611e3076f2f0b5e55e93d0bf5f9f4fa	80043
lk03_17__docx.pdf	ok	37c66ecd052bc9bdb62c915517f48063211f19af188dd2099f68b533c42599ff	42574
loi_format_letter_of_intent-a-320-214-a330__doc.pdf	ok	3e3dfc334dd10adbc78990d9aece2ea41d75743b51501db1cf684fef32369222	77330
manufacturing_process_simulation_working_group_overview_2023__pptx.pdf	ok	3258f737ef09ab1226dab470065763f19b0a0ff5fd2af860dbd770480bd4bba6	571951
mde087077~283__docx.pdf	ok	9e32f9677c5123cb0f149a897a760949b64057ff189f5a0664feaffc34e1ebcb	53113
medicines_bulletin_february_2023_final__pptx.pdf	ok	378459f83ce0b9a63a8027cc53b263ee36675491a147e58e966801d4b3d8ac01	126578
microsoft_learn_multi_chart_examples__xlsx.pdf	ok	d4ccaf4fe4cddb728ba454c3910577c2792c281bbdd622035b34535bda6d816b	54015
monthly-content-feeder__docx.pdf	ok	b48765dadc74a4921977884b369a2c19b3b3923d82f216dd9164e0d0998351f9	165164
nabiyeleul_1_aviation_service_28_july_2020__pptx.pdf	ok	0e68ee717dec51b238403ee0cce3dcad509778a8a1064ea2d2fc8f05e9b9dda8	63329
npias_2009_appA__xls.pdf	ok	cd49fdb776d191ee167c08f2918c39c551b221850449645f13089dc50c1e8be5	482062
oltl-bulletin-59-26-03-ptr-sc-registration-form-for-oltl-approved-software__xlsx.pdf	ok	e8608de67a7758ab766fcce5814d5f0ee6c968f452fc61eee984ac5946ce26f7	29436
omrIMInterpretiveGuideLine__doc.pdf	ok	b0e4dabf3e1cebbc17807eb6fe51cd4db9e56ca4b420f20fc2612f4a1728fda1	362544
opic 5--Case Studies Movie and Aviation Industries__doc.pdf	ok	ab7006ff0c5743191ecd86d94d2a94029ce4b4781ff2578a80e054849e477d6b	71320
orbus_togaf_tool_csq__xls.pdf	ok	6ec5d4ae67b6041ef9746028748440be398c460897664afec0a8f6b5a8e63499	323322
order-of-worship-ppt-revised-2018__pptx.pdf	ok	e6e2cf0d86650562d1e25c4e77a1226209aae82b20e736c5f4cbf04fe691c50f	6072792
outlook_of_nigerian_pension_sector__ppt.pdf	ok	9c578991e5dd959ca929186b487ecb6d95b5ad13b0ce6fbd151cdf13bf8f258d	104471
part-145-approval list (1)__docx.pdf	ok	4fbd8ba46ef4e2ad6109643b138218062aa44553194efb5abdd1e1807f63ed30	114434
part-145-approval list 2025__docx.pdf	ok	daf39647a0f10f87ace1d3c55d7595cab6bd9b8b20f8e7d4ba9bc4c3b63e569d	113984
part-147_approval list_20230119__docx.pdf	ok	28574f123a0684b599d0bb83d43aae167aa799b1cfa65f414b05e2234a83b9ce	92216
passiv__pptx.pdf	ok	774bddeefc546291bbdf14623306be54ecd0f7e110d61c3f478fe2d681efc731	335773
permit-applications-determined-july-2015__xls.pdf	ok	b247cec3bfc1304da6b2e1db19d33807cd7c999daa031035ceb26f995dfc506a	50970
pie-chart-result__docx.pdf	ok	245e1daaa955a1cec0bec00f4e10c8119e7cba6261e0dc5132f8c66214549d66	26714
pie-chart-template__docx.pdf	ok	3c67c058f586d0278822af97f1fe7db85cb4df37dbf5fd7dadaebf218cfa76bc	19958
pods05__ppt.pdf	ok	62dcfa1a5d011794d9228d9477f3db407c0569e068430ea95b1a1f0f7a240f20	341665
policy-pesentation__ppt.pdf	ok	ecaa56acd92bcbb403373a23d7a1d90859d03a828afcb6f34089bcc0ae2492e1	189852
pres_ioc_phuket__ppt.pdf	ok	5c6d5f8088d94c4cee39616cbc4ce111c17bf291e60b1ba07ddcdcb706fca0e2	348286
prison-population-bulletin-june__doc.pdf	ok	209396c89bf43a69fc4b44143b0a4f20602cbaa07e1a530a109a3f95bd1f8c4e	50228
private-hire-operators-licensed__docx.pdf	ok	7a6f5ba1004b97e904e98584e84b6c250b4248b01297d365def158e38d646773	31191
programs contact list as of 07-01-10__xls.pdf	ok	b29a016aaa29234db12ab3ba239b26ec437f3a8c966757524b1f64164c9439ba	49411
redac-fullComm-201705-EE-FRs-briefing__pptx.pdf	ok	d10d84d05ddd846a010688ace086a7ebbc6752ca9bb75dbb01739a4f311ae48d	842975
redac-nasops-201503-RIRP-portfolio-update__pptx.pdf	ok	225c55652519e3ef097328eee6891750cf2100bd919edb157b69ad194aea371d	20727515
redac-sas-201403-ppt-portfolio-rev-sim__pptx.pdf	ok	31f42ad5f9c031169c3ad6a73d8427b295b5073f62d345cabbd0c91c3b1bd48c	1874371
redac-sas-201503-fy17-research-portfolio__xlsx.pdf	ok	b0a918670c50fc937228d8106a25f68cc10bb84054bf06e3bfe19ac9b049e426	76801
redac-sas-201509-asisp-research__pptx.pdf	ok	6122a3b742c99c47ed9bc7d9765ff3f45018431945eefd0a88957d8c40243160	8705068
redac-sas-201703-hf-research-division__pptx.pdf	ok	452b21d7433e1e2094e651b4a07adb14579af9467508325d75e5fb3e3547b63a	6723721
register-changes-in-may-2024---adujsted__xlsx.pdf	ok	b24848be941095bdc2140e2a0605360585adcaae8288575fe01f867b94fa56c5	49716
report-template__docx.pdf	ok	aa5ea44a3a848b0e21a09e4324b15d5c48fa87ad80113e6ac2afbbfe578584ca	860469
review-welsh-government-communications-mister-peter-mandelson__docx.pdf	ok	1a96c92e69bfef032efa69f4b1e30289bbfc2d617fb61987a0697d8123181a6e	113067
s33song-beverlyactproductionofdocuments__docx.pdf	ok	4f4a74de21012e6220c4c8cb1e8b696948684348873c029d59b735b1cf32a002	48031
scatter_chart__pptx.pdf	ok	23b3cdad0549cefd1a0aefe09e68c3be34909281f2eb62fe6fd0fdce3fa87de2	17822
schematicplay__pptx.pdf	ok	9052e7d61892dee6ca3502bc381d31cbc66431280c1580326690b6c4aefc00b8	6716949
schematicplaymar21__pptx.pdf	ok	ab8d215236eb43e334e547e0f685ace00e454c23336dc4f3b3c426c73077b58e	6715968
section_1_our_rights_presentation__pptx.pdf	ok	09b2aaec39a65b87999dcee8e17ff5cf4e2ab60f66050e6273e7ad4fb7a65d58	1810094
sectors-defense-and-aerospace__xlsx.pdf	ok	378c5be2d17838314a17ea442efea80323f326d0b48d3cff97ace334ce5ec390	346638
seihon_zassi_kikou_20221215__xlsx.pdf	ok	b4275fe196cfed1edd0eadeff5ba066abcfc2819db2643622175d0b732c8f8f7	392890
servicedesk-plus-overviewfinal__pptx.pdf	ok	9d991f6ee3081d0fac8516e00418f2cd6ee946bd4fff9ad742f243182d84d524	11601455
sistem-rekod-markah-srm-_-rekod-master__xlsx.pdf	ok	c78f3a66185df5b881a1e4f35c545c156a850d709d4154d4343724f05d335260	109090
slcc-architecture-uu-architecture__docx.pdf	ok	df3970119fe426cfbda8ef03cdc9e8cd65cb5156624e551784d8bb6482f36de8	96776
social-media-app-bulletin-january__pptx.pdf	ok	7b78f58cf6cf9d5f70db1cf5e376add6492568cd08fd5fe04d72208229fd74f0	408290
solog_orientation_august_2019__pptx.pdf	ok	138087eec3de095ee9bfa390c9dc261aa5e5fbc4fdc6b057de49e0db23562192	330126
southern-classic-kennesaw-state-university-final__pptx.pdf	ok	c9a3329351c16c34202f54d20968146514d53e23e9aa86ceadaa0df344640928	734302
stacked_area_chart__pptx.pdf	ok	da4e8ce77c302cbb8ad593d88f17fb8b239373313e34324aa4ad1c026d7116b8	27325
stacked_bar_chart__pptx.pdf	ok	c6e5c195288174d5119a0c7a8906e573d795f06b4209dab960a6650527eb5145	27592
system_design__technical_architecture_template__docx.pdf	ok	2d79ab96439d7b7c716ee4fdf5748255fbe654049f944a159787fb0ff317ee3d	347142
t_TEMPforInvProgs__docx.pdf	ok	4d8d17a41c42dcff1b0977c9e4ae8ee147e55975b65cf1d6530c59ebae867dc9	205328
te.iors.00048-002 SUP Questionnaire__docx.pdf	ok	95515843a8221749eff30a2b2dda950bce376cfce395362a74c86bbf48dceaa4	157759
technical report template__docx.pdf	ok	dec44f3414de369af0c67fd78f4cac95dec0a487943120b2d80303ea8b695e56	58237
technical-architecture__docx.pdf	ok	3c7a204bcde13f07a5e58bf29b7f0762875495c70ace5bfb3fd76383911eeeb0	141074
technical-memo-format__docx.pdf	ok	c984fca584400d543d7a59f3b17574bfd82e85c7b4c64a8356e9bf8d3f5b0e37	77060
technical-report-template__docx.pdf	ok	625e2125317fc914ef6d3027a9f4ea44128bfe3d477b699c1b4c8f0dde621641	48414
template---tpr-technical-progress-report-with-guidance__docx.pdf	ok	cac7e866c0a089058f9a0fb126e045925ba908d2e850759d7bf864018f45151c	125976
template-ECSPR-notifications__xlsx.pdf	ok	1975ef4e31db9857eb39741240ff3122edd313970b7501efaf37a979f5ef1197	58468
template-technical-report__docx.pdf	ok	7247ce6c2e467d8e31075736cc2677a5478081eb92c6655819a6a08e99d6dbad	76246
tibs_guidelines_2__docx.pdf	ok	b4d9ebd200aeb640858e1a748564e4028662be0a34202bc65907fdd0875297ae	208905
tk-syllabus-comparison-document-v5__xlsx.pdf	ok	7f84ce873e9f18370e940191c2577325e76a76684cfb9795ac8dca912a34a573	1840671
underlying-holdings-emea-en_gb-monthly-holdings-state-street-emu-esg-screened-index-equity-fund__xls.pdf	ok	d2d9ba02609cfa3c68e0dc8e64e32d7c18c7be46ababa0e87067bfcddc9fb510	64067
undp_presentation_revised_17_may__ppt.pdf	ok	c49cf52a1bd847620cce29e9a702b42cbd0ef833126d6cc0b5448e1ba4d33317	169678
vv_summit_SAIC-PRESENTATION_FAA-V&V-Summit_508c__pptx.pdf	ok	cd8adb9a0c57091800c5f6d0266ad007f7f159197940e1d6e628fa2f6b7191e2	1551898
vvsummit2022-Research-Roadmap-and-the-UML-3-Operational-Integration-Assessment__pptx.pdf	ok	1f73aa6322c0abcee2ebf38c57df7121bb1bc1dcf53c83f512a9519d170e11ba	1403551
vvsummit2022-SAIC-PRESENTATION__pptx.pdf	ok	5c3956b81c7be48b837ae47ef453a31ee3e4d9d09f9eb4cbadfac487342102a0	1551937
wells08_basic__ppt.pdf	ok	8ef9ef9dade5f2f7197384e08db3e379e5213a2fb59a01a59e400b201a0fdb90	77167
wiley-cancelled-title-list__xlsx.pdf	ok	4240924e813411fdcb6330fac651e4b3204332fe1f02c1c86aae478e22dafa67	112873
wopanets-innovationdays-06-16__pptx.pdf	ok	e22541831b8b500bfabf38740bd31b7b7c88cf79a8d4580adb349e767b700de3	301189
ws_prod-g-doc-Events-2007-Approval-of-Flight-Conditions-RM-NAA-16032007__ppt.pdf	ok	00bfb065c76f26fa1ed11f2ae48377494aa15970dd38cc349d9e77c95c7b1a22	135198
ws_prod-g-doc-Events-2007-Privileges__ppt.pdf	ok	fb451a718fd73cce9308a0fb3a0f652219a86b92cb1a4363b672bc7ff47b8b9d	135927
ws_prod-g-doc-Events-2007-may-presentation-PtF-background-+-principles__ppt.pdf	ok	4924e459afba7971bf65cbcad27755834af61fcf4cf829240768124b30dc8e3c	115644
ws_prod-g-doc-Events-2007-november-IACA-presentation-at-EASA-Fuel-Tank-Safety-Training-Seminar__ppt.pdf	ok	f6504d3bccd5393408c766029e1dda6116b5656ee10951d912d03d5670da16b5	237823
ws_prod-g-doc-Events-2007-september-M.017-(French)-France__ppt.pdf	ok	031eca93d049f9fc7b24b8845a83c4ef5d62d0853384e0e254d4693907c5e39b	191177
ws_prod-g-doc-Events-2007-september-MDM.032-(ENGLISH)-CZ__ppt.pdf	ok	f66ebc74dd1d26b80acc219860dd78d3299f068b4a46ee9e49ca8e8bd3b321cf	156974
ws_prod-g-doc-Events-2008-February-5-NATO-activities__ppt.pdf	ok	3f84b0f39d732213a82f9c2689dfa3965a5e7309bcd961d619f2beccdd499542	1449935
ws_prod-g-doc-Events-Part-M-presentation__ppt.pdf	ok	c2f594c05ea1841d644714bdba3ffe357c6408653896df9f0df8c9018a6a6653	181711
ws_prod-g-doc-Events-industrymeeting18112004-Aercap__ppt.pdf	ok	3f8cd69a2c46a1dfbce2e653343f31196d9b43afe94070779530ae89b01824aa	573779
ws_prod-g-doc-Events-industrymeeting18112004-European-Safety-Strategy-Initiative__ppt.pdf	ok	e4fec279dd0925ed1773e108f55bbfaab99a39fb7b438f3629b70fab7dfe329e	237334
ws_prod-g-doc-Events-r-6.-ESM__ppt.pdf	ok	bcb22b527880ce7a6cb370b217d8509755f8e4479938ba400f90f8f30c68d38a	255531
xx_SETIS_PWS_template_10.19.22__docx.pdf	ok	00f3eaa0c12c393f5a47bb4ba09d4468e5a7047b7d06afb8d09a094317c3435e	196223
手机免提系统TSB__doc.pdf	ok	1bf2946d4e57ab8b61a97f2484e24e2cb35b3be8e1239f4add51e11f0e1f9606	119104
