sheets/ceiling-001/xls/Template Pilot Logbook JAR-FCL V3.0.xls	89ef6a216e8fd87097afcf26192288c29c46f0427b0597f83c71778cbf6d86fe	126649
sheets/ceiling-001/xlsx/2017-04-27-Lease-Transition-Records-Checklist-FINAL-1.xlsx	64da3dbb096c3e4cbf23fdd853d1da14d12784179cefec249b43d06315e7746c	59423
sheets/ceiling-001/xlsx/2020-01-29-Lease-Transition-Records-Checklist-FINAL-1.xlsx	17a3c23c132dd02f43e7173b9a99d06b7b1bbfad716bd2fddffb3f5fa696c312	59385
sheets/ceiling-001/xlsx/EASA-IFP-145Scope(WEB)_ALL_ValidF145SOA_2022-12-16-04-31-58_0.xlsx	e76cdfbc9ef6f697e152939cce7b1a0b1f652cf792904918ebcc5460e1c1fd95	303327
sheets/ceiling-001/xlsx/EASA-IFP-WEBLISTNOODATA-ListsofForeignapprovals(WEB)_NewChart_2022-08-05-03-31-32.xlsx	5fe145139846c4948329f327e6f9fe1e662f64f26bc46927b5c053abc16922c8	72543
sheets/chartset-001/xlsx/001_advanced_excel_bar.xlsx	b9531b46d798b56124b5675c3994831087151d2a867833c78a2b1f5b2dd45c12	42520
sheets/chartset-001/xlsx/002_advanced_excel_line.xlsx	0cc6eb82f498632833c42177eaea556edb6aa5c13781d870f1f810e955ac33a6	49638
sheets/chartset-001/xlsx/005_advanced_excel_area.xlsx	e1ee795ccc9a4cbc0368ffd8b22a848b9545947fd205fe80454a0028a09c6e69	39951
sheets/chartset-001/xlsx/006_advanced_excel_scatter.xlsx	7d1be17cfa319c2c02f79bb927e3908dd8f70c7ecd39cdcd0d4c2ff661944680	42281
sheets/chartset-001/xlsx/016_advanced_excel_radar.xlsx	c66c94ded044ea87a8d342e9bb5e5650369eab7b4f25c7112652ab563adab4b1	39832
sheets/chartset-001/xlsx/022_advanced_excel_scatter.xlsx	8b3cb91f5e3883c837640a951cca4b75124d2e3ec19a9a22381c39f3d57195c4	42551
sheets/chartset-001/xlsx/025_advanced_excel_bar.xlsx	d02c75d5f19ea3c3089f402b1f42fa1ff54b52ff321b42214ab2879642cd55c8	39245
sheets/chartset-001/xlsx/028_advanced_excel_doughnut.xlsx	dde455d7984e0ef5e3e8655b23a352f72b651971549286fc7f557a062797a038	38134
sheets/chartset-001/xlsx/032_advanced_excel_radar.xlsx	ce518ff885cf6003720a9ff0c155761a8f36379ae229b2cd43991110417a6a83	39178
sheets/chartset-001/xlsx/033_advanced_excel_bar.xlsx	f466f091ad39d454ecd9c11c2e13f46cc9ccc3b873a6ab4ff092836711d35b66	39646
sheets/chartset-002/xlsx/003_advanced_excel_pie.xlsx	0423fa7b622fb161ebbaecc25597e35112e885096ed8d3a7c6d61b7eec467b46	39072
sheets/chartset-002/xlsx/007_advanced_excel_bubble.xlsx	6f366ab522088151455768651899bd6ab0e5c0766775e9d13b328219554e47f9	40133
sheets/chartset-002/xlsx/011_advanced_excel_pie.xlsx	441c146a54a805bed65555e2b7e952a1bfaa161051703f9a7925df21fdd5576a	40070
sheets/chartset-002/xlsx/012_advanced_excel_doughnut.xlsx	0b0f41bf5da1f34ee60f2253ba0a65a38b25d5063251d57f0dc4926b3b27c2e6	39837
sheets/chartset-002/xlsx/013_advanced_excel_area.xlsx	686b0ded13bad00a01b54d719399202ba590a1e3050a5fe29a643777400ba397	39238
sheets/chartset-002/xlsx/021_advanced_excel_area.xlsx	85e598ab873805bb92e21bb08f190f6695101f5dd2adaf204a8794f3051fe77a	39499
sheets/chartset-002/xlsx/026_advanced_excel_line.xlsx	086396ccd12c67c1d3c95704998657b2a56d1e38373df6052adba8169f1c89f3	50355
sheets/chartset-002/xlsx/027_advanced_excel_pie.xlsx	4b12324dd702a144c7c52d42b6aafc7579078a055517e4c6b523e318d3d3141a	38231
sheets/chartset-002/xlsx/030_advanced_excel_scatter.xlsx	d118336c68a6d1c56bf35eec60ac3c9d7ed3bb57e7b6b8e881f6d1dd11af15d1	41939
sheets/chartset-002/xlsx/034_advanced_excel_line.xlsx	494b8a0d1fad991ade75571332d46ae068cc1e0eb34367d231da71353a1f539c	48853
sheets/chartset-003/xlsx/004_advanced_excel_doughnut.xlsx	373c26b734f07d3a72db8f3363b434b62e8d3dd735ad48e10be8c87bb027becf	38297
sheets/chartset-003/xlsx/008_advanced_excel_radar.xlsx	ae95c620fd911fd8253262520d0de63eb9d92d7ba118586fe01d93640f08fae1	38741
sheets/chartset-003/xlsx/014_advanced_excel_scatter.xlsx	98ece8b0498d9ea5915ef349a85d02b6cd0a8c2ccb80de737d97e61a8def1493	44204
sheets/chartset-003/xlsx/015_advanced_excel_bubble.xlsx	be4d292ae88514c85c66fbe796466a1e5e5ef9fa4de9e979ecfd094d9d5ca3ce	40724
sheets/chartset-003/xlsx/017_advanced_excel_bar.xlsx	6e2ab4d689bb8b1d9c62dc8b7955264ffe6d8763453cebb8b26e9ba34f9bb8bf	44036
sheets/chartset-003/xlsx/018_advanced_excel_line.xlsx	4fcb3dfcc62f9db23e5b5b7bb6aaa1abd166ffdbc849ae5dc71d641acffde1ed	49572
sheets/chartset-003/xlsx/020_advanced_excel_doughnut.xlsx	5fb505a284b545d7a02d4e715617e0d0b87072575241a8609fe0a6461c270f2a	39108
sheets/chartset-003/xlsx/024_advanced_excel_radar.xlsx	ba8e558ea5ea4315a699bcf174369696f49e7c842ece95e7b3706ded37312127	40087
sheets/chartset-003/xlsx/029_advanced_excel_area.xlsx	c35816de30708c6dc6c822890d559b33c691cc83e7acfd36768631dbf635a9a0	39923
sheets/chartset-003/xlsx/031_advanced_excel_bubble.xlsx	50a5aaa18e5d082e9deda91e185f3de16ff77b23930d64f474e35255aa1b1f52	40331
sheets/chartset-004/xlsx/009_advanced_excel_bar.xlsx	b62c810664cd412967cb2cca05e62b45971ad6a3d79c07fa958f8c161b71c14c	42132
sheets/chartset-004/xlsx/010_advanced_excel_line.xlsx	1d87e9bdc85754850d65db25fa51a2cfcdf41695b9aae77f77aaa3ddcec95fef	49903
sheets/chartset-004/xlsx/019_advanced_excel_pie.xlsx	dd15b58b274984adf13550ee396951c4a37fa63417794edcf5f5228dad345832	40606
sheets/chartset-004/xlsx/023_advanced_excel_bubble.xlsx	bc92b0cb8811678af9009ab4ce343961526c13b844466e3674ec2dda9451a340	42067
sheets/chartset-004/xlsx/DynamicBubbleChart.xlsx	615d1324b6bc61329fe8d103426243b5a5a4da147e682ccb84a235e510e1d000	55373
sheets/chartset-004/xlsx/microsoft_learn_multi_chart_examples.xlsx	b5894b45fafae06cb79018bed8726b1d8dd5194c7659b9a49f88769b2b78d896	53938
sheets/chartset-005/xlsx/004_Contextures_chart_sample_de7c0671.xlsx	4773491d80e4491dd461c3e39ef48491db3a2ac130fb8855384b1e6fbafd9256	34243
sheets/chartset-005/xlsx/022_Pareto_Chart_Template_-_Pareto_Analysis_in_Excel_with_Pareto_Diagram_82b5a874.xlsx	00d5dc315a1153ef1bd4d81f204056fc7d4adf83e374f03526e52b21fceaa793	47746
sheets/chartset-005/xlsx/067_Basic_invoice_Use_this_template_1d35c3e9.xlsx	25b33bff608ee8700b7e24b028b7ce242353c1d2a772fdac5d0ccbed5d9d33a9	34700
sheets/chartset-005/xlsx/073_Graph_paper_6e1a30eb.xlsx	30a6254088e09f408ba335c0f3c77d0c5b324b3c569c3d9977864c1721d9073f	24948
sheets/chartset-005/xlsx/074_Idea_planner_bacaa123.xlsx	e39b96e221179d6ea9a808554e31c9fcdb006c4ee0a95567fee1143a7346fac4	27274
sheets/chartset-005/xlsx/091_Volunteer_Sign_Up_Sheet_Template_Colored_Background_2cb58d01.xlsx	27d69e7df9e209b55453de8062e097166cbaaf77408072c3e3c87d5ec964ea8d	25675
sheets/chartset-005/xlsx/093_Volunteer_Sign_Up_Sheet_Template_Customizable_Format_3a4d6b58.xlsx	173d5303ed52fecf9a558619b67bbd7ff9c132ebbd3f00e12b93092ef62de6f5	16181
sheets/chartset-005/xlsx/095_Volunteer_Sign_Up_Sheet_Template_Fillable_Format_b3330009.xlsx	891343f75fa35484092bfc49dfbad3290651e2ae1b04d8ed2b515332d4d17719	27096
sheets/chartset-005/xlsx/096_Volunteer_Sign_Up_Sheet_Template_Green_Theme_b4f1809d.xlsx	edef05b67e21af9c631497f4abad904ba6046f483a722c1cf425c76c34ddfb44	19267
sheets/chartset-005/xlsx/098_Volunteer_Sign_Up_Sheet_Template_Simple_Layout_080a06a1.xlsx	e4044aec66691162d0dd9a790bac78129f6dff0838fa2335fd7fee3fc0a6f6e5	31705
sheets/chartset-006/xls/011_Contextures_chart_sample_599b4392.xls	963d536bd5a96bb72948af74c0703ea405947362bb48e9583d98c6309541c6f3	62607
sheets/chartset-006/xls/014_Contextures_chart_sample_991ecfc5.xls	b3465c4f3f4564ee07c3cb25dc222424e2ff93a033d1e3aaa54049054f7fa411	54649
sheets/chartset-006/xlsx/005_Contextures_chart_sample_6e279b08.xlsx	6007e737bf2ea667b6c0360068b2e1a11db495b3ae7ca7047345488a5bc0a570	42126
sheets/chartset-006/xlsx/006_Contextures_chart_sample_afa23b53.xlsx	0039bfb83be6bb23076a8315e9a37c085ba2731e3fb62da5cce7d565b2d007f6	71247
sheets/chartset-006/xlsx/044_Cash_flow_forecast_Use_this_template_b8fa1f35.xlsx	a67efe3b0b77820d452d6868e32beb059aaeeafb6037b4d88764ea9f6774f94c	30582
sheets/chartset-006/xlsx/052_Manufacturing_output_chart_88570318.xlsx	a7ae273eafb790848b60b87835c875c0e385096c8a18f2320af58f2358a5db1a	17504
sheets/chartset-006/xlsx/061_Regional_sales_chart_cb9eb690.xlsx	91f409d7bf19edf5cc236f1941d85bace62bc1aef6f72026503df50df5773cfe	23866
sheets/chartset-006/xlsx/070_Equipment_inventory_list_Use_this_template_fd524c8a.xlsx	c3bb6c03ef61c656dd257a1932968a9a9713b2623e54ffc1a71a06b4a913e375	52421
sheets/chartset-006/xlsx/088_To-do_list_with_progress_tracker_Use_this_template_8c438912.xlsx	aa8e9d227000119446ad588772a1f93a724c34f285aab5a68c27af9642acab1f	21393
sheets/chartset-006/xlsx/089_Vintage_inventory_list_Use_this_template_f616cac0.xlsx	a92d177d1619f8170e26954c92ca6ef8d4a5cc7f69f17480d8ab614884394b76	25721
sheets/chartset-007/xlsm/003_Contextures_chart_sample_9bda2719.xlsm	aaa763a2ee1a987f36a558a8e8b42ae55b0398fbfcfaf46a48efc7e585f27bc6	76783
sheets/chartset-007/xlsx/037_Personal_money_tracker_a57957bb.xlsx	d87db4d5a850545316a1f2f4957fd02b2b7d811643ad409cce3c8b58a761da5b	61250
sheets/chartset-007/xlsx/040_Blood_pressure_tracker_872b6833.xlsx	af27651e71396021e40e41695a5456c0d242fa9d95b8ce7d2d2041bacd89ef18	31827
sheets/chartset-007/xlsx/050_Financial_vision_d44241e1.xlsx	53a7853db084fcc27bebb20dcbaed6b2e549206e669b04ef01b894e32e66df8b	27875
sheets/chartset-007/xlsx/054_Problem_analysis_with_Pareto_chart_11058329.xlsx	54889de694b636bb2dfe43e4d1de8bc366ae067b0060ca2dc86ee80a906aa7ce	22995
sheets/chartset-007/xlsx/058_Social_media_engagement_data_cfa1cb18.xlsx	f0a1196b2cec2345451a7eefa331311e0c7b20d1b6cebc7b814429bf596aee3e	17427
sheets/chartset-007/xlsx/063_Sales_pipeline_aec57013.xlsx	62e28502cc709e5ef122ba672ab42133b45d44810a0061dfb9a964ec8b0f910b	29527
sheets/chartset-007/xlsx/082_Project_to_do_list_28f80082.xlsx	5a245e72528647d2222a7cd736b389f7d837bb8941512d4a99592df355e1e762	31326
sheets/chartset-007/xlsx/083_Project_tracker_Use_this_template_b38d057c.xlsx	05ea9ad1318c7a8d8cee88f91465ff0c5d9014e0211e5e6abe88d4aebb9ea589	23494
sheets/chartset-007/xlsx/090_Weekly_time_sheet_Use_this_template_0499cc43.xlsx	4fb4cdd03378fc8bab507ea9980a105218dcc2abbce87404bf45efff2da02bac	29023
sheets/chartset-008/xlsx/008_Contextures_chart_sample_7ea7a1d7.xlsx	388445c802482a1fbdf48ccc3fa4036539c6d68a7f1d0fe9562688258b11584c	43898
sheets/chartset-008/xlsx/021_Control_Chart_Template_-_Create_Control_Charts_in_Excel_fd3b1a5d.xlsx	dfb18ed28bc764f11a32472641873df4609cd6827071af71497be9816c7c5c18	76510
sheets/chartset-008/xlsx/023_Waterfall_Chart_Template_for_Excel_349f7689.xlsx	88b0d789ee4acb1b0d84113c5b75652b3eedf33d0800db7e80f7313a2edaa2a0	74913
sheets/chartset-008/xlsx/034_Personal_net_worth_calculator_f7b8fb57.xlsx	6ba15901122b085ec19f429320de9ad2a3a4a10da61570ae57af96b0e545d488	37616
sheets/chartset-008/xlsx/046_Cost_analysis_with_Pareto_chart_7db5ef69.xlsx	f33020432eac246c13a16dbc64323fd2c3c1963e9cbbc22c53a3d95f12a5d5a8	42975
sheets/chartset-008/xlsx/051_Manufacturer_defect_analysis_53db27ea.xlsx	f5773df0c1edd08fbfc200cad17c8d6f8ea7fa632520f9fd0a00cac5606e0c36	28042
sheets/chartset-008/xlsx/055_Project_timeline_with_milestones_Use_this_template_546cecc0.xlsx	525993572a4e89a9cd18653d2e95c36eaf5ea49c7e04d58fd5f6a9112dc49eea	37626
sheets/chartset-008/xlsx/092_Volunteer_Sign_Up_Sheet_Template_Complete_Guide_31fe4d22.xlsx	b7b5cfa5247b98fa0c627c36fe559746ec36e46acf1817bde91d54778c719859	26342
sheets/chartset-008/xlsx/094_Volunteer_Sign_Up_Sheet_Template_Editable_Format_6711b281.xlsx	1b61303f68c95fd155d553413fd829ae7a978e976a1b281e14d78ccc1c49f9ec	228462
sheets/chartset-008/xlsx/099_Volunteer_Sign_Up_Sheet_Template_Stylish_Format_c0cc35a6.xlsx	4e5a5d3e028cfe5fe64c63d2130c88cb75b47eb51da98210ba66dda95070d4dd	26340
sheets/chartset-009/xlsx/015_Free_Gantt_Chart_Template_for_Excel_414e86bf.xlsx	2d102a969a0687583d3e08584dae85c09c9113abe87f9e710d86a38203ab96a8	156730
sheets/chartset-009/xlsx/018_Weight_Loss_Chart_-_Free_Printable_Weight_Loss_Charts_and_Weight_Log_3337bd0a.xlsx	6a9479e1543581f475b4e3de219ef87e1b57713c973fce0a90ff1a715b5a776c	84786
sheets/chartset-009/xlsx/024_Free_Kids_Chore_Chart_Template_ad74bb34.xlsx	0d7a018474a4fd037701a092bb1d9d647016848832a726a6abb70504a7e2fcc5	77703
sheets/chartset-009/xlsx/029_Annual_budget_Use_this_template_30324a97.xlsx	d214e3f877f2c661167823a890de6996a90cc8f214d9939f8e2e1841d8f95992	45369
sheets/chartset-009/xlsx/041_Business_budget_ef942467.xlsx	2d6cf4d665cd18ffbba07d0b9964e36e2c2f36192bcf8e3be6fd044f7891cdfe	38825
sheets/chartset-009/xlsx/053_Personal_asset_inventory_5446d84b.xlsx	bf913f658151db2782949ebc3ad5cee6dec02afc08264e8e7db5735e34bf3156	30587
sheets/chartset-009/xlsx/056_Quarterly_sale_report_baa6bb0d.xlsx	641347c85016cc8ae4043666983874bffdbb04b429f0eaf9a5065b2e9ec6d1d4	59282
sheets/chartset-009/xlsx/075_Idea_planner_tasks_f44ebd73.xlsx	b4ea6e7518f82e6f2b5bbb769a63b442b81c03eb2ecc4de6f327e7a31ec1afb3	31100
sheets/chartset-009/xlsx/081_Project_performance_report_Use_this_template_be2468b3.xlsx	5f3a39b41f38049d1582e6e913e973b22ce23f75a75d3c29bf2cc3299f258a37	48317
sheets/chartset-009/xlsx/085_Simple_Gantt_chart_d65b8377.xlsx	a61a3a6da0e26ca2e06d49bbe5b71374158318435b6b551f195cbb5e03effdba	71287
sheets/chartset-010/xlsx/047_Date_tracker_Gantt_chart_bf34f3a8.xlsx	a3f00c5c3ed040fb0d60ee965697984de1bc574364206e768e4b446adc97a464	56373
sheets/chartset-010/xlsx/062_Run_chart_cb7476ea.xlsx	8b78691aa4c1399904a839803d7f5a3d387cdabb6494a068de6b4080f970622e	51297
sheets/chartset-010/xlsx/065_Weight_loss_tracker_ff1c89af.xlsx	32fea55f946eb077633b0cd65eebfc9481c6fd35304deada93ecaabc0501b499	33532
sheets/chartset-010/xlsx/069_Blue_modern_balance_sheet_Use_this_template_6b4d70d3.xlsx	fdcb87fd41ffc006a803f70cf5433f58640c289b1fb54dbd901f619add2c9df7	29525
sheets/chartset-010/xlsx/072_Gantt_project_planner_dde00e33.xlsx	81904d62f8e8060313cc916410685305dbfccccbdf467174c3b825577bc1f108	51203
sheets/chartset-010/xlsx/078_Modern_inventory_list_Use_this_template_41abd5bf.xlsx	d5aa064fb8a80fb3a3cbce714fc9198aa8248d7d771e74005d0bf584205b4cd5	19307
sheets/chartset-010/xlsx/079_Org_charts_visual_248d1dcf.xlsx	0f200aea645b64d22acd13285024010be4d289fd8b021bdde3005b4ae5270b47	44147
sheets/chartset-010/xlsx/084_Service_invoice_Use_this_template_c92b43dc.xlsx	c596531f561aa2fd236c9249440b9f93d98e51686aa647a3bc90bcc64fb2a067	44170
sheets/chartset-010/xlsx/086_Simple_grey_invoice_Use_this_template_063b3773.xlsx	ac679bf192942bef76e12cad6eaf6d4cf31cf3e8dcb7839d2b8d31f7e13544a6	57483
sheets/chartset-010/xlsx/100_Volunteer_Sign_Up_Sheet_Template_Tabular_Format_0975f34e.xlsx	5c28cb8621ad897b131f9da57d3153857b891879f7e32b29f9ed278ceeae3e0d	60539
sheets/chartset-011/xlsm/007_Contextures_chart_sample_667d8e47.xlsm	c6ca0afc2d59a81ffadea5ec9d69139db8c4666d905544e30cdc0d760443ad8e	86159
sheets/chartset-011/xlsx/010_Contextures_chart_sample_e6ea06a3.xlsx	62baf598cce32abfb5ade0a4116c65e969e8d4dc606f77a22a6bd1a77c8036fc	91221
sheets/chartset-011/xlsx/028_Budget_summary_report_4aeefd13.xlsx	4f4123e872aaa845bbdd259e788d1cd542c9e8adab1c32e80a4b5b471e3c5700	75507
sheets/chartset-011/xlsx/030_Basic_balance_sheet_Use_this_template_10ed9144.xlsx	6121215c08acb35b1b8b8d612dcc859a243c62215ff0cf9553e04ab0902546e0	51684
sheets/chartset-011/xlsx/042_Business_monthly_budget_4e4d092f.xlsx	0f43e3d8bd4ca6c1a8f99730f3d24353e5ca8956fdf70df3abf77bfb95f92481	37172
sheets/chartset-011/xlsx/057_Simple_balance_sheet_Use_this_template_e2d4cbb2.xlsx	161ff0d2fa3b742fca14d5a4927869d509d12672b2f6d6b63d775c8df701994b	36162
sheets/chartset-011/xlsx/060_Monthly_company_budget_47b2a99a.xlsx	a2cf8d784014dfebc9fefd992d31f9927ee6b67431aeccb556f49f39cbfec421	33571
sheets/chartset-011/xlsx/066_Agile_Gantt_chart_08f9de45.xlsx	51f78ae4045e30a1ae8ca954d155f80ca471b3b6ff6e068484a9b605bce00130	62291
sheets/chartset-011/xlsx/071_Four-week_project_timeline_Use_this_template_4f05db49.xlsx	75ece933fd0e4c6fdeacbf2a8b58fe0e8e43b9f3e5aaf8126a90dd9d671bfc10	56902
sheets/chartset-011/xlsx/077_Inventory_list_with_highlighting_Use_this_template_36d8d57a.xlsx	46a21cba1f248edaed4f583dbfbf46ff253746d507f8d857c312fe4facdc5ee0	24336
sheets/chartset-012/xlsx/002_Contextures_chart_sample_f605e7bc.xlsx	8f9f2d13709b4a4c3b3f5b04c0196a06f44efcb1c67f74a9447a84166fbeb899	77537
sheets/chartset-012/xlsx/009_Contextures_chart_sample_adcb3f6c.xlsx	968b7ebb74fe8949eba6dfcdc40538702161ca6760e1ab12b4d11f838186ada2	101154
sheets/chartset-012/xlsx/012_Contextures_chart_sample_9900da76.xlsx	541c16cf931a68892be653a079fd8c7a459c70c1e6d91ca707cda9060f4ff590	51357
sheets/chartset-012/xlsx/013_Contextures_chart_sample_21b98e22.xlsx	f0cea83929404184d52e0cb4a646386ab23a55dff10a425d75b182373595b9a3	56004
sheets/chartset-012/xlsx/020_Free_Blood_Pressure_Chart_and_Printable_Blood_Pressure_Log_8f8dcc39.xlsx	93e0c268d1e118937b27bb1aaa64be99b05460556524879761f350193c9e882b	56555
sheets/chartset-012/xlsx/026_Monthly_cash_flow_statement_Use_this_template_8aaebea1.xlsx	79bd1a6a63e6f402929588692edfffe14966f38570ff18624b81df21df5c6e39	76322
sheets/chartset-012/xlsx/036_Simple_to-do_list_Use_this_template_ba44373b.xlsx	6e59b41a01a37b1f4fdbdd072d1852a68585e6aa6453f0c7e7a87f2143a067b8	20301
sheets/chartset-012/xlsx/068_Blue_inventory_list_Use_this_template_f9908489.xlsx	acc466f7f9cf789a936d6b2a7cc590a2c835786b973927e5560475c59d527c76	30044
sheets/chartset-012/xlsx/080_Profit_and_loss_income_statement_3566dae9.xlsx	01d1e4b1895a4b367cb9c9d7c0ca4276ff32d61acad347f417f8e8a6eb8c4b23	45986
sheets/chartset-012/xlsx/097_Volunteer_Sign_Up_Sheet_Template_Professional_Format_075d06ed.xlsx	a77a85bde7275d3a48a4654be3e127300b268dc553b2cd6bd5267c35048a2f0f	231999
sheets/chartset-013/xlsx/001_Contextures_chart_sample_b089bc34.xlsx	9f9649764d7786cd07ff306d15d3ea419499ecf4b48d4ed62ad162951e328bf7	109002
sheets/chartset-013/xlsx/019_Free_Blood_Sugar_Chart_for_Excel_-_Track_Your_Blood_Sugar_Level_36f4a782.xlsx	aa304016b50c455922087069ba3ef08b16881fc8b10596d270503ca708aedb59	126853
sheets/chartset-013/xlsx/031_Business_expense_budget_f3a46278.xlsx	ca531e23f1098b872c6e045a8cbe06a6d757e2cbda7466d729a73c90859a6789	60411
sheets/chartset-013/xlsx/032_Business_expenses_budget_d377eaab.xlsx	b61c77e3976df26b7284213662de77eba34afb429635709ceee7637f2d8d529c	116963
sheets/chartset-013/xlsx/033_Event_planning_tracker_Use_this_template_f29a848e.xlsx	5417ab26becb055a8b02d874a88aaba1c8de55cfbc69af0608b8d9f29d0479a8	51700
sheets/chartset-013/xlsx/035_Project_plan_for_law_firms_aa2d4462.xlsx	8783fe00b2ffa0f79cb555c8684464c46906fe650aae6e34a8c17afd19e9e9fe	75590
sheets/chartset-013/xlsx/043_Buy_a_car_vs._rideshare_ff07c7e6.xlsx	6073634420ab73bc6133fce136fedc85f42fd760c14d64570bc404c6656a92f3	36109
sheets/chartset-013/xlsx/049_Expenses_calculator_c351f3d0.xlsx	c454e5c8c7f03429ec0325948a28bb1c32c0585e98bb6fd21fe810bacd1a4fd1	58541
sheets/chartset-013/xlsx/059_Milestone_and_task_project_timeline_Use_this_template_24f1e8f1.xlsx	5395356d7061bf8d849501e1f76a7063db449515b111c166c667528ec2849c91	57743
sheets/chartset-013/xlsx/087_Simple_personal_budget_3cf9b1af.xlsx	f7c2c3d5cf15f5a816bb4cd9e52de965dd94f2a0cefe897a9b4fa46f5b2b92e7	32281
sheets/chartset-014/xlsx/016_Free_Organizational_Chart_Template_-_Company_Organization_Chart_db913144.xlsx	2295829403c3ebee2535734129deeea3b924ab67093bda9ca0cd60d099261728	59396
sheets/chartset-014/xlsx/017_Timeline_Templates_for_Excel_b88faee6.xlsx	491ff1a392867e6040ab6716499e0f439e14484946455d21c6f39472eee4a1bd	103588
sheets/chartset-014/xlsx/025_Printable_Reward_Charts_for_Kids_-_Reward_Chart_Template_aabacd93.xlsx	f0fbf0a143964f1d41f3ef24c4ac0d7e723564c1a09f85dae9ffcb967966e7ed	125713
sheets/chartset-014/xlsx/027_Simple_personal_cash_flow_statement_675c6584.xlsx	a650bc9d4bbe6715ecb53e5c8109dc0704df1fd02940ced65ee5ec6cde25be89	83461
sheets/chartset-014/xlsx/038_Baby_growth_chart_bb9cd672.xlsx	7dbd3d907d9acc81f6c75f9b45c7bcf51aaf050002a623e3562a3086589dbbda	45838
sheets/chartset-014/xlsx/039_Baby_growth_tracker_e295ae56.xlsx	a4d5e76ae530158231766498f3469796bb0bf9731467f37712130b1ae59225be	52721
sheets/chartset-014/xlsx/045_Check_register_with_chart_4becb8a0.xlsx	f0ec055aa661cce27493b5b802c11e3ef4edc4c94495f86fbcc2a91969596a85	317004
sheets/chartset-014/xlsx/048_Expense_trends_budget_18d1e8ba.xlsx	2c0b3108c17bdf11a0f5c2daef49c50346177099701b287e6eaccc31938e035f	62307
sheets/chartset-014/xlsx/064_Small_business_cash_flow_Use_this_template_0a640756.xlsx	d9b7a51e4f6462c93832680f7268107ac3d20e727ee924ebaca3cef09a4eafd2	66774
sheets/chartset-014/xlsx/076_Inventory_list_accessibility_guide_Use_this_template_f43dab19.xlsx	ee2a482ab8adc35a614b4808b6223840d6cc503dbf0e5c1a59be032806e45f83	305002
sheets/done-001/xls/Airplanes-MTOW.xls	1b2812a4f06707565a7832c6917e94939c2f752d301a669af4fb2bf50d6129f3	25352
sheets/done-001/xls/REDAC_SCHEDULE_RPD_135.xls	1ff77e09c2a877e780007a57d6fe205efa5252cd366e83834a1284d083789175	37651
sheets/done-001/xls/RPD 155 REDAC SCHEDULE 2014-04-02.xls	dcaf3ea5f2683b94fc0e218521ab74d710e5fdb9873d1e852b5c1852a9664068	40910
sheets/done-001/xlsx/16424782563923.xlsx	e66eec5a3c88ca65de8651d5054a4b7737b3d86255a5bbafc3a732b7d525e8c5	31273
sheets/done-001/xlsx/ExampleWhiteListData.xlsx	dae5ddffabc8e3125cb44e1294c461306c766c0c498c095be960f088b634a8fc	29415
sheets/done-001/xlsx/FMMO_NMPF_37C.xlsx	2f2fbe7999e39f40b681c4571eedcf0dca04071ee9dcab618d7dfcdfdbeecfbc	32984
sheets/done-001/xlsx/Geo_Abschlussarbeiten.xlsx	371b7e6e53ab7259029863c4378b0e3fde674f6a6f6a86bc985f164646ae25dd	38154
sheets/done-001/xlsx/Patent Index 2024 - Top 100 applicants 2024.xlsx	1feed4cf51aca7a42a6f48986f2dc1b466c123db3fec6e881e8c41c8162da052	31286
sheets/done-001/xlsx/einvoice-summary-worksheet.xlsx	8747d91ca0ea226e570d864674824a18c9bb9116db673994cf4d0ed11fd11505	35838
sheets/done-001/xlsx/oltl-bulletin-59-26-03-ptr-sc-registration-form-for-oltl-approved-software.xlsx	30ba6cd5597a429f5e689f33f1e6092cf3d17ab247e59a5f2e13127bb37d82c7	29436
sheets/done-002/xls/2012-GA-Survey-Chapter-5-Tables-16Dec2013-V2.xls	6b7866bc057a3192e65351c3e51ec75b3550cbcb9b4453becd7549452f3b59eb	49791
sheets/done-002/xls/2012-GA-Survey-Chapter-6-Tables-16Dec2013-V2.xls	383368ee6115e988a737822f29c4276a0ea74038ad1d1ea80034b51fa036f352	52245
sheets/done-002/xls/P1636e.xls	0e2845984e27c7353bb31b1b6c9d112caac399c8d4fea6e548d51d31f7f9af4b	39325
sheets/done-002/xls/REDAC_SCHEDULE_RPD_137.xls	6dcf3b2d08fea02ad50ab2bbfe3ee97585ec071aa031f38f9832a7bc0b92b269	48053
sheets/done-002/xlsx/(5000021142)-(subc0226)-criminology-subject-collection-list.xlsx	f0fa45abcbd34a898ce9b66c6614969dd608156bed97e365bc9a46a4d869fa3c	44546
sheets/done-002/xlsx/AIRBUS_station_evaluation_checklist_v2.xlsx	35c30c9c3933c2fddc526632ca0d78f484b4738f8cae84a1b4f151e67070bd20	72509
sheets/done-002/xlsx/Chicago.List.2025.xlsx	1f42c4a6172f87fa1ee63afb1b333530422845fd7cc25eebf484cdce392dec0a	40190
sheets/done-002/xlsx/Upload__hvv_Linie_150_2023.XLSX	a21f7a871a56785a5db4381f4adb48e8b37d349d50abced9c1827271dedf3083	19447
sheets/done-002/xlsx/WEBSITE-RESOURCE-LIST-by-CATEGORY-4-6-18-341pm.xlsx	827db0f8ad2a53db6802633211ae5a690e4ca7585fdaf0c98f5c5c4cd76f0311	39187
sheets/done-002/xlsx/e-pass-contact-details-template.xlsx	097e6a773f8a334a47ec67662629d709e877f228d8138ed5b4d144a02b791929	11445
sheets/done-003/xls/4-12-Kings-Attachment-13-Application-Architecture-Security-Requirements.xls	413ea830c889186b3657cc5ad2771123c0ccf0698d72815eb27de86368b4b7a9	45948
sheets/done-003/xls/NPA_21_21_Sentenced_Comments.xls	e7147cd3d1def27b6e234482d064a78478715e68376139fd7b66dfbe42a2aa56	50986
sheets/done-003/xls/RPA-Budgets-FY-17-19-20.xls	94410ac2b2bf4151dc4c877f07b4ec5c60d3fcbec1923c62164898cf1e23ee72	48170
sheets/done-003/xls/disclosures_ecm.xls	c7382372a4fde9bffc1b183cdbd753a12c7c9708e007ef95db1215182c26c0fe	65612
sheets/done-003/xls/programs contact list as of 07-01-10.xls	7f1ed23c0400479c58499eba3ec3241b33de25c59149a1afb18304c3440b49e2	49401
sheets/done-003/xlsx/00514292.xlsx	a40b13c5144de1161cd8e63702aa9e5e5b15032ec70f75a1f5bbcd79e99e051d	61027
sheets/done-003/xlsx/Air_Boss_Master_List.xlsx	b65edd13bc72bad1ae9f79751f5e24e640d0e00c987b2293e8cfa1a059ef605b	36076
sheets/done-003/xlsx/Bulletin-37-Appendix-2-immediate-detriment-data-request.xlsx	f67541e7bffbf79bb9402711935d934c68eb8f005b2a5d3b073bb829a4112bc8	47256
sheets/done-003/xlsx/VOR Candidate Discontinuance List 2026-01-08.xlsx	b6c30aa3de96e6fed2ef122975ab51bc8c3d7e7ea97544fc740746c458f7b1dc	47108
sheets/done-003/xlsx/redac-sas-201503-fy17-research-portfolio.xlsx	f74be3ed5cc99bad1770892d5a02dba71b5b0e1b67d8d1cbc3b41b5f2c4b4bb5	76777
sheets/done-004/xls/NorwegianXPensionXFundXanalysisXexportsXandXLAWS-1.xls	749059613a5ffd6ac7067b5f2869e34f4403dd96fe42b3cd30c4de467b8f562d	54233
sheets/done-004/xls/flying-log-passenger-23rd-september-2014.xls	e9a19debafdcfeb758de337f9db4571e8ae8e969b7dc8b64f20bd801750ae785	59036
sheets/done-004/xls/permit-applications-determined-july-2015.xls	a55eb2be28a4cc6a190a35830cc128ac6cde6b94c8566c28c8f5f1eb84b790aa	50967
sheets/done-004/xlsx/EU_145s_with_TCCA_approval_-_31.01.2025.xlsx	e3629317cc25388badffde69a049f53330c038d635ceee1af6fe084a4f50f3e4	46799
sheets/done-004/xlsx/Estero Rotary Awards.xlsx	b4201c0cd71c6b7fe2ff5435f05dd7cf7cfffbac33ea937b2a454ed102c2ca1d	28551
sheets/done-004/xlsx/Foreign_SA-CAT-I_and_CAT-II-III_Pub_0.xlsx	9c41ca3ca30a3fee293a36b6342eb027e4088613bad9883d8c61085baa22abcd	71668
sheets/done-004/xlsx/List-of-Members-August-2017.xlsx	46ec0c8bb4a4d4617fd74fcacdc622732db74bdab1809f79a486e50e4150f472	57974
sheets/done-004/xlsx/Part_375_Operators.xlsx	94e6c865a919eb6941e70f112c52227e4ddee3873a834a5c84a78359bc4b0a66	59663
sheets/done-004/xlsx/Travel-Cost-Estimate-Calculator.xlsx	f0a129ecc1d8c47f9ae884d83e1623c170a411367d7ebc706004d06a2564f4cc	92712
sheets/done-004/xlsx/UAE Type Accepted Aircraft Models.xlsx	2dd20b09700a52518f077810980714ba92dc78ff1db9c3c8dba7beb64fb0c54b	41805
sheets/done-005/xls/Background_Declaration_Template.xls	d77cd10a1b2d2d32daabb65ef8967305762654c66774d5d762c924a48421ce6f	64857
sheets/done-005/xls/Praktikastellen_-_chinesischsprachiger_Kulturraum.xls	b660410da581903195a35266eedb24c44bb735ccf17f4609cf1bebde5cd5ef1c	69523
sheets/done-005/xls/SectorAdvisoryGroupandStrategyBoards.xls	57aeedb071704006dae51e0f1e228c4aa88cfb0ebed6836264969ecce499c669	55107
sheets/done-005/xls/apron-area.xls	79aa3cbd52f96ab95e4105b9ea07e964afd38d63df70d9ddbf37d1a36dc43f2f	47866
sheets/done-005/xls/cy10_primary_enplanements.xls	36b0a96599f4c3e4c7a52c6ce985e04ab1920646fd315536449e699d5091abbd	91782
sheets/done-005/xlsx/National-Reports.xlsx	06d3edd428d23a4c6699eec5c89c20d5ebebb1e29f45cbea1d219846851616f3	44514
sheets/done-005/xlsx/Part_129_Operators.xlsx	08afb11631bb0ce124467007b3046b075083b9824cf31a6a1e91def160b1f023	61813
sheets/done-005/xlsx/arp-sop-300-Exhibit-A-Table-Templates.xlsx	677ed2aa28705cce47535154ad442ff797da2d45054719f6eb86dd3503143bc4	74455
sheets/done-005/xlsx/esurf-12-135-2024-t01.xlsx	35a356f306e4e38d5e3adb84a61b0210adb8ba1f6a6b74845a3c5bb33c23c206	15906
sheets/done-005/xlsx/june_2025_published.xlsx	4ecef84f17d8b1fe74971005b0e77fe39aff0a254e24827b8b8a4fc03b98ea06	88540
sheets/done-006/xls/Hazard Analysis Template.xls	13d8c2123a185bdf7484c53ab6769715043b72543b1b1097011631f0d9182539	71047
sheets/done-006/xls/WG7_NCWF_Skills_Table.XLS	78f30ecc06da3bdd30203c861ae2f031340341e9c14d68c2ef8526237ad5279e	91125
sheets/done-006/xls/ZenithAviation_AuctionList.xls	e91b0153623f6eb334089384564015a8a2baf396e4664f28b05b8bdf77acf884	87828
sheets/done-006/xlsx/AFS-400_Contacts.xlsx	95cc7dc9e88bac0f35a9710702b237b52ff1b30d91855dfc487aaba60f9e8702	88921
sheets/done-006/xlsx/Infotabelle_WLAN im Flugzeug.xlsx	38b332494df73c2cbd4870f35eeb02603916f914847371e2d8885597f2cb140c	196720
sheets/done-006/xlsx/Performance.xlsx	86b42ff6be23b08b5456955e379129db0618e3c1bd93f28a19b03a15de2065f1	73167
sheets/done-006/xlsx/Published_Issuances_2024.xlsx	8df072b2810ee8d1128e0d18015e20a6d125aaf8d5606fbe1e4d6e830e9c410a	51317
sheets/done-006/xlsx/SSRO_Quarterly_Statistical_Bulletin_Q3201617_DATA.xlsx	f746e00b9a486865eb6df73f38cd372cd21c96d4a74417bedf2e9bfa98bf1eb5	89086
sheets/done-006/xlsx/dragon-175066A.xlsx	685e1860451c6209ca0c7367a0e2eaf29de4290071f1d8717efbcc0b4e0197cb	141419
sheets/done-006/xlsx/register-changes-in-may-2024---adujsted.xlsx	e7d8e4edbbb625a061918f92fde36c5c1a34b04093ade571bf36c5ed013c2ec2	49716
sheets/done-007/xls/ACRONYM.xls	639746f958f91bd99a15283d161c23c7dbdb538cdf24b31f1be8fa06d177960d	129251
sheets/done-007/xls/CSA_CCM_v1.2.xls	8b6e4d66412b82842f0f85fdb6e80f7fe85466b1f3a441798431d0b81b5fd0cb	149231
sheets/done-007/xlsx/114339-PROP-P127508-PUBLIC-PPCRNARCPPforPublication.xlsx	039c4e63aedcd3cedfe8134617f7e3beb63d2db911c73a10687ee858aa96ba68	91699
sheets/done-007/xlsx/National-Finalists-2024-1.xlsx	0fd76141004acbfe01c9b8120d6a2d6f6161484ee1195711c2b31d34cd1a7fb1	110178
sheets/done-007/xlsx/SLSA_Directory_031423.xlsx	7b0be1e58b4ed1f973796ee4a8298b004167f6b463f65d6b27b36ad968248946	91052
sheets/done-007/xlsx/ecopy of 2016 statistical bulletin_public finance statistics_final.xlsx	f12cbacf55a29e202472456a101ca078638ab1eb36d6faf3cd06e6142391997e	156746
sheets/done-007/xlsx/essd-16-3433-2024-t02.xlsx	5599915a9c42f6f146b14b0c19095254b29a3442a187a97253ead8dbdc8c87fd	24033
sheets/done-007/xlsx/hdss-bulletin-index-2019-2022.xlsx	62351287d5e6c1b4e1af99b102e8febe51cf41813f720d1d9c3031d3764da3d3	69400
sheets/done-007/xlsx/jobs-bulletin-51-22-december-2025.xlsx	d5458c5cdc0a3890648abb0b00a197297886f51ee885f98892705f339ecad02a	59654
sheets/done-007/xlsx/wiley-cancelled-title-list.xlsx	cd2028f86a6ae774781e57106f0efa0196e9fbf8eeaa0c4df1f42333a1d84711	112873
sheets/done-008/xls/Liste-Zertifizierung-ChemKlimaschutzV-RPT.xls	ae51389d3538c5c805119b4cd18bf1412e1f0677a1252e5560c22e43251bb7ea	51218
sheets/done-008/xls/data_20121018181533.xls	c8557bacc9e080c73fca23b5ee3d60d92545fc7dbe712aea0b0daa9b6fd8c393	113916
sheets/done-008/xlsx/2015-19 top 25 Arms producing companies data - to upload on website - FINAL_edit.xlsx	c783a8ce48b310a0134b3f6ea1a4eb7c10ca188ec1c35bed046afc1dda091191	86973
sheets/done-008/xlsx/Company_Seniority_Date_Calculator.xlsx	54dc1c22f85d3a18cda97042ee7edb7072fc31057002282022724dfdfca4d54c	107796
sheets/done-008/xlsx/Computer and Software Services_50 State Comparison.xlsx	37c0d5915b2fc9b1281f0635c883eddacb530704527f6c69f7a39a19bb30f7e7	92953
sheets/done-008/xlsx/RVSM_Non_approved_list_2025_84c0b3f4ac.xlsx	d1f17a5301b541826c1c0159f7b0d481d1bad7d2bd859a90a2ea25f812a2617f	37699
sheets/done-008/xlsx/TDA_Smoke-Detectors.xlsx	505b598d9f63da34f2c77f84e1d7cdcf9acaf56f83762078f554606037cbf477	158773
sheets/done-008/xlsx/airports_6.xlsx	8942cc994be55dcb642222131de482fc6917277f34c0af27b270e61011c61bfd	116087
sheets/done-008/xlsx/commander-authorisation-tasks-spreadsheet-october-2025.xlsx	aa793bad83f707cc8f67130c4d825b57d46db824095e7b066890b939978aaa0b	134494
sheets/done-008/xlsx/template-ECSPR-notifications.xlsx	b23049df98cf806232303c8d0aa57d6943e1264badff6d0b30bbb83320ed5f8d	58468
sheets/done-009/xls/6f9e605c-fded-11e3-bd0e-00144feab7de.xls	30850a1e3477ca82af71a78b0862a5180c147285af1044395e839a8031978eb7	147382
sheets/done-009/xls/EHEST-Pre-departure-checklist-Rev.-1-06-12-2016.xls	41bbb4a30eb57cc31d62bb60ce476bf5742309235e622e290ed69ead1a805015	237761
sheets/done-009/xls/INDEX_Digital_Transformation_Toolkits.xls	acbacb56e1dae61351320ba7d7a5c094986f38f699953a89ff562e63c1553393	382683
sheets/done-009/xls/cy01_state.xls	d6dff2dd89446fc6a050be9445427134f5f89142703a1c02cca43c9a17a15664	307010
sheets/done-009/xlsx/Aviation_Abbreviations.xlsx	644ace3e27e53e69914c4f062f6478e177d57e1a979fd6efc1a6127be63aa17c	205903
sheets/done-009/xlsx/Data-Architecture-Tool-Fit-Assessment-Template.xlsx	3997b0aedfbdf239925a1f24d90c131ac92880c70f52f2f1918b096831e9d46a	278371
sheets/done-009/xlsx/PBN Matrix NAAs (V01).xlsx	7e43a3c70bab8925a52d12ba91ade25f6785ad9f2679129f3c036d42e9a407af	127219
sheets/done-009/xlsx/RegChangeReport.xlsx	d77e1afc8240604182442a76c3d8ed05b388f6438d1306b49ff0651a97fec6be	94429
sheets/done-009/xlsx/State-Medicaid-Payment-Policies-for-Medicare-Cost-Sharing.xlsx	88b7c4e663ff0cd249ca51de28b620b20e3f72c9ecf8c58b83063a18d05c8bf4	225577
sheets/done-009/xlsx/sistem-rekod-markah-srm-_-rekod-master.xlsx	4ad0901ae3505eb02729290e4ce687fe03c00ea0bcbf6a215cdc1f77ee2faa11	109090
sheets/done-010/xls/PC1000.xls	7231fc911e13462efe4b2ccef5adc8027d155230b1669150ed7c412643a905da	290221
sheets/done-010/xls/RMP 2011-2014 and Inventory.xls	9ef04da897ae06a035c4f804b4382b0ca988a724988a54cee3eabb0f01502fb8	237130
sheets/done-010/xls/Special-Procedures_2025-07-10.xls	8d76b01d400c38cf0667a27074112b1924feb88565dfa2a0e052cf64781fabd5	174114
sheets/done-010/xls/TOGAF9-Tool-ConfReqts-CSQ.xls	2670685a1539b2984608fac639346c39832f345a2ec973aa6de13e74b42e5830	180495
sheets/done-010/xls/cy06_primary_np_comm.xls	f95056bec5b9e76aff3b1ca0643786ed63c20953770a9a6c30582012dceee501	106507
sheets/done-010/xlsx/AFCforPtF-Digital-Certificate-Publication-Report.xlsx	d38246d5935a18166d7ff7e2313d95e894b7dbb2d73590294927dbfcf22d994f	374009
sheets/done-010/xlsx/AMOC-Digital-Certificate-Publication-Report.xlsx	d9841aad99ddada1de38f18b641376c60e5981b66c82c12231e32a9aeb884577	345449
sheets/done-010/xlsx/DOE-C2M2-V1.1-to-DOE-C2M2-V2.1 (1.1.0).xlsx	ef0316e693b6a7917c56436f35510814a6e15324e90732e2a579a79011f674cf	177533
sheets/done-010/xlsx/Keywords_Mapping_Graphs_and_Charts.xlsx	ff4b96e9885da9b58969e1d37e7c3dad61e3aa812844d840565571a01f6c33b6	127790
sheets/done-010/xlsx/NAARMO_Mexico_RVSM_Approvals.xlsx	c0c0b0595da2ca999ad4a12473a03e13798e6df2f557918e031d38e57a9a91dc	111517
sheets/done-011/xls/List of EQS securities_0.xls	5055f54227d51401e0c10549d850cf8bb2e8f6b51d5928d9c2824ed7e56756aa	305705
sheets/done-011/xls/SIL_TDB605.xls	f88ed0bf08cfbde2c270048f3862c8e4458d5261102ed74477b5173b85f9eea8	171282
sheets/done-011/xls/T0A0D0000090006XLSE.xls	f68befbdb8d64f4141a1fad7960de6b2c74b90ac686a7cb96c16ce12964a729e	322849
sheets/done-011/xlsx/2023-qhp-form-and-rate-combined-checklist-final.xlsx	ede826f973f53c2e36f9a92b8f82d5f557427f46d99224a4f656f1dc57f00ceb	190054
sheets/done-011/xlsx/Application_Compliance_Checklist_5_Apr_2021.xlsx	ba85ddc79673e00228bdbbc9889d61f3ef37f7982c2f5fe8e60d84b833405c3d	245567
sheets/done-011/xlsx/Application_for_authorisation_as_crowdfunding_service_provider.xlsx	28d5bfb158ec12b5f0ca4f9aef4f8557aa867006ec30145bb986bacbdd679d16	93020
sheets/done-011/xlsx/Capability_List_9-14-2022_Dallas_Combined-Aircraft_Manuf_unsorted.xlsx	2b38151913a2784e6d63534e95e16ba49c5cb7f63e4b742bda24d7c64895eb9d	204020
sheets/done-011/xlsx/FY2023-AIP-grants.xlsx	2cd7dd0e24709665c9247d0f785798cf9a3fbdef09c43fca381f4841e0cfaa2a	476103
sheets/done-011/xlsx/aircraft_analysis-2018-06.xlsx	fdc6d636a02e7a58ae3828aba7adf721c0f622e95002d347ca4a131ae3fbe5e1	99422
sheets/done-011/xlsx/links-2026.xlsx	d47eee892309ab93417ad99755c14696c9635568ad74b453f9795200ae844b7a	80123
sheets/done-012/xls/NPIAS_2007_App_A.xls	74549b3289825a023a6aaddd2688478838861536cb3eb4a822fba0ef9b2ef8b4	596183
sheets/done-012/xls/SIL_TDB609.xls	45ecdf7af0627ec203acb79c101bf177ce00fa7e51444a3b2f9cc916ae370e60	181483
sheets/done-012/xls/npias_2009_appA.xls	03be52204a79570eac57c3cbaac442441424bd403ceaac1d279b3945b0a5c3c3	482203
sheets/done-012/xlsx/2025_Active_Civil_Airmen_Statistics_FINAL.xlsx	8369163157cc0bde93815936e7a60b507d038b88fb6e850eb6059c8d6391d8d6	215759
sheets/done-012/xlsx/CSJU List of Recipients of funds 2013-2020.xlsx	d7f38707b30ac9961abdc3f3cbb668ae0ecf7c024c1df178d01abbb4cc424955	668469
sheets/done-012/xlsx/Copy of EASA-IFP-WEBLISTNOODATA-ListsofBASAapprovals(WEB)_ListofValidUSBASAorganisations_2023-01-13-04-33-14.xlsx	051cb14e7024c0011dd0043d9f81567e8a743c92aa7880712d7fb4e4ad860eba	287145
sheets/done-012/xlsx/EASA-IFP-WEBLISTNOODATA-ListsofBASAapprovals_WEB__ListofValidBASAorganisations_2025-01-20-08-56-36.xlsx	2e28a7ecb9871904c3671d647cb138af962beb6a531fd92a3d35657c5532185b	300965
sheets/done-012/xlsx/MinCh-Digital-Certificate-Publication-Report.xlsx	50c9b0eed6b78477a6b78e355866873cd8b7f066a2f0feee45792e9c101214cc	769949
sheets/done-012/xlsx/atspp_pay_tables.xlsx	5d2d94d3fd64d9f54c409db2eb9cb5a148fc8ac45471bd11212335172e2ec3e5	322560
sheets/done-012/xlsx/certification-type-certificates-docs-tcdns-databases-MAdB-Rotorcraft-14-28112013.xlsx	056df21879a317700c2791ee709e7a4e6735f9c1fcbaeea54c531f6b129e96ba	183816
sheets/done-013/xls/18-02RD301_ILS_components_Master_9-13-18.xls	4100e11d531944ed49504df7bdf52ca6fd4f8ef667d50d6d0cf1c37beda79cfd	371798
sheets/done-013/xls/ECA Sinters.xls	be804c941b2256c98a224cbe86795d91eaae7a58bfd669d13735a70951cc98cd	545920
sheets/done-013/xls/aircraft_analysis_2016-04-27.xls	c503aca16110029c7183321b83663e780c77b10257f3041db9cc0b0e7bbd7439	111254
sheets/done-013/xls/capa-liste-nse-1.xls	fa74a6a10499167836f46ac33a68ad8f60882556f70e81593208d630e8c74291	272749
sheets/done-013/xls/fy2010-aip-grants.xls	ce70e0a34b03c2172a9ab50d94a78e5a02fa4b231961a9f6af31bb449c0cb949	645656
sheets/done-013/xls/fy2011-aip-grants.xls	a4617b5a4a94c7079c07852b66572dc0611141c83bbdbf04ccad81c68d4f65be	575012
sheets/done-013/xlsx/FY2021-AIP-grants.xlsx	ba803952814f92f9087f63e57d743c8d96fcc7ae942d5b5242d6d87a823c2352	781485
sheets/done-013/xlsx/afn-afn-20250801-fy25-jan25-mar25.xlsx	6dd1fa85aaef0b3140b84d1b9361ee327a1071c3342b80bec4d1693b0591a311	512446
sheets/done-013/xlsx/alle einzeln.xlsx	9b23e2262170bc0d6bf814f6f819fb289fb9ad40d9b98482395edc12637f996a	525695
sheets/done-013/xlsx/fy20-may20-sep20.xlsx	e712e86e0b112043b78764862eba7f5c2bb1e61932df17150a815be9c3d74ae9	418822
sheets/done-014/xls/7-memento-2015-transports-aeriens-b.xls	da4d3dfe71a43668578f69ca6c7cdbcbf5c5a9b6dd7b295916ccb5d9eb5aecf5	569525
sheets/done-014/xls/NPIAS_App_A.xls	01125570ccbd5038d764c7723b13378c0362bdf85d9dbae13071ecc4318fe63a	653762
sheets/done-014/xls/TICAPCapability_Final.xls	4a6c874ba0ad283543f3b833a9602b8f258776c2c29d2d99d05d38707a2b1722	256793
sheets/done-014/xls/UASEventsNov2014-Aug2015.xls	5f17f4958a1c304c3f6b467deeedbec9026efd5baa3d39f11266fad6c603a5ca	518362
sheets/done-014/xlsx/6880ac7361ca1b99a9230811_ST Capability List Rev.16 - Web.xlsx	8f3d418f1d309ee720985d024485d7fac63ddd8b5dfd83d65302e8992a33adc0	496313
sheets/done-014/xlsx/Aircraft_Database.xlsx	594154b1db4b7574754a502e9b7e079aa3972aa1a9d7095ae728752ec3ffa472	319641
sheets/done-014/xlsx/MajCh-Digital-Certificate-Publication-Report.xlsx	09c24ddc2b7c1d1432be96146ea8f643e1de2fc1bc4f74ac46ed142f004e0ca9	883245
sheets/done-014/xlsx/edb-emissions-databank v27-NewFormat (web).xlsx	7f01482d8424d0472934236aef403729963642dfff82932efaecb1d3443a4af4	796081
sheets/done-014/xlsx/fm-provider-service-measures.xlsx	a1f94c7edfe79f09f251f2649af46136b20a3ee5ecf24bb9d641a86980bf2ec5	827827
sheets/done-014/xlsx/seihon_zassi_kikou_20221215.xlsx	ca4ccc7f74eedf4e6c63a9bd2553a93c57cd2d7da8dac3a1ff04334c47b6cc7a	392569
sheets/done-015/xls/AIM_OPR_LIST.xls	7ead5c8ed4f22334ceb8daebf9808f0181281705e17aa3e0f61dc6925d6557d0	309049
sheets/done-015/xls/PA_Delaware.xls	bb6aeb1d841db87f81c68409c42a6f1042d9224962af28e0607a2013fb257148	926082
sheets/done-015/xls/activespecs.xls	04b495091a447e95540ad86249f961c81a6e542eea00c9df27b1b605da138c4d	354971
sheets/done-015/xls/laufende-nip-vorhaben-hyland.xls	710ac69ff6010fce1803ab8c02b6bf6ff01633691246d0dd29fd3659a7a41b45	92145
sheets/done-015/xls/underlying-holdings-emea-en_gb-monthly-holdings-state-street-emu-esg-screened-index-equity-fund.xls	9d229d759b35c90ed70ee2cfe97e5694eaf62f95205e9a99d609b255e3e5ece5	64067
sheets/done-015/xlsx/EASA_PRODUCT_LIST_-_ALL.xlsx	a193f5c0984d276e8b024767e534444b4df5c8ee6188afbb4c3ab2c3e6b8465d	813886
sheets/done-015/xlsx/Global_Market_Forecast_2016-2035_Airbus_Data_Set.xlsx	149917f76b5b42cdd44922dbc6f920565592124665e13897eaa596038fca189b	1226959
sheets/done-015/xlsx/certification-type-certificates-docs-tcdns-databases-MAdB-Light-Prop-14-28112013.xlsx	e7c721a729781c5573f5079082bf29229baa4fb11fe5672c5f742e525949d4ab	277244
sheets/done-015/xlsx/flightstandards-doc-Cross-reference-table_version02.xlsx	3f1f02b415d01b2bdc9bca77d2ae8f559c7185baca0edbd4afa4524b6ea74125	752693
sheets/done-015/xlsx/tk-syllabus-comparison-document-v5.xlsx	6bf81bde77594ef0fc27384cb1d9c6f305b958504c8590e5d11cb2a15bdc3f31	1840687
sheets/done-016/xls/environment-edb-docs-edb-emissions-databank.xls	da44d435384d40e728fb3511131e56eaa9e7fe55c6c5f235909bbaf8457f6b55	868452
sheets/done-016/xlsx/EASA-IFP-147Scope_WEB__ALL_Valid147SoA_2024-11-28-11-16-31.xlsx	c7f749b54ec43c2c9f54a782000c2a134889d7cea7e2d4c58eb52d09045dd5ee	247092
sheets/done-016/xlsx/Laser Report 2024 FOIA __Oct (1).xlsx	e34af7d8df9a2a1f1a67ae9dec016abc8147ab522dd2732874712b00defe5c3c	1097063
sheets/done-016/xlsx/RCO_VOR_Master_List_082824.xlsx	1cbcae061e70b8ca62efd78cc17b51f672617772e8f887519206a61a45866ab4	147180
sheets/done-016/xlsx/STC_WebList.xlsx	89f2064273c4b02d97f35f84fe0039ee0777d876d879692c17532feb98286649	11046599
sheets/done-016/xlsx/TK-Syllabus-Comparison-Document-v2.xlsx	9b0d4f47a6dc8afd9b708963f4fceccee5d1176496018cb1f398f61d2149c7b9	3068925
sheets/extra-001/xlsx/FY2018_Q4_UAS_Sightings.xlsx	e2fb644fae1f3956002184477e5e3dab9d71860b6332275ba174d07e6cda8c11	384409
sheets/metrics-001/xlsx/ans_mappings_of_eccairs_terms.xlsx	25c3bfc2adc2539690b1e186b734a3eedcedb37682deeaa7a33fd5f1b2f57ad6	317433
sheets/missing-001/xls/orbus_togaf_tool_csq.xls	08b20659f853be1f7f6751ab847e731beecf58089b39553a4c1b585d6c0a93de	323541
sheets/pagination-001/xls/CIS_Debian_Linux_8_Benchmark_v1.0.0.xls	330cf310fd65b558c3a6b02d0ad611edba982ebdd276633fb5a68fe1cfef243c	141477
sheets/pagination-001/xls/grants-2005.xls	8185932bf37f95c3902d6fc95deda87fe07d54a0e4561c68bb4f5766a1da2a16	535036
sheets/pagination-001/xlsx/ODs-February-2022-Airbus-Commercial-Aircraft.xlsx	39003ef31a263a44499cba138ef0b178315dfc36288761d40da90ceb7d686e89	839046
sheets/pagination-001/xlsx/SIL_TDB648.xlsx	0e519369b4c73f258149a62a5c86d67395ce9036d0a9877ab2c1f724aa1f7a5a	3423631
sheets/pagination-001/xlsx/sectors-defense-and-aerospace.xlsx	396fc1974f8f814f9427d9235ea8581af95674f282f1e0b70cf6dfdbcd1e1c22	346638
sheets/table-001/xlsx/FAA-2019-0995-0002_attachment_2.xlsx	0f6e1d54d2697171b2d185d5fc4a2b39fd6ef10261801b2f6271d7421d65b38f	243426
sheets/unstable-001/xlsx/fse_identification_form.xlsx	11aef51b22d232c5f10c68f7ba79832d9573da03d89c7f4eb30c6eb7fc7cd9d3	83347
slides/ceiling-001/ppt/Fundamentals_Module_1_basics.ppt	a9113412ce7f0eec7b7cd59247e30d13a7e46cc72c67ffe192f4e205401442b9	2749120
slides/ceiling-001/ppt/RRM-training-syllabus-Chapter-3-Teamwork-TC-Towing-Incident-Analysis-Dec-2009.ppt	9d1c0304e688f56856cc61511f69eb093ccadd3f4526f8e2169c72de46ac6fa7	1871420
slides/ceiling-001/ppt/Thailand17.ppt	df732d6b4947c555804acd28b1a10c6873cf5df7528cf9ed86b3073c9e004767	1278285
slides/ceiling-001/ppt/W3_Case_Study_of_a_Tsunami_Warning_Simulation_Exercise_Ed.ppt	a46fab0e04d7a7bc476da907442c4c588af92b2394940732fd516fbb1d24b575	1486202
slides/ceiling-001/ppt/architecture6.ppt	35b1db12e4bfbaa456567b50395138f02f4f0268c734bcaf015591a6086cf3be	333443
slides/ceiling-001/pptx/7-Zulkefli_Part147n66_IKMAS.pptx	3a3c24c34badd58a3f5ac21aa831e03df7837a6939c003eca360b278ef3004a9	1076558
slides/ceiling-001/pptx/N2_E_Maestroni_Swarm_COP.pptx	1455b7f18daee161ace2145e59d69e13f0efa64a2a39cdd7363b91824da97845	2927173
slides/ceiling-001/pptx/OnTrac_StarCertificationProgram-3Day.pptx	43d13d18b777f0c50f9ce645bb4663d84bedb92b107457f37fb86f6515dd25cf	1261940
slides/ceiling-001/pptx/Sylva%20introduction%20session.pptx	bad293e1133adf4c7eb06757ddf424eed31944efa6f02fff0fa67d472b66947d	1535012
slides/ceiling-001/pptx/solog_orientation_august_2019.pptx	1ee81dc5231a435dfa85cf60651352182564bc6ec814cb96586495d237c60575	330115
slides/ceiling-002/ppt/pres_ioc_phuket.ppt	a8a61cc0185d423014259cbf362eba6d74aec2d57bb1bda20518563a1f60709e	336835
slides/ceiling-002/pptx/16 - UTM - (NASA).pptx	742821c07f7ce35be9d787a8b96d73650698faaffe4f7fb2303aefd817b3c9f3	9274033
slides/ceiling-002/pptx/8_P-Pavese_AIRBUS-ATB-journee-CRATB.pptx	fd964b14fdf1793efcfa3eaa5dce9f44fbf9c8b136a258f2cfd4c1b3c7863af6	892232
slides/ceiling-002/pptx/Demick_JetBlue.pptx	4c3e359d23fb52d2d7c5887d08bcd611970795891a04ab926d4844d46a98a281	1342410
slides/ceiling-002/pptx/WiGr_2021W_1_Angebot-Nachfrage-Elastizität-211017-171222.pptx	86cbc732f5033f39cdd613b60c11f0f31f255998f45710fc05a0645acbce388e	1495752
slides/chart-001/pptx/southern-classic-kennesaw-state-university-final.pptx	5ce12b03206e1e74a767faa1e4c83c0afdad5e5336f36ecbb62cc8f67dd23e18	734246
slides/chartset-001/pptx/008_advanced_powerpoint_bubble.pptx	b4d1d579931000ebae9b9a1e1a46269cb56e11e1c0540261d03c851c414a3951	35620
slides/chartset-001/pptx/015_advanced_powerpoint_scatter.pptx	9fb211d944c3a69b16fe125f440056caef3fe6f7497a6f9a6a702115c68c52c9	36144
slides/chartset-001/pptx/016_advanced_powerpoint_bubble.pptx	053defab45833422a088cd299a6c70ee80a72f23ca800a03e9d4ca28bb9ce984	36185
slides/chartset-001/pptx/031_advanced_powerpoint_scatter.pptx	eb017024455bca83d10b559126745a21bab79c97fe7cc99636ff51792779415c	35803
slides/chartset-001/pptx/bar_chart.pptx	5302370e86994e24d3b999e25b6ad6860ec6bc08a42a5b63caed5556e4f8f651	26743
slides/chartset-001/pptx/combo_bar_line_chart.pptx	250236b182b6bd1757c0096976efe1ad0bc5329bfc71784d9495e702488d2954	26415
slides/chartset-001/pptx/line_chart.pptx	dad2a3de9d4b05e01ccf5e0c000c2d8766f0267189b4b4b1527377f566a16259	25876
slides/chartset-001/pptx/scatter_chart.pptx	d55dc1caebe2ea20d51884912d23954e3639cd03ddf793bc86eae2a78a0199a2	17723
slides/chartset-001/pptx/stacked_area_chart.pptx	0301e844ca323fade4c37dc1c10b911720ce8671cf52f140c5f97091404f0cdd	27326
slides/chartset-001/pptx/stacked_bar_chart.pptx	530d702ea034a805dbda5a0ad152c9a8d4411f15b7c205a1974ca93b39d136f1	27593
slides/chartset-002/pptx/001_advanced_powerpoint_bar.pptx	a7ef3de3863310de32174f38ff06235854f1376e3ed2aa6f563d2551cb315350	45363
slides/chartset-002/pptx/006_advanced_powerpoint_area.pptx	978072a51302574a559ef225c59cbefc4486d3dd25a20c4dd757a500beaf9383	44568
slides/chartset-002/pptx/007_advanced_powerpoint_scatter.pptx	716fd2e99d2bf80a689f667e74ef44b2400406bb35f24cb5b8ae9118f75b4498	35465
slides/chartset-002/pptx/014_advanced_powerpoint_area.pptx	99cd7b74e414db103c47316e5511c33613814d95541faf4ec217bb113921aab7	44785
slides/chartset-002/pptx/017_advanced_powerpoint_bar.pptx	b246d2593ef834620226e658809810ff17066a0ed8064120fac24baff9f87e9f	45013
slides/chartset-002/pptx/023_advanced_powerpoint_scatter.pptx	539dc00a801fa03c6184c36b9cdca2d18710f2c9059d882a23e97021c6bf8c7c	36727
slides/chartset-002/pptx/024_advanced_powerpoint_bubble.pptx	6225355bc636864b8c1088bc354ef19526d742030ce6f36c7658165c442952f3	36297
slides/chartset-002/pptx/030_advanced_powerpoint_area.pptx	a838476eb8958df152b9723c2ea1704fabdbe91be6f36d1cc83916bf520ee67d	44161
slides/chartset-002/pptx/032_advanced_powerpoint_bubble.pptx	d85105b821d610ff1eb9aba992d512fca5b94e1b1eca1b78a59a588447a2ecea	36511
slides/chartset-002/pptx/033_advanced_powerpoint_bar.pptx	5a4630943f562eff3d444cdbaf0dc3eee132f042148c022077c2c775c938e601	43887
slides/chartset-003/pptx/002_advanced_powerpoint_column.pptx	3bd4c6eadff771d16e1c2d35359369f1825542e8b92abfabbd47c23a3f20f1da	44313
slides/chartset-003/pptx/003_advanced_powerpoint_line.pptx	b689340730f0a45549527b21c58af098febee000eea012754824dbd11b053077	46023
slides/chartset-003/pptx/005_advanced_powerpoint_doughnut.pptx	1e11c06b3a940b2b8fe9abd2ca112160231b0fecf1a827e60f4627a09e838e06	44838
slides/chartset-003/pptx/009_advanced_powerpoint_bar.pptx	baf72dcb04ca639d1748e2afb6921b9f8d6f834cc8dbf936db622393542e43d4	44722
slides/chartset-003/pptx/010_advanced_powerpoint_column.pptx	dd8108fa80bd5252d0efcb897dd3f06604a519a1e38fd70f753506d91466ffcd	44074
slides/chartset-003/pptx/011_advanced_powerpoint_line.pptx	61ffe0ae405019837c0b25c8c7acee60ebab2db9d04c3fb5be8c774970cd1fce	45900
slides/chartset-003/pptx/012_advanced_powerpoint_pie.pptx	0cf3906372bf4060c9cece0b464f9aba39458d334c389370184fcd22b6188e45	44541
slides/chartset-003/pptx/019_advanced_powerpoint_line.pptx	01276924db7186b7751db0c6dcbf1b21ca64ee479f3436e8aa5be74da34ab56e	45397
slides/chartset-003/pptx/027_advanced_powerpoint_line.pptx	34711c8a08260e1a989e12ff8ca896138a263aa6defcc5a9e9738b985846334e	45252
slides/chartset-003/pptx/028_advanced_powerpoint_pie.pptx	5b112e8bc2bd880b0b3773d00e39aeabbf55a784cf050c7fd3bd233f7140b137	44415
slides/chartset-004/pptx/004_advanced_powerpoint_pie.pptx	77c892f48d92f1094ad6b95c84284e5430508218068c20e4a1e4939e924a931e	44252
slides/chartset-004/pptx/013_advanced_powerpoint_doughnut.pptx	80d9fa6940dafeaf4d1f782bcf0f430348b2290c039c938a6e04d8113a3891c1	44376
slides/chartset-004/pptx/018_advanced_powerpoint_column.pptx	6793f72b624456da5c690fe583af3cc45f78fe9abdbc53abe885ec8b97bcbe61	45017
slides/chartset-004/pptx/020_advanced_powerpoint_pie.pptx	d0df80281268591847f94fd19ebc5c0e4a77de3af6e8a6ced1fdd8dd16bc51c8	44822
slides/chartset-004/pptx/021_advanced_powerpoint_doughnut.pptx	a09bfc393b0ea72d9996f7089971d1801d5f34f941bb5a3969dca8d0e2e3a05e	44283
slides/chartset-004/pptx/022_advanced_powerpoint_area.pptx	b985b95edefba96aa3bec156a58c10c35bd4899d5ca442af179835dbac84f040	43809
slides/chartset-004/pptx/025_advanced_powerpoint_bar.pptx	1680a38005cb05012322bddd39621280b48752787380f74f2313b6ab44b21c87	44325
slides/chartset-004/pptx/026_advanced_powerpoint_column.pptx	7832b2dfdd5d27d7b0f9c0d43a234f9126410bbd52ddf9567ef02aee28b74b3b	44919
slides/chartset-004/pptx/029_advanced_powerpoint_doughnut.pptx	dea6dce53390ce476b55cf460bddd561051c56db57fd72c8dd78cebf5face6a5	44362
slides/chartset-005/pptx/004_2-Stage_Vertical_Funnel_Diagram_for_PowerPoint_593f4c80.pptx	dc5b5b4349d5b49cc54eb8e08e693ffbdbbb04626596aa0ecfe3ac6d48619f20	37644
slides/chartset-005/pptx/005_2-Step_Funnel_On_left_With_Text_767f0490.pptx	9205827926c0b1ebe2db9a6f53ed260d0c7f183cfc4f58fe434f1c0b31a81f10	34152
slides/chartset-005/pptx/006_2-Way_Horizontal_Hierarchy_for_PowerPoint_and_Google_Slides_7c1e5084.pptx	85c11e038d2db925c9da38599623ec1c0e16ef5de1547e1b589cf4f48f98b3ad	76191
slides/chartset-005/pptx/011_3-Stage_Vertical_Funnel_Diagram_for_PowerPoint_10ce23dd.pptx	1403063948609122635149a1997d28aba09e8a1ba9bce825b9ec3d9848a6f225	38562
slides/chartset-005/pptx/068_Funnel_Diagram_for_PowerPoint_with_2_Steps_437e4ba7.pptx	0f9ca3c1f86394b89bfaa18782baee859f500769cbff571a479444da7baf9a95	31919
slides/chartset-005/pptx/069_Funnel_Diagram_for_PowerPoint_with_3_Steps_f96396fc.pptx	3a846576463e8e00a9d3551ea9a1801891d416e3c8866b2e70146787e98dbf51	32396
slides/chartset-005/pptx/070_Funnel_Diagram_for_PowerPoint_with_4_Steps_975f1642.pptx	52f1ebd6baa1e40f69cf49aa830c8474562d5e9e8274d440a12b3cc84431fbdb	32828
slides/chartset-005/pptx/071_Funnel_Diagram_for_PowerPoint_with_5_Steps_5ceacdec.pptx	479d60cb999a845eef0cb2962c2967655b164e5ae800a77354afd52eda170830	33592
slides/chartset-005/pptx/076_Hexadonut_Charts_for_PowerPoint_and_Google_Slides_2b879835.pptx	eb33d81ec0b40cd4ca4bf8e1300bea552ab209aad903d97dec2ee16a7072318c	61356
slides/chartset-005/pptx/084_Infographic_Hierarchy_Tree_for_PowerPoint_fda8141c.pptx	34cb0a0596b049fdc3232c8e00ac7c3b79abb7835ad825deca15a7853a72f040	77414
slides/chartset-006/pptx/001_1-2-3_Horizontal_Hierarchy_39795b4d.pptx	cc1317691d5dfa5c3ecae45b28a3f7b5c25856942d3c409ec09668fd8595ac73	63826
slides/chartset-006/pptx/007_3_Circles_Diagram_for_PowerPoint_dac9f170.pptx	db65a20551a1554122a28fa77601a43385eb7d2e7e99448b378dfac0ad7eecd8	69880
slides/chartset-006/pptx/017_4-Stage_Vertical_Funnel_Diagram_for_PowerPoint_61e7bde5.pptx	2651ad22797f2ccbc75de0659bbd6db8bd249d8d019866e8b7695f50efb94770	39273
slides/chartset-006/pptx/031_Alarm_Clock_Pie-Chart_for_PowerPoint_and_Google_Slides_0b185a05.pptx	c22f6c00063175c51914cf97342089f72fb5a858848d581caf03124bd65635df	65228
slides/chartset-006/pptx/043_Dual_Horizontal_Hierarchy_for_PowerPoint_and_Google_Slides_5074b09e.pptx	c0fd5439c6077751bc53e36f3dd925641903d53a04a6bae808b03e0b22fe6186	82072
slides/chartset-006/pptx/044_Dual_Mind_Spark_Chart_for_PowerPoint_a83f890a.pptx	aa5fcdb192f4d2117a299a6b521ba777e270be4fb95a5eb9a2c78b80be403919	66259
slides/chartset-006/pptx/055_Four_Pillar_Hierarchy_for_PowerPoint_and_Google_Slides_6b42ed18.pptx	c444ad1e9591415c870a98dc13a75090903fe9f8f1af35b703128f6b73baa99f	65732
slides/chartset-006/pptx/077_Horizontal_Org_Chart_for_PowerPoint_and_Google_Slides_8cf07020.pptx	86ad6c9f8777121c467390364d5094a4eeb95bc5d3bcc524782dd8dd6d64603a	80077
slides/chartset-006/pptx/094_Intersecting_Teardrops_for_PowerPoint_and_Google_Slides_ff43aedb.pptx	0c5ce28d6fc8142b3bae3bc6ede634bb45a1dc72ad97e055ce02433569f5ae0f	79548
slides/chartset-006/pptx/099_Light_Bulb_SWOT_for_PowerPoint_and_Google_Slides_554a1e33.pptx	2f6156f8625db92e5f12fdabfa5780538839bfbd9518dc2bb46427c2c19ef8d4	68055
slides/chartset-007/pptx/035_Chemistry_Column_PowerPoint_Chart_45bf8a76.pptx	6f1e0ee6cad97c674827c51a1708a5965b221bcb691d49cb9ac9b0cc4c00b9b6	67580
slides/chartset-007/pptx/039_Consumer_Decision_Journey_for_PowerPoint_319207e1.pptx	08bc766bd842cccc70bfa6d371d66c87dd29eaf5129ebc4a61fbb312c41ba81d	56262
slides/chartset-007/pptx/047_Female_Radar_Brain_for_PowerPoint_and_Google_Slides_c2a541f6.pptx	b684cc15e92da5b5917c4f6e9f45f19de1c7aa2017dec413a574a23a8ee76e00	96900
slides/chartset-007/pptx/054_Flowchart_Board_Game_for_PowerPoint_and_Google_Slides_1b047962.pptx	4b142ec95eedf79ada95903504a6e51533520eae73739b310c2157b3378b3e2a	68485
slides/chartset-007/pptx/057_Four-Branch_Diagram_for_PowerPoint_and_Google_Slides_ddf5d27c.pptx	7178b09e7a2647e79c94b50e8e245ecc79dd27b0ebb37b636064eba2d5c4372f	60475
slides/chartset-007/pptx/083_Infographic_Hexagon_Cluster_for_PowerPoint_and_Google_Slides_ef811a12.pptx	fb94096049be73ed6a07af20229e11464f63e9afc0364e3321471f8eee97afff	94980
slides/chartset-007/pptx/090_Infographic_Radial_for_PowerPoint_and_Google_Slides_16a69891.pptx	87feb199ba8fc17ed1b67c4887b1038cca1e306c5c3cc1ed2907779b3546c74c	88132
slides/chartset-007/pptx/091_Infographic_Radial_for_PowerPoint_and_Google_Slides_c6909fa6.pptx	5f354ce3c46d7b77a5e42e7474d0c6bfe96eb0a3ee6a9ba8c0f2cc87a48117d9	68680
slides/chartset-007/pptx/092_Infographic_Tree_Diagram_for_PowerPoint_and_Google_Slides_d721fa00.pptx	cd86d26ef303e6d58b86be32f4504b68247b2422d90b1f2e5b7f8f03a85d7cd1	79422
slides/chartset-007/pptx/096_Lab_Flask_Charts_for_PowerPoint_and_Google_Slides_91e3cbb5.pptx	ed9986ccf5716b6565c67c31f743560a8aee91415a6a82dba2fe97fca13874ab	60214
slides/chartset-008/pptx/009_3-Circle_Venn_PowerPoint_Diagram_2e59baa9.pptx	3bef34be2b47d46c2247a5d66fe8bd3f53fea15ce2a5b84a53ad2501061b744a	72590
slides/chartset-008/pptx/012_3-Step_Hexagons_Puzzle_Diagram_for_PowerPoint_982482b5.pptx	13ced9043d021bd85d21af24617341713a7e8095e4ae0f988ac9368d63f93dc0	84564
slides/chartset-008/pptx/018_4-Step_Hexagons_Puzzle_Diagram_for_PowerPoint_19957cce.pptx	bd1da6bdd8711e158278d8b1fb2bb0402759104601706f343b3199a893fec181	89370
slides/chartset-008/pptx/038_Competitive_Advantage_Card_for_PowerPoint_and_Google_Slides_373720f6.pptx	d93cdeefb7590c804aa3c17aeaaed04f297132a3ee1b2c82a6b94aebc0f2f1b2	82991
slides/chartset-008/pptx/040_Crab_Diagram_for_PowerPoint_and_Google_Slides_13d38ff3.pptx	482b59813948481b7cbe3964ee9fcbe87ff3861625641757dc0886afce75aa0f	85083
slides/chartset-008/pptx/058_Four-Direction_Divergence_Diagram_for_PowerPoint_and_Google_Slides_9838e28d.pptx	4dd23af39d78bdef716465622f0da07dbe0f66ea96a77cad6c721feb1f44c370	63759
slides/chartset-008/pptx/065_Fourfold_Ribbon_Rings_for_PowerPoint_and_Google_Slides_39687419.pptx	920d6c944e1757492f7e2c8362a8c5e3726254cb364968ab3381ba75350c6c8c	80286
slides/chartset-008/pptx/072_Gear_Pie_Chart_for_PowerPoint_and_Google_Slides_d464d3a0.pptx	8266242890b7abcaa197773de9767821a5f61a65564561678e67bab8d26ae9c5	72161
slides/chartset-008/pptx/078_Horizontal_Pyramid_Org_Chart_for_PowerPoint_and_Google_Slides_70ea115a.pptx	8a42fe72ceeb69a045f9ba4365f96df605773c9a4a3934828d4d2da09a6aa7fa	75072
slides/chartset-008/pptx/100_Lime_and_Lemon_Data-Driven_Chart_for_PowerPoint_d7bb4a44.pptx	fbffff30c574e500b75f74262d3482002f10d3258422aa38950408ce1da9ca46	87622
slides/chartset-009/pptx/015_4-Option_Color_Wheel_Diagram_df7e4b8f.pptx	d1df2dd5dc8d7cf7232a31aa981cba2dee150d4cc2e36fecb87776458a6605aa	91215
slides/chartset-009/pptx/020_5-Option_Color_Wheel_Diagram_104ea3b0.pptx	eb37fa9639c24e0a65bc092eb2c8ad7971ed822ec577d0b5aa34ab4dffa77833	92526
slides/chartset-009/pptx/022_5-Step_Hexagons_Puzzle_Diagram_for_PowerPoint_eda9895e.pptx	8d31ea47b0d2a2692e1950039a953bd8ffa58811ee88f00b0d578a2e55cbe8df	89977
slides/chartset-009/pptx/025_6-Option_Color_Wheel_Diagram_27e1c74d.pptx	cc1745462cc423087890d042ad0cbda1474a6b730d6cf8f9a4d7d6942d55eeea	93893
slides/chartset-009/pptx/030_Abstract_Petal_Diagram_71aa5e3a.pptx	4e84ee47648e0e31852457ff217a65783b6a1aa451bbf64d0c5f5c6cd7808c0e	93992
slides/chartset-009/pptx/033_Battery_Percentage_Chart_c99c24b5.pptx	92c5e260cff41eb9c6745f067e972db262c7948b7d7162a46c4232b0ecfdb7fd	88920
slides/chartset-009/pptx/037_Circle_Matrix_Framework_44bc5218.pptx	0e0052ef5b2afc07e2669fdbdaafcec4c1ae0251673c29c33b64fb50894d2d8b	90905
slides/chartset-009/pptx/052_Flame_Percentage_Chart_d27d49c4.pptx	b1958127891bf5c97170b14eb4a7fe3fbe3420bb5743b191eca73d073628c7ba	89168
slides/chartset-009/pptx/075_Heart_Arc_Radial_for_PowerPoint_and_Google_Slides_a27a3021.pptx	81ee9950e8e2de2cc8cc1a1cc9e29a2503062b9c6cbe72f2c200e47fa755e414	90529
slides/chartset-009/pptx/087_Infographic_Organization_Chart_for_PowerPoint_and_Google_Slides_2d951912.pptx	e07382d9dad75674bd54dc61da38edebcd8c3b48dca5be2df899eb7737fcc345	82001
slides/chartset-010/pptx/002_10-Point_Dual_Hub_Comparison_4ee242c9.pptx	29fa4d08097ee847134a82dc7d90625d1d1516a681f3c95ae6e8da02916aeb07	105484
slides/chartset-010/pptx/027_6-Point_Dual_Hub_Comparison_13f9af30.pptx	1b701cd27f7934d178630f2f3b621640a244668ad7a12b1f74298083ac1a59ee	100201
slides/chartset-010/pptx/028_8-Point_Dual_Hub_Comparison_d6c5dde5.pptx	89d0b5c5a4913dc35c924be4deebe06573bee44fdc53ad81fde22dd2782f0eda	104736
slides/chartset-010/pptx/041_Crosswise_Quadrant_Diagram_ea8bdf52.pptx	feb870653faece1051b1d94c7b0a6e21ff9a6b9d9a74245f376369640dec5640	91894
slides/chartset-010/pptx/042_Diamond_Hub_Infographic_a60cfaa1.pptx	b9ddeaaecb1faa7ccfc05715e2ef5bf99bdd3b0e582651777200d4388c8688cf	103660
slides/chartset-010/pptx/045_Dual-Segment_Quadrant_14a57221.pptx	af3bb105b50c062cfd4b9a9f00a16b198dd1debc1fbfb789b6b443e6da5f1b6d	91844
slides/chartset-010/pptx/048_Five-Arrows_Converging_Cycle_bb192e27.pptx	1b34676d0ed5ecda74e1237fbadd235ff84b7203dd47f025fdf1bf9bf98e8cc0	92522
slides/chartset-010/pptx/063_Four-Step_Infinity_Loop_3480185b.pptx	6fda53ebcc981a094a5b2cee6a5a00df679900ecae4583c9c9f985d47e16b49c	101563
slides/chartset-010/pptx/093_Insightful_Zoom_Chart_22b5464e.pptx	bdc574ef3b049bdcd91d1b2277f93ccb179646d90bb2d576aaccfbb9cad02007	89375
slides/chartset-010/pptx/095_Interwoven_Bars_e5aa46c2.pptx	2f74db2d2fd184e5656aaf25ef30d5f3905c99453bfe75956aa8a6f1e4f2d4d3	91801
slides/chartset-011/pptx/010_3-Group_Hierarchy_for_PowerPoint_and_Google_Slides_20476ce0.pptx	a9b77c912515ba07051ef5c2308ca5bed3fddf500676f312d1f94012cb7ed12d	86733
slides/chartset-011/pptx/026_6-Part_Hexagon_Radial_Diagram_b8ca3f40.pptx	21faf92f05084c1e8c8d14923d8b494c2cd9d3865c3cc98c75e9f6be4366cc44	116240
slides/chartset-011/pptx/034_Central_Idea_Hub_Diagram_8258e6ad.pptx	7c2fdebddc13f310d76a947f75f947ba16af290315853ef6687e94a44725c1a8	129736
slides/chartset-011/pptx/046_Eight-Point_Strategic_Compass_35ee62de.pptx	7729441d52f7972eeb63f4f2c8507706257171017936ce35f699ebc166072039	100446
slides/chartset-011/pptx/051_Five-Stage_Zigzag_Timeline_2bd39be9.pptx	335f3c3b305a336fdb6f5e7825504dfb40be5d798f779c69f646c6e7b7021152	104095
slides/chartset-011/pptx/053_Flow_Wave_Process_9c0082f4.pptx	45c00ce2938565297fe117477b4269898c185e684ec577c66e7b8482223ca718	107560
slides/chartset-011/pptx/060_Four-Part_Radial_Core_Diagram_40d6614e.pptx	6b0205974d93638e6bfbe03324846aa8d05dacb1a79ab633aa6a821c05b27b02	135135
slides/chartset-011/pptx/062_Four-Step_Growth_Staircase_8a3ef338.pptx	4da7ec1b0ba8f7535e6419e9d36091ae2ba3b1d81322090750eafac8d18cdadb	104292
slides/chartset-011/pptx/097_Labeled_Organization_Chart_for_PowerPoint_and_Google_Slides_f24fa592.pptx	a86f3c5c5eed69b64f2c8b6dc7ec9bd36067da0b3a544d51c1bfc76647038bf4	86433
slides/chartset-011/pptx/098_Leaning_Cards_Process_dadb3738.pptx	ed2d35f7db1743ecd3741360e5dd551c820d09fbea2771d4599da41ca4fb4991	109536
slides/chartset-012/pptx/003_2-Circle_Venn_Diagram_7ab74e5c.pptx	5666a670eab51029cb0f3c297962e286e8c50141f65396bb640bcd7f9319591a	90245
slides/chartset-012/pptx/008_3-Circle_Venn_Diagram_024a12c5.pptx	6035488cdded1f464a102a5915a7d539ee2309b1fb250171d2070a55b3bc575e	96037
slides/chartset-012/pptx/013_3-Step_Segmented_Cycle_Process_5232f82d.pptx	1e4ab6ae0505219f47061a724766baa620fd85e33a83e954066ca1b67efc30eb	90840
slides/chartset-012/pptx/061_Four-Stage_Serpentine_Chart_05699efe.pptx	b68418e13ab9add677f54330cc6bb48f9596b3018e011f6b6859bce2e01f0b83	89881
slides/chartset-012/pptx/064_Four-Step_Success_Cycle_30c0a917.pptx	8a4f12207b0c09f91433ce2ec16a4105b29576332ce7270b4259ccb06d0467a8	108950
slides/chartset-012/pptx/067_Free_PowerPoint_Layered_Funnel_Process_4_Stages_4deb9647.pptx	d3d5c07d3b14bb3b3594db6bd9d7792cefcb7180bc994a60505db1d902cc72c3	63796
slides/chartset-012/pptx/073_Halo_Radial_for_PowerPoint_and_Google_Slides_4bd0918b.pptx	45fdc39e9fc4f2e37a718170149d75b8867a721304a99c5361ac3615740985f9	109592
slides/chartset-012/pptx/074_Hashtag_Matrix_246eb8d9.pptx	1cbbccd69f8f22e346f2b29861e762a8282f4c0115e8b980705d84de96d9beee	89837
slides/chartset-012/pptx/080_Infographic_Cycle_Venn_Diagram_for_PowerPoint_2e3cdb7f.pptx	2b05e62684ff4923c90edeb649581a54d5e281f049452a2a353830d85a27cbdd	67295
slides/chartset-012/pptx/089_Infographic_Radial_Matrix_for_PowerPoint_and_Google_Slides_eb0550f2.pptx	2ac03a8c7ca8d0ff3380797fb5ceeecd21f4f82922e9629aadf8d5c3558833c9	92434
slides/chartset-013/pptx/014_3D_Radial_Block_List_for_PowerPoint_and_Google_Slides_0773075e.pptx	9bc561a16399f626328849dd4910710f1e469e4098f5a466d48600cd2e3eedf4	91587
slides/chartset-013/pptx/016_4-Position_Org_Chart_1d3640b6.pptx	923fdb59834a22857291f4e19f82cf0ebcb354f8f70db9968cdde71804cf897a	65736
slides/chartset-013/pptx/023_5-Step_Progress_Cards_91d5ff57.pptx	838f192d552d21aec8dc800283a11a219b982ba7800fb3ebe5bbb2498ef5c926	92222
slides/chartset-013/pptx/032_BCG_Growth-Share_Matrix_560d0485.pptx	90c201c665cc4811009d2b5afd6024aec02e1e1e0dd31c7e5abc690b0c7dc880	101306
slides/chartset-013/pptx/049_Five-Block_Hub_Spoke_42ee8593.pptx	73e489521da89a7fe685919764ba6905e41852c89a2fd857054eeae11cc17ac9	100475
slides/chartset-013/pptx/050_Five-Point_Radial_Hub_00793e08.pptx	becd47543bc86d3370d103e44640a274dbd8918d0ca8a1d66360f49078bacbe2	121072
slides/chartset-013/pptx/056_Four-Block_Hub_Spoke_134b89d1.pptx	f1ad105776f24373b0d5605054e2f455dff24a0db13b8028b2c83b8a7dfdb0f0	99366
slides/chartset-013/pptx/066_Free_PowerPoint_Layered_Funnel_Process_c0b380ec.pptx	95349d753a3500d3d16598557a4eb4e2fdb6962f93bdf65b1fac770cd08f6d73	76984
slides/chartset-013/pptx/079_Horizontal_Relationships_for_PowerPoint_and_Google_Slides_a3d35f63.pptx	40744ef4e56b9777f4042227fe5caa65e6f17570d230c148f51899572fede2df	74176
slides/chartset-013/pptx/088_Infographic_Quadrant_Pie_Chart_7b1e8abd.pptx	753f96cc080ded63a217ffdcf67304bebf1ebfaa601c13dbe944270311a26795	93298
slides/chartset-014/pptx/019_4-Step_Segmented_Cycle_Process_2ff93c19.pptx	864a2157b104c2ae6021b2df8e0fa9b002044c5f29e88da08ec4156c4787ff00	92390
slides/chartset-014/pptx/021_5-Position_Org_Chart_cb042559.pptx	b40fe464d37050af901b8843261281adfda4b56a7910973c4604bc8fc2a43f26	66508
slides/chartset-014/pptx/024_5-Step_Segmented_Cycle_Process_c8ca37ef.pptx	3fb1854d32f67c89b0fc621028d367246a5101e55f28c25cb197ade718f8d651	94913
slides/chartset-014/pptx/029_8-Step_Neumorphic_Cycle_Diagram_b9b75044.pptx	a4a50f5baf4d230e2e63fb63e1ebe861e52e39201b9b3de2893e590cc70debbc	100011
slides/chartset-014/pptx/036_Chevron_Process_Cards_3c8f0ea1.pptx	d50b4116a4e7d0a0f5d7473c4ef399c921f370784ee670fe8d9dcbbeaa8606ec	113617
slides/chartset-014/pptx/059_Four-Part_Concept_Puzzle_30cea7e5.pptx	bde1e159620b04ea6c77d75f92da7039c088e27be012e6f59b091031d0e486e4	157725
slides/chartset-014/pptx/081_Infographic_Funnel_w_3_Stages_for_PowerPoint_28e26b31.pptx	55cc716f1c9ba8b58ac0b19528d1ad64555891130b58b1930de2a3c74450e668	90202
slides/chartset-014/pptx/082_Infographic_Funnel_with_4_Stages_for_PowerPoint_72d4f125.pptx	1a6e5baa960aac721ef62c12f44ccdaa80174b99f2052337cf07242c35fd44ec	99486
slides/chartset-014/pptx/085_Infographic_Org_Chart_for_PowerPoint_5_Blocks_3870252f.pptx	5a9ef500b5f43cd0cb932a309a0b7afd3971f0258ecd5f3571053c93e2fb0c4f	93332
slides/chartset-014/pptx/086_Infographic_Org_Chart_for_PowerPoint_6_Blocks_f9086d83.pptx	c2dfe581d8f22ac469b8f7046c2d488c7e186d88bc802294eaffc0a6da6faa90	96226
slides/done-001/ppt/WC_Update-Aug03.ppt	9ea1506f37b8de5b361a57e32a3da688160015c2a2c3381183fce65327258756	60290
slides/done-001/ppt/policy-pesentation.ppt	ee6cf9192b30ee783c56f15b98fe1a1bd3cfe071bb30e3c79c47dc468e4a91a4	189852
slides/done-001/ppt/wells08_basic.ppt	336b96afe6e3164c208c93312b194822cb99db42629d484af0d61308301b8674	77175
slides/done-001/pptx/111006 COMSTAC STOWG Aero spaceports IFG.pptx	09f0533662f0a179f4ce063bb3e823f934675f3ef41134c6bd696e72f9293cab	52730
slides/done-001/pptx/BMFE-06-03 (Gerflor) Smoke Density and Toxicity.pptx	30f06cd801bf1dc6b8e29bb9dc51c0e31cc6bfb5c57db7636b0b792a080484c6	87950
slides/done-001/pptx/Definitions commodity chains.pptx	718b4aecfc6fe3c474db72a35005592ab9c8ffa967f08ff42f4ed28a0cd572ec	37961
slides/done-001/pptx/Statement of Work presentation.pptx	87c48d2d09aaf25c2deee118c34af185a023da601f9b0cc18ba616e3cac23b03	40472
slides/done-001/pptx/Trust Fund Excise Taxes Structure.pptx	b207f9d641faed79eaf9cfb174c0d655c4ed89db0d5a54571b3db232f659fc88	64872
slides/done-001/pptx/fishbone-diagram-template-ppt-1.pptx	3371e1d42a0afba42ff647054002b14ab572a42cf49c9914764f31a49b5c28e5	33501
slides/done-001/pptx/iaeg_work_group_leader_updates.pptx	cd3acd9cf553ae5cf2356b7bb856ffaf96bf8dc857ffb333242d6ce49ac8be7d	94459
slides/done-002/ppt/080214-Intl-pol-frameworks-and-their-implications-for-Africa-ISS-workshop.ppt	a2e25861323288486a28818477f3023ff23161e160fe687d1573b2da8444301b	818406
slides/done-002/ppt/gfopportunitiesforlinkagespres_2010_en.ppt	b2ede6c3c0a09a353cefc44ef7fad550754f7b23d7d636bfd720476fc59abe38	184631
slides/done-002/ppt/ws_prod-g-doc-Events-2007-Approval-of-Flight-Conditions-RM-NAA-16032007.ppt	6c4a247813b805059eafa2a812b90a4a376ab2d271ea07ed22cd937edc20b58b	135199
slides/done-002/ppt/ws_prod-g-doc-Events-2007-may-presentation-PtF-background-+-principles.ppt	2f508f08bd00aba438bf90e17f4d209a8602f9dabcdb85e1bfc6068d957eba33	114579
slides/done-002/ppt/ws_prod-g-doc-Events-2007-november-IACA-presentation-at-EASA-Fuel-Tank-Safety-Training-Seminar.ppt	d408e9b11854484732ed4cbc188313504d454bb11463d8798115a1def0425b59	237823
slides/done-002/ppt/ws_prod-g-doc-Events-Part-M-presentation.ppt	b774e14897a7c8f6dbc25c5b437463f54f58dabfcffc7f87f98800d8dbd26e0d	180721
slides/done-002/pptx/Curriculum-Schematic-E22-11052025.pptx	19762816d30a4c306ef4773cfd553582222d476f785040863739d19de5fef8de	103359
slides/done-002/pptx/dhs-293364.pptx	42e3fd0b9fd74fa8c4dfd9bd14c13faeacf2679d945e43c8d0c17d2d1a9f71de	185428
slides/done-002/pptx/diapo_6_fees_vous_etes_poctdoct_exterieur_a_luniv_v2_0_1.pptx	e990d78da47ce72798f537687cb9b5e042b94ab4790a7ef1eea3d19879773bff	132564
slides/done-002/pptx/medicines_bulletin_february_2023_final.pptx	6cc572ce1d40f05046077557454b112c18473ccfd8f2e09d41589b6ce9ac7164	126580
slides/done-003/ppt/010605Vul.ppt	39a6cec28e66d7a67689d0565dc20aa76d589e9d77b08105fbdd18c5115f8ab4	143124
slides/done-003/ppt/Inducement-to-Insurance-Business.ppt	b34f27c07c7cf920cc9ea9a4cffd655afa4e8164e6436f62bc50d4eaa7a69bf3	94337
slides/done-003/ppt/outlook_of_nigerian_pension_sector.ppt	b9b6b11a4b957aa73d4a1ff68d4c7029f510e88b3d9aab9ca1c3250a1256ac3e	104450
slides/done-003/ppt/ws_prod-g-doc-Events-2007-Privileges.ppt	b3bb80d725bac697c264b9c1e4123e20513d1bac8f9d5044c1241f71e400543a	134900
slides/done-003/ppt/ws_prod-g-doc-Events-2007-september-M.017-(French)-France.ppt	7a14cc763d4abd6ada6ff0d479284fee48dbf18bd636a32262191c08cf979a8d	190156
slides/done-003/ppt/ws_prod-g-doc-Events-2007-september-MDM.032-(ENGLISH)-CZ.ppt	5d15c71ea142e9bb04aa526b7195f6f0198f6252f32e98308b12668670ec2509	155710
slides/done-003/pptx/02_REDAC_New ATM briefing _March 2017v2.pptx	203626222c96b57cb52857bbacf063c2b7f7c9385e24b4245c670bddf9417f06	639612
slides/done-003/pptx/97936.pptx	d6ebb9f219561d7a24d10dec20f0294b549802684c65b024963d86e75cb0ce53	438496
slides/done-003/pptx/NCW-2024-Guide-.pptx	100dc44071915181434a4ec061f1942da992ef3f8a0bcd3485ebe09288e3f383	993340
slides/done-003/pptx/ev122_jj-liew-tort-of-bribery-webinar.pptx	3f633e24e1a3a4484e022e6adcf6bfb522cbc6545a4dcbe525caed02dc9c9f31	96044
slides/done-004/ppt/0335fab9-79f0-4944-b92c-f223837ca2d8.ppt	268d3f0a8c7966fbbba55eff1302ccf3cec880e121c86ddc930ede10a74ab08a	587484
slides/done-004/ppt/undp_presentation_revised_17_may.ppt	bea421598365bbe8a5c87a0c578ec5787df77d7ccd62665f43db1814f31511fc	169620
slides/done-004/ppt/ws_prod-g-doc-Events-industrymeeting18112004-European-Safety-Strategy-Initiative.ppt	7d2858dbdd3037aeffb80a5e82df4716cbec60b177a7fbdfd61dd1c06c512332	239799
slides/done-004/pptx/DOE Interactive Exercise Presentation draft rev 2.pptx	9022ac42ea97136b4a56d6740db785665d9059b8b88fc018082a845f0ad53a47	190519
slides/done-004/pptx/Item 6b - UNSD - Dissemination through APIs.pptx	1cd5f195331cd8498d13be0ea0641e76ada428d8d0168c070a2c711c52041565	326033
slides/done-004/pptx/Liturgical-Commission-2025-Convention-Presentation.pptx	9d14bcd8b1784472abe5c1b0d1657392e180bac478cf45009e8722bcb51fd2d3	88531
slides/done-004/pptx/Session 21- The option to expand & abandon.pptx	b4a81cf0fdf369f859affc0677947999fbcb738544ca61a59bd874844e512fa8	205804
slides/done-004/pptx/attendance-updates-for-governors.pptx	ba56c33ed3039f6b9ca16487d2b4d0a22b35150157067be5fe533cbc6f04f451	289628
slides/done-004/pptx/ghgp-supply-chain-initiative_20100323_wri.pptx	f1b3ae132ea5983b6a14f8ea01b8941f1c6223a5a54c9df3ea97f7412cd620fc	293926
slides/done-004/pptx/redac-fullComm-201705-EE-FRs-briefing.pptx	3a0205b943f2473678b238a2e74a8017873a6528fd4c3ddadf9ef6676319f901	842975
slides/done-005/ppt/ITE106-Chapter 4.ppt	9a3ae2f4afb321a4f0267510162fc60b6526640b40dac313e6a30aa65c289b60	270498
slides/done-005/ppt/berlin.ppt	c3395cc7708f6aaabf61e50bdf3d22381c30ea76733f566da8e82314fc7cebbe	288704
slides/done-005/ppt/pods05.ppt	405f4b17f8cca19c8ef3f5821035baab5431247a2cc24172de91d4743e188d8e	341468
slides/done-005/ppt/ws_prod-g-doc-Events-industrymeeting18112004-Aercap.ppt	7869e9680a76dd6c487208aea94398f919f7bb694e4cd9c4de43f7fe87d90807	573770
slides/done-005/pptx/5b_upasana_dasgupta_-_liability_and_registration.pptx	a9d83320d4d7efb6a9e97c17e6d94f3f42e8873ab38ad3350dbac0bf628c65a9	92156
slides/done-005/pptx/ANG C-1 ATC-TO Core Program - HF REDAC briefing September 7 2016.pptx	4dd3c5fe71524f1d7ee1a8d13ee3b799548d5afbc5bfe919468000ddaecc3ebd	1482334
slides/done-005/pptx/NAS-Infrastructure-Roadmaps-HSI.pptx	f02d793ff27d419667266e76a6e168435556b9117af4380ccbf7df42b955da09	471613
slides/done-005/pptx/NAS-Infrastructure-Roadmaps-Weather.pptx	1a4249e3ebfa823e079d243fdc9ab947fae90c9f4d081ad96250f0784f6e4687	458710
slides/done-005/pptx/c_291533.pptx	229665885da67fab57a43c35ec2d7082341b0431df261d4941c0b9161d2d34aa	824909
slides/done-005/pptx/manufacturing_process_simulation_working_group_overview_2023.pptx	25d544bd0fa0285b37756efa8f109d4520091e6746dc1d8e1851a16cbace28c1	571951
slides/done-006/ppt/Lepore.ppt	b12d773c8881a79521e699f86edea816e7fbaed375f0027ee5b66b4471c8b2ff	1807294
slides/done-006/ppt/ws_prod-g-doc-Events-r-6.-ESM.ppt	cd8e436f57571931acc03176ad5baffaa6ea695a089e4d6925127a9cb5370743	255511
slides/done-006/pptx/Course Selection 2025-26 Current Grade 09.pptx	a1762c3b2ba8bd94ceee97880cd5b9db736315ba9e80f2dda738653fd41af0d2	578496
slides/done-006/pptx/Ensemble-pour-l-amelioration-de-la-securite-de-lac-AIRBUS.pptx	cf575ea796e0495aea8c8368fc9f8e0ecae5195343fbcdcbeec441174c211106	334857
slides/done-006/pptx/REDAC HF briefing Sep 2016_LARD_ATC_TO_FE_v2.pptx	2db68f55308fb0b42a3dd4013c881a45b511247435fad70b5da5edae9957bbe5	1534807
slides/done-006/pptx/Stakeholders-v08052017 - v5.pptx	38858c15dcc74effda4802f94aa8e01392d2710bda6e4a619146700c51a80f63	1448044
slides/done-006/pptx/iris07.12.12.pptx	5a2d2a669109b0001483363cc9583a652c28b84b1fcb6f2d42ebd694f47b8441	1561255
slides/done-006/pptx/nabiyeleul_1_aviation_service_28_july_2020.pptx	c9ab2dd27fc201c846e1b45858d4479022f1e4b94f9a4e40ef9c25be48dc600d	63329
slides/done-006/pptx/social-media-app-bulletin-january.pptx	3dba9d9d3e939e7a1ade3fdb374cc553aac5b193605b874f841a809ee229f7b3	408290
slides/done-006/pptx/wopanets-innovationdays-06-16.pptx	77f42aa88bbb3c3dc61381669a28e3a2b2a862a946a222b22252aa67c104deba	301189
slides/done-007/ppt/1-secretariat.ppt	47f35adeec357585dc5009143e5ca89e1ce4658efd6d1640c28cc91319c17dc7	359004
slides/done-007/ppt/71393_pp7.ppt	8e6fa994a6ed3c9a815e9fe4ce9cb7f43faeca22c8851f895285acfc232ed7c3	272201
slides/done-007/ppt/introduction_to_bea_tuxedo.ppt	3198c261ef99c3e5660f45d60282448ccb6bd898a6795ad015fc5046ae5d3ace	223885
slides/done-007/ppt/joint_user_outcomes_michael_fullerton_29.06.12.ppt	fed3ddc419d9cabbc7a974125f8dab1d7cbb43cf51fb922d2c633b6ee262bac6	493592
slides/done-007/pptx/10. Drawings, circuit diagrams and schematics.pptx	2305fc770d7c5a9cb4a022e8fdf9f4a9fbfacc66bfff9513e705cd94b40f2346	584707
slides/done-007/pptx/BHCA Part II webinar #2 - 10.2020.pptx	628c7c336e2b17d232ab216dd0db4bf9f373385a67ebed0094d1f09d4da9d5cf	671662
slides/done-007/pptx/Boeing 737 Max - Group 5.pptx	895eac4c4cf8b3c63ff88518a7c3369a8eccf15f65cae89476ac1f3ea5705104	278710
slides/done-007/pptx/PAL Block Intro 2023.pptx	c85103458698970f7624a6500cbc95fd147ccefb699dbf02db556947c780a6a1	330121
slides/done-007/pptx/bitesize-writing-a-report.pptx	ab2852b235875f263b389a76e13c8b4314d5ced2e40bec5735356ded7264feee	954507
slides/done-007/pptx/flying-by-numbers-presentation.pptx	75c6b8588976b433f59ccabe870fe6a3ea39b9946ae3716d9c609721bcc241ef	648237
slides/done-008/ppt/8.16_AOD_FINAL_Provider_Training_Presentation_9_2009.ppt	1eebc2aaafcde053f0edbc804b33cf2a10e46ab9c96e3fa22a867800a6a692e3	947491
slides/done-008/ppt/EG1_dsrc tech.ppt	ac8d14315d9ca553fe2aa3cd6b339ffb0c24cf1229a304ceafc5ba348e75f706	584067
slides/done-008/ppt/Framing Europe.ppt	a4a924f70d59363cbdc4351adbf7dd81f320759be46764dc6efa738c9b763b10	96409
slides/done-008/ppt/RESPA_-_Section_8_Webinar.ppt	2a0b02f5e064b8576c0d7ad355ab01ad12f849d2a347a873f5fe3062ea3a2a21	281520
slides/done-008/ppt/concepts-surrounding-cloud-computing-carolyn-kranz-and-rich-prem-gb-seattle-2011.ppt	a8db7bc3823752a77c8fd3752597a8aafd769f55a7110de6a3589f35347463a1	373652
slides/done-008/pptx/AATF-Fact-Sheet-2025.pptx	78ad67143b905f32421610337c17bac2e40762f438de855bb0abb5f8f75a2918	1339540
slides/done-008/pptx/FIT26-Presentation-Airservices-Update.pptx	9b861153b4864bfc5759445b912f54ffe6134997db54ef3675396fd05c14d8b1	1558986
slides/done-008/pptx/G-InvoicingKeithJarboe.pptx	d8ca0a5f4a5450eb51ca389564a810528e09d97feaad3f69f8ab679b9aab3abb	872608
slides/done-008/pptx/ROK-PI Climate Bulletin - Edition 2017-06.pptx	8b0ba7dcbc5f7c400cc918c64adc18afe0c161a24c4e10ab596e9250281f465a	1389834
slides/done-008/pptx/item_3-environmental_process_briefing.pptx	7ce5268af3a06477fd2327169ddd0c0da15f2e4e371eba203ab328a0a4218db6	849763
slides/done-009/ppt/Airport Planning 09112013.ppt	49d8e2f7bc0f6754dee4ca650c0d8d97ff32dbd8609f047eb9f7ea4583416a0f	1876237
slides/done-009/ppt/Employment-Based_I-485.ppt	537d933e4ab6cc5b7768a48052e0a12a6581fcb6b2750c858f9ac4e9551ed033	158221
slides/done-009/ppt/iep-amount-frequency-for-webinar.ppt	72994072a02af93e5d3b2f16b7bf1ffb0556544ee4f04930c74308087983850b	796832
slides/done-009/pptx/30-04-2021 merged NDoH and NICD_Presentation HBV BD meeting 05May2021_1.pptx	435e2dc2adaa54327789c0aaea503b7f186f0e82a8e6ed862a3934f0c7533f49	1149989
slides/done-009/pptx/COMSTAC_11_5_2021am_2.pptx	4eb416bf5c21aa693e862308883323731aca3959fae39a9bca4c2518fc389229	1018600
slides/done-009/pptx/FIT26-Presentation-PR-Briefing-Debrief-Airbus.pptx	69cdc5113b268e8b8040571a80b11f847d919fbca3ca0a813a4bd7193fef6976	590849
slides/done-009/pptx/HENTZEN_COMPOSITE_MATERIALS_IN_THE_AEROSPACE_INDUSTRY.pptx	bb33b697ac0dd2d549d7c38584bfd9136f53238f8c51540d30fe1cd2f90b6312	6434669
slides/done-009/pptx/[Christophe]NLP_reseau_inge_stat.pptx	ff71715e4a99b8c8b3e162a9f10f5aa7603fd977791900d7c5eb85c3a2f8a98f	616747
slides/done-009/pptx/airbus-powerpoint-presentation-2019-20-without-video_diy_2019-20.pptx	6f80092add3e02b439cbe4648deebd4ae58ff849fdf69039f02a5bddcd9730e5	496105
slides/done-009/pptx/redac-sas-201403-ppt-portfolio-rev-sim.pptx	c98e9980a9edeb13b1344211fa6f2844f832035533ac193b83e13c17ac17979e	1874382
slides/done-010/ppt/BUS-Chapter 05.ppt	5629dcff4a2d9dcc292f042215c60cc473f1b78bf06b3737dfe07c59b21a5ac4	577466
slides/done-010/pptx/BasicMed_AME_Presentation.pptx	42a28f35cd6f2d538ab2cee9fe4122da81bb15dd56c8b28b4986d06fc0ddfa89	2715240
slides/done-010/pptx/Copy of Full deck with references Promotion of Outside Interests at Work final(1).pptx	f7d3ef993949cf9a294f896ad70647e4748d64b3adb66e7db0bb081be882a5cf	1014899
slides/done-010/pptx/DoIRD Meeting 16JAN14 v1-1.pptx	6e4a4dfa08a730439d566cef6ce73881bdc0bacbf837fd79dfbf80b5425f086f	1242612
slides/done-010/pptx/John_Broggio__RSS_Campion_event_John_Broggio.pptx	85ee457898675fd523aba5bb3f39a88464312d2aca464cbb9a4989a5a89e82be	1166276
slides/done-010/pptx/REDAC Briefing_SSIT_CARA_08132014.ppt.pptx	0773da917cc0bab4e35f5a319c08c4f61bac4622b45f04caba529206f977a742	1274530
slides/done-010/pptx/Sector_Skills_Insights_Advanced_Manufacturing_summary_slide_pack.pptx	4b1274ab03828c0a2f4657729b4bd8d0232f6ac49596fc5163554ebe08bbad91	743512
slides/done-010/pptx/Tax factsheet 2022 (1).pptx	eaacce45189736b2bfb421a51e22a794f4d9cffac60d22ef718962bfcef489b0	673196
slides/done-010/pptx/passiv.pptx	2826c1642741ba4eff196ee98eee094cad7a945dec0f30ee05c3fcbf53dc0b26	335770
slides/done-010/pptx/section_1_our_rights_presentation.pptx	9bb4973bb8345be60479d770bdf09a22f4cef14a6da46c402c4afbe272de1340	1810097
slides/done-011/pptx/171128IPAP.pptx	50f80f8da3957ac6ee842c6db5c06d301240ed2709a4bf77ea3ec8a6e2057b6f	1598821
slides/done-011/pptx/1_Country-Updates_DRC_English.pptx	4fd06c16c68065775d22289345410c15377cd8d3261e4c194f3a52c37ebfdf5c	754786
slides/done-011/pptx/23-session-2-pptx.pptx	fc168d6bfd67d1b12065cf26c2b8d63e2d562a6950b37948c481d6542cabc2b8	1158553
slides/done-011/pptx/3492.pptx	a6d4138ee81308b39a7eda8f562946e541db338ddef7094573f72d43538211f7	867292
slides/done-011/pptx/3495.pptx	336e3e4ca262482c31ad9419559fccf983e29036f4cdeef89bf16978e66614b7	2016395
slides/done-011/pptx/B2B-Center-Readiness-and-Student-Retention.pptx	19a257de0d4eb180c7ac4025eafb3e700bfd4b1ddc7ca6b71b06456c34cbc8da	1376611
slides/done-011/pptx/NAS-Infrastructure-Roadmaps-v16.0.pptx	211be37b7c6449a054437235b29a705c20f78c8615875e229792840af34c4567	931779
slides/done-011/pptx/Session-1-Presentation-Reporting-Forms-Form-12-final.pptx	51aa0a5a35de70b1d482ceb9c0d7335a280a69af5e19af54b09797f90060b877	1105812
slides/done-011/pptx/_1___Opatrny_Ales_United_Kingdom_business_opportunities_final.pptx	16a54e7e47672e0573b63997918ecb8099e98aadb8357898a825030b40f6c5e0	1545250
slides/done-011/pptx/order-of-worship-ppt-revised-2018.pptx	2a1a71e6e5a5a9e30580a5501530c3795d5e4dfd2b2c7223fe6e7c617c57e17d	6072795
slides/done-012/ppt/JesuitAssocOfStudentPersonnel.ppt	2d7673251838bab56390bf1c33e8891bfad9ba2d2b03e2bf48cf6062db42f68f	699918
slides/done-012/ppt/gillikin_online_user_mtg_2010.ppt	9ec35141e25ca90f761223e5932fb5fc9dcbc201a308e66555c61c4372a38908	1349158
slides/done-012/pptx/429_BLISc 2019 IInd Sem.  PAPER-7 UNIT 3.pptx	438ef5b3a8b58b8eb3d1e25848240527005ab9ca83ec2a06a79ec8897cef7b7d	168735
slides/done-012/pptx/County ACHS Presentaion Webinar 8-16-16 Peg.pptx	22a3b3ed7c2ecb34be217f5d0da82d76396c51696d1a242f9ee642480a207bec	1173882
slides/done-012/pptx/Intersil_Italy_CAN_Bus_Transceiver_Presentation_Final.pptx	2247b670b7de9e13b8e9e267d3621afab0ad067082cb4684273b64ec9c708733	1160257
slides/done-012/pptx/REDAC briefing March12-13-2014jemvbFINAL.ppt.pptx	4d5dc969cee514cc20f6d784e2bf30d219b8c4fb3e6d7211f8e7266d1aae61c2	2313857
slides/done-012/pptx/SRDMG(16)024_60 GHz onboard airplanes.pptx	4e3fe99243db2b6f246a3249b3e1981017975870d89c1196b85b1ab1faa3adb0	1587311
slides/done-012/pptx/Sean Monogue.pptx	092fa9a8653847fca2c8013e2aa028d27d1fb4f75706b622b4bc49c3e0c7adef	1274088
slides/done-012/pptx/vv_summit_SAIC-PRESENTATION_FAA-V&V-Summit_508c.pptx	cd09e2f66edf8fd6779e12532ab619e42bea10c4804080149c0417b050e5abe1	1551898
slides/done-012/pptx/vvsummit2022-SAIC-PRESENTATION.pptx	bdd295ba2a163cd628b6205d369cbc2eaf86e7a1d0bec9ff70bf2978383f8137	1551937
slides/done-013/ppt/2015-Civil-Rights-Website-training.ppt	090fb214284ef418a32e2bdbc9a2aed3b921b1ce77baba9a59e623422a9bf0ea	503715
slides/done-013/ppt/FAA_Form_337.ppt	e11ac73f2398f12bd814a87446ab7b136fa57d7e3bbd5b3f1262d6d2d166bf3a	611849
slides/done-013/ppt/hofman.ppt	6d7185c4af5e013a516d0a09df1c96a7b669c88d4bac303f9b12deb8487313e4	99502
slides/done-013/ppt/ws_prod-g-doc-Events-2008-February-5-NATO-activities.ppt	7ca2b7a5942299d0b7d50c288efdaf024caf884707b34fdd2d545262f6fea155	1449935
slides/done-013/pptx/2014BSA_Sunday_Killion.pptx	0c3ffcbfa720c3f3351a15acd485bc4d1fdb1b0038fc291ce47e528be21fad42	1217447
slides/done-013/pptx/PRM_training.pptx	4af8faf0ff36c46b6b0aacf9e8ede3618e2b475255d1125bf2c6e681f452509c	19234941
slides/done-013/pptx/Structural Testing.pptx	bc81fdd63554c52ebab52bf279d27f8f88bb754da396926d18053d872bfe9bf8	1242791
slides/done-013/pptx/chapter_4_0.pptx	450c173dba9f573e55d627cf3aa2e6fb820d3c74ad02ca7377b7b7985ce128e9	1301037
slides/done-013/pptx/redac-sas-201703-hf-research-division.pptx	5cfbd1b62541ce44e0dfe6a7d1b5bd2d28c5bf1ba2c25b5ca7f6af94aa51a847	6723718
slides/done-013/pptx/schematicplaymar21.pptx	ea149c6db06720c3a3a7a631ba0716953dd15150417bb2548feee9e49ec55185	6715967
slides/done-014/ppt/Aerospace_Journey_of_Flight_Chapter_BCB1637572DA6.ppt	53d54ce21e34c69b618bd5f192a8e81c33ebb48d8db287aaa44d72e892958561	1815481
slides/done-014/pptx/Presentation - Identify Components of the Airport (1).pptx	08274db8a0c3d874a5e4ce60ac71dfaa416dc9ed2c8f371df762a1a42485c6d2	10075341
slides/done-014/pptx/Reporting_responsibilities_matrix.pptx	ac92e3e2f654082e3e2d192893e9b45b84546cb867b33f6e13802f806448de97	1133764
slides/done-014/pptx/Snowbirds_High_Show.pptx	61245b78ae6821429b3faeeabc8e42be8bf22ce5a6eb156ff27f2b066c2d0f45	8490065
slides/done-014/pptx/Technical_Report_Elements[1].pptx	45006deff0c3d4acec0c85cf0f1a2e5318ecca93d422824d50918f5460224207	1986841
slides/done-014/pptx/redac-nasops-201503-RIRP-portfolio-update.pptx	776a6237478f960ffaf225de0bddc19dac75b687d49a316dd9280197bec1dbab	20727514
slides/done-014/pptx/redac-sas-201509-asisp-research.pptx	9f95e91983e26f811feb37188c9fc157f59548eb8e95566ff320b3cbdd5285e8	8705066
slides/done-014/pptx/schematicplay.pptx	1e8ca70793c9fbd1dcebd6e663600bcc95098735b414c620f1c8f092bbf801a2	6716948
slides/done-014/pptx/servicedesk-plus-overviewfinal.pptx	0bb077af8e1596a537bf0548708cc5c0ab52cbfe94c81b5ddb9dfd7cf7832714	11601455
slides/done-014/pptx/vvsummit2022-Research-Roadmap-and-the-UML-3-Operational-Integration-Assessment.pptx	69bc97d7135d356bccf1e205c7186d3a911d6f342139360a77a290a9d3ca8079	1403555
slides/done-015/ppt/Architecture.ppt	969be16bbc5ac48f105778e887a546bfd3718d5820558ab573818bed36e0ea76	6758870
slides/done-015/pptx/1200-Assigning-Club-officers.pptx	e8a613309083a1b8c4a0af486406f1b9fefb988cdbc40bace00c5b8d98f262f4	1877035
slides/done-015/pptx/RPA P4 - Advanced Material.pptx	17da34beb65ac00ce5e36c1a1f1460c8a2a848b6b176bc77ff4665e10ff3ec24	13242783
slides/done-015/pptx/Wildlife for REDAC September 11.pptx	185738675a2ddda6c719cf65e4b61197e64fc0ddf002558845b2e356f40766d2	15508992
slides/extra-001/pptx/FAAAIandtheArtandScienceofV&Vfinal.pptx	fb2e1af180d7af0b4cff312641d0fd8a931b84fc490329a13bac5d795224c84e	7173361
slides/metrics-001/pptx/Ramp Up Campaign - French.pptx	ba537a4bc0e10c545d835f0b327be5deec92acd07a3343a81852ee6b9609dfae	4969140
slides/missing-001/pptx/NWD-GLA-Community-Outreach-Day-Oct-2025.pptx	54840ad3e1a6634dd3609f25ce928a0fca0893738cbaa0cc9c36dfe30897a1a8	1534583
words/ceiling-001/doc/150_5300_13_chg8.doc	132eff676c2806b60712f9e0fd2cdfa7c66537b0630a29124790286c83c023a1	567924
words/ceiling-001/docx/ABCD-FE-01-00 Flight Envelope - v1 08.03.16.docx	d182ac6640bfae03e87cac5a47fdda9719d7be3aa1b59eb36d285e2b7520960a	500694
words/ceiling-001/docx/AW-104D-RVSM-Aircraft-Approval-Checklist.pdf.docx	6705101d3f527199f8edfcfac6021b74197e545b77feeaf3140153825c6fdadd	154741
words/chartset-001/docx/002_advanced_word_chart_report.docx	f0c88c9801297ffa675e1ed01caed2ae0ee4dec85406377a5afa593689c75753	60856
words/chartset-001/docx/008_advanced_word_chart_report.docx	5f92ee265a0f9bb55ae6c2e2c05d12c81a8648444358f6814b5349ca35579b66	59963
words/chartset-001/docx/014_advanced_word_chart_report.docx	bc6de42648e1398119d3ab40c601119ec819c561a999917db66a0758d188ff6b	60255
words/chartset-001/docx/020_advanced_word_chart_report.docx	2d7576284bea7eaea327eac96fcbbd9a2755edf8b3175c4b73d74b730430c3e6	58701
words/chartset-001/docx/026_advanced_word_chart_report.docx	5f6b67fbec819f814070e3ea83e393812d5b1692a79ac9401f028f04341824b3	59651
words/chartset-001/docx/032_advanced_word_chart_report.docx	cf249f19de5705b4c929d01833921bfb4e97bd177b07d7ad96167eb602c9e81d	58656
words/chartset-001/docx/clustered-column-result.docx	6aaec4418343a17585c16d7189593142e31c00a7421555951a919624760eaacd	27690
words/chartset-001/docx/clustered-column-template.docx	c6769d456c24c6b2bd18bbdb69eeebaaf9a344a05e19ab9e6fada4c96efe2fb8	24127
words/chartset-001/docx/pie-chart-result.docx	1461f2808435cce41ef7ee29871ee715529804fcab5c0286cfaa9d69fba478f6	26727
words/chartset-001/docx/pie-chart-template.docx	7b16495403c59a92eec1458c5fe36769e1af639ae137449980a2c634a5b5c609	19957
words/chartset-002/docx/005_advanced_word_chart_report.docx	63d19bff788f175a14377f9bd15c326a1032e257e1ea7e04cedc5b7dcf3fb267	63820
words/chartset-002/docx/006_advanced_word_chart_report.docx	c4b9bb7aa26ffb2b8f52875f67d4d6a3db51eb71351e0da5abb9c5b5bdcb779a	61068
words/chartset-002/docx/011_advanced_word_chart_report.docx	5172ff9af43e0cd0c14da0dac4a59962882928fb29463b4a0ad9d7146018a784	63211
words/chartset-002/docx/015_advanced_word_chart_report.docx	4d9eb3cbdc3dd8c1444a64632f16060d6edec6845f17c989a5098020e61c20e1	56484
words/chartset-002/docx/017_advanced_word_chart_report.docx	3dda9a6f33c2b68c5f50019db8b27ee099e8259b29dcf5299175da7d7bf1167c	65821
words/chartset-002/docx/021_advanced_word_chart_report.docx	bc028645b18750c1f6f97181e293c25d0b94aab870f7f7d974fad611cc7c55fc	57308
words/chartset-002/docx/023_advanced_word_chart_report.docx	b860da9c0a7880cffba4d497a6bd955c3e22004e19948e5d3752a2e26b9b141f	63556
words/chartset-002/docx/029_advanced_word_chart_report.docx	6eb439d020a51aa47ea14ad3e42dc9494a04c7a21ea01386436a86b431867383	63567
words/chartset-002/docx/030_advanced_word_chart_report.docx	e0b4e9f19651c4a0aaf9b5fb8056504f79b718019f285981ba28e354447be545	62172
words/chartset-002/docx/033_advanced_word_chart_report.docx	b7e54501227bfac49f58a79808deb5d7734ef7510b348b2ad69c80484d1071da	57192
words/chartset-003/docx/001_advanced_word_chart_report.docx	a65c7c671bb29bdf4f6b99f898c6d66a4288835ab7124e877273b18a14046dfa	66390
words/chartset-003/docx/003_advanced_word_chart_report.docx	60db0fd835324d79cc33d7b26f1b2590288d65b2523d5ab18ce679f80a312ed4	57226
words/chartset-003/docx/004_advanced_word_chart_report.docx	99b3ca6e1c116d1b86640d285f130f7f997a2aa2f2dc775b1e34e80503b77c0c	58717
words/chartset-003/docx/007_advanced_word_chart_report.docx	586dcf8adcf7ebbdec242e49ffe2aa3f133062fc75b6905e7e812ec2947ad2c7	67788
words/chartset-003/docx/009_advanced_word_chart_report.docx	c29f3c1bf7a15bcfc5bd477f560021ec35b9e47f4919a6c030639e78c5e52377	58312
words/chartset-003/docx/016_advanced_word_chart_report.docx	af4ae5e78e159c3c7586e2e2f9fcf767f6c219ae1480492e5fb255fc11846bde	60135
words/chartset-003/docx/019_advanced_word_chart_report.docx	205169108fc8cc8ec3f437179ef3367553b5854493d8ae31abff9c7ce8124ae5	69247
words/chartset-003/docx/025_advanced_word_chart_report.docx	4c3259dba09ca3fa67e2095361d40f350b27bbd71f4d13056e56b3b89422d6ed	63871
words/chartset-003/docx/027_advanced_word_chart_report.docx	7862d9da8da6bedb19c3959553f9863c4a895ece9b337e4398651a108c3c6324	56182
words/chartset-003/docx/028_advanced_word_chart_report.docx	4ed46683a6bf907e4e3e9217a8a436583a4846ee8b5e3b3d900a9bf10b4a303f	58459
words/chartset-004/docx/010_advanced_word_chart_report.docx	24ac4606e80279b5092d2f58c880fdfa6344936b2ab5f81dbe9986e0fd581a47	60249
words/chartset-004/docx/012_advanced_word_chart_report.docx	4be16473deab1aefa4bd009e12bbf0ddd1da4364c49e8940b827ea9bc169f5d8	64065
words/chartset-004/docx/013_advanced_word_chart_report.docx	19a9a13af04b47e15ab5872ad9ba63a6ec3b8014948479f23202647a6d4da415	65094
words/chartset-004/docx/018_advanced_word_chart_report.docx	9f653eb794eaac7ced906b4208fe68d965f2228964371931343ba2b36d97a0ed	62478
words/chartset-004/docx/022_advanced_word_chart_report.docx	0f31c4209dc1a81d8ccedbb5a96497fe5823a2212d8b892876cf4f0c7a8a948c	59259
words/chartset-004/docx/024_advanced_word_chart_report.docx	e76ca54415e07b1b52cb3b15adf2d75c6ff5bee401102a586ec600ecfb160fb8	63594
words/chartset-004/docx/031_advanced_word_chart_report.docx	a0ec0e83df36b8d6aba6ed60dbdf1694c898813e8369468e4d9ea94599831736	68155
words/chartset-005/docx/003_Free_Genogram_Diagram_Template_Easy_Format_60eb6e42.docx	deca2e48577ec9fc2b0d2fcb87c58afde0a3ce0c612c063042d8f5ddccef5e13	17392
words/chartset-005/docx/005_Free_Genogram_Diagram_Template_Excellent_layout_f5f185d0.docx	685cacc05e85d6b6320b13f3a57b10e7da5b5c30572a3f9cad1b998defc5c65c	11648
words/chartset-005/docx/036_Venn_Diagram_Template_Fillable_Layout_3ffbba36.docx	eb15eb7b564e8a12a5138e2ab5182bb5df732ed3a05e62c51ae31ee7ca62feda	21302
words/chartset-005/docx/052_Organogram_Template_Colorful_Flow_Chart_cba9fbfe.docx	bbdde0a9bde9bb81da68e4e7bc355462e24bd38e4eaec29bfe1888521711e1eb	13274
words/chartset-005/docx/053_Organogram_Template_Creative_Theme_21657a3d.docx	8ef4c0346072557132c4717cfcf92e4d3b1b3fd74f2b39cf83ad6b96e16f6b14	11857
words/chartset-005/docx/054_Organogram_Template_Grey_Vertical_Theme_b2dbd9a8.docx	94c5ad75ef4df563f085d630f499cc0d48d6c6a523319155da91226dc5410a3f	11882
words/chartset-005/docx/083_Printable_Graph_Paper_Template_Customizable_Format_55ff93a3.docx	16f02d2e0a15a3761becf0941d8e0fee2b1ffbf834066508d6ffe5bcbbbf5073	10324
words/chartset-005/docx/084_Printable_Graph_Paper_Template_Editable_Layout_d66c6820.docx	4b8892f3712ab632fed5232675855cbce868129131ffe22543f06ecab3e7c682	19924
words/chartset-005/docx/085_Printable_Graph_Paper_Template_Excellent_Format_4bcae89a.docx	95eb75513924186b354fa1d53d560d7a0b8b1962b607655e44162307b17610da	12334
words/chartset-005/docx/087_Printable_Graph_Paper_Template_Green_Theme_0c14ea04.docx	d600249f98cfb7da7ad3595a5f28644e1608792302df724c50e6181d3bef6668	24274
words/chartset-006/docx/001_Free_Genogram_Diagram_Template_Blue_and_Gray_Theme_7c9e01a7.docx	33b3ef095909c8745fd3c4148c842947b9405765890af33f1f07d7bb673a71e7	22222
words/chartset-006/docx/002_Free_Genogram_Diagram_Template_Customizable_Format_2219584b.docx	19d406e4b1a9f148f210ed68ff9315b03b6cc2d7213a49feb572da5fb7e2b6dd	25965
words/chartset-006/docx/033_Venn_Diagram_Template_Colored_Theme_2aea6697.docx	9841dc0c6218eb2c26cc0c018ed95586141b8b8a00c4c8b88192f6f5036939e4	13217
words/chartset-006/docx/057_Organogram_Template_Vertical_Colorful_Theme_724b143c.docx	898598b8aa9107e42ca35a23a20775b27cdf51e6b58b68a4d6a03c221b930f9b	21315
words/chartset-006/docx/081_Printable_Graph_Paper_Template_Blue_Theme_629316cb.docx	8ae41369a1d1456440bbaeaa38678119b5a5a47fb9d69403aa674087960cf388	22952
words/chartset-006/docx/086_Printable_Graph_Paper_Template_Gray_Theme_7300e5d7.docx	d99b0471711a7faf1142cc97ff9baf5e05b83ba5eb796fa4a93f5e3e97664267	15377
words/chartset-006/docx/088_Printable_Graph_Paper_Template_Quality_layout_33051f6e.docx	bddda2155056d66823d3389680e192efcd13b8f2ddb91fd646c1c2a2cb8b9a9d	9833
words/chartset-006/docx/093_Business_Case_Template_Customizable_Layout_510c25e7.docx	b3a3266af332e6f98a48ffc90b8463b0a4217e7dbf19a68d81b1edc21da5d13a	23344
words/chartset-006/docx/097_Business_Case_Template_Elegant_Layout_3ba9cbf2.docx	a091aa4bfb2366d78edb23df93bce174ef6165b466aff25a9bdb9e87b15aa1f0	35418
words/chartset-006/docx/099_Business_Case_Template_Gray_Theme_ac3edbf4.docx	a6a43fefe85a64b360bd3440ff60b9cd22f24da75120bd6800ae4e36b7ec6871	18243
words/chartset-007/docx/009_Free_Genogram_Diagram_Template_Handy_Format_4bb900f0.docx	0bb3171c49efb2d2181cb0a90cdb45c7798426ee8413c1763697ad766fcec4f8	23712
words/chartset-007/docx/018_Project_Timeline_Template_Editable_Format_e1cf1df5.docx	7bc2f464403bcc1b92575400953ecb0ba12576b2f0c882bf4c3e9d7d1d5c4005	27190
words/chartset-007/docx/025_Unit_Circle_Chart_Cos_and_Sin_Model_1ed01892.docx	951a1346a6470af4d0ffffeb3b62354b665af63f8b55a0c87921136cda3fccb8	28680
words/chartset-007/docx/034_Venn_Diagram_Template_Customizable_Format_d14642b7.docx	776e99d4006b1d5145c0759673cec6e7c59266c0a4ce9ad46c75ed5eee3274a9	13517
words/chartset-007/docx/049_Visual_Product_Roadmap_Template_Simple_Format_4af26e4f.docx	22233b207b9a8a433dd3ca724cbb6ee2d1c61c7cbe76ce502fbd9c29d5849134	31770
words/chartset-007/docx/058_Organogram_Template_With_Picture_Theme_44b79368.docx	44f6b4546a5caaf7eca9f4d6a5ae5a9cb2bfda475a7717ef084672d5e0877e4b	16759
words/chartset-007/docx/074_Storyboard_Template_Editable_Design_132436d1.docx	bf3d9715b5fc11d54f2a0b6d4b79f78b76c92db761ae80a21ceb73eb05a0b715	28552
words/chartset-007/docx/080_Printable_Graph_Paper_Template_Black_Theme_6b066be1.docx	4e2ca77debecfb8d6d79075b7e901a1739fe6ad9141a23d187450733df513d12	11500
words/chartset-007/docx/089_Printable_Graph_Paper_Template_Simlpe_Format_3aff1c88.docx	d29188b2ebb50a3cb138367f22773eb9f1a0cb1bdb30c67bfc5ddcc46704d235	10566
words/chartset-007/docx/094_Business_Case_Template_Decent_Layout_e7722f2b.docx	cf1ea18ab05d73e32e1e5d4868c11a0babfba384a16c3f92507f0c06472b3101	23587
words/chartset-008/docx/004_Free_Genogram_Diagram_Template_Editable_Format_b82b6152.docx	17ccfe8f029a9dc014ddc1e6d5e09cce863d785af678bd3aa36cc7a6c6b4a30f	25826
words/chartset-008/docx/006_Free_Genogram_Diagram_Template_Fillable_Format_7ca08541.docx	9f8a6e84706886e82c9140ab50791a384589cf5b7ca15e66d2df4a903a0c3ba8	27622
words/chartset-008/docx/010_Free_Genogram_Diagram_Template_Yellow_Theme_6ee4f818.docx	bb4c6824d1159e2a15e8ed2e83a6323b8f03ea7d83d03eceb8c97088f0ee39fe	30739
words/chartset-008/docx/012_Project_Timeline_Template_Black_and_Brown_Theme_35c76550.docx	c682919f2b7ef3044553e130a8bf197213f71b92d17190f50fbaf74f9ebcda29	26817
words/chartset-008/docx/016_Project_Timeline_Template_Complete_Guide_7d36d09c.docx	8d380ca99a853b4bb0697e52b5085d57f0c79667b7b3a14a1f0938c35851bccb	34995
words/chartset-008/docx/035_Venn_Diagram_Template_Editable_Format_966dff5f.docx	8186f27c8e65602f89ce96d47e4129463f6fc80e9ebea9373865f8c51f503e19	24840
words/chartset-008/docx/046_Visual_Product_Roadmap_Template_Fillable_Format_582acab0.docx	b69302b7d296216a46ae2ec2887731bac2a2d1211d334a5922dde18a77654ddd	29750
words/chartset-008/docx/092_Business_Case_Template_Convenient_Format_00786cce.docx	23e4090ded5f61de8eab1a64e363a087a82f505b08320317496fbf8be06628db	48039
words/chartset-008/docx/098_Business_Case_Template_Fillable_Layout_d0c5410e.docx	984fe207281fe1fae07f6740ed5abde8447adaec03c291a1386b69761a4eca72	88082
words/chartset-008/docx/100_Business_Case_Template_Modern_Format_ff9e7282.docx	69f223ccdf264d7b572cfe381278afc44ee635585f6fe106d8b0c86a5839a513	44976
words/chartset-009/docx/007_Free_Genogram_Diagram_Template_Green_and_Purple_Theme_8d2ba829.docx	23dff9187ac492fe863efab6cd25fc1779216649fa876829e8eb5c3838903d24	23023
words/chartset-009/docx/017_Project_Timeline_Template_Customizable_Format_5d5ca2e8.docx	12bba4c9e38f79fcf7672a5c1b80f81caac2aec38190b1b8847444aff73696ce	34971
words/chartset-009/docx/019_Project_Timeline_Template_Excellent_Layout_4ee62967.docx	0732e62f4b848b311bf629bbba7832ff57c8325c811b153548554c063b5317c8	28673
words/chartset-009/docx/027_Unit_Circle_Chart_Graphical_Chart_5462a579.docx	b0b7a7e768366e54f93a6848a00b0c943b71d32062e9403a07c17444a92d729d	34841
words/chartset-009/docx/030_Unit_Circle_Chart_Points_System_23b5ef07.docx	629461fe1c9d64c24ffd4e2125c46aee78c2e93749db997dde4b9cfa1fd4cdb5	30032
words/chartset-009/docx/037_Venn_Diagram_Template_Four_Circle_764829a0.docx	8d38f7e967e1094a6be9324c05c35c00c9c6853d1a7d17922bd212db3224dbc8	12400
words/chartset-009/docx/041_Visual_Product_Roadmap_Template_Blank_Format_63a3e010.docx	372cb89202afb08b679bfd949faa12d5a792cbbf36fe14503a5b9e22eae73c1d	32982
words/chartset-009/docx/042_Visual_Product_Roadmap_Template_Colored_Background_89385cfb.docx	b5168ec414cb5125dff159c989120ec667e1c4604411832554db951f4da1cc06	43423
words/chartset-009/docx/077_Storyboard_Template_Pink_and_Blue_Theme_805e82ab.docx	74e3b6188709d184c3743a193bfe467e0fc45424618473fe52d5700517481fda	70926
words/chartset-009/docx/082_Printable_Graph_Paper_Template_Colored_Background_9092cf9b.docx	2e1ea6d9e92e9764eabbecbd48b51bd4120828e3216623d73b358bfa056a34f7	19481
words/chartset-010/docx/020_Project_Timeline_Template_Modern_Theme_0c215d87.docx	00618cd3ca3543d709afe7d4ceba0cfb0ca182aa21f2799d44f7695acda2db69	28504
words/chartset-010/docx/023_Unit_Circle_Chart_Circular_Percentage_790f7b75.docx	1b3258e67eba02a0881329a31250622521fa183498c2736bee999344b09ac3f3	29489
words/chartset-010/docx/026_Unit_Circle_Chart_Four_Quadrants_09bf3ed1.docx	c5e39eaf4ff83efbea698b0269df4a6b15d696107e7abe186b4790eee3671c76	36982
words/chartset-010/docx/028_Unit_Circle_Chart_Optimized_Graph_83d9c756.docx	8be00b80101cb9f79de42ef20ced6a8bb6f573d9dd0ce20853c05a38ca1dd9c8	33318
words/chartset-010/docx/032_Venn_Diagram_Template_Brown_Theme_d5b549f0.docx	d1359ae1b1b040be2df0cec5869e7d8ba518fcb14394b97354a86207b08dbf90	13180
words/chartset-010/docx/051_Organogram_Template_Basic_Theme_e6464d06.docx	74f4e785e40a6820c7adb1f3c3cdead98baad5a4388703aaae28fa69d753c57a	16292
words/chartset-010/docx/056_Organogram_Template_Square_Theme_38f373d4.docx	47204edaf07d742aece1ffe6b9126249622b1a67f6911a9d1af6b57e18dd7147	13167
words/chartset-010/docx/066_Work_Breakdown_Structure_Template_Colored_Background_c27ff248.docx	7666cdd917f747e3f4902d870c0da18391a84f83055cb725506d248f01b19f19	17672
words/chartset-010/docx/067_Work_Breakdown_Structure_Template_Gray_Theme_89f8be8b.docx	50c553d1bc9108b6c7bede7cc6300d5f35b3936fd85ff1f2e1770355b88a605a	17459
words/chartset-010/docx/090_Business_Case_Template_Blue_Theme_108ff0f1.docx	5b0702fbfea25c0c72116fb77c1a5b57b0de35c79a77a75d3a92517b0d35bc3a	120321
words/chartset-011/docx/015_Project_Timeline_Template_Colored_Background_6434b0e8.docx	accaa1f5075833d69a71c1e1aa4a1998fdf4c9da2883c02e9a15f089e68ec3f5	42176
words/chartset-011/docx/022_Unit_Circle_Chart_Circle_A_and_B_19dbf275.docx	47df40ef98decbedac82542ec66c96eb9f945b7ed235a2aba280c4c922757975	35862
words/chartset-011/docx/029_Unit_Circle_Chart_Pie_Theme_8a922142.docx	09647b73dbcc12c5ccd575cb31f0e43642ab671d63f526d043d2bb763036a432	28401
words/chartset-011/docx/039_Venn_Diagram_Template_Simple_Format_6f82661d.docx	b345245f9bd0fd7457e1c395de51c2e39bf2af44299e0ed3a1a88c2295143e50	23881
words/chartset-011/docx/040_Venn_Diagram_Template_Three_Circle_80f32f5e.docx	6a88dad3c72c33e240aa725b6d9fc3617a986867eabeff0897bc9952511ed83c	23074
words/chartset-011/docx/043_Visual_Product_Roadmap_Template_Customizable_Format_ee0fe5b1.docx	93385ddcde69ed822ffc2dd6768f6a175b35c36aa31a9056245c17551d0d229b	40358
words/chartset-011/docx/061_Nursing_Concept_Map_Template_fb9816f0.docx	208e9d7180a67a7bcb19e4764a9fe8ca3d4575400b05dfaa59962c4f8feb2fd4	26292
words/chartset-011/docx/064_Foot_Reflexology_Chart_Customizable_Format_79b7db06.docx	7dd305bebe54693496a99aa98821ed52f4900b5fc1eeba08aacaa10e82ffa5f3	37005
words/chartset-011/docx/065_Work_Breakdown_Structure_Template_Blue_Theme_2b207f62.docx	ca8aadd2823d781b39856e37bcab456ce1adcbde19be62c1cc3ef2d1e6c37c8f	21273
words/chartset-011/docx/068_Work_Breakdown_Structure_Template_Green_Theme_63e69ed8.docx	be817910ea35ab02d1b9556a340f5eb50554230cdb0d41c69f7227ae31478890	28153
words/chartset-012/docx/008_Free_Genogram_Diagram_Template_Green_and_Yellow_Theme_9017c1a8.docx	50970693986ef9b4f87a5010db3406fe6e569ae791c250f19cc5ddae41dc8264	37057
words/chartset-012/docx/013_Project_Timeline_Template_Blue_Background_4ea3475e.docx	02a7a077f973ffa0c6eee0cdf021bd1e1bc7d9e5992e1995914f902b1868d54d	95061
words/chartset-012/docx/021_Unit_Circle_Chart_3D_Pie_Chart_404247ab.docx	84e6a5056f4f7b78c24955b001dd3379cd07596891e4b5e3f4aa7febc8b3dcb2	28830
words/chartset-012/docx/024_Unit_Circle_Chart_Colorful_Circles_7c92601e.docx	cf0ace4fb77f26add35e059f318960dc747f8ad08c7b322a44873785dd4c04e2	24297
words/chartset-012/docx/031_Venn_Diagram_Template_Blue_Theme_a9e417b8.docx	3da4e2481f451ef54c607812eea721c37df4fe401e9ab4335f1bcd188d686fe6	23235
words/chartset-012/docx/044_Visual_Product_Roadmap_Template_Editable_Format_c232a2c0.docx	425c545e20d0e56a1afc15ec30683d17c1c569bd8c7204bd3b63610325fe7c85	31969
words/chartset-012/docx/050_Visual_Product_Roadmap_Template_Yellow_and_Blue_Theme_49b50744.docx	bbca33ff4807e17062ad08a6f04da7239dc8363f73af9190beb47d06efcd2c2c	66011
words/chartset-012/docx/055_Organogram_Template_Horizontal_Structure_28a7e725.docx	756b2a74192089e3ed1c59d4d0f888a429803bf878922d5067e833ad712144ec	19608
words/chartset-012/docx/095_Business_Case_Template_Easy_Format_61de7128.docx	9b14c5e9b2e690d33bea8dccfc52fb5ca58008eddc85bb2a05ce06001e29d3d6	40198
words/chartset-012/docx/096_Business_Case_Template_Editable_Layout_41fe0bc0.docx	44d6b0d071ea83bed6a2bcca4b3c356f73af03df7f9a3590c6025e58e0a7724a	201641
words/chartset-013/docx/038_Venn_Diagram_Template_Off_White_and_Blue_Theme_9dff385e.docx	6984f55db000ab2a40d71e3ac8431f7c49ddbfd2e0de814dd11597b73b033fbb	25614
words/chartset-013/docx/047_Visual_Product_Roadmap_Template_Professional_Layout_2ff4499e.docx	c111c88c501d40dbd458270f0c3e1084ae639e761f5221e19a17863da1577593	36516
words/chartset-013/docx/048_Visual_Product_Roadmap_Template_Quality_Layout_f38f7aee.docx	ee18415bd7afb0a0d38af0fecffc2aef69433c77a4fc7f5726c3c04353e9cf5d	48941
words/chartset-013/docx/059_Disease_Concept_Map_Template_4acf63f2.docx	96b04226dc9f9c65776a626a4befc1a71eb5b0fa1e47422ad8d324186456789a	52405
words/chartset-013/docx/060_Human_Body_Concept_Map_Template_ac872cfb.docx	9fdbcd7a7b691eb28c71ae29d4156d4e20f46b1f09661718042d55c10507525b	24060
words/chartset-013/docx/069_Work_Breakdown_Structure_Template_Professional_Format_1e02dce1.docx	35f4ae2b423acb2358a29a181a1ee3731b011cff978ea52da4b24da7c1fa087b	19504
words/chartset-013/docx/072_Storyboard_Template_Colored_Theme_28524a15.docx	8f7fccd72eb104cd19c62bdd6b7840c1232c7a1fe49f5945b8cd6d3cbdfbe1d4	228197
words/chartset-013/docx/073_Storyboard_Template_Easy_to_Use_44ce05fc.docx	b80be9a8b9454ad1c9fda0aa76bb453a5d494995892f86b7a61af310c7ac427d	237512
words/chartset-013/docx/075_Storyboard_Template_Fillable_Format_7fa01641.docx	509827e8291e6734c89d062080ca11f48d8cb179898219ba4259d52a05a90a76	256114
words/chartset-013/docx/091_Business_Case_Template_Complete_Guide_cb91a140.docx	c2eaba13c1e0f90c4aad5223412ed21c4c47418bc38c1fe0321620b3b6f2fb56	122938
words/chartset-014/docx/011_Project_Timeline_Template_Beautiful_Theme_2336e680.docx	7a605e76424fee4792ffcac561cf0de216312a2d779bc56204713b9df372b16d	77056
words/chartset-014/docx/014_Project_Timeline_Template_Blue_and_Green_Theme_a8311fa1.docx	d06b7da99b916be9f76782a3df78e8538d70fe3dd8715f5dc1d8186181204cf6	43915
words/chartset-014/docx/045_Visual_Product_Roadmap_Template_Excellent_Format_e364063c.docx	7e953046be31df9ae4590367450a07f756f36d4e74a95faaf598bf86b97102d5	40464
words/chartset-014/docx/062_Vocabulary_Concept_Map_Template_2f7c1c09.docx	9785012fef10d8d419da31023c79f7e64ad02dc5dbe64977a2c7eca6d41a12ff	106214
words/chartset-014/docx/063_Foot_Reflexology_Chart_Complete_Guide_cf5ed992.docx	bf3a35c1f20ebe270d53c23c31ce2b664f9cfb711d198fe02099fa59cd2bafd1	324568
words/chartset-014/docx/070_Storyboard_Template_Blank_Format_fc41673a.docx	72e9d180ddb700767f476c32a57ed519a1cf9d8671b9d9b052aae41007783eac	233946
words/chartset-014/docx/071_Storyboard_Template_Cartoon_Theme_ae113de2.docx	a729b6c7cf3fe53fb0f358281a518d57737f2732e0715d5c45a6440a4baadc9d	307158
words/chartset-014/docx/076_Storyboard_Template_Gray_Theme_1e5fd5e5.docx	24efbef0e16187ad980a0d94465b6c06762aba0638568bf9be211f090ae023ab	215996
words/chartset-014/docx/078_Storyboard_Template_Pink_and_Gray_Theme_ea89553f.docx	5f26ad3095affa350c4c8d4eb2c7cb0a74b3ea3549fed6b852a1deef3abdea79	2106350
words/chartset-014/docx/079_Storyboard_Template_Simple_Format_81653703.docx	5477b0384ff62dfd7db8c82bebe76d96fb12be328ef1cfb4e8a20139947f5c1a	269140
words/done-001/doc/FAA-2013-0422-0009_attachment_1.doc	3065aa23548c0e8086312824b3fc4e50e4ac82c4c55cc52f53acf1a4d8fca8f8	37867
words/done-001/doc/GLACIERBG.ETT.doc	3bd2d51d95acdacd557b3499a4cc5a0c2506e6a67af4c10444fbaaa9ea148bb1	36178
words/done-001/doc/LENTOBUSSIAIKATAULU.-31.10.-31.12.2022.doc	ce7f09afcb2b8daa4d11219dfe028117ae6d7e29cec40f01ffd8bb70caf91c8e	42249
words/done-001/doc/advert-for-draft-decision-airbus-epr-bm3965ia-v006.doc	e2765aacd377baf22b94c8d0db07929ec9fe9490edf6c9d396c6ebcbbf9f9c0b	40676
words/done-001/doc/foca_form_1.doc	36678bfd19a9ccca9d189e608ea4205024f014a18eeea0f5d9a8d243c01f4263	43647
words/done-001/docx/CMTA_Airport_Transportation.docx	f121aa5ba16fdd64772b50f87aebdc2b6411dec00e545e9fe619ce13aafacc46	39602
words/done-001/docx/Pre-Application_Letter_of_Intent_Example.docx	f1d70ca0571c2cadb12c3f6c8b361880c767885079d07f9f581589acc8e403e1	33380
words/done-001/docx/Sample_PAO-PSO_91-113_Letter.docx	24922351462134a732f10548cf22302b547a131fe889d80b592e9996acb478bf	39721
words/done-001/docx/Service-Bulletin-SDFNR5-April-25-2023-FNR-TRANSMISSION-LUBRICATION.docx	f006d53d875cd4367d127c13c3cedc00f29ebd37918cf6c777ddfed758563b89	40631
words/done-001/docx/private-hire-operators-licensed.docx	ba7a3e75386da5bb42a7221e97644ba0d6ec187212932a61318404f942517f9b	31191
words/done-002/doc/Bull01-06-Reserve Training Standards.doc	cb77ac95576f00b990ffa0d2faa5cbfabde0860e6c4948ec10a7372b57aab499	48744
words/done-002/doc/FMRBullletinB-28.doc	cba8cf6618fe0f9e34bef4d28144d48d627f650f8373af297b480756da42238b	45804
words/done-002/doc/prison-population-bulletin-june.doc	46175f0851820d0e706a220883ddc0d22696d4d0d5b2e56f5814a85eeced450b	50228
words/done-002/docx/AUWG min 4-3-24 final.docx	bff29f0a26f0b23bdd1a15ff7276f717647f33e1ac993253edfeaeef5467509d	37669
words/done-002/docx/CSCRS_Technical-Report-Documentation-Page-with-instructions.docx	6fc3b15f830cb074c47739daa273fc53722d508a2128c8bbd89c25e52616b3ba	61714
words/done-002/docx/FAA-High-Level-Org-Chart.docx	1cabcfbfe940be5e78fd2b5d0955ad351ab543d4961a42fef7c61e1055a5f490	48066
words/done-002/docx/Interview-mit-Manfred1-Müller.docx	bf702d26c83a3e1ab1fd78c9f00587f61453f36fe7fb206014c9f45b3f544444	41956
words/done-002/docx/easa-form-1.docx	c786139511abd46509bef0be69e36484e0d0ade64f5a2af46b88faca4cb76891	45519
words/done-002/docx/lk03_17.docx	b356aaea646f09db00aee4951b3b689c93418abb18da93e09c3ce069f43e775d	42574
words/done-002/docx/s33song-beverlyactproductionofdocuments.docx	01a5938ebe29d9280c563211d207b185d9abfabcb710d41bf0ab62177d773e73	48035
words/done-003/doc/10795.doc	e048ee48d9c79a6faf273a23bc0af86cbfad9bae5971fc12769e7b61c5a0c52e	53815
words/done-003/doc/96-3-clement-data.doc	a648a0600eda196d856ddefb773354cfd56ecac96eb54420fef018d73a252a35	66700
words/done-003/doc/DEP2008-1900.doc	e062a2d0ac2cb45807be65ed5c5460092775cb036b53671741309042efb797d5	88211
words/done-003/doc/II.1.2_Hypoxia.doc	4dafddf1dd97213b90a159d4a2593007a4234a821a17b9089a64384cbed8e787	58752
words/done-003/doc/Temp16.doc	e2c4dd1877b7335a0fca377d747b4c9e595ff4eaf938b54cf73e372eab299fc7	46045
words/done-003/docx/191216_Lesefassung_Nachtflugregelung.docx	da496d5bef40e9db6f41b0b9413dc046b84d4d82ca52c8063ac00241ce485e21	57175
words/done-003/docx/2015-April-SWIM_Users_Forum-Q&A.docx	ce2751b0f6e200c318bfaf4decc5fb18f41fe7cee5650480cb186a6c8cab005e	66059
words/done-003/docx/DRX-Ascend System Course Description.docx	060cd817509b58e35165ce074d1c1b1cd68c9a5456e8c35d1111908af6ad6422	51223
words/done-003/docx/Technical_Issue_Report_Form.docx	bc09db5d0d5864e65a29fc14b3fc130c313f6350e8fc93443bbb5e0a53362636	67091
words/done-003/docx/mde087077~283.docx	72ae16322f3627e40f5c9d59ca557f8ccf07a141edbbae860211e2ea7eaaf142	53135
words/done-004/doc/07-04.doc	845b4042763571b2f15074fdd6997cedd893211b586dd25d3e5fe1a68acd803e	69540
words/done-004/doc/2ca950374241722b8ea7c132dfce63ae.doc	be3e2461ab0c889cef2d37b21623286302736e15d9dc105d2817d05d3b858dd1	81528
words/done-004/doc/RobertQ_Service.doc	79b5d8370680de241c45f39eb786ac181d1aef566b1d06e1bc1970fe8d599ece	64069
words/done-004/doc/opic 5--Case Studies Movie and Aviation Industries.doc	2a855512a0df521d8c34074e385e690d68c883e6ef50ac30d077fb3f9073ea84	71332
words/done-004/docx/1528039320.docx	0b1c30b506c1b0897e26b3d0f5d469da7c3f5154137f18dc01a79dbdee2cfe86	53063
words/done-004/docx/461249.docx	3c937bd46de83e2aa5649a93c5b1fa817cd8409071f90f357a0afbfb737932db	77910
words/done-004/docx/How-to-Write-an-Architecture-Document-for-a-Technology-Service.docx	9e649d23d8e501ec52a40e6c457fb91dfb85937eb8025b19fd1dd75a6c7fc68a	31561
words/done-004/docx/License App Instructions 2-22.docx	4c1200a36cdc15cb9842a191ecb1280c91f90dd6744a4b53ace5e8f55908fbd7	67414
words/done-004/docx/PAT-047 - Architecture and Detailed Design Assessment.docx	aae724a269fe86b7b2ad07f79ade9d0d311a0b522374adff1f247ac6347d56bd	78666
words/done-004/docx/Software Architecture Document Template.docx	d8a16d9ea70d39d154b7a0e3169eb6de01417660f7e779b94bf046b19b9a7fc2	74230
words/done-005/doc/316r_a_e.doc	b619605cbdc40869095b548c7a5bc0fa3d00dca939abb37d1e0ef472869d68a0	97679
words/done-005/doc/316r_a_f.doc	8e4c8f62c36bf4e5abb30faaf077fab96c4e20d8e359fc06ce6fda1faaa91dbd	100019
words/done-005/doc/Theft-Restitution-Letter-Vancouver-ASC-2005.doc	dd913b973a3ae4bd7d9884f07e55f0a5866f9856f5bd91933cf22f28e76a1239	108077
words/done-005/doc/loi_format_letter_of_intent-a-320-214-a330.doc	9b43343eec69ddf3133ef4cb4a59540b47efb0b080f5f8970ed1c08b6c06fb46	77330
words/done-005/docx/2024-12_Comlux_opens_Maintenance_and_Service_Center_in_Dubai.docx	aca758046818f5b9939d955caec1f81b3253ac40e3b5b56a280aa1d9fc303773	93853
words/done-005/docx/BID_ACKNOWLEDGEMENT_FORM_FOR_A320.docx	77ffa317a89b637a726150c1e55cf86a5b2e73e116850fae8826fed35e9c5b8f	45886
words/done-005/docx/Technical Report and Technical Update Guidelines.docx	454793592386705f6733a225c76678d16152fe43623961cfce7dffdc42777bec	80651
words/done-005/docx/f445896eb008d14c1746fc37d412dc22.docx	53c6c194856258fb0685d5ec7b5abc504b856755ab82c68fc0216f9af668e12e	78643
words/done-005/docx/healthcare-reform-nsa-consumer-bulletin.docx	293d3bb0803ee89ecdcd392a2c72a829a28b6ae90805dd7aec471ca7e4530351	59677
words/done-005/docx/part-147_approval list_20230119.docx	78b739481afe0b1a36ead5e74f14dde0d98cd3b275b369a72e27689084e07836	92228
words/done-006/doc/003.doc	0fc58e262fd2f82a9a08f4e1581037ad42062bf35aed24dfe0aafaf5e9d112a4	138639
words/done-006/doc/1244277 1 Comment.doc	6d43c6b93fe0db9dca311b8ac5402d1f3bd28e56d30a868266caf8b37602581f	69547
words/done-006/doc/LHD-230-application-for-the-approval-of-an-aircraftr.doc	0ce22fd99e86e4c84649527e51f14a6d24fb4fd298690ea478ebfcfbd3dd610e	96355
words/done-006/doc/P200904290238_0238_51880.doc	5e6b0739e486bc8e4a66c4f00d7c3b34680e174b3c158e68220b2893089fd680	71815
words/done-006/doc/Wales_Office_Quarter_4_Ministerial_Transparency_Return.DOC	a6371ea35e0348ba11138ff4534763ed3447d703b16042a2c58a7f3425f6d870	69778
words/done-006/docx/62599_FRANCE-BRAZIL- Air France Flight 447 crash.docx	daf7f9801bb818db645368426b9e2c75ada851ed6a083960d2b83d9d2e6dd153	82643
words/done-006/docx/SDL_FSDO_Part91_LOA_Checklist.docx	0c47008e2aaa0d0d94d7d16f5e0570791769d7148c214d316a961ae5d2b7e713	50980
words/done-006/docx/cacs-206-1751218225.docx	a53ba9c88044a56ddece93283038022865100ff719dc587f428906f9a17fa411	41727
words/done-006/docx/healthcare-reform-nsa-provider-bulletin.docx	4fbd43c13f58d2fae55305cd26b9929e09fb309dd45652be1bb4acd4f7828c21	98202
words/done-006/docx/technical-memo-format.docx	e15e51b65fa2a2f3efde0985ccbe99a08b5cb27ef9eea8ae64d612a783a7f36b	77060
words/done-007/doc/RNW167A-150428.doc	aeba5f2f2dee7345caa6cc324719043c115f10dceb8597524c45685944b1c868	85208
words/done-007/doc/chapter 12.doc	5e3f60cfaecf9693aeed2782603bf816a06e0c264a159b51ca910292e732d2c8	114135
words/done-007/doc/congregationalhistories_ky_2023.doc	e2f3f21bede69fc5122a12b44255864ea21a19af2b859bfe199cb3a41cad9173	92894
words/done-007/docx/09.docx	c38b2ee81d987847cd4ba576f431f863aa9beb9a9ca7985659e0c127431553ca	117465
words/done-007/docx/0c662f5c948a7d81d32ffd833c5cc59421a5f522.docx	8d20926ac06f8deceb36b12551153d4a6aef6c0db98d233f11f65bba57b499a0	68866
words/done-007/docx/Press release_EUREKA labels ITEA 3 Cluster.docx	12a5da4b2b5b83be9ca292e086eb5549df2157ef3873a6de48855e53084389e3	95450
words/done-007/docx/final-technical-report-template.docx	b75c411cb67472498f40083af5ae62f7ef3ea773158c4cc0d08742a5e158b007	83417
words/done-007/docx/johnson_hall_service_log.pdf.docx	4e812736944984cc478edcb64e7c9c3d4b5754e0d4f4915881305f3134f71185	78935
words/done-007/docx/technical-report-template.docx	400cbf8c794ca48f9e29893089a30310f7d563e61c0aa54f9930c2b4c3f86f18	48431
words/done-007/docx/template-technical-report.docx	7c8dd8cd5cef0997daca7cf727f317addf3c205ba887e23c11eb76acf902d902	76251
words/done-008/doc/1245685 1 Comment.doc	57bf28577274fa185fc113df05c92e097537342ffd744d9ff99a2fc7f6276a57	78150
words/done-008/doc/2024-2nd-quarter-case-summaries.doc	965a5369822b0eb92db1944dc9036ad038a37f9c3767c074c31bd711f02e2433	104977
words/done-008/doc/FlightLaws.doc	782cbd28ebf465bd55402c950da877e9e59e3496d2fbb217fca3a3abf4ee163a	58206
words/done-008/doc/PUR-0012-UTAS-GRAMS-SPA-Template-1-25-2024.doc	427516532fca96a4b4c8e3e97e880648a6d68423b5a966108926c74c54fa586e	139336
words/done-008/docx/4400-91_Proposal_To_Lease_Space_10-2024.docx	c73752c250e574e98cd595f86958c02c4f14edecdf1f95bbac01f06e8f58fbf4	168828
words/done-008/docx/ECSS-E-ST-50-16C-Annex-A(30September2021).docx	e1a5ad2f433790aa5f9684ec60675719178fe290a20f941be979a35dc76a6617	62632
words/done-008/docx/FAA-2017-0628-0002_attachment_1.docx	a641173e110b784fc46e2b6bc726d45caa9357023f3d34cc1ffe001e3df8bda4	100283
words/done-008/docx/Lessons-Learned-Bulletin-Dorset-version-to-IIRG-V5.docx	7e231c6bc0fc8d42a6859459403eae4d5bd3846dea1ac7d74615372f12ccc49a	84760
words/done-008/docx/UAS-SGI_waiver_approval_request_form.docx	f931c91be87bee218ee854c5b9473a320d93656198c0570363a5fe1933d22cdc	245454
words/done-008/docx/draft-variation-notice-airbus-bm3965ia-v006-vs-comments.docx	38bee6d273f2e7a20234acdfe57ba871202ed831831c56a957fee5507e4d8dac	98215
words/done-009/doc/2013-op12-Annex III - Curriculum Vitae.doc	7c7f7b382e6ddcde28484623b9fb460b1045b3e0be4c0e18542dc72aa7807adf	131747
words/done-009/doc/237287_0486190101_0486190101_geolink2neu.doc	629b5e6c234ff5c6ca96ebd20c8c95c7bee68fa0a267f21c0583533258e9cf49	70553
words/done-009/doc/A380MaenPressRel.doc	f4a1301a3510a294ea2aae3b6d934dd2c5e84291aca8b0f419d7325f45dc606d	89011
words/done-009/doc/CP-ETSO template_v2020.DOC	19a6bc5f43e6f3da966f93dc1cfc129e79b0262d3025badc9d9cc619160029ec	62426
words/done-009/doc/certification-flight-standards-doc-oeb-supporting-documents-tgl-TGL26-section-5-REV10.doc	db801324428264b804a79dfa92110e796d1333e28451f6fece032d05db0b8132	65856
words/done-009/docx/Case-Study-Heathrow-Airport.docx	c51c0023d7e090305943299a35960a4c53ba97d9fa5e744b6ed09d546ae96b14	181020
words/done-009/docx/Contract_Check_Pilot_Sample_LOA.docx	9e5513ced7dad063175eb53a38ad3892f6d1e016a21481d544dde8c6489f119d	98633
words/done-009/docx/SWDD-template.docx	945d8b105bb82289c482f86da17d55ce52e73b67ffddfa9fd9ae7c98df8c93ab	99217
words/done-009/docx/form_1123_application_form_rvsm_spa.docx	96a06defc51e6630c2816155f64f6fa1bc1b6c8ea20025d231dec1e97214793c	90534
words/done-009/docx/technical report template.docx	839e48addb39f7d9340fa9e9aac80f9146361f0ecbbaae103c124bb4b485b0f6	58495
words/done-010/doc/1528364855.doc	1b547906d1c8cf2917a9bad724b226b71a154bfd080758d3e30168a6b866c930	93128
words/done-010/doc/361400CSLegislation1RF01PUBLIC1.doc	854fae1f62f523019eaececbe1d34f0c340917d264b9646b21edea2fb508d285	174263
words/done-010/doc/f111.doc	10e13c91c1a797e7929738425497c8b7092c4580490038dd8f3b777bacee46a4	106982
words/done-010/docx/195584360.docx	c249a793e4620696fcc43bd7300aad11913508c14a5bf479b672e813a585e8d8	154392
words/done-010/docx/5709.16 ch.40_mgfinal.docx	88660ff3428ffc6c97f52ad3bcb65877e5bff6959c3677938d2713ff6ef31281	156799
words/done-010/docx/Checklist for TC STC ETSO data packages to FAA_TIP rev 5.docx	85c6755fac51bf9b684a7e0882ca17eab4f7d0daae8ccbde5a8b19a7d2f9627f	91308
words/done-010/docx/FG-AI4NDM-TR-skeleton_template.docx	61a8959189b255eb3b883c50ee30e9638a62d9def446b097f400b03027f23d91	153839
words/done-010/docx/PM-apeech-Handover-of-New-Airbus-Aircraft-for-Fiji-Airways-Dec.-15th.docx	460a80fb440df1a20b2c8ac32b7380cd97a20c207bb1655e8838cc929eec7e9f	81933
words/done-010/docx/Writing a technical report (SCE subject guide).docx	a66d0aedc652eea1b7435d4e934da9a9a412c4dd376d4deb692b57de90c14107	83865
words/done-010/docx/te.iors.00048-002 SUP Questionnaire.docx	7616f59d2a103ddcb5de46b661944e1c984fe710df1ed749bd37da9649c00f9f	157759
words/done-011/doc/135.doc	42a681fbb18d04f6596d307c7fdaf49ecbbfceb702e3816c434ac3372ac82b70	127091
words/done-011/doc/AAC-AD-No-2021-01-Boeing-737-8-and-737-9-MAX.doc	e40807a4c74483c653dd88153943d1ab74baf34c9d7d17166ba106dd4c28a12e	134046
words/done-011/docx/Company-profile-2022-EN.docx	2d921927a3be59eaf7a7abd11784ead9bff5fc8800261d8535ab148d200d1416	99758
words/done-011/docx/b053-19.docx	825d316d9ba761d587723799ed16f18cdbe4900f8c5cc1911a89caa797cb8800	108957
words/done-011/docx/eTAR_External_Web_tool_Tip_Sheet_mh.docx	12846ec012cb4e157e392144ad91677898c1f824d083700a4f66f897e65346a9	119325
words/done-011/docx/f2_registro_de_aprovacao_com_pbcs_EN.docx	d5ab03f25ed86ac61f23a3c1f40d043a50804af771885b712ed934e6f0e9ceb9	158940
words/done-011/docx/monthly-content-feeder.docx	9878e7a23d111c3457dbdf69800d7b9f36207bb7e5427a74d25b5d44ea30ad1b	165380
words/done-011/docx/part-145-approval list (1).docx	fb2811880ee23e2804128ebd97fe718008455d486bb7e5dd953b026cec18c884	114434
words/done-011/docx/part-145-approval list 2025.docx	6ba83278d2df60d84f974b6346800932dd7700507aca04905b65fd6d6a229592	113984
words/done-011/docx/tibs_guidelines_2.docx	6aabff815d28992d6c730362d59446f01cd0278e18b711b783c98d9605a05377	209144
words/done-012/doc/AirbusCallouts.doc	abd31ea04c860476d47f07964fcf1a7a9cc32cbf84f65417900146067f2e68bc	145131
words/done-012/doc/RMI_Document_Repository_Public-Reprts_GettingOffOil.doc	a3feb2a94ad67bd9a44934ff85355e5bb8a653245328b821817f88d51866be4b	133730
words/done-012/docx/19-06 Assistive Technology TAB Final - 508.docx	b64eb546fdf386aa6429fec8a6c6fb4bbc8aa1dfe9ed2c95f1bf4201ef1b008a	204948
words/done-012/docx/20110608_psp.docx	c95da5b24bc90e8af43914e919fcb2471745490c663d2924d36742c10ce34498	374197
words/done-012/docx/FO.FCTOA_.000129 Application for activities related to FSTD.docx	5f9cf0621329150bf7a63a9717971163bea3208e3e024bff20fa175b104dca30	146293
words/done-012/docx/Leadership Information Article.docx	e53b183f46012dfb4ab299a56fe5c20f3dd27861d8eb0afe24f51699d8e8f554	122853
words/done-012/docx/b050-19.docx	737a4e9255e81d5b17bd1ae9128d0c9097c9d0a2a579abcb8742b1b6c78f49eb	121754
words/done-012/docx/bulletin.docx	28dfc392ff5cceb1666605fc6aeb13818c7fdd78e1e2c9583402980e9398e069	109891
words/done-012/docx/slcc-architecture-uu-architecture.docx	5fd23637ab1333cc737d990e8011b3983c051ff18b2081966070ee54e0311ef9	96776
words/done-012/docx/technical-architecture.docx	db980a797d38b47e17f496511d6b3004c3e48f68c1b74a947b005c4e1379e81c	141446
words/done-013/doc/1228841571067_2009_TPPT_13__2007_TPPT_102__R-108535759.doc	f8a8699164eb10c0047d24b117dc4cbbad973c4cd5ebf3c9e8ef96010668fbde	279733
words/done-013/doc/1257259179492_2007_TPPT_102_Supporting_Doc_2-434003080.doc	41bfa52d369ae1180eb848524c6ca7c46ffbc38ec3485b66177de9c4c53f993d	286141
words/done-013/doc/Reid.doc	893b6ec197d15a410608233af0c2e55f95bcfde99a26ad23ac1df0661d504f69	154468
words/done-013/doc/omrIMInterpretiveGuideLine.doc	5fb666d4d0b468d603060224711debd725beccbc6125b5973c3d3dfef430e736	362544
words/done-013/docx/Form-SM-76A-_-CAR-OPS-2A-Instruments-and-Equipment-Compliance-Statement-_-11.docx	a8371d5cd8c940af5402e575bab7ecb29de7d1fb2fb4f245d6955168db9cd663	279974
words/done-013/docx/SPA-11_mcar_part-11_v2.9.docx	74c1efcd6e7c64f7c0225d3a793351008509e2bae4c3936e42d2a312123bdec3	130909
words/done-013/docx/Sol PJ14-03-04 Solution Contextual.docx	7b32902ba6ee30bbfc09b8de1b4ca7e3462b240a53f51f7197620ad75ed97e3b	160566
words/done-013/docx/easa-regulations-update-20.docx	9589ed3261c6ba0fb97cd0fb5ed6d5dbca1ec3e997439e0ff14f0a380ec37368	481593
words/done-013/docx/gpp-pr-top-7-office-markets-4q-2023.docx	1e65993a0e1c7c025450f53801050450eb240a3994917a4529bdf68b90865d58	470498
words/done-013/docx/hdss-bulletin-issue-285-25-june-2025.docx	8e6c6ad7b27ac578fe87597f5f48348e97dba35d7f70f610d922c33542e683eb	316030
words/done-014/doc/300502-Mecenat-Airbus-Simusante_CHU-Amiens-Picardie.doc	2e536115135f9b12ebf92b4602cef94e20aaf807a9096bfc328f40ca20764718	431111
words/done-014/doc/644730BRI0mna000BOX361539B00public0.doc	4dcb59bdd1f7149ff0b09ac1eb3752c03347a334da4ea54453ca4e12271a072f	213796
words/done-014/doc/PK_FlugzeugeStricken.doc	5fc96cc2ecd8f84d07136d5b40804d1da6cfc2c311130fe32024cc6096049665	187812
words/done-014/docx/1603642410-MoM-CASCOM-06-2020-draft04.docx	a1c6fad1593e5d46873a28a6f375b652abb4ff1cb2081f4f08d38208a335cc70	171852
words/done-014/docx/1_tpr_template__from_fy14_.docx	dbc26a497025e3a45645698f7dcbb262b9595e1622d68cdc9e49359bd893e2da	191660
words/done-014/docx/231164_SystemDesignDocument.docx	a202ebdad99b2cb05ffd329e5b81c3480e2a7d567571cc7b9d0c8bd9ebf5deb3	162718
words/done-014/docx/AFS-050-004-F2_0i.docx	56b347507983003b2a96787b217fc14b10cbbf5a5828e513fddfe30a24ff713d	292428
words/done-014/docx/Regulations Governing the Status, Basic Rights and Duties of Officials other than Secretariat Officials, and Experts on Mission.docx	d86088ffbab789d811235ab83e22f3d775b55e71246c6203a464728f635ba4ba	153469
words/done-014/docx/exhibit-06---technical-architecture-template.docx	f2eee962eeb722ba95d41bbee72a3d31db6fa2b7060408ff1ac26e3d41aade99	172863
words/done-014/docx/fleetfastfacts16nov2023.docx	225f43b95ddab20ef461f040b1b9663f42c9d9927ec5b56df35ee55a29168b51	849748
words/done-015/doc/2013_11.doc	71079e5c1a524fa9d7f23c6b72161805c664b851c36d8103b2d74db83cffa437	212800
words/done-015/doc/SFSP_2013-02_Bulletin.doc	13d4f400773d91444c1f1ca247d3712ba33c92cc47bd54c4e3963c1a95a73073	221167
words/done-015/docx/03_Technical_Report_(progress)_template.docx	f6a95445695cb08fadf1c5b7c07c21fc4e9518bbf0c9b2823afdb4d2bd5daeec	225072
words/done-015/docx/Agile_Arc_SysDes.docx	5d09829ecdc187b5e5deda6ced2d2a5bbcb3c58078adc52a88b2182f95f27f77	525994
words/done-015/docx/DOA_Template_Form_Type_Certification_Programme.docx	6a5235eaf1f67e0405aaf0c7da9e83267841ccfa518a2610fac75a19a16e5551	594318
words/done-015/docx/JEMIT_Template.docx	005bad8a574cc08dd24848383e23e384a1ac8900ed63ac184a298516ca2d9720	330679
words/done-015/docx/PI-doc.-no.-2E-Technical-Review-Report.docx	80d64e36cf3a5e2edde10cd3c84391f2372878ac8899a69fc5d8ad99af8f7af0	624771
words/done-015/docx/Sample_SQMS_Program.docx	f5e1bd734dc8c0ae667f8fa516ae68a1d0cb5baa24d4842f72580111619fb800	215724
words/done-015/docx/airbus-pdf-information-package_v1-4.docx	64c71ef6a8c9cf47e27e4ba92a7590c91f84e45c966d6c732ffbf0e23ff62787	265623
words/done-015/docx/system_design__technical_architecture_template.docx	0fd6f83da1cb2029fd2a4aa96f4b164c87f0d92b6e7fec0a3b370032faa82573	347861
words/done-016/doc/120509coss.doc	aa256e20782b2fc48d47ff8506d1f90706d3a7ce42e9eea1da6a3ed573c48d9f	236616
words/done-016/doc/150_5335_5a.doc	dc4607e89eabeebf515cf5231353c9669b42e7946bc0d95815acaedc564454b7	419077
words/done-016/docx/AC-150-5370-10G-updated-201604.docx	06c778fd868e8dfba94bf7aeaaee3378cfb7f97237ace0e814b6f7a4971e3218	2015597
words/done-016/docx/Allegiant_Company_Profile_with_History.docx	53c060230bc6f255b48439c26f71412466254b36099b3ba9fcb23f258086e096	92482
words/done-016/docx/Annex-10-to-the-Aircraft-Maintenance-Specialist-Certification-Rule-GCAA.docx	d00e7831cbe77758b02f546ad7b9d61e34687b9ec3a89a38780c9c16216b4831	404783
words/done-016/docx/HC-Bulletin-template.docx	55b83f8cf69eb2a4c5a8838b6a2357399a03b34d3e4883683e0cac32ee29c500	366290
words/done-016/docx/PES-Technical-Report-Template_Jan_2019.docx	b989b9d15fe2dd2c60e4947bcf1218854e452155dc3b514721f6d38a6dc629e5	831427
words/done-016/docx/SPA-06_mcar_part-6_and_IS_v2.9.docx	6c6bd26de8a3e5bd99ff92352a459c895936f2912eff1cbd4e69368014150533	264771
words/done-016/docx/TE.CAO.00125 Foreign Part 145 approvals - OJT Logbook.docx	73092e4946e93c15cf487ee4b7b9bc74e23fd11e222d5bf348840d228eed9ead	171868
words/done-016/docx/dragon1-enterprise-architecture-document-example-v0.1d.docx	921d653c065f2d06c172ba98d5081f7951e64abaa1aad804f0725cde13fca166	716539
words/done-016/docx/t_TEMPforInvProgs.docx	34daee351c5bbbd14aaa2227e488fa499516ae65e7a8dba3c31b4665ddee060f	201050
words/drawingset-001/docx/WordArt_Shapes_Arrows_Catalog1.docx	304207f8034fe9d8ace40f702f38555a0a33bd51dadfb8a8f98d071081955069	226574
words/extra-001/doc/762.doc	c2deb4ae5b74ed34e3eeced29b890a6d7d23aa1c1f78540ae31287ae1d0a2c22	265995
words/extra-001/doc/info-bulletin-601.doc	a4e43ffd47ec6a1aef5e52c064799bee0c42c23f64371cea99f89a60c7bd79f7	508643
words/extra-001/docx/ABCD-SDE-23-00 - Avionic System Description - 17.02.16 - v1.docx	f611825121b3008b28ef9711978c40b95b3513a5a01a33b87147e0c476c8f74f	1481259
words/extra-001/docx/ABCD-WB-08-00 Weight and Balance Report - v1 08.03.16.docx	976eb5b15cf5050cce61254c41377145b98049242bdd2cc0cc65ce37d7ac7a81	576548
words/extra-001/docx/UG.CAO.00006 Foreign Part 145 approvals - User Guide for Applicants & Approval Holders.docx	341b127611dc57209219640c654285fbedfe6392ac67a3a28969fd12c437041c	219917
words/extra-001/docx/UG.CAO.00133 Foreign Part 145 approvals - Language.docx	6e7fae2f4c27b6477886eb4bbae2b8f5b42e6dbb55d76609c3c8cc91a1bc15e3	156378
words/metrics-001/doc/A320SimNotes.doc	a1892f0ad58dc213891c2fbdaf1dc640196d99ca20e608a8018a687e3b801050	218700
words/metrics-001/doc/手机免提系统TSB.doc	14be03041c047ff2c5238c71db212251ea43b947c20d967dc7eb791db6332125	119104
words/metrics-001/docx/02_mcar_part-2_and_IS_v2.10.docx	4a6eff2b48834617172b401eee61341e7a848f96fa213ba81477addfb0eedaeb	568341
words/metrics-001/docx/AWR OPS-AOC 044 Statement of Compliance RVSM  Rev 04 01 Feb 2024.docx	bc9703cb07fcfa9e37a9ca943ea4b5b85f57d8b623de38fe62eb307c76ead4ac	256766
words/metrics-001/docx/FRE-03_mcar_part-3_and_IS_v2.9.docx	e91cd480dc8cb1f78adfaba16d9e4f9d90a02311a103e8a7c6a1c08586fa13af	418609
words/metrics-001/docx/OM template for non-complex NCC operators_August 2016.docx	ba52b2bf84cba098529074c30c0c684b554a24018698381c4f490778e93e57c6	812600
words/metrics-001/docx/SPA-02_mcar_part-2_and_IS_v2.9.docx	13a6cda902202dd84553b8d6334ad6168fd2c71147670b7069e7cdc9be9152f6	578312
words/metrics-001/docx/review-welsh-government-communications-mister-peter-mandelson.docx	35ff516550ff5bf08fb24dcc052aa2eb4571736c31d862f937d15c5468a572b4	113067
words/missing-001/docx/33004.docx	50675bee17df13001510d3353d19ef13d12a501ee11a7e1d605f8aa6a71596ed	1135381
words/missing-001/docx/May 25 bulletin focus on carers in the workplace.docx	151738c919d941422fd1bc7ef0a079ba6e80c36ae72870ab24a0ec15cd389672	624306
words/missing-001/docx/xx_SETIS_PWS_template_10.19.22.docx	fcb33dc59b9412824fd2ddd1876452410c0505f1f55892d3770533b0a4b2b963	196277
words/missing-002/docx/CRIF - SpÃ©cification technique - Socle applicatif.docx	dac2bede54650924f3108c05a948926f77c4e91abb74cf28f129b8ff04b44e35	436394
words/pagination-001/doc/1447.doc	a81d7e3d38fef44f3df34f237010808f1af7cb794133dc643a62dd84b1d64f19	66358
words/pagination-001/doc/A_320.doc	8c85e389a68b344d89fb4e0c4e16c418897d2e84babe4991059ff1119255af79	308403
words/pagination-001/docx/24-25_FAA_Holdover_Tables.docx	10e88adb5e0aab281af599a327fa6d3a8248550d3ef91ffa40a9c4e077b4efc5	661028
words/pagination-001/docx/ESPN-R - MCF - Manual - Ed1.0 - For Publication.docx	537478b03df8cc3995ab617a217a1edfbce97533705403e4472e64103a2b4b3b	300085
words/pagination-001/docx/ESPN-R - MCF - RA - Ed1.docx	11553059a184d59d943cb5b481cba2ac3558ea69be9ff830d702043e607cdcd9	371769
words/pagination-001/docx/FAA 2025-26 Holdover Tables.docx	ac7bd825420a44deb9b7782c1957091255955345a3eafbfe7d6602d31de18a4b	741639
words/pagination-001/docx/FO.FCTOA.00010 Application for a Part-ORA ATO Approval.docx	f6cf230c19df6095a0912e817540abca2c8dc9a7e99338ed1a37cc32c2d13f97	124661
words/pagination-001/docx/report-template.docx	605489b69b3dccead27b84bc67023728f5d02a912901483d04f1a2c948fc07e7	860819
words/pagination-001/docx/template---tpr-technical-progress-report-with-guidance.docx	75e8c19bfee3e8cb9c0994c41481cd8907cfcceb30fe843ce77287bd75db6556	125994
words/pagination-002/doc/150_5300_13_chg12.doc	83028b65f97e9358ece236f89dc25571cb090b6e95735a75713c9c898ab804e3	1641534
words/pagination-002/doc/absrc-pac-01-info-note-en.doc	7107320fbc9d82feec40879da38f45088b555d3a5b3ef3f46f05652f7b8d5e22	375865
words/pagination-002/docx/docs-quality-MA.IMS.00001-Integrated-Management-System-manual.docx	b57c1114e75743ff385bba52b1a22947963d8c3638f4d32828f5297c13940d31	1774627
words/pagination-003/docx/150-5370-10H.docx	7c8aa2e6d3fcfd31545df6414018d917d9bc2198d9e43a4a92595a2faf50f49c	2012920
words/pagination-003/docx/EHEST-SMS-Safety-Management-Manual-V2.docx	d2b8625100bc02683bbc28a51d8a32c90729dfd45ee25b3c730e43cf5efd6193	627483
words/table-001/doc/150_5300_13_chg10.doc	f5b5e0373fc932a4eebd88ef334d3a98de8fdafa0f25e5ed5c166e6d4d5d95e4	1399499
words/table-001/docx/A1. EASA Form 2.docx	f9da5f203565a5b894c054cdb28440442f9d3aad32f7763645c3848f9750cc60	134372
words/table-001/docx/B11. TE.CAO.00129  Experience  logbook.docx	b2cfb93db1eb6e05e93e7de5f856fb2d1c1e086634704e140bf4f45f6759f33a	142222
words/table-001/docx/approvals-and-standardisation-organisation-approvals-docs-part-145-annex-B-B11.-TE.CAO.00129-Foreign-Part-145-approvals---Experience--logbook.docx	efdbd73b5313e4f39abf5df4d8a057c769149708738e51bb500f8fd8151ca9ba	115988
