sheets/ceiling-001/ods/2017-04-27-Lease-Transition-Records-Checklist-FINAL-1.ods	ods	5/5	2323/2498	2/4	0	match	2364/2545	13250/13250
sheets/ceiling-001/ods/2020-01-29-Lease-Transition-Records-Checklist-FINAL-1.ods	ods	5/5	2323/2498	2/4	0	match	2364/2545	13250/13250
sheets/ceiling-001/ods/Template Pilot Logbook JAR-FCL V3.0.ods	ods	38/38	1311/1531	4/4	0	words	1318/1610	5203/5643
sheets/chartset-001/ods/005_advanced_excel_area.ods	ods	3/3	137/137	3/3	0	match	137/137	445/447
sheets/chartset-001/ods/022_advanced_excel_scatter.ods	ods	3/3	130/129	3/3	0	match	130/129	422/423
sheets/chartset-001/ods/032_advanced_excel_radar.ods	ods	3/3	121/121	3/3	0	match	121/121	409/412
sheets/ceiling-001/ods/EASA-IFP-WEBLISTNOODATA-ListsofForeignapprovals(WEB)_NewChart_2022-08-05-03-31-32.ods	ods	18/19	4931/5172	1/1	0	pages	4994/5235	31382/31376
sheets/chartset-002/ods/007_advanced_excel_bubble.ods	ods	3/3	128/127	3/3	0	match	128/127	420/418
sheets/chartset-001/ods/002_advanced_excel_line.ods	ods	3/3	142/142	3/3	0	match	142/142	465/466
sheets/chartset-002/ods/013_advanced_excel_area.ods	ods	3/3	136/137	3/3	0	match	136/137	432/433
sheets/chartset-001/ods/016_advanced_excel_radar.ods	ods	3/3	124/124	3/3	0	match	124/124	421/422
sheets/chartset-002/ods/027_advanced_excel_pie.ods	ods	3/3	130/140	3/3	0	words	131/140	404/451
sheets/chartset-001/ods/028_advanced_excel_doughnut.ods	ods	3/3	112/113	3/3	0	match	112/113	372/374
sheets/chartset-003/ods/004_advanced_excel_doughnut.ods	ods	3/3	113/113	3/3	0	match	113/113	373/375
sheets/chartset-002/ods/003_advanced_excel_pie.ods	ods	3/3	133/143	3/3	0	words	133/143	430/479
sheets/chartset-003/ods/015_advanced_excel_bubble.ods	ods	3/3	128/128	3/3	0	match	128/128	427/428
sheets/chartset-002/ods/012_advanced_excel_doughnut.ods	ods	3/3	116/116	3/3	0	match	116/116	399/400
sheets/chartset-003/ods/020_advanced_excel_doughnut.ods	ods	3/3	113/113	3/3	0	match	113/113	373/374
sheets/chartset-002/ods/026_advanced_excel_line.ods	ods	3/3	136/136	3/3	0	match	136/136	452/454
sheets/chartset-003/ods/031_advanced_excel_bubble.ods	ods	3/3	126/127	3/3	0	match	126/127	403/404
sheets/chartset-002/ods/034_advanced_excel_line.ods	ods	3/3	137/137	3/3	0	match	137/137	464/465
sheets/chartset-003/ods/014_advanced_excel_scatter.ods	ods	3/3	131/130	3/3	0	match	131/130	430/432
sheets/chartset-004/ods/019_advanced_excel_pie.ods	ods	3/3	130/140	3/3	0	words	130/140	425/476
sheets/chartset-003/ods/018_advanced_excel_line.ods	ods	3/3	136/136	3/3	0	match	136/136	446/447
sheets/chartset-004/ods/microsoft_learn_multi_chart_examples.ods	ods	5/5	222/217	3/3	0	match	222/217	794/798
sheets/chartset-003/ods/029_advanced_excel_area.ods	ods	3/3	137/137	3/3	0	match	137/137	442/444
sheets/chartset-005/ods/067_Basic_invoice_Use_this_template_1d35c3e9.ods	ods	1/1	79/75	2/2	0	match	79/75	413/405
sheets/chartset-004/ods/010_advanced_excel_line.ods	ods	3/3	137/137	3/3	0	match	137/137	460/461
sheets/chartset-005/ods/091_Volunteer_Sign_Up_Sheet_Template_Colored_Background_2cb58d01.ods	ods	1/1	62/62	2/2	0	match	64/64	258/258
sheets/chartset-004/ods/DynamicBubbleChart.ods	ods	5/5	339/341	3/3	0	match	341/343	1720/1728
sheets/chartset-005/ods/096_Volunteer_Sign_Up_Sheet_Template_Green_Theme_b4f1809d.ods	ods	1/1	174/174	1/1	0	match	175/175	1050/1050
sheets/chartset-005/ods/022_Pareto_Chart_Template_-_Pareto_Analysis_in_Excel_with_Pareto_Diagram_82b5a874.ods	ods	2/2	190/191	2/2	0	match	204/205	937/937
sheets/chartset-006/ods/006_Contextures_chart_sample_afa23b53.ods	ods	5/5	160/169	3/2	0	words	161/170	788/816
sheets/chartset-005/ods/074_Idea_planner_bacaa123.ods	ods	1/1	110/106	2/2	0	match	110/106	570/562
sheets/chartset-006/ods/044_Cash_flow_forecast_Use_this_template_b8fa1f35.ods	ods	5/5	399/438	2/1	0	words	426/638	2213/2336
sheets/chartset-005/ods/095_Volunteer_Sign_Up_Sheet_Template_Fillable_Format_b3330009.ods	ods	1/1	293/293	2/2	0	match	294/294	1784/1784
sheets/chartset-006/ods/070_Equipment_inventory_list_Use_this_template_fd524c8a.ods	ods	1/1	250/208	3/4	0	words	250/208	1211/1028
sheets/chartset-006/ods/005_Contextures_chart_sample_6e279b08.ods	ods	8/8	300/300	3/2	0	match	307/307	1456/1456
sheets/chartset-007/ods/003_Contextures_chart_sample_9bda2719.ods	ods	6/6	300/300	3/2	0	match	309/309	1426/1426
sheets/chartset-006/ods/014_Contextures_chart_sample_991ecfc5.ods	ods	3/3	106/105	4/4	0	match	119/117	566/561
sheets/chartset-007/ods/050_Financial_vision_d44241e1.ods	ods	1/1	75/75	3/2	0	match	76/76	400/400
sheets/chartset-006/ods/061_Regional_sales_chart_cb9eb690.ods	ods	1/1	110/106	3/2	0	match	111/107	432/424
sheets/chartset-007/ods/063_Sales_pipeline_aec57013.ods	ods	1/1	43/39	4/4	0	match	43/39	187/179
sheets/ceiling-001/ods/EASA-IFP-145Scope(WEB)_ALL_ValidF145SOA_2022-12-16-04-31-58_0.ods	ods	111/114	32249/34591	1/1	0	pages	32445/34787	188829/188791
sheets/chartset-006/ods/089_Vintage_inventory_list_Use_this_template_f616cac0.ods	ods	1/1	60/56	2/2	0	match	60/56	244/236
sheets/chartset-007/ods/090_Weekly_time_sheet_Use_this_template_0499cc43.ods	ods	1/1	118/114	2/2	0	match	118/114	577/569
sheets/chartset-001/ods/001_advanced_excel_bar.ods	ods	3/3	142/142	3/3	0	match	142/142	471/472
sheets/chartset-007/ods/040_Blood_pressure_tracker_872b6833.ods	ods	1/1	168/164	3/2	0	words	169/165	698/719
sheets/chartset-001/ods/006_advanced_excel_scatter.ods	ods	3/3	130/129	3/3	0	match	130/129	418/420
sheets/chartset-007/ods/058_Social_media_engagement_data_cfa1cb18.ods	ods	1/1	78/185	3/2	0	words	78/185	356/490
sheets/chartset-008/ods/023_Waterfall_Chart_Template_for_Excel_349f7689.ods	ods	5/5	898/827	4/4	0	words	905/834	3716/3568
sheets/chartset-001/ods/025_advanced_excel_bar.ods	ods	3/3	139/140	3/3	0	match	139/140	439/440
sheets/chartset-007/ods/083_Project_tracker_Use_this_template_b38d057c.ods	ods	2/2	194/194	2/2	0	match	194/194	926/932
sheets/chartset-008/ods/051_Manufacturer_defect_analysis_53db27ea.ods	ods	1/1	73/69	2/2	0	match	74/70	328/320
sheets/chartset-001/ods/033_advanced_excel_bar.ods	ods	3/3	139/139	3/3	0	match	139/139	453/454
sheets/chartset-008/ods/094_Volunteer_Sign_Up_Sheet_Template_Editable_Format_6711b281.ods	ods	1/1	163/163	2/2	0	match	164/164	832/832
sheets/chartset-002/ods/011_advanced_excel_pie.ods	ods	3/3	131/140	3/3	0	words	131/140	411/457
sheets/chartset-008/ods/021_Control_Chart_Template_-_Create_Control_Charts_in_Excel_fd3b1a5d.ods	ods	5/5	900/921	4/4	0	match	909/930	3665/3695
sheets/chartset-002/ods/021_advanced_excel_area.ods	ods	3/3	137/137	3/3	0	match	137/137	453/455
sheets/chartset-008/ods/046_Cost_analysis_with_Pareto_chart_7db5ef69.ods	ods	1/1	239/153	4/3	0	words	264/154	598/625
sheets/chartset-009/ods/018_Weight_Loss_Chart_-_Free_Printable_Weight_Loss_Charts_and_Weight_Log_3337bd0a.ods	ods	10/10	924/958	2/2	0	match	937/1003	4722/4809
sheets/chartset-002/ods/030_advanced_excel_scatter.ods	ods	3/3	131/130	3/3	0	match	131/130	421/421
sheets/chartset-008/ods/092_Volunteer_Sign_Up_Sheet_Template_Complete_Guide_31fe4d22.ods	ods	1/1	119/119	2/2	0	match	120/120	782/782
sheets/chartset-003/ods/008_advanced_excel_radar.ods	ods	3/3	121/121	3/3	0	match	121/121	413/415
sheets/chartset-009/ods/041_Business_budget_ef942467.ods	ods	4/4	233/230	4/2	0	match	233/230	1338/1359
sheets/chartset-003/ods/017_advanced_excel_bar.ods	ods	3/3	143/143	3/3	0	match	143/143	487/488
sheets/chartset-009/ods/075_Idea_planner_tasks_f44ebd73.ods	ods	1/1	93/87	2/2	0	words	98/92	512/485
sheets/chartset-009/ods/015_Free_Gantt_Chart_Template_for_Excel_414e86bf.ods	ods	8/8	1986/1986	3/3	0	match	2025/2025	8640/8640
sheets/chartset-003/ods/024_advanced_excel_radar.ods	ods	3/3	121/121	3/3	0	match	121/121	421/423
sheets/chartset-010/ods/047_Date_tracker_Gantt_chart_bf34f3a8.ods	ods	8/8	849/864	5/4	0	match	853/868	3551/3538
sheets/chartset-009/ods/029_Annual_budget_Use_this_template_30324a97.ods	ods	2/2	207/312	4/3	0	words	207/312	791/914
sheets/chartset-004/ods/009_advanced_excel_bar.ods	ods	3/3	147/147	3/3	0	match	147/147	493/495
sheets/chartset-010/ods/069_Blue_modern_balance_sheet_Use_this_template_6b4d70d3.ods	ods	4/4	174/174	2/2	0	match	176/176	1091/1091
sheets/chartset-004/ods/023_advanced_excel_bubble.ods	ods	3/3	128/127	3/3	0	match	128/127	426/425
sheets/chartset-009/ods/056_Quarterly_sale_report_baa6bb0d.ods	ods	4/4	136/135	4/3	0	match	174/248	633/629
sheets/chartset-010/ods/079_Org_charts_visual_248d1dcf.ods	ods	3/3	285/286	3/3	0	match	289/290	1828/1828
sheets/chartset-005/ods/004_Contextures_chart_sample_de7c0671.ods	ods	4/4	235/218	3/2	0	words	238/221	909/882
sheets/chartset-009/ods/085_Simple_Gantt_chart_d65b8377.ods	ods	3/3	663/659	4/4	0	match	665/661	3064/3059
sheets/chartset-010/ods/100_Volunteer_Sign_Up_Sheet_Template_Tabular_Format_0975f34e.ods	ods	1/1	129/129	2/2	0	match	132/132	687/687
sheets/chartset-005/ods/073_Graph_paper_6e1a30eb.ods	ods	4/4	76/76	2/2	0	match	76/76	371/371
sheets/chartset-010/ods/065_Weight_loss_tracker_ff1c89af.ods	ods	2/2	79/63	4/3	0	words	79/63	354/320
sheets/chartset-005/ods/093_Volunteer_Sign_Up_Sheet_Template_Customizable_Format_3a4d6b58.ods	ods	1/1	120/120	1/1	0	match	120/120	592/592
sheets/chartset-011/ods/028_Budget_summary_report_4aeefd13.ods	ods	4/4	531/532	6/6	0	words	540/541	2931/3038
sheets/chartset-010/ods/078_Modern_inventory_list_Use_this_template_41abd5bf.ods	ods	1/1	306/306	1/1	0	match	318/318	1073/1073
sheets/chartset-005/ods/098_Volunteer_Sign_Up_Sheet_Template_Simple_Layout_080a06a1.ods	ods	1/1	293/293	2/2	0	match	344/344	1593/1593
sheets/chartset-011/ods/057_Simple_balance_sheet_Use_this_template_e2d4cbb2.ods	ods	3/3	461/278	4/2	0	words	463/281	2179/1877
sheets/chartset-010/ods/086_Simple_grey_invoice_Use_this_template_063b3773.ods	ods	1/1	106/102	5/5	0	match	106/102	475/467
sheets/chartset-006/ods/011_Contextures_chart_sample_599b4392.ods	ods	4/4	159/159	4/4	0	match	165/165	1102/1102
sheets/chartset-011/ods/071_Four-week_project_timeline_Use_this_template_4f05db49.ods	ods	2/2	186/182	3/3	0	match	186/182	596/588
sheets/chartset-011/ods/010_Contextures_chart_sample_e6ea06a3.ods	ods	4/4	172/175	5/4	0	match	173/176	981/996
sheets/chartset-006/ods/052_Manufacturing_output_chart_88570318.ods	ods	1/1	77/204	3/2	0	words	77/207	357/491
sheets/chartset-006/ods/088_To-do_list_with_progress_tracker_Use_this_template_8c438912.ods	ods	1/1	75/69	2/2	0	words	77/70	330/314
sheets/chartset-012/ods/009_Contextures_chart_sample_adcb3f6c.ods	ods	9/9	222/220	5/5	0	match	236/234	1257/1243
sheets/chartset-011/ods/042_Business_monthly_budget_4e4d092f.ods	ods	4/4	274/268	3/2	0	match	275/269	1575/1567
sheets/chartset-012/ods/020_Free_Blood_Pressure_Chart_and_Printable_Blood_Pressure_Log_8f8dcc39.ods	ods	6/6	132/133	4/4	0	match	137/138	978/987
sheets/chartset-007/ods/037_Personal_money_tracker_a57957bb.ods	ods	4/4	502/496	6/5	0	match	506/500	2446/2443
sheets/chartset-012/ods/068_Blue_inventory_list_Use_this_template_f9908489.ods	ods	4/4	350/349	2/2	0	match	354/353	1189/1199
sheets/chartset-007/ods/054_Problem_analysis_with_Pareto_chart_11058329.ods	ods	1/1	65/61	2/2	0	match	66/62	307/299
sheets/chartset-011/ods/066_Agile_Gantt_chart_08f9de45.ods	ods	5/5	957/957	2/2	0	match	961/961	3090/3092
sheets/chartset-007/ods/082_Project_to_do_list_28f80082.ods	ods	2/2	237/237	2/2	0	match	243/243	1127/1126
sheets/chartset-012/ods/002_Contextures_chart_sample_f605e7bc.ods	ods	8/8	519/519	5/4	0	match	531/531	1953/1953
sheets/chartset-013/ods/001_Contextures_chart_sample_b089bc34.ods	ods	13/13	739/683	5/4	0	words	870/814	2982/2902
sheets/chartset-008/ods/008_Contextures_chart_sample_7ea7a1d7.ods	ods	3/3	165/165	4/3	0	match	166/166	751/751
sheets/chartset-012/ods/013_Contextures_chart_sample_21b98e22.ods	ods	5/5	164/164	5/4	0	match	171/171	801/812
sheets/chartset-008/ods/034_Personal_net_worth_calculator_f7b8fb57.ods	ods	7/7	168/161	4/3	0	words	175/199	1111/1069
sheets/chartset-012/ods/036_Simple_to-do_list_Use_this_template_ba44373b.ods	ods	4/4	78/77	2/1	0	match	78/77	348/349
sheets/chartset-013/ods/032_Business_expenses_budget_d377eaab.ods	ods	4/4	823/823	5/4	0	match	948/1640	4873/4873
sheets/chartset-008/ods/055_Project_timeline_with_milestones_Use_this_template_546cecc0.ods	ods	2/2	119/197	2/2	0	words	119/197	680/934
sheets/chartset-012/ods/097_Volunteer_Sign_Up_Sheet_Template_Professional_Format_075d06ed.ods	ods	1/1	141/141	3/3	0	match	142/142	941/941
sheets/chartset-008/ods/099_Volunteer_Sign_Up_Sheet_Template_Stylish_Format_c0cc35a6.ods	ods	1/1	187/187	2/2	0	match	188/188	1054/1054
sheets/chartset-013/ods/043_Buy_a_car_vs._rideshare_ff07c7e6.ods	ods	7/7	322/322	3/2	0	match	332/332	1412/1422
sheets/chartset-013/ods/087_Simple_personal_budget_3cf9b1af.ods	ods	3/3	657/657	1/1	0	match	657/657	2856/2856
sheets/chartset-009/ods/024_Free_Kids_Chore_Chart_Template_ad74bb34.ods	ods	3/3	188/188	4/4	0	match	195/195	1153/1153
sheets/chartset-013/ods/031_Business_expense_budget_f3a46278.ods	ods	8/8	1459/1457	4/2	0	match	1459/1457	7714/7699
sheets/chartset-009/ods/053_Personal_asset_inventory_5446d84b.ods	ods	4/2	61/45	4/3	0	pages,words	61/45	263/226
sheets/chartset-013/ods/035_Project_plan_for_law_firms_aa2d4462.ods	ods	4/4	672/752	7/6	0	words	679/761	3482/3879
sheets/chartset-009/ods/081_Project_performance_report_Use_this_template_be2468b3.ods	ods	2/2	558/554	3/3	0	match	572/568	2034/2032
sheets/chartset-013/ods/059_Milestone_and_task_project_timeline_Use_this_template_24f1e8f1.ods	ods	3/3	389/389	5/4	0	match	396/396	1935/1935
sheets/chartset-014/ods/025_Printable_Reward_Charts_for_Kids_-_Reward_Chart_Template_aabacd93.ods	ods	5/5	118/118	4/4	0	match	123/123	713/713
sheets/chartset-010/ods/062_Run_chart_cb7476ea.ods	ods	2/2	246/218	4/5	0	match	247/219	661/648
sheets/chartset-010/ods/072_Gantt_project_planner_dde00e33.ods	ods	1/1	287/283	5/5	0	match	289/285	788/780
sheets/chartset-014/ods/017_Timeline_Templates_for_Excel_b88faee6.ods	ods	2/3	144/182	4/4	0	pages,words	146/184	800/969
sheets/chartset-014/ods/039_Baby_growth_tracker_e295ae56.ods	ods	2/2	195/190	3/4	0	match	195/190	590/583
sheets/chartset-010/ods/084_Service_invoice_Use_this_template_c92b43dc.ods	ods	3/3	202/212	2/2	0	words	204/215	1170/1231
sheets/chartset-014/ods/038_Baby_growth_chart_bb9cd672.ods	ods	2/2	191/186	3/4	0	match	191/186	561/554
sheets/chartset-014/ods/064_Small_business_cash_flow_Use_this_template_0a640756.ods	ods	7/7	441/520	3/3	0	match	441/520	1803/1776
sheets/chartset-011/ods/007_Contextures_chart_sample_667d8e47.ods	ods	7/7	480/480	3/3	0	match	483/483	1849/1849
sheets/done-001/ods/Airplanes-MTOW.ods	ods	6/6	871/871	1/1	0	match	871/871	4501/4501
sheets/chartset-011/ods/030_Basic_balance_sheet_Use_this_template_10ed9144.ods	ods	8/8	284/271	5/4	0	words	284/271	1683/1624
sheets/chartset-014/ods/048_Expense_trends_budget_18d1e8ba.ods	ods	14/14	914/881	5/4	0	words	914/881	4083/3986
sheets/done-001/ods/Geo_Abschlussarbeiten.ods	ods	3/3	635/635	2/2	0	match	636/636	4734/4734
sheets/chartset-011/ods/060_Monthly_company_budget_47b2a99a.ods	ods	4/4	282/281	3/2	0	match	283/282	1668/1659
sheets/done-001/ods/RPD 155 REDAC SCHEDULE 2014-04-02.ods	ods	1/1	139/139	3/3	0	match	142/157	492/492
sheets/done-001/ods/16424782563923.ods	ods	3/3	843/843	2/2	0	match	843/843	4546/4546
sheets/chartset-011/ods/077_Inventory_list_with_highlighting_Use_this_template_36d8d57a.ods	ods	1/1	335/335	1/1	0	match	335/335	1070/1070
sheets/done-002/ods/(5000021142)-(subc0226)-criminology-subject-collection-list.ods	ods	3/3	596/596	2/2	0	match	604/604	4732/4732
sheets/done-001/ods/FMMO_NMPF_37C.ods	ods	1/1	215/215	2/2	0	match	218/218	1327/1327
sheets/chartset-012/ods/012_Contextures_chart_sample_9900da76.ods	ods	5/5	120/122	5/4	0	match	121/123	615/622
sheets/done-001/ods/REDAC_SCHEDULE_RPD_135.ods	ods	1/1	171/171	3/3	0	match	180/204	486/486
sheets/done-001/ods/oltl-bulletin-59-26-03-ptr-sc-registration-form-for-oltl-approved-software.ods	ods	1/1	43/43	2/2	0	match	44/44	245/245
sheets/done-002/ods/2012-GA-Survey-Chapter-6-Tables-16Dec2013-V2.ods	ods	5/5	624/624	2/3	0	match	627/627	2986/2986
sheets/done-002/ods/AIRBUS_station_evaluation_checklist_v2.ods	ods	1/1	527/527	2/2	0	match	544/544	2854/2854
sheets/done-002/ods/P1636e.ods	ods	2/2	344/344	2/2	0	match	344/344	1514/1515
sheets/chartset-012/ods/026_Monthly_cash_flow_statement_Use_this_template_8aaebea1.ods	ods	11/11	1489/1535	2/2	0	words	1489/1535	7571/7852
sheets/done-002/ods/REDAC_SCHEDULE_RPD_137.ods	ods	2/2	497/497	3/3	0	match	530/612	1697/1697
sheets/done-002/ods/WEBSITE-RESOURCE-LIST-by-CATEGORY-4-6-18-341pm.ods	ods	1/1	521/521	2/2	0	match	538/538	3226/3226
sheets/chartset-012/ods/080_Profit_and_loss_income_statement_3566dae9.ods	ods	3/3	1185/1185	3/3	0	match	1230/1230	3633/3633
sheets/done-002/ods/e-pass-contact-details-template.ods	ods	4/4	27/27	1/1	0	match	27/27	147/147
sheets/done-003/ods/4-12-Kings-Attachment-13-Application-Architecture-Security-Requirements.ods	ods	6/6	1503/1503	2/2	0	match	1515/1515	9774/9774
sheets/done-003/ods/NPA_21_21_Sentenced_Comments.ods	ods	2/2	967/974	3/3	0	match	975/982	4593/4646
sheets/done-003/ods/Air_Boss_Master_List.ods	ods	5/5	507/521	1/2	0	match	509/523	2775/2820
sheets/done-003/ods/RPA-Budgets-FY-17-19-20.ods	ods	4/4	667/667	2/2	0	match	733/1041	4050/4050
sheets/done-003/ods/disclosures_ecm.ods	ods	1/1	3517/3517	3/3	0	match	3534/3534	19226/19226
sheets/chartset-013/ods/019_Free_Blood_Sugar_Chart_for_Excel_-_Track_Your_Blood_Sugar_Level_36f4a782.ods	ods	9/9	732/872	6/6	0	words	778/918	3278/3660
sheets/done-003/ods/programs contact list as of 07-01-10.ods	ods	3/3	943/943	2/2	0	match	949/949	3789/3789
sheets/chartset-013/ods/033_Event_planning_tracker_Use_this_template_f29a848e.ods	ods	3/3	498/564	5/5	0	match	499/565	2678/2678
sheets/done-004/ods/EU_145s_with_TCCA_approval_-_31.01.2025.ods	ods	12/12	2441/2442	1/1	0	match	2463/2464	16960/16960
sheets/done-004/ods/Estero Rotary Awards.ods	ods	2/2	212/212	2/2	0	match	213/213	1221/1221
sheets/done-004/ods/List-of-Members-August-2017.ods	ods	10/10	1674/1674	2/2	0	match	1702/1702	10305/10305
sheets/chartset-013/ods/049_Expenses_calculator_c351f3d0.ods	ods	4/4	326/332	5/5	0	match	328/334	1526/1548
sheets/done-004/ods/NorwegianXPensionXFundXanalysisXexportsXandXLAWS-1.ods	ods	8/8	729/729	3/3	0	match	734/734	4210/4208
sheets/done-004/ods/UAE Type Accepted Aircraft Models.ods	ods	6/6	760/760	2/2	0	match	761/761	3934/3934
sheets/done-004/ods/Travel-Cost-Estimate-Calculator.ods	ods	3/3	193/193	3/3	0	match	201/201	1024/1024
sheets/chartset-014/ods/016_Free_Organizational_Chart_Template_-_Company_Organization_Chart_db913144.ods	ods	4/4	202/202	2/2	0	match	209/209	1419/1419
sheets/done-004/ods/permit-applications-determined-july-2015.ods	ods	1/1	1315/1315	2/2	0	match	1323/1323	8052/8052
sheets/done-005/ods/Background_Declaration_Template.ods	ods	25/25	180/180	3/3	0	match	181/181	853/853
sheets/done-005/ods/Praktikastellen_-_chinesischsprachiger_Kulturraum.ods	ods	34/34	1761/1761	2/2	0	match	1820/1820	12112/12112
sheets/chartset-014/ods/027_Simple_personal_cash_flow_statement_675c6584.ods	ods	11/10	1481/1564	5/4	0	pages,words	1481/1564	7585/7949
sheets/done-005/ods/arp-sop-300-Exhibit-A-Table-Templates.ods	ods	17/11	3560/3665	2/2	0	pages,words	3629/3736	18968/19784
sheets/done-005/ods/Part_129_Operators.ods	ods	20/23	4186/4272	1/2	0	pages	4191/4277	19223/19595
sheets/chartset-014/ods/045_Check_register_with_chart_4becb8a0.ods	ods	1/1	119/119	4/4	0	match	128/150	764/764
sheets/done-005/ods/apron-area.ods	ods	3/3	395/417	2/2	0	words	408/431	1726/1814
sheets/done-005/ods/esurf-12-135-2024-t01.ods	ods	1/1	123/124	1/1	0	match	123/124	658/658
sheets/done-006/ods/Hazard Analysis Template.ods	ods	2/3	456/679	4/4	0	pages,words	459/682	2131/3313
sheets/chartset-014/ods/076_Inventory_list_accessibility_guide_Use_this_template_f43dab19.ods	ods	9/9	1110/1091	3/3	0	words	1120/1096	4927/4782
sheets/done-006/ods/Published_Issuances_2024.ods	ods	1/1	479/479	4/4	0	match	481/481	4294/4294
sheets/done-001/ods/ExampleWhiteListData.ods	ods	6/6	819/819	1/1	0	match	821/821	5326/5326
sheets/done-005/ods/june_2025_published.ods	ods	14/15	12936/12936	2/2	0	pages	13191/13191	90883/90883
sheets/done-001/ods/Patent Index 2024 - Top 100 applicants 2024.ods	ods	1/1	441/441	2/2	0	match	444/444	1627/1627
sheets/done-001/ods/einvoice-summary-worksheet.ods	ods	2/2	107/107	2/2	0	match	203/298	589/589
sheets/done-006/ods/Infotabelle_WLAN im Flugzeug.ods	ods	4/4	363/363	2/2	0	match	410/411	2025/2025
sheets/done-002/ods/2012-GA-Survey-Chapter-5-Tables-16Dec2013-V2.ods	ods	3/3	495/495	3/3	0	match	529/529	2447/2447
sheets/done-006/ods/SSRO_Quarterly_Statistical_Bulletin_Q3201617_DATA.ods	ods	7/4	256/537	4/5	0	pages,words	256/537	1244/2779
sheets/done-002/ods/Chicago.List.2025.ods	ods	3/3	1347/1347	2/2	0	match	1348/1348	8811/8811
sheets/done-006/ods/ZenithAviation_AuctionList.ods	ods	33/33	6621/6621	2/2	0	match	6626/6626	34246/34246
sheets/done-002/ods/Upload__hvv_Linie_150_2023.ods	ods	1/1	237/237	1/1	0	match	237/237	932/932
sheets/done-007/ods/114339-PROP-P127508-PUBLIC-PPCRNARCPPforPublication.ods	ods	21/21	2329/2326	3/3	0	match	2371/2368	14213/14205
sheets/done-003/ods/00514292.ods	ods	9/9	834/835	3/3	0	match	847/848	4256/4256
sheets/done-003/ods/Bulletin-37-Appendix-2-immediate-detriment-data-request.ods	ods	5/5	524/524	3/3	0	match	541/541	2979/2979
sheets/done-006/ods/dragon-175066A.ods	ods	13/13	7413/7408	5/5	0	match	8249/8246	53149/53027
sheets/done-007/ods/National-Finalists-2024-1.ods	ods	24/27	4155/4155	3/3	0	pages	4184/4184	27258/27258
sheets/done-007/ods/ACRONYM.ods	ods	69/69	9840/9840	2/2	0	match	9851/9851	61586/61586
sheets/done-007/ods/essd-16-3433-2024-t02.ods	ods	4/4	431/431	1/1	0	match	439/439	2346/2349
sheets/done-003/ods/VOR Candidate Discontinuance List 2026-01-08.ods	ods	7/7	1558/1558	2/2	0	match	1558/1558	8012/8012
sheets/done-003/ods/redac-sas-201503-fy17-research-portfolio.ods	ods	2/2	733/734	4/5	0	match	753/755	4715/4715
sheets/done-007/ods/SLSA_Directory_031423.ods	ods	10/10	5787/5787	2/3	0	match	5899/5899	28332/28332
sheets/done-004/ods/Foreign_SA-CAT-I_and_CAT-II-III_Pub_0.ods	ods	17/16	1332/1495	2/3	0	pages,words	1341/1504	7005/7846
sheets/done-007/ods/hdss-bulletin-index-2019-2022.ods	ods	21/24	3623/3626	3/3	0	pages	3805/3811	18383/18407
sheets/done-004/ods/Part_375_Operators.ods	ods	17/19	2104/2190	2/3	0	pages,words	2111/2197	11849/12221
sheets/done-004/ods/flying-log-passenger-23rd-september-2014.ods	ods	7/7	4030/4031	2/2	0	match	4037/4038	24192/24191
sheets/done-008/ods/2015-19 top 25 Arms producing companies data - to upload on website - FINAL_edit.ods	ods	19/19	2913/2913	3/3	0	match	2949/2949	12974/12973
sheets/done-007/ods/wiley-cancelled-title-list.ods	ods	58/60	7582/7582	2/2	0	pages	7706/7706	56700/56700
sheets/done-008/ods/Computer and Software Services_50 State Comparison.ods	ods	26/26	2800/2801	3/3	0	match	2818/2819	13368/13369
sheets/done-005/ods/National-Reports.ods	ods	6/6	1225/1225	2/2	0	match	1276/1276	7475/7475
sheets/done-008/ods/Liste-Zertifizierung-ChemKlimaschutzV-RPT.ods	ods	5/5	1332/1332	2/2	0	match	1364/1364	8638/8638
sheets/done-005/ods/SectorAdvisoryGroupandStrategyBoards.ods	ods	7/7	2400/2400	2/2	0	match	2431/2431	15407/15407
sheets/done-005/ods/cy10_primary_enplanements.ods	ods	12/12	5263/5263	2/2	0	match	5280/5280	23129/23129
sheets/done-008/ods/TDA_Smoke-Detectors.ods	ods	28/28	3682/3767	4/5	0	words	3704/3789	17766/18137
sheets/done-008/ods/data_20121018181533.ods	ods	57/57	12480/12480	2/2	0	match	12483/12483	57017/57017
sheets/done-006/ods/AFS-400_Contacts.ods	ods	48/48	6255/6246	2/2	0	match	6384/6375	43746/43685
sheets/done-006/ods/Performance.ods	ods	13/13	2123/2123	4/4	0	match	2137/2137	7270/7273
sheets/done-008/ods/airports_6.ods	ods	18/17	11066/11039	1/1	0	pages	11079/11053	58944/58811
sheets/done-006/ods/WG7_NCWF_Skills_Table.ods	ods	44/44	8513/8512	2/2	0	match	8535/8533	60908/60904
sheets/done-008/ods/template-ECSPR-notifications.ods	ods	26/26	288/288	4/4	0	match	290/290	1288/1288
sheets/done-006/ods/register-changes-in-may-2024---adujsted.ods	ods	7/7	784/784	2/2	0	match	798/798	4782/4782
sheets/done-009/ods/Data-Architecture-Tool-Fit-Assessment-Template.ods	ods	22/22	2215/2218	5/5	0	match	2226/2229	10490/10490
sheets/done-007/ods/CSA_CCM_v1.2.ods	ods	13/13	15667/15666	2/2	0	match	15922/15923	73416/73416
sheets/done-009/ods/PBN Matrix NAAs (V01).ods	ods	25/25	5549/5549	6/6	0	match	5583/5583	28329/28331
sheets/done-009/ods/cy01_state.ods	ods	36/36	20439/20441	2/2	0	match	20552/20554	84648/84648
sheets/done-007/ods/ecopy of 2016 statistical bulletin_public finance statistics_final.ods	ods	17/17	5373/5404	7/6	0	match	5703/5755	25548/25548
sheets/done-007/ods/jobs-bulletin-51-22-december-2025.ods	ods	12/12	1807/1807	4/4	0	match	1884/1884	10033/10033
sheets/done-010/ods/AMOC-Digital-Certificate-Publication-Report.ods	ods	148/148	36605/36603	1/1	0	match	37280/37279	228293/228293
sheets/done-008/ods/Company_Seniority_Date_Calculator.ods	ods	12/12	2919/2919	7/7	0	match	2992/2992	16127/16125
sheets/done-008/ods/RVSM_Non_approved_list_2025_84c0b3f4ac.ods	ods	2/2	431/431	2/2	0	match	445/445	2205/2206
sheets/done-010/ods/NAARMO_Mexico_RVSM_Approvals.ods	ods	16/16	6790/6790	4/4	0	match	6792/6792	33195/33195
sheets/done-008/ods/commander-authorisation-tasks-spreadsheet-october-2025.ods	ods	23/23	13078/13078	3/3	0	match	13490/13490	65750/65750
sheets/done-009/ods/6f9e605c-fded-11e3-bd0e-00144feab7de.ods	ods	16/16	7331/7331	5/5	0	match	7417/7418	32397/32397
sheets/done-009/ods/EHEST-Pre-departure-checklist-Rev.-1-06-12-2016.ods	ods	22/24	7154/8345	4/6	0	pages,words	7177/8380	34403/39744
sheets/done-009/ods/RegChangeReport.ods	ods	12/12	3136/3127	4/4	0	match	3171/3162	17769/17741
sheets/done-009/ods/sistem-rekod-markah-srm-_-rekod-master.ods	ods	22/26	5854/5854	6/6	0	pages	5857/5857	16180/16180
sheets/done-010/ods/DOE-C2M2-V1.1-to-DOE-C2M2-V2.1 (1.1.0).ods	ods	91/91	15616/15616	5/5	0	match	15622/15622	94829/94830
sheets/done-010/ods/Special-Procedures_2025-07-10.ods	ods	20/22	27923/27926	3/3	0	pages	28748/28751	153843/153843
sheets/done-010/ods/PC1000.ods	ods	13/13	825/855	5/5	0	words	834/864	3667/3831
sheets/done-011/ods/2023-qhp-form-and-rate-combined-checklist-final.ods	ods	95/95	13941/13936	3/3	0	match	14083/14080	72755/72726
sheets/done-010/ods/TOGAF9-Tool-ConfReqts-CSQ.ods	ods	28/28	23488/23513	4/4	0	match	24067/24092	155662/155723
sheets/done-009/ods/Aviation_Abbreviations.ods	ods	86/94	15677/15677	4/4	0	pages	15701/15701	92850/92850
sheets/done-009/ods/INDEX_Digital_Transformation_Toolkits.ods	ods	24/24	1957/1957	3/3	0	match	1988/1988	14956/14956
sheets/done-009/ods/State-Medicaid-Payment-Policies-for-Medicare-Cost-Sharing.ods	ods	18/18	40438/40411	3/3	0	match	40840/40820	234647/234343
sheets/done-010/ods/AFCforPtF-Digital-Certificate-Publication-Report.ods	ods	111/111	29739/29739	1/1	0	match	29859/29859	188348/188348
sheets/done-011/ods/Capability_List_9-14-2022_Dallas_Combined-Aircraft_Manuf_unsorted.ods	ods	147/-	29806/-	1/-	0	ref-failed	29934/-	146861/-
sheets/done-010/ods/Keywords_Mapping_Graphs_and_Charts.ods	ods	46/-	6304/-	3/-	0	ref-failed	6578/-	27214/-
sheets/done-010/ods/RMP 2011-2014 and Inventory.ods	ods	/-	0/-	0/-	0	ref-failed	0/-	0/-
sheets/done-011/ods/Application_Compliance_Checklist_5_Apr_2021.ods	ods	12/14	17208/17654	6/8	0	pages,words	17362/17809	93478/95915
sheets/done-011/ods/SIL_TDB605.ods	ods	/-	0/-	0/-	0	ref-failed	0/-	0/-
sheets/done-010/ods/cy06_primary_np_comm.ods	ods	/-	0/-	0/-	0	ref-failed	0/-	0/-
sheets/done-011/ods/links-2026.ods	ods	/-	0/-	0/-	0	ref-failed	0/-	0/-
sheets/done-011/ods/Application_for_authorisation_as_crowdfunding_service_provider.ods	ods	/-	0/-	0/-	0	ref-failed	0/-	0/-
sheets/done-011/ods/List of EQS securities_0.ods	ods	/-	0/-	0/-	0	ref-failed	0/-	0/-
sheets/done-012/ods/Copy of EASA-IFP-WEBLISTNOODATA-ListsofBASAapprovals(WEB)_ListofValidUSBASAorganisations_2023-01-13-04-33-14.ods	ods	245/245	28183/28183	1/1	0	match	28967/28967	185963/185964
sheets/done-011/ods/aircraft_analysis-2018-06.ods	ods	38/42	7193/7193	2/2	0	pages	7217/7217	38379/38379
sheets/done-011/ods/FY2023-AIP-grants.ods	ods	30/-	50913/-	2/-	0	ref-failed	68717/-	352619/-
sheets/done-012/ods/NPIAS_2007_App_A.ods	ods	128/-	39767/-	2/-	0	ref-failed	39805/-	170580/-
sheets/done-012/ods/certification-type-certificates-docs-tcdns-databases-MAdB-Rotorcraft-14-28112013.ods	ods	82/82	13201/13201	2/2	0	match	13275/13275	61974/61974
sheets/done-011/ods/T0A0D0000090006XLSE.ods	ods	162/162	40423/40382	4/3	0	match	40738/40696	234629/234443
sheets/done-013/ods/ECA Sinters.ods	ods	163/-	38615/-	2/-	0	ref-failed	38759/-	189339/-
sheets/done-013/ods/aircraft_analysis_2016-04-27.ods	ods	46/46	11698/11671	2/3	0	match	14578/14540	61520/61406
sheets/done-012/ods/2025_Active_Civil_Airmen_Statistics_FINAL.ods	ods	39/36	13477/13417	7/7	0	pages	13636/13586	58180/57938
sheets/done-012/ods/CSJU List of Recipients of funds 2013-2020.ods	ods	93/95	46488/46489	5/5	0	pages	58661/58662	270622/270627
sheets/done-012/ods/MinCh-Digital-Certificate-Publication-Report.ods	ods	179/179	111971/111969	1/1	0	match	112752/112750	711781/711781
sheets/done-013/ods/fy20-may20-sep20.ods	ods	96/96	51304/51303	2/2	0	match	51823/51822	290334/290332
sheets/done-012/ods/EASA-IFP-WEBLISTNOODATA-ListsofBASAapprovals_WEB__ListofValidBASAorganisations_2025-01-20-08-56-36.ods	ods	254/254	29790/29790	1/1	0	match	30582/30582	196537/196537
sheets/done-012/ods/SIL_TDB609.ods	ods	54/50	5101/5140	8/8	0	pages	5108/5148	22541/22688
sheets/done-014/ods/6880ac7361ca1b99a9230811_ST Capability List Rev.16 - Web.ods	ods	217/217	88846/88842	3/4	0	match	122984/122980	656431/656421
sheets/done-012/ods/npias_2009_appA.ods	ods	73/73	49769/49711	2/2	0	match	49839/49845	201982/201534
sheets/done-012/ods/atspp_pay_tables.ods	ods	101/101	12929/12929	4/4	0	match	13068/13068	58995/58995
sheets/done-013/ods/18-02RD301_ILS_components_Master_9-13-18.ods	ods	166/166	52573/52477	3/3	0	match	53360/53360	153110/152726
sheets/done-013/ods/FY2021-AIP-grants.ods	ods	51/57	89139/89277	3/3	0	pages	116510/156591	597433/598285
sheets/done-013/ods/afn-afn-20250801-fy25-jan25-mar25.ods	ods	282/270	72798/72842	2/2	0	pages	73838/73753	409037/409299
sheets/done-013/ods/capa-liste-nse-1.ods	ods	108/108	20197/20189	4/4	0	match	22734/22726	128408/128228
sheets/done-013/ods/fy2011-aip-grants.ods	ods	93/93	43201/43201	2/2	0	match	45974/52220	229395/229395
sheets/done-014/ods/MajCh-Digital-Certificate-Publication-Report.ods	ods	328/328	66906/66901	1/1	0	match	67270/67265	436144/436115
sheets/done-014/ods/UASEventsNov2014-Aug2015.ods	ods	523/523	63938/63895	1/1	0	match	64593/64551	321881/321684
sheets/done-014/ods/Aircraft_Database.ods	ods	134/134	16356/16356	4/4	0	match	16421/16421	77978/77983
sheets/done-014/ods/TICAPCapability_Final.ods	ods	17/17	3803/4897	6/10	0	words	3823/4936	21721/27777
sheets/done-014/ods/fm-provider-service-measures.ods	ods	35/35	21214/21211	4/4	0	match	21389/21386	133683/133683
sheets/done-013/ods/alle einzeln.ods	ods	186/186	64184/64184	3/3	0	match	64187/64187	278868/278868
sheets/done-015/ods/EASA_PRODUCT_LIST_-_ALL.ods	ods	264/264	96133/96133	2/2	0	match	103268/103268	484245/484245
sheets/done-013/ods/fy2010-aip-grants.ods	ods	100/100	49881/49881	2/2	0	match	53142/62697	264109/264109
sheets/done-014/ods/7-memento-2015-transports-aeriens-b.ods	ods	190/190	27536/27524	6/6	0	match	28061/28049	118433/118350
sheets/done-014/ods/NPIAS_App_A.ods	ods	124/124	33601/33612	7/7	0	match	33635/33646	160499/160573
sheets/done-014/ods/seihon_zassi_kikou_20221215.ods	ods	76/84	48168/48257	3/3	0	pages	49009/49284	302093/302717
sheets/done-014/ods/edb-emissions-databank v27-NewFormat (web).ods	ods	368/368	76243/76202	4/4	0	match	76662/76621	281080/280938
sheets/done-015/ods/AIM_OPR_LIST.ods	ods	229/229	22013/22013	4/4	0	match	22107/22107	127227/127224
sheets/done-015/ods/PA_Delaware.ods	ods	122/122	135663/135663	1/1	0	match	135663/135663	580602/580602
sheets/done-015/ods/activespecs.ods	ods	266/266	46675/46666	1/1	0	match	49695/49686	280564/280528
sheets/done-015/ods/laufende-nip-vorhaben-hyland.ods	ods	18/18	6397/6461	2/2	0	match	6519/6584	49844/49508
sheets/done-015/ods/flightstandards-doc-Cross-reference-table_version02.ods	ods	461/461	61198/61157	5/6	0	match	68601/68575	335642/335434
sheets/done-015/ods/underlying-holdings-emea-en_gb-monthly-holdings-state-street-emu-esg-screened-index-equity-fund.ods	ods	15/15	4737/4987	1/1	0	words	4743/4993	24660/23820
sheets/done-016/ods/EASA-IFP-147Scope_WEB__ALL_Valid147SoA_2024-11-28-11-16-31.ods	ods	83/94	28349/28374	1/1	0	pages	29878/29900	182618/182586
sheets/done-016/ods/RCO_VOR_Master_List_082824.ods	ods	80/80	14901/14901	2/2	0	match	14902/14902	60664/60668
sheets/done-016/ods/environment-edb-docs-edb-emissions-databank.ods	ods	195/195	63966/63960	4/4	0	match	65431/65422	236454/236419
sheets/missing-001/ods/orbus_togaf_tool_csq.ods	ods	75/75	46302/46865	5/5	0	match	46572/47134	301361/299498
sheets/pagination-001/ods/SIL_TDB648.ods	ods	92/88	7479/7498	6/6	0	pages	7505/7525	30809/30888
sheets/table-001/ods/FAA-2019-0995-0002_attachment_2.ods	ods	33/33	9957/9995	6/6	0	match	10182/10225	46719/47021
slides/ceiling-001/odp/Fundamentals_Module_1_basics.odp	odp	26/26	1083/1089	5/5	0	match	1174/1180	6464/6471
slides/ceiling-001/odp/RRM-training-syllabus-Chapter-3-Teamwork-TC-Towing-Incident-Analysis-Dec-2009.odp	odp	27/27	2476/2576	8/8	0	match	2664/2764	13921/13959
slides/ceiling-001/odp/W3_Case_Study_of_a_Tsunami_Warning_Simulation_Exercise_Ed.odp	odp	20/20	812/812	6/6	0	match	862/862	4473/4473
sheets/done-015/ods/Global_Market_Forecast_2016-2035_Airbus_Data_Set.ods	ods	-/567	-/73403	-/4	-	ours-failed	-/75609	-/305549
slides/ceiling-002/odp/16 - UTM - (NASA).odp	odp	37/37	2449/2260	12/11	0	words	2653/2447	15121/13981
slides/ceiling-002/odp/WiGr_2021W_1_Angebot-Nachfrage-Elastizität-211017-171222.odp	odp	51/51	1949/1955	7/7	0	match	2120/2134	13001/13007
slides/chartset-001/odp/008_advanced_powerpoint_bubble.odp	odp	1/1	42/42	3/3	0	match	48/48	284/284
slides/chartset-001/odp/031_advanced_powerpoint_scatter.odp	odp	1/1	42/42	3/3	0	match	48/48	278/278
slides/chartset-001/odp/line_chart.odp	odp	1/1	23/23	1/2	0	match	23/23	113/113
slides/chartset-001/odp/stacked_bar_chart.odp	odp	1/1	29/29	1/2	0	match	29/29	173/173
slides/chartset-002/odp/007_advanced_powerpoint_scatter.odp	odp	1/1	42/42	3/3	0	match	48/48	282/282
slides/chartset-002/odp/023_advanced_powerpoint_scatter.odp	odp	1/1	42/42	3/3	0	match	48/48	283/283
slides/chartset-002/odp/032_advanced_powerpoint_bubble.odp	odp	1/1	42/42	3/3	0	match	48/48	284/284
slides/chartset-003/odp/003_advanced_powerpoint_line.odp	odp	1/1	62/62	4/4	0	match	68/68	332/332
slides/chartset-003/odp/010_advanced_powerpoint_column.odp	odp	1/1	61/61	4/4	0	match	67/67	332/332
slides/chartset-003/odp/019_advanced_powerpoint_line.odp	odp	1/1	61/61	4/4	0	match	67/67	331/331
slides/chartset-004/odp/004_advanced_powerpoint_pie.odp	odp	1/1	52/52	4/4	0	match	58/58	300/300
slides/chartset-004/odp/020_advanced_powerpoint_pie.odp	odp	1/1	52/52	4/4	0	match	58/58	300/300
slides/chartset-004/odp/025_advanced_powerpoint_bar.odp	odp	1/1	61/61	4/4	0	match	67/67	323/323
slides/chartset-005/odp/004_2-Stage_Vertical_Funnel_Diagram_for_PowerPoint_593f4c80.odp	odp	1/1	69/69	3/3	0	match	69/69	340/340
slides/chartset-005/odp/011_3-Stage_Vertical_Funnel_Diagram_for_PowerPoint_10ce23dd.odp	odp	1/1	74/74	3/3	0	match	74/74	352/352
slides/chartset-005/odp/070_Funnel_Diagram_for_PowerPoint_with_4_Steps_975f1642.odp	odp	1/1	14/14	3/3	0	match	14/14	73/73
slides/chartset-005/odp/084_Infographic_Hierarchy_Tree_for_PowerPoint_fda8141c.odp	odp	3/3	213/253	5/3	0	match	213/253	1128/1128
slides/chartset-006/odp/017_4-Stage_Vertical_Funnel_Diagram_for_PowerPoint_61e7bde5.odp	odp	1/1	79/79	3/3	0	match	79/79	364/364
slides/chartset-006/odp/044_Dual_Mind_Spark_Chart_for_PowerPoint_a83f890a.odp	odp	4/4	483/534	4/3	0	match	486/537	2628/2628
slides/chartset-006/odp/094_Intersecting_Teardrops_for_PowerPoint_and_Google_Slides_ff43aedb.odp	odp	3/3	270/308	5/3	0	match	272/310	1405/1405
slides/chartset-007/odp/039_Consumer_Decision_Journey_for_PowerPoint_319207e1.odp	odp	1/1	86/86	4/4	0	match	88/88	554/554
slides/chartset-007/odp/057_Four-Branch_Diagram_for_PowerPoint_and_Google_Slides_ddf5d27c.odp	odp	3/3	148/180	4/3	0	match	150/182	805/805
slides/chartset-007/odp/091_Infographic_Radial_for_PowerPoint_and_Google_Slides_c6909fa6.odp	odp	3/3	422/454	4/3	0	match	424/456	2073/2073
slides/chartset-008/odp/009_3-Circle_Venn_PowerPoint_Diagram_2e59baa9.odp	odp	2/2	136/136	5/4	0	match	136/136	692/692
slides/chartset-008/odp/038_Competitive_Advantage_Card_for_PowerPoint_and_Google_Slides_373720f6.odp	odp	3/3	298/270	5/4	0	words	300/272	1585/1449
slides/chartset-008/odp/065_Fourfold_Ribbon_Rings_for_PowerPoint_and_Google_Slides_39687419.odp	odp	3/3	272/298	4/3	0	match	274/300	1401/1401
slides/chartset-008/odp/100_Lime_and_Lemon_Data-Driven_Chart_for_PowerPoint_d7bb4a44.odp	odp	5/5	422/495	5/3	0	match	428/501	2032/2032
slides/chartset-009/odp/022_5-Step_Hexagons_Puzzle_Diagram_for_PowerPoint_eda9895e.odp	odp	3/3	432/454	5/3	0	match	432/454	2063/2063
slides/chartset-009/odp/033_Battery_Percentage_Chart_c99c24b5.odp	odp	3/3	223/264	5/5	0	match	228/269	1117/1117
slides/chartset-009/odp/075_Heart_Arc_Radial_for_PowerPoint_and_Google_Slides_a27a3021.odp	odp	3/3	210/238	5/3	0	match	212/240	1029/1029
slides/chartset-010/odp/027_6-Point_Dual_Hub_Comparison_13f9af30.odp	odp	3/3	89/122	5/5	0	match	94/127	443/443
slides/chartset-010/odp/042_Diamond_Hub_Infographic_a60cfaa1.odp	odp	3/3	283/320	5/5	0	match	288/325	1403/1403
slides/chartset-010/odp/063_Four-Step_Infinity_Loop_3480185b.odp	odp	3/3	127/152	5/5	0	match	132/157	573/573
slides/chartset-011/odp/010_3-Group_Hierarchy_for_PowerPoint_and_Google_Slides_20476ce0.odp	odp	3/3	144/174	5/3	0	match	146/176	715/715
slides/chartset-011/odp/046_Eight-Point_Strategic_Compass_35ee62de.odp	odp	3/3	195/232	5/5	0	match	200/237	877/875
slides/chartset-011/odp/060_Four-Part_Radial_Core_Diagram_40d6614e.odp	odp	3/3	291/328	5/5	0	match	296/333	1349/1349
slides/chartset-011/odp/098_Leaning_Cards_Process_dadb3738.odp	odp	3/3	211/240	5/5	0	match	216/245	967/967
slides/chartset-012/odp/013_3-Step_Segmented_Cycle_Process_5232f82d.odp	odp	3/3	219/254	5/5	0	match	224/259	1113/1113
slides/chartset-012/odp/067_Free_PowerPoint_Layered_Funnel_Process_4_Stages_4deb9647.odp	odp	4/4	464/464	4/4	0	match	488/488	2392/2392
slides/chartset-012/odp/080_Infographic_Cycle_Venn_Diagram_for_PowerPoint_2e3cdb7f.odp	odp	3/3	275/309	4/3	0	match	275/309	1406/1406
slides/chartset-013/odp/016_4-Position_Org_Chart_1d3640b6.odp	odp	3/3	132/156	4/3	0	match	134/158	745/745
sheets/done-015/ods/certification-type-certificates-docs-tcdns-databases-MAdB-Light-Prop-14-28112013.ods	ods	343/343	36722/36722	1/1	0	match	36728/36728	230379/230379
slides/chartset-013/odp/049_Five-Block_Hub_Spoke_42ee8593.odp	odp	3/3	265/284	5/5	0	match	272/291	1333/1331
slides/chartset-013/odp/066_Free_PowerPoint_Layered_Funnel_Process_c0b380ec.odp	odp	5/5	580/580	4/4	0	match	610/610	2975/2975
slides/chartset-014/odp/019_4-Step_Segmented_Cycle_Process_2ff93c19.odp	odp	3/3	281/316	5/5	0	match	286/321	1417/1417
slides/chartset-014/odp/029_8-Step_Neumorphic_Cycle_Diagram_b9b75044.odp	odp	3/3	341/382	5/5	0	match	346/387	1503/1501
slides/chartset-014/odp/081_Infographic_Funnel_w_3_Stages_for_PowerPoint_28e26b31.odp	odp	3/3	397/437	5/3	0	match	397/439	2006/2006
slides/chartset-014/odp/086_Infographic_Org_Chart_for_PowerPoint_6_Blocks_f9086d83.odp	odp	3/3	53/89	5/3	0	match	53/91	324/324
slides/done-001/odp/Definitions commodity chains.odp	odp	4/4	261/261	2/2	0	match	279/279	1556/1556
slides/done-001/odp/WC_Update-Aug03.odp	odp	11/11	452/452	2/2	0	match	519/519	2874/2874
slides/done-001/odp/policy-pesentation.odp	odp	16/16	389/389	3/3	0	match	478/478	2288/2288
slides/done-002/odp/Curriculum-Schematic-E22-11052025.odp	odp	12/12	1131/1134	5/5	0	match	1319/1322	6925/6925
slides/done-002/odp/gfopportunitiesforlinkagespres_2010_en.odp	odp	27/27	1647/1654	7/7	0	match	1717/1724	10366/10371
slides/done-002/odp/ws_prod-g-doc-Events-2007-may-presentation-PtF-background-+-principles.odp	odp	20/20	909/909	3/4	0	match	932/932	5043/5043
slides/done-003/odp/010605Vul.odp	odp	21/21	947/944	6/6	0	match	1094/1091	5746/5746
slides/done-003/odp/Inducement-to-Insurance-Business.odp	odp	22/22	2601/2577	5/5	0	match	2612/2589	13032/12899
slides/done-003/odp/outlook_of_nigerian_pension_sector.odp	odp	12/12	1032/1021	5/6	0	match	1129/1118	5802/5802
sheets/done-016/ods/STC_WebList.ods	ods	4372/4372	1284972/1284926	2/2	0	match	1293969/1293917	8158263/8158209
slides/done-003/odp/ws_prod-g-doc-Events-2007-september-MDM.032-(ENGLISH)-CZ.odp	odp	38/38	2663/2662	4/5	0	match	2713/2712	14835/14835
slides/done-004/odp/Item 6b - UNSD - Dissemination through APIs.odp	odp	10/10	421/421	3/3	0	match	453/453	2420/2420
sheets/extra-001/ods/FY2018_Q4_UAS_Sightings.ods	ods	302/302	55795/55825	1/1	0	match	56458/56488	277758/277939
slides/done-004/odp/attendance-updates-for-governors.odp	odp	30/30	3051/3055	7/7	0	match	3223/3227	17309/17298
slides/done-004/odp/undp_presentation_revised_17_may.odp	odp	22/22	1839/1835	7/7	0	match	1960/1956	10590/10556
sheets/pagination-001/ods/CIS_Debian_Linux_8_Benchmark_v1.0.0.ods	ods	88/61	13558/13492	2/2	0	pages	14314/14275	76633/76210
slides/done-005/odp/ANG C-1 ATC-TO Core Program - HF REDAC briefing September 7 2016.odp	odp	19/19	1880/1885	5/5	0	match	2002/2007	11581/11586
sheets/pagination-001/ods/grants-2005.ods	ods	201/201	34039/34036	2/2	0	match	35030/35026	179288/179260
slides/done-005/odp/NAS-Infrastructure-Roadmaps-Weather.odp	odp	11/11	2168/2120	3/4	0	match	2200/2152	12081/12083
sheets/unstable-001/ods/fse_identification_form.ods	ods	3/3	440/427	3/3	0	words	443/430	2283/2215
slides/done-005/odp/manufacturing_process_simulation_working_group_overview_2023.odp	odp	7/7	726/714	4/4	0	match	769/756	4793/4733
slides/done-006/odp/Course Selection 2025-26 Current Grade 09.odp	odp	10/10	694/694	3/3	0	match	698/698	3343/3343
slides/done-006/odp/REDAC HF briefing Sep 2016_LARD_ATC_TO_FE_v2.odp	odp	18/18	2119/2119	7/6	0	match	2223/2223	12620/12620
slides/ceiling-001/odp/N2_E_Maestroni_Swarm_COP.odp	odp	30/30	5121/5152	4/4	0	match	5289/5325	28247/28279
slides/done-006/odp/nabiyeleul_1_aviation_service_28_july_2020.odp	odp	9/9	556/554	4/4	0	match	607/604	3170/3146
slides/done-006/odp/ws_prod-g-doc-Events-r-6.-ESM.odp	odp	25/25	1951/1951	4/6	0	match	2120/2120	11330/11330
slides/ceiling-001/odp/Sylva%20introduction%20session.odp	odp	15/15	958/1527	7/7	0	match	1046/1623	5696/5700
slides/done-007/odp/71393_pp7.odp	odp	39/39	2157/2151	6/6	0	match	2379/2373	12475/12475
slides/done-007/odp/PAL Block Intro 2023.odp	odp	20/20	1447/1463	6/6	0	match	1548/1564	8211/8225
slides/ceiling-001/odp/architecture6.odp	odp	31/31	1926/2544	5/5	0	match	2011/2642	10724/10715
slides/done-007/odp/introduction_to_bea_tuxedo.odp	odp	40/40	1818/1767	7/7	0	match	1885/1831	9928/9893
slides/ceiling-002/odp/8_P-Pavese_AIRBUS-ATB-journee-CRATB.odp	odp	26/26	2130/2010	11/11	0	words	2318/2199	10496/9914
slides/done-008/odp/AATF-Fact-Sheet-2025.odp	odp	9/9	847/848	8/8	0	match	893/894	4611/4611
slides/done-008/odp/Framing Europe.odp	odp	24/24	2237/2237	4/4	0	match	2300/2301	11542/11542
slides/ceiling-002/odp/pres_ioc_phuket.odp	odp	26/26	1009/1520	9/9	0	match	1082/1596	6090/6089
sheets/done-015/ods/tk-syllabus-comparison-document-v5.ods	ods	852/855	234650/234666	5/5	0	pages	235283/235303	1225768/1225755
slides/chartset-001/odp/015_advanced_powerpoint_scatter.odp	odp	1/1	42/42	3/3	0	match	48/48	283/283
slides/chartset-001/odp/bar_chart.odp	odp	1/1	25/25	1/2	0	match	25/25	131/131
slides/done-008/odp/ROK-PI Climate Bulletin - Edition 2017-06.odp	odp	2/2	409/409	3/3	0	match	416/416	2332/2332
slides/chartset-001/odp/scatter_chart.odp	odp	1/1	46/46	1/1	0	match	46/46	105/105
slides/chartset-002/odp/001_advanced_powerpoint_bar.odp	odp	1/1	62/62	4/4	0	match	68/68	334/334
slides/done-009/odp/30-04-2021 merged NDoH and NICD_Presentation HBV BD meeting 05May2021_1.odp	odp	18/18	1354/1361	7/7	0	match	1441/1448	7639/7644
slides/chartset-002/odp/014_advanced_powerpoint_area.odp	odp	1/1	61/61	4/4	0	match	67/67	330/330
slides/chartset-002/odp/024_advanced_powerpoint_bubble.odp	odp	1/1	42/42	3/3	0	match	48/48	286/286
slides/done-009/odp/Employment-Based_I-485.odp	odp	42/42	2516/2516	3/3	0	match	2709/2709	13353/13353
slides/chartset-002/odp/033_advanced_powerpoint_bar.odp	odp	1/1	61/61	4/4	0	match	67/67	328/328
slides/chartset-003/odp/005_advanced_powerpoint_doughnut.odp	odp	1/1	52/52	4/4	0	match	58/58	301/301
slides/done-009/odp/[Christophe]NLP_reseau_inge_stat.odp	odp	17/17	884/885	5/5	0	match	1002/989	4532/4532
slides/chartset-003/odp/011_advanced_powerpoint_line.odp	odp	1/1	61/61	4/4	0	match	67/67	328/328
slides/chartset-003/odp/027_advanced_powerpoint_line.odp	odp	1/1	61/61	4/4	0	match	67/67	326/326
slides/done-009/odp/redac-sas-201403-ppt-portfolio-rev-sim.odp	odp	14/14	2009/2014	8/8	0	match	2187/2205	13014/13014
slides/chartset-004/odp/013_advanced_powerpoint_doughnut.odp	odp	1/1	52/52	4/4	0	match	58/58	297/297
slides/chartset-004/odp/021_advanced_powerpoint_doughnut.odp	odp	1/1	52/52	4/4	0	match	58/58	304/304
slides/done-010/odp/Copy of Full deck with references Promotion of Outside Interests at Work final(1).odp	odp	33/33	3114/3118	7/7	0	match	3248/3252	17384/17384
slides/chartset-004/odp/026_advanced_powerpoint_column.odp	odp	1/1	61/61	4/4	0	match	67/67	332/332
slides/chartset-005/odp/005_2-Step_Funnel_On_left_With_Text_767f0490.odp	odp	1/1	93/93	3/3	0	match	93/93	470/470
slides/chartset-005/odp/068_Funnel_Diagram_for_PowerPoint_with_2_Steps_437e4ba7.odp	odp	1/1	10/10	3/3	0	match	10/10	63/63
slides/done-010/odp/REDAC Briefing_SSIT_CARA_08132014.ppt.odp	odp	14/14	462/462	4/3	0	match	521/521	2664/2664
slides/chartset-005/odp/071_Funnel_Diagram_for_PowerPoint_with_5_Steps_5ceacdec.odp	odp	1/1	16/16	3/3	0	match	16/16	78/78
slides/chartset-006/odp/001_1-2-3_Horizontal_Hierarchy_39795b4d.odp	odp	3/3	246/284	4/3	0	match	248/286	1247/1247
slides/done-010/odp/passiv.odp	odp	21/21	1195/1198	8/8	0	match	1301/1304	6722/6716
slides/chartset-006/odp/031_Alarm_Clock_Pie-Chart_for_PowerPoint_and_Google_Slides_0b185a05.odp	odp	3/3	358/382	5/3	0	match	360/384	1865/1865
slides/chartset-006/odp/055_Four_Pillar_Hierarchy_for_PowerPoint_and_Google_Slides_6b42ed18.odp	odp	3/3	334/362	4/3	0	match	336/364	1705/1705
slides/chartset-006/odp/099_Light_Bulb_SWOT_for_PowerPoint_and_Google_Slides_554a1e33.odp	odp	3/3	272/292	4/3	0	match	274/294	1395/1395
slides/done-011/odp/1_Country-Updates_DRC_English.odp	odp	16/16	780/782	5/5	0	match	844/846	4281/4281
slides/chartset-007/odp/047_Female_Radar_Brain_for_PowerPoint_and_Google_Slides_c2a541f6.odp	odp	4/4	536/592	5/3	0	match	539/599	2720/2720
slides/chartset-007/odp/083_Infographic_Hexagon_Cluster_for_PowerPoint_and_Google_Slides_ef811a12.odp	odp	3/3	204/244	5/3	0	match	206/246	1037/1037
slides/done-011/odp/3495.odp	odp	26/26	747/747	4/4	0	match	807/807	4375/4375
slides/chartset-007/odp/092_Infographic_Tree_Diagram_for_PowerPoint_and_Google_Slides_d721fa00.odp	odp	3/3	278/316	5/3	0	match	280/318	1293/1293
slides/chartset-008/odp/012_3-Step_Hexagons_Puzzle_Diagram_for_PowerPoint_982482b5.odp	odp	3/3	268/296	5/3	0	match	268/296	1307/1307
slides/done-011/odp/Session-1-Presentation-Reporting-Forms-Form-12-final.odp	odp	15/15	1130/1130	8/8	0	match	1161/1160	6266/6267
slides/chartset-008/odp/040_Crab_Diagram_for_PowerPoint_and_Google_Slides_13d38ff3.odp	odp	3/3	116/142	5/3	0	match	118/144	633/633
slides/chartset-008/odp/072_Gear_Pie_Chart_for_PowerPoint_and_Google_Slides_d464d3a0.odp	odp	3/3	92/114	5/3	0	match	94/116	407/407
slides/chartset-009/odp/015_4-Option_Color_Wheel_Diagram_df7e4b8f.odp	odp	3/3	281/316	5/5	0	match	286/321	1413/1413
slides/done-012/odp/429_BLISc 2019 IInd Sem.  PAPER-7 UNIT 3.odp	odp	20/20	3120/3125	6/6	0	match	3220/3225	17618/17627
slides/chartset-009/odp/025_6-Option_Color_Wheel_Diagram_27e1c74d.odp	odp	3/3	405/440	5/5	0	match	410/445	2021/2021
slides/chartset-009/odp/037_Circle_Matrix_Framework_44bc5218.odp	odp	3/3	287/320	5/5	0	match	292/325	1455/1453
slides/done-012/odp/JesuitAssocOfStudentPersonnel.odp	odp	31/31	1177/1177	6/6	0	match	1339/1339	7310/7310
slides/chartset-009/odp/087_Infographic_Organization_Chart_for_PowerPoint_and_Google_Slides_2d951912.odp	odp	4/4	750/798	5/3	0	match	750/798	3855/3855
slides/done-012/odp/Sean Monogue.odp	odp	15/15	818/818	5/5	0	match	891/891	4950/4950
slides/chartset-010/odp/028_8-Point_Dual_Hub_Comparison_d6c5dde5.odp	odp	3/3	89/122	5/5	0	match	94/127	443/443
slides/chartset-010/odp/045_Dual-Segment_Quadrant_14a57221.odp	odp	3/3	293/332	5/5	0	match	298/337	1483/1481
slides/done-012/odp/vvsummit2022-SAIC-PRESENTATION.odp	odp	19/19	649/648	4/4	0	match	707/706	3573/3573
slides/chartset-010/odp/093_Insightful_Zoom_Chart_22b5464e.odp	odp	3/3	355/386	5/5	0	match	360/391	1831/1829
slides/chartset-011/odp/026_6-Part_Hexagon_Radial_Diagram_b8ca3f40.odp	odp	3/3	217/258	5/5	0	match	222/263	987/987
slides/done-013/odp/FAA_Form_337.odp	odp	67/67	5564/5614	14/15	0	match	5794/5844	29444/29447
slides/chartset-011/odp/051_Five-Stage_Zigzag_Timeline_2bd39be9.odp	odp	3/3	161/192	5/5	0	match	166/197	781/781
slides/chartset-011/odp/062_Four-Step_Growth_Staircase_8a3ef338.odp	odp	3/3	199/232	5/5	0	match	204/237	979/979
slides/chartset-012/odp/003_2-Circle_Venn_Diagram_7ab74e5c.odp	odp	3/3	147/176	5/5	0	match	152/181	769/767
slides/chartset-012/odp/061_Four-Stage_Serpentine_Chart_05699efe.odp	odp	3/3	71/112	5/5	0	match	76/117	397/395
slides/chartset-012/odp/073_Halo_Radial_for_PowerPoint_and_Google_Slides_4bd0918b.odp	odp	3/3	270/292	4/3	0	match	272/294	1383/1383
slides/chartset-012/odp/089_Infographic_Radial_Matrix_for_PowerPoint_and_Google_Slides_eb0550f2.odp	odp	3/3	282/322	5/3	0	match	284/324	1453/1453
slides/done-013/odp/chapter_4_0.odp	odp	54/54	3171/3175	7/7	0	match	3336/3340	18879/18883
slides/chartset-013/odp/023_5-Step_Progress_Cards_91d5ff57.odp	odp	3/3	241/272	5/5	0	match	246/277	1155/1155
slides/done-013/odp/schematicplaymar21.odp	odp	21/21	2115/2121	5/5	0	match	2133/2139	11470/11470
slides/chartset-013/odp/050_Five-Point_Radial_Hub_00793e08.odp	odp	3/3	165/190	5/5	0	match	170/195	755/755
slides/chartset-013/odp/079_Horizontal_Relationships_for_PowerPoint_and_Google_Slides_a3d35f63.odp	odp	3/3	142/176	4/3	0	match	144/178	745/745
slides/chartset-014/odp/021_5-Position_Org_Chart_cb042559.odp	odp	3/3	136/160	4/3	0	match	138/162	765/765
slides/done-014/odp/Presentation - Identify Components of the Airport (1).odp	odp	12/12	554/554	6/6	0	match	591/591	2992/2992
slides/chartset-014/odp/036_Chevron_Process_Cards_3c8f0ea1.odp	odp	3/3	161/188	5/5	0	match	166/193	737/737
sheets/done-016/ods/Laser Report 2024 FOIA __Oct (1).ods	ods	-/506	-/116736	-/1	-	ours-failed	-/116739	-/588374
slides/chartset-014/odp/082_Infographic_Funnel_with_4_Stages_for_PowerPoint_72d4f125.odp	odp	3/3	393/433	5/3	0	match	393/435	1990/1990
slides/done-001/odp/111006 COMSTAC STOWG Aero spaceports IFG.odp	odp	8/8	267/267	2/2	0	match	309/309	1647/1647
slides/done-014/odp/Technical_Report_Elements[1].odp	odp	39/39	1419/1430	5/5	0	match	1471/1482	7642/7679
slides/done-001/odp/Statement of Work presentation.odp	odp	10/10	226/224	3/3	0	words	239/229	1286/1255
slides/done-001/odp/fishbone-diagram-template-ppt-1.odp	odp	1/1	189/189	2/2	0	match	197/197	882/882
slides/done-001/odp/wells08_basic.odp	odp	27/27	986/995	4/4	0	match	1162/1171	5741/5762
slides/done-014/odp/schematicplay.odp	odp	21/21	2123/2126	4/5	0	match	2140/2143	11490/11490
slides/done-002/odp/dhs-293364.odp	odp	39/39	3578/3618	7/7	0	match	3787/3827	19387/19700
slides/done-015/odp/1200-Assigning-Club-officers.odp	odp	16/16	163/162	7/7	0	match	171/170	958/960
slides/done-002/odp/medicines_bulletin_february_2023_final.odp	odp	1/1	534/535	4/4	0	match	545/546	3093/3093
slides/done-002/odp/ws_prod-g-doc-Events-2007-november-IACA-presentation-at-EASA-Fuel-Tank-Safety-Training-Seminar.odp	odp	10/10	555/555	3/3	0	match	587/587	2925/2925
slides/done-003/odp/02_REDAC_New ATM briefing _March 2017v2.odp	odp	6/6	759/759	5/5	0	match	805/805	4920/4920
slides/done-003/odp/NCW-2024-Guide-.odp	odp	1/1	212/215	4/4	0	match	223/226	1181/1181
slides/done-003/odp/ws_prod-g-doc-Events-2007-Privileges.odp	odp	15/15	799/799	5/6	0	match	818/818	4160/4160
slides/done-015/odp/Wildlife for REDAC September 11.odp	odp	41/41	1545/1535	11/11	0	match	1652/1642	9157/9160
slides/done-004/odp/0335fab9-79f0-4944-b92c-f223837ca2d8.odp	odp	12/12	612/616	3/3	0	match	663/667	4499/4499
slides/missing-001/odp/NWD-GLA-Community-Outreach-Day-Oct-2025.odp	odp	13/13	640/638	3/3	0	match	701/698	3962/3957
words/ceiling-001/odt/AW-104D-RVSM-Aircraft-Approval-Checklist.pdf.odt	odt	2/2	115/135	3/4	0	words	125/147	660/764
slides/done-004/odp/Liturgical-Commission-2025-Convention-Presentation.odp	odp	9/9	344/336	2/2	0	match	396/387	1837/1804
words/ceiling-001/rtf/AW-104D-RVSM-Aircraft-Approval-Checklist.pdf.rtf	rtf	2/2	135/129	3/5	0	match	147/141	737/729
words/chartset-001/odt/014_advanced_word_chart_report.odt	odt	1/1	94/94	4/4	0	match	100/100	531/531
slides/done-004/odp/ghgp-supply-chain-initiative_20100323_wri.odp	odp	52/52	3848/3896	10/9	0	match	4083/4131	22385/22442
words/chartset-001/odt/032_advanced_word_chart_report.odt	odt	1/1	94/94	4/4	0	match	100/100	534/534
words/chartset-001/odt/pie-chart-result.odt	odt	1/1	40/40	3/2	0	match	40/40	234/234
slides/done-004/odp/ws_prod-g-doc-Events-industrymeeting18112004-European-Safety-Strategy-Initiative.odp	odp	10/10	332/332	3/5	0	match	343/343	1884/1884
words/chartset-001/rtf/008_advanced_word_chart_report.rtf	rtf	1/1	94/94	3/4	0	match	100/100	534/534
slides/done-005/odp/ITE106-Chapter 4.odp	odp	47/47	3140/3140	7/7	0	match	3295/3295	16509/16509
words/chartset-001/rtf/026_advanced_word_chart_report.rtf	rtf	1/1	94/94	3/4	0	match	100/100	533/533
words/chartset-001/rtf/clustered-column-template.rtf	rtf	1/1	37/16	2/2	0	words	37/16	200/121
words/chartset-002/odt/005_advanced_word_chart_report.odt	odt	1/1	94/94	4/4	0	match	100/100	529/529
words/chartset-002/odt/015_advanced_word_chart_report.odt	odt	1/1	94/94	4/4	0	match	100/100	532/532
words/chartset-002/odt/023_advanced_word_chart_report.odt	odt	1/1	94/94	4/4	0	match	100/100	532/532
slides/done-005/odp/berlin.odp	odp	29/29	1366/1375	3/4	0	match	1522/1530	7392/7403
words/chartset-002/odt/033_advanced_word_chart_report.odt	odt	1/1	94/94	4/4	0	match	100/100	529/529
words/chartset-002/rtf/011_advanced_word_chart_report.rtf	rtf	1/1	94/94	3/4	0	match	100/100	530/530
slides/done-005/odp/pods05.odp	odp	60/60	1968/1884	10/10	0	match	2165/2078	10665/10676
words/chartset-002/rtf/021_advanced_word_chart_report.rtf	rtf	1/1	94/94	3/4	0	match	100/100	532/532
words/chartset-002/rtf/030_advanced_word_chart_report.rtf	rtf	1/1	94/94	3/4	0	match	100/100	528/528
slides/done-006/odp/Ensemble-pour-l-amelioration-de-la-securite-de-lac-AIRBUS.odp	odp	9/9	627/627	4/4	0	match	652/652	3451/3451
words/chartset-003/odt/003_advanced_word_chart_report.odt	odt	1/1	95/95	4/4	0	match	101/101	534/534
sheets/done-016/ods/TK-Syllabus-Comparison-Document-v2.ods	ods	1235/1235	255732/255759	5/5	0	match	258723/258751	1311181/1311173
words/chartset-003/odt/009_advanced_word_chart_report.odt	odt	1/1	96/96	4/4	0	match	102/102	540/540
slides/done-006/odp/Stakeholders-v08052017 - v5.odp	odp	13/13	553/541	7/7	0	match	619/611	3390/3388
words/chartset-003/odt/025_advanced_word_chart_report.odt	odt	1/1	94/94	4/4	0	match	100/100	524/524
slides/done-006/odp/social-media-app-bulletin-january.odp	odp	4/4	788/788	4/4	0	match	792/792	4001/4001
words/chartset-003/rtf/001_advanced_word_chart_report.rtf	rtf	1/1	95/95	3/4	0	match	101/101	535/535
slides/done-007/odp/1-secretariat.odp	odp	10/10	150/150	3/3	0	match	216/216	1034/1034
words/chartset-003/rtf/007_advanced_word_chart_report.rtf	rtf	1/1	94/94	3/4	0	match	100/100	531/531
words/chartset-003/rtf/019_advanced_word_chart_report.rtf	rtf	1/1	94/94	3/4	0	match	100/100	533/533
slides/done-007/odp/BHCA Part II webinar #2 - 10.2020.odp	odp	21/21	1396/1404	6/6	0	match	1442/1449	7342/7216
words/chartset-003/rtf/028_advanced_word_chart_report.rtf	rtf	1/1	94/94	3/4	0	match	100/100	530/530
words/chartset-004/odt/013_advanced_word_chart_report.odt	odt	1/1	94/94	4/4	0	match	100/100	525/525
slides/done-007/odp/bitesize-writing-a-report.odp	odp	15/15	652/657	5/5	0	match	703/708	3771/3791
words/chartset-004/odt/024_advanced_word_chart_report.odt	odt	1/1	94/94	4/4	0	match	100/100	536/536
words/chartset-004/rtf/012_advanced_word_chart_report.rtf	rtf	1/1	95/95	3/4	0	match	101/101	538/538
words/chartset-004/rtf/022_advanced_word_chart_report.rtf	rtf	1/1	94/94	3/4	0	match	100/100	530/530
words/chartset-005/odt/003_Free_Genogram_Diagram_Template_Easy_Format_60eb6e42.odt	odt	1/1	29/29	2/2	0	match	29/29	120/120
words/chartset-005/odt/052_Organogram_Template_Colorful_Flow_Chart_cba9fbfe.odt	odt	1/1	42/42	1/1	0	match	42/42	178/178
slides/done-007/odp/joint_user_outcomes_michael_fullerton_29.06.12.odp	odp	20/20	1917/1918	7/7	0	match	2028/2017	9836/9836
words/chartset-005/odt/083_Printable_Graph_Paper_Template_Customizable_Format_55ff93a3.odt	odt	1/1	3/3	1/1	0	match	4/4	14/14
words/chartset-005/odt/087_Printable_Graph_Paper_Template_Green_Theme_0c14ea04.odt	odt	2/2	14/14	2/2	0	match	16/16	37/37
slides/done-008/odp/EG1_dsrc tech.odp	odp	26/26	2034/2034	6/6	0	match	2178/2178	11132/11132
words/chartset-005/rtf/036_Venn_Diagram_Template_Fillable_Layout_3ffbba36.rtf	rtf	1/1	13/13	2/2	0	match	15/15	61/61
sheets/metrics-001/ods/ans_mappings_of_eccairs_terms.ods	ods	170/179	27903/27939	7/7	0	pages	28087/28124	184643/184799
words/chartset-005/rtf/054_Organogram_Template_Grey_Vertical_Theme_b2dbd9a8.rtf	rtf	1/1	0/0	0/0	0	match	0/0	0/0
words/chartset-005/rtf/085_Printable_Graph_Paper_Template_Excellent_Format_4bcae89a.rtf	rtf	1/1	4/4	1/1	0	match	6/6	19/19
slides/done-008/odp/G-InvoicingKeithJarboe.odp	odp	13/13	1077/1080	5/5	0	match	1174/1177	6967/6968
words/chartset-006/odt/002_Free_Genogram_Diagram_Template_Customizable_Format_2219584b.odt	odt	1/1	91/86	2/2	0	match	91/86	304/304
words/chartset-006/odt/081_Printable_Graph_Paper_Template_Blue_Theme_629316cb.odt	odt	1/1	5/5	1/1	0	match	8/8	25/25
slides/done-008/odp/concepts-surrounding-cloud-computing-carolyn-kranz-and-rich-prem-gb-seattle-2011.odp	odp	36/36	2467/2463	6/5	0	match	2575/2571	13459/13459
words/chartset-006/odt/093_Business_Case_Template_Customizable_Layout_510c25e7.odt	odt	1/1	34/34	2/2	0	match	34/34	201/201
slides/done-009/odp/Airport Planning 09112013.odp	odp	9/9	629/629	6/6	0	match	656/656	3591/3591
words/chartset-006/rtf/001_Free_Genogram_Diagram_Template_Blue_and_Gray_Theme_7c9e01a7.rtf	rtf	1/1	7/7	2/2	0	match	7/7	32/32
words/chartset-006/rtf/057_Organogram_Template_Vertical_Colorful_Theme_724b143c.rtf	rtf	1/1	0/0	0/0	0	match	0/0	0/0
slides/done-009/odp/FIT26-Presentation-PR-Briefing-Debrief-Airbus.odp	odp	9/9	1441/1443	4/3	0	match	1533/1535	7273/7273
words/chartset-006/rtf/088_Printable_Graph_Paper_Template_Quality_layout_33051f6e.rtf	rtf	1/1	2/2	1/1	0	match	2/2	10/10
words/chartset-006/rtf/099_Business_Case_Template_Gray_Theme_ac3edbf4.rtf	rtf	1/1	45/45	1/1	0	match	45/45	294/294
slides/done-009/odp/airbus-powerpoint-presentation-2019-20-without-video_diy_2019-20.odp	odp	38/38	864/880	6/7	0	match	912/928	4387/4394
words/chartset-007/odt/025_Unit_Circle_Chart_Cos_and_Sin_Model_1ed01892.odt	odt	1/1	141/141	3/3	0	match	141/141	607/607
words/chartset-007/odt/058_Organogram_Template_With_Picture_Theme_44b79368.odt	odt	1/1	16/16	1/1	0	match	16/16	74/74
words/chartset-007/odt/089_Printable_Graph_Paper_Template_Simlpe_Format_3aff1c88.odt	odt	1/1	2/2	1/1	0	match	4/4	10/10
slides/done-010/odp/BUS-Chapter 05.odp	odp	50/50	2126/2134	5/5	0	match	2334/2342	12354/12362
words/chartset-007/rtf/018_Project_Timeline_Template_Editable_Format_e1cf1df5.rtf	rtf	1/1	106/12	2/2	0	words	106/12	407/73
slides/done-010/odp/DoIRD Meeting 16JAN14 v1-1.odp	odp	15/15	1075/1075	6/6	0	match	1142/1142	5886/5886
words/chartset-007/rtf/049_Visual_Product_Roadmap_Template_Simple_Format_4af26e4f.rtf	rtf	1/1	61/61	2/2	0	match	62/62	406/406
sheets/pagination-001/ods/ODs-February-2022-Airbus-Commercial-Aircraft.ods	ods	175/175	15707/15715	3/3	0	match	16962/16970	44881/44889
words/chartset-007/rtf/080_Printable_Graph_Paper_Template_Black_Theme_6b066be1.rtf	rtf	1/1	6/6	1/1	0	match	9/9	27/27
slides/done-010/odp/Sector_Skills_Insights_Advanced_Manufacturing_summary_slide_pack.odp	odp	24/24	4589/4666	6/6	0	match	4693/4771	23961/23899
words/chartset-008/odt/004_Free_Genogram_Diagram_Template_Editable_Format_b82b6152.odt	odt	1/1	37/37	3/3	0	match	37/37	145/145
words/chartset-008/odt/012_Project_Timeline_Template_Black_and_Brown_Theme_35c76550.odt	odt	1/2	49/49	2/2	0	pages	56/56	201/201
sheets/pagination-001/ods/sectors-defense-and-aerospace.ods	ods	449/449	22986/22997	2/1	0	match	23953/23964	139163/139231
words/chartset-008/odt/046_Visual_Product_Roadmap_Template_Fillable_Format_582acab0.odt	odt	1/1	93/93	2/2	0	match	99/99	591/591
words/chartset-008/odt/100_Business_Case_Template_Modern_Format_ff9e7282.odt	odt	5/5	97/101	2/2	0	match	99/103	504/512
words/chartset-008/rtf/010_Free_Genogram_Diagram_Template_Yellow_Theme_6ee4f818.rtf	rtf	1/1	5/5	2/2	0	match	5/5	11/11
slides/ceiling-001/odp/7-Zulkefli_Part147n66_IKMAS.odp	odp	18/18	949/949	7/7	0	match	1012/1017	5520/5547
words/chartset-008/rtf/035_Venn_Diagram_Template_Editable_Format_966dff5f.rtf	rtf	1/1	39/39	2/2	0	match	40/40	142/142
words/chartset-008/rtf/098_Business_Case_Template_Fillable_Layout_d0c5410e.rtf	rtf	1/1	89/89	2/2	0	match	89/89	458/458
slides/done-010/odp/section_1_our_rights_presentation.odp	odp	30/30	4135/4144	7/7	0	match	4245/4254	22202/22132
words/chartset-009/odt/017_Project_Timeline_Template_Customizable_Format_5d5ca2e8.odt	odt	1/1	89/89	3/3	0	match	89/89	470/470
slides/ceiling-001/odp/OnTrac_StarCertificationProgram-3Day.odp	odp	15/15	1323/1030	8/7	0	words	1429/1116	7709/6233
words/chartset-009/odt/030_Unit_Circle_Chart_Points_System_23b5ef07.odt	odt	1/1	114/114	3/3	0	match	116/118	403/403
slides/done-011/odp/23-session-2-pptx.odp	odp	16/16	304/304	4/4	0	match	333/333	1836/1836
words/chartset-009/odt/042_Visual_Product_Roadmap_Template_Colored_Background_89385cfb.odt	odt	1/1	88/85	3/3	0	match	90/87	499/487
words/chartset-009/rtf/007_Free_Genogram_Diagram_Template_Green_and_Purple_Theme_8d2ba829.rtf	rtf	1/1	34/34	3/3	0	match	34/34	137/137
slides/ceiling-001/odp/Thailand17.odp	odp	54/54	2645/2625	9/9	0	match	2846/2826	14380/14380
words/chartset-009/rtf/027_Unit_Circle_Chart_Graphical_Chart_5462a579.rtf	rtf	1/1	321/187	3/2	0	words	321/187	1395/1019
words/chartset-009/rtf/041_Visual_Product_Roadmap_Template_Blank_Format_63a3e010.rtf	rtf	1/1	30/29	2/2	0	match	33/30	124/124
slides/ceiling-001/odp/solog_orientation_august_2019.odp	odp	15/15	670/685	6/6	0	match	730/746	4393/4393
slides/done-011/odp/B2B-Center-Readiness-and-Student-Retention.odp	odp	33/33	1348/1348	6/6	0	match	1555/1555	7768/7768
words/chartset-009/rtf/082_Printable_Graph_Paper_Template_Colored_Background_9092cf9b.rtf	rtf	1/1	3/3	1/1	0	match	6/6	14/14
slides/done-011/odp/_1___Opatrny_Ales_United_Kingdom_business_opportunities_final.odp	odp	25/25	1603/1627	6/6	0	match	1807/1831	8969/8990
words/chartset-010/odt/026_Unit_Circle_Chart_Four_Quadrants_09bf3ed1.odt	odt	1/1	99/99	3/4	0	match	153/153	418/418
words/chartset-010/odt/051_Organogram_Template_Basic_Theme_e6464d06.odt	odt	1/1	36/23	2/2	0	words	36/23	86/60
words/chartset-010/odt/067_Work_Breakdown_Structure_Template_Gray_Theme_89f8be8b.odt	odt	1/1	37/38	1/2	0	match	37/38	237/237
words/chartset-010/rtf/023_Unit_Circle_Chart_Circular_Percentage_790f7b75.rtf	rtf	1/1	105/95	3/2	0	words	105/95	543/519
slides/ceiling-002/odp/Demick_JetBlue.odp	odp	10/10	784/608	4/4	0	words	810/631	3267/3179
words/chartset-010/rtf/032_Venn_Diagram_Template_Brown_Theme_d5b549f0.rtf	rtf	1/1	44/43	1/1	0	match	44/43	196/195
words/chartset-010/rtf/066_Work_Breakdown_Structure_Template_Colored_Background_c27ff248.rtf	rtf	1/1	10/10	1/2	0	match	10/10	79/70
words/chartset-011/odt/015_Project_Timeline_Template_Colored_Background_6434b0e8.odt	odt	1/2	50/50	4/4	0	pages	54/54	211/211
words/chartset-011/odt/039_Venn_Diagram_Template_Simple_Format_6f82661d.odt	odt	1/1	35/35	2/2	0	match	38/38	161/161
slides/chart-001/odp/southern-classic-kennesaw-state-university-final.odp	odp	23/23	2228/2268	8/7	0	match	2321/2379	10999/10946
words/chartset-011/odt/061_Nursing_Concept_Map_Template_fb9816f0.odt	odt	1/1	21/21	2/3	0	match	23/23	150/150
slides/chartset-001/odp/016_advanced_powerpoint_bubble.odp	odp	1/1	43/43	3/3	0	match	49/49	287/287
slides/chartset-001/odp/combo_bar_line_chart.odp	odp	1/1	42/42	1/2	0	match	42/42	219/219
words/chartset-011/odt/068_Work_Breakdown_Structure_Template_Green_Theme_63e69ed8.odt	odt	1/1	85/86	2/3	0	match	86/87	493/493
slides/done-012/odp/County ACHS Presentaion Webinar 8-16-16 Peg.odp	odp	26/26	1321/1326	6/6	0	match	1390/1395	7595/7599
words/chartset-011/rtf/029_Unit_Circle_Chart_Pie_Theme_8a922142.rtf	rtf	1/1	95/94	2/1	0	match	95/94	517/512
slides/chartset-001/odp/stacked_area_chart.odp	odp	1/1	29/29	1/2	0	match	29/29	174/174
slides/chartset-002/odp/006_advanced_powerpoint_area.odp	odp	1/1	61/61	4/4	0	match	67/67	328/328
words/chartset-011/rtf/043_Visual_Product_Roadmap_Template_Customizable_Format_ee0fe5b1.rtf	rtf	1/1	184/184	3/3	0	match	186/186	1099/1099
words/chartset-011/rtf/065_Work_Breakdown_Structure_Template_Blue_Theme_2b207f62.rtf	rtf	1/1	14/14	2/3	0	match	14/14	80/85
slides/chartset-002/odp/017_advanced_powerpoint_bar.odp	odp	1/1	62/62	4/4	0	match	68/68	339/339
slides/done-012/odp/REDAC briefing March12-13-2014jemvbFINAL.ppt.odp	odp	25/25	2585/2584	9/8	0	match	2787/2786	15773/15773
words/chartset-012/odt/013_Project_Timeline_Template_Blue_Background_4ea3475e.odt	odt	1/1	108/98	3/3	0	match	110/100	312/312
slides/chartset-002/odp/030_advanced_powerpoint_area.odp	odp	1/1	61/61	4/4	0	match	67/67	327/327
words/chartset-012/odt/031_Venn_Diagram_Template_Blue_Theme_a9e417b8.odt	odt	1/1	66/55	3/3	0	words	78/64	304/249
slides/chartset-003/odp/002_advanced_powerpoint_column.odp	odp	1/1	63/63	4/4	0	match	69/69	335/335
slides/done-012/odp/gillikin_online_user_mtg_2010.odp	odp	40/40	1291/1292	5/5	0	match	1470/1469	7753/7753
slides/chartset-003/odp/009_advanced_powerpoint_bar.odp	odp	1/1	63/63	4/4	0	match	69/69	339/339
words/chartset-012/odt/055_Organogram_Template_Horizontal_Structure_28a7e725.odt	odt	1/1	88/67	1/1	0	words	90/68	470/402
slides/chartset-003/odp/012_advanced_powerpoint_pie.odp	odp	1/1	53/53	4/4	0	match	59/59	308/308
words/chartset-012/rtf/008_Free_Genogram_Diagram_Template_Green_and_Yellow_Theme_9017c1a8.rtf	rtf	1/1	4/4	2/2	0	match	4/4	10/10
slides/chartset-003/odp/028_advanced_powerpoint_pie.odp	odp	1/1	52/52	4/4	0	match	58/58	300/300
slides/done-013/odp/2014BSA_Sunday_Killion.odp	odp	50/50	3552/3559	8/8	0	match	3695/3702	17181/17188
words/chartset-012/rtf/024_Unit_Circle_Chart_Colorful_Circles_7c92601e.rtf	rtf	1/1	95/95	1/1	0	match	95/95	517/517
slides/chartset-004/odp/018_advanced_powerpoint_column.odp	odp	1/1	61/61	4/4	0	match	67/67	329/329
words/chartset-012/rtf/050_Visual_Product_Roadmap_Template_Yellow_and_Blue_Theme_49b50744.rtf	rtf	1/1	215/215	4/4	0	match	216/216	1288/1288
slides/chartset-004/odp/022_advanced_powerpoint_area.odp	odp	1/1	61/61	4/4	0	match	67/67	329/329
words/chartset-012/rtf/096_Business_Case_Template_Editable_Layout_41fe0bc0.rtf	rtf	1/2	34/34	2/2	0	pages	40/40	235/235
slides/chartset-004/odp/029_advanced_powerpoint_doughnut.odp	odp	1/1	52/52	4/4	0	match	58/58	300/300
words/chartset-013/odt/048_Visual_Product_Roadmap_Template_Quality_Layout_f38f7aee.odt	odt	1/1	61/61	2/2	0	match	62/62	402/402
slides/chartset-005/odp/006_2-Way_Horizontal_Hierarchy_for_PowerPoint_and_Google_Slides_7c1e5084.odp	odp	3/3	124/162	5/3	0	match	126/164	645/645
words/chartset-013/odt/069_Work_Breakdown_Structure_Template_Professional_Format_1e02dce1.odt	odt	1/1	108/117	1/1	0	match	110/119	298/298
slides/chartset-005/odp/069_Funnel_Diagram_for_PowerPoint_with_3_Steps_f96396fc.odp	odp	1/1	12/12	3/3	0	match	12/12	68/68
words/chartset-013/odt/075_Storyboard_Template_Fillable_Format_7fa01641.odt	odt	1/1	61/61	3/3	0	match	109/109	316/316
slides/chartset-005/odp/076_Hexadonut_Charts_for_PowerPoint_and_Google_Slides_2b879835.odp	odp	3/3	214/246	4/3	0	match	216/248	1101/1101
words/chartset-013/rtf/047_Visual_Product_Roadmap_Template_Professional_Layout_2ff4499e.rtf	rtf	1/1	43/43	2/2	0	match	44/44	182/183
words/chartset-013/rtf/060_Human_Body_Concept_Map_Template_ac872cfb.rtf	rtf	1/1	30/29	2/2	0	match	30/29	148/138
slides/chartset-006/odp/007_3_Circles_Diagram_for_PowerPoint_dac9f170.odp	odp	3/3	269/293	4/3	0	match	269/293	1378/1378
words/chartset-013/rtf/073_Storyboard_Template_Easy_to_Use_44ce05fc.rtf	rtf	1/1	0/0	0/0	0	match	0/0	0/0
slides/chartset-006/odp/043_Dual_Horizontal_Hierarchy_for_PowerPoint_and_Google_Slides_5074b09e.odp	odp	3/3	124/164	5/3	0	match	126/166	693/693
words/chartset-014/odt/011_Project_Timeline_Template_Beautiful_Theme_2336e680.odt	odt	1/1	176/158	4/4	0	words	176/158	993/885
slides/chartset-006/odp/077_Horizontal_Org_Chart_for_PowerPoint_and_Google_Slides_8cf07020.odp	odp	3/3	202/232	5/3	0	match	204/234	961/961
words/chartset-014/odt/062_Vocabulary_Concept_Map_Template_2f7c1c09.odt	odt	1/1	11/11	1/2	0	match	11/11	76/76
slides/chartset-007/odp/035_Chemistry_Column_PowerPoint_Chart_45bf8a76.odp	odp	3/3	293/325	5/3	0	match	293/325	1462/1462
words/chartset-014/odt/071_Storyboard_Template_Cartoon_Theme_ae113de2.odt	odt	1/1	22/21	2/2	0	match	42/41	146/141
slides/chartset-007/odp/054_Flowchart_Board_Game_for_PowerPoint_and_Google_Slides_1b047962.odp	odp	3/3	180/208	4/3	0	match	182/210	967/967
words/chartset-014/odt/079_Storyboard_Template_Simple_Format_81653703.odt	odt	1/1	24/24	2/2	0	match	45/45	144/144
words/chartset-014/rtf/045_Visual_Product_Roadmap_Template_Excellent_Format_e364063c.rtf	rtf	1/1	43/42	3/3	0	match	48/47	242/235
slides/chartset-007/odp/090_Infographic_Radial_for_PowerPoint_and_Google_Slides_16a69891.odp	odp	3/3	112/144	5/3	0	match	114/146	625/625
words/chartset-014/rtf/070_Storyboard_Template_Blank_Format_fc41673a.rtf	rtf	1/1	0/0	0/0	0	match	0/0	0/0
slides/chartset-007/odp/096_Lab_Flask_Charts_for_PowerPoint_and_Google_Slides_91e3cbb5.odp	odp	3/3	192/216	5/3	0	match	194/218	1009/1009
words/chartset-014/rtf/078_Storyboard_Template_Pink_and_Gray_Theme_ea89553f.rtf	rtf	1/1	0/0	0/0	0	match	0/0	0/0
slides/chartset-008/odp/018_4-Step_Hexagons_Puzzle_Diagram_for_PowerPoint_19957cce.odp	odp	3/3	350/378	5/3	0	match	350/378	1685/1685
words/done-001/odt/FAA-2013-0422-0009_attachment_1.odt	odt	7/7	1845/1845	1/1	0	match	1907/1907	9308/9308
words/done-001/odt/Pre-Application_Letter_of_Intent_Example.odt	odt	1/1	350/350	2/2	0	match	350/350	1780/1780
slides/chartset-008/odp/058_Four-Direction_Divergence_Diagram_for_PowerPoint_and_Google_Slides_9838e28d.odp	odp	3/3	272/318	4/3	0	match	274/320	1423/1423
words/done-001/odt/advert-for-draft-decision-airbus-epr-bm3965ia-v006.odt	odt	2/2	385/385	3/3	0	match	387/387	2104/2104
slides/chartset-008/odp/078_Horizontal_Pyramid_Org_Chart_for_PowerPoint_and_Google_Slides_70ea115a.odp	odp	3/3	208/244	4/3	0	match	210/246	1155/1155
words/done-001/rtf/CMTA_Airport_Transportation.rtf	rtf	1/1	255/255	2/3	0	match	260/260	1305/1305
words/done-001/rtf/LENTOBUSSIAIKATAULU.-31.10.-31.12.2022.rtf	rtf	1/1	104/104	3/4	0	match	128/128	716/716
slides/chartset-009/odp/020_5-Option_Color_Wheel_Diagram_104ea3b0.odp	odp	3/3	317/352	5/5	0	match	322/357	1569/1569
words/done-001/rtf/Service-Bulletin-SDFNR5-April-25-2023-FNR-TRANSMISSION-LUBRICATION.rtf	rtf	1/1	297/297	3/4	0	match	300/300	1223/1223
slides/chartset-009/odp/030_Abstract_Petal_Diagram_71aa5e3a.odp	odp	3/3	267/302	5/5	0	match	272/307	1337/1335
words/done-001/rtf/private-hire-operators-licensed.rtf	rtf	2/2	237/237	2/2	0	match	239/239	1417/1417
slides/chartset-009/odp/052_Flame_Percentage_Chart_d27d49c4.odp	odp	3/3	287/322	5/5	0	match	292/327	1421/1421
words/done-002/odt/CSCRS_Technical-Report-Documentation-Page-with-instructions.odt	odt	2/2	719/719	3/3	0	match	720/720	3936/3936
words/done-002/odt/Interview-mit-Manfred1-Müller.odt	odt	2/2	801/801	2/2	0	match	805/805	4744/4744
slides/chartset-010/odp/002_10-Point_Dual_Hub_Comparison_4ee242c9.odp	odp	3/3	89/124	5/5	0	match	94/129	445/445
words/done-002/odt/prison-population-bulletin-june.odt	odt	4/4	1425/1425	2/2	0	match	1440/1440	6038/6038
slides/chartset-010/odp/041_Crosswise_Quadrant_Diagram_ea8bdf52.odp	odp	3/3	255/292	5/5	0	match	260/297	1301/1299
words/done-002/rtf/Bull01-06-Reserve Training Standards.rtf	rtf	6/6	1482/1482	3/2	0	match	1483/1483	7948/7948
words/done-002/rtf/FMRBullletinB-28.rtf	rtf	2/2	461/461	3/3	0	match	461/461	2835/2835
slides/chartset-010/odp/048_Five-Arrows_Converging_Cycle_bb192e27.odp	odp	3/3	311/340	5/5	0	match	316/345	1589/1587
words/done-002/rtf/lk03_17.rtf	rtf	2/2	367/367	2/2	0	match	373/373	1931/1931
slides/chartset-010/odp/095_Interwoven_Bars_e5aa46c2.odp	odp	3/3	285/312	5/5	0	match	290/317	1409/1407
words/done-003/odt/10795.odt	odt	4/4	845/857	4/4	0	match	852/864	5384/5428
words/done-003/odt/96-3-clement-data.odt	odt	7/7	1469/1469	4/4	0	match	1514/1513	10193/10193
slides/chartset-011/odp/034_Central_Idea_Hub_Diagram_8258e6ad.odp	odp	3/3	169/208	5/5	0	match	174/213	747/747
words/done-003/odt/II.1.2_Hypoxia.odt	odt	13/13	3729/3729	2/2	0	match	3738/3738	19253/19253
slides/chartset-011/odp/053_Flow_Wave_Process_9c0082f4.odp	odp	3/3	211/220	5/5	0	match	216/225	889/889
words/done-003/odt/mde087077~283.odt	odt	4/4	987/987	3/3	0	match	997/997	5806/5806
slides/chartset-011/odp/097_Labeled_Organization_Chart_for_PowerPoint_and_Google_Slides_f24fa592.odp	odp	3/3	238/276	5/3	0	match	240/278	1237/1237
words/done-003/rtf/2015-April-SWIM_Users_Forum-Q&A.rtf	rtf	5/5	1701/1700	4/4	0	match	1705/1704	8333/8333
words/done-003/rtf/DRX-Ascend System Course Description.rtf	rtf	2/2	475/475	3/4	0	match	512/512	2950/2950
slides/chartset-012/odp/008_3-Circle_Venn_Diagram_024a12c5.odp	odp	3/3	217/246	5/5	0	match	222/251	1097/1095
words/done-003/rtf/Temp16.rtf	rtf	2/2	669/669	4/4	0	match	671/671	3431/3431
slides/chartset-012/odp/064_Four-Step_Success_Cycle_30c0a917.odp	odp	3/3	151/174	5/5	0	match	156/179	701/701
words/done-004/odt/1528039320.odt	odt	1/1	289/289	2/2	0	match	292/292	1790/1790
slides/chartset-012/odp/074_Hashtag_Matrix_246eb8d9.odp	odp	3/3	245/274	5/5	0	match	250/279	1271/1269
words/done-004/odt/How-to-Write-an-Architecture-Document-for-a-Technology-Service.odt	odt	3/3	953/953	3/3	0	match	960/960	5491/5482
words/done-004/odt/RobertQ_Service.odt	odt	4/4	547/547	2/2	0	match	588/587	2735/2735
slides/chartset-013/odp/014_3D_Radial_Block_List_for_PowerPoint_and_Google_Slides_0773075e.odp	odp	3/3	430/450	5/3	0	match	432/452	2249/2249
words/done-004/rtf/07-04.rtf	rtf	3/3	1069/1069	5/5	0	match	1078/1078	5485/5485
slides/chartset-013/odp/032_BCG_Growth-Share_Matrix_560d0485.odp	odp	3/3	213/342	5/5	0	match	226/355	1153/1153
words/done-004/rtf/461249.rtf	rtf	5/5	1671/1669	4/4	0	match	1710/1708	8911/8911
words/done-004/rtf/PAT-047 - Architecture and Detailed Design Assessment.rtf	rtf	4/4	1040/1041	4/8	0	match	1053/1054	6139/6137
slides/chartset-013/odp/056_Four-Block_Hub_Spoke_134b89d1.odp	odp	3/3	219/240	5/5	0	match	226/247	1107/1105
words/done-004/rtf/opic 5--Case Studies Movie and Aviation Industries.rtf	rtf	5/5	1194/1194	5/5	0	match	1196/1196	5293/5293
slides/chartset-013/odp/088_Infographic_Quadrant_Pie_Chart_7b1e8abd.odp	odp	3/3	289/332	5/5	0	match	294/337	1435/1433
words/done-005/odt/316r_a_f.odt	odt	14/14	4582/4584	5/4	0	match	4632/4634	25186/25186
words/done-005/odt/Theft-Restitution-Letter-Vancouver-ASC-2005.odt	odt	1/1	262/262	2/2	0	match	265/265	1319/1319
slides/chartset-014/odp/024_5-Step_Segmented_Cycle_Process_c8ca37ef.odp	odp	3/3	343/378	5/5	0	match	348/383	1721/1721
words/done-005/odt/loi_format_letter_of_intent-a-320-214-a330.odt	odt	10/10	3336/3346	4/5	0	match	3362/3372	16742/16753
slides/chartset-014/odp/059_Four-Part_Concept_Puzzle_30cea7e5.odp	odp	6/6	570/639	6/6	0	match	594/663	2961/2959
words/done-005/rtf/316r_a_e.rtf	rtf	14/14	4373/4373	5/4	0	match	4418/4418	24160/24160
words/done-005/rtf/Technical Report and Technical Update Guidelines.rtf	rtf	4/4	1205/1205	4/7	0	match	1251/1251	6716/6716
slides/chartset-014/odp/085_Infographic_Org_Chart_for_PowerPoint_5_Blocks_3870252f.odp	odp	3/3	49/85	5/3	0	match	49/87	304/304
words/done-005/rtf/healthcare-reform-nsa-consumer-bulletin.rtf	rtf	4/4	1701/1701	4/5	0	match	1711/1711	8645/8645
slides/done-001/odp/BMFE-06-03 (Gerflor) Smoke Density and Toxicity.odp	odp	6/6	732/732	4/4	0	match	794/794	3547/3547
words/done-006/odt/003.odt	odt	5/5	984/984	3/3	0	match	999/999	5761/5761
slides/done-001/odp/Trust Fund Excise Taxes Structure.odp	odp	1/1	169/169	2/2	0	match	189/189	868/868
slides/done-013/odp/PRM_training.odp	odp	22/22	2159/2151	7/7	0	match	2195/2188	10593/10565
words/done-006/odt/LHD-230-application-for-the-approval-of-an-aircraftr.odt	odt	2/2	774/774	3/3	0	match	781/779	4383/4383
slides/done-001/odp/iaeg_work_group_leader_updates.odp	odp	1/1	90/90	4/4	0	match	91/91	505/505
slides/done-013/odp/hofman.odp	odp	13/13	450/450	3/4	0	match	504/503	2941/2945
words/done-006/odt/Wales_Office_Quarter_4_Ministerial_Transparency_Return.odt	odt	6/6	941/941	4/4	0	match	955/955	5642/5642
words/done-006/odt/technical-memo-format.odt	odt	5/5	1812/1812	5/5	0	match	1846/1846	9300/9300
words/done-006/rtf/62599_FRANCE-BRAZIL- Air France Flight 447 crash.rtf	rtf	16/16	6132/6132	2/2	0	match	6165/6165	30134/30134
slides/done-013/odp/ws_prod-g-doc-Events-2008-February-5-NATO-activities.odp	odp	13/13	449/453	4/4	0	match	512/516	2163/2163
words/done-006/rtf/SDL_FSDO_Part91_LOA_Checklist.rtf	rtf	2/2	424/424	3/3	0	match	430/430	2375/2375
words/done-006/rtf/healthcare-reform-nsa-provider-bulletin.rtf	rtf	6/5	1943/1936	6/7	0	pages	1988/1980	11257/11209
words/done-007/odt/0c662f5c948a7d81d32ffd833c5cc59421a5f522.odt	odt	1/1	397/398	4/4	0	match	417/418	2004/2004
words/done-007/odt/chapter 12.odt	odt	12/12	3671/3671	4/4	0	match	3683/3683	18868/18868
slides/done-002/odp/080214-Intl-pol-frameworks-and-their-implications-for-Africa-ISS-workshop.odp	odp	18/18	815/814	4/4	0	match	871/870	4473/4473
words/done-007/odt/johnson_hall_service_log.pdf.odt	odt	1/1	274/274	6/6	0	match	317/317	1364/1364
slides/done-002/odp/diapo_6_fees_vous_etes_poctdoct_exterieur_a_luniv_v2_0_1.odp	odp	1/1	92/92	3/3	0	match	98/98	558/558
words/done-007/rtf/09.rtf	rtf	2/2	463/463	4/4	0	match	463/463	2608/2608
words/done-007/rtf/RNW167A-150428.rtf	rtf	9/9	1767/1767	5/5	0	match	1770/1770	9336/9336
slides/done-002/odp/ws_prod-g-doc-Events-2007-Approval-of-Flight-Conditions-RM-NAA-16032007.odp	odp	14/14	746/743	5/6	0	match	832/820	4659/4659
words/done-007/rtf/final-technical-report-template.rtf	rtf	6/6	1117/1123	5/6	0	match	1130/1136	6153/6153
slides/done-002/odp/ws_prod-g-doc-Events-Part-M-presentation.odp	odp	30/30	1844/1845	3/4	0	match	1883/1878	10489/10489
words/done-007/rtf/template-technical-report.rtf	rtf	10/10	837/837	2/4	0	match	859/859	4363/4363
words/done-008/odt/4400-91_Proposal_To_Lease_Space_10-2024.odt	odt	6/6	3280/3280	7/5	0	match	3304/3304	16849/16850
slides/done-003/odp/97936.odp	odp	15/15	1266/1267	5/5	0	match	1352/1353	6561/6561
words/done-008/odt/FlightLaws.odt	odt	4/4	1073/1074	6/5	0	match	1132/1133	5533/5533
slides/done-003/odp/ev122_jj-liew-tort-of-bribery-webinar.odp	odp	24/24	1370/1374	4/4	0	match	1445/1449	6734/6738
words/done-008/odt/UAS-SGI_waiver_approval_request_form.odt	odt	2/2	489/489	3/3	0	match	513/513	2731/2731
words/done-008/rtf/2024-2nd-quarter-case-summaries.rtf	rtf	10/10	5675/5675	4/4	0	match	5677/5677	28056/28056
slides/done-003/odp/ws_prod-g-doc-Events-2007-september-M.017-(French)-France.odp	odp	55/55	6214/6215	3/4	0	match	6290/6291	33915/33915
words/done-008/rtf/FAA-2017-0628-0002_attachment_1.rtf	rtf	5/4	641/635	5/5	0	pages	644/638	3661/3607
words/done-008/rtf/PUR-0012-UTAS-GRAMS-SPA-Template-1-25-2024.rtf	rtf	6/6	1027/1027	3/5	0	match	1083/1083	6234/6234
slides/done-004/odp/DOE Interactive Exercise Presentation draft rev 2.odp	odp	10/10	563/574	5/5	0	match	645/655	2732/2744
words/done-009/odt/2013-op12-Annex III - Curriculum Vitae.odt	odt	3/3	332/332	3/3	0	match	359/359	2004/2004
slides/done-004/odp/Session 21- The option to expand & abandon.odp	odp	12/12	885/885	6/5	0	match	968/967	4268/4268
words/done-009/odt/CP-ETSO template_v2020.odt	odt	6/6	1130/1111	6/6	0	match	1155/1136	6448/6448
words/done-009/odt/SWDD-template.odt	odt	6/6	1076/1077	6/6	0	match	1077/1078	5833/5833
words/done-009/odt/technical report template.odt	odt	10/10	842/845	3/4	0	match	843/846	4080/4095
words/done-009/rtf/A380MaenPressRel.rtf	rtf	3/3	770/770	6/6	0	match	789/789	3944/3944
slides/done-004/odp/redac-fullComm-201705-EE-FRs-briefing.odp	odp	8/8	374/374	4/4	0	match	403/384	2268/2268
words/done-009/rtf/Contract_Check_Pilot_Sample_LOA.rtf	rtf	4/4	1324/1324	5/6	0	match	1336/1336	7205/7213
slides/done-005/odp/5b_upasana_dasgupta_-_liability_and_registration.odp	odp	15/15	955/955	3/3	0	match	1007/1005	5024/5024
words/done-009/rtf/form_1123_application_form_rvsm_spa.rtf	rtf	3/3	578/578	5/8	0	match	638/638	3321/3321
slides/done-005/odp/NAS-Infrastructure-Roadmaps-HSI.odp	odp	9/9	1413/1415	5/5	0	match	1467/1469	9003/9027
words/done-010/odt/195584360.odt	odt	20/20	7842/7841	5/5	0	match	8011/8010	45562/45562
words/done-010/odt/Checklist for TC STC ETSO data packages to FAA_TIP rev 5.odt	odt	3/3	1048/1102	5/4	0	words	1048/1102	5708/6062
words/done-010/odt/Writing a technical report (SCE subject guide).odt	odt	4/4	1221/1221	8/8	0	match	1267/1267	6403/6403
words/done-010/rtf/1528364855.rtf	rtf	3/3	1070/1072	5/5	0	match	1101/1103	6219/6219
slides/done-005/odp/c_291533.odp	odp	19/19	1104/1105	7/7	0	match	1158/1159	5913/5913
words/done-010/rtf/5709.16 ch.40_mgfinal.rtf	rtf	31/29	9819/8844	4/4	0	pages,words	10030/8995	58768/52691
slides/done-005/odp/ws_prod-g-doc-Events-industrymeeting18112004-Aercap.odp	odp	12/12	1271/1269	3/3	0	match	1345/1343	6950/6938
words/done-010/rtf/PM-apeech-Handover-of-New-Airbus-Aircraft-for-Fiji-Airways-Dec.-15th.rtf	rtf	5/5	582/582	4/4	0	match	584/584	2742/2742
words/done-010/rtf/te.iors.00048-002 SUP Questionnaire.rtf	rtf	3/4	588/620	2/2	0	pages,words	607/640	3426/3627
slides/done-006/odp/Lepore.odp	odp	20/20	1812/1822	5/5	0	match	1938/1948	10749/10767
words/done-011/odt/Company-profile-2022-EN.odt	odt	5/5	1170/1171	4/6	0	match	1212/1212	5657/5630
slides/done-006/odp/iris07.12.12.odp	odp	21/21	882/881	9/9	0	match	939/938	4795/4795
words/done-011/odt/f2_registro_de_aprovacao_com_pbcs_EN.odt	odt	2/2	454/454	4/5	0	match	458/458	2286/2286
words/done-011/odt/part-145-approval list 2025.odt	odt	7/7	1455/1456	5/5	0	match	1478/1479	7822/7822
slides/done-006/odp/wopanets-innovationdays-06-16.odp	odp	15/15	563/563	3/3	0	match	626/626	3625/3625
words/done-011/rtf/AAC-AD-No-2021-01-Boeing-737-8-and-737-9-MAX.rtf	rtf	22/21	7452/7454	6/7	0	pages	7511/7513	38768/38766
words/done-011/rtf/eTAR_External_Web_tool_Tip_Sheet_mh.rtf	rtf	4/4	930/928	4/3	0	match	936/934	4604/4579
words/done-011/rtf/part-145-approval list (1).rtf	rtf	8/8	1522/1529	5/5	0	match	1534/1541	8044/8072
words/done-012/odt/19-06 Assistive Technology TAB Final - 508.odt	odt	8/8	3060/3240	8/8	0	words	3087/3267	17102/18195
words/done-012/odt/FO.FCTOA_.000129 Application for activities related to FSTD.odt	odt	6/6	1580/1684	7/6	0	words	1609/1712	8397/8979
words/done-012/odt/b050-19.odt	odt	3/3	872/872	4/4	0	match	874/874	4882/4882
slides/done-007/odp/10. Drawings, circuit diagrams and schematics.odp	odp	23/23	1499/1502	4/4	0	match	1518/1521	8444/8444
words/done-012/odt/technical-architecture.odt	odt	8/8	1085/1109	8/10	0	match	1104/1130	6859/6961
slides/done-007/odp/Boeing 737 Max - Group 5.odp	odp	2/2	7/7	1/1	0	match	7/7	27/27
words/done-012/rtf/AirbusCallouts.rtf	rtf	25/25	8470/8470	4/5	0	match	9174/9174	43670/43670
words/done-012/rtf/RMI_Document_Repository_Public-Reprts_GettingOffOil.rtf	rtf	6/6	2730/2729	6/7	0	match	2731/2731	14617/14617
slides/done-007/odp/flying-by-numbers-presentation.odp	odp	10/10	547/547	7/8	0	match	577/577	2368/2379
words/done-012/rtf/slcc-architecture-uu-architecture.rtf	rtf	4/4	1205/1205	6/7	0	match	1236/1236	6328/6328
words/done-013/odt/1257259179492_2007_TPPT_102_Supporting_Doc_2-434003080.odt	odt	9/9	2111/2124	4/5	0	match	2149/2163	10113/10122
slides/done-008/odp/8.16_AOD_FINAL_Provider_Training_Presentation_9_2009.odp	odp	94/94	4310/4311	7/6	0	match	4542/4542	22480/22481
words/done-013/odt/SPA-11_mcar_part-11_v2.9.odt	odt	48/48	13898/13854	2/3	0	match	13925/13881	70340/70322
slides/done-014/odp/Reporting_responsibilities_matrix.odp	odp	268/268	57743/57742	3/3	0	match	57918/57917	308442/308444
words/done-013/odt/gpp-pr-top-7-office-markets-4q-2023.odt	odt	4/4	1066/1075	4/5	0	match	1101/1109	5669/5669
words/done-013/rtf/1228841571067_2009_TPPT_13__2007_TPPT_102__R-108535759.rtf	rtf	12/11	2797/2788	5/5	0	pages	2797/2789	14396/14300
words/done-013/rtf/Reid.rtf	rtf	4/4	1553/1553	5/6	0	match	1570/1570	8425/8425
slides/done-014/odp/redac-nasops-201503-RIRP-portfolio-update.odp	odp	46/46	2764/2761	10/9	0	match	2917/2916	15418/15418
words/done-013/rtf/easa-regulations-update-20.rtf	rtf	22/19	2738/2717	4/5	0	pages	2844/2817	14939/14843
words/done-013/rtf/omrIMInterpretiveGuideLine.rtf	rtf	2/2	367/361	4/6	0	match	368/362	2253/2253
words/done-014/odt/231164_SystemDesignDocument.odt	odt	28/28	6531/6562	6/6	0	match	6669/6709	38705/38925
words/done-014/odt/AFS-050-004-F2_0i.odt	odt	7/8	2183/2228	10/9	0	pages	2337/2384	13175/13442
words/done-014/odt/exhibit-06---technical-architecture-template.odt	odt	8/8	1050/1085	9/12	0	match	1058/1094	6713/6775
words/done-014/rtf/1_tpr_template__from_fy14_.rtf	rtf	10/10	3479/3481	9/10	0	match	3495/3497	18672/18672
words/done-014/rtf/644730BRI0mna000BOX361539B00public0.rtf	rtf	4/4	2323/2324	8/8	0	match	2331/2332	12817/12817
words/done-014/rtf/Regulations Governing the Status, Basic Rights and Duties of Officials other than Secretariat Officials, and Experts on Mission.rtf	rtf	17/4	6362/174	4/4	0	pages,words	6417/175	33430/1000
words/done-015/odt/03_Technical_Report_(progress)_template.odt	odt	11/10	1347/1409	8/6	0	pages,words	1368/1430	7200/7403
words/done-015/odt/DOA_Template_Form_Type_Certification_Programme.odt	odt	20/20	5398/5364	5/5	0	match	5477/5443	28870/28541
words/done-015/odt/SFSP_2013-02_Bulletin.odt	odt	4/4	942/942	7/6	0	match	965/965	5136/5136
words/done-015/odt/system_design__technical_architecture_template.odt	odt	17/17	1681/1720	5/6	0	match	1750/1789	9815/9910
words/done-015/rtf/Agile_Arc_SysDes.rtf	rtf	20/20	5619/5630	10/10	0	match	5704/5715	33434/33437
slides/done-008/odp/FIT26-Presentation-Airservices-Update.odp	odp	11/11	221/221	4/4	0	match	241/241	1295/1295
words/done-015/rtf/PI-doc.-no.-2E-Technical-Review-Report.rtf	rtf	10/10	1774/1687	8/10	0	words	1922/1835	9795/9461
slides/done-008/odp/RESPA_-_Section_8_Webinar.odp	odp	35/35	2569/2573	5/5	0	match	2759/2765	13289/13293
words/done-015/rtf/airbus-pdf-information-package_v1-4.rtf	rtf	9/9	1131/1131	4/9	0	match	1173/1173	5613/5613
slides/done-008/odp/item_3-environmental_process_briefing.odp	odp	12/12	296/296	4/4	0	match	334/334	1765/1765
words/done-016/odt/150_5335_5a.odt	odt	63/64	19152/19085	10/9	0	pages	19348/19276	95866/95842
slides/done-009/odp/COMSTAC_11_5_2021am_2.odp	odp	39/39	2741/2741	4/4	0	match	2858/2858	16225/16225
slides/done-009/odp/HENTZEN_COMPOSITE_MATERIALS_IN_THE_AEROSPACE_INDUSTRY.odp	odp	12/12	320/320	3/3	0	match	344/344	1868/1868
words/done-016/odt/Annex-10-to-the-Aircraft-Maintenance-Specialist-Certification-Rule-GCAA.odt	odt	148/148	35041/35041	4/5	0	match	35311/35311	189432/189432
slides/done-009/odp/iep-amount-frequency-for-webinar.odp	odp	39/39	1681/1691	6/6	0	match	1763/1774	9154/9154
slides/done-010/odp/BasicMed_AME_Presentation.odp	odp	18/18	870/870	5/4	0	match	939/939	4930/4930
words/done-016/odt/SPA-06_mcar_part-6_and_IS_v2.9.odt	odt	85/85	27371/27414	3/5	0	match	27383/27429	142727/142938
slides/done-014/odp/servicedesk-plus-overviewfinal.odp	odp	66/66	1805/1805	8/8	0	match	1904/1903	11471/11471
slides/done-010/odp/John_Broggio__RSS_Campion_event_John_Broggio.odp	odp	25/25	1171/1172	4/3	0	match	1245/1246	6867/6867
words/done-016/odt/t_TEMPforInvProgs.odt	odt	26/26	4874/5020	5/6	0	match	4921/5072	27358/27790
slides/done-015/odp/Architecture.odp	odp	29/29	845/845	4/4	0	match	867/867	4696/4696
slides/done-010/odp/Tax factsheet 2022 (1).odp	odp	27/27	2866/2869	5/5	0	match	2946/2949	13637/13637
slides/done-011/odp/171128IPAP.odp	odp	40/40	4787/4670	9/10	0	match	5014/4897	25439/25433
slides/done-011/odp/3492.odp	odp	22/22	1266/1266	5/6	0	match	1320/1320	6833/6833
words/done-016/rtf/AC-150-5370-10G-updated-201604.rtf	rtf	644/667	279969/280090	11/12	0	pages	284594/284713	1429150/1430537
words/done-016/rtf/HC-Bulletin-template.rtf	rtf	5/1	454/18	6/3	0	pages,words	516/18	2947/95
slides/extra-001/odp/FAAAIandtheArtandScienceofV&Vfinal.odp	odp	30/30	1135/1133	6/6	0	match	1221/1219	5852/5868
words/done-016/rtf/TE.CAO.00125 Foreign Part 145 approvals - OJT Logbook.rtf	rtf	17/26	1939/2397	5/7	0	pages,words	2307/2778	10089/13132
slides/done-011/odp/NAS-Infrastructure-Roadmaps-v16.0.odp	odp	137/137	19237/18850	6/6	0	match	19690/19302	107057/106980
words/drawingset-001/odt/WordArt_Shapes_Arrows_Catalog1.odt	odt	45/52	2352/1972	4/4	0	pages,words	2855/2468	13424/11390
words/ceiling-001/odt/150_5300_13_chg8.odt	odt	21/18	8611/8512	8/8	0	pages	8674/8573	41862/41416
slides/done-011/odp/order-of-worship-ppt-revised-2018.odp	odp	28/28	1124/1139	5/5	0	match	1197/1212	5287/5302
words/extra-001/odt/ABCD-SDE-23-00 - Avionic System Description - 17.02.16 - v1.odt	odt	30/29	8856/8400	10/8	0	pages,words	9001/8546	46862/43748
words/ceiling-001/rtf/150_5300_13_chg8.rtf	rtf	17/19	7133/8595	7/6	0	pages,words	7179/8656	34230/41729
words/extra-001/odt/UG.CAO.00133 Foreign Part 145 approvals - Language.odt	odt	18/18	3662/3667	5/5	0	match	3757/3762	20665/20682
words/chartset-001/odt/002_advanced_word_chart_report.odt	odt	1/1	96/96	4/4	0	match	102/102	536/536
words/chartset-001/odt/020_advanced_word_chart_report.odt	odt	1/1	94/94	4/4	0	match	100/100	530/530
words/chartset-001/odt/clustered-column-result.odt	odt	1/1	68/68	3/2	0	match	68/68	389/389
slides/done-012/odp/Intersil_Italy_CAN_Bus_Transceiver_Presentation_Final.odp	odp	39/39	3498/3415	7/7	0	match	3834/3808	18048/17949
words/extra-001/rtf/ABCD-SDE-23-00 - Avionic System Description - 17.02.16 - v1.rtf	rtf	41/41	9023/9000	9/10	0	match	9151/9120	48122/47800
words/chartset-001/odt/pie-chart-template.odt	odt	1/1	9/9	3/2	0	match	9/9	73/73
words/extra-001/rtf/UG.CAO.00133 Foreign Part 145 approvals - Language.rtf	rtf	17/-	2956/-	4/-	0	ref-failed	3029/-	16461/-
words/chartset-001/rtf/014_advanced_word_chart_report.rtf	rtf	1/1	94/94	3/4	0	match	100/100	531/531
words/chartset-001/rtf/032_advanced_word_chart_report.rtf	rtf	1/1	94/94	3/4	0	match	100/100	534/534
words/metrics-001/odt/A320SimNotes.odt	odt	42/42	13878/13919	7/10	0	match	14963/14999	67430/67512
words/chartset-001/rtf/pie-chart-result.rtf	rtf	1/1	40/24	2/2	0	words	40/24	234/157
words/chartset-002/odt/006_advanced_word_chart_report.odt	odt	1/1	94/94	4/4	0	match	100/100	529/529
words/chartset-002/odt/017_advanced_word_chart_report.odt	odt	1/1	95/95	4/4	0	match	101/101	540/540
slides/done-012/odp/SRDMG(16)024_60 GHz onboard airplanes.odp	odp	26/26	1862/1862	7/7	0	match	1931/1931	10312/10312
words/chartset-002/odt/029_advanced_word_chart_report.odt	odt	1/1	94/94	4/4	0	match	100/100	528/528
words/chartset-002/rtf/005_advanced_word_chart_report.rtf	rtf	1/1	94/94	3/4	0	match	100/100	529/529
slides/done-012/odp/vv_summit_SAIC-PRESENTATION_FAA-V&V-Summit_508c.odp	odp	19/19	649/648	4/4	0	match	707/706	3573/3573
words/chartset-002/rtf/015_advanced_word_chart_report.rtf	rtf	1/1	94/94	3/4	0	match	100/100	532/532
words/metrics-001/odt/OM template for non-complex NCC operators_August 2016.odt	odt	166/165	51179/51262	7/8	0	pages	52200/52286	268604/268604
words/chartset-002/rtf/023_advanced_word_chart_report.rtf	rtf	1/1	94/94	3/4	0	match	100/100	532/532
words/metrics-001/odt/手机免提系统TSB.odt	odt	2/3	75/95	8/6	0	pages	78/99	1173/1189
words/chartset-002/rtf/033_advanced_word_chart_report.rtf	rtf	1/1	94/94	3/4	0	match	100/100	529/529
words/chartset-003/odt/004_advanced_word_chart_report.odt	odt	1/1	94/94	4/4	0	match	100/100	530/530
slides/done-013/odp/2015-Civil-Rights-Website-training.odp	odp	94/94	6118/6120	12/11	0	match	6584/6586	34818/34818
words/metrics-001/rtf/AWR OPS-AOC 044 Statement of Compliance RVSM  Rev 04 01 Feb 2024.rtf	rtf	11/10	1974/2035	7/7	0	pages,words	2113/2169	10465/10701
words/chartset-003/odt/016_advanced_word_chart_report.odt	odt	1/1	95/95	4/4	0	match	101/101	537/537
words/chartset-003/odt/027_advanced_word_chart_report.odt	odt	1/1	94/94	4/4	0	match	100/100	528/528
words/chartset-003/rtf/003_advanced_word_chart_report.rtf	rtf	1/1	95/95	3/4	0	match	101/101	534/534
slides/done-013/odp/Structural Testing.odp	odp	89/89	4336/4340	12/12	0	match	4973/5001	20355/20360
words/chartset-003/rtf/009_advanced_word_chart_report.rtf	rtf	1/1	96/96	3/4	0	match	102/102	540/540
words/chartset-003/rtf/025_advanced_word_chart_report.rtf	rtf	1/1	94/94	3/4	0	match	100/100	524/524
words/chartset-004/odt/010_advanced_word_chart_report.odt	odt	1/1	94/94	4/4	0	match	100/100	533/533
words/chartset-004/odt/018_advanced_word_chart_report.odt	odt	1/1	94/94	4/4	0	match	100/100	530/530
slides/done-013/odp/redac-sas-201703-hf-research-division.odp	odp	13/13	713/713	4/3	0	match	784/784	4879/4879
words/chartset-004/odt/031_advanced_word_chart_report.odt	odt	1/1	94/94	4/4	0	match	100/100	527/527
words/metrics-001/rtf/SPA-02_mcar_part-2_and_IS_v2.9.rtf	rtf	273/274	94893/95044	2/4	0	pages	94908/95063	479025/485696
words/chartset-004/rtf/013_advanced_word_chart_report.rtf	rtf	1/1	94/94	3/4	0	match	100/100	525/525
slides/done-014/odp/Aerospace_Journey_of_Flight_Chapter_BCB1637572DA6.odp	odp	26/26	1885/1885	3/3	0	match	2156/2156	10159/10159
words/chartset-004/rtf/024_advanced_word_chart_report.rtf	rtf	1/1	94/94	3/4	0	match	100/100	536/536
words/chartset-005/odt/005_Free_Genogram_Diagram_Template_Excellent_layout_f5f185d0.odt	odt	1/1	2/2	1/1	0	match	2/2	8/8
words/chartset-005/odt/053_Organogram_Template_Creative_Theme_21657a3d.odt	odt	1/1	32/32	1/1	0	match	32/32	138/138
words/chartset-005/odt/084_Printable_Graph_Paper_Template_Editable_Layout_d66c6820.odt	odt	1/1	4/4	1/1	0	match	7/6	19/19
words/chartset-005/rtf/003_Free_Genogram_Diagram_Template_Easy_Format_60eb6e42.rtf	rtf	1/1	1/1	1/1	0	match	1/1	8/8
words/missing-001/odt/33004.odt	odt	48/47	11958/11963	14/15	0	pages	12149/12141	60562/60488
words/chartset-005/rtf/052_Organogram_Template_Colorful_Flow_Chart_cba9fbfe.rtf	rtf	1/1	0/0	0/0	0	match	0/0	0/0
words/chartset-005/rtf/083_Printable_Graph_Paper_Template_Customizable_Format_55ff93a3.rtf	rtf	1/1	3/3	1/1	0	match	4/4	14/14
slides/done-014/odp/Snowbirds_High_Show.odp	odp	41/41	1869/1871	5/5	0	match	1923/1925	8047/8049
words/chartset-005/rtf/087_Printable_Graph_Paper_Template_Green_Theme_0c14ea04.rtf	rtf	1/1	12/12	2/2	0	match	14/14	27/27
words/chartset-006/odt/033_Venn_Diagram_Template_Colored_Theme_2aea6697.odt	odt	1/1	13/13	1/1	0	match	16/16	63/63
words/chartset-006/odt/086_Printable_Graph_Paper_Template_Gray_Theme_7300e5d7.odt	odt	1/1	4/4	1/1	0	match	6/6	19/19
words/missing-001/rtf/33004.rtf	rtf	47/47	11828/11924	13/15	0	match	12017/12102	60260/60265
words/chartset-006/odt/097_Business_Case_Template_Elegant_Layout_3ba9cbf2.odt	odt	2/2	54/54	3/3	0	match	54/54	276/276
slides/done-014/odp/redac-sas-201509-asisp-research.odp	odp	45/45	3128/3127	12/12	0	match	3304/3304	19088/19095
words/chartset-006/rtf/002_Free_Genogram_Diagram_Template_Customizable_Format_2219584b.rtf	rtf	1/1	5/4	1/1	0	match	5/4	8/7
words/missing-002/odt/CRIF - SpÃ©cification technique - Socle applicatif.odt	odt	29/29	6618/6618	8/11	0	match	7068/7068	39821/39731
words/pagination-001/odt/24-25_FAA_Holdover_Tables.odt	odt	153/155	67094/67111	9/9	0	pages	71123/71199	299512/299593
slides/done-014/odp/vvsummit2022-Research-Roadmap-and-the-UML-3-Operational-Integration-Assessment.odp	odp	33/33	1281/1281	5/5	1	unembedded	1361/1361	8377/8377
words/pagination-001/odt/ESPN-R - MCF - RA - Ed1.odt	odt	41/58	8132/12167	9/8	0	pages,words	8218/12289	42993/65952
words/pagination-001/odt/report-template.odt	odt	20/20	2985/3026	4/4	0	match	2992/3033	15244/15424
slides/done-015/odp/RPA P4 - Advanced Material.odp	odp	20/20	1458/1479	6/6	0	match	1621/1642	8679/8744
words/chartset-006/rtf/081_Printable_Graph_Paper_Template_Blue_Theme_629316cb.rtf	rtf	1/1	5/5	2/2	0	match	8/8	25/25
words/chartset-006/rtf/093_Business_Case_Template_Customizable_Layout_510c25e7.rtf	rtf	1/1	34/34	2/2	0	match	34/34	201/201
words/chartset-007/odt/009_Free_Genogram_Diagram_Template_Handy_Format_4bb900f0.odt	odt	1/1	45/44	3/3	0	match	45/44	171/170
slides/metrics-001/odp/Ramp Up Campaign - French.odp	odp	6/6	437/437	4/4	0	match	465/465	2536/2536
words/chartset-007/odt/034_Venn_Diagram_Template_Customizable_Format_d14642b7.odt	odt	1/1	13/13	1/1	0	match	16/16	63/63
words/ceiling-001/odt/ABCD-FE-01-00 Flight Envelope - v1 08.03.16.odt	odt	15/16	3879/4065	6/8	0	pages	3932/4253	18558/18544
words/chartset-007/odt/074_Storyboard_Template_Editable_Design_132436d1.odt	odt	1/1	19/19	3/3	0	match	52/51	170/170
words/chartset-007/odt/094_Business_Case_Template_Decent_Layout_e7722f2b.odt	odt	1/1	29/29	2/2	0	match	29/29	189/189
words/chartset-007/rtf/025_Unit_Circle_Chart_Cos_and_Sin_Model_1ed01892.rtf	rtf	1/1	105/105	2/2	0	match	105/105	571/571
words/ceiling-001/rtf/ABCD-FE-01-00 Flight Envelope - v1 08.03.16.rtf	rtf	14/14	4033/3747	8/8	0	words	4217/3814	18384/17751
words/chartset-007/rtf/058_Organogram_Template_With_Picture_Theme_44b79368.rtf	rtf	1/1	0/0	0/0	0	match	0/0	0/0
words/pagination-001/rtf/24-25_FAA_Holdover_Tables.rtf	rtf	162/223	67268/70542	8/11	0	pages,words	71297/74628	300242/321294
words/chartset-001/odt/008_advanced_word_chart_report.odt	odt	1/1	94/94	4/4	0	match	100/100	534/534
words/chartset-001/odt/026_advanced_word_chart_report.odt	odt	1/1	94/94	4/4	0	match	100/100	533/533
words/chartset-007/rtf/089_Printable_Graph_Paper_Template_Simlpe_Format_3aff1c88.rtf	rtf	1/1	2/2	1/1	0	match	4/4	10/10
words/chartset-001/odt/clustered-column-template.odt	odt	1/1	37/37	3/2	0	match	37/37	191/200
words/chartset-008/odt/006_Free_Genogram_Diagram_Template_Fillable_Format_7ca08541.odt	odt	1/1	53/53	3/3	0	match	53/53	203/203
words/chartset-001/rtf/002_advanced_word_chart_report.rtf	rtf	1/1	96/96	3/4	0	match	102/102	536/536
words/chartset-008/odt/016_Project_Timeline_Template_Complete_Guide_7d36d09c.odt	odt	1/1	163/159	3/3	0	words	163/159	653/633
words/chartset-001/rtf/020_advanced_word_chart_report.rtf	rtf	1/1	94/94	3/4	0	match	100/100	530/530
words/pagination-001/rtf/ESPN-R - MCF - RA - Ed1.rtf	rtf	50/46	10875/10727	9/9	0	pages	10998/10848	58736/57725
words/chartset-008/odt/092_Business_Case_Template_Convenient_Format_00786cce.odt	odt	7/7	1028/1026	2/2	0	match	1030/1028	5724/5699
words/chartset-001/rtf/clustered-column-result.rtf	rtf	1/1	68/44	2/2	0	words	68/44	389/253
words/chartset-008/rtf/004_Free_Genogram_Diagram_Template_Editable_Format_b82b6152.rtf	rtf	1/1	7/7	3/3	0	match	7/7	25/25
words/pagination-001/rtf/report-template.rtf	rtf	12/12	3004/2997	4/4	0	match	3011/3005	15342/15341
words/chartset-001/rtf/pie-chart-template.rtf	rtf	1/1	9/6	2/2	0	words	9/6	73/57
words/chartset-008/rtf/012_Project_Timeline_Template_Black_and_Brown_Theme_35c76550.rtf	rtf	1/1	35/8	1/1	0	words	35/8	124/53
words/chartset-002/odt/011_advanced_word_chart_report.odt	odt	1/1	94/94	4/4	0	match	100/100	530/530
words/pagination-002/odt/absrc-pac-01-info-note-en.odt	odt	7/7	1302/1303	6/5	0	match	1325/1326	6874/6874
words/chartset-008/rtf/046_Visual_Product_Roadmap_Template_Fillable_Format_582acab0.rtf	rtf	1/1	92/92	2/2	0	match	97/97	588/588
words/chartset-002/odt/021_advanced_word_chart_report.odt	odt	1/1	94/94	4/4	0	match	100/100	532/532
words/chartset-008/rtf/100_Business_Case_Template_Modern_Format_ff9e7282.rtf	rtf	5/5	98/101	2/2	0	match	100/103	512/512
words/pagination-002/rtf/absrc-pac-01-info-note-en.rtf	rtf	6/7	1289/1306	5/5	0	pages	1312/1328	6873/6901
words/chartset-009/odt/019_Project_Timeline_Template_Excellent_Layout_4ee62967.odt	odt	1/1	96/95	2/2	0	match	101/100	332/331
words/chartset-002/odt/030_advanced_word_chart_report.odt	odt	1/1	94/94	4/4	0	match	100/100	528/528
words/chartset-009/odt/037_Venn_Diagram_Template_Four_Circle_764829a0.odt	odt	1/1	20/20	1/1	0	match	20/20	98/98
words/chartset-002/rtf/006_advanced_word_chart_report.rtf	rtf	1/1	94/94	3/4	0	match	100/100	529/529
words/chartset-009/odt/077_Storyboard_Template_Pink_and_Blue_Theme_805e82ab.odt	odt	1/1	7/6	3/3	0	match	33/32	38/33
words/chartset-002/rtf/017_advanced_word_chart_report.rtf	rtf	1/1	95/95	3/4	0	match	101/101	540/540
words/chartset-009/rtf/017_Project_Timeline_Template_Customizable_Format_5d5ca2e8.rtf	rtf	1/1	86/89	3/3	0	match	86/89	470/470
words/chartset-002/rtf/029_advanced_word_chart_report.rtf	rtf	1/1	94/94	3/4	0	match	100/100	528/528
words/pagination-003/odt/EHEST-SMS-Safety-Management-Manual-V2.odt	odt	82/82	19246/19222	8/8	0	match	19694/19670	105364/105180
words/chartset-009/rtf/030_Unit_Circle_Chart_Points_System_23b5ef07.rtf	rtf	1/1	78/78	2/2	0	match	80/80	367/367
words/chartset-003/odt/001_advanced_word_chart_report.odt	odt	1/1	95/95	4/4	0	match	101/101	535/535
words/chartset-009/rtf/042_Visual_Product_Roadmap_Template_Colored_Background_89385cfb.rtf	rtf	2/1	31/31	3/3	0	pages	33/33	185/185
words/chartset-003/odt/007_advanced_word_chart_report.odt	odt	1/1	94/94	4/4	0	match	100/100	531/531
words/chartset-010/odt/020_Project_Timeline_Template_Modern_Theme_0c215d87.odt	odt	1/1	109/109	2/2	0	match	122/122	316/316
words/chartset-003/odt/019_advanced_word_chart_report.odt	odt	1/1	94/94	4/4	0	match	100/100	533/533
words/chartset-010/odt/028_Unit_Circle_Chart_Optimized_Graph_83d9c756.odt	odt	1/1	307/328	3/3	0	match	307/330	1218/1218
words/chartset-003/odt/028_advanced_word_chart_report.odt	odt	1/1	94/94	4/4	0	match	100/100	530/530
words/chartset-010/odt/056_Organogram_Template_Square_Theme_38f373d4.odt	odt	1/1	56/56	1/1	0	match	56/56	235/235
words/chartset-003/rtf/004_advanced_word_chart_report.rtf	rtf	1/1	94/94	3/4	0	match	100/100	530/530
words/chartset-010/odt/090_Business_Case_Template_Blue_Theme_108ff0f1.odt	odt	1/1	41/41	2/2	0	match	47/47	263/263
words/chartset-003/rtf/016_advanced_word_chart_report.rtf	rtf	1/1	95/95	3/4	0	match	101/101	537/537
words/chartset-010/rtf/026_Unit_Circle_Chart_Four_Quadrants_09bf3ed1.rtf	rtf	1/1	53/53	1/1	0	match	53/53	290/290
words/chartset-010/rtf/051_Organogram_Template_Basic_Theme_e6464d06.rtf	rtf	1/1	0/0	0/0	0	match	0/0	0/0
words/chartset-003/rtf/027_advanced_word_chart_report.rtf	rtf	1/1	94/94	3/4	0	match	100/100	528/528
words/chartset-010/rtf/067_Work_Breakdown_Structure_Template_Gray_Theme_89f8be8b.rtf	rtf	1/1	17/18	1/2	0	match	17/18	112/112
words/chartset-004/odt/012_advanced_word_chart_report.odt	odt	1/1	95/95	4/4	0	match	101/101	538/538
words/chartset-011/odt/022_Unit_Circle_Chart_Circle_A_and_B_19dbf275.odt	odt	1/1	195/195	4/4	0	match	218/219	1047/1047
words/chartset-004/odt/022_advanced_word_chart_report.odt	odt	1/1	94/94	4/4	0	match	100/100	530/530
words/chartset-011/odt/040_Venn_Diagram_Template_Three_Circle_80f32f5e.odt	odt	1/1	64/52	3/3	0	words	76/61	294/240
words/chartset-004/rtf/010_advanced_word_chart_report.rtf	rtf	1/1	94/94	3/4	0	match	100/100	533/533
words/chartset-011/odt/064_Foot_Reflexology_Chart_Customizable_Format_79b7db06.odt	odt	1/1	41/41	1/1	0	match	41/41	184/184
words/chartset-004/rtf/018_advanced_word_chart_report.rtf	rtf	1/1	94/94	3/4	0	match	100/100	530/530
words/chartset-011/rtf/015_Project_Timeline_Template_Colored_Background_6434b0e8.rtf	rtf	1/1	49/13	4/2	0	words	53/17	211/84
words/chartset-004/rtf/031_advanced_word_chart_report.rtf	rtf	1/1	94/94	3/4	0	match	100/100	527/527
words/chartset-011/rtf/039_Venn_Diagram_Template_Simple_Format_6f82661d.rtf	rtf	1/1	35/35	2/2	0	match	38/38	161/161
words/chartset-005/odt/036_Venn_Diagram_Template_Fillable_Layout_3ffbba36.odt	odt	1/1	13/13	2/2	0	match	15/15	61/61
words/chartset-011/rtf/061_Nursing_Concept_Map_Template_fb9816f0.rtf	rtf	1/1	21/21	2/2	0	match	23/23	150/150
words/chartset-005/odt/054_Organogram_Template_Grey_Vertical_Theme_b2dbd9a8.odt	odt	1/1	36/36	1/1	0	match	36/36	154/154
words/chartset-011/rtf/068_Work_Breakdown_Structure_Template_Green_Theme_63e69ed8.rtf	rtf	1/1	19/19	2/2	0	match	19/19	135/135
words/chartset-005/odt/085_Printable_Graph_Paper_Template_Excellent_Format_4bcae89a.odt	odt	1/1	4/4	1/1	0	match	6/6	19/19
words/chartset-012/odt/021_Unit_Circle_Chart_3D_Pie_Chart_404247ab.odt	odt	1/1	107/107	2/3	0	match	107/107	549/549
words/chartset-005/rtf/005_Free_Genogram_Diagram_Template_Excellent_layout_f5f185d0.rtf	rtf	1/1	2/2	1/1	0	match	2/2	8/8
words/chartset-005/rtf/053_Organogram_Template_Creative_Theme_21657a3d.rtf	rtf	1/1	0/0	0/0	0	match	0/0	0/0
words/chartset-012/odt/044_Visual_Product_Roadmap_Template_Editable_Format_c232a2c0.odt	odt	1/1	67/67	3/3	0	match	67/67	271/271
words/chartset-012/odt/095_Business_Case_Template_Easy_Format_61de7128.odt	odt	1/1	56/56	2/2	0	match	74/74	348/348
words/chartset-005/rtf/084_Printable_Graph_Paper_Template_Editable_Layout_d66c6820.rtf	rtf	1/1	4/4	1/1	0	match	7/6	19/19
words/chartset-012/rtf/013_Project_Timeline_Template_Blue_Background_4ea3475e.rtf	rtf	1/1	98/98	3/3	0	match	100/100	312/312
words/chartset-006/odt/001_Free_Genogram_Diagram_Template_Blue_and_Gray_Theme_7c9e01a7.odt	odt	1/1	43/43	2/2	0	match	43/43	176/176
words/chartset-012/rtf/031_Venn_Diagram_Template_Blue_Theme_a9e417b8.rtf	rtf	1/1	64/61	2/3	0	match	76/73	294/285
words/chartset-006/odt/057_Organogram_Template_Vertical_Colorful_Theme_724b143c.odt	odt	1/1	36/36	2/2	0	match	36/36	202/202
words/chartset-012/rtf/055_Organogram_Template_Horizontal_Structure_28a7e725.rtf	rtf	1/1	0/0	0/0	0	match	0/0	0/0
words/chartset-006/odt/088_Printable_Graph_Paper_Template_Quality_layout_33051f6e.odt	odt	1/1	2/2	1/1	0	match	2/2	10/10
words/chartset-013/odt/038_Venn_Diagram_Template_Off_White_and_Blue_Theme_9dff385e.odt	odt	1/1	40/41	2/3	0	match	42/43	180/180
words/chartset-006/odt/099_Business_Case_Template_Gray_Theme_ac3edbf4.odt	odt	1/1	45/45	1/1	0	match	45/45	294/294
words/chartset-013/odt/059_Disease_Concept_Map_Template_4acf63f2.odt	odt	1/1	21/19	2/2	0	match	21/19	141/130
words/chartset-006/rtf/033_Venn_Diagram_Template_Colored_Theme_2aea6697.rtf	rtf	1/1	13/13	1/1	0	match	16/16	63/63
words/chartset-013/odt/072_Storyboard_Template_Colored_Theme_28524a15.odt	odt	1/1	44/43	2/2	0	match	65/64	202/197
words/chartset-006/rtf/086_Printable_Graph_Paper_Template_Gray_Theme_7300e5d7.rtf	rtf	1/1	4/4	1/1	0	match	6/6	19/19
words/chartset-013/odt/091_Business_Case_Template_Complete_Guide_cb91a140.odt	odt	5/5	585/586	3/3	0	match	630/628	3126/3134
words/chartset-006/rtf/097_Business_Case_Template_Elegant_Layout_3ba9cbf2.rtf	rtf	2/2	54/54	3/3	0	match	54/54	276/276
words/chartset-013/rtf/048_Visual_Product_Roadmap_Template_Quality_Layout_f38f7aee.rtf	rtf	2/2	61/61	2/2	0	match	62/62	402/402
words/chartset-007/odt/018_Project_Timeline_Template_Editable_Format_e1cf1df5.odt	odt	1/1	112/108	2/2	0	words	112/108	442/421
words/chartset-013/rtf/069_Work_Breakdown_Structure_Template_Professional_Format_1e02dce1.rtf	rtf	1/1	18/18	1/1	0	match	20/20	127/127
words/chartset-007/odt/049_Visual_Product_Roadmap_Template_Simple_Format_4af26e4f.odt	odt	1/1	61/61	2/2	0	match	62/62	406/406
words/chartset-013/rtf/075_Storyboard_Template_Fillable_Format_7fa01641.rtf	rtf	1/1	0/0	0/0	0	match	0/0	0/0
words/chartset-007/odt/080_Printable_Graph_Paper_Template_Black_Theme_6b066be1.odt	odt	1/1	6/6	1/1	0	match	9/9	27/27
words/chartset-014/odt/014_Project_Timeline_Template_Blue_and_Green_Theme_a8311fa1.odt	odt	1/1	168/168	3/3	0	match	168/168	820/820
words/table-001/odt/150_5300_13_chg10.odt	odt	85/76	24272/23360	10/10	0	pages,words	24499/23553	119337/116181
words/chartset-007/rtf/009_Free_Genogram_Diagram_Template_Handy_Format_4bb900f0.rtf	rtf	1/1	2/1	1/1	0	match	2/1	8/7
words/chartset-014/odt/063_Foot_Reflexology_Chart_Complete_Guide_cf5ed992.odt	odt	1/1	75/75	2/2	0	match	75/75	402/402
words/table-001/odt/approvals-and-standardisation-organisation-approvals-docs-part-145-annex-B-B11.-TE.CAO.00129-Foreign-Part-145-approvals---Experience--logbook.odt	odt	7/6	962/1098	6/6	0	pages,words	979/1118	4735/5747
words/chartset-007/rtf/034_Venn_Diagram_Template_Customizable_Format_d14642b7.rtf	rtf	1/1	13/13	1/1	0	match	16/16	63/63
words/chartset-014/odt/076_Storyboard_Template_Gray_Theme_1e5fd5e5.odt	odt	1/1	2/2	3/3	0	match	32/32	10/10
words/table-001/rtf/B11. TE.CAO.00129  Experience  logbook.rtf	rtf	6/8	988/1062	5/6	0	pages,words	1010/1095	5086/5537
words/chartset-007/rtf/074_Storyboard_Template_Editable_Design_132436d1.rtf	rtf	1/1	7/7	2/2	0	match	10/10	32/32
words/chartset-014/rtf/011_Project_Timeline_Template_Beautiful_Theme_2336e680.rtf	rtf	1/1	194/167	4/4	0	words	194/167	1065/930
words/chartset-007/rtf/094_Business_Case_Template_Decent_Layout_e7722f2b.rtf	rtf	1/2	29/29	2/2	0	pages	29/29	189/189
words/chartset-014/rtf/062_Vocabulary_Concept_Map_Template_2f7c1c09.rtf	rtf	1/1	11/11	1/1	0	match	11/11	76/76
words/chartset-008/odt/010_Free_Genogram_Diagram_Template_Yellow_Theme_6ee4f818.odt	odt	1/1	77/77	3/3	0	match	77/77	318/318
words/chartset-014/rtf/071_Storyboard_Template_Cartoon_Theme_ae113de2.rtf	rtf	1/1	4/3	2/2	0	match	6/5	20/15
words/chartset-014/rtf/079_Storyboard_Template_Simple_Format_81653703.rtf	rtf	1/1	4/4	2/2	0	match	5/5	20/20
words/chartset-008/odt/035_Venn_Diagram_Template_Editable_Format_966dff5f.odt	odt	1/1	39/39	2/2	0	match	40/40	142/142
words/done-001/odt/GLACIERBG.ETT.odt	odt	1/1	408/408	3/3	0	match	411/411	2397/2397
words/chartset-008/odt/098_Business_Case_Template_Fillable_Layout_d0c5410e.odt	odt	1/1	89/89	2/2	0	match	89/89	458/458
words/done-001/odt/Sample_PAO-PSO_91-113_Letter.odt	odt	1/1	307/307	2/2	0	match	317/317	1629/1629
words/chartset-008/rtf/006_Free_Genogram_Diagram_Template_Fillable_Format_7ca08541.rtf	rtf	1/1	53/53	3/3	0	match	53/53	203/203
words/done-001/odt/foca_form_1.odt	odt	3/3	1671/1672	2/2	0	match	1686/1687	8518/8518
words/chartset-008/rtf/016_Project_Timeline_Template_Complete_Guide_7d36d09c.rtf	rtf	1/1	161/12	3/2	0	words	161/12	631/75
words/done-001/rtf/FAA-2013-0422-0009_attachment_1.rtf	rtf	7/7	1845/1845	1/1	0	match	1907/1907	9308/9308
words/chartset-008/rtf/092_Business_Case_Template_Convenient_Format_00786cce.rtf	rtf	7/8	1025/1026	2/2	0	pages	1027/1028	5699/5699
words/done-001/rtf/Pre-Application_Letter_of_Intent_Example.rtf	rtf	1/1	350/350	2/2	0	match	350/350	1780/1780
words/chartset-009/odt/007_Free_Genogram_Diagram_Template_Green_and_Purple_Theme_8d2ba829.odt	odt	1/1	34/34	3/3	0	match	34/34	137/137
words/done-001/rtf/advert-for-draft-decision-airbus-epr-bm3965ia-v006.rtf	rtf	2/2	385/385	2/3	0	match	387/387	2104/2104
words/done-002/odt/AUWG min 4-3-24 final.odt	odt	2/2	647/647	3/2	0	match	649/649	3463/3463
words/chartset-009/odt/027_Unit_Circle_Chart_Graphical_Chart_5462a579.odt	odt	1/1	377/378	3/3	0	match	377/378	1557/1557
words/done-002/odt/FAA-High-Level-Org-Chart.odt	odt	3/3	673/673	4/4	0	match	812/812	4221/4204
words/chartset-009/odt/041_Visual_Product_Roadmap_Template_Blank_Format_63a3e010.odt	odt	1/1	30/30	2/2	0	match	33/33	124/124
words/done-002/odt/easa-form-1.odt	odt	5/5	1421/1421	2/2	0	match	1434/1433	7489/7489
words/chartset-009/odt/082_Printable_Graph_Paper_Template_Colored_Background_9092cf9b.odt	odt	1/1	3/3	1/1	0	match	6/6	14/14
words/done-002/odt/s33song-beverlyactproductionofdocuments.odt	odt	2/2	571/571	3/3	0	match	572/572	3227/3227
words/chartset-009/rtf/019_Project_Timeline_Template_Excellent_Layout_4ee62967.rtf	rtf	1/1	96/95	2/2	0	match	101/100	332/331
words/done-002/rtf/CSCRS_Technical-Report-Documentation-Page-with-instructions.rtf	rtf	2/2	719/719	3/5	0	match	720/720	3936/3936
words/chartset-009/rtf/037_Venn_Diagram_Template_Four_Circle_764829a0.rtf	rtf	1/1	20/20	1/1	0	match	20/20	98/98
words/chartset-009/rtf/077_Storyboard_Template_Pink_and_Blue_Theme_805e82ab.rtf	rtf	1/1	4/3	2/2	0	match	6/5	20/15
words/done-002/rtf/Interview-mit-Manfred1-Müller.rtf	rtf	2/2	801/801	2/2	0	match	805/805	4744/4744
words/done-002/rtf/prison-population-bulletin-june.rtf	rtf	6/4	1425/1425	2/2	0	pages	1440/1440	6038/6038
words/chartset-010/odt/023_Unit_Circle_Chart_Circular_Percentage_790f7b75.odt	odt	1/1	107/107	3/3	0	match	107/107	550/550
words/chartset-010/odt/032_Venn_Diagram_Template_Brown_Theme_d5b549f0.odt	odt	1/1	44/43	1/1	0	match	44/43	196/195
words/done-003/odt/191216_Lesefassung_Nachtflugregelung.odt	odt	3/3	907/907	4/4	0	match	910/910	5435/5435
words/chartset-010/odt/066_Work_Breakdown_Structure_Template_Colored_Background_c27ff248.odt	odt	1/1	54/55	1/2	0	match	54/55	255/255
words/done-003/odt/DEP2008-1900.odt	odt	4/4	966/998	5/4	0	words	979/1011	5179/5335
words/chartset-010/rtf/020_Project_Timeline_Template_Modern_Theme_0c215d87.rtf	rtf	1/1	58/12	2/2	0	words	58/12	186/51
words/done-003/odt/Technical_Issue_Report_Form.odt	odt	2/2	341/341	4/4	0	match	406/406	1922/1922
words/chartset-010/rtf/028_Unit_Circle_Chart_Optimized_Graph_83d9c756.rtf	rtf	1/2	311/127	3/2	0	pages,words	313/127	1172/680
words/done-003/rtf/10795.rtf	rtf	4/4	857/857	4/6	0	match	864/864	5428/5428
words/chartset-010/rtf/056_Organogram_Template_Square_Theme_38f373d4.rtf	rtf	1/1	2/2	1/1	0	match	2/2	8/8
words/done-003/rtf/96-3-clement-data.rtf	rtf	7/7	1469/1469	3/6	0	match	1513/1513	10193/10193
words/chartset-010/rtf/090_Business_Case_Template_Blue_Theme_108ff0f1.rtf	rtf	1/1	41/41	2/2	0	match	47/47	263/263
words/done-003/rtf/II.1.2_Hypoxia.rtf	rtf	12/13	3730/3729	2/2	0	pages	3739/3738	19253/19253
words/chartset-011/odt/029_Unit_Circle_Chart_Pie_Theme_8a922142.odt	odt	1/1	114/114	2/3	0	match	114/114	573/568
words/done-003/rtf/mde087077~283.rtf	rtf	4/4	978/978	3/3	0	match	988/988	5746/5746
words/chartset-011/odt/043_Visual_Product_Roadmap_Template_Customizable_Format_ee0fe5b1.odt	odt	1/1	184/184	3/3	0	match	186/186	1099/1099
words/done-004/odt/2ca950374241722b8ea7c132dfce63ae.odt	odt	3/3	948/952	4/4	0	match	1051/1051	5118/5118
words/chartset-011/odt/065_Work_Breakdown_Structure_Template_Blue_Theme_2b207f62.odt	odt	1/1	29/41	2/2	0	match	29/41	172/185
words/done-004/odt/License App Instructions 2-22.odt	odt	3/3	1002/1002	4/4	0	match	1036/1036	5737/5737
words/chartset-011/rtf/022_Unit_Circle_Chart_Circle_A_and_B_19dbf275.rtf	rtf	1/1	195/195	3/3	0	match	195/195	1047/1047
words/done-004/odt/Software Architecture Document Template.odt	odt	3/3	589/589	5/5	0	match	604/604	3390/3390
words/chartset-011/rtf/040_Venn_Diagram_Template_Three_Circle_80f32f5e.rtf	rtf	1/1	64/61	2/3	0	match	76/73	294/285
words/done-004/rtf/1528039320.rtf	rtf	1/2	289/312	2/4	0	pages,words	292/315	1790/1916
words/chartset-011/rtf/064_Foot_Reflexology_Chart_Customizable_Format_79b7db06.rtf	rtf	1/1	41/41	1/1	0	match	41/41	184/184
words/done-004/rtf/How-to-Write-an-Architecture-Document-for-a-Technology-Service.rtf	rtf	3/3	953/953	1/3	0	match	960/960	5482/5482
words/chartset-012/odt/008_Free_Genogram_Diagram_Template_Green_and_Yellow_Theme_9017c1a8.odt	odt	1/1	70/70	3/3	0	match	70/70	295/295
words/done-004/rtf/RobertQ_Service.rtf	rtf	4/4	547/547	2/2	0	match	587/587	2735/2735
words/chartset-012/odt/024_Unit_Circle_Chart_Colorful_Circles_7c92601e.odt	odt	1/1	95/105	1/2	0	words	95/105	517/557
words/done-005/odt/2024-12_Comlux_opens_Maintenance_and_Service_Center_in_Dubai.odt	odt	3/3	668/668	3/3	0	match	672/672	3631/3631
words/chartset-012/odt/050_Visual_Product_Roadmap_Template_Yellow_and_Blue_Theme_49b50744.odt	odt	1/1	215/214	4/4	0	match	216/215	1288/1282
words/done-005/odt/BID_ACKNOWLEDGEMENT_FORM_FOR_A320.odt	odt	2/2	294/294	3/3	0	match	310/310	1529/1529
words/chartset-012/odt/096_Business_Case_Template_Editable_Layout_41fe0bc0.odt	odt	1/1	34/34	2/2	0	match	40/40	235/235
words/done-005/odt/f445896eb008d14c1746fc37d412dc22.odt	odt	15/15	5453/5453	3/3	0	match	5657/5657	27066/27066
words/chartset-012/rtf/021_Unit_Circle_Chart_3D_Pie_Chart_404247ab.rtf	rtf	1/1	104/95	2/1	0	words	104/95	541/517
words/done-005/odt/part-147_approval list_20230119.odt	odt	2/2	654/735	5/5	0	words	675/758	3161/3570
words/chartset-012/rtf/044_Visual_Product_Roadmap_Template_Editable_Format_c232a2c0.rtf	rtf	1/1	54/53	3/3	0	match	54/53	227/219
words/done-005/rtf/316r_a_f.rtf	rtf	14/14	4582/4584	5/4	0	match	4632/4634	25186/25186
words/chartset-012/rtf/095_Business_Case_Template_Easy_Format_61de7128.rtf	rtf	1/1	56/56	2/2	0	match	74/74	348/348
words/done-005/rtf/Theft-Restitution-Letter-Vancouver-ASC-2005.rtf	rtf	1/1	262/262	2/2	0	match	265/265	1319/1319
words/chartset-013/odt/047_Visual_Product_Roadmap_Template_Professional_Layout_2ff4499e.odt	odt	2/1	86/51	3/3	0	pages	90/55	221/225
words/done-005/rtf/loi_format_letter_of_intent-a-320-214-a330.rtf	rtf	10/10	3347/3346	4/5	0	match	3373/3372	16753/16752
words/chartset-013/odt/060_Human_Body_Concept_Map_Template_ac872cfb.odt	odt	1/1	30/29	2/2	0	match	30/29	148/138
words/done-006/odt/1244277 1 Comment.odt	odt	2/2	389/389	5/5	0	match	393/393	1745/1745
words/chartset-013/odt/073_Storyboard_Template_Easy_to_Use_44ce05fc.odt	odt	1/1	46/46	3/3	0	match	60/54	210/210
words/done-006/odt/P200904290238_0238_51880.odt	odt	3/3	308/308	4/4	0	match	312/312	1921/1921
words/chartset-013/rtf/038_Venn_Diagram_Template_Off_White_and_Blue_Theme_9dff385e.rtf	rtf	1/1	38/38	2/2	0	match	40/40	170/170
words/chartset-013/rtf/059_Disease_Concept_Map_Template_4acf63f2.rtf	rtf	1/1	21/19	2/2	0	match	21/19	141/130
words/done-006/odt/cacs-206-1751218225.odt	odt	2/2	347/347	3/3	0	match	348/348	1925/1925
words/chartset-013/rtf/072_Storyboard_Template_Colored_Theme_28524a15.rtf	rtf	1/1	0/0	0/0	0	match	0/0	0/0
words/done-006/rtf/003.rtf	rtf	5/4	984/984	2/3	0	pages	999/999	5761/5761
words/chartset-013/rtf/091_Business_Case_Template_Complete_Guide_cb91a140.rtf	rtf	5/5	586/586	3/3	0	match	631/628	3134/3134
words/done-006/rtf/LHD-230-application-for-the-approval-of-an-aircraftr.rtf	rtf	2/2	774/774	3/4	0	match	781/779	4383/4383
words/done-006/rtf/Wales_Office_Quarter_4_Ministerial_Transparency_Return.rtf	rtf	6/6	941/941	4/4	0	match	955/955	5642/5642
words/chartset-014/odt/045_Visual_Product_Roadmap_Template_Excellent_Format_e364063c.odt	odt	2/1	78/42	3/3	0	pages	83/47	242/235
words/done-006/rtf/technical-memo-format.rtf	rtf	5/5	1812/1812	5/6	0	match	1846/1846	9300/9300
words/chartset-014/odt/070_Storyboard_Template_Blank_Format_fc41673a.odt	odt	1/1	8/8	2/2	0	match	44/44	42/42
words/done-007/odt/Press release_EUREKA labels ITEA 3 Cluster.odt	odt	2/2	815/813	3/3	0	match	829/828	4264/4264
words/chartset-014/odt/078_Storyboard_Template_Pink_and_Gray_Theme_ea89553f.odt	odt	1/1	54/54	3/3	0	match	84/84	253/253
words/done-007/odt/congregationalhistories_ky_2023.odt	odt	1/1	247/247	3/3	0	match	252/252	1579/1579
words/chartset-014/rtf/014_Project_Timeline_Template_Blue_and_Green_Theme_a8311fa1.rtf	rtf	1/1	168/168	3/3	0	match	168/168	820/820
words/done-007/odt/technical-report-template.odt	odt	7/7	715/749	2/5	0	match	725/767	3815/3860
words/chartset-014/rtf/063_Foot_Reflexology_Chart_Complete_Guide_cf5ed992.rtf	rtf	1/1	75/75	2/2	0	match	75/75	402/402
words/done-007/rtf/0c662f5c948a7d81d32ffd833c5cc59421a5f522.rtf	rtf	1/1	397/398	4/4	0	match	417/418	2004/2004
words/chartset-014/rtf/076_Storyboard_Template_Gray_Theme_1e5fd5e5.rtf	rtf	1/1	2/2	1/1	0	match	2/2	10/10
words/done-001/odt/CMTA_Airport_Transportation.odt	odt	1/1	255/255	3/2	0	match	260/260	1305/1305
words/done-007/rtf/chapter 12.rtf	rtf	12/12	3671/3671	4/4	0	match	3683/3683	18868/18868
words/done-001/odt/LENTOBUSSIAIKATAULU.-31.10.-31.12.2022.odt	odt	1/1	104/104	3/3	0	match	128/128	716/716
words/done-007/rtf/johnson_hall_service_log.pdf.rtf	rtf	1/1	274/274	6/6	0	match	317/317	1364/1364
words/done-001/odt/Service-Bulletin-SDFNR5-April-25-2023-FNR-TRANSMISSION-LUBRICATION.odt	odt	1/1	297/297	3/3	0	match	300/300	1223/1223
words/done-008/odt/1245685 1 Comment.odt	odt	1/1	326/326	7/7	0	match	327/327	1619/1619
words/done-001/odt/private-hire-operators-licensed.odt	odt	2/2	237/237	2/2	0	match	239/239	1417/1417
words/done-008/odt/ECSS-E-ST-50-16C-Annex-A(30September2021).odt	odt	4/4	670/670	4/4	0	match	691/691	3613/3613
words/done-001/rtf/GLACIERBG.ETT.rtf	rtf	1/1	408/408	3/3	0	match	411/411	2397/2397
words/done-008/odt/Lessons-Learned-Bulletin-Dorset-version-to-IIRG-V5.odt	odt	3/3	1531/1531	4/4	0	match	1553/1553	8111/8111
words/done-001/rtf/Sample_PAO-PSO_91-113_Letter.rtf	rtf	1/1	307/307	2/2	0	match	317/317	1629/1629
words/done-001/rtf/foca_form_1.rtf	rtf	3/3	1672/1671	2/3	0	match	1687/1686	8518/8518
words/done-008/odt/draft-variation-notice-airbus-bm3965ia-v006-vs-comments.odt	odt	9/9	1498/1499	3/3	0	match	1536/1537	8112/8104
words/done-002/odt/Bull01-06-Reserve Training Standards.odt	odt	6/6	1482/1482	3/2	0	match	1483/1483	7948/7948
words/done-008/rtf/4400-91_Proposal_To_Lease_Space_10-2024.rtf	rtf	6/7	3276/3291	5/7	0	pages	3300/3315	16827/16891
words/done-002/odt/FMRBullletinB-28.odt	odt	2/2	460/461	3/3	0	match	460/461	2834/2835
words/done-008/rtf/FlightLaws.rtf	rtf	4/4	1073/1074	3/5	0	match	1132/1133	5533/5533
words/done-002/odt/lk03_17.odt	odt	2/2	367/367	2/2	0	match	373/373	1931/1931
words/done-008/rtf/UAS-SGI_waiver_approval_request_form.rtf	rtf	3/3	493/493	3/3	0	match	517/514	2750/2750
words/done-002/rtf/AUWG min 4-3-24 final.rtf	rtf	2/2	647/647	2/2	0	match	649/649	3463/3463
words/done-002/rtf/FAA-High-Level-Org-Chart.rtf	rtf	3/3	673/673	3/4	0	match	812/812	4204/4204
words/done-009/odt/237287_0486190101_0486190101_geolink2neu.odt	odt	8/8	1430/1430	4/4	0	match	1605/1605	9990/9990
words/done-002/rtf/easa-form-1.rtf	rtf	5/5	1421/1421	2/3	0	match	1434/1434	7489/7489
words/done-009/odt/Case-Study-Heathrow-Airport.odt	odt	1/3	379/1184	6/6	0	pages,words	398/1216	2159/6461
words/done-002/rtf/s33song-beverlyactproductionofdocuments.rtf	rtf	2/2	571/571	3/3	0	match	572/572	3227/3227
words/done-009/odt/certification-flight-standards-doc-oeb-supporting-documents-tgl-TGL26-section-5-REV10.odt	odt	8/8	1221/1221	4/4	0	match	1268/1268	6253/6269
words/done-003/odt/2015-April-SWIM_Users_Forum-Q&A.odt	odt	5/5	1701/1700	4/4	0	match	1705/1704	8333/8333
words/done-009/rtf/2013-op12-Annex III - Curriculum Vitae.rtf	rtf	3/3	332/333	3/3	0	match	359/360	2004/2004
words/done-003/odt/DRX-Ascend System Course Description.odt	odt	2/2	475/475	4/4	0	match	512/512	2950/2950
words/done-009/rtf/CP-ETSO template_v2020.rtf	rtf	6/6	1111/1111	4/7	0	match	1136/1136	6448/6448
words/done-003/odt/Temp16.odt	odt	2/2	669/669	3/3	0	match	671/671	3431/3431
words/done-009/rtf/SWDD-template.rtf	rtf	6/6	1079/1066	6/8	0	match	1080/1067	5833/5833
words/done-003/rtf/191216_Lesefassung_Nachtflugregelung.rtf	rtf	3/3	906/907	4/4	0	match	909/910	5435/5435
words/done-009/rtf/technical report template.rtf	rtf	8/8	837/837	4/3	0	match	838/838	4068/4068
words/done-003/rtf/DEP2008-1900.rtf	rtf	3/3	973/973	4/5	0	match	986/986	5168/5168
words/done-003/rtf/Technical_Issue_Report_Form.rtf	rtf	2/2	341/341	4/4	0	match	406/406	1922/1922
words/done-010/odt/361400CSLegislation1RF01PUBLIC1.odt	odt	35/35	12617/12620	4/4	0	match	12644/12647	68170/68170
words/done-004/odt/07-04.odt	odt	3/3	1069/1069	5/5	0	match	1078/1078	5485/5485
words/done-010/odt/FG-AI4NDM-TR-skeleton_template.odt	odt	6/6	404/435	7/7	0	match	409/440	2039/2029
words/done-004/odt/461249.odt	odt	5/5	1671/1669	4/4	0	match	1710/1708	8911/8911
words/done-010/odt/f111.odt	odt	11/11	3323/3347	5/6	0	match	3368/3392	18138/18181
words/done-004/odt/PAT-047 - Architecture and Detailed Design Assessment.odt	odt	4/4	1079/1081	6/6	0	match	1092/1094	6396/6381
words/done-004/odt/opic 5--Case Studies Movie and Aviation Industries.odt	odt	5/5	1194/1194	5/5	0	match	1196/1196	5293/5293
words/done-004/rtf/2ca950374241722b8ea7c132dfce63ae.rtf	rtf	3/3	949/951	4/4	0	match	1043/1050	5118/5118
words/done-010/rtf/195584360.rtf	rtf	22/51	7866/8213	4/5	0	pages,words	8035/8382	45714/47918
words/done-004/rtf/License App Instructions 2-22.rtf	rtf	3/3	1002/1002	3/4	0	match	1036/1036	5737/5737
words/done-004/rtf/Software Architecture Document Template.rtf	rtf	3/3	589/589	4/5	0	match	604/604	3390/3390
words/done-010/rtf/Checklist for TC STC ETSO data packages to FAA_TIP rev 5.rtf	rtf	3/3	1102/1102	5/5	0	match	1102/1102	6062/6062
words/done-010/rtf/Writing a technical report (SCE subject guide).rtf	rtf	4/4	1221/1221	5/8	0	match	1267/1267	6403/6403
words/done-005/odt/316r_a_e.odt	odt	14/14	4373/4373	5/4	0	match	4418/4418	24160/24160
words/done-005/odt/Technical Report and Technical Update Guidelines.odt	odt	4/4	1205/1205	5/5	0	match	1251/1251	6716/6716
words/done-011/odt/135.odt	odt	14/14	5239/5261	5/8	0	match	5296/5316	26601/26620
words/done-005/odt/healthcare-reform-nsa-consumer-bulletin.odt	odt	4/4	1701/1701	5/5	0	match	1711/1711	8647/8645
words/done-011/odt/b053-19.odt	odt	2/2	491/491	2/2	0	match	493/493	2916/2916
words/done-005/rtf/2024-12_Comlux_opens_Maintenance_and_Service_Center_in_Dubai.rtf	rtf	3/3	668/668	3/3	0	match	672/672	3631/3631
words/done-005/rtf/BID_ACKNOWLEDGEMENT_FORM_FOR_A320.rtf	rtf	3/3	294/295	3/3	0	match	310/311	1529/1529
words/done-011/odt/monthly-content-feeder.odt	odt	18/18	5890/5890	9/10	0	match	6021/6021	34558/34555
words/done-005/rtf/f445896eb008d14c1746fc37d412dc22.rtf	rtf	15/15	5453/5453	3/3	0	match	5658/5657	27066/27066
words/done-011/odt/tibs_guidelines_2.odt	odt	13/13	3143/3143	10/9	0	match	3168/3168	16456/16450
words/done-005/rtf/part-147_approval list_20230119.rtf	rtf	2/2	721/725	5/5	0	match	744/748	3494/3498
words/done-011/rtf/Company-profile-2022-EN.rtf	rtf	5/5	1170/1171	2/6	0	match	1212/1213	5630/5630
words/done-006/odt/62599_FRANCE-BRAZIL- Air France Flight 447 crash.odt	odt	18/18	6133/6133	2/2	0	match	6166/6166	30134/30134
words/done-011/rtf/f2_registro_de_aprovacao_com_pbcs_EN.rtf	rtf	2/2	448/448	5/4	0	match	453/453	2255/2255
words/done-006/odt/SDL_FSDO_Part91_LOA_Checklist.odt	odt	2/2	418/424	3/3	0	match	424/430	2335/2375
words/done-011/rtf/part-145-approval list 2025.rtf	rtf	7/7	1401/1401	5/5	0	match	1412/1412	7528/7528
words/done-006/odt/healthcare-reform-nsa-provider-bulletin.odt	odt	5/5	1936/1936	7/7	0	match	1980/1980	11210/11209
words/done-012/odt/20110608_psp.odt	odt	3/3	676/671	4/4	0	match	684/679	4704/4704
words/done-006/rtf/1244277 1 Comment.rtf	rtf	2/2	389/389	5/5	0	match	393/393	1745/1745
words/done-006/rtf/P200904290238_0238_51880.rtf	rtf	3/3	300/300	4/4	0	match	304/304	1873/1873
words/done-012/odt/Leadership Information Article.odt	odt	3/3	1452/1452	4/4	0	match	1460/1460	8107/8107
words/done-006/rtf/cacs-206-1751218225.rtf	rtf	2/2	347/347	2/3	0	match	348/348	1925/1925
words/done-012/odt/bulletin.odt	odt	14/14	3254/3253	5/5	0	match	3293/3292	17037/17036
words/done-007/odt/09.odt	odt	2/2	463/463	4/4	0	match	463/463	2608/2608
words/done-012/rtf/19-06 Assistive Technology TAB Final - 508.rtf	rtf	8/8	3261/3240	7/8	0	match	3288/3267	18195/18195
words/done-007/odt/RNW167A-150428.odt	odt	9/9	1767/1767	5/5	0	match	1770/1770	9336/9336
words/done-012/rtf/FO.FCTOA_.000129 Application for activities related to FSTD.rtf	rtf	6/7	1660/1728	9/8	0	pages,words	1689/1757	9023/9261
words/done-007/odt/final-technical-report-template.odt	odt	6/6	1120/1123	6/6	0	match	1133/1136	6138/6153
words/done-007/odt/template-technical-report.odt	odt	10/10	837/837	3/3	0	match	859/859	4363/4363
words/done-012/rtf/b050-19.rtf	rtf	3/3	873/873	4/4	0	match	875/875	4882/4882
words/done-007/rtf/Press release_EUREKA labels ITEA 3 Cluster.rtf	rtf	2/2	777/777	3/5	0	match	785/785	4106/4106
words/done-012/rtf/technical-architecture.rtf	rtf	8/8	1067/1093	9/13	0	match	1086/1112	6772/6820
words/done-007/rtf/congregationalhistories_ky_2023.rtf	rtf	1/1	247/247	3/3	0	match	252/252	1579/1579
words/done-013/odt/Form-SM-76A-_-CAR-OPS-2A-Instruments-and-Equipment-Compliance-Statement-_-11.odt	odt	3/3	615/615	8/7	0	match	627/627	3393/3393
words/done-007/rtf/technical-report-template.rtf	rtf	7/7	747/749	4/4	0	match	766/767	3860/3860
words/done-013/odt/Sol PJ14-03-04 Solution Contextual.odt	odt	5/5	2067/2071	5/6	0	match	2105/2109	11366/11366
words/done-008/odt/2024-2nd-quarter-case-summaries.odt	odt	10/10	5675/5675	4/4	0	match	5677/5677	28056/28057
words/done-013/odt/hdss-bulletin-issue-285-25-june-2025.odt	odt	10/10	3541/3529	7/7	0	match	3604/3592	19702/19647
words/done-008/odt/FAA-2017-0628-0002_attachment_1.odt	odt	4/4	640/638	5/5	0	match	643/641	3620/3614
words/done-008/odt/PUR-0012-UTAS-GRAMS-SPA-Template-1-25-2024.odt	odt	6/6	1027/1027	4/4	0	match	1083/1083	6234/6234
words/done-013/rtf/1257259179492_2007_TPPT_102_Supporting_Doc_2-434003080.rtf	rtf	9/9	2120/2124	4/4	0	match	2158/2163	10122/10122
words/done-008/rtf/1245685 1 Comment.rtf	rtf	1/1	326/326	7/6	0	match	327/327	1619/1619
words/done-013/rtf/SPA-11_mcar_part-11_v2.9.rtf	rtf	47/47	13841/13871	3/6	0	match	13867/13888	70650/70606
words/done-008/rtf/ECSS-E-ST-50-16C-Annex-A(30September2021).rtf	rtf	4/4	670/669	3/6	0	match	691/690	3613/3613
words/done-008/rtf/Lessons-Learned-Bulletin-Dorset-version-to-IIRG-V5.rtf	rtf	3/3	1501/1501	3/4	0	match	1523/1523	7946/7946
words/done-013/rtf/gpp-pr-top-7-office-markets-4q-2023.rtf	rtf	4/4	1067/1067	2/3	0	match	1101/1101	5669/5669
words/done-008/rtf/draft-variation-notice-airbus-bm3965ia-v006-vs-comments.rtf	rtf	9/9	1468/1499	2/5	0	words	1506/1537	7871/8101
words/done-014/odt/1603642410-MoM-CASCOM-06-2020-draft04.odt	odt	9/9	4262/4469	8/8	0	words	4388/4604	22625/24054
words/done-009/odt/A380MaenPressRel.odt	odt	3/3	770/771	6/6	0	match	789/790	3944/3944
words/done-014/odt/300502-Mecenat-Airbus-Simusante_CHU-Amiens-Picardie.odt	odt	1/1	332/332	4/4	0	match	337/337	1887/1887
words/done-009/odt/Contract_Check_Pilot_Sample_LOA.odt	odt	4/4	1324/1324	6/6	0	match	1336/1336	7213/7205
words/done-014/odt/PK_FlugzeugeStricken.odt	odt	7/7	1408/1408	7/7	0	match	1452/1452	10066/10066
words/done-009/odt/form_1123_application_form_rvsm_spa.odt	odt	3/3	578/578	5/5	0	match	638/638	3321/3321
words/done-014/odt/fleetfastfacts16nov2023.odt	odt	1/1	120/120	4/5	0	match	129/129	635/635
words/done-009/rtf/237287_0486190101_0486190101_geolink2neu.rtf	rtf	6/8	1402/1430	4/5	0	pages	1575/1605	9846/9990
words/done-009/rtf/Case-Study-Heathrow-Airport.rtf	rtf	3/3	1184/1184	5/6	0	match	1216/1216	6461/6461
words/done-014/rtf/231164_SystemDesignDocument.rtf	rtf	20/21	6429/6432	5/10	0	pages	6567/6568	38304/38311
words/done-009/rtf/certification-flight-standards-doc-oeb-supporting-documents-tgl-TGL26-section-5-REV10.rtf	rtf	8/8	1221/1221	4/6	0	match	1268/1268	6253/6253
words/done-014/rtf/AFS-050-004-F2_0i.rtf	rtf	8/8	2225/2212	9/8	0	match	2381/2339	13442/13442
words/done-010/odt/1528364855.odt	odt	3/3	1072/1072	5/4	0	match	1104/1104	6219/6219
words/done-014/rtf/exhibit-06---technical-architecture-template.rtf	rtf	8/10	1057/1140	11/14	0	pages,words	1065/1145	6601/7118
words/done-010/odt/5709.16 ch.40_mgfinal.odt	odt	33/32	9883/9821	4/4	0	pages	10098/10034	59252/58978
words/done-015/odt/2013_11.odt	odt	8/8	2599/2607	9/9	0	words	2621/2629	13192/13594
words/done-010/odt/PM-apeech-Handover-of-New-Airbus-Aircraft-for-Fiji-Airways-Dec.-15th.odt	odt	5/5	582/582	4/4	0	match	584/584	2742/2742
words/done-015/odt/JEMIT_Template.odt	odt	6/4	1651/1627	9/10	0	pages,words	1722/1697	8860/8677
words/done-010/odt/te.iors.00048-002 SUP Questionnaire.odt	odt	4/4	620/620	2/2	0	match	640/640	3627/3627
words/done-015/odt/Sample_SQMS_Program.odt	odt	61/61	15802/15967	7/9	0	match	16088/16252	85960/86734
words/done-010/rtf/361400CSLegislation1RF01PUBLIC1.rtf	rtf	35/35	12614/12618	4/4	0	match	12641/12645	68170/68170
words/done-010/rtf/FG-AI4NDM-TR-skeleton_template.rtf	rtf	5/5	402/433	7/7	0	match	407/438	2028/2029
words/done-015/rtf/03_Technical_Report_(progress)_template.rtf	rtf	10/11	1389/1340	8/9	0	pages,words	1410/1360	7367/6978
words/done-010/rtf/f111.rtf	rtf	11/11	3347/3347	5/6	0	match	3392/3392	18181/18181
words/done-015/rtf/DOA_Template_Form_Type_Certification_Programme.rtf	rtf	24/19	5119/5335	4/5	0	pages,words	5196/5414	27371/28467
words/done-011/odt/AAC-AD-No-2021-01-Boeing-737-8-and-737-9-MAX.odt	odt	20/20	7453/7453	7/7	0	match	7512/7512	38770/38764
words/done-015/rtf/SFSP_2013-02_Bulletin.rtf	rtf	4/4	942/942	5/6	0	match	965/965	5136/5136
words/done-011/odt/eTAR_External_Web_tool_Tip_Sheet_mh.odt	odt	4/4	930/928	4/3	0	match	936/934	4604/4579
words/done-015/rtf/system_design__technical_architecture_template.rtf	rtf	10/11	1645/1675	5/6	0	pages	1707/1738	9609/9652
words/done-011/odt/part-145-approval list (1).odt	odt	8/8	1585/1592	5/5	0	match	1611/1618	8387/8415
words/done-011/rtf/135.rtf	rtf	14/14	5259/5261	5/7	0	match	5316/5316	26650/26620
words/done-011/rtf/b053-19.rtf	rtf	2/2	491/491	2/2	0	match	493/493	2916/2916
words/done-011/rtf/monthly-content-feeder.rtf	rtf	18/18	5890/5890	7/9	0	match	6021/6021	34555/34555
words/done-011/rtf/tibs_guidelines_2.rtf	rtf	13/13	3143/3143	7/9	0	match	3168/3168	16450/16450
words/done-012/odt/AirbusCallouts.odt	odt	24/24	8456/8458	6/5	0	match	9159/9161	43584/43584
words/done-012/odt/RMI_Document_Repository_Public-Reprts_GettingOffOil.odt	odt	6/6	2723/2729	5/5	0	match	2725/2731	14611/14617
words/done-012/odt/slcc-architecture-uu-architecture.odt	odt	4/4	1205/1205	7/7	0	match	1236/1236	6328/6328
words/done-012/rtf/20110608_psp.rtf	rtf	3/3	671/671	4/4	0	match	679/679	4704/4704
words/done-012/rtf/Leadership Information Article.rtf	rtf	4/4	1452/1452	3/4	0	match	1460/1460	8107/8107
words/done-012/rtf/bulletin.rtf	rtf	15/15	3254/3257	4/8	0	match	3293/3297	17038/17038
words/done-016/odt/AC-150-5370-10G-updated-201604.odt	odt	695/696	280704/280560	12/12	0	pages	285331/285185	1433112/1432447
words/done-013/odt/1228841571067_2009_TPPT_13__2007_TPPT_102__R-108535759.odt	odt	12/12	2785/2797	5/5	0	match	2785/2798	14381/14396
words/done-013/odt/Reid.odt	odt	4/4	1553/1553	5/6	0	match	1570/1570	8425/8425
words/done-016/odt/HC-Bulletin-template.odt	odt	5/5	462/462	7/7	0	match	524/524	2967/2967
words/done-013/odt/easa-regulations-update-20.odt	odt	22/22	2738/2738	5/5	0	match	2844/2844	14942/14939
words/done-016/odt/TE.CAO.00125 Foreign Part 145 approvals - OJT Logbook.odt	odt	15/15	2794/2793	6/6	0	match	3176/3177	15283/15282
words/done-013/odt/omrIMInterpretiveGuideLine.odt	odt	2/2	382/382	4/4	0	match	383/383	2370/2370
words/done-013/rtf/Form-SM-76A-_-CAR-OPS-2A-Instruments-and-Equipment-Compliance-Statement-_-11.rtf	rtf	3/3	597/597	8/8	0	match	609/609	3322/3322
words/done-016/rtf/120509coss.rtf	rtf	25/25	7179/7179	6/7	0	match	7228/7228	38126/38126
words/done-013/rtf/Sol PJ14-03-04 Solution Contextual.rtf	rtf	5/6	2068/2082	4/6	0	pages	2106/2121	11366/11414
words/done-016/rtf/Allegiant_Company_Profile_with_History.rtf	rtf	3/3	1153/1154	3/4	0	match	1156/1157	6588/6588
words/done-013/rtf/hdss-bulletin-issue-285-25-june-2025.rtf	rtf	10/10	3518/3528	5/10	0	match	3581/3591	19647/19647
words/done-016/rtf/PES-Technical-Report-Template_Jan_2019.rtf	rtf	13/17	2648/2675	8/9	0	pages	2720/2752	13373/13464
words/done-014/odt/1_tpr_template__from_fy14_.odt	odt	8/8	3555/3565	10/10	0	match	3571/3581	19087/19095
words/done-014/odt/644730BRI0mna000BOX361539B00public0.odt	odt	4/5	2331/2328	7/7	0	pages	2341/2339	12871/12838
words/done-016/rtf/dragon1-enterprise-architecture-document-example-v0.1d.rtf	rtf	13/13	1607/1619	8/10	0	match	1626/1638	9975/9975
words/done-014/odt/Regulations Governing the Status, Basic Rights and Duties of Officials other than Secretariat Officials, and Experts on Mission.odt	odt	18/18	6390/6395	4/5	0	match	6445/6453	33607/33604
words/drawingset-001/rtf/WordArt_Shapes_Arrows_Catalog1.rtf	rtf	26/26	1816/1713	4/6	0	words	2284/2141	10532/9957
words/done-014/rtf/1603642410-MoM-CASCOM-06-2020-draft04.rtf	rtf	9/9	4469/4469	6/8	0	match	4604/4604	24054/24054
words/extra-001/odt/ABCD-WB-08-00 Weight and Balance Report - v1 08.03.16.odt	odt	12/12	2722/2711	7/8	0	words	2764/2772	13338/13015
words/done-014/rtf/300502-Mecenat-Airbus-Simusante_CHU-Amiens-Picardie.rtf	rtf	1/1	332/332	4/4	0	match	338/337	1887/1887
words/done-014/rtf/PK_FlugzeugeStricken.rtf	rtf	7/7	1408/1408	7/7	0	match	1452/1452	10066/10066
words/done-014/rtf/fleetfastfacts16nov2023.rtf	rtf	2/2	137/137	4/5	0	match	146/146	733/733
words/done-015/odt/Agile_Arc_SysDes.odt	odt	19/20	5717/5737	11/11	0	pages	5802/5822	33850/33905
words/done-015/odt/PI-doc.-no.-2E-Technical-Review-Report.odt	odt	12/12	1790/1794	8/9	0	match	1938/1942	9878/9882
words/done-015/odt/airbus-pdf-information-package_v1-4.odt	odt	9/9	1270/1299	6/7	0	match	1313/1342	6328/6448
words/extra-001/odt/info-bulletin-601.odt	odt	7/6	1306/1302	5/5	0	pages	1324/1320	6921/6913
words/done-015/rtf/2013_11.rtf	rtf	8/9	2607/2633	7/9	0	pages	2629/2655	13594/13826
words/extra-001/rtf/ABCD-WB-08-00 Weight and Balance Report - v1 08.03.16.rtf	rtf	12/12	2730/2652	7/7	0	match	2791/2693	13135/12934
words/done-015/rtf/JEMIT_Template.rtf	rtf	5/4	1643/1625	9/10	0	pages	1711/1693	8773/8679
words/done-015/rtf/Sample_SQMS_Program.rtf	rtf	60/77	15407/16072	6/9	0	pages,words	15681/16352	85167/87329
words/done-016/odt/120509coss.odt	odt	25/25	7179/7179	7/7	0	match	7228/7228	38126/38126
words/done-016/odt/Allegiant_Company_Profile_with_History.odt	odt	3/3	1153/1153	3/3	0	match	1156/1156	6588/6588
words/extra-001/rtf/info-bulletin-601.rtf	rtf	6/6	1302/1302	4/5	0	match	1320/1320	6913/6913
words/done-016/odt/PES-Technical-Report-Template_Jan_2019.odt	odt	14/14	2640/2659	8/8	0	match	2715/2734	13393/13421
words/done-016/odt/dragon1-enterprise-architecture-document-example-v0.1d.odt	odt	13/13	1608/1631	7/9	0	match	1628/1653	10030/10179
words/metrics-001/odt/AWR OPS-AOC 044 Statement of Compliance RVSM  Rev 04 01 Feb 2024.odt	odt	10/15	2036/2125	6/6	0	pages,words	2176/2259	10703/11071
words/done-016/rtf/150_5335_5a.rtf	rtf	64/65	19014/18946	8/8	0	pages	19202/19151	95214/95111
words/done-016/rtf/Annex-10-to-the-Aircraft-Maintenance-Specialist-Certification-Rule-GCAA.rtf	rtf	148/148	35041/35041	4/4	0	match	35311/35311	189432/189432
words/metrics-001/odt/SPA-02_mcar_part-2_and_IS_v2.9.odt	odt	265/266	94844/94826	3/4	0	pages	94857/94848	478206/479178
words/done-016/rtf/SPA-06_mcar_part-6_and_IS_v2.9.rtf	rtf	88/88	27321/27381	2/4	0	match	27337/27398	142129/142393
words/done-016/rtf/t_TEMPforInvProgs.rtf	rtf	25/25	4885/4946	4/8	0	match	4932/4996	27424/27421
words/extra-001/odt/762.odt	odt	23/23	4099/4122	8/8	0	match	4123/4146	22567/22603
words/metrics-001/rtf/02_mcar_part-2_and_IS_v2.10.rtf	rtf	317/318	80551/80717	3/4	0	pages	81160/81327	414358/421108
words/extra-001/odt/UG.CAO.00006 Foreign Part 145 approvals - User Guide for Applicants & Approval Holders.odt	odt	29/29	7520/7399	9/9	0	match	7673/7552	41448/40732
words/metrics-001/rtf/FRE-03_mcar_part-3_and_IS_v2.9.rtf	rtf	73/70	24521/24489	2/5	0	pages	25608/25582	123736/124466
words/metrics-001/rtf/review-welsh-government-communications-mister-peter-mandelson.rtf	rtf	14/14	3017/3017	5/6	0	match	3046/3046	14961/14961
words/missing-001/odt/May 25 bulletin focus on carers in the workplace.odt	odt	4/4	454/521	3/3	0	words	468/538	2384/2721
words/extra-001/rtf/762.rtf	rtf	21/24	4159/4162	8/8	0	pages	4184/4187	22599/22605
words/missing-001/rtf/May 25 bulletin focus on carers in the workplace.rtf	rtf	5/4	435/521	3/4	0	pages,words	448/538	2281/2721
words/extra-001/rtf/UG.CAO.00006 Foreign Part 145 approvals - User Guide for Applicants & Approval Holders.rtf	rtf	29/29	6658/6489	7/10	0	words	6782/6609	36073/35164
words/missing-002/rtf/CRIF - SpÃ©cification technique - Socle applicatif.rtf	rtf	26/28	6212/6117	6/11	0	pages,words	6552/6405	36864/35523
words/pagination-001/odt/A_320.odt	odt	134/118	18701/18592	4/4	0	pages	19113/19004	89754/88958
words/metrics-001/odt/02_mcar_part-2_and_IS_v2.10.odt	odt	312/312	80531/80500	3/4	0	match	81133/81108	413555/414481
words/metrics-001/odt/FRE-03_mcar_part-3_and_IS_v2.9.odt	odt	75/76	24712/24690	2/4	0	pages	25808/25784	124877/124685
words/metrics-001/odt/review-welsh-government-communications-mister-peter-mandelson.odt	odt	14/14	3017/3017	6/6	0	match	3053/3052	14961/14961
words/pagination-001/odt/FAA 2025-26 Holdover Tables.odt	odt	168/167	74958/74831	10/10	0	pages	79574/79447	335768/335613
words/metrics-001/rtf/A320SimNotes.rtf	rtf	41/42	13918/13919	5/10	0	pages	15002/14999	67510/67512
words/pagination-001/odt/template---tpr-technical-progress-report-with-guidance.odt	odt	7/7	1840/1842	8/8	0	match	1885/1887	9713/9713
words/pagination-001/rtf/A_320.rtf	rtf	123/134	18572/18534	3/5	0	pages	18984/18946	88854/88733
words/metrics-001/rtf/OM template for non-complex NCC operators_August 2016.rtf	rtf	164/171	51492/51439	6/11	0	pages	52516/52469	269919/270393
words/metrics-001/rtf/手机免提系统TSB.rtf	rtf	2/3	78/96	8/6	0	pages	81/100	1172/1189
words/missing-001/odt/xx_SETIS_PWS_template_10.19.22.odt	odt	15/15	4379/4923	6/6	0	words	4436/4980	23697/25219
words/missing-001/rtf/xx_SETIS_PWS_template_10.19.22.rtf	rtf	15/15	4369/4959	4/6	0	words	4425/5015	23630/25238
words/pagination-001/odt/1447.odt	odt	3/4	959/959	5/5	0	pages	962/962	5153/5153
words/pagination-001/odt/ESPN-R - MCF - Manual - Ed1.0 - For Publication.odt	odt	34/35	9409/9397	6/7	0	pages	9519/9507	49374/49328
words/pagination-001/rtf/FAA 2025-26 Holdover Tables.rtf	rtf	166/233	74930/78431	8/13	0	pages,words	79546/83050	335535/358857
words/pagination-001/odt/FO.FCTOA.00010 Application for a Part-ORA ATO Approval.odt	odt	15/16	4447/4513	7/7	0	pages	4509/4578	22879/23316
words/pagination-001/rtf/1447.rtf	rtf	4/4	959/959	5/5	0	match	962/962	5153/5153
words/pagination-001/rtf/template---tpr-technical-progress-report-with-guidance.rtf	rtf	7/8	1770/1771	7/8	0	pages	1815/1816	9364/9364
words/pagination-001/rtf/ESPN-R - MCF - Manual - Ed1.0 - For Publication.rtf	rtf	33/42	9077/9574	7/8	0	pages,words	9184/9707	47962/49405
words/pagination-002/odt/docs-quality-MA.IMS.00001-Integrated-Management-System-manual.odt	odt	46/44	12252/12213	6/6	0	pages	12605/12567	74072/73616
words/pagination-001/rtf/FO.FCTOA.00010 Application for a Part-ORA ATO Approval.rtf	rtf	15/16	4400/4510	6/7	0	pages,words	4456/4575	22598/23291
words/pagination-002/rtf/docs-quality-MA.IMS.00001-Integrated-Management-System-manual.rtf	rtf	41/-	10576/-	5/-	0	ref-failed	10851/-	62710/-
words/pagination-002/odt/150_5300_13_chg12.odt	odt	35/32	12749/12698	10/9	0	pages	12817/12766	62229/61982
words/pagination-002/rtf/150_5300_13_chg12.rtf	rtf	34/33	12681/12630	9/7	0	pages	12749/12699	62062/61683
words/pagination-003/rtf/150-5370-10H.rtf	rtf	651/746	291590/292703	13/17	0	pages	297638/298784	1501960/1504839
words/table-001/odt/A1. EASA Form 2.odt	odt	9/7	2400/2212	4/5	0	pages,words	2437/2247	12128/11534
words/pagination-003/odt/150-5370-10H.odt	odt	722/726	292824/292661	15/14	0	pages	298895/298730	1509252/1508501
words/pagination-003/rtf/EHEST-SMS-Safety-Management-Manual-V2.rtf	rtf	81/81	19217/19190	9/15	0	match	19665/19637	105165/105000
words/table-001/odt/B11. TE.CAO.00129  Experience  logbook.odt	odt	7/6	1290/1247	7/6	0	pages,words	1327/1276	6800/6645
words/table-001/rtf/150_5300_13_chg10.rtf	rtf	57/77	18614/23368	7/8	0	pages,words	18771/23571	90076/116045
words/table-001/rtf/A1. EASA Form 2.rtf	rtf	7/8	1949/1980	7/6	0	pages	1977/2008	10077/10146
words/table-001/rtf/approvals-and-standardisation-organisation-approvals-docs-part-145-annex-B-B11.-TE.CAO.00129-Foreign-Part-145-approvals---Experience--logbook.rtf	rtf	6/8	959/1163	6/8	0	pages,words	977/1187	5004/6130
